,gene_name,baseMean,log2FoldChange,lfcSE,stat,pvalue,padj
2,Gm19938,473.3260457273413,-0.8212138210938458,0.0544941041355635,-15.06977376948768,2.5598808829856332e-51,4.887248567866021e-50
3,Mrpl15,13.133859526842414,-0.9083812845115992,0.2033317751327091,-4.467483175803306,7.914523358868446e-06,2.292681538841997e-05
7,Rb1cc1,705.1571650215614,-1.3428823824010503,0.0348508928676347,-38.5322231915658,0.0,0.0
9,St18,46.8927700284053,-3.80178670649066,0.1822270375232326,-20.86291232170176,1.1636537366901744e-96,4.710642719268002e-95
14,Rrs1,396.0470996639054,-0.5312477302136364,0.0353541085749668,-15.026477872780994,4.925053435889999e-51,9.32135654619527e-50
17,Mybl1,61.148276841827794,-1.223706078225418,0.0938362642906853,-13.040865250503035,7.16393939441631e-39,9.89596936252389e-38
27,Cpa6,88.00367778645413,-2.7397422653462224,0.1065199287174198,-25.720466567475043,6.900811491474908e-146,5.113618278089542e-144
37,Lactb2,21.237630086075125,-2.274386073506361,0.1841814964265917,-12.348613284358082,4.955828777363554e-35,6.086203206357713e-34
48,Stau2,38.99228446028549,-2.0058652163091124,0.1391089805511929,-14.419379743574083,3.908390813626706e-47,6.661787382914604e-46
64,Efhc1,32.404175215167264,-5.763352753765546,0.3962739682679778,-14.543859085561012,6.388712281560675e-48,1.1094915628593155e-46
66,Tmem14a,27.93061922346377,-1.8095692861332613,0.2387768780595422,-7.578494621585683,3.4958739228721274e-14,1.8992184890707602e-13
69,Kcnq5,84.74056833254689,-1.9295905557215547,0.097543212858832,-19.78190485189497,4.262794897024629e-87,1.5090639101045895e-85
70,Rims1,287.6489457767225,-0.8036693876571539,0.042126232380863,-19.077646925345302,3.8730750805751324e-81,1.2519840482273182e-79
72,Ogfrl1,36.261493595372734,-1.5221672808467046,0.1307904377843405,-11.638215351466258,2.6347091147232907e-31,2.8996723095205105e-30
77,Lmbrd1,13.80082577354352,-0.958567609193988,0.1966322230480502,-4.874926369315097,1.088490467878949e-06,3.450732290738733e-06
85,Rab23,52.11558916430197,-0.7227031510110178,0.0990123087953517,-7.299124319025532,2.8964660439999e-13,1.4981779999251774e-12
86,Bag2,433.86345417589087,-0.5947624820697517,0.035065237671566,-16.961598482249475,1.5798738343424203e-64,3.880454159407338e-63
99,Uggt1,35.64601647467136,-4.54575436809458,0.255656158140534,-17.780734879054947,9.96650418432781e-71,2.7534632729150827e-69
100,Arid5a,13.636123070518131,-1.0141641118436375,0.1956546271029499,-5.183440467830093,2.1782977915365914e-07,7.412740178710237e-07
105,Ankrd23,12.537551379420576,-0.6218348300558134,0.2011354830706764,-3.0916217296045594,0.0019906634335505,0.0041661946057841
111,Actr1b,24.56023663832148,-2.1342852243995374,0.1650465956765441,-12.931410161178228,2.992787810664835e-38,4.063499474604552e-37
115,Vwa3b,19.11571636390281,-0.8787523542865898,0.1572606193622191,-5.5878729070916044,2.2986776906495237e-08,8.525827243707076e-08
119,Coa5,13.75880319571572,-2.0188827927051123,0.2163703923181434,-9.330679540186892,1.0519427858415391e-20,7.831577453723641e-20
122,2010300C02Rik,11.513602165476806,-0.8062505718406011,0.2217728510038451,-3.63547913187364,0.0002774644551767,0.0006614365310975
127,Eif5b,230.89734207270487,-0.9650558378435472,0.0513055741066074,-18.809960801496256,6.258403472870893e-79,1.947454803088366e-77
128,Rev1,10.27565676601572,-1.1052373195255192,0.2371446035282055,-4.660604977224643,3.1528130596419863e-06,9.527629996028868e-06
138,Gm15832,18.26897105881445,-2.8864546543880967,0.2236442596394514,-12.906455363716915,4.139205430875465e-38,5.598331366987636e-37
165,Stat4,14.837438341110053,-3.1015201002916584,0.2638588576609667,-11.75446648934111,6.6982481276051e-32,7.470597146400384e-31
166,Stat1,102.31209447760504,-1.156032977415977,0.083510228382212,-13.843010608533016,1.4020897569324329e-43,2.1951428531096137e-42
170,Mfsd6,43.83846124929713,-0.8378985032020209,0.1098397926499696,-7.6283693094012115,2.3774168603225135e-14,1.3004775118335977e-13
178,Asnsd1,161.8322287981891,-0.6029182027376329,0.0564551430204718,-10.67959747297073,1.2682035778809283e-26,1.2073132373424974e-25
186,Sf3b1,10.887830022534663,-1.8071805264756329,0.2355772758628153,-7.671285440655217,1.7028113118626596e-14,9.367336968183136e-14
204,Sgo2a,20.67717523974808,-1.6593733034307112,0.2016336013828985,-8.229646705955481,1.877664054206102e-16,1.144530811431032e-15
221,Als2,153.2614450618092,-1.1986714232151945,0.0603169454218073,-19.872880080923665,6.987642484358627e-88,2.493875342172728e-86
228,Ica1l,191.74352114565056,-5.205216113146137,0.1376925393455802,-37.803181914468894,0.0,0.0
250,Klf7,67.14840478082625,-0.7149685886834882,0.0838780553640777,-8.523905157077426,1.5426195901228502e-17,9.921784256001615e-17
252,Creb1,28.414102441137832,-1.0453402341832578,0.168827421832438,-6.191768036479064,5.9493062335012e-10,2.4795392614744762e-09
253,Mettl21a,50.42843331252083,-1.267951155414541,0.1131487167144424,-11.206058647704474,3.807740130306397e-29,3.9332403661428396e-28
285,Catip,620.1735935482432,-2.2482235724555912,0.0362494293814499,-62.02093690352216,0.0,0.0
290,Cnot9,32.15964661253232,-5.018974184174132,0.3108165964445281,-16.147703313101157,1.178692819645642e-58,2.592827676724904e-57
291,Plcd4,54.26117696535581,-0.6899987200840767,0.101039264507728,-6.829015664809215,8.549923936963739e-12,4.077476678746166e-11
304,Abcb6,96.65859236276516,-1.012649297018673,0.1428106985486859,-7.090850386628758,1.3329038482317333e-12,6.642867625499159e-12
307,Glb1l,63.81057481713494,-1.3341139819148091,0.0922161176619859,-14.467253835223737,1.9510769097577139e-47,3.351712475230148e-46
325,Farsb,16.723686169054087,-1.0255476197883016,0.1792305430483084,-5.7219467304291065,1.0531033024626316e-08,4.015846173891519e-08
350,Fbxo36,71.84889654259146,-0.5896945339020558,0.0954762675506894,-6.176346740712086,6.56018290158147e-10,2.7237530527743766e-09
409,Gm29481,230.31038534021536,-0.9203878800446412,0.0652225153127464,-14.111505446107344,3.226165264898418e-45,5.238549503485935e-44
413,Rnpepl1,36.92169547058665,-1.0437328671785382,0.1229174473558736,-8.491332106472212,2.0428188504742916e-17,1.3076433403036022e-16
416,Gpr35,309.97221881386173,-0.5377515863881482,0.0415702100807907,-12.935984334528012,2.8198813283914023e-38,3.834687766011574e-37
424,Hdlbp,18.40306090986813,-0.7629852709554151,0.1675119987352947,-4.554809665671157,5.243303192035298e-06,1.546288131910848e-05
428,Bok,15.194857229885963,-1.4805141768433905,0.2025256700692533,-7.310254430152637,2.666370227475138e-13,1.381614297424747e-12
443,B230216N24Rik,18.743704990906718,-0.9805756546868344,0.1691009977710947,-5.798757355732461,6.68081156031363e-09,2.5911295756656637e-08
462,Tsn,39.663176684322906,-1.1575007003544109,0.1187370970993758,-9.748433544620443,1.8733653380199689e-22,1.5007518566785714e-21
465,2900060B14Rik,25.89146200019256,-0.6415256567215553,0.1372439052693495,-4.674347144687568,2.9489017008948163e-06,8.940775475944615e-06
467,Gli2,259.65655093659115,-0.5946531554707835,0.0440128384285161,-13.510902198152811,1.34858565715193e-41,1.9986496586671993e-40
473,Ptpn4,16.46906466100333,-1.691343654417832,0.1883906577330007,-8.977853120587925,2.76101339118314e-19,1.9275290293417465e-18
494,Rab3gap1,77.69045771454924,-1.285798314041619,0.0838598456704207,-15.33270546543766,4.623225529846648e-53,9.198062351076015e-52
515,Dyrk3,50.059153927858176,-0.7051615358210956,0.1012799498882214,-6.9624988618117785,3.342892990495398e-12,1.6334314785633843e-11
523,Slc41a1,25.347840554971768,-4.263844810209443,0.2807496314020029,-15.187356752408633,4.28867652393628e-52,8.324125976758899e-51
535,6030442K20Rik,283.6906429471263,-0.6197696706529574,0.0478399748629799,-12.955058451181465,2.199684813272136e-38,3.005319376133056e-37
562,Lgr6,83.4351028449726,-0.7002190856205168,0.0786980916405811,-8.89753577276637,5.710028613743929e-19,3.936026030632788e-18
576,Lad1,603.6704469089284,-0.8959657193901038,0.0424039706962982,-21.12928824064864,4.279492498271654e-99,1.7734541424117223e-97
588,Platr23,12.052755370464816,-0.8634694313974489,0.1970118907949481,-4.382829015615895,1.1714805438035928e-05,3.331133976184531e-05
593,Gm4258,13.096650547558207,-3.952327728925641,0.365235957548164,-10.821299620819628,2.7288013196934885e-27,2.6645046051814475e-26
597,Gm28501,38.19691366985873,-0.6900652941188374,0.1122092403530119,-6.149808090206135,7.757675538976004e-10,3.200430050144194e-09
615,A230059L01Rik,19.798067655973902,-1.4280745068621976,0.217872743685775,-6.554626717887324,5.578123105689863e-11,2.5122383948571806e-10
617,Ptgs2os,88.21305770224733,-1.5970894837278582,0.1125443532925238,-14.190756239690892,1.045254204495928e-45,1.722846892386879e-44
621,Prg4,22.07899844538313,-5.09712013608712,0.3929568843323129,-12.971194396422954,1.782312039844562e-38,2.436987721094738e-37
636,Ncf2,12.799492206041222,-1.4997069825774556,0.2061628997746578,-7.27437858226034,3.480187297124553e-13,1.7953249395903889e-12
638,Gm28791,10.95842937210748,-1.9457791181606896,0.2409938317926279,-8.073978921730278,6.804362772378263e-16,4.016020795253157e-15
643,E330020D12Rik,38.18130523137521,-3.778954689949108,0.2006865994358967,-18.830129667706988,4.277122370087298e-79,1.3356842144301191e-77
674,Cacybp,302.73277623752443,-2.1504813532623595,0.0625516478906426,-34.379291765773914,5.1428010767284273e-259,1.0337621290784683e-256
692,Eef1aknmt,39.06550735554377,-0.9002117608534036,0.1156076176483878,-7.786785846511711,6.873530852980779e-15,3.861365485285186e-14
708,Gpr161,2293.9787409869305,-0.5049879423893633,0.0175079358814718,-28.84337398812253,6.135493051044796e-183,6.425000148303676e-181
720,Mael,19.41658789856528,-2.30611213093783,0.1997534560657627,-11.544792147068598,7.843084133099102e-31,8.556447618193208e-30
724,Fam78b,42.05652325239172,-1.5052031372112018,0.1135983078508614,-13.25022498739437,4.498526311288031e-40,6.406370369039501e-39
735,Uap1,94.73570863791888,-0.5912700702730646,0.0702546188986819,-8.416102450513149,3.892169535242321e-17,2.4617092525250525e-16
747,Tomm40l,362.1850739470409,-0.9990960342169012,0.0516226124082623,-19.3538449064812,1.891881431778023e-83,6.338165225849436e-82
760,Arhgap30,54.73802860028653,-0.813113474751003,0.0977328054594173,-8.319759889514689,8.814168666053524e-17,5.475743574847035e-16
776,Kcnj9,39.062412772343485,-0.5084452771168092,0.1601921140211935,-3.173971953760105,0.0015036821967813,0.003213146903386
777,Pigm,34.284855705804624,-3.5613054107608564,0.2070931050324933,-17.19663921308283,2.8138602543780424e-66,7.162851255977176e-65
785,Spta1,45.40063067244318,-0.7359665638546891,0.1017566770413776,-7.232612003981035,4.737915940740302e-13,2.425546661934028e-12
786,Fmn2,38.3264683356573,-1.1830409838380058,0.1166789733881087,-10.139281735903367,3.6980861408078056e-24,3.2015906153686584e-23
799,Zbtb18,11.505803961692196,-0.7602370692965182,0.2043285098941426,-3.7206607618798655,0.0001987022057363,0.0004832296167316
807,Hnrnpu,117.422737727953,-2.494365307874975,0.0862723622064936,-28.91268123509463,8.271572732998218e-184,8.874433371452322e-182
808,Efcab2,236.5805712461944,-0.5021900682976249,0.0459798256628324,-10.92196547199107,9.051552308085166e-28,8.958321831567254e-27
823,Acbd3,11.516375323632436,-0.895874808371448,0.2107049070203674,-4.25179850360509,2.1206061687539835e-05,5.84662788572752e-05
842,Capn2,23.45086787408924,-1.4274055146956868,0.150805669716899,-9.46519794232732,2.9300557833080484e-21,2.2336885587833982e-20
854,Gm38251,27.160355201131114,-1.2937254733768369,0.1409674733756435,-9.177475075611074,4.413175703325883e-20,3.2117193799318785e-19
882,Nsl1,11.111424270464893,-1.064096432177458,0.2129889983849945,-4.996015945640625,5.852682332482613e-07,1.904926644899608e-06
883,Batf3,109.79455518354293,-0.8583925982826737,0.0717218264794173,-11.968359430012772,5.2047578215428386e-33,6.019894496239494e-32
896,Traf5,76.35611753535626,-0.613496303475709,0.0820655126954037,-7.475689645086071,7.68000145194982e-14,4.1047636122157227e-13
912,Gm32250,164.65656452008412,-1.3747283098377043,0.0585740408149514,-23.469924401848573,8.276227413392969e-122,4.683969741275606e-120
918,Acbd7,266.6941790136356,-5.024678204595393,0.1138525535467107,-44.133206046484496,0.0,0.0
923,Gm45902,15.943752967201853,-2.309945003873583,0.2104759676233283,-10.974863448579091,5.048207188743785e-28,5.0447455609572175e-27
924,Cdnf,43.13369816696122,-1.3039496467417684,0.108145621273185,-12.057350370644045,1.773986352660627e-33,2.087716913548388e-32
928,Bend7,535.0148948103707,-0.8201917367864573,0.0470918741248405,-17.416842120407633,6.147790484710605e-68,1.6167302255130686e-66
930,Phyh,49.46453555460148,-0.988167348717689,0.1020419633084617,-9.683931165951469,3.5288014606874743e-22,2.7936478019240627e-21
934,4930551O13Rik,29.99959422329783,-0.8143399864784989,0.1250207096103368,-6.513640732136496,7.335081722775552e-11,3.2706759094313836e-10
964,St8sia6,83.25430382351568,-0.5787755734280027,0.0788273953221435,-7.342315080470729,2.0993046430217017e-13,1.0945927130937245e-12
987,Gm13362,116.7405409687818,-0.7100286585071783,0.0704374803351049,-10.080267708742992,6.754184761992287e-24,5.767440581919977e-23
989,Enkur,11.40982557319249,-3.2457233997609847,0.3099173864244759,-10.472866453886212,1.1510378373011405e-25,1.051140976434587e-24
998,Yme1l1,22.36588082808401,-3.03962438643696,0.2146929960379346,-14.158004418084886,1.666599089604123e-45,2.739237300657604e-44
1004,Arrdc1,473.2093800519092,-0.5024882162647061,0.0341690139706406,-14.705961860546042,5.9026206100808136e-49,1.0576334961997264e-47
1010,Nrarp,11.564496165074717,-1.7911957307025037,0.2296601437084358,-7.79933209907118,6.223568323810596e-15,3.5052419596392816e-14
1017,Tprn,186.07243804968743,-0.6831295367114397,0.0570284427801893,-11.97875136349938,4.59187565618263e-33,5.325114156188451e-32
1019,Anapc2,25.011209745747397,-0.7296534823826237,0.1380082727361232,-5.287027131900618,1.2432020616627468e-07,4.32143066077482e-07
1023,Uap1l1,51.75427747670352,-0.5849720350186766,0.1010372549375608,-5.789666745995606,7.052621191086096e-09,2.728677862604284e-08
1039,Qsox2,81.18301768124242,-0.7512589247462268,0.0745062110393902,-10.08317178213569,6.5574484919244426e-24,5.60218169158645e-23
1046,Sec16a,67.74023808908515,-2.1973657081446585,0.1082765525340844,-20.294012477474727,1.4524350316914574e-91,5.486000828125314e-90
1047,0610009E02Rik,21.078057875513103,-3.248584195692964,0.2295287536625649,-14.153277721660858,1.7825147555346717e-45,2.9215199667094976e-44
1049,Egfl7,1205.5375937120716,-2.8439194816263265,0.0338387475828548,-84.04328424575796,0.0,0.0
1052,Abo,217.0861604284628,-2.4650320649257287,0.1609032725150359,-15.31996227544333,5.6250145599991405e-53,1.1165749673696364e-51
1054,Med22,1755.0659618196485,-0.62205111774918,0.0233299884007134,-26.66315589467492,1.259679887677438e-156,1.0391170696086339e-154
1083,Cercam,18.0498158275474,-1.0907537359114865,0.1660670619035919,-6.568152187486216,5.0943461554153226e-11,2.30325557305851e-10
1090,Endog,140.07147852286965,-1.491715551905213,0.0684129854776355,-21.80456738571744,2.0998210774542043e-105,9.488803876619929e-104
1105,Prrx2,62.53523317731602,-1.4586511676082965,0.1062950606620363,-13.72266179184052,7.428723762356973e-43,1.1336258390584532e-41
1147,Fam129b,24.711022707269063,-1.0516821735491526,0.1740300825038593,-6.043105642530684,1.5117559604359655e-09,6.135434726410807e-09
1152,Ralgps1,98.84777647044616,-0.9061719166824396,0.0743357877666307,-12.190251074317922,3.503403380468458e-34,4.219526054933361e-33
1160,Mapkap1,18.38370855450958,-3.532323639221202,0.2781176481808412,-12.700825216688044,5.850947303821884e-37,7.607536538976736e-36
1162,Hspa5,12.551342645894904,-4.465443153747476,0.4223823084601951,-10.572041168169086,4.016559375303234e-26,3.7402337782376446e-25
1164,Fbxw2,10.107026639041214,-1.231216419887458,0.2244416550963957,-5.485685887312948,4.118681920128517e-08,1.4971421621119832e-07
1173,Dab2ip,58.350472247123946,-0.95822935252688,0.0981930748218747,-9.75862456965665,1.6943751659382176e-22,1.3598546535992452e-21
1175,Ndufa8,14.584128903518032,-0.7535244379247518,0.1817850985700744,-4.145138649163169,3.396081588147412e-05,9.135621414170426e-05
1182,Zbtb6,28.057872650960903,-1.124084244585446,0.1335152863663689,-8.419142670307682,3.792493312526462e-17,2.4004025714608313e-16
1195,Golga1,94.0510681937427,-1.6153217349679776,0.0909166283828085,-17.767065977926425,1.2717052720214508e-70,3.502296346001753e-69
1209,Gm13483,256.7669680048036,-0.6606064107434914,0.043708604017339,-15.113875759597146,1.3119099988900637e-51,2.518406373280948e-50
1226,Kcnj3,43.40589250141477,-1.5758016346524564,0.1145957843211405,-13.750956407231063,5.026067418536092e-43,7.710163773277121e-42
1236,Wdsub1,133.27435370128833,-0.5709580310864595,0.0668838139296464,-8.536565090128335,1.3827080278342216e-17,8.912936966739722e-17
1239,March7,17.799559683026047,-2.3690898070195856,0.2024397432070117,-11.702691227962047,1.2347439917289854e-31,1.3701270892992702e-30
1243,Gm13580,69.52058373257539,-1.0260051226033815,0.0854437044133952,-12.007966293682044,3.226830099489685e-33,3.7645633608989737e-32
1245,Itgb6,81.09816973533815,-1.3423821566853096,0.0889467235493748,-15.091979818010332,1.82871631589837e-51,3.5028029498828804e-50
1251,Gm13565,10.77492111959844,-1.453017066518934,0.2478967309085673,-5.861380507897282,4.5903474312467724e-09,1.8035496714815447e-08
1260,Gm13619,46.7121049298074,-6.297319497795815,0.3914603560538675,-16.086736243935928,3.1606567913091426e-58,6.90057003326021e-57
1274,Lrp2,73.20307225135623,-0.5292629488313527,0.0782748867460737,-6.761593287874036,1.3648239135611263e-11,6.424775397135123e-11
1276,Klhl41,107.94960984479542,-0.6306965606580922,0.0703104359322057,-8.970169965468825,2.960572349892187e-19,2.0635507873620792e-18
1279,Ccdc173,36.601974030737,-0.6734385915600564,0.131826159535652,-5.108535315996417,3.246657273878644e-07,1.0831274781684418e-06
1293,Dcaf17,306.48317571386406,-0.5361845862802042,0.0427996639460494,-12.527775614221762,5.2617813880975255e-36,6.629541276300397e-35
1301,Gm13647,80.90512385334425,-2.0813908244587696,0.1151042260962865,-18.082662079823653,4.364910466739297e-73,1.261711640369204e-71
1320,Chn1,261.9086104952343,-0.9391656751146836,0.0475524443691895,-19.750103019376905,8.005437147159673e-87,2.822562194143717e-85
1328,Gm13657,15.473467798053868,-2.546732452417708,0.2272665711048697,-11.205926327117176,3.813434711254997e-29,3.934474703860022e-28
1336,Fkbp7,12.51133054399694,-0.6540615267182508,0.1945705127218164,-3.3615655197115246,0.0007750196714593,0.0017349646715926
1339,Ccdc141,11.850896463013518,-0.8101337894885219,0.1977321813876355,-4.09712664778795,4.183100690085286e-05,0.0001113286636253
1350,Nckap1,82.7163732011466,-0.5468170912937943,0.0759489310846089,-7.199799700730839,6.030107518817308e-13,3.062867275314467e-12
1361,Ctnnd1,33.44052426164428,-0.5454958364925497,0.122015969126885,-4.470692159362239,7.796685536281592e-06,2.2596691524443565e-05
1382,Fnbp4,203.4914390905625,-1.0135266503773197,0.0504759816417002,-20.07938463825744,1.1177072316451764e-89,4.080681433613954e-88
1383,Agbl2,130.17204650666017,-2.8897883009734384,0.1307693285829494,-22.0983645957958,3.2772307967760257e-108,1.536520433619816e-106
1416,Tspan18,20.189316735657307,-1.3773465558850346,0.1688797936667007,-8.155780664934671,3.4693156104486024e-16,2.0849275393651257e-15
1419,Accs,96.08638912516771,-0.5888272935110846,0.0714359842601329,-8.24272668193218,1.683297971913593e-16,1.027487432210294e-15
1434,Gm13919,129.54250414628208,-1.4850754930408658,0.0658323933240024,-22.55843085837512,1.1099037159986106e-112,5.5457131958239156e-111
1439,Pdhx,43.57872932848309,-1.3133679708016217,0.1124361510516387,-11.681011476446118,1.5938750054590847e-31,1.7619270603962372e-30
1442,Abtb2,182.5826420824001,-1.2359576510718124,0.0545190514362519,-22.670197270709917,8.819803145522135e-114,4.496813918626563e-112
1447,Fbxo3,108.02934655939622,-0.5554752387216059,0.0715006169573815,-7.768817422270645,7.922226189721733e-15,4.4334045313873185e-14
1462,Rcn1,103.89703530033428,-0.7481941924891935,0.0694323215235577,-10.77587751743744,4.474945245984642e-27,4.342832545048802e-26
1463,Pax6,731.5107413376849,-1.4844207199523376,0.0350011801263548,-42.41059057419072,0.0,0.0
1466,Gm14015,347.68160637054785,-0.6016391537036418,0.0377907471503198,-15.920276762735298,4.583450009994528e-57,9.798945449240134e-56
1471,Bdnf,12.829230984548444,-2.9569880165543485,0.2737689019879951,-10.801036915010943,3.4033812317094796e-27,3.315784455717849e-26
1475,Ccdc34,61.23548123261289,-1.2946052365588157,0.0942007940841732,-13.743039526843264,5.60714204807012e-43,8.586488628428218e-42
1484,Emc4,11.263170168705392,-3.048894572897171,0.2976047365830559,-10.244778385932312,1.249108058375039e-24,1.0999195229034585e-23
1486,Emc7,26.039523232026134,-2.699598197214572,0.2968718978341322,-9.093478422544685,9.592009748005187e-20,6.843943960551395e-19
1491,Scg5,16.926097402178772,-1.9569343800896488,0.1988571887703522,-9.840903374881712,7.503402665423204e-23,6.083426324196615e-22
1503,Gm13986,257.854828845927,-0.6487564842248252,0.0464991344690085,-13.952012045669752,3.0585352130469445e-44,4.8580984383074455e-43
1507,Eif2ak4,198.8944332840039,-6.022757686496563,0.1745521701897279,-34.50405503380554,6.973351606280661e-261,1.4517853915551928e-258
1527,Chac1,20.13212962148289,-1.7071241424396963,0.1876517286605052,-9.09730037994045,9.260496170353984e-20,6.615504780520854e-19
1533,Ndufaf1,25.18444387056665,-1.8575756558160648,0.1856659809259638,-10.004932764483076,1.4499014694990888e-23,1.2155262175743081e-22
1536,Rpap1,900.3424692405055,-0.5611887013250746,0.0456719198229651,-12.28739022796437,1.0586894809747502e-34,1.2884037330053189e-33
1550,Stard9,134.29121840807903,-0.5696955054954306,0.067512228122984,-8.438404735474604,3.2169799891162155e-17,2.0420524881910847e-16
1553,AV039307,42.88310062650313,-0.6037718478377886,0.1043286924819908,-5.78720803907335,7.1565924515025884e-09,2.7670680696855466e-08
1563,Serf2,12.019432317663794,-1.015982979700264,0.2105205173114341,-4.826052076421923,1.3926610720965485e-06,4.369367927668539e-06
1570,Eif3j1,22.47312598950524,-0.7332774980805916,0.1568159395064317,-4.67603931327731,2.9246856245300123e-06,8.87504810025696e-06
1581,AA467197,171.76850679754787,-1.700967124566142,0.0628254494147774,-27.07449195207905,1.966784109235404e-161,1.7027287377380566e-159
1583,Bloc1s6,482.5314110244811,-0.7028082406484936,0.0327958726520937,-21.42977709738196,7.051692782508312e-102,3.0078049605001307e-100
1589,Dut,14.132475925662549,-0.7661889647218388,0.191801067893433,-3.994706458816708,6.477445554045956e-05,0.000168442480073
1592,Shc4,20.13775845272265,-0.7046042279588993,0.1548564249765033,-4.550048395252635,5.363357874368788e-06,1.580094381855818e-05
1597,Fam227b,59.565478320647145,-0.9687924984888924,0.099597988365622,-9.727028772232588,2.312488956930828e-22,1.843245527748693e-21
1606,Sppl2a,25.091843345375707,-1.473402471575506,0.1482866254883413,-9.936179117457549,2.8972764841461066e-23,2.3922365984299865e-22
1634,Zc3h6,31.713950189604866,-0.954925988841965,0.1236759675146868,-7.721192791384994,1.1524608244248607e-14,6.383983179455803e-14
1635,Gm14022,80.58150848002428,-1.6318955402430226,0.1188462716290131,-13.731146277243738,6.6079710826452e-43,1.0101415934728956e-41
1637,Polr1b,109.82373361344524,-0.8538000732040921,0.067524802713426,-12.644243876248016,1.2037701415312198e-36,1.5422367937800713e-35
1665,A730017L22Rik,37.8223408184743,-1.2417769314739528,0.1180874177604545,-10.515742955722438,7.310234556775629e-26,6.710833697054708e-25
1668,Adam33,22.126098136725407,-0.6482942278534757,0.1572076733952993,-4.123807787825579,3.726599124919285e-05,9.96647277819062e-05
1670,1700037H04Rik,77.75591466440845,-0.7589000836313621,0.0823099840880629,-9.22002466698839,2.9703187886237873e-20,2.1761598230185503e-19
1678,Smox,89.40566801101296,-0.5003910095823322,0.0706654176332088,-7.081130011565598,1.4298367639256977e-12,7.107727495034849e-12
1696,Tmx4,171.34282223335364,-0.508067209455562,0.0541937757224031,-9.375010371265423,6.916896919569022e-21,5.1915319025503463e-20
1703,Pak7,71.51367183685086,-1.114224446563439,0.0832784837058669,-13.379499685642603,7.968191697507251e-41,1.1525867361952588e-39
1707,Jag1,33.51704447290808,-0.5795254809897834,0.1160862434833323,-4.992197728174327,5.969609468755325e-07,1.9415385975375323e-06
1725,Gm5535,62.12777520254176,-1.5974035655357015,0.0957027957114867,-16.691294686430705,1.5164623484328705e-62,3.5597172549522205e-61
1727,Mgme1,129.0480737789994,-0.7223142779492826,0.0621584294481348,-11.62053617445375,3.2409584384217835e-31,3.560168415271366e-30
1736,Slc24a3,206.41920055797536,-0.5065090353250112,0.0478205500650676,-10.591869701118515,3.250338890614696e-26,3.0445595350331983e-25
1737,Rin2,19.859799803059826,-3.943651207311755,0.3158288308326544,-12.486672597035144,8.826864850814638e-36,1.1065534947028414e-34
1748,Napb,21.37292805875812,-0.6620649785798137,0.1528597258200159,-4.331193026993645,1.483035978551245e-05,4.1649804388797454e-05
1749,Cst3,19.091594362773943,-1.085525500608419,0.1675449167664724,-6.479011846843713,9.232525554793708e-11,4.087554605119807e-10
1751,Syndig1,27.573672818218725,-1.9186165832612967,0.1622267196178596,-11.826760645723342,2.838873265416494e-32,3.209192997130165e-31
1768,Nanp,23.791325087089017,-0.6534677924459176,0.1511093535906614,-4.3244695111070985,1.5289934748746917e-05,4.288538554708678e-05
1783,Sox12,75.14827892292466,-0.7418704000751565,0.0850684309905482,-8.720866147837896,2.760816516546368e-18,1.847022159195213e-17
1794,Tspyl3,25.27063083380565,-0.9612784302921868,0.1445860804015371,-6.648485301092425,2.961245466087613e-11,1.3617212913736568e-10
1796,Pofut1,47.86460779614777,-0.8031560143472395,0.1055130358290921,-7.611912670659721,2.7006902655616763e-14,1.4745448443378893e-13
1817,Gm45609,130.68638883157735,-0.5038470481435029,0.0664145966142018,-7.586390248973706,3.2894072193707135e-14,1.7887174580956166e-13
1818,Itch,37.67744683508102,-0.5618083487197087,0.1096529700792017,-5.1235123710184745,2.998959599488536e-07,1.004708917161983e-06
1842,Scand1,159.00816133802644,-0.5336038283817667,0.0559360722588978,-9.539529803093846,1.4348136222318518e-21,1.1073265942449524e-20
1852,5430405H02Rik,813.0656766781366,-0.7638519850043294,0.0322450051064356,-23.689001830918457,4.681278695707762e-124,2.7198073697852937e-122
1865,Nnat,163.00217768045994,-6.520221875632915,0.2259731141740758,-28.85397185175815,4.517639654909129e-183,4.759306161750051e-181
1868,Tti1,27.84636793055068,-0.8578899034601756,0.1746818166674785,-4.911157439433098,9.054035275636812e-07,2.8957016989820145e-06
1871,Tgm2,152.65686141855886,-0.6878804045325941,0.0607776659282782,-11.317979952444036,1.0690696952563364e-29,1.1262584837736635e-28
1877,Fam83d,108.8300387746361,-0.5233191653927053,0.066309294265004,-7.892093728237682,2.97158411249394e-15,1.693289767327925e-14
1880,Gm14221,15.843784992328764,-0.8571324247688626,0.1729335474296085,-4.956426543656909,7.180149525938943e-07,2.3171517791035287e-06
1882,Plcg1,404.7921953181946,-0.5180272229346278,0.0351938279594536,-14.719263375710089,4.849135594201742e-49,8.72445301146091e-48
1897,Tox2,144.66558212861557,-0.7484474458554408,0.0623543864532625,-12.003124213505586,3.4213321175312445e-33,3.986159631671313e-32
1898,Jph2,10.994678979289189,-1.437100450004671,0.2372432197128685,-6.057498510364044,1.3825462197119092e-09,5.622783323330668e-09
1900,Gdap1l1,18.18759959829473,-1.4560881697801114,0.1843133740741992,-7.900067898458264,2.787515410762589e-15,1.5930741667783057e-14
1906,Pkig,14.963637244074596,-3.5032376178125126,0.4284689853706011,-8.176175493267998,2.9299516560747167e-16,1.7680812478065785e-15
1923,Dnttip1,45.10256157133884,-0.7300494144836011,0.1055019245759865,-6.919773429894084,4.523665543105517e-12,2.1968859488428012e-11
1926,Tnnc2,130.35475270305304,-0.7680410055723528,0.0639229625531991,-12.015103413474606,2.9599911400191417e-33,3.4648142608202643e-32
1927,Snx21,94.5877391039284,-1.636189162772362,0.0879835620611233,-18.596532402674026,3.4277566113715152e-77,1.0443311431997396e-75
1929,Zswim3,13.123056142878298,-2.995578808231542,0.2911610872473076,-10.288389964992623,7.949444041454425e-25,7.038981134023037e-24
1933,Pltp,26.95656541837928,-0.8567941004944599,0.1388068285602026,-6.172564486788597,6.71911081904818e-10,2.7877534994902627e-09
1935,Zfp335,19.202262054347138,-0.5386757453403644,0.1567204233157351,-3.437176431403117,0.0005878125753998,0.001338672524885
1937,Mmp9,12.92646319680292,-1.6667602885023294,0.2260042113489878,-7.374908098188384,1.6445845844779865e-13,8.644573253186362e-13
1939,Cd40,47.56208560232207,-6.815772325250511,0.4669249399394133,-14.597147726002609,2.928430986942121e-48,5.141807339321668e-47
1941,Zfp334,13.50839884496334,-1.600669155680812,0.218217516832519,-7.335200120113721,2.213904258187455e-13,1.15365785659065e-12
1942,Trp53rka,174.95882964545217,-0.8179999758860047,0.0560180922763255,-14.60242472826424,2.710316847614241e-48,4.763620204128427e-47
1943,Eya2,149.0257274975697,-0.5009594042374595,0.0579785097229479,-8.640432578058826,5.600058021140468e-18,3.6900457676603046e-17
1947,Platr29,87.75123721642933,-2.639862096370021,0.0984619237957256,-26.810994490081452,2.405462459730797e-158,2.0127620811374252e-156
1950,Trp53rkb,928.8726441604372,-0.5623754981929608,0.028250545423146,-19.90671294198093,3.5591508257042704e-88,1.283349064740542e-86
1951,Arfgef2,61.754589988698704,-0.80571674814381,0.0894874511832095,-9.003684175720334,2.1826739898596993e-19,1.5311112208049106e-18
1953,Stau1,833.404885065137,-0.9801494802500532,0.0289150362832528,-33.89757047677444,7.234044037950046e-252,1.4214490127603414e-249
1957,Kcnb1,50.88439293595467,-0.824263488672372,0.101273336450154,-8.138998057776716,3.9856236911250883e-16,2.3837410092474533e-15
1958,Ptgis,386.3324928423913,-0.6637964706074381,0.0364912264800871,-18.19057715063821,6.129135320281214e-74,1.8075264499338601e-72
1961,Spata2,44.62516124585429,-0.5557189140952641,0.109361147088161,-5.081502241808724,3.744615931527239e-07,1.2421442225066077e-06
1965,Ube2v1,343.1605584314552,-0.6479265466948326,0.0404261442731041,-16.027413901204113,8.223447424114294e-58,1.7864801062473386e-56
1969,Ripor3,116.9065871651664,-0.5783290907240186,0.0639194813834704,-9.047775079000791,1.459109461622921e-19,1.031819905574672e-18
1973,Mocs3,22.77947067340249,-2.8808176922619992,0.2338062480916913,-12.321388824186744,6.948717767629276e-35,8.509746240917421e-34
1990,Gm14455,154.2520077482254,-0.59442362610376,0.0594833263199991,-9.993113413092818,1.6336831665142602e-23,1.3676328968885296e-22
1991,Rtf2,84.35469848083629,-0.8202153572672505,0.0749114081569443,-10.949138154616524,6.708283496386449e-28,6.684584717082976e-27
1996,Rae1,22.339639267945746,-2.678263988267801,0.2026368920890559,-13.217060134788998,6.994470643757223e-40,9.872421518807611e-39
2000,Rab22a,736.9319846156574,-0.5491666691597952,0.0365237309797502,-15.035886379304136,4.272903782413855e-51,8.104614028942896e-50
2002,Stx16,138.44872188507748,-4.500751956556715,0.1367782407037031,-32.90546751735534,1.8356876538900126e-237,3.2102505691228534e-235
2005,Gnas,17.895693728406044,-0.5416288897082756,0.1708454426504759,-3.17028585196953,0.0015228904039238,0.0032490310337708
2006,Gm20721,108.5721149637136,-5.699857121692377,0.2166476691730574,-26.30933969171553,1.4994550632994965e-152,1.1758955222861702e-150
2017,Gm6710,11.915674819180916,-1.5630465603531325,0.2309336315210937,-6.768379945605116,1.3023238732416115e-11,6.1371705457422e-11
2022,Gm14408,17.131194196760106,-0.6846473522200675,0.170820421023215,-4.00799475916888,6.123647890615615e-05,0.000159788651613
2023,Gm14296,146.9559798045262,-0.7009807495254361,0.0593945904700332,-11.802097530735669,3.8070191524294455e-32,4.281488806282066e-31
2029,Gm14418,16.474914994226733,-0.6548734503923322,0.1764767586707001,-3.7108198004378856,0.0002065891289486,0.0005012251230653
2045,4921531C22Rik,275.04221000998496,-0.7557623847301205,0.0459674198455685,-16.441261816938347,9.688061289926451e-61,2.2205087265823568e-59
2056,Slco4a1,40.52798804253734,-1.2823956269466192,0.1192714124617873,-10.75191112838945,5.8046276817393486e-27,5.586754479816055e-26
2057,Mrgbp,18.840617957822705,-0.6786310967330917,0.1599259972259855,-4.243407003891575,2.201516279287828e-05,6.057287081841652e-05
2067,Col20a1,2032.0531874863489,-0.5100890457888643,0.0200248659430251,-25.47278205208325,3.948826445731344e-143,2.901557852224779e-141
2075,Tpd52l2,12.412806633306795,-0.5390303254348633,0.1912580189690242,-2.818341047034287,0.0048272505692724,0.0094512939941152
2078,Prpf6,245.05982368355367,-3.536543219040765,0.1068695741814186,-33.09214288659214,3.855356892187441e-240,7.023175138601455e-238
2079,Samd10,58.58961261415451,-0.9050539760697832,0.0928093065552698,-9.751758844688757,1.8129951114916144e-22,1.4537211604660869e-21
2080,Sox18,41.43160636321015,-0.8912780519133711,0.1095319414932299,-8.137151955518473,4.046846726887368e-16,2.4195301046087617e-15
2086,Pex2,32.721956516584946,-0.8984775636891859,0.1191187374935288,-7.542705560810668,4.603196979865659e-14,2.4891994058098533e-13
2092,Stmn2,31.75588932282852,-1.0078503073782852,0.1396371508404618,-7.21763729288471,5.289857941329715e-13,2.700205361295215e-12
2108,E2f5,13.44107937662014,-4.688881009166378,0.4400228210103809,-10.655995064982683,1.63486836136291e-26,1.5479468274777784e-25
2109,Rbis,43.69481070587572,-0.5299989010850352,0.1072018594467755,-4.943933844246177,7.656169390990716e-07,2.462591324437109e-06
2114,Ythdf3,208.15732459828507,-0.7176399924928549,0.0487218765583221,-14.72931757121075,4.17904559524898e-49,7.538194616734848e-48
2115,Bhlhe22,12.84417168000166,-1.4047475579052546,0.2044735849121242,-6.870068613062988,6.417103202195445e-12,3.086421914191253e-11
2120,Gm16093,35.80893939544995,-0.7524077301113083,0.1248662386950364,-6.025709895442038,1.683689527250323e-09,6.817402744281929e-09
2127,Naaladl2,71.64339956428715,-0.5541467432686179,0.0840933054726869,-6.58966537411949,4.408189753335342e-11,1.9997515539903618e-10
2138,Mecom,13.193014617324062,-3.417445675692558,0.3025034253343672,-11.297213153587071,1.3544836090077593e-29,1.4175469392176955e-28
2157,Mrpl47,224.68010432566936,-0.6322579106124957,0.0493762882402413,-12.804889414453992,1.5394496754315953e-37,2.05041096145832e-36
2166,Dnajc19,221.52343715623977,-4.006707894208199,0.097063900617263,-41.279073566260514,0.0,0.0
2168,Sox2,448.9764143520815,-0.577724990765521,0.0369394432547797,-15.63978608937932,3.900360365314649e-55,8.0721304223222e-54
2178,Exosc9,159.4322414507901,-0.8993945312441207,0.0603813613733011,-14.895234403274085,3.539411668251416e-50,6.5499715613101335e-49
2185,Cetn4,26.45692865982866,-0.8480219644868868,0.1337647416287945,-6.339652393903624,2.302841325360144e-10,9.914349851772083e-10
2202,Platr4,22.80563063331486,-1.6644388182398704,0.1748030906792245,-9.521792845723924,1.702166835459921e-21,1.308461257957059e-20
2207,D3Ertd751e,111.7565201761427,-2.5217965516120544,0.0888787202447329,-28.373457051003165,4.299699675137511e-177,4.2007345206036195e-175
2231,Supt20,76.32493873510406,-1.630391571903625,0.0916246532612646,-17.794245477302034,7.831510680641709e-71,2.167048398466174e-69
2248,Siah2,51.28498352429432,-0.5528112533232483,0.0988220140552237,-5.594009175064232,2.2188522118531356e-08,8.241989694326175e-08
2260,Dhx36,10.457266604411526,-4.744715241542862,0.514757116439588,-9.217386394501071,3.044298684217306e-20,2.229426105091803e-19
2266,Vmn2r1,360.945775075302,-1.4336939159808204,0.0471869221198768,-30.383289512686765,9.132766062354015e-203,1.1327220772939508e-200
2275,Ccnl1,313.72079661375375,-0.5204824482710306,0.045080114789143,-11.545721449590928,7.758769699229193e-31,8.475038382268589e-30
2286,1110032F04Rik,153.25148717427604,-0.6503650383494786,0.0551189607684886,-11.79929790550932,3.9358150571694037e-32,4.420650849054499e-31
2291,Ppm1l,60.382417562878,-1.166645762955079,0.0917780861316565,-12.711593934106602,5.098450508731597e-37,6.653858395275984e-36
2296,Bche,99.36740414274416,-1.332311442300254,0.1334146799663128,-9.986243212790848,1.7509224418528158e-23,1.4615814636335104e-22
2299,Serpini1,26.986399778055127,-0.6138089575675879,0.1467506663438502,-4.182665556893468,2.8811106871679216e-05,7.810395860671619e-05
2313,Glrb,94.3189992664817,-1.4922216010059468,0.0950240138120532,-15.70362628500826,1.4283830594146575e-55,2.9879859979717137e-54
2323,Tmem131l,51.44039142923359,-0.9235204178040186,0.0983940814705822,-9.385934641608822,6.2360871944315386e-21,4.690610445428763e-20
2328,Arfip1,155.63409790333543,-1.1957517203002517,0.0594570332784322,-20.111190457496395,5.88933139114717e-90,2.1728402398392768e-88
2329,Gm37240,80.76713041024242,-0.5139315615394277,0.0882091000431422,-5.82628732509535,5.667400919984787e-09,2.2137928811412545e-08
2338,Mab21l2,158.71723903843088,-0.5682614360332963,0.0606473245850152,-9.369934121936556,7.257781348356323e-21,5.44271356003668e-20
2356,Mef2d,75.94755305928703,-0.87469710195579,0.0918428030451299,-9.52385024143894,1.6687891589251973e-21,1.2839324598013132e-20
2362,Smg5,130.5388512938061,-2.600917618827298,0.1328728756922865,-19.5744812872917,2.552218333069384e-85,8.786061852109723e-84
2371,Lamtor2,24.988282325929717,-1.6542180830316624,0.1532022238268436,-10.79761142959216,3.53274192686046e-27,3.4398992659763765e-26
2377,Syt11,18.13085512595205,-2.7234474836348,0.2210835716938018,-12.318633459598448,7.190236515760784e-35,8.793206726407315e-34
2378,1500004A13Rik,254.0833251127542,-1.44387492889122,0.0535794588383764,-26.94829250229456,5.973284189664336e-160,5.095648483358532e-158
2423,Nup210l,52.65438546032636,-1.8797744429921248,0.1088519424916197,-17.269094147188454,8.039440990129995e-67,2.073654041819961e-65
2440,S100a13,903.7392939830934,-0.5792813588201857,0.026862464805042,-21.564713551954284,3.852956062394497e-103,1.6678340499790832e-101
2456,Tchh,24.642434485561974,-3.6302285858084873,0.2363076339002864,-15.362299244806948,2.9299630653420473e-53,5.8492230692581865e-52
2482,Sema6c,669.1591145464708,-0.706435360604294,0.0358233974193029,-19.719943151557185,1.4539180868635424e-86,5.105646486560167e-85
2483,Gm16740,153.21793117146677,-0.5074807623864466,0.0552427483298825,-9.186377899883276,4.0629187060181995e-20,2.9629825826040983e-19
2485,Cdc42se1,81.48265487604286,-0.6512307166992866,0.0825514139835884,-7.888789364998085,3.0513202419015173e-15,1.73776353209863e-14
2526,Hist2h2aa1,763.5798348813747,-1.525740030402294,0.0378770661945696,-40.28136769000966,0.0,0.0
2530,Hist2h3b,62.69433643609441,-0.6502139915672106,0.0877702410801813,-7.408137240653315,1.2808571877118344e-13,6.765216097464379e-13
2543,Pias3,100.20885088640452,-2.2975960481927,0.0925327848499368,-24.830075652848645,4.245169447723578e-136,2.801491445350564e-134
2546,Rnf115,14.586148603884688,-1.0749493191822244,0.191026935825535,-5.627213327464855,1.8314417708081823e-08,6.853921842559059e-08
2555,Sec22b,55.0758361643392,-0.9871782215002092,0.098451811595512,-10.027019366144504,1.159644519337556e-23,9.764017021750208e-23
2564,Tbx15,59.94967752821875,-0.7525525876776439,0.1120665843977267,-6.715227306355822,1.8777327575782088e-11,8.747413549421343e-11
2607,Magi3,158.021564669154,-0.9118000911154944,0.0612896645312536,-14.876898055960751,4.655910572220077e-50,8.607036372831364e-49
2618,A530041M06Rik,53.72704050186724,-1.305303080901006,0.0975046890114933,-13.38708008952414,7.19543345660309e-41,1.0425330595615148e-39
2619,4930509H03Rik,33.400453974809004,-1.4247305221288624,0.1496012242048963,-9.523521814083068,1.6740735564799e-21,1.2874317658628186e-20
2621,Mov10,17.288393116670463,-0.5556381977737127,0.1672139217356286,-3.3229182833962665,0.0008908100589798,0.0019714611884889
2622,St7l,165.1672702299732,-0.5722468867196746,0.0569586379084636,-10.046709467303517,9.498625392350865e-24,8.032493271829395e-23
2623,Wnt2b,254.9362811746793,-2.4911604596740187,0.0776097852785087,-32.09853565158434,4.621251394603203e-226,7.215753963287572e-224
2625,Kcnd3,54.21032867110429,-1.729241020969131,0.129942610368831,-13.307728820137042,2.0873078422771223e-40,2.999411630710133e-39
2626,Ddx20,66.06072640157761,-1.5341479408605072,0.1101819799104952,-13.923764504020983,4.543299537434115e-44,7.177346188857073e-43
2644,Slc16a4,18.8302043957912,-2.6741161341645467,0.2111038039856968,-12.667304348270909,8.97457273276049e-37,1.1565757402396126e-35
2646,Kcnc4,25.485082820036936,-1.5509180071075968,0.1488852558451888,-10.4168676629756,2.076806226341732e-25,1.880848642478726e-24
2652,Gstm5,318.9654619112451,-0.8528824902740583,0.0487254161130893,-17.503852369255497,1.3389857716335492e-68,3.558690452025457e-67
2653,Gstm7,26.78420528199472,-1.6691331482599412,0.1490487716387334,-11.198570306272703,4.14366573218064e-29,4.265122208615364e-28
2658,Gstm4,1756.4257027069518,-0.5038213682756784,0.0209539200038997,-24.044253685320548,9.58706278520452e-128,5.90347021083298e-126
2667,1700010K24Rik,12.785962348273577,-0.7903551992235266,0.2176094574835015,-3.631989199198518,0.0002812448958083,0.0006698094427203
2669,Sort1,124.81865186685418,-0.8589795304938029,0.0785167500538816,-10.940080045395831,7.413442655333793e-28,7.370453960004398e-27
2691,A930005H10Rik,27.69808921204552,-0.9667797576273466,0.1311139930881931,-7.373581834068978,1.6610364753175145e-13,8.723184949054863e-13
2708,Ptbp2,29.151330851715045,-1.5998696304632438,0.1410708981118116,-11.34089065765499,8.230252431218792e-30,8.712509353338632e-29
2712,Tmem56,64.78373741220577,-0.6308119896763721,0.0838881265714624,-7.519681455026857,5.4909861057758574e-14,2.95374853945888e-13
2713,Alg14,68.34235018541949,-0.8619758798643246,0.087723298608402,-9.826076920707196,8.69397679727943e-23,7.03890121438994e-22
2714,Cnn3,294.8735416277547,-0.697349864346932,0.0547525552963643,-12.736389389907384,3.711789640903882e-37,4.876917899333366e-36
2715,Slc44a3,69.11226920826893,-0.5010647914091829,0.0840510580503299,-5.96143347903062,2.500347029001228e-09,1.0010546896330922e-08
2728,Pde5a,178.36751207246428,-0.71536411359413,0.0547363283485616,-13.069274742702545,4.933362504160998e-39,6.830929807820075e-38
2733,Sec24d,14.90278792605038,-1.2019479797012824,0.1837278736852087,-6.54200125213797,6.07009945993611e-11,2.7239902323675307e-10
2741,Camk2d,371.4895486077325,-0.8232732484322064,0.042721562569149,-19.27067267494392,9.469720402532679e-83,3.1305570963987047e-81
2766,Lef1,48.66461564004002,-0.9623871900748724,0.2635163117282893,-3.6520972222288326,0.0002601073675251,0.0006225205478691
2774,Gstcd,152.9538904736478,-1.322071321999453,0.0732676718243552,-18.04440197265799,8.730438927941053e-73,2.519437557290975e-71
2799,Dapp1,202.10325520688187,-0.5812209649001104,0.0529151540235283,-10.984017256033596,4.561762462083949e-28,4.563850225224491e-27
2815,Gtf2b,693.0807087506488,-0.7835957712149647,0.0390167968053298,-20.08354953187551,1.0278157450201945e-89,3.760343462115724e-88
2817,Lmo4,137.61915851736856,-1.3396223380533805,0.0623389292848634,-21.48933825815093,1.9588311634430927e-102,8.416717293929434e-101
2826,Gm35066,48.97121273215624,-0.904926535770418,0.1072369063271352,-8.438573684789668,3.212334258191983e-17,2.0398439182012128e-16
2829,Znhit6,13.010448068305983,-2.6790704735653508,0.2621146707075503,-10.220986358121383,1.5970743063888439e-24,1.396481773506405e-23
2838,Ssx2ip,204.0864423268399,-0.6458697843637623,0.0504196302302362,-12.809887367568193,1.4434392755610857e-37,1.925466518002461e-36
2841,Gng5,99.86095077468862,-1.086181568552674,0.0758726751554702,-14.3158464668207,1.742297366303941e-46,2.924116731470568e-45
2845,Gm43573,18.723157959260117,-0.7624489086857338,0.1666636910077492,-4.574775129936868,4.767317481023368e-06,1.411629666578677e-05
2853,Pigk,39.40709835527115,-0.8629965427203953,0.111994150905688,-7.705728698699074,1.3009875855099162e-14,7.195341839151619e-14
2855,St6galnac3,44.37501328423486,-5.497092615728278,0.3137615026348956,-17.51997160124802,1.0087574274738255e-68,2.6851065284113032e-67
2872,Lrrc7,75.08577420629005,-0.6488865393007094,0.0780629894013957,-8.31234550811485,9.382876392739385e-17,5.81665162553089e-16
2873,Depdc1a,204.82562105050684,-1.1806613346949786,0.0633985097924392,-18.62285625577561,2.0972367978167263e-77,6.400781347333141e-76
2878,Lyn,502.6091443133377,-0.7569136062860111,0.0320898438970274,-23.587325906441237,5.200238355383482e-123,2.9816973232441413e-121
2887,Tox,130.67832790288296,-0.5658308967452294,0.0606630772152549,-9.327434787679046,1.0846414276461714e-20,8.068145166599849e-20
2890,Chd7,108.85626008134516,-0.6442721683341175,0.0785920756083282,-8.197673408511498,2.450841183857832e-16,1.485626018138848e-15
2894,2610301B20Rik,37.79414819373063,-0.9006794154343679,0.2251509909253258,-4.000335116149187,6.325284641931186e-05,0.0001648041981795
2895,Plekhf2,565.444059803871,-1.1370877346803934,0.0351282506072593,-32.36960893365443,7.350855261873359e-230,1.2127524228268047e-227
2904,Fsbp,76.15497383466827,-0.5412835656583905,0.0820576773900654,-6.596379313606101,4.2132016584917365e-11,1.9147731445868887e-10
2906,1700123M08Rik,41.47878121247769,-1.145368943746735,0.110958093108133,-10.32253629873152,5.573116630206691e-25,4.9751232072003385e-24
2910,Runx1t1,56.515707858450526,-1.042909770306913,0.1011206816315373,-10.313516023428903,6.121972792875138e-25,5.44562869795526e-24
2923,Gm11867,46.38846461566927,-0.9781543538864672,0.1051260063448915,-9.304589681428524,1.3451068823523908e-20,9.967469982448565e-20
2937,Faxc,10.72721417832286,-1.9432600767666943,0.2417470724142052,-8.038401695459404,9.101783559754622e-16,5.335970194200095e-15
2955,Srsf12,46.40596807382722,-1.0346171725834263,0.1027596315351375,-10.06832310633238,7.626729312962794e-24,6.487171314450066e-23
2969,Smim27,43.73179180270929,-3.671412487990581,0.1812689032931664,-20.25395653248258,3.278222391082096e-91,1.2355507149837005e-89
2975,Bag1,270.7688175829092,-0.5581045357598492,0.0443482124309625,-12.5846004870807,2.5663787629953247e-36,3.266436084953584e-35
2987,Fam219a,36.54916859945255,-1.3959531689310418,0.1458711603716846,-9.569768043073806,1.0714578945440114e-21,8.309381667310721e-21
2992,Rpp25l,21.60774536349851,-0.5351695193064528,0.1463211362909255,-3.657499749334864,0.0002546875085508,0.0006107192032821
2996,Ccl27a,75.28894526493397,-3.0997553422574544,0.219982967296636,-14.09088794623626,4.320941806339554e-45,6.990252572550058e-44
2998,1700022I11Rik,70.83736933257869,-2.556521430889556,0.109678910840505,-23.309143127863894,3.581083043043996e-120,1.98183481825169e-118
3008,Ccdc107,242.25549532024635,-1.854099105790466,0.0968976735085005,-19.13460910522079,1.3005104503073823e-81,4.235256378952608e-80
3009,Arhgef39,93.76740424906586,-0.5336418849981078,0.0717992667375767,-7.432414135210409,1.0663332260719708e-13,5.64920795442188e-13
3022,Glipr2,43.98701039345968,-1.03443153513927,0.1072927976148955,-9.641202001761007,5.355712766515708e-22,4.2085463877377516e-21
3030,Fbxo10,130.96884438554338,-0.930362681861066,0.0610377705648869,-15.242409302483155,1.84923555520515e-52,3.6254967925367337e-51
3033,Trmt10b,32.48752563823934,-2.963057536654809,0.3301486310138833,-8.974919955158644,2.8355789328540447e-19,1.977217080452613e-18
3034,Exosc3,11.99953597821878,-2.8946338355195085,0.3010525068071129,-9.615046445615969,6.907816829341889e-22,5.395439960318488e-21
3035,Dcaf10,51.91543867615605,-3.22396718070684,0.1575102736124088,-20.468297760945863,4.127886809629444e-93,1.6006315859600825e-91
3045,Foxe1,48.62029925406444,-0.7888297810109804,0.0989863772404366,-7.969074159517151,1.598675082836459e-15,9.263628180465208e-15
3046,Trmo,46.46225540665674,-0.7322946274203502,0.0996963164600767,-7.345252597307306,2.05370873564156e-13,1.0711380366507485e-12
3061,Tex10,40.298382739045714,-1.0008270767155942,0.3394629724858245,-2.948265813460369,0.0031956215856723,0.0064629386249841
3063,Tmeff1,125.32195871684888,-1.5644220360942498,0.0722677233911851,-21.647589860082277,6.404290463788599e-104,2.8282381724933084e-102
3065,Acnat1,104.33407716895329,-0.7370739870796003,0.0675366377207608,-10.913690878825356,9.914740000347609e-28,9.795987182264345e-27
3066,Mrpl50,11.306375387652244,-1.5453368950804172,0.2329269171573864,-6.634428145701374,3.2576299135653144e-11,1.492127604201944e-10
3094,Txn1,150.89427850396638,-1.358793422802165,0.0660880942836823,-20.56033598078288,6.220087812478354e-94,2.438943848982544e-92
3099,Dnajc25,117.04053469542004,-0.9031149358003274,0.0728255397960426,-12.401074380356372,2.57843041021934e-35,3.1979851782919012e-34
3106,E130308A19Rik,83.77249357024836,-1.84992166626724,0.0945358698638921,-19.56846294354366,2.8721379514840387e-85,9.867966305609605e-84
3118,Alad,371.4875510141048,-2.975696355880722,0.0608782653340991,-48.87945376810819,0.0,0.0
3127,Tnc,300.31918393412064,-0.7613990338895104,0.0519833897002636,-14.646967777202278,1.4086320806725966e-48,2.4933358124293904e-47
3133,Brinp1,86.24317728868225,-0.5687613426798838,0.0824259117891345,-6.900273595212545,5.190247976389651e-12,2.5129306924446905e-11
3134,Cdk5rap2,314.3954690449519,-0.5479634338915611,0.0515768687515991,-10.62420901374652,2.299532671449793e-26,2.1655480537595037e-25
3138,C630043F03Rik,23.441931689758224,-5.640949735189339,0.4459711981572631,-12.648686189820197,1.1376125878005613e-36,1.4606878807236575e-35
3153,Ccdc171,1074.5100752571375,-5.393325486755024,0.0681936517833627,-79.08838060012556,0.0,0.0
3155,Cntln,71.93201946476512,-0.6928201630034277,0.2026706382019521,-3.4184535517821963,0.0006297806587691,0.0014286683305946
3160,Plin2,131.5971613441197,-3.33082238916269,0.1735333370952589,-19.194135518377525,4.143190647622503e-82,1.36195710612072e-80
3163,Acer2,20.99541280267851,-0.926936149247078,0.1546698197475132,-5.992999479537968,2.060055111417345e-09,8.287610717383607e-09
3165,Mllt3,724.4066025791643,-0.5605689967963029,0.0286703608367105,-19.55221282316514,3.950100455955421e-85,1.3544971916421257e-83
3169,Gm13274,311.7913952548628,-0.5203490588993431,0.0408983227095508,-12.722992641892086,4.406542650009125e-37,5.763770969585608e-36
3176,Tusc1,89.44959893088306,-0.5537153469447759,0.0780563200463861,-7.093792618147031,1.3048562301192926e-12,6.504938925976679e-12
3181,Lrrc19,327.9843854811376,-0.6588437042674902,0.0448663913053129,-14.684570902618422,8.094499082061163e-49,1.4429826702047462e-47
3189,Cyp2j8,113.77650394046334,-0.7198536923363293,0.0632665845009638,-11.378102643194897,5.375654432707576e-30,5.725301140023757e-29
3190,Cyp2j6,24.87640165859273,-2.121196764605476,0.1777018433563736,-11.93683039264542,7.60669764336415e-33,8.751705814944228e-32
3214,Ak4,31.662569116093383,-2.2570563032158013,0.1527966641032385,-14.771633376045433,2.232365217659979e-49,4.0751151280206375e-48
3218,C130073F10Rik,11.428984308170769,-4.206728989159886,0.4100632107911667,-10.258732991539324,1.081159519551982e-24,9.544329973712804e-24
3221,Wdr78,29.196551737062794,-0.5092245013028072,0.1269580943087792,-4.010965224984432,6.047101763162335e-05,0.0001579090871049
3222,Mier1,27.335654295693768,-1.169211994882377,0.1363658167109923,-8.574084202937405,9.98783370492532e-18,6.471553754417711e-17
3223,Oma1,27.60458568879364,-1.26658073611951,0.1410211563147242,-8.981494473728583,2.6711353176863733e-19,1.867018962258165e-18
3225,Fyb2,25.23960542907531,-0.7302944482159177,0.1523840525577583,-4.792459814251974,1.647487788075726e-06,5.118363197347362e-06
3233,Ssbp3,27.17595060500237,-5.730603390941553,0.4264476146522951,-13.438000809581292,3.6208722163228284e-41,5.312232660994433e-40
3238,Tmem59,61.71130466815874,-2.865754035823086,0.1332556100498227,-21.50569146583481,1.3771789664580045e-102,5.93204575502896e-101
3240,Hspb11,25.46145087098116,-2.195164861689255,0.1639120865197937,-13.392330659058326,6.704340322450627e-41,9.729917307802204e-40
3244,Dmrtb1,75.55184374131434,-0.9177340988658026,0.1013253742459388,-9.057297894980003,1.3372201397927396e-19,9.479248400768313e-19
3255,Coa7,43.4909793715394,-2.235203158074107,0.1289106796061504,-17.33916200661674,2.3818410502140342e-67,6.189247590808773e-66
3260,Gm12743,17.09695906622792,-4.002772397368092,0.3155040171340781,-12.686914207076654,6.988534026062343e-37,9.059709640309728e-36
3270,Eps15,49.00600268743829,-1.273470456962548,0.1083722774272734,-11.750887654983067,6.988089206640976e-32,7.783930193996012e-31
3277,Bend5,59.0128484579285,-1.309626282078998,0.1620318438968951,-8.082524092686036,6.3439800042029935e-16,3.750626176927044e-15
3283,Stil,18.92626699438972,-0.7875741094661881,0.1559342844294576,-5.050679601011507,4.402409613706851e-07,1.4488020196557285e-06
3309,Tesk2,34.75925224724348,-0.5242254764334809,0.1162640262392716,-4.508922436202439,6.515772314135097e-06,1.900080477398609e-05
3311,Hpdl,91.345378846423,-0.958380276357107,0.0725234242439408,-13.214768695056176,7.210763601172186e-40,1.0169502730427353e-38
3331,Dph2,1245.0808350257007,-1.6809998051649784,0.0456198927558264,-36.8479560914857,3.1534967153216155e-297,8.231097098140957e-295
3337,Med8,10.253672328925012,-2.070411189533377,0.2585143723386089,-8.008882333325353,1.1575559395382984e-15,6.761302027603795e-15
3341,Tmem125,48.61806466592327,-0.9094077407107128,0.1069157426500498,-8.505835699868182,1.802921366650019e-17,1.1566210146726167e-16
3345,Gm12868,116.70486148604734,-0.958718749188296,0.0677787050917461,-14.14483720057151,2.009812222715535e-45,3.2848220701728295e-44
3347,Svbp,14.317954519131089,-1.398231161832783,0.1956011432298391,-7.148379292394042,8.780841350978999e-13,4.421518961875058e-12
3358,Hivep3,87.23541813542836,-1.6702876131976874,0.0944578113286333,-17.68289556685258,5.6802576300654536e-70,1.54009837883077e-68
3360,Ctps,191.62004260044168,-0.5181693034677393,0.0507655424213526,-10.207106607212982,1.8427809623662162e-24,1.6073093999930365e-23
3371,Mfsd2a,27.162506969585703,-0.756947731765653,0.1335074983078514,-5.669702011944132,1.4304609657109889e-08,5.3995038567566953e-08
3372,4933421A08Rik,84.86717411388773,-0.5528528157367418,0.0765834117898424,-7.218962994935008,5.238550680276806e-13,2.674796329830096e-12
3375,Ppie,90.80644387890412,-0.6564593730433458,0.0719607548317683,-9.12246368979916,7.343558409144818e-20,5.284944422186197e-19
3377,Bmp8a,1321.3666645518326,-1.0886381166580132,0.0287555471424288,-37.85836907452642,0.0,0.0
3383,Mycbp,26.013061921420285,-2.910403652507943,0.1892739712025416,-15.376671361713685,2.347076298005062e-53,4.701680446679557e-52
3390,Sf3a3,51.52252631539766,-2.6272081528558524,0.2380433401657936,-11.036679921505224,2.5425501285831648e-28,2.568695358097192e-27
3409,Stk40,34.266881383253,-0.6693958728987103,0.1215610132496936,-5.5066657886746215,3.6569356822493234e-08,1.3356827738340885e-07
3425,Ncdn,278.9585082054935,-0.7686332318362122,0.0461796798955504,-16.644403633258445,3.3225966109638523e-62,7.74740927100478e-61
3433,Smim12,16.915332581002723,-3.695514081646208,0.3102150374452034,-11.91274965933586,1.0157158718602083e-32,1.163250764053132e-31
3453,Zbtb8os,33.302897871251425,-1.205571812820771,0.1254266902182585,-9.611764535306808,7.131619520856516e-22,5.565272743451082e-21
3458,Iqcc,119.62448629026068,-0.5322013670396414,0.0667257571408755,-7.975950964723032,1.5121197219763305e-15,8.778223272412631e-15
3459,Ccdc28b,1229.195231218289,-1.067426931098875,0.0407524524254163,-26.1929495667148,3.1973156895849194e-151,2.4632007391833064e-149
3461,Kpna6,161.24987934322482,-0.6163343482410727,0.0546977857284496,-11.267994490689263,1.888217785465421e-29,1.9678875227782643e-28
3467,Pef1,66.56750489351144,-1.7659501793664198,0.1016501933586517,-17.37281672584358,1.3255618025301871e-67,3.4702731740490885e-66
3468,Tinagl1,19.948150077643827,-1.718873585871716,0.1778324997669788,-9.665688713390557,4.217733152089701e-22,3.3225097911596707e-21
3484,Gmeb1,51.13515945883532,-0.5183183422680794,0.094646383192642,-5.476367133999204,4.34146476782204e-08,1.575177092524312e-07
3490,Snhg3,133.09693586841544,-1.8641202735947169,0.09370770570199,-19.89292406243524,4.686132630805077e-88,1.6793255624491634e-86
3497,Dnajc8,40.3225545123261,-0.9115542787782313,0.1144246224217215,-7.966417187890046,1.6334085901493005e-15,9.455494678759011e-15
3515,Kdf1,439.5049766156799,-0.5858146897771433,0.0393201448733969,-14.898589302337264,3.3661163452067577e-50,6.2358731615440445e-49
3517,Gpatch3,36.03178164445141,-0.8214806553944755,0.1214305186436198,-6.765026325922208,1.3328496131691364e-11,6.277639115298104e-11
3534,Zfp593,31.437666023193906,-0.712431863093838,0.1232784390349384,-5.779046755223169,7.51250490029748e-09,2.8976331207852304e-08
3563,Fuca1,13.719990231583369,-0.7560077935972827,0.2019466209890572,-3.743602095913495,0.0001814008444596,0.0004438698709823
3570,Rpl11,35.36276307699355,-0.5424799296914231,0.1159735772380909,-4.677616596905733,2.902285519377236e-06,8.810131776231402e-06
3579,Ephb2,22.737644196419254,-1.2258360928008658,0.1545523946084697,-7.931524425139432,2.1647201122678155e-15,1.2444650007672441e-14
3584,Ldlrad2,23.76731417755892,-0.9050522614138324,0.1455112381911215,-6.219810048108401,4.977571096388375e-10,2.086475631199423e-09
3585,Usp48,15.923520216824365,-0.5753908672277616,0.1723418980047054,-3.338659222681021,0.000841837692341,0.0018711308545578
3602,Pqlc2,71.85513469358153,-1.2838981107540286,0.0906895223409996,-14.157072146950693,1.688851900962745e-45,2.7732058257311254e-44
3605,Ubr4,13.612994312160511,-2.6435928495765486,0.2640047901087371,-10.01342759155134,1.330609087850883e-23,1.1171239427909862e-22
3626,Gm13075,83.3734091711214,-0.9953808117951088,0.0981556975985419,-10.14083579606585,3.639719984747938e-24,3.1526212527623545e-23
3627,Clcnkb,49.44174956355264,-0.5317014314005672,0.0984187970853317,-5.402437818250997,6.57412503089544e-08,2.3424673704217493e-07
3635,Casp9,84.0730557391537,-0.5544053041507477,0.0773516444511911,-7.167337011181155,7.64706244244967e-13,3.859504415398552e-12
3638,Tmem51,63.72808190532785,-0.6612565394524368,0.0846153696369918,-7.814851395075048,5.502791199996364e-15,3.1103042180199234e-14
3639,Kazn,93.00563946112648,-1.2046039421686014,0.1411882208031947,-8.53190114101462,1.4396205526361932e-17,9.276375911754512e-17
3663,4933438K21Rik,26.46598467899335,-0.8558721899896936,0.139448856435757,-6.137534662279481,8.381193642034102e-10,3.451962185866519e-09
3678,Plod1,27.130173408635923,-1.761258480227657,0.2875115153629352,-6.125871090778269,9.018880515362757e-10,3.7058783471020645e-09
3695,Gm13205,43.13024037670391,-0.900166386182205,0.103420461456216,-8.7039486529781,3.2053210875861897e-18,2.1337896908910272e-17
3699,Cenps,11.0402111720603,-0.9491754432344764,0.2094149066307156,-4.532511359892169,5.828654049212603e-06,1.7085400940769358e-05
3703,Ube4bos1,108.6514219569338,-0.6687603346165735,0.070256068788108,-9.518897742962976,1.750256161900066e-21,1.3442459270666822e-20
3727,Thap3,61.80132526776057,-2.2956502768929274,0.1093952311750043,-20.98492093517746,9.007271717966498e-98,3.688973484866466e-96
3728,Phf13,40.593502685253085,-1.1997891756818295,0.139606477578915,-8.594079561986135,8.393485633028612e-18,5.464827876038882e-17
3732,Nol9,140.93204180581975,-0.6020520993799973,0.0595618192856713,-10.108020651491945,5.090225618484487e-24,4.374342290715317e-23
3746,Lrrc47,330.08184033944906,-0.7229864614766108,0.0446623329819701,-16.1878346518189,6.145335751169677e-59,1.3638278123915646e-57
3747,Smim1,44.247668824064334,-0.9780041743221494,0.1115249645955837,-8.769374443369045,1.796616329735212e-18,1.2126293467545115e-17
3756,Pex10,209.0406722554617,-1.6144140188099878,0.1007330552117487,-16.026655951379254,8.324343174736765e-58,1.8039171429962397e-56
3757,Rer1,12.55900734744596,-1.6388236639544946,0.2103447659955166,-7.791131175516983,6.641192176795013e-15,3.735643897966908e-14
3771,Mmp23,20.118806070613683,-1.244214073335418,0.1610534252035016,-7.725474150973639,1.114377541811046e-14,6.174979230415581e-14
3786,B3galt6,27.442861618389674,-0.6397649295809168,0.1477996588236788,-4.328595442457279,1.5006329893886903e-05,4.2116947068575535e-05
3801,Rbm48,12.146124535555876,-1.2217384011712278,0.2089739822587036,-5.846366078523363,5.024277061186891e-09,1.9691742995525856e-08
3813,Cdk14,99.02893582844432,-1.2121670464060568,0.0795253539132668,-15.24252312951777,1.8460162350285905e-52,3.6232471288641967e-51
3822,Steap2,438.3309155881837,-5.330873494603007,0.0960196768832448,-55.51855273461382,0.0,0.0
3826,Adam22,45.04854097530522,-2.187064351512611,0.1292329306991919,-16.923429188519403,3.0230498948774064e-64,7.383672704136325e-63
3837,Gm10482,154.22874217229415,-2.2005366270975832,0.0735031918850805,-29.93797372144108,6.30975198526728e-197,7.45573937286177e-195
3838,Sema3d,29.24107498889612,-1.1431037110992075,0.1300618008030934,-8.788927294877345,1.509947404968026e-18,1.0226940440774918e-17
3839,Sema3a,75.01939003200152,-0.7452977494994865,0.0796309211642105,-9.359401330578285,8.018975831129719e-21,6.003246974948481e-20
3851,Magi2,69.39554254171607,-0.8848112927846561,0.0868295173239154,-10.1902131907965,2.1928280275802852e-24,1.9078694799166185e-23
3855,A630072M18Rik,494.3986033506112,-3.4817946844403296,0.0580261582792507,-60.003880796040285,0.0,0.0
3906,Insig1,26.987546412090197,-1.3035780415697833,0.1614185308006411,-8.075764505500047,6.705518315453242e-16,3.959017700899604e-15
3912,Lmbr1,13.774952233716666,-2.16802025633956,0.2233789941521796,-9.705569069142507,2.8547876062528573e-22,2.267235497645321e-21
3940,Gtf3c2,168.10835249162457,-0.5140621794203805,0.073158429339882,-7.026697867338462,2.1147860673795557e-12,1.0414919387872051e-11
3941,Eif2b4,29.46798768054696,-4.64939686478153,0.2914902522529695,-15.95043686313927,2.829109500997448e-57,6.078067193297711e-56
3951,4930566F21Rik,16.557502122255848,-0.8707474666902326,0.1795445828249214,-4.849756272175144,1.2361326885614692e-06,3.898555177198012e-06
3952,Gpn1,59.34392273754662,-0.8093126833772372,0.0917063874556771,-8.825041590133388,1.0941913928570554e-18,7.455708817946227e-18
3957,Rbks,11.398636749482227,-2.225356044699234,0.2488511861404249,-8.94251733019059,3.804041413591616e-19,2.639883977813102e-18
3958,Babam2,98.48468142801605,-1.261307218336991,0.0734471856962715,-17.172982278080937,4.231111386103933e-66,1.0708202014498636e-64
3959,Gm17130,98.35302735985816,-3.5669220849920347,0.1229203802666288,-29.01815042595018,3.883816097114471e-185,4.245010994146117e-183
3962,Gm15614,99.558380834031,-1.470037746755767,0.077284420838019,-19.02113945884164,1.1397932430982296e-80,3.6440044305853447e-79
3965,Prr14l,185.70930536354217,-0.7226944130932845,0.0792028020610766,-9.124606633689352,7.199724409773943e-20,5.183564449490602e-19
3966,Depdc5,1407.0594644657513,-0.5219557684576955,0.0323940204805035,-16.112719591933214,2.076852107125049e-58,4.5456808071843383e-57
3968,Ctbp1,87.42351422307372,-0.6763777074171919,0.0741145306557664,-9.126114696168116,7.1001763668457e-20,5.11399852979397e-19
3987,Gm15513,338.0490984083977,-0.5477898864462556,0.0375643048765694,-14.58272389829145,3.61788296333638e-48,6.32695372628266e-47
3989,Rnf4,33.634711025101645,-2.347630035395618,0.1711171449974927,-13.719432003321565,7.767148497057455e-43,1.1832046421301459e-41
3992,Sh3bp2,389.1767820451488,-3.2016475640285678,0.0615281775645113,-52.03546880080578,0.0,0.0
4002,Cpz,27.958725384349872,-1.6904234274579346,0.1432631703492309,-11.799427747809917,3.92974713930554e-32,4.416672106180931e-31
4006,Ablim2,44.67437262112737,-0.9887605101805116,0.1095306491866836,-9.027249610246272,1.760405404538409e-19,1.2393707614560266e-18
4019,Jakmip1,104.37033487527566,-0.5605572485540837,0.0731286540844377,-7.665357110317365,1.7833430696121874e-14,9.807265283452181e-14
4030,Bod1l,10.517503084844138,-1.4063792572684042,0.2448703863751759,-5.743361939706474,9.281504240279094e-09,3.5587578634948654e-08
4072,Pcdh7,198.4440651909471,-0.6020137735747857,0.0549339147261961,-10.958872612217196,6.024517350521698e-28,6.006656751763024e-27
4093,Pds5a,13.806865905360324,-2.628349298402751,0.2541726984866187,-10.340801014634245,4.606706955490352e-25,4.1271563134024215e-24
4109,Atp8a1,88.04145000931715,-0.6894904332279947,0.0975097468245407,-7.070989882361867,1.5383235673525693e-12,7.629666065190508e-12
4123,Slain2,23.26752551518567,-2.7049343371954637,0.1972622088865953,-13.712379844385252,8.560329562215648e-43,1.3028985499045015e-41
4138,Chic2,122.00896935475372,-0.5948246601975963,0.0649022444569981,-9.164932047792352,4.957819956994628e-20,3.599101511329268e-19
4140,Kit,34.122244726031674,-0.8486187039673062,0.1357811854742784,-6.24989906372605,4.10718029626053e-10,1.7303389308842243e-09
4186,Mthfd2l,231.49993897445384,-1.4340613346586926,0.0521995220948015,-27.472690881235263,3.722698915150043e-166,3.390758261882497e-164
4188,Parm1,395.6923037409413,-0.8508573935791733,0.0405422163853807,-20.986948160189577,8.631280250259721e-98,3.5432823712803282e-96
4190,Uso1,35.891776973209964,-0.6274476486663048,0.1141790535485397,-5.4952955832618136,3.90056530327869e-08,1.4211059588278698e-07
4197,Nup54,12.680827530402595,-0.7715203441926475,0.1965737303200323,-3.924839514092611,8.67875774953645e-05,0.0002220218190811
4200,Ccdc158,176.86622679237632,-0.8494765027821656,0.0560095315913722,-15.166641795537174,5.8809737862870785e-52,1.1364250781722477e-50
4216,Prdm8,319.27870078613734,-0.5476416632452701,0.0395492310471599,-13.847087509545824,1.324754873934684e-43,2.079651098327626e-42
4226,Sec31a,108.05663229400396,-0.657905325232015,0.0680594948605743,-9.666620749680696,4.179510555870064e-22,3.295368827820364e-21
4227,5430416N02Rik,34.60049282630386,-2.299326428371688,0.3034227895304727,-7.577962195686582,3.5102464157268163e-14,1.906434450876725e-13
4229,Plac8,18.39295958727071,-1.1875484595712689,0.178269257364316,-6.66154376323205,2.7096608505099286e-11,1.2493158173930302e-10
4230,Coq2,50.7792350929714,-0.8017261851310673,0.1016485153949672,-7.887239494013916,3.0894416890520508e-15,1.7587290448614017e-14
4233,Helq,195.21761023170976,-1.3476521579955831,0.0563307890252094,-23.923899901215197,1.72774926883261e-126,1.041892386667058e-124
4234,Mrps18c,32.40006447894239,-3.002707286786285,0.1747461434272874,-17.18325353506713,3.54461621342297e-66,8.996843010209131e-65
4245,Ptpn13,14.895032738263026,-0.8504176272118611,0.1817611051050064,-4.678765716793812,2.8860698107772804e-06,8.765472186674728e-06
4315,Ep400,506.2251894421754,-2.231375923482516,0.052163631746811,-42.77646798660502,0.0,0.0
4342,Svop,186.71878052360836,-0.5171956185338091,0.0586698187541365,-8.815360768390713,1.1930027502731384e-18,8.121149122918118e-18
4388,Gm13842,36.66553592991662,-0.7768550979791783,0.1173058619070984,-6.6224746602554,3.5323462837922266e-11,1.6133108334018926e-10
4393,Srrm4,44.9430103272368,-0.9936205330720796,0.1144525354180965,-8.681507399048622,3.9055764734008045e-18,2.590091822784728e-17
4402,Ksr2,17.270523464314437,-0.5714556906448811,0.1649082651625486,-3.4652944173635096,0.0005296512985704,0.0012141226778607
4443,Tctn1,40.96610724529432,-0.5812087506626928,0.1058988269142994,-5.488339839052669,4.0572891176362e-08,1.4760530911009333e-07
4452,Atp2a2,13.990229381389208,-2.060275146103456,0.5303215945716232,-3.884954275278344,0.0001023491493224,0.0002591402813595
4456,Camkk2,409.6439063814059,-0.662936972105514,0.0383938315388662,-17.26675732882822,8.371608097271595e-67,2.156151434537344e-65
4460,Gm2479,26.006816945319525,-5.439701844705554,0.3989339045862076,-13.63559672960828,2.4597058590457564e-42,3.7050246393619456e-41
4467,4932422M17Rik,23.3943463131386,-1.528615109619453,0.1549640596339628,-9.8643202380614,5.943565743302475e-23,4.857059706489425e-22
4468,Setd1b,15.69387685280315,-1.558353269238225,0.2164741794991643,-7.198795130410651,6.074694203407368e-13,3.0846182412656226e-12
4470,Gm43409,774.9957276659208,-1.5182549049197205,0.0566454631653948,-26.802762658797235,3.000317474820949e-158,2.498550095222321e-156
4478,Zcchc8,141.07080782838565,-0.5934614351512516,0.0602704243990652,-9.846644371073252,7.087068509254788e-23,5.759231138004076e-22
4484,Vps37b,15.039572171154076,-0.7485165020064467,0.1863174942926339,-4.017424691375529,5.883762971683452e-05,0.0001538735559276
4490,Mphosph9,108.42446128208913,-0.8008729336770594,0.0706078503528369,-11.342548026529482,8.075827428770764e-30,8.554213814315151e-29
4521,Tmem132d,16.334434098413734,-0.8243564242118581,0.1706943368763568,-4.829430426909736,1.3692414414784949e-06,4.298203972101223e-06
4530,Zfp11,58.8123243271684,-1.11872859287339,0.0975907139693741,-11.463473801661792,2.0127657236721043e-30,2.160788641840255e-29
4531,Mrps17,88.43155191393413,-1.446306077360808,0.1026168042145788,-14.094242053538151,4.120480353544319e-45,6.67830958505867e-44
4539,Nupr1l,209.59574456518536,-2.6096415026666957,0.0756996421633578,-34.4736306287308,1.9931057048598308e-260,4.1006391254810264e-258
4541,Gusb,21.35573716706524,-1.0963371056254732,0.1583280570932287,-6.924465099574324,4.376259089456436e-12,2.1270711216346344e-11
4542,Asl,37.25235017399847,-0.8143428990179292,0.1615609959549104,-5.040467188288451,4.6439674789360754e-07,1.524567360083238e-06
4565,Cldn3,128.21687795663857,-0.5408495422268695,0.0622423380831143,-8.689415579226063,3.643086907673152e-18,2.4187662809942325e-17
4569,Bud23,16.2502854137534,-2.5097732078574992,0.2241981989516513,-11.194439650243288,4.3413832096368893e-29,4.46600644530176e-28
4570,Dnajc30,80.804505490989,-2.319062174834273,0.1671095753728867,-13.87749427080728,8.672299094775858e-44,1.3650870078257445e-42
4576,Fzd9,10.237567370297027,-0.8022358994088958,0.2225186904362471,-3.605251755868754,0.0003118504658356,0.0007377761020743
4579,Hip1,34.124941594214135,-2.744749062399966,0.1650105010877544,-16.633784179227952,3.967270693785806e-62,9.238299586275124e-61
4587,Ywhag,239.08707364772383,-0.5366551495294776,0.0554863921488807,-9.671833556766993,3.971969943414077e-22,3.135973380154644e-21
4596,Alkbh4,32.8231087023248,-1.9850095599860689,0.1408557534215918,-14.09249896981337,4.223474531417055e-45,6.838900241242728e-44
4598,Prkrip1,64.50829499218565,-0.5633375919249757,0.0841673710021166,-6.693063894211554,2.185456564252908e-11,1.0137735913966803e-10
4601,Gm16599,92.19256606369106,-0.8535697334693426,0.074119225985328,-11.51617171013507,1.0936280189458112e-30,1.1857015992141565e-29
4608,Ap1s1,48.30008065805082,-2.4261897038711617,0.1287948925602068,-18.83762357064747,3.71264854057986e-79,1.1614811749134276e-77
4611,Ufsp1,70.70506128323495,-1.3248478119782652,0.1023855911185734,-12.939787693797172,2.683701006542485e-38,3.655184050032319e-37
4616,Epo,791.1037647999045,-0.8439950182440772,0.0291244105337062,-28.978956235605335,1.2118599428423366e-184,1.3163358186600484e-182
4631,Tsc22d4,13.987494186275285,-0.7646862974007685,0.1826978319077447,-4.185524750982843,2.845080633853748e-05,7.718704642388201e-05
4633,Mepce,383.50234658361774,-0.6440070499168437,0.0398497423353691,-16.16088366386366,9.518736463589089e-59,2.101813930243005e-57
4636,Cyp3a13,75.7344821742265,-0.5466003696727585,0.0821823514163008,-6.651067537650677,2.9097471365685788e-11,1.3394487476786338e-10
4646,Lamtor4,119.70351676968184,-0.8305279001828573,0.0662651625331169,-12.533401691541762,4.9014355580753295e-36,6.184437593046276e-35
4647,Map11,28.501831318066092,-2.31445139678698,0.1778790407259125,-13.011377773018436,1.0542400625908895e-38,1.4505546982367803e-37
4648,6330418K02Rik,295.411921782458,-4.939244649052421,0.1021759552416312,-48.34057716780655,0.0,0.0
4653,Zfp157,49.800609091718805,-1.7423621041361166,0.3356647745710299,-5.19078031456475,2.0941459077986945e-07,7.131922811213938e-07
4655,Fam20c,12.635409904609574,-2.0147591548650725,0.2307830766956617,-8.730099207066104,2.5444933033434146e-18,1.7036025608296184e-17
4675,Gm16121,98.25362099674892,-0.5517272941514518,0.0946766954241058,-5.8274878699555375,5.6267938402115964e-09,2.1989133112317408e-08
4681,Chst12,209.2255568765005,-0.5593376864606354,0.0520750224128922,-10.740997517500066,6.53346075071541e-27,6.270974841301378e-26
4743,Zkscan5,1195.221844310067,-0.794269418069311,0.0246204783524177,-32.26051934085653,2.5049106153883077e-228,3.982352440173702e-226
4767,Ubl3,13.228750201768824,-1.7604378785805856,0.2100761623340344,-8.379998277869232,5.292847766349192e-17,3.323566310158516e-16
4789,1700028E10Rik,154.75249238131656,-0.9403960609021024,0.0600890914108026,-15.65002962805726,3.32064892500914e-55,6.88051047399998e-54
4793,Samd9l,57.54648948745654,-0.534041933993479,0.1770272637920344,-3.016721393947845,0.0025552454598563,0.0052541014229239
4812,Mios,20.2750222993916,-0.5544698280613889,0.156041940543845,-3.5533384558595187,0.000380374736083,0.0008913296776926
4815,Gm16043,28.695899852455103,-2.501619570171365,0.1646574183089272,-15.192874975592492,3.942423117375276e-52,7.669087372264607e-51
4831,Cav1,606.1826710834114,-0.6162487037822585,0.031368311253295,-19.64558113460842,6.307066731253398e-86,2.192802842865993e-84
4836,Cttnbp2,21.31778653923588,-2.79942674113579,0.2064029062340309,-13.562923081914589,6.643488896633616e-42,9.938522996093128e-41
4838,Kcnd2,30.290660877968914,-0.8098767509608497,0.1288803230597701,-6.283944140838762,3.300893518625432e-10,1.4021381067214367e-09
4848,Ndufa5,151.60018198734062,-1.376883740079225,0.0631428506831226,-21.80585331804241,2.0416399601083854e-105,9.249792648283796e-104
4856,Arf5,55.15020904510785,-1.806060652466426,0.1043380912137456,-17.30969611823312,3.975072997202719e-67,1.0298678011123134e-65
4863,Fam71f2,230.73896070787575,-2.8668444474424937,0.0726744788555537,-39.4477468925587,0.0,0.0
4880,Cpa2,53.511896854536,-3.468940916221955,0.1595970265193304,-21.73562372605856,9.449065741331166e-105,4.2370579919076776e-103
4905,Agbl3,131.66029615489637,-4.300268396927602,0.1244137560178443,-34.56425185259116,8.706716053577987e-262,1.8344945824695404e-259
4906,Tmem140,35.71782632871348,-3.5094447349590205,0.1947614750241681,-18.01919365482075,1.3773637788325568e-72,3.948743895774386e-71
4910,Cnot4,173.3864462648252,-1.3121512872122465,0.0555820833069593,-23.607450623355007,3.2315564773649816e-123,1.8589953840841715e-121
4914,Mtpn,319.1282893854032,-0.7301754058075587,0.0569757505087357,-12.81554695265674,1.3418878918550854e-37,1.7941082150429457e-36
4917,Dgki,99.29977531908482,-2.1109746841310044,0.1020924334286579,-20.67709244687708,5.569830273130981e-95,2.1987627949551827e-93
4933,4930599N23Rik,18.300466416395363,-1.0904061327999253,0.1679573537430354,-6.492160709248731,8.461392431553794e-11,3.757562997537145e-10
4940,8030453O22Rik,33.103188837538035,-0.6509006774056012,0.1164826570373019,-5.587962139266442,2.297497159246756e-08,8.523256326030391e-08
4944,Tmem178b,291.476794090626,-2.550783306767762,0.0572905189054287,-44.52365514402863,0.0,0.0
4953,Gm44284,47.955733749467946,-6.052463489320694,0.3576780254905536,-16.921541324826343,3.121533413836503e-64,7.602977206291472e-63
4954,Zyx,28.59469361943683,-0.7138802552918835,0.1324687620851307,-5.38904602153004,7.083266729658944e-08,2.5187508858941764e-07
4955,Epha1,17.017712629713962,-1.1910567457995112,0.2162906664233143,-5.506741300932647,3.6553680957811015e-08,1.3353891217677026e-07
4958,Arhgef5,48.33688913841152,-0.5060645695961278,0.1082306234962161,-4.675798339217923,2.928122438367956e-06,8.883780462389846e-06
4959,Tpk1,25.760451396663168,-5.92099548728358,0.4660499646551451,-12.704636704918189,5.572762140660628e-37,7.267447003420809e-36
4968,Zfp212,29.291004538897862,-0.6548345612468809,0.1248625526426358,-5.244443168810242,1.5675501231583756e-07,5.403768293671136e-07
4973,Krba1,429.7378748100084,-0.5615961773348166,0.0359168886480555,-15.635991826514196,4.1397851869849935e-55,8.537330583725656e-54
4977,Zfp775,425.0655485748257,-1.6347441409274577,0.0615922072164229,-26.541411889710105,3.226844531645412e-155,2.5534415008785054e-153
4979,Tmem176b,90.59511125042168,-1.612391098423967,0.0819023677106226,-19.6867458596663,2.8011666911609712e-86,9.797360619004612e-85
4990,Gsdme,91.7720617709466,-0.7281611860157896,0.0803811350441382,-9.05885672821051,1.3182495677024345e-19,9.352352308308389e-19
4994,4921507P07Rik,126.58940425296532,-3.0253404382385445,0.1012265749947602,-29.88682012006378,2.919301627141784e-196,3.403516457030368e-194
5002,Hoxa1,248.73624342515345,-0.7195599276554534,0.0454473571694259,-15.832822246912226,1.84745387324456e-56,3.930446877773828e-55
5003,Hotairm1,122.56230260922592,-0.589937453680632,0.0612662272673943,-9.62908081651364,6.0266144530744185e-22,4.721928026674078e-21
5006,Hoxa7,10.522555935409082,-3.6156578056159328,0.3661868082451395,-9.873806822651767,5.407263224462791e-23,4.424998561974978e-22
5012,Jazf1,17.81823023314887,-2.09631175648258,0.1947388080247367,-10.764735482083752,5.050638410113922e-27,4.8825629914910044e-26
5020,Fkbp14,10.232862735831786,-1.3770830607854874,0.2338850822461692,-5.887861883110941,3.912238460169395e-09,1.5437099772437366e-08
5029,Lsm5,19.116315243022235,-1.8151924700235609,0.17729758821744,-10.238111461490304,1.3382299371785435e-24,1.1772115262262762e-23
5033,Herc6,16.731757154114984,-0.6591150537467579,0.1698601398561512,-3.8803397566076416,0.0001043106504367,0.000263724830828
5055,E230016M11Rik,222.98432591419643,-2.1645707764710846,0.0601351001085643,-35.995130507196265,9.969305742360275e-284,2.3882632715396784e-281
5085,Capg,12.711518881172507,-1.0430137642526442,0.1960799650565816,-5.319328591024933,1.0415088415269877e-07,3.6456978824307364e-07
5107,Loxl3,11.927011909022442,-6.031507030180842,0.7164572563925561,-8.41851621484046,3.8128240558584246e-17,2.412397506832567e-16
5128,Nagk,51.894635040330336,-0.6824946742411591,0.0998172187370284,-6.837444309475426,8.061841182716016e-12,3.8499584544876486e-11
5130,Gm43920,204.81240208719657,-1.557754490388021,0.0573341699177476,-27.169740010586978,1.4801651033575122e-162,1.3073296630058671e-160
5143,Tprkb,168.13043933056002,-1.1754617501868108,0.0771224709002334,-15.241494942601122,1.875299638487581e-52,3.672479292034805e-51
5168,Isy1,14.573753270352514,-1.4951236868613167,0.1927774036854651,-7.755699881199535,8.785757777881407e-15,4.902531334383856e-14
5184,Podxl2,247.5258938836016,-0.6014817719780395,0.0454385399054334,-13.23726011508824,5.346388969045751e-40,7.595259974871818e-39
5187,Gm26811,67.81564358567195,-4.0550204678384505,0.2267157778808177,-17.885920890649857,1.5182395592638205e-71,4.289333346107543e-70
5191,Vmn1r47,53.050560342442616,-1.9959531799263617,0.1126849047604205,-17.712693498476654,3.346669901367916e-70,9.14477550548783e-69
5198,Hdac11,26.935423430445077,-0.91818617200092,0.1334068207214128,-6.8826029061761735,5.876868151621961e-12,2.831269060631069e-11
5209,Fgd5,350.72448420814703,-0.8806865480220357,0.0587544293908746,-14.989279228006914,8.628450498627264e-51,1.6225198098924045e-49
5227,Uba3,24.065048816316224,-2.876924479848947,0.2130119023005778,-13.505932996126022,1.4427433019666114e-41,2.136383985164445e-40
5246,Gm34933,144.6521209739071,-0.5008559386443219,0.0595504617460641,-8.41061385518853,4.07870427200595e-17,2.5768923521979784e-16
5256,Srgap3,203.74659127818464,-0.6824573774015609,0.0568803630266611,-11.998119229331865,3.634619268180739e-33,4.23183899879792e-32
5269,Ttll3,122.87311231333732,-0.5488683138200201,0.0660147696308661,-8.314325974158798,9.227519814466292e-17,5.726432452639691e-16
5271,Jagn1,93.32589760826318,-0.6603813492349992,0.0745344346931568,-8.86008395922845,7.995420080616116e-19,5.4854415994434936e-18
5273,Il17rc,370.6816244372261,-0.762520087783895,0.0390376304168043,-19.53295012126699,5.761307899091533e-85,1.967846729283452e-83
5276,Emc3,61.43908177981445,-0.7068608289648128,0.094207471119898,-7.503235365114404,6.226161046276936e-14,3.343048952327021e-13
5296,Mkrn2,33.33131647317071,-0.6295241161414873,0.1199683761964809,-5.247417161923322,1.5424636707959494e-07,5.323584897351403e-07
5299,Tmem40,31.66360619739768,-0.6025647643994705,0.1240077330598763,-4.8590902319658245,1.1792638292491535e-06,3.728614327591611e-06
5309,March8,20.83754786482693,-5.467537491101215,0.4491878023586502,-12.172052451984673,4.379302998941271e-34,5.245565126403079e-33
5340,Mical3,13.44574375892572,-1.8452031226669283,0.2137197025585962,-8.633752997859537,5.937113104164166e-18,3.904785030674047e-17
5350,Apobec1,136.43615692733752,-0.6457541978156393,0.0647590530982996,-9.971643606885824,2.0284387978778442e-23,1.6875993195664953e-22
5361,Lpcat3,248.47200526244976,-0.6910730145840999,0.0460986588642284,-14.991173964940616,8.385777426884814e-51,1.5785842372590056e-49
5383,Iffo1,19.431689518909664,-1.2074045121953938,0.1848842636673287,-6.530596429601687,6.550829472357841e-11,2.9321962071306356e-10
5385,Ncapd2,65.84198613447283,-0.9318687847613208,0.0985278041955496,-9.457927052873584,3.1410829259508585e-21,2.388315574305592e-20
5389,Cd27,121.10471771114106,-0.6153830998877582,0.0631506194664664,-9.744688256217865,1.9437453682191081e-22,1.5549962945752865e-21
5396,Gm28809,31.102457421370588,-0.94837076251632,0.1258456261604276,-7.535985091030021,4.8466196027428224e-14,2.6151707378206254e-13
5412,Gm44190,77.27033864491445,-0.5961689610544912,0.0786834917243851,-7.576798487067265,3.541862585917468e-14,1.9230081621398533e-13
5420,Pzp,21.49096538196136,-0.8152229365805795,0.1478462532078441,-5.513991182681706,3.507861808934169e-08,1.2841843691572274e-07
5427,Ybx3,42.07293045307824,-0.6116582401143665,0.1048019841255441,-5.836323092715977,5.3365366481613285e-09,2.0892176606905148e-08
5429,Etv6,270.5345577492107,-0.5170295763588675,0.0484838388658514,-10.66395707215804,1.5007322829498562e-26,1.4247994660275292e-25
5461,Strap,30.830734112795152,-2.057168294653064,0.1529871600168028,-13.4466728739008,3.2203947677535176e-41,4.732627201552396e-40
5462,Dera,24.05354445289936,-1.899743857021467,0.2911942208852098,-6.523975136753677,6.846806389427819e-11,3.0599782810711404e-10
5471,Spx,76.86550623582417,-0.8631111019457121,0.0860429293706326,-10.031168258205543,1.111930885267488e-23,9.375818380693264e-23
5478,Sox5,81.908927430188,-4.4618904091604685,0.1701566155588358,-26.22225644596028,1.4816162136162343e-151,1.146482493084987e-149
5479,Sox5os4,1214.6452562698785,-1.436608489421213,0.0356550090345162,-40.29191208535347,0.0,0.0
5483,Etfrf1,78.8099215263498,-0.8108545066761167,0.0860404337382719,-9.42410993815618,4.337687457077256e-21,3.2767809178992245e-20
5493,Stk38l,171.98144878598882,-0.8420927261458881,0.062201126930562,-13.538222982454238,9.30117966578963e-42,1.3831550169670834e-40
5499,Mansc4,26.50733906929276,-1.508880827001758,0.151294892951287,-9.973111435344864,1.998674727260781e-23,1.6636279690783692e-22
5501,Gm6288,18.04510825754146,-0.8032291391072501,0.1606286526274862,-5.000534624230572,5.717155940824203e-07,1.864285345760464e-06
5504,Ergic2,10.303825217680943,-1.76631543231505,0.2424098402483392,-7.286484040852177,3.181484585487212e-13,1.643171956024819e-12
5510,Gm43913,34.57445715939611,-1.72361866426453,0.1285825318073957,-13.40476532882666,5.670235253805705e-41,8.270314772189674e-40
5511,Sinhcaf,12.513477235530456,-1.7660920514987866,0.2278914670792503,-7.749706797423092,9.210496861553431e-15,5.134624453772597e-14
5518,Gm21814,72.02334380409245,-0.5907049823055049,0.1001695723981485,-5.897050053858704,3.700576326050744e-09,1.4638244467309526e-08
5521,Cacng7,281.5144315616983,-1.134016910355567,0.0476987891207054,-23.77454294459868,6.125879501419391e-125,3.619235835162916e-123
5526,Gm35037,60.91796673219809,-0.8077626486684695,0.0962485802515906,-8.392463001085359,4.7606185029022083e-17,2.9936604235438263e-16
5558,Il11,71.67239050388551,-0.8861113986438951,0.0843729149146716,-10.502320555595844,8.428230691189714e-26,7.716905671598204e-25
5565,Gm36210,15.418052811598873,-6.402409105202279,0.7053923987758532,-9.076379496452043,1.122464734624428e-19,7.982782952058559e-19
5570,Zfp579,15.511838753609933,-3.404764013303532,0.2860783850136682,-11.901507389804578,1.1622852329581139e-32,1.3258998143490866e-31
5574,Ccdc106,127.47411298741888,-0.5238131243079496,0.0630052058218217,-8.313807049361753,9.26797960706276e-17,5.749500793483986e-16
5575,Zfp580,150.61440747711995,-2.746524001734862,0.0864959536079809,-31.753207949850744,2.8674511480611536e-221,4.3229297997666766e-219
5579,Zfp787,22.489488323212512,-0.7959183849863344,0.1465969326773825,-5.429297669808144,5.657625246991813e-08,2.0312163892299899e-07
5583,Zfp667,11.085605471187009,-3.5380923846913945,0.3498343416674794,-10.11362225854425,4.807329005378589e-24,4.139368274055183e-23
5594,Zfp418,58.9344196517259,-0.7462042418765693,0.094134820712043,-7.9269736345405795,2.245509395166498e-15,1.2900613765660879e-14
5600,Zscan18,235.07097868801705,-2.907424539648605,0.1551656239541153,-18.73755581654073,2.446085147022914e-78,7.557798065571858e-77
5628,Meis3,68.51033575118429,-2.8691827892510444,0.1249297340627955,-22.966372343423537,1.0110931339353392e-116,5.374467090049e-115
5638,Arhgap35,122.96991919642228,-0.6631066323348274,0.0626122520239061,-10.59068490431624,3.2917447085680905e-26,3.081693333160533e-25
5643,Strn4,25.89356328159803,-1.2073407557741849,0.1480819051222331,-8.153195724876678,3.544312889150981e-16,2.127074255506945e-15
5646,Dact3,47.28264062995655,-2.328025348981566,0.1526548872879012,-15.250251009592638,1.64001450067357e-52,3.2225363581774595e-51
5647,Calm3,15.192983812542934,-1.518180830994635,0.2032633282142558,-7.469034598284008,8.078529861722507e-14,4.31249481751536e-13
5667,Snrpd2,381.1148975875892,-1.0031412983379278,0.0435647121091489,-23.026464534520837,2.5322510647058392e-117,1.35840511102993e-115
5668,Eml2,233.39522462654165,-1.8094591005368292,0.0592116590210305,-30.559169096987382,4.2717006123799555e-205,5.659356084037931e-203
5679,Ercc2,99.39108168027605,-0.7652874260951467,0.079376959350027,-9.64117840191476,5.356944338463081e-22,4.2085463877377516e-21
5680,Gm26852,133.2917970479521,-3.3631051300955934,0.1051204378146107,-31.992875981231457,1.3698823055498386e-224,2.101447522759261e-222
5689,Relb,91.67448659432851,-1.540626467898019,0.0826125719919634,-18.64881374287549,1.2911021699216354e-77,3.961192060980624e-76
5691,Apoc2,37.72600363605892,-3.103273792976302,0.1725768446141157,-17.981982460713464,2.6967555377252343e-72,7.706023013682825e-71
5692,Apoc1,20.276503330342923,-0.6064510194550177,0.1494139662856619,-4.058864338662655,4.931194951973736e-05,0.0001301686601058
5693,Apoe,149.41809300239876,-0.7135024945608193,0.0585693458874135,-12.182183081442782,3.867880302890955e-34,4.648899707007356e-33
5702,Gm16174,318.0819578475775,-2.2875536685669897,0.0574983446311107,-39.78468742436207,0.0,0.0
5710,Zfp235,33.592317118590195,-0.7128949212070839,0.119210639970638,-5.980128295449739,2.229619442438166e-09,8.9491817326965e-09
5726,Gm5893,204.29253332277392,-0.53601401188859,0.048288903779239,-11.100148687140834,1.2523536985216075e-28,1.276291461523652e-27
5728,Cd79a,427.0392721953172,-1.3143520526806665,0.0520990994158972,-25.227922697635183,1.9789439174805053e-140,1.378795666490003e-138
5735,Zfp526,84.07758902377002,-0.6179991681742623,0.077109803733083,-8.014534316719018,1.1055509051154029e-15,6.466178671792029e-15
5754,Hnrnpul1,232.773323824734,-1.339064892536148,0.0734457929766823,-18.232016270302587,2.875227023047086e-74,8.536837042283096e-73
5755,Axl,130.90861536374146,-1.591809334123508,0.0687444477612982,-23.155460345695936,1.2808073803439292e-118,6.956136480575974e-117
5756,Gm30146,378.09334956568415,-0.5998752776436024,0.0392350382133351,-15.28927471363385,9.01485087330433e-53,1.7813752776536282e-51
5757,Cyp2b23,37.94724486633843,-1.732192951698304,0.2222025286036897,-7.795559135097712,6.412389862326876e-15,3.6092653335169754e-14
5758,Egln2,95.7867193685287,-3.04192483080717,0.1228728522999981,-24.756687696808804,2.626580153493866e-135,1.7139415568768926e-133
5760,Mia,17.069857189556576,-2.130269873375204,0.2072092607376391,-10.280765762069263,8.60412405452938e-25,7.610972254203833e-24
5762,BC024978,211.2535562271877,-0.5817218951327208,0.0599120696136543,-9.709594391981128,2.7442697361561445e-22,2.1814449611772115e-21
5776,2310022A10Rik,829.8554120799713,-1.2016876246256467,0.0473745533175636,-25.36567715098925,6.034892332611592e-142,4.361082525318658e-140
5777,Akt2,274.6087634083392,-0.9311526721610356,0.0458390367848381,-20.313530507452267,9.76280991267778e-92,3.703514528262668e-90
5799,Rps16,10.497874747647446,-1.1760029267529517,0.2219726352458138,-5.297963532534716,1.1710134562191865e-07,4.08267211370836e-07
5803,Med29,28.980052473906216,-0.924427951888951,0.1393580244098192,-6.633474863065118,3.278748344718485e-11,1.5010144254564622e-10
5825,Gm44699,11.785335072889517,-0.6386771624389218,0.2120937972917039,-3.0112958068288767,0.0026013529788549,0.0053401174896367
5827,Ryr1,84.29389059494433,-0.5662971331632731,0.0737141710307596,-7.682337401949039,1.5621175139624512e-14,8.609615847518232e-14
5832,1110035H17Rik,452.9854037297951,-0.5563649129867521,0.0355990751997736,-15.628633886261431,4.6465845086625766e-55,9.57119786660673e-54
5833,Spred3,1043.567310780243,-1.603458235426602,0.0373900666013418,-42.88460495465014,0.0,0.0
5837,Yif1b,1468.2471502451044,-0.5029787527878448,0.0234248589671143,-21.47200772879636,2.8446007412993923e-102,1.216292854861706e-100
5847,Zfp420,71.75500749517566,-2.49783453765798,0.1157271495922723,-21.583824940459547,2.5488552712710506e-103,1.1060640442676955e-101
5849,Zfp383,38.85780846029915,-1.2351758058571685,0.1258090525824813,-9.817861119710583,9.432354742763402e-23,7.626122040751103e-22
5852,Zfp14,384.5264241346108,-1.3481553366257943,0.0482587050423449,-27.936003161353927,9.752413102238473e-172,9.269032626736216e-170
5858,Cox7a1,10.57700574853911,-0.6351264307663925,0.2137899972699137,-2.970795822428184,0.0029702918463844,0.0060407563448738
5859,Capns1,20.84716909889597,-0.6149707485396584,0.1487477585719715,-4.1343194307167,3.560080303401741e-05,9.553273645218604e-05
5860,Gm26810,66.55194431566427,-3.053292154750345,0.1334631058317791,-22.877424706411407,7.797058941757273e-116,4.082484035133269e-114
5865,Clip3,55.21364651450177,-0.6431862569776327,0.0944579571299858,-6.809233192419447,9.812032292470955e-12,4.662848389422068e-11
5871,Aplp1,181.6401354417097,-0.6652641093101832,0.0653215070194362,-10.184457457667596,2.3265400859611863e-24,2.023199056354512e-23
5873,Nphs1,1351.2402829755545,-2.3558787344285403,0.0323788131449165,-72.75988541903702,0.0,0.0
5879,U2af1l4,113.98643133432886,-0.5270089026505532,0.0640497244375333,-8.228121311662102,1.901724362349694e-16,1.1587928797481342e-15
5889,Tmem147os,17.12548264156551,-0.6269029884206934,0.1628926335234463,-3.8485656156480426,0.000118811474523,0.0002980598287847
5909,4931406P16Rik,114.6478543955801,-0.5585615556784852,0.0662703081506094,-8.428534154527675,3.50022014620554e-17,2.2194289309950134e-16
5910,Lsm14a,17.8097919461811,-2.5264840604526952,0.2117011634152003,-11.934200170159722,7.850989443436219e-33,9.020900353929867e-32
5913,Chst8,656.3606741568115,-0.6619585924989421,0.0324873492156039,-20.37588810665409,2.737055235513415e-92,1.0496846920758466e-90
5915,Cebpg,22.002691051906528,-0.7213009503980125,0.1462752249600496,-4.931121798616359,8.175873430001042e-07,2.623961727727257e-06
5940,Vstm2b,11.99437505129755,-0.7530490280033842,0.2019388040920014,-3.729095214708225,0.0001921685349999,0.0004685782682763
5949,Zfp976,596.8213014865205,-0.5122808693903171,0.0347122446593935,-14.757929785784922,2.735493824763638e-49,4.9727979217740637e-48
5979,Gm44832,33.45998323474749,-1.57504262133226,0.1322613781425561,-11.908560484184749,1.0680519705658351e-32,1.2215888071455411e-31
6005,Rcn3,16.220989552829217,-2.310694432396232,0.2147486077908214,-10.759997264554997,5.317174487987867e-27,5.126061049941114e-26
6006,Gm45669,24.86444871563557,-1.3078373073537102,0.1454332811109317,-8.992696151550996,2.4123846525110824e-19,1.6895387586349145e-18
6015,Dkkl1,539.1128200374247,-0.6083960780037029,0.0441729552920461,-13.773044478942802,3.70274084266371e-43,5.725334381653666e-42
6036,Izumo1,11.120365029798675,-2.331104963201498,0.2557870217754998,-9.113460671384146,7.979515203139828e-20,5.728479551416638e-19
6049,Kcnj14,12.898828864298244,-0.7689127215375309,0.1925211239000387,-3.993913529908373,6.499157370039554e-05,0.0001689819567161
6057,Nomo1,36.290569701984346,-0.5711151420857428,0.1106179937846851,-5.162949738515442,2.43088427785398e-07,8.225871565617338e-07
6073,Zdhhc13,16.562938294324287,-0.5342225040421322,0.1728961203065783,-3.0898466842104506,0.0020025983955642,0.0041891675528263
6075,Gm2788,24.159686434255963,-0.7105081515719379,0.1372397612183171,-5.177130485105418,2.253246297346071e-07,7.651411892813222e-07
6080,Fancf,17.54723976481964,-0.8185610809016135,0.1672004928099706,-4.89568581494516,9.796347511419863e-07,3.1211245268666527e-06
6085,Cyfip1,45.10197974801562,-0.5650125463736233,0.1054280325471421,-5.359224987158683,8.357971693932023e-08,2.954005840409927e-07
6101,Magel2,32.89614307586997,-1.2838946168027952,0.1327366033254593,-9.672498652498964,3.946234747896454e-22,3.117062026703396e-21
6105,Otud7a,18.62394432189367,-0.5047338007088946,0.1607496877029061,-3.139874222597136,0.0016902038570954,0.0035784848732305
6127,Aldh1a3,33.96889764955242,-1.9293685074753764,0.1403788558434479,-13.744010776288343,5.5324060942073675e-43,8.4794669391322e-42
6182,Cib1,23.175259866127885,-1.7650894875887757,0.1713664297342847,-10.300089056682026,7.039610022543021e-25,6.2428346893626965e-24
6183,Gdpgp1,13.530665286156683,-0.5164863817620414,0.1799151708741515,-2.870721680959952,0.0040953592908834,0.0081127824285195
6186,Vps33b,29.77106532533261,-2.8250129241613204,0.1785138761360365,-15.825172727796904,2.0862581498360484e-56,4.4223615181009466e-55
6188,Prc1,177.85825625210296,-0.9638262384134828,0.0576584004372837,-16.716145975326835,9.997939698499254e-63,2.3532162778917215e-61
6207,Ap3b2,25.562892654960848,-1.9599583701116507,0.1699189999328224,-11.5346628151444,8.823220474057553e-31,9.607750912224065e-30
6213,Btbd1,36.51021625446213,-0.7278533247993894,0.1222704977884397,-5.952812313390333,2.635735063373833e-09,1.054052933644674e-08
6229,Arnt2,11.997035233310486,-0.5732119226791395,0.20312326974002,-2.821990426861484,0.0047726601915124,0.0093538363139269
6232,2610206C17Rik,48.31402245702828,-0.5257115186907744,0.102081219545085,-5.149933758957388,2.605784730011293e-07,8.78880681937078e-07
6239,Prss23,28.586486625832052,-4.660186590979103,0.2999565029867743,-15.536207898731837,1.973190044899862e-54,4.026504959767654e-53
6240,Me3,45.72920021548865,-3.4098861481678857,0.174176099962786,-19.57723332246176,2.4180214156980728e-85,8.34050463860511e-84
6242,Hikeshi,87.29799758731303,-0.7147036877836601,0.0864734075475816,-8.265011268237544,1.396815489093691e-16,8.580087556470134e-16
6244,2310010J17Rik,61.10433687600069,-0.5543282034216478,0.0909068783284351,-6.097758647249215,1.0756598772912795e-09,4.403356726139957e-09
6248,Tmem126a,36.63163485977934,-3.844482584134463,0.2117007426795146,-18.159986287598773,1.0705143216687312e-73,3.1411332982118747e-72
6252,Gm26944,193.86164760318005,-0.7884034937939983,0.0580018983771456,-13.59271878771214,4.423385038967102e-42,6.634318830313609e-41
6253,Pcf11,90.43328264133233,-4.183386375516915,0.2728603698872633,-15.33160120410798,4.7025022215530415e-53,9.34515441483177e-52
6254,Gm26981,98.15093934061942,-0.5983391126244128,0.0803993648840929,-7.442087552395511,9.910649926014257e-14,5.266406742817906e-13
6266,Ndufc2,13.613132678848215,-0.8106533665459654,0.182815434127518,-4.434272031870764,9.238391632049063e-06,2.6533255519999018e-05
6287,Arrb1,61.800417784560445,-0.8696817876271034,0.1015033724182474,-8.56800879525023,1.0528975754694649e-17,6.81713172891892e-17
6300,Coa4,12.22593804993497,-2.346423468694722,0.2692563550331575,-8.714459008426273,2.921503952748805e-18,1.9515378581234187e-17
6304,Relt,16.88748822536134,-0.7723359796638682,0.2426030362676371,-3.183537978526514,0.0014548702640091,0.0031179866638469
6316,Folr1,77.00577974414252,-0.6843193046300414,0.0803798529039314,-8.51356751607803,1.6866221679157653e-17,1.0836020746697614e-16
6322,Il18bp,276.0257858646248,-0.6596321967932584,0.0420809643244005,-15.67531085333926,2.2313070164428417e-55,4.6509054950598827e-54
6347,Timm10b,399.379116338021,-0.6029251552354036,0.0381727423678367,-15.794651309710748,3.3866065927661402e-56,7.152774890615249e-55
6360,Ppfibp2,311.3045317942558,-0.6169519672526856,0.0423412670149324,-14.57093778122194,4.299481297258329e-48,7.511421471174191e-47
6364,Ric3,37.08758653783581,-0.6569409356796921,0.1160729773472173,-5.659723311090214,1.516172423366441e-08,5.710709312908103e-08
6441,Lyrm1,323.3330997579056,-0.6417286113392667,0.0415507589176896,-15.444449826067071,8.22262482337778e-54,1.6547441071487992e-52
6459,Ears2,37.10956082649401,-1.154423135241513,0.1267407327348645,-9.108540800821396,8.349739204739347e-20,5.986889676608515e-19
6461,Palb2,62.73524754012772,-0.9121459517904236,0.0891036294495263,-10.236911306818518,1.3549295891722748e-24,1.1913025970560454e-23
6464,Ern2,145.61995445471288,-2.516920902609649,0.1546273994428028,-16.277328026464456,1.4297688139166129e-59,3.20151050163556e-58
6478,D430042O09Rik,534.3506741451175,-0.6428119959109655,0.0383772618753773,-16.749813939263596,5.680366329193547e-63,1.3442252552765458e-61
6492,Sgf29,43.95837738393232,-1.884172622379505,0.1203699029476834,-15.65318718582357,3.1598963920751128e-55,6.555191945979782e-54
6500,Aldoa,80.91094493510722,-0.5882672853379952,0.0805098097877377,-7.306777731669575,2.7362461220233745e-13,1.4165622315554997e-12
6502,Ino80e,11.60383245941665,-1.2193703235629576,0.2684088533825729,-4.542958655037152,5.547013416414392e-06,1.6311782516605834e-05
6507,Kctd13,177.76180851341846,-3.701425938808237,0.2368448882126543,-15.628059219436738,4.6886748915530115e-55,9.646534882762244e-54
6510,Mvp,11.27665308923424,-1.0464494147993468,0.2270846981893323,-4.608189909506219,4.06189585522937e-06,1.2126055772661526e-05
6511,Maz,294.2802016228205,-0.8185446277726588,0.0558069509923619,-14.667431443883912,1.042160106093414e-48,1.852164221073336e-47
6512,Kif22,481.0024609177154,-0.6784711093497231,0.042554610918432,-15.943539247725816,3.159416586978092e-57,6.77106339130795e-56
6518,Mylpf,124.21689820029498,-0.6292797623720467,0.063716545819491,-9.876237863784954,5.2777249971793873e-23,4.321013799188816e-22
6521,Dctpp1,26.95559603941894,-0.6295555712555131,0.1333738261449639,-4.720233268042034,2.355743326599334e-06,7.222517408059108e-06
6524,Zfp747,128.6241987212969,-1.128984112176297,0.0752547157648835,-15.002170969638028,7.105660458764995e-51,1.3419415777849052e-49
6526,E430018J23Rik,98.29372041808364,-1.6495621336655208,0.0803525100426868,-20.52906788834848,1.1842473169971014e-93,4.6227939909922565e-92
6532,Fbrs,244.37029914029608,-1.4525546464726244,0.0512974793790281,-28.316296708069263,2.1774937969857477e-176,2.103868039872196e-174
6538,Ccdc189,12.853997502280327,-0.801827982874356,0.1919482861564939,-4.177312540423684,2.9497358850953824e-05,7.989001263519909e-05
6539,Rnf40,23.865408289918594,-0.635666677805411,0.1491926243537089,-4.260711148148713,2.037774605015404e-05,5.628905748303488e-05
6541,Zfp629,643.8528114806676,-0.8385152432984195,0.0287979800852459,-29.11715477322715,2.1775085043767575e-186,2.425494823219155e-184
6543,Gm39090,1100.3965973451352,-4.280854842123182,0.0451980647486342,-94.71323309816124,0.0,0.0
6548,Setd1a,42.46965143102188,-3.669487644491369,0.1889380249995048,-19.421647095659992,5.0639482500375765e-84,1.706326146371043e-82
6553,Zfp646,13.718312674089402,-1.3814186583529686,0.1954991336709757,-7.066111406293446,1.5933551418612036e-12,7.889183103303716e-12
6577,Btbd16,16.81749382786323,-1.6707780963531813,0.1867336735567989,-8.947385142321316,3.640024148847949e-19,2.528067605840069e-18
6583,Acadsb,566.1641268334797,-1.6549439442962368,0.0411687877844364,-40.19899621435721,0.0,0.0
6584,Bub3,258.95605556773563,-2.423699516010113,0.0973223892216123,-24.903822598221662,6.76355840084166e-137,4.497380582278287e-135
6606,Tcerg1l,653.8283677609026,-1.2870608470408238,0.0383324808480281,-33.57624705125317,3.7278797609072495e-247,7.086213180298476e-245
6608,Bnip3,87.8823092368907,-4.901528040481176,0.1813538515528589,-27.027427311366115,7.037680218133311e-161,6.033085865427221e-159
6610,Stk32c,31.82964388525804,-2.073787624166399,0.2217623690480978,-9.351395518852058,8.649880363023335e-21,6.464491785835559e-20
6615,Cfap46,78.66554127109605,-0.6948632743725226,0.0863678769038287,-8.045390245568472,8.59710212159853e-16,5.0485601713403316e-15
6628,Cd163l1,36.09314946246516,-0.572126796877441,0.1131888096818199,-5.05462331908712,4.312410415800934e-07,1.4207881189059294e-06
6636,Psmd13,21.344133659802363,-0.5018864391865362,0.1516992294932106,-3.308431037278264,0.0009382028806922,0.0020679722684076
6650,Drd4,13.100257532486827,-2.231225789117107,0.2421112229716556,-9.215705747677465,3.0923725346787164e-20,2.2636840052934863e-19
6653,Eps8l2,74.24118335003497,-0.6021865640453598,0.0807451322915512,-7.457868319182494,8.79334840936918e-14,4.686927064402567e-13
6667,Tollip,26.411886631477586,-4.043429144600398,0.3347041495669812,-12.080606559050814,1.3372956554506264e-33,1.5801774609811182e-32
6672,Gm45889,11.306595584674117,-2.2802412569656445,0.2577688729604384,-8.84606908032534,9.065615124768908e-19,6.1977903558232476e-18
6674,Tnni2,22.686195221608884,-0.5045464378697502,0.1496213622099494,-3.372155088133525,0.000745824379229,0.0016738933192962
6675,Lsp1,35.366058937189834,-1.504679205024671,0.1252975164348631,-12.008850995916507,3.1924980897602984e-33,3.729486078405351e-32
6676,Prr33,12.749434460259083,-5.410789848680759,0.5703641527980554,-9.48655314703222,2.3879999382553017e-21,1.8276298870988497e-20
6686,Trpm5,182.45926536916969,-0.5245552695957576,0.0509949155966638,-10.286422939585664,8.113467518646093e-25,7.180582994234964e-24
6688,Kcnq1,10.688175306254069,-5.3780276179269295,0.6028548435028059,-8.920932917580346,4.623766212546228e-19,3.1960641709489505e-18
6689,Kcnq1ot1,206.09397249451516,-0.5137401109454972,0.0476467982420912,-10.78225882744958,4.175054068860463e-27,4.058551726305268e-26
6697,Tnfrsf23,46.32191316838592,-2.3100671694500683,0.1311493242789591,-17.61402265814558,1.9228145747671512e-69,5.173258659004299e-68
6707,LTO1,82.59494560553667,-4.766073168307689,0.1791742827067768,-26.600207888692864,6.750563182335469e-156,5.5165349968543317e-154
6715,Mcoln1,25.272783088020688,-0.8783001533305496,0.1370945471339066,-6.406528718262388,1.4887007904539738e-10,6.490750292560232e-10
6721,Stxbp2,229.22132758766884,-0.9182082244093124,0.0548507637843681,-16.740117385037976,6.685621709805409e-63,1.5778428132399054e-61
6743,Lig4,13.516140279153417,-4.699449096871893,0.4397237559444142,-10.68727589388178,1.1674977966729977e-26,1.113260712552747e-25
6754,Ankrd10,14.710292585057989,-1.1758450588790563,0.1943245680408146,-6.050933604196097,1.4400879649728524e-09,5.852720969427201e-09
6786,Gm16725,29.56205797254077,-1.637743959430752,0.147794723947361,-11.081207202051782,1.547715265777976e-28,1.5718028204370063e-27
6791,Defb40,82.06469457894734,-0.6031471216820561,0.0780383509543466,-7.728855291097892,1.0851794438471801e-14,6.018908377418168e-14
6798,Vps36,42.15981938484091,-0.7417693716643241,0.1069061511792909,-6.93850974412419,3.962576659717849e-12,1.929218837002944e-11
6799,Thsd1,13.356263114977088,-1.508048637847774,0.2010665305612234,-7.500246976154904,6.369770093078913e-14,3.418058894991225e-13
6801,Mrps31,27.80555872417305,-1.8045592505787145,0.1543358829890484,-11.69241537113417,1.3936582228878703e-31,1.5435272325435771e-30
6802,Smim19,33.360945060883644,-3.187458621308556,0.1805655187360765,-17.652642894502478,9.710379183734932e-70,2.624653959275989e-68
6806,Polb,15.930194800968044,-1.3138797758771497,0.2039235911994662,-6.443000381412413,1.1713440091557346e-10,5.133950885241977e-10
6807,Ikbkb,104.73549961823294,-0.7028840604781835,0.070804851219666,-9.927060764488372,3.174758431667116e-23,2.6188762006129496e-22
6818,Plekha2,546.9839057440395,-0.8978290576183594,0.0338242078978276,-26.54397880743934,3.0140219500574975e-155,2.4068135097080143e-153
6859,Fut10,37.01293990628459,-2.9562013858016414,0.1639692568940218,-18.028997885331165,1.1536355739097126e-72,3.312771579069467e-71
6861,Wrn,59.3426218794232,-1.7844051511682044,0.1001093055074314,-17.824568276879546,4.555941900247514e-71,1.2666822249845554e-69
6875,Tnks,114.80915780687876,-2.3609531796570264,0.0831388164189267,-28.397724208153992,2.157294275984142e-177,2.1194810280006001e-175
6886,Micu3,366.8757197487264,-0.7848147279844797,0.0392076284889377,-20.016888504386657,3.924788575175539e-89,1.4269584740679797e-87
6903,Zfp42,44.898083604286825,-0.8101733509108338,0.1046169341718534,-7.744189383144873,9.619354434283782e-15,5.347211390551645e-14
6904,Gm9908,10.43129768339726,-0.6295782842963658,0.2234285182665587,-2.81780629071377,0.0048352971745347,0.0094649291457648
6907,AY512931,23.935766309726947,-1.8568603742874212,0.1650605853551026,-11.24956857685116,2.3272759776520426e-29,2.4197028714137286e-28
6922,Casp3,96.33533802876669,-0.5930028144806694,0.0732192731827684,-8.098998920686194,5.541327579877339e-16,3.2872027380222146e-15
6968,Apela,10.114683909323531,-3.722755630884686,0.3744265210162744,-9.942553269945526,2.717703395421814e-23,2.247148793339796e-22
7003,Borcs8,28.28145269063497,-0.8712770225509421,0.1526302168606796,-5.70841764148341,1.1403133242140664e-08,4.3417808434259945e-08
7011,Cope,10.386955200503936,-0.6923943082553411,0.209741292385618,-3.301182615878735,0.0009627819508215,0.0021186775834865
7013,Comp,23.931165203866016,-0.5083103042624576,0.156464037877593,-3.248735691329437,0.0011591913249693,0.0025220126761712
7029,Gm3336,332.098436096876,-1.0422574005250196,0.0443477763970514,-23.501908893775244,3.8994876081145125e-122,2.2140986782696947e-120
7032,Mpv17l2,572.2017644145478,-1.5101229609173246,0.0486672869530089,-31.02952836420559,2.1551769195435115e-211,2.9912487276965815e-209
7033,Ifi30,72.79103021915623,-0.5591159170892297,0.079085802411116,-7.069738183634363,1.5522628478895504e-12,7.694436701783576e-12
7048,Use1,43.861111878528135,-0.5872049287398724,0.1019920421668535,-5.757360243647604,8.543945218101845e-09,3.283157854848716e-08
7051,Babam1,88.25523681182023,-0.7510811636677399,0.1035906147550137,-7.250475011119554,4.1531250046316273e-13,2.13240898652372e-12
7061,Pgls,43.45936701406114,-0.5862778235531583,0.1089345326011795,-5.381928113645845,7.369219561811741e-08,2.615115902941634e-07
7067,Zfp709,100.84944797271282,-0.8839029213292346,0.0707735085253522,-12.48917765624981,8.553313899566e-36,1.0730297953774047e-34
7071,Gm26586,86.18413520097506,-1.4799089032187314,0.118638146036154,-12.474140507621728,1.0331496159689892e-35,1.2933228692960406e-34
7073,Rab8a,68.84535308379326,-1.7369585085921997,0.1556057091520186,-11.16256285233906,6.217298809786258e-29,6.380758309010686e-28
7097,Iqcm,24.535578173105907,-1.3797905590860295,0.1497703597998274,-9.212707780966545,3.179998124410546e-20,2.326853857727684e-19
7104,Tmem184c,111.94054825782732,-0.5486836494912808,0.0673540800520282,-8.146257050314478,3.7536177886256037e-16,2.2472875004274067e-15
7105,4933431K23Rik,103.23826824841473,-0.6363366806199544,0.0688058016017349,-9.248299791683683,2.2809182821783598e-20,1.6788172945595604e-19
7111,Mmaa,90.87891886389605,-0.9985836250864356,0.0781545512180025,-12.777037415274874,2.203023065001948e-37,2.916462328596069e-36
7116,Gm45435,119.12058353194357,-0.5322463766713842,0.0656237101065017,-8.110580395524618,5.037854243151333e-16,2.9946293339303374e-15
7118,Smarca5,1572.6782986216283,-0.7001433067965113,0.0233137607352374,-30.031332771562813,3.8275926043826376e-198,4.55353329696895e-196
7121,Gm9725,249.62670129998085,-1.5376737851637965,0.0607184136069584,-25.32466996119899,1.709020182474977e-141,1.2299318909926913e-139
7136,Gm10644,124.88287096818677,-0.7769733311383935,0.0724295020406743,-10.727304609964971,7.577421113122101e-27,7.257061359599087e-26
7137,Asf1b,52.23534956613869,-4.881621056751177,0.2382852490283617,-20.48645930311089,2.8433476471808907e-93,1.1049880811977648e-91
7139,Samd1,115.22075545227266,-1.7688543407876434,0.0754144175478576,-23.455121690294,1.1720328776088383e-121,6.611777730201086e-120
7144,C330011M18Rik,26.175415905632587,-2.1969979605821437,0.1639065386134937,-13.40396776825884,5.731517085274025e-41,8.352730898939348e-40
7147,Podnl1,48.94241326686544,-0.514448969489751,0.0981429616241206,-5.241832536703424,1.5898963375433373e-07,5.477562480488156e-07
7162,Rad23a,21.19705996210833,-2.1574988763138747,0.226272834335216,-9.534944319111716,1.4996602358617766e-21,1.1563517726962411e-20
7164,1700122E12Rik,45.15486624346381,-0.5554252559145388,0.1045420329440156,-5.312937201173238,1.0787222062314313e-07,3.7729387885150533e-07
7166,Syce2,55.363674496382735,-0.5525503935906702,0.1024640121322154,-5.392628905431511,6.943425436836574e-08,2.470531516569644e-07
7169,Dnase2a,732.0294060072606,-2.449137634566999,0.0813899708851581,-30.09139342269515,6.279702181108889e-199,7.521878886522759e-197
7178,Fbxw9,10.248548331670682,-1.355905879179346,0.2318581536992901,-5.847997396450833,4.975263390076794e-09,1.9508387032659863e-08
7182,Man2b1,17.63241912722557,-2.376941727115876,0.2151488827991006,-11.04789249282503,2.2442148631208704e-28,2.269914952357304e-27
7197,Cnep1r1,144.87976344962195,-0.5523378988271225,0.0572305186336147,-9.651107695933105,4.862759155373269e-22,3.827179662878836e-21
7200,Brd7,22.633275568212312,-0.7319522741335855,0.151483644557307,-4.831889781056094,1.3524312542138602e-06,4.246959557136288e-06
7204,Sall1,27.71053988837347,-1.2375287590594777,0.1354483929573508,-9.136533347052282,6.448634644634221e-20,4.656223066282546e-19
7214,Irx3,21.66428470724711,-0.6391641341010958,0.1632815142894013,-3.914491710116288,9.059485007880851e-05,0.0002311530111144
7216,Irx5,40.5662553112658,-0.565632601014434,0.1090444051414263,-5.187176731175072,2.1350609594724082e-07,7.267019474358401e-07
7227,Mt2,48.86231032114132,-3.237194914964509,0.1514707343904507,-21.371751632364138,2.4477557199816832e-101,1.041517081047194e-99
7243,Adgrg1,39.21002591535747,-1.897595347476384,0.1509877253087616,-12.567878240406,3.1712067846489107e-36,4.0245329644368754e-35
7247,Gm31036,459.2561993204274,-1.0864747796774632,0.0466087172013744,-23.310548861135008,3.465433621634397e-120,1.9239207357188045e-118
7250,Usb1,14.925553091600884,-1.3789611153932226,0.1912327463369567,-7.210904731574892,5.558133268800377e-13,2.833011792619673e-12
7256,Gins3,60.18855729032014,-2.409840791822468,0.1177899314359589,-20.458801210294208,5.015637956404847e-93,1.9362798362385866e-91
7262,Sap18b,189.20814505196384,-2.8378301469123763,0.0800599778989846,-35.446301902468655,3.3073150250305685e-275,7.415169892017254e-273
7267,Cklf,1137.3854645902106,-0.5388910110506472,0.05436403617346,-9.912638004492536,3.668302163865874e-23,3.018883211373478e-22
7268,Cmtm3,11.98767800315992,-1.4135256382860502,0.2342056400407889,-6.035403921271378,1.5856555177406906e-09,6.423429162439008e-09
7269,Cmtm4,2679.2378457750333,-1.3275344759487595,0.0383613584917704,-34.60603399208479,2.0500154679731624e-262,4.372032988282276e-260
7281,Fbxl8,81.08642405378036,-0.5231541984965433,0.0798260022615496,-6.553681553316801,5.6135610031580746e-11,2.5268971640470633e-10
7288,Tmem208,25.76873149212116,-0.6766312075558405,0.139584528614638,-4.847465648745852,1.2504867657105892e-06,3.941692963004106e-06
7289,Fhod1,29.373330342138285,-1.4922921345550493,0.1412833257902007,-10.562408028043134,4.45094832087077e-26,4.129346643787162e-25
7293,Zdhhc1,160.9698353108348,-0.9040630966001876,0.0632181400428043,-14.300691162189455,2.1664715625439477e-46,3.6186489671221164e-45
7294,Hsd11b2,140.05926672029278,-0.7304405628122875,0.0645534675505434,-11.315280038835628,1.1024971474460473e-29,1.1593788403208943e-28
7296,Gm38250,57.031052394757324,-0.8284103590832336,0.0942043009583722,-8.793763667428495,1.4463163298976826e-18,9.799759774215683e-18
7297,Ripor1,65.92534110685999,-1.1266708852162588,0.110124146186901,-10.230915963735056,1.4414945479041075e-24,1.264869877257754e-23
7298,Gm5914,131.60829184067535,-3.912039324550385,0.1096060213088537,-35.69182858601199,5.293239616563894e-279,1.2180022949272287e-276
7311,Nrn1l,16.138223135127124,-1.2118550650636486,0.192951209499149,-6.280629534322732,3.3720479176632536e-10,1.4313197568955094e-09
7318,Dus2,12.71881036275206,-1.767554555809831,0.2178195241580993,-8.114766399576244,4.867201760845782e-16,2.8991016482857976e-15
7322,1810019D21Rik,12.709595449542457,-0.9650184139873637,0.1955018270317164,-4.936109440198775,7.969639703467535e-07,2.560122320614259e-06
7324,Slc7a6,40.98822800321349,-3.6128889530409625,0.1810816388796591,-19.95171335643792,1.448389644291083e-88,5.24419008268374e-87
7326,Prmt7,30.857589190799988,-0.6998395645974738,0.1247795786565964,-5.608606569537224,2.0396209088965316e-08,7.608551718170338e-08
7333,Chtf8,780.4265710693588,-4.836893571725499,0.1307322223141451,-36.99848045191647,1.211388888881794e-299,3.209813467994669e-297
7341,Nob1,40.45654872737656,-0.7474983695441638,0.1082903214301451,-6.902725559147526,5.1014128137637015e-12,2.4719730475782658e-11
7346,D030068K23Rik,83.36554489692215,-0.7114083266049795,0.078974035168083,-9.008129381902108,2.0960099384596624e-19,1.4720892290675733e-18
7350,Ist1,598.2250508915088,-0.5762421501050808,0.0311386956061652,-18.505661168125105,1.8588394630635427e-76,5.624114970597793e-75
7361,Sf3b3,46.54181754233246,-3.5962352137578413,0.1685364805952519,-21.33802249255676,5.038085501602959e-101,2.1384960983503044e-99
7362,Cog4,35.009353900790224,-0.774252607787608,0.1385972360800534,-5.586349552745782,2.3189225535024052e-08,8.595446718026722e-08
7363,Fcsk,67.15297854548781,-1.0203221328878398,0.0936816784960004,-10.89137331085929,1.2671488515934095e-27,1.247039905270993e-26
7371,Glg1,66.29759247062582,-0.7250980504555484,0.0885810068750217,-8.18570567253298,2.7071262053295486e-16,1.6364404797374057e-15
7376,Zfp1,34.178891228186345,-0.5006086578434595,0.1163216736708374,-4.303657624975914,1.680012218000589e-05,4.686561440164986e-05
7405,Mlycd,248.2970344909625,-0.5780284984473365,0.0501994505820647,-11.51463794414225,1.1132613034434977e-30,1.2062400046232889e-29
7408,Hsdl1,21.472440943794737,-1.7756929272420092,0.1672504503440884,-10.616969482526548,2.484978657588126e-26,2.335158880381577e-25
7417,Crispld2,10.89458694954252,-0.6317869460433253,0.2220804878500099,-2.844855719472417,0.0044431543699107,0.0087482417947533
7436,Car5a,12.98716503704586,-0.8021002062252386,0.2149598741743442,-3.731395030379909,0.0001904223534851,0.000464709198681
7437,Banp,14.435137675211603,-0.8893363556549895,0.1893640524114063,-4.6964370709750405,2.647387460033096e-06,8.071393288190165e-06
7444,Ctu2,313.98905281230293,-0.73760005390689,0.0461505245261273,-15.98248473837627,1.6926224996343827e-57,3.6498868401487157e-56
7447,Aprt,10.147084298733043,-1.0461125742575974,0.2181487656817984,-4.795409091534829,1.623431809520146e-06,5.048110861466627e-06
7453,Spg7,93.59630783598628,-0.618077967472063,0.0748527856128281,-8.257247374453595,1.490702699861777e-16,9.137542521970825e-16
7454,Cpne7,11.107316110938088,-2.48942879675303,0.2632057234545317,-9.458110424346732,3.1355804662065078e-21,2.3862067533951008e-20
7477,Gm29773,33.18307795943405,-0.7947757353109887,0.1277982483004562,-6.218987708207511,5.00372498730179e-10,2.096936079030283e-09
7485,Cog2,68.6711986575644,-1.642558234548953,0.1046050973444648,-15.70246839061776,1.4546985512648872e-55,3.0393988368602565e-54
7503,Gm45875,43.82367673474226,-1.6149651362218118,0.1129750024026574,-14.294889151370567,2.3548044564727147e-46,3.9257216715724345e-45
7508,Irf2bp2,11.676827896021557,-5.756910557990059,0.66584085262888,-8.646075913276517,5.330066275120413e-18,3.517441472426633e-17
7511,Rbm34,182.4458648447045,-0.7268323063190978,0.0778330584350515,-9.338349551374868,9.784741347388267e-21,7.297038664525632e-20
7517,2610044O15Rik8,23.75432205476331,-0.8799449648112504,0.139295298960282,-6.317118893309914,2.664845680603036e-10,1.1408279378797032e-09
7519,Alkbh8,44.195321491942885,-2.6419236009830307,0.1372049382324051,-19.255309867258557,1.2741014785608337e-82,4.196136846906188e-81
7521,Gucy1a2,43.61236946526731,-2.012290893808641,0.1247068310897523,-16.136172142489787,1.4208431493304129e-58,3.1137474931692055e-57
7524,Msantd4,88.42651393603224,-2.670805088754372,0.0973695725433502,-27.429565715360347,1.218066939538389e-165,1.103707494230432e-163
7531,Birc3,82.81374282712567,-1.522574330148639,0.0851729510464348,-17.876266014530326,1.8053019157311765e-71,5.075742749567012e-70
7546,Fam76b,36.10416453638855,-0.672516929859476,0.1153680387589527,-5.8293175223739135,5.565451758074431e-09,2.1754273657846592e-08
7553,Mre11a,622.5060669800378,-0.8477854590573362,0.0870328173329981,-9.740986044535427,2.0158866797417494e-22,1.611971936686041e-21
7565,Zfp266,46.8444080940341,-0.6212376373023203,0.1012173549834445,-6.13765927200856,8.374624109080112e-10,3.4500689380351707e-09
7569,Ubl5,16.5138463589127,-2.342591624386499,0.2285702871594115,-10.248889536340776,1.1971090890869607e-24,1.055725857284557e-23
7577,S1pr2,22.05619179641885,-3.4609539583670617,0.5204558766463495,-6.649850858959144,2.933901579241127e-11,1.3495021256646195e-10
7585,Cdc37,25.45827281153525,-1.9671187317716343,0.1694258084010842,-11.61050226252924,3.6446840416059965e-31,3.9961275560881294e-30
7589,Atg4d,16.02332500212334,-0.511868540368185,0.1729273413391618,-2.9600208758443745,0.0030761819679427,0.006240142704487
7591,Cdkn2d,25.129387974023093,-1.8545479071194813,0.1562370369179647,-11.870091392563,1.6928260170867138e-32,1.9235959315667606e-31
7601,Timm29,77.85842447616638,-0.7291385994162076,0.0801897182879868,-9.092669421753529,9.663671751795437e-20,6.89226311563616e-19
7606,Kank2,47.49617302345811,-0.5175819644792458,0.1019570280488924,-5.076471670310405,3.845080969885764e-07,1.2737786702284949e-06
7612,Epor,636.1931630707613,-0.9666785216533862,0.0364211634821287,-26.541670535256785,3.20473744201076e-155,2.5474749266310983e-153
7618,Gm16845,205.97034215988785,-0.5995472439744048,0.0557912506996169,-10.746259251336722,6.1713959073435854e-27,5.933225488049732e-26
7620,Cnn1,76.24982895958415,-0.7147976949519302,0.0811937751194614,-8.803602171474832,1.3249344490022911e-18,8.994741321487602e-18
7625,Zfp810,11.337862127300154,-2.5299521986397515,0.2677468749942296,-9.44904473187325,3.4193694417460525e-21,2.5976512944072532e-20
7640,Glb1l2,72.3992109406418,-0.7926269483656778,0.0871113073128164,-9.099013352185802,9.115613920517248e-20,6.517328546279869e-19
7655,St14,11.326373524508371,-0.8879478936401957,0.203186050933558,-4.3701223069223145,1.2417696431242428e-05,3.517911472372713e-05
7665,4930581F22Rik,12.859664729583146,-3.769503224839272,0.3353460269656907,-11.240637794181858,2.5751509391194685e-29,2.6710699657960416e-28
7669,Foxred1,187.42883978444567,-1.749869566110477,0.062702859421255,-27.90733281164057,2.173802289001274e-171,2.0548894286515827e-169
7671,Rpusd4,15.930213759513498,-2.1498324342542823,0.2076524760403472,-10.353030579016869,4.054446436802708e-25,3.643584752662166e-24
7674,Pus3,512.4958379694757,-0.551608469501581,0.0358187863591094,-15.399976536650454,1.637287486769935e-53,3.283587565210163e-52
7680,Gm26787,60.21446688031861,-1.0226610082140546,0.0956383772480473,-10.692998330175392,1.0976405012450162e-26,1.0477913256426225e-25
7687,Robo4,10.162477080766712,-0.6379692005490701,0.217989610948554,-2.926603693511028,0.003426852471266,0.0068883673583333
7691,Siae,17.096261405916234,-1.6083694795107706,0.1964587105520641,-8.186806657699869,2.682485892015209e-16,1.6221062683112718e-15
7698,Olfr924,359.88385475365084,-0.5166256301280994,0.0390649428346311,-13.224789098375693,6.311401682021383e-40,8.944391621976494e-39
7706,Gm48293,26.17621312541058,-0.637904468506877,0.1371884786440712,-4.649839948745907,3.321927170808341e-06,1.0014456535613908e-05
7712,Sorl1,150.54163140169527,-0.6941963452692,0.0605011232730282,-11.474106722555288,1.7800643048741732e-30,1.9144996656604886e-29
7723,Gm49380,331.9771600238769,-0.7020970168631364,0.0411387985753385,-17.066541590352184,2.633449419248306e-65,6.588521236597193e-64
7726,Gm26737,42.102287499039456,-0.5638350288047043,0.1064836535052581,-5.295038348556123,1.1899143689629235e-07,4.1452634431122724e-07
7728,Mcam,56.24004451391369,-1.0228965167758026,0.1009810710669899,-10.129586723210949,4.0837176174919254e-24,3.5302053235145224e-23
7765,Pcsk7,25.623218343638985,-1.4541482228650304,0.1588786523053931,-9.152571486255422,5.559413473213104e-20,4.029134803959832e-19
7779,Zbtb16,10.212156524504424,-0.6454174323524493,0.2105392214492903,-3.0655448799971072,0.0021727376629713,0.0045207419690711
7791,Nkapd1,16.68895325927035,-2.0841321195711013,0.2321605764993683,-8.977114680695031,2.7796011467005995e-19,1.939731239166005e-18
7795,2310030G06Rik,36.66816550127437,-1.0605183142407446,0.1209227989799647,-8.770209780013928,1.7833371786291792e-18,1.2045963916518765e-17
7830,AY074887,65.36215791421475,-1.2377448275246892,0.0914265956666611,-13.53812660855789,9.313388677306713e-42,1.3837938928525048e-40
7831,Psma4,34.90804161836173,-0.5397669440779036,0.1158699089363756,-4.658387574761024,3.18695775105244e-06,9.627486120297991e-06
7840,Tspan3,522.0973001338364,-0.5122019881039178,0.0327519738202,-15.638812821351642,3.960427261606025e-55,8.186755549759592e-54
7841,Peak1,164.84471887382182,-2.189790478003605,0.0921380326089104,-23.766412370648297,7.4344961443347e-125,4.3775915344149904e-123
7844,Lingo1,106.8234658820398,-0.5572686695122027,0.0678653684940874,-8.211385009436038,2.186515485839292e-16,1.3272399450315009e-15
7846,Imp3,13.796475433488611,-2.000447096753875,0.2143438837881046,-9.33288630120872,1.0302632758612855e-20,7.673443001815231e-20
7850,Sin3a,64.10082617890883,-0.7556330001093051,0.1026795167151965,-7.359140598657215,1.8509799530588346e-13,9.680005209058882e-13
7862,Csk,22.51529528263934,-0.9481727124535688,0.1483257689647789,-6.392501579942724,1.6319354041346624e-10,7.101091402713853e-10
7866,Gm17231,13.132618808421304,-3.186277198983281,0.2912319599035899,-10.940685218882132,7.364120820227629e-28,7.325582759052378e-27
7868,Ubl7,13.172248879764153,-0.8245770029982636,0.1975948307765511,-4.173069709150092,3.0052294337150505e-05,8.133000980626555e-05
7875,Insyn1,340.43855072734203,-2.105508061770029,0.0492428409479071,-42.75764804060344,0.0,0.0
7879,Gm47271,12.909490544600752,-1.82914834961952,0.2367150808908017,-7.727215109135014,1.099248104756028e-14,6.095006612547058e-14
7890,Gm20275,10.653189968211086,-0.6028281518737663,0.2063661713785244,-2.921157803369025,0.0034873314086044,0.006997068801477
7891,Thsd4,77.79921572313467,-2.244835765218049,0.0996887827308076,-22.51843892286098,2.7384617960556316e-112,1.3566634529580988e-110
7897,Kif23,73.44353736892052,-0.9065073627024204,0.0880042207923578,-10.30072597132909,6.993153324822854e-25,6.204782615144703e-24
7901,Itga11,13.00749958189806,-0.7267719866371032,0.2163176080755584,-3.359744928315064,0.0007801446430005,0.0017449868812841
7906,Map2k5,563.7370381165996,-0.6715246813606998,0.0390175372703442,-17.210842311954448,2.2020544608205042e-66,5.638291128964711e-65
7907,2300009A05Rik,46.87260471370169,-0.5319082790151969,0.1023130371188265,-5.198831879044287,2.00544805199557e-07,6.848479376751293e-07
7918,Uchl4,69.0965384231802,-1.0002051249152455,0.106771343033395,-9.367730109027566,7.410911053453795e-21,5.55516555948564e-20
7941,Zfp609,43.37400684243527,-0.985960074024308,0.1164712235050044,-8.465267594462459,2.555652381350652e-17,1.6299507237439898e-16
7945,Ppib,289.0892510145096,-0.7798335361016409,0.0528780924868803,-14.747762247572116,3.180362239157998e-49,5.763541434030577e-48
7948,Dapk2,10.282632164624845,-1.596541757678543,0.236859364400608,-6.740462897545649,1.578828181423839e-11,7.398324554324785e-11
7974,Gm32511,57.72332831498189,-1.3092700175452732,0.1101207688145687,-11.88940135125591,1.3436620059010446e-32,1.5278258230947638e-31
7979,Tcf12,29.913824772609235,-0.5443687513935032,0.1332658696226801,-4.084832470120005,4.410862895574721e-05,0.0001170340924257
7990,Prtg,34.217341091125576,-0.8341784009042614,0.1179210855239945,-7.07403936452504,1.5048756674468774e-12,7.470129342126312e-12
8003,Gm16551,53.7602108860872,-1.6570699366816648,0.1089012201811143,-15.21626602462104,2.7583130870001412e-52,5.383636078734203e-51
8006,Arpp19,429.8227595714995,-0.8689466656590861,0.0363977644873921,-23.873627347637825,5.756719014387841e-126,3.43595570387763e-124
8007,Myo5a,21.44393309424581,-0.6809531871963601,0.154932935536607,-4.395148035102365,1.1069728937801596e-05,3.153403154655063e-05
8008,Myo5c,11.81702183309082,-2.251610458087832,0.2471467364949588,-9.110419542738969,8.206400495679472e-20,5.888942628988209e-19
8031,Ooep,154.43452092895777,-2.191276100277063,0.0808203108768706,-27.1129382763135,6.930388978124353e-162,6.074920249708497e-160
8040,Cox7a2,10.502632797624406,-1.8679620636565368,0.272130692944283,-6.864209411464621,6.686049044276815e-12,3.214008402592439e-11
8062,Tpbg,27.60850053360193,-2.0842429748754587,0.1796328962315699,-11.60279112901793,3.988538756565115e-31,4.3676622276024256e-30
8063,Ube2cbp,123.69635473014245,-0.939641286967245,0.0746576424248426,-12.58600267096802,2.5212099029677827e-36,3.2112832325637714e-35
8087,Plod2,33.70535367799378,-3.83011115391592,0.2160663805814432,-17.726548404286394,2.6161012043442295e-70,7.159683546411877e-69
8100,C78334,201.93027167295568,-2.8742188721646795,0.3044163581331358,-9.441735949379062,3.666537697364749e-21,2.779384969723222e-20
8104,Rnf7,472.781732308049,-0.5040877185037631,0.0383846836941046,-13.13252240192836,2.143942830262428e-39,2.9922803045195004e-38
8105,Gm28729,60.28005214971586,-1.3376812791725128,0.102720236639256,-13.022568122290505,9.10561260472944e-39,1.2548380869307208e-37
8111,Gm16185,64.19311459015564,-0.9060350606935996,0.0909649758009582,-9.96026275735078,2.274607481482031e-23,1.8888098592667496e-22
8117,Copb2,106.5622695493114,-0.6497514299493412,0.0656384968154772,-9.898938297991805,4.207175285299514e-23,3.4542291732074127e-22
8121,Faim,61.23558860450379,-0.8220927854125479,0.0933010604451899,-8.81118372599301,1.2383122014316365e-18,8.419752635550721e-18
8125,4930422M22Rik,105.51525357552852,-1.577927377650193,0.0794710136444801,-19.855382551293168,9.900575703001488e-88,3.52629873511385e-86
8132,Il20rb,56.21013183608704,-0.9130323251882804,0.0961118639773831,-9.49968388297134,2.1052842058688344e-21,1.6140819900146504e-20
8140,Ky,130.3867069111473,-0.6460317528473073,0.0660284261871915,-9.784145861901935,1.3170256087511602e-22,1.0609002232077516e-21
8150,Topbp1,15.173241357531518,-2.01075833119159,0.3180970395244371,-6.321210452627044,2.5952229014859505e-10,1.1129293305832836e-09
8156,Uba5,166.63340210270638,-0.9201305034983056,0.0611289774113544,-15.05228031718056,3.335363163419732e-51,6.346989227626145e-50
8157,Acad11,11.588396358864776,-3.471326350158328,0.3308005412980835,-10.493714238001576,9.23260923617203e-26,8.448972805974698e-25
8170,Col6a5,338.52701142267244,-0.6502521743125238,0.0378639867886693,-17.17336787438106,4.203092152326026e-66,1.0652706602880804e-64
8173,Alas1,63.39858448218348,-1.253400704903886,0.0909059199060559,-13.787888689748442,3.014539335414489e-43,4.6777518986449487e-42
8181,Rrp9,107.52037645254752,-0.5905274668880824,0.0688499877714306,-8.577016292995218,9.73658312253036e-18,6.315777657522661e-17
8182,Tex264,26.65868471993271,-0.8675908328289293,0.1371097966083302,-6.327708553950393,2.4882854373816207e-10,1.0686428224196903e-09
8190,Mapkapk3,74.07481809382207,-0.8320966314016723,0.0855137566857204,-9.730558727057078,2.2336268791077233e-22,1.7820103495363072e-21
8192,Hemk1,17.206475704249286,-4.938955074400366,0.4134048358764513,-11.947018142468956,6.729670943419429e-33,7.752864654711397e-32
8199,Tusc2,190.08449468670173,-0.5489470509279244,0.0537428798764416,-10.214321454116146,1.710718462694408e-24,1.4936118060708842e-23
8201,Hyal1,49.945733063887765,-1.9240845549685672,0.1165062892481852,-16.514855699075817,2.868462420144697e-61,6.635406190937894e-60
8202,Naa80,12.969460529676152,-1.4984816757870565,0.225046123239443,-6.65855360766518,2.765354269620147e-11,1.2743218831914922e-10
8203,Hyal3,108.05939008915566,-0.5977762783321506,0.0757264123597573,-7.8938940813974465,2.929007726691518e-15,1.6706616805081955e-14
8210,Gm37850,37.78068032482265,-1.1250579914727854,0.1170209587538388,-9.614158040179944,6.967704370393113e-22,5.439786340599765e-21
8215,Inka1,110.07401202604122,-4.290453007576804,0.1761634346312094,-24.354957750220308,5.136942520483994e-131,3.278644189716208e-129
8216,Ip6k1,141.94934252303133,-0.5959478749979249,0.0647997866973529,-9.19675673905064,3.689164144248417e-20,2.6949082103014334e-19
8217,Gm38134,31.3338279052891,-1.1239826820155288,0.1497457143279831,-7.505942237209583,6.09883080193488e-14,3.2766928744773333e-13
8232,Klhdc8b,62.04602341020643,-3.038906539430096,0.131095099033781,-23.180931719247717,7.091200220715033e-119,3.8753409206207656e-117
8245,Slc25a20,47.43480890303843,-6.431767097555538,0.4161111415878694,-15.456849035601596,6.783666398254996e-54,1.36831324074606e-52
8249,Slc26a6,146.4866262748021,-0.689250573817607,0.0606487830458715,-11.364623314804088,6.273449540930459e-30,6.661207381408129e-29
8251,Col7a1,22.481514130068785,-0.550869356210415,0.1405182429952102,-3.920269314989884,8.845006778098088e-05,0.0002259443157104
8253,Tma7,44.34189801069631,-0.7815068588514307,0.1083369074726187,-7.213671472475341,5.446306456899047e-13,2.7784424538579504e-12
8257,Camp,10.203578276514916,-2.3541058540131856,0.2736480600683975,-8.602676932644009,7.787796360801673e-18,5.074254201106544e-17
8267,Kif9,12.588662408821174,-2.1245466137858164,0.2493598955251243,-8.52000121876758,1.5955164252235808e-17,1.0258232075113963e-16
8271,Ccdc12,52.28296645704432,-1.1883847133904946,0.105121268759858,-11.304893171573813,1.2410510649664855e-29,1.3011691261471163e-28
8283,Trank1,69.3164340316895,-0.6447990841957806,0.0799060391921456,-8.069466222011929,7.060616355270942e-16,4.158843341898895e-15
8288,Susd5,11.05721996746482,-1.1530115612936584,0.225797262658604,-5.106401856770796,3.283510239274947e-07,1.094378255468654e-06
8305,Gm17399,61.06010352574382,-0.6653690537652361,0.0980114608856274,-6.788686218458428,1.1315925229077548e-11,5.3542451408579036e-11
8315,Oxsr1,107.714355491089,-2.463426682532849,0.0940879042902683,-26.182182514481244,4.2405138931322735e-151,3.252548551013035e-149
8320,Gm47320,11.49818165832815,-1.8443626163365243,0.2587451692046197,-7.128104543965318,1.017604776430309e-12,5.1064196069478455e-12
8326,Gorasp1,295.2737672502625,-2.320841250090925,0.0969535867570008,-23.937652310973856,1.242519330935405e-126,7.518746733355835e-125
8328,Csrnp1,133.5745345113109,-0.7197671183482527,0.0627488303110874,-11.470606141658603,1.8535636134456047e-30,1.9923245526697442e-29
8332,Mobp,19.08701685651742,-2.671952190192654,0.2156474704859784,-12.390371118989714,2.946765358951027e-35,3.6470652935127775e-34
8346,Ccdc13,33.309644027773984,-1.5105957308964597,0.1637548054916652,-9.2247413830756,2.842459940882648e-20,2.0851065203924392e-19
8349,Pomgnt2,14.991970027890297,-6.122529322732504,0.6527573744800558,-9.379487022432054,6.6294475072411896e-21,4.977920910546755e-20
8355,9530059O14Rik,88.64198242214285,-0.6015897272425191,0.0715844096802005,-8.403921048313288,4.318130567404672e-17,2.7252063285013668e-16
8386,Rmnd1,171.3439707540085,-1.6034290101770825,0.0606561359884992,-26.43473712999293,5.4659858927139245e-154,4.305818076206356e-152
8394,Oprm1,237.21248988244028,-0.5291230559176908,0.0444333964903927,-11.908228893375195,1.072307191417872e-32,1.2248535704451826e-31
8406,Sash1,187.8207934235993,-0.7805861119046865,0.0513898929262902,-15.189487026647432,4.151557698561129e-52,8.066937892493003e-51
8424,Pex3,23.00006599291423,-2.597077116662636,0.1924874081146982,-13.492192253506296,1.7385310690413162e-41,2.570028008063782e-40
8426,Aig1,89.52218966933246,-0.8714327897514731,0.0750088029410123,-11.61774025959028,3.3487676492252063e-31,3.676286795332731e-30
8437,Ect2l,20.6571004880848,-1.2509974189909705,0.1614217830513798,-7.7498674301769,9.198853334598738e-15,5.1297687217940924e-14
8446,Ifngr1,15.679448834852224,-1.1646871208262473,0.1793490958839162,-6.493967059527813,8.360503587997112e-11,3.7146465128783916e-10
8447,Pex7,109.160967382986,-1.0769274441520718,0.0691085744149339,-15.583123415136658,9.480680486331546e-55,1.941430214812249e-53
8457,Hbs1l,233.37756073181097,-1.7366017364943502,0.1705678743939232,-10.181294353728662,2.403429379289537e-24,2.087986735470215e-23
8461,E030030I06Rik,31.92414236786705,-2.179506925155802,0.1775482305079797,-12.275576720308948,1.225156692953861e-34,1.4889187106585909e-33
8462,Raet1e,149.32288415188685,-1.5832434409952252,0.0648319972101695,-24.42071059237517,1.0306621994453668e-131,6.651003890738219e-130
8468,Vnn1,420.2984118069977,-1.1933618654626117,0.1010081959322767,-11.814505292845023,3.284766948735071e-32,3.702902857009226e-31
8478,Epb41l2,166.3367879100762,-0.906646371741001,0.0537921996158463,-16.854606768560494,9.705145517719824e-64,2.337790424433668e-62
8512,Gm26564,35.41646798311896,-1.507094731223614,0.1256128993944546,-11.997929659206218,3.642952283558775e-33,4.238719197263863e-32
8514,Nt5dc1,278.1190328877199,-5.479404589922114,0.3668178667063774,-14.937670945859766,1.8741175421265218e-50,3.4978193785174606e-49
8536,Fig4,25.75466560933345,-3.158752317604415,0.2054276500908465,-15.376471065153677,2.3543465548333072e-53,4.710848117954791e-52
8547,Snx3,157.9627138146211,-1.4383918655969052,0.0651649107560654,-22.073104204520416,5.731814741428666e-108,2.6801597913931685e-106
8552,Bend3,21.99236277347076,-0.5988856191560749,0.152119880618226,-3.936931956047829,8.252999601712244e-05,0.0002115012559125
8561,Prep,15.955410298873993,-0.8540106491189882,0.1757433459880839,-4.859419537721178,1.177304167899863e-06,3.723091372193997e-06
8564,Lin28b,10.864183819203392,-1.4706892214992502,0.2222877512010989,-6.616150523601048,3.686729812360688e-11,1.6816257422682243e-10
8567,Ascc3,27.72067969538105,-0.6926119707064362,0.1393260267157287,-4.971159998121485,6.655349649378247e-07,2.1541505583625166e-06
8575,Mcm9,36.27945260238904,-0.871495455447888,0.1228378792766218,-7.09468008223542,1.296510504852903e-12,6.465176991407918e-12
8587,Lims1,39.26858243140736,-1.092446998029674,0.1475559054077051,-7.403614209890024,1.325270773922436e-13,6.989244660541486e-13
8608,Adamts14,28.1223416237514,-0.8859523876286168,0.1317595188995574,-6.724010492964788,1.7678969279855018e-11,8.255535774795849e-11
8616,Aifm2,52.35102643529833,-0.8153710118306857,0.1005113601854749,-8.112227417140419,4.970017134630959e-16,2.9563149540961295e-15
8617,H2afy2,45.232032879511785,-0.6165602842487876,0.1014646701655784,-6.076600685170843,1.2275693878416396e-09,5.0076355154127824e-09
8631,Tet1,48.63213927282863,-0.7941299460161992,0.0992753664835201,-7.999264814076771,1.2516427201891869e-15,7.296242630222833e-15
8644,Gm47896,18.42816465507656,-0.5907807200502644,0.1535091771953813,-3.848504244787517,0.0001188412381927,0.0002980917345831
8655,Ank3,20.942390408666167,-2.771180695149296,0.2090623908791686,-13.255280796778749,4.2053990946031965e-40,5.99869652254655e-39
8657,Slc16a9,43.60896511516972,-1.3617584265462075,0.111881957193283,-12.171385455777152,4.4152398216411435e-34,5.284990691366209e-33
8661,Bicc1,211.8231418649441,-1.0582413350825248,0.0592142446896826,-17.871398016276807,1.9699502755662647e-71,5.529773743034163e-70
8675,Gucd1,53.97041453102289,-2.4629601254000693,0.1218651753138245,-20.21053282086132,7.908960702201707e-91,2.961711022700289e-89
8690,Zfp280b,26.018703815700885,-2.9324530741429964,0.196445577412658,-14.92755964662426,2.181029979890447e-50,4.0662955531262394e-49
8694,1700094J05Rik,43.53308481421255,-2.7947005967259977,0.2185314203472136,-12.788552750380877,1.899787856502467e-37,2.5245813096136123e-36
8719,Rrp1,14.324605469213592,-3.7996375247615584,0.3605410885236448,-10.538708751117484,5.727994022204435e-26,5.2805039251613685e-25
8738,Rnf126,484.9261192259772,-0.5149362696303804,0.0337294080938129,-15.266685623363678,1.2749029121512373e-52,2.516422362042984e-51
8755,Gpx4,495.01644763562393,-2.0902545714358904,0.1757839239507793,-11.891045122085089,1.3174757154957132e-32,1.4990250691339643e-31
8758,Cbarp,56.79604923710363,-3.560847631419987,0.1510070154325419,-23.580676839551835,6.084819063963584e-123,3.4774939800848088e-121
8772,Uqcr11,102.0033617228282,-3.72651171488538,0.3048856345563576,-12.222654308747169,2.3527532426923482e-34,2.841501982610758e-33
8776,Klf16,69.39831400244003,-0.6264862720599589,0.0862859065663839,-7.260586311137294,3.8541601974300353e-13,1.9823986333134254e-12
8780,Btbd2,21.806128867778245,-1.201411542735605,0.1594246133052839,-7.535922576992606,4.8489423153162766e-14,2.6156170021669044e-13
8783,Ap3d1,173.7590851696797,-0.5886792845669665,0.053553742024005,-10.992309077171402,4.161412532633456e-28,4.172865961622355e-27
8797,Thop1,788.3080843540444,-0.5416719787552247,0.0506721543751799,-10.689736511786126,1.1369351150799122e-26,1.0847092903719314e-25
8807,Mrpl54,15.819627929011215,-1.2354784886547223,0.1912497549669783,-6.460026518036813,1.0468463517123138e-10,4.6067561647571566e-10
8809,Pip5k1c,915.8792918205532,-2.16300452099104,0.0444975435386001,-48.60952648126983,0.0,0.0
8820,Ncln,51.59609695264543,-1.7889364566907784,0.1144035096523841,-15.637076713174917,4.069870605050482e-55,8.403057513709897e-54
8825,BC025920,164.13183621517123,-0.6263210364908537,0.0529533633394109,-11.827785753217857,2.8044222140169745e-32,3.174351823865945e-31
8828,Gm10778,24.956863341895243,-4.191198859241712,0.2913698483745783,-14.384463192133744,6.477876585787036e-47,1.0998553954586768e-45
8830,Gm3055,34.09832802565238,-4.35365162216578,0.2471088328676892,-17.618356946782544,1.7810301027506195e-69,4.799176338505829e-68
8832,Zfp781,273.0721815241593,-0.626577563967453,0.0746389710344827,-8.394777624653717,4.667768360395613e-17,2.9395006512999093e-16
8843,Gm47561,23.455797483752907,-0.8602788074101438,0.1450839435980305,-5.929524564025027,3.038130623835177e-09,1.2086175693728293e-08
8853,Appl2,136.95226829759392,-0.5174362065046617,0.0599949693985508,-8.624659895520512,6.428340718573902e-18,4.2183423071827535e-17
8857,E230014E18Rik,60.33750487261332,-4.924176762794216,0.227887897990664,-21.60789057344303,1.5140932171791814e-103,6.636206060659029e-102
8866,Cry1,59.235201035377166,-1.8044943874868964,0.1318731819066914,-13.683558411168764,1.2730695004343388e-42,1.9292408512647934e-41
8874,Timp3,61.83682810982585,-1.513722769855988,0.2069605603277527,-7.314063933044942,2.591817297705197e-13,1.3449762879011425e-12
8880,Parpbp,35.57799413998716,-1.1363153826913654,0.1196547834602611,-9.496614759816524,2.1682443726261604e-21,1.660896083595545e-20
8887,Mybpc1,42.70799153650472,-0.8116830179865043,0.1328321587927206,-6.110591180356434,9.926274536786206e-10,4.069167583200121e-09
8890,Utp20,12.716961611712271,-1.439339571779405,0.223783643883403,-6.431835440705119,1.260721914518018e-10,5.51877467862105e-10
8901,Slc25a3,29.003819985937863,-0.947023961171773,0.1790657006396887,-5.2886954776300215,1.231917885664037e-07,4.283964572254658e-07
8903,4930401A07Rik,1446.3811925352747,-0.5950468308011925,0.0217831709281448,-27.31681410222808,2.678238999353321e-164,2.4142805990046845e-162
8906,Gm32468,164.32204429106852,-0.9224420434299392,0.0594848226884721,-15.507183206392984,3.10191206530185e-54,6.3150451918508455e-53
8924,Cep83,23.055165001098487,-5.757399620482476,0.4730381883237099,-12.171109569155057,4.430189712266336e-34,5.2992583917998396e-33
8926,Cradd,92.83089391376484,-0.6753093924665284,0.0731470169064348,-9.232220547426316,2.6507856996519703e-20,1.945318519324954e-19
8929,Socs2,29.684570050905368,-0.5448063085691485,0.1334742945098497,-4.081732071106354,4.470131169685633e-05,0.0001185167584831
8930,5730420D15Rik,12.603503110539876,-2.4365581831183385,0.3705033875945118,-6.576345223015798,4.821523866445335e-11,2.1821638037369567e-10
8935,Gm48427,36.7659506143146,-1.4276623545850498,0.1232132518388646,-11.586922131169077,4.8007524901995235e-31,5.250504036811086e-30
8937,Dcn,35.344629564284375,-0.9365267018397462,0.1163635442030781,-8.048282718213837,8.396381219020615e-16,4.934002512037383e-15
8938,Gm10754,39.63710166199541,-0.5457302094542038,0.1539008916028838,-3.5459847163353126,0.0003911488924609,0.0009144935603419
8946,Gm20110,18.444649710175568,-4.396746831868538,0.3469035535802378,-12.674262879384376,8.212708265891052e-37,1.0599545546413484e-35
8956,Slc6a15,48.60992981607392,-0.5763918075738247,0.1033289952604501,-5.57821941576976,2.4299303235727197e-08,9.003097775135532e-08
8962,Lin7a,74.31962053347748,-1.0152933268615232,0.0931214479435568,-10.902894545592943,1.1164798766028987e-27,1.1018623071123868e-26
8967,Nav3,44.550416928257874,-5.636224254691004,0.3216728888122314,-17.521601759795836,9.802625829545603e-69,2.6132365930959382e-67
8969,1700020G17Rik,20.27441532018344,-1.2560910891812198,0.1600630541352068,-7.8474767082739,4.244912174913052e-15,2.4078827153707253e-14
9004,Yeats4,32.17606878906022,-3.7280158586624994,0.2271900323147804,-16.40924040847528,1.6424749940619823e-60,3.740052434395306e-59
9009,Rap1b,189.77466307164516,-0.5339603159012828,0.0571665209098868,-9.34043750437391,9.593686663890152e-21,7.163722987963748e-20
9012,Dyrk2,11.393519890616703,-2.301921885655502,0.2653692612653782,-8.67441042221353,4.1569851294385575e-18,2.754731183918965e-17
9017,Grip1,165.94264275834067,-3.6235214330412178,0.2880210930393074,-12.58075023188215,2.694586129033982e-36,3.4246309756210955e-35
9026,4930471E19Rik,129.7821961042822,-0.6898243872599861,0.0754083919553549,-9.14784640505784,5.807979953077637e-20,4.2057951726468616e-19
9036,D930020B18Rik,25.856125771482493,-1.838029210293442,0.1509832996669937,-12.173725268605,4.290447079802151e-34,5.142655142671694e-33
9041,Ppm1h,44.3354869637699,-0.5526510826828229,0.119525046772936,-4.623726136101871,3.769074214046613e-06,1.1296241620436532e-05
9050,Tsfm,99.96056881072612,-1.267448537440478,0.0840293298180816,-15.083406474672904,2.0824177022076612e-51,3.984389581641967e-50
9079,Gm47438,25.150901783832992,-0.7536760263441304,0.1337829383671267,-5.633573574799914,1.76513160623911e-08,6.615649706367242e-08
9104,Erbb3,12.496349810065755,-1.407932205743222,0.2199997761101341,-6.399698357140132,1.5568420835305102e-10,6.779396005174691e-10
9107,Rab5b,32.41612227738065,-0.6771334808067568,0.1354755687657458,-4.998196257641149,5.786907167390447e-07,1.8859752617093572e-06
9117,Gdf11,16.54541925324049,-0.7418672475964803,0.1724113391717464,-4.302891278267227,1.685835875197101e-05,4.701307253300416e-05
9120,Bloc1s1,140.7920115294221,-0.5792154154249186,0.066295781555315,-8.736836670997544,2.397286981850104e-18,1.608122544633472e-17
9125,Drg1,443.4216189213962,-3.315430448411775,0.0610677568915163,-54.29101406657957,0.0,0.0
9130,Pik3ip1,27.63922468993693,-0.5956915486501626,0.13021560260296,-4.574655699797232,4.770037625429909e-06,1.4120183166202942e-05
9135,Tug1,44.036397635285226,-0.6518749431951978,0.1068013666695956,-6.103619864826828,1.0369273793590754e-09,4.246788292794265e-09
9145,Sec14l4,11.41706872058779,-2.2298306698457546,0.247304604966858,-9.016535175900104,1.941320999068649e-19,1.3656404517985737e-18
9150,Sf3a1,24.1066176412934,-1.5728953573079751,0.1586427155420816,-9.914702682271905,3.593246696745406e-23,2.9599010001264093e-22
9160,Cabp7,13.560648538992218,-0.5555850338261699,0.1828547309464115,-3.0383957305922404,0.0023784139682013,0.0049170946300869
9169,Emid1,70.49914576171169,-0.5145706709004421,0.0817533752159869,-6.294182589293476,3.0902390835444394e-10,1.316815328777416e-09
9172,Gm11963,1222.7267490819552,-0.5849451407199638,0.0256084060588534,-22.84191914856544,1.7583119385788797e-115,9.151594994603408e-114
9191,Zmiz2,20.62005280774059,-0.6913411824086741,0.1620932372251908,-4.26508344359991,1.998275055815364e-05,5.525033071320013e-05
9232,Rab1a,165.57405307852304,-0.5485014589865823,0.058055306446816,-9.44791256056946,3.456549154169073e-21,2.6236168232686092e-20
9244,Tmem17,41.66302614406424,-1.8697554151924545,0.1319353948886721,-14.171749868715402,1.3704258181302415e-45,2.254563189789432e-44
9254,Usp34,42.32302496132366,-0.5732156845752582,0.1044286497347487,-5.489065366939433,4.0406608165459356e-08,1.4709216561148065e-07
9257,Pus10,22.3769625392128,-1.359942216700868,0.1609876727493489,-8.44749286374393,2.976250500356285e-17,1.894056359178701e-16
9262,5730522E02Rik,21.88945887550113,-1.5384954219462916,0.1595822153031273,-9.640769925545342,5.378305378548752e-22,4.223430824430201e-21
9264,Vrk2,114.21679114049536,-0.5966175053911982,0.0681686337083307,-8.752082489197475,2.0945120745501472e-18,1.409343099643439e-17
9274,Mtif2,1360.668621097318,-2.5001198214949683,0.0353382540928894,-70.74825527382306,0.0,0.0
9277,Eml6,18.354459630205152,-4.31363374927813,0.3481373926704998,-12.390607386896924,2.938096073462324e-35,3.6389110575573033e-34
9284,Asb3,17.906521450527134,-1.827402221184609,0.1848482328644144,-9.885959918940648,4.789690684859783e-23,3.9251223381831256e-22
9285,Erlec1,35.1951371545085,-0.5451714368352681,0.114122303453898,-4.77708055599755,1.7785853552039127e-06,5.508039789588459e-06
9293,Nprl3,77.75814603897763,-1.851779710960488,0.1862165478867867,-9.944227470516244,2.672394337382064e-23,2.2138717277185e-22
9302,Gm12116,211.5220057535356,-0.763443030990501,0.0520313376617232,-14.672754253483784,9.635315323375972e-49,1.7141647444069076e-47
9315,Hmmr,81.96092294090582,-0.5261996604941204,0.0768656375937746,-6.84570735333024,7.609890450917056e-12,3.6460757316613e-11
9323,Pwwp2a,36.72323477153415,-0.7748053599964552,0.1153736121383182,-6.715620198035947,1.872679841388436e-11,8.728524804424562e-11
9328,Clint1,14.513538624512222,-0.7956121874574736,0.1917677923637969,-4.148831134000549,3.341771983215518e-05,8.9992159597279e-05
9334,Nipal4,125.17875842249568,-0.8226184939028678,0.0622121153667488,-13.222802167285597,6.480392905375747e-40,9.176446245280248e-39
9347,Olfr1388,21.0701950554998,-0.9328420259000068,0.1491354812823281,-6.254997254034035,3.975229054141919e-10,1.6779822761002622e-09
9348,Flt4,15.424976990283549,-0.8210246827000429,0.1948684589543098,-4.213225101208121,2.5174994088011757e-05,6.875844082635476e-05
9351,Mapk9,37.88115563317815,-0.8145040351199665,0.1129831994803038,-7.209072135206767,5.633441476401668e-13,2.8705601555743697e-12
9354,Sqstm1,156.4256550404715,-2.178977773500146,0.0690272061090337,-31.56694144709092,1.0499592001676027e-218,1.5301405410442528e-216
9357,Gm26542,18.874688576597816,-0.9808342660840648,0.1568263256519567,-6.254270525095522,3.9937821403863377e-10,1.6854069032595624e-09
9364,Grm6,53.42094579815407,-2.515450094950993,0.1206693476303327,-20.84580835438844,1.6637491156434628e-96,6.704065560915409e-95
9365,Zfp454,1592.262712329738,-0.6118367739770091,0.0212168784132357,-28.83726635277916,7.318810894301921e-183,7.618533626163812e-181
9370,Gm12569,19.04262591728295,-1.0661814533548557,0.1642888710910516,-6.489675449555922,8.602147835084941e-11,3.8142586546644377e-10
9374,Rmnd5b,307.7533296510747,-0.5821260614268354,0.0429973521654356,-13.538649058831806,9.247393175233203e-42,1.3763269093487511e-40
9379,Sar1b,157.8963832773691,-4.965787064851909,0.1477570647335593,-33.60778094642303,1.2912561701136771e-247,2.4814821871371407e-245
9394,Shroom1,43.56341729979621,-0.5302938064949269,0.1093592065979407,-4.849100711241921,1.2402244569162207e-06,3.91075465246139e-06
9396,Kif3a,36.93306546270467,-0.6531738841879389,0.1151951382087844,-5.670151486811007,1.4267131258321397e-08,5.386519677148631e-08
9401,Slc22a5,17.685104481507377,-4.409816155070918,0.3465554921103571,-12.72470428391496,4.311038468446198e-37,5.643071911391251e-36
9413,Hint1,11.276048420388872,-0.607540936285651,0.1985935797478222,-3.0592174080205283,0.0022191604088392,0.0046112971993561
9414,Gpx3,23.1865127718468,-1.078728888355496,0.1434188007899793,-7.521530527473681,5.4138682566629474e-14,2.915852419849757e-13
9420,Atox1,27.04350198602901,-0.5266514112824867,0.1340875558554787,-3.927668066752728,8.577347957205201e-05,0.0002194917487205
9429,Sap30l,688.9203322589192,-0.7213461216574684,0.0287199264522877,-25.116572734120208,3.278273047474136e-139,2.2307563834329843e-137
9431,Gm12248,16.25703215167565,-1.6499847970929171,0.1885543087899194,-8.750713827130157,2.1200737717780993e-18,1.42435075377854e-17
9436,Zfp692,121.08201069863895,-1.544478555152298,0.067884643458288,-22.75151604944805,1.3862656625942499e-114,7.130298208073014e-113
9438,1700047K16Rik,23.41261128864516,-0.8376850471237335,0.1499311231290066,-5.587132475509813,2.3084962546037856e-08,8.56042885931107e-08
9452,Guk1,70.92194680477006,-0.5339317948130143,0.0936044997269704,-5.704125297078764,1.1694203518510129e-08,4.4497004162686064e-08
9454,Mrpl55,76.59027925526907,-0.9081046918042844,0.0825393125233738,-11.002086933388544,3.733889884216715e-28,3.75493193186785e-27
9471,Med9,153.30031905880648,-0.631466347827533,0.0705362019708942,-8.95237240145278,3.4792293741660364e-19,2.4202372034771534e-18
9473,Pemt,41.621075332485205,-1.7180181167365272,0.1267992278720866,-13.549121280688247,8.018425855141493e-42,1.197491301065025e-40
9482,Llgl1,28.383476028816485,-4.2448794328039074,0.2605889263165919,-16.289561850555245,1.1706489114234136e-59,2.6246548926888016e-58
9496,Epn2,26.88569648224829,-2.0082252450803875,0.1626915751505757,-12.34375684925121,5.264105400479103e-35,6.460257911830075e-34
9501,A530017D24Rik,61.6164207792383,-3.2513580422353536,0.1350846676906199,-24.06903831367328,5.275918573653291e-128,3.27181787290953e-126
9502,Akap10,63.465273020223286,-1.423932361971576,0.1074164255126682,-13.25618828941244,4.154832084279298e-40,5.931404366520518e-39
9505,Zswim7,49.049019738370845,-4.647000792041675,0.2233148152719462,-20.809191662374456,3.5731865631021362e-96,1.4365031405869e-94
9512,Trpv2,13.913381161868386,-0.5353445011484537,0.1857302359330249,-2.8823766817455665,0.0039468759390932,0.0078417366988027
9518,Zfp286,78.59987630530107,-1.584586079825135,0.0873464811642359,-18.141384274492616,1.5019995132308428e-73,4.385136475355756e-72
9522,Pmp22,22.1601068152154,-0.5866065943435363,0.1523689871230742,-3.8499080778801273,0.0001181621624156,0.0002966011046828
9541,Gas7,314.2025633359229,-2.1725196375814706,0.0572386859278186,-37.95544223920769,0.0,0.0
9552,Arhgef15,340.3244560913788,-0.805098592645698,0.0452888209361616,-17.77698284043543,1.0656250045288873e-70,2.9393769841011317e-69
9557,Aurkb,62.13017994860258,-0.5662990303052878,0.0910656752737505,-6.218578279938609,5.016796500772028e-10,2.101910330749909e-09
9559,Borcs6,369.59002415457934,-1.858886455527797,0.0489762794842797,-37.95483191254769,0.0,0.0
9563,Aloxe3,84.37740038164482,-0.666394228311806,0.0751934977076065,-8.862391677843096,7.831589278379011e-19,5.375150443496551e-18
9579,Sox15,173.8934526315277,-0.6135665564807156,0.058943012711451,-10.409487541540544,2.244264796551161e-25,2.0283050523042222e-24
9585,Tnfsf13,282.29668121234187,-0.6516704857502936,0.0475282373770598,-13.71122771880515,8.697360275298283e-43,1.3226037956036206e-41
9588,Zbtb4,23.08854199460974,-2.1925542382230803,0.1731074896153359,-12.665854279876507,9.141969361889709e-37,1.1772810029508629e-35
9599,Eif5a,87.34034955392634,-0.7331544307222418,0.0834281395115675,-8.787855452782663,1.524419339912293e-18,1.0320962220823144e-17
9602,Elp5,773.9071588714536,-1.3077700348520809,0.0292258766122905,-44.74699090127946,0.0,0.0
9608,Slc16a11,10.669551206334296,-1.2069998586979769,0.2156083460366301,-5.598112878677326,2.1669764823409866e-08,8.06299674961259e-08
9619,Tm4sf5,20.849245476931383,-0.9747523125133076,0.1608414481566424,-6.060330366859187,1.3584224697374423e-09,5.528529706950987e-09
9624,Rnf167,30.717424316716016,-0.6577701957997089,0.1217303583048969,-5.403501681578869,6.535234274679406e-08,2.3305093188334718e-07
9635,Rpain,11.124134056490924,-2.498994735508779,0.2662504727635068,-9.385879054301157,6.239377799795375e-21,4.691067883182352e-20
9636,C1qbp,583.1851928463888,-0.8507199515936048,0.0338932021203425,-25.10001706457259,4.9711872864081885e-139,3.3696171808025746e-137
9639,Mis12,130.87039386778198,-2.390890520445059,0.0818325124460213,-29.216877851845823,1.1838013212802046e-187,1.327071635035142e-185
9646,4930563E22Rik,75.26396990234109,-4.584250274566044,0.1836138886891218,-24.96679476315473,1.4032646393809872e-137,9.402410733139732e-136
9653,Cyb5d2,26.84538295869168,-1.827373919277824,0.1594768547036803,-11.458552544651187,2.130454716006392e-30,2.2857295750625627e-29
9667,Rap1gap2,426.6166246619683,-0.5226846708879619,0.0399646135693371,-13.078686973442723,4.359048270982055e-39,6.054887701583335e-38
9668,Ccdc92b,36.430998435053695,-2.1174494606759926,0.1415541320783267,-14.958584603551776,1.3690691360376966e-50,2.5634133887609456e-49
9669,Cluh,135.8520896497096,-0.8978147779256819,0.0833813398348333,-10.767574372205177,4.8973360837515346e-27,4.739602292896892e-26
9673,Sgsm2,1145.7705749682648,-1.3079842796945351,0.0279390426924835,-46.81564411820105,0.0,0.0
9677,Ovca2,97.1414571982658,-2.7515497203598525,0.0957403310883252,-28.73971386020601,1.217801420082324e-181,1.2527594843764518e-179
9681,Smyd4,18.392532212321026,-4.726104936389612,0.3731442118164968,-12.665625746631692,9.168632947659176e-37,1.1798458645229114e-35
9687,Scarf1,979.4732641435704,-0.7272871511504019,0.0408200488701506,-17.81691034873369,5.22434426123472e-71,1.4502116260392505e-69
9688,Slc43a2,16.63051602317425,-3.564444348162229,0.2844058315597946,-12.532950989835197,4.929375832060292e-36,6.215207249536437e-35
9695,Rph3al,16.51100509451309,-1.356338297742783,0.185204566631233,-7.32346033585356,2.416570444489196e-13,1.256645374166728e-12
9704,Nsrp1,80.4880452784166,-0.5754521814627422,0.0779519265992232,-7.382141873430952,1.5576307834237833e-13,8.197365976682253e-13
9715,Pipox,27.763198719579453,-0.8922830907843824,0.1821563952099149,-4.898445040900845,9.659804881177387e-07,3.081639762141769e-06
9746,Lgals9,42.14404829276301,-0.6017985470841872,0.1033770581831398,-5.821393621184869,5.835894536465975e-09,2.2775747300539383e-08
9756,Atad5,76.0249963860047,-1.8987861309744285,0.1109434792653231,-17.114896193524366,1.149203829254591e-65,2.9000399085143278e-64
9758,Adap2,31.758161974338705,-1.6763904660749032,0.1380877339999428,-12.140038926814436,6.4795204825592895e-34,7.724189106952752e-33
9784,Pex12,30.374383093667596,-0.9589188243786652,0.1389368255234901,-6.901833410729109,5.133561689929269e-12,2.4868622391546557e-11
9790,Synrg,179.94531589403948,-0.5955388266063726,0.0546588676773892,-10.895557334290135,1.2102331106345307e-27,1.1937144184307203e-26
9799,4930502E09Rik,34.2118600575706,-1.2404885437248123,0.1342308611612186,-9.24145560114464,2.4316638975583983e-20,1.7882648545206589e-19
9800,Ggnbp2,68.12590732897199,-0.956073297817744,0.1159084286851381,-8.248522636907525,1.6036464499189572e-16,9.802365996568589e-16
9817,Tubd1,138.40164118768544,-0.5598714380777643,0.061661313981807,-9.07978442111942,1.0879011199116601e-19,7.743270160771311e-19
9819,Ptrh2,35.94497180855911,-1.1799847526112166,0.1220685903843287,-9.666571465239956,4.181523088006872e-22,3.2954698406067677e-21
9823,Gdpd1,72.92007318617996,-0.8814919066733986,0.104628606094495,-8.424960816903953,3.6087099233970735e-17,2.2859228268480843e-16
9824,Smg8,64.60670662171164,-0.5462509632583588,0.0874398393939493,-6.247163387358167,4.1797377641532316e-10,1.7600590902844142e-09
9826,Ska2,43.76943757893185,-0.5072190549780043,0.1247609205986537,-4.065528312424761,4.7923775701868e-05,0.0001267338559616
9833,Hsf5,186.2221025143865,-1.7574615938546498,0.0609044234303602,-28.856058310184643,4.253374773370666e-183,4.508061699194315e-181
9835,Supt4a,97.37942393662382,-0.697072939433221,0.0765152128628005,-9.110252894194296,8.219016035690903e-20,5.89557639180322e-19
9849,4930556N13Rik,391.9458498449779,-0.6101142238188106,0.0434515852817418,-14.041241990661678,8.717140896504348e-45,1.4050263594291982e-43
9853,Coil,766.0352771209208,-0.5293113758904053,0.0327838781727417,-16.145477758958474,1.2219866703107071e-58,2.681317803060683e-57
9854,Trim25,34.877720968962095,-0.5979441705754777,0.1212324846291176,-4.932210804758704,8.13041016308371e-07,2.6103288586746453e-06
9859,Gm45716,46.229262646669184,-0.7859043410698906,0.101577359731924,-7.737003040283734,1.0178762590120768e-14,5.654580691741805e-14
9876,Cacna1g,207.01749188091975,-1.4284916705636337,0.0671076596919247,-21.286566647108508,1.5120813069625602e-100,6.356557186577224e-99
9880,Lrrc59,17.620408564349336,-0.5517592039546244,0.1613064821900302,-3.420564359618318,0.0006249134730092,0.0014187312496412
9886,Ppp1r9b,91.46842100364375,-1.1880083168569595,0.0858636603061469,-13.835985009503622,1.5460403514062794e-43,2.4140315772672333e-42
9888,Pdk2,24.817837353839888,-0.771045507227179,0.1485692957696883,-5.189803877259077,2.105156905611654e-07,7.168026473001675e-07
9897,Nxph3,24.93707972282268,-3.0810677793502665,0.2060823832343954,-14.950660658101471,1.5421166026947226e-50,2.884335309938536e-49
9900,Zfp652os,46.92553657207156,-0.7732306973383261,0.1005435317659929,-7.690506626900265,1.465535378070587e-14,8.095161936733553e-14
9915,Hoxb4,141.6037351465849,-1.2308158890293928,0.1203755048458653,-10.224803547909431,1.5353895028711738e-24,1.3452350514133812e-23
9920,Snx11,279.9307626184011,-3.4333875664464784,0.1233952190253853,-27.824315995096605,2.203829041142741e-170,2.0500299080587372e-168
9922,Nfe2l1,45.64381662048525,-1.1504687703224614,0.1153422378897069,-9.97439265416861,1.9730484206100874e-23,1.6430795609347238e-22
9923,Copz2,63.30785439529455,-0.7610720876133128,0.0921963574686742,-8.254904081995905,1.5202428175192796e-16,9.315349121505662e-16
9927,Pnpo,71.00498494635356,-1.3146583915759484,0.1145551310638076,-11.47620695264779,1.7373633988901063e-30,1.8697237612178568e-29
9929,Sp6,316.18862319488136,-0.562626194311189,0.0402388462458471,-13.982165166310022,2.0030029336606541e-44,3.196032418235175e-43
9951,Psmb3,66.63246007539033,-2.965467920443924,0.385832178016356,-7.685900993768886,1.5192396494571044e-14,8.38517387566986e-14
9958,Arl5c,125.65558867747076,-4.049842048352912,0.1243689386524923,-32.56313105371791,1.3648938323781495e-232,2.2732631752980073e-230
9965,Erbb2,104.64141113941672,-1.6929893144927866,0.2624152400829062,-6.451566280822378,1.1070001461805423e-10,4.864125265428472e-10
9966,Grb7,596.7487493009531,-4.560257171073205,0.0677167986532493,-67.34307087410404,0.0,0.0
9976,Wipf2,16.192989583962415,-1.9168952237877697,0.216557149163553,-8.851682944625626,8.620931583739116e-19,5.905321250937315e-18
9980,Igfbp4,1779.1456510538544,-1.744874819303854,0.0283600489414087,-61.52580423640066,0.0,0.0
9985,Gm11940,16.421803959430164,-0.7883747601454856,0.1733839382308796,-4.546988424589126,5.44189899779832e-06,1.6024234664673687e-05
9992,Gast,11.227798890508517,-0.7712468727248647,0.2010210203026246,-3.836647886692648,0.0001247251005668,0.0003118662508884
9995,P3h4,17.06356533040677,-0.843871551127321,0.1634976561207488,-5.16136788226549,2.451518772643857e-07,8.294091757785988e-07
10009,Stat5b,611.4402137533941,-0.5454196879361997,0.0515343630627926,-10.583611701412243,3.5500420578150244e-26,3.3128674230026223e-25
10017,Mlx,81.81102035341584,-4.477521273370156,0.1683322802256793,-26.599302684946963,6.915311900100222e-156,5.624882535300125e-154
10020,Tubg1,30.658469847178555,-2.9313991738515037,0.1813527722434569,-16.16407148116958,9.038952882841204e-59,1.9983970671950317e-57
10074,Ccdc103,21.863003908858605,-1.5979939430681271,0.1690520847177182,-9.452672208902031,3.302889570132693e-21,2.5102534898948515e-20
10088,Lrrc37a,40.9638386712524,-2.1032172733610617,0.1464275725154032,-14.363533023398416,8.764288349782041e-47,1.4823005286362503e-45
10094,Arf2,44.44466854951809,-0.5040290766123152,0.1000710793607236,-5.036710704353001,4.735997307549326e-07,1.553904707587666e-06
10105,Tanc2,48.32645130968725,-0.5527649733450534,0.1025972330762774,-5.38771813596661,7.13578434338905e-08,2.5363942397802385e-07
10112,Strada,22.39135032099051,-0.9933496134025436,0.1476267878594136,-6.7287897258085705,1.7108007258040946e-11,7.99745605262283e-11
10115,Psmc5,1835.2249866878856,-4.054994388168166,0.0514022365081767,-78.88750886399897,0.0,0.0
10119,Ern1,20.89893601565938,-1.318054049727705,0.1578021890201732,-8.352571392778374,6.679266826765778e-17,4.183632459401144e-16
10126,Smurf2,12.537829005731874,-1.2201784157259876,0.1972582514036094,-6.185690114576676,6.183136629658844e-10,2.574540318558901e-09
10145,Gna13,62.54850222336106,-0.502677366052887,0.0866954986115464,-5.798194532627537,6.703266786428978e-09,2.598686090912657e-08
10147,Slc16a6,364.7500235753136,-2.51778079116145,0.0632892780698547,-39.78210635271397,0.0,0.0
10171,Fads6,213.6978505972123,-1.1590983244813362,0.0554583884102116,-20.90032468862565,5.318203886157556e-97,2.162901152584264e-95
10173,Cdr2l,62.25333407490498,-1.2471951015288143,0.0958788066664706,-13.008037384814113,1.1013442447008111e-38,1.514175169129543e-37
10174,Mrpl58,17.4112476109776,-1.2208192791334926,0.1756203140830279,-6.951469626436988,3.6150025064361906e-12,1.7649124464700194e-11
10178,Nt5c,14.8034602947817,-1.4248698017646275,0.2012994928706504,-7.078357632426875,1.4587287728430133e-12,7.24928922406326e-12
10189,Tsen54,66.53781197264111,-3.8829706715263343,0.1667260794375171,-23.28952185900545,5.661375093176805e-120,3.123221691781577e-118
10234,Tk1,43.42400442936663,-0.5962642771098886,0.1050728884444735,-5.674768115135507,1.3887664608889398e-08,5.2500535815014654e-08
10247,Cbx8,430.2706715878207,-0.6746859580528574,0.0529063659723058,-12.752453237971896,3.020868274223637e-37,3.981080963046192e-36
10273,Actg1,10.422100892679603,-3.2336172105126417,0.339393789541525,-9.527626344845082,1.6092045956932046e-21,1.2391796551951899e-20
10297,Dcxr,16.327385444575878,-0.5299790562370073,0.1706149869287225,-3.1062866502953552,0.0018945296521554,0.0039807202399249
10305,Tex19.1,51.13833529801504,-0.5606398563971237,0.097432207280707,-5.754153293293377,8.707711565895046e-09,3.3438836158184574e-08
10310,Fn3krp,39.13681170788639,-4.96763301704526,0.2781113656887714,-17.862028057510006,2.330166833232748e-71,6.530441919803573e-70
10313,B3gntl1,34.265829524579594,-1.0220603133509591,0.1191993119689981,-8.574380979789385,9.96211461385668e-18,6.45728170374817e-17
10319,1110002L01Rik,296.5635148642121,-1.231460134016093,0.0453127210975836,-27.17691862653915,1.217528853381296e-162,1.0808195222300562e-160
10325,Adcy3,25.34468640447293,-0.545437605761973,0.1502076624454455,-3.6312235799559978,0.0002820806768887,0.0006715255754738
10341,Atad2b,46.334064401862776,-0.7067450589562273,0.1049310898173304,-6.7353256331042255,1.6356320627012993e-11,7.652202651824591e-11
10346,Ldah,37.88405578167284,-0.9819214901251838,0.1417659663013181,-6.9263555685724105,4.318203118940237e-12,2.1006046215306495e-11
10347,Hs1bp3,49.26918887494035,-1.0575407413477014,0.1008037967699053,-10.491080447710152,9.493649739367834e-26,8.683313108894597e-25
10349,5033421B08Rik,53.701225816336205,-0.8243883644567633,0.1020201214675515,-8.080644804162164,6.442520664810666e-16,3.8063108576421925e-15
10353,Matn3,53.55155797748671,-0.6052354050696079,0.0943956808648897,-6.411685360222066,1.439196316696361e-10,6.278040705010218e-10
10355,Ttc32,48.61091518729979,-1.5480384561031535,0.1110744901237175,-13.936939565321527,3.777959318415303e-44,5.984506572504241e-43
10356,Kcns3,192.87090201116064,-0.5775814294069662,0.0522733266994875,-11.04925716182951,2.2103624698184877e-28,2.2369686847329696e-27
10368,Pqlc3,127.32694122636627,-0.5319848305692636,0.0647216583618745,-8.21957972082246,2.0421757309669995e-16,1.2422111020226397e-15
10377,Gm49692,71.20390891853988,-4.163212561342008,0.1669914522663498,-24.93069258839501,3.4588900847230227e-137,2.308743122199856e-135
10395,Klf11,150.3705124587339,-0.5959721614684991,0.0636660110762048,-9.360915681605247,7.904860772135738e-21,5.922887968428012e-20
10397,2900060N12Rik,339.3427989668494,-0.6702399947871913,0.0917144370816617,-7.307900654620119,2.713482821102743e-13,1.4051935912183825e-12
10409,Adi1,47.1320711743415,-1.1435473609064204,0.2040109001919429,-5.605324812696371,2.0786477569451173e-08,7.744224962389477e-08
10414,Sntg2,500.9827082725574,-0.5014931788366912,0.0392663511664974,-12.771575762419507,2.363212279793996e-37,3.1214393012868125e-36
10416,Alkal2,344.8595209983808,-1.1575746426851032,0.0404480972595484,-28.61876629837853,3.9249485876065726e-180,3.96760120809617e-178
10419,Fam110c,231.39220041186425,-0.7248357385513609,0.0583553072413111,-12.42107655356893,2.0084052561419784e-35,2.494530619276343e-34
10422,Cbll1,25.99838099940463,-0.5304100904412218,0.1385756465887462,-3.82758517458216,0.000129406610213,0.0003230639256825
10427,Nampt,178.7735340009499,-2.0807731552968214,0.0764296239020174,-27.224694419069312,3.31386964366139e-163,2.956783282058693e-161
10432,Atxn7l1,123.9187780451641,-5.3897445085595805,0.2387333258980738,-22.57642282779032,7.389290744114412e-113,3.7240321767456165e-111
10433,Atxn7l1os1,29.01140695227051,-1.0104831130088707,0.1307899265877371,-7.726001071886935,1.1097769497850643e-14,6.151435593610526e-14
10438,Hdac9,142.0684700157699,-0.7602027250828595,0.0621259492717056,-12.236476609124148,1.9846248491180132e-34,2.400215723469973e-33
10443,Bzw2,21.70950714530853,-0.6717883861755283,0.1495994526464552,-4.490580508761281,7.1029320445030605e-06,2.0654485466290244e-05
10446,Dgkb,39.65816712023452,-2.9285230388836423,0.1640145987989809,-17.855258375340657,2.630605204417051e-71,7.348885593425781e-70
10448,Etv1,220.20895818470828,-0.6271075548152387,0.0488746671553288,-12.83093249151396,1.1003181830291973e-37,1.4745106808287053e-36
10450,Lsmem1,143.89067628715756,-0.7518284050700359,0.0656222334019824,-11.456915836200777,2.1710895944167656e-30,2.3278979047921767e-29
10452,Ifrd1,10.697440624107005,-0.7778761527246268,0.2101687191966578,-3.701198521349684,0.000214583505073,0.0005196837469488
10453,Gm7008,11.16465967469886,-0.7623929142911797,0.2113908797019598,-3.6065553791444462,0.000310288661107,0.0007343792266124
10466,Stxbp6,25.42084417211061,-0.6480817638682485,0.1436812789374111,-4.510551191227624,6.465939473704865e-06,1.8864923175867648e-05
10470,Gm48779,19.153472115794195,-1.7679408976425843,0.1770019892710352,-9.988254397160562,1.7157649804395572e-23,1.433679257962331e-22
10478,Dtd2,25.199762312479525,-4.2064996610388565,0.2758032518353966,-15.251813142324208,1.601241685428157e-52,3.149889155766885e-51
10480,Gm35188,214.6200748245507,-1.2481751157158658,0.0641101493957709,-19.46922800024237,2.0026690928765283e-84,6.774212204298788e-83
10488,Snx6,107.27505616981657,-1.183110744878752,0.0746310728391378,-15.852790263766748,1.3447504392659072e-56,2.8679263026685592e-55
10493,Srp54c,35.44488110392222,-0.7152413627142434,0.1178365306841694,-6.069776142945552,1.2808866756741144e-09,5.221479297013733e-09
10497,Nfkbia,630.5335720122949,-0.5640107398886567,0.0299660330950821,-18.8216684570511,5.01792891485918e-79,1.5642342399831967e-77
10501,Nkx2-9,163.6846499765173,-0.9410442513111632,0.0573482942949013,-16.409280570264997,1.6413889301169586e-60,3.740052434395306e-59
10506,Ttc6,32.596100626456014,-3.99503139158258,0.2354259954280633,-16.969372410717064,1.3840326275239025e-64,3.4138170084820885e-63
10532,Gm47545,198.07562188743933,-0.752219848359243,0.0603449604649169,-12.465330038563293,1.1539305362461886e-35,1.4434862101483082e-34
10540,L2hgdh,39.40168380902968,-0.5387749453237162,0.1168901970097961,-4.609239774645633,4.041440277306767e-06,1.2071171233055631e-05
10549,Gm40437,220.64093397873432,-1.025964612032088,0.0779889829332385,-13.155250568023838,1.5875634555947155e-39,2.2228430513563158e-38
10553,Psma3,48.65876840590176,-0.7591913114172498,0.1110274213809884,-6.837872139821203,8.037808454830058e-12,3.839530026169573e-11
10567,Lrrc9,157.140789202761,-0.5767297005402371,0.0582717192391614,-9.89724875240418,4.278840767581289e-23,3.511420335216404e-22
10570,4930447C04Rik,77.09156639011344,-1.4630959656789158,0.0857599544122819,-17.06036314624464,2.927297904738198e-65,7.313226536865943e-64
10571,Six1,251.3004574780805,-0.5530032045473902,0.0547132860572387,-10.107292842342922,5.1281720030972385e-24,4.40478742584305e-23
10577,Tmem30b,20.82882284112663,-1.4040530950308927,0.3733209836673782,-3.760980915773749,0.0001692483438495,0.0004159380322147
10586,Ppp2r5e,13.921948750712987,-1.635712434116713,0.2040986103631354,-8.01432420929485,1.1074422924840988e-15,6.4750754968110735e-15
10589,Sgpp1,30.042258058695737,-1.2765873016939169,0.1333283124730191,-9.57476531439826,1.0208889702254618e-21,7.920721522317158e-21
10596,Zbtb25,101.99160506417746,-3.3923672184640754,0.1099677026866343,-30.848759550165525,5.820380199771904e-209,7.952094447938365e-207
10609,9530018F02Rik,15.896578000978865,-1.3922913304642803,0.1846475433766727,-7.540264576518457,4.6901890230529234e-14,2.533890195710519e-13
10611,Gm35240,29.544720860127928,-2.094836845857013,0.1651007452361763,-12.68823373789351,6.8718023105463524e-37,8.914991009409097e-36
10613,Gphn,237.67329807195108,-0.6422711223430189,0.0584317843701954,-10.99181086570796,4.184451122169289e-28,4.193563393953955e-27
10615,Atp6v1d,19.96257554204409,-0.6761977834196726,0.1493810102162152,-4.526664951863283,5.992182997888186e-06,1.7541228032652928e-05
10616,Plek2,40.80326194992306,-5.505541195719898,0.3225342956553807,-17.069630330420495,2.497763990535457e-65,6.26698660925166e-64
10622,Vti1b,340.5482704734728,-0.8043781154318056,0.1018786705228514,-7.895451631864228,2.892658393556026e-15,1.6504668837359797e-14
10624,Zfyve26,45.77262509964833,-1.8317520337360207,0.1188296083046935,-15.414946324144964,1.2987871955672571e-53,2.6077141763582304e-52
10643,Slc8a3,125.89140870958909,-0.8848126034268781,0.0688765135337898,-12.846361670045932,9.015155382971472e-38,1.2118142762290938e-36
10645,Gm28370,11.782977917709372,-0.7953954662322774,0.2000107672294822,-3.976763237549512,6.985965813164113e-05,0.0001808059347944
10670,Gm47484,52.26264846648163,-2.2754717639514217,0.218612296257717,-10.40870894686052,2.2626935268922683e-25,2.0439041528043384e-24
10684,Arel1,322.2814120544316,-0.672958075864731,0.0472084408250926,-14.255037109953314,4.170805184099985e-46,6.939965847720317e-45
10691,Pgf,32.05650212929195,-0.8127630874557338,0.1201174476285283,-6.766403245340851,1.3202325688246152e-11,6.219888783298725e-11
10698,Jdp2,28.22799202227775,-0.7359711662168726,0.1386592881207586,-5.3077668015713,1.10976495925289e-07,3.876861687457958e-07
10709,Angel1,26.571046460700387,-0.7605483703305016,0.134945999273935,-5.635946040805688,1.7409989131673093e-08,6.527999355375193e-08
10739,Ptpn21,123.54669568903256,-0.5038683391544582,0.063871539360298,-7.888777132991069,3.0516192858388e-15,1.73776353209863e-14
10745,3300002A11Rik,177.03679618822517,-0.6183045500264694,0.0584647197304681,-10.575686548690465,3.863374622868819e-26,3.603343754918929e-25
10752,Calm1,38.84096886510922,-0.980617799030304,0.1442719405666785,-6.797009835582614,1.068128083782079e-11,5.0635467414423955e-11
10757,Ppp4r3a,12.126998641983128,-7.035674981968231,0.9831578935337963,-7.156200472214768,8.294382253642548e-13,4.181382440233522e-12
10758,D130020L05Rik,23.385319975472587,-1.1323203579002323,0.1541353375366037,-7.346273580069407,2.0380900946748825e-13,1.0633090565535306e-12
10775,Unc79,689.9172262153456,-0.5665711829856883,0.0334068287162586,-16.959741608455833,1.6305991904682595e-64,3.999427579650621e-63
10781,Gsc,105.85544885317888,-0.5095445017578836,0.0781292648753686,-6.521813594057313,6.946230981250425e-11,3.1036200153323305e-10
10791,Papola,11.230495721549447,-1.859867556850651,0.2344677820131558,-7.932294752318231,2.15133086737972e-15,1.2371744231745e-14
10792,Vrk1,49.848471271335775,-0.548128535190382,0.098055052155315,-5.590008093842727,2.27059028466747e-08,8.425224463879633e-08
10795,Setd3,11.36297775038443,-2.1457846963896103,0.2441859257353723,-8.78750357919902,1.5292001106291149e-18,1.0349323349335122e-17
10808,Gm34081,36.616215686642896,-2.345673326141734,0.1407644458336802,-16.663819562173085,2.401837254008803e-62,5.6079212147003925e-61
10814,Dio3,26.609381807409964,-4.286659955861039,0.2834560660959231,-15.122837252706416,1.1450099914754931e-51,2.200432388013563e-50
10818,1700001K19Rik,43.54662583035164,-0.5015310616325546,0.1255353492000498,-3.995138140997464,6.465654200846572e-05,0.0001681858703917
10829,Amn,223.8270868943106,-4.420332857600068,0.1958252812649739,-22.572840590581624,8.012938184809751e-113,4.0151937815459296e-111
10836,Eif5,11.172658840316506,-2.507185217208161,0.2897379580975438,-8.65328531225476,5.003772406152477e-18,3.304606187265653e-17
10855,Ahnak2,62.25118990761165,-2.5461259395930536,0.2235566090394565,-11.389177669731412,4.734365812804223e-30,5.051530770855414e-29
10856,Clba1,69.73896566288927,-1.133493299226788,0.0886382734201647,-12.787853999070842,1.916943500892695e-37,2.545444794503527e-36
10860,Btbd6,160.59286161507927,-0.6527589995606636,0.0567038477604778,-11.511723195892742,1.1515413215131761e-30,1.2461729350632688e-29
10862,Mta1,63.7218975025192,-0.6651585044464364,0.0858377512421556,-7.749020621124701,9.260398136972749e-15,5.157510911445203e-14
10863,Crip2,18.360837075534626,-5.751845251326381,0.5247521612044111,-10.961070151907036,5.879990214268396e-28,5.8659023883129325e-27
10888,Akr1c19,17.18076369518468,-1.0781337416823922,0.1663157293462689,-6.482452056219651,9.024376608961956e-11,3.9974239649829455e-10
10905,Actn2,20.525092625042262,-0.6760579194509228,0.1581170139387365,-4.275681045386209,1.9055387318664625e-05,5.281150767492979e-05
10911,Gm48682,601.7685203370186,-1.3597945644770817,0.0485184503840763,-28.026339541201917,7.761393113670941e-173,7.417007801741935e-171
10934,Stard3nl,155.93865486461007,-0.7862023297105327,0.0638382359492812,-12.315539707819646,7.471367465032664e-35,9.117883756349705e-34
10936,Elmo1,23.784791119259125,-3.9311529598890447,0.2721677109202892,-14.44386237660784,2.7404471628641795e-47,4.6893287655742435e-46
10937,Gm32036,96.63779611248265,-0.5173839554771311,0.073135759763252,-7.074295216894663,1.5021020461700144e-12,7.458478303072462e-12
10946,Nkapl,33.46126870577826,-1.491344736038753,0.1281389625408736,-11.638495477619042,2.626071094976731e-31,2.8919855988005712e-30
10948,Zkscan8,11.750947937167544,-3.7862022680266114,0.3552045071707038,-10.659217976102546,1.5791969673037823e-26,1.4968561823419266e-25
10949,Hist1h2bl,40.54098139350889,-1.1511552651529726,0.1147633261925605,-10.030689274563702,1.11733852082839e-23,9.412339138847246e-23
10954,Hist1h4k,142.4762737096672,-0.7051603451169588,0.0619914274873033,-11.375126750571834,5.5621993177794506e-30,5.913175785369424e-29
10962,Hist1h2ap,10.330799413647128,-2.245692512894454,0.2609998242826827,-8.60419166590012,7.685646006893209e-18,5.009563077471056e-17
10966,Prss16,60.82041230716115,-1.3424292867383405,0.0925715531349674,-14.501531423817708,1.1847679712225046e-47,2.0413026877575526e-46
10974,Zfp322a,14.102908245218003,-1.990433454439734,0.2190612920108769,-9.086194261745264,1.0256639970910249e-19,7.303262207299611e-19
10981,Hist1h3e,95.91499090007972,-1.1646679167277298,0.0806616510035335,-14.438929804160711,2.943774778021978e-47,5.032329747609809e-46
10995,Hist1h2ab,27.1122674108278,-0.7468241304147413,0.1441463158070149,-5.181014348050351,2.206825144162263e-07,7.503977857497502e-07
10998,Hist1h4a,12.746562330537309,-0.866425994850685,0.1959437374469801,-4.421810087628491,9.787746891096643e-06,2.8051150054326145e-05
11001,Hist1h2aa,11.69219898269738,-2.901796006981361,0.2804609737372011,-10.346523326630166,4.339591776378658e-25,3.893831759123139e-24
11004,Armh2,669.9486323946179,-0.7307205819642736,0.0314869389117908,-23.20710133212229,3.8603275635129707e-119,2.1229373720350577e-117
11011,Gpld1,29.237380457192742,-1.4210821075342157,0.1394464251176375,-10.190882314375472,2.177786204373857e-24,1.8966695787893432e-23
11013,Dcdc2a,20.526528202421385,-0.8384285990524663,0.1562836398206987,-5.364788022689896,8.10443407402304e-08,2.867874202479056e-07
11016,Prl2a1,15.826051852185644,-0.6369548726222913,0.1743323438429865,-3.653681574980536,0.0002585068281153,0.0006193064319331
11019,2610307P16Rik,104.86188751734028,-0.6199397405772811,0.0674311844743038,-9.193665296114188,3.796786554616257e-20,2.771210486941949e-19
11022,E2f3,102.88456676937942,-2.0042676887013826,0.2216435709182798,-9.042751298391403,1.5277717476823162e-19,1.0790659258266698e-18
11026,Foxc1,25.58325658085621,-2.9085407440567543,0.1921645146476714,-15.135680744124311,9.420086688236798e-52,1.8123044664893854e-50
11029,Serpinb9b,13.387522612824446,-1.397790054874105,0.2043892682558885,-6.838862269050833,7.982458335676411e-12,3.815174402140177e-11
11030,Gm6093,70.78207225224173,-3.9042503967654256,0.1633888393703624,-23.89545339700619,3.414912602876976e-126,2.052233388285654e-124
11035,Ripk1,1316.3533221887712,-0.688262815275658,0.0349517727920722,-19.691785574658173,2.535911299541438e-86,8.887378117511156e-85
11036,Bphl,15.055557409528758,-0.5950907764976912,0.1875092019349394,-3.173661720901417,0.001505290171097,0.0032161899220703
11043,Gm36839,18.49833512702605,-0.7220360082025769,0.1744781792005722,-4.138259646626396,3.499502140480603e-05,9.396482946833222e-05
11046,Gm16984,42.36998327045817,-2.3088560491205663,0.1335490000545754,-17.288456283289584,5.7470826750872254e-67,1.4845639855528125e-65
11052,Gm48770,161.97610880228137,-0.5910217852450714,0.0758033430382199,-7.7967773129356415,6.350816742013051e-15,3.5757592783105024e-14
11055,Rreb1,14.51352036053192,-1.3836609100520607,0.1907165967747459,-7.255062922952077,4.014751546142432e-13,2.0637852745131934e-12
11081,Gfod1,24.59718296432287,-0.5260322263679528,0.1399610259283739,-3.75841933766014,0.0001709901428986,0.0004198056463584
11090,Atxn1,79.84364863472685,-0.9869390244106836,0.0786232963346362,-12.552755613426282,3.839132354049955e-36,4.858085861622691e-35
11096,Fam8a1,28.4513703153812,-4.540979475208403,0.2847908860602444,-15.944960662286812,3.0883455785063275e-57,6.626869629069774e-56
11106,Ptpdc1,11.138384139273745,-1.373962159605776,0.2429199548590507,-5.656028383518304,1.5491585950278062e-08,5.826168926848661e-08
11115,Ippk,11.492666331277304,-3.924025377402845,0.373502465238709,-10.506022697587715,8.103958164814301e-26,7.4316738535014415e-25
11128,Cks2,18.5172760814099,-0.7225899083964843,0.1578682455634169,-4.577170702174009,4.713068617617394e-06,1.3965120973380716e-05
11137,Gm2762,274.05825937295026,-0.9103497555824294,0.0464574958304526,-19.595325561772967,1.6949800792634926e-85,5.869665668546527e-84
11140,Cplx2,15.47368576725314,-3.554974256138442,0.2885427238274174,-12.320443257008746,7.030678162182982e-35,8.604093750892653e-34
11143,Arl10,36.58736222610523,-0.6540736526154146,0.1121481051944686,-5.832230972437996,5.4691140355780274e-09,2.1392052394137447e-08
11177,Hnrnpa0,47.50849458233023,-0.5716103506881075,0.1032969721723434,-5.533660267741608,3.136161515228447e-08,1.1529365688104916e-07
11184,Ntrk2,53.07520925870722,-0.6482984730152939,0.0966091144471551,-6.710531161838883,1.9391722735186062e-11,9.024014028550662e-11
11188,Isca1,78.37870576619092,-1.1961206879759254,0.0891583129972071,-13.41569448508288,4.893275642794526e-41,7.1609710829448245e-40
11205,Platr25,27.563066073200403,-0.6056016837732658,0.1284794524433834,-4.713607290941205,2.4336948752897067e-06,7.445846042523862e-06
11210,Fancc,172.2955734278471,-0.5220642547954171,0.0518707788673263,-10.064708226779056,7.912158855408905e-24,6.726681286504176e-23
11222,Cntnap3,104.00905764771908,-2.6977582888954217,0.0912974506118215,-29.549108664224903,6.742558682290086e-192,7.757491199729541e-190
11223,Mfsd14b,72.19109504797707,-2.272001956137155,0.1045142728380161,-21.738676397418644,8.841173797753891e-105,3.9746644569439604e-103
11226,Zfp369,17.37683608048607,-0.8530234390622252,0.1707299441711431,-4.99633174018459,5.843111076778586e-07,1.9021654227606831e-06
11229,Gm48166,19.241778445021826,-2.407708982262824,0.1963304870867876,-12.263551208929153,1.4213171755782622e-34,1.7213292774593253e-33
11242,Zfp595,10.715276126020244,-1.869162906968556,0.2456940559612457,-7.6076846859632035,2.7904960890289027e-14,1.521677443247192e-13
11250,Zfp748,82.49827198047053,-0.5535569385914401,0.0809325986926914,-6.839727718287498,7.934384088665803e-12,3.7932342521210375e-11
11265,Srd5a1,54.710518098379055,-1.1995634394644477,0.1000673305565631,-11.987563101689757,4.128733473295864e-33,4.79437523114197e-32
11266,Gm17108,14.185969182078814,-1.4285364469529356,0.2188744098364877,-6.526740371430985,6.721640932918397e-11,3.005575470081231e-10
11268,Ice1,145.7203088488675,-0.9485092985942052,0.0587430477303137,-16.146749874959877,1.1970497982551805e-58,2.6299003607897734e-57
11272,Ndufs6,220.75128738405772,-0.6459340230939392,0.0489729886435643,-13.189597796352231,1.0072117554041867e-39,1.4159259789797767e-38
11277,Slc12a7,13.498940825169766,-1.1547473527233263,0.1965144289559958,-5.876145374454418,4.199295847094385e-09,1.6539929228375364e-08
11291,Gm47469,284.0496978609447,-1.0019208342028267,0.0581292238408631,-17.23609516868356,1.4233204903702692e-66,3.655070298912667e-65
11299,Glrx,28.435612533994743,-2.40262585221811,0.1644841893134214,-14.60703221535751,2.5331456237527778e-48,4.4656905915512685e-47
11305,Mctp1,63.46578967631884,-0.6787695049738417,0.0851072765606973,-7.975457944418569,1.518168461957633e-15,8.808802276945946e-15
11306,Slf1,590.078892071889,-0.7459626846243259,0.1407618078519573,-5.2994679168150025,1.1614064140914497e-07,4.051600911556208e-07
11319,2310067P03Rik,11.46538281922412,-1.1801776503241,0.2105597731715167,-5.604953085520076,2.0831138016177572e-08,7.757558382174474e-08
11323,Ccnh,256.8890395093147,-0.7801572734059928,0.0481029740651002,-16.218483130589096,3.7330061129731765e-59,8.29514750999681e-58
11340,Ankrd34b,68.12363094138173,-1.612304310385286,0.0909337186985135,-17.730544109064816,2.4366474823377398e-70,6.679011155348339e-69
11366,Hmgcr,14.172172643476552,-2.4952474326954728,0.2332763633993926,-10.696529199674451,1.056621388457116e-26,1.0091859552888063e-25
11373,Gm2379,13.843354866744116,-3.224045989209991,0.2795491557466474,-11.533019946345004,8.993264411895315e-31,9.786820661806176e-30
11381,Gm10320,16.710999964739585,-2.648225437783012,0.2408263049619566,-10.9964126975305,3.976374886124709e-28,3.994189776481845e-27
11392,Serf1,94.7491713930384,-1.45795629586649,0.0815124062954403,-17.886311570562047,1.5076347385976925e-71,4.2662647748537936e-70
11401,Mrps36,31.50686005274224,-1.9496469094540956,0.1506921524078986,-12.937945860489968,2.7488118045311616e-38,3.740951037948712e-37
11403,Slc30a5,10.53337681634492,-5.850488306730099,0.7158349115510003,-8.172957496657768,3.009200184314786e-16,1.8134008553858363e-15
11407,Erbin,11.087380480441167,-2.1384983836041265,0.2478531054289932,-8.628087914826544,6.238611948930179e-18,4.098454010627009e-17
11423,Kif2a,109.26773329913992,-1.078340129045044,0.0730534289706443,-14.76097897442106,2.614578447231933e-49,4.7628904047075026e-48
11468,Hmgcs1,14.192733506036427,-0.6532472959554667,0.1840263012478923,-3.5497496364691417,0.0003855976783228,0.0009026010170672
11475,Gm5796,48.08107248205054,-1.4222078743214548,0.1087159731140699,-13.081866754108038,4.1804587958521584e-39,5.811435884090824e-38
11480,Gm3264,296.9870320109622,-0.7655524954507447,0.0477667649627489,-16.0268859749611,8.29359356180529e-58,1.7994834269088204e-56
11481,Gm3488,27.655417284917604,-4.726915535866317,0.363938478039745,-12.98822691496253,1.4269469342855762e-38,1.954146279309801e-37
11505,Gm281,137.06651791152714,-4.806187661193875,0.146051791095925,-32.907420204365934,1.7213415153618853e-237,3.0406889313786513e-235
11511,Il3ra,10.074415557657025,-1.795962032796054,0.2450340473217559,-7.329438714440215,2.3111863865908173e-13,1.2032756037124205e-12
11514,Lrrc3b,75.73847681063886,-1.1701345552182192,0.0911141723984922,-12.842508738383517,9.47533646995512e-38,1.2726934269322208e-36
11518,Rarb,11.517917787619757,-2.517632863791001,0.2620667558775391,-9.606837980500904,7.481110464871203e-22,5.830198743746328e-21
11520,Gm48321,22.27954671751871,-0.5622810156394172,0.1437650051161021,-3.911111853578893,9.187220964645454e-05,0.0002342413183112
11527,Gm2237,901.4264450729634,-1.1517171698048911,0.0275664837143319,-41.779618385137375,0.0,0.0
11529,Rtraf,66.76561187459806,-1.0436938395390871,0.0958232837902938,-10.891860498364649,1.2603873721793638e-27,1.2410841421549951e-26
11530,Gm48283,48.37873531446214,-1.6654432891379312,0.1128408437816304,-14.759223994823149,2.683506644776345e-49,4.88336776314763e-48
11531,Gng2,93.01396502141698,-2.49436038458442,0.1030528387427245,-24.20467417507721,1.9863807599139716e-129,1.2450833953181195e-127
11551,Ndst2,76.79401754275027,-0.584411780442867,0.079312131382537,-7.368504291281003,1.7255297965727896e-13,9.045583058292848e-13
11571,Ppif,36.05929737002581,-2.291410099508588,0.1809543377859824,-12.66291887525059,9.490391896921249e-37,1.220352746274697e-35
11586,Appl1,28.1891108971449,-0.6058780338887156,0.1654150744781403,-3.662773999287366,0.0002494986496625,0.0005991804978437
11587,Hesx1,40.67467829484104,-6.3222508270293165,0.4231121263516377,-14.94225864322086,1.749436058509737e-50,3.268604464873748e-49
11605,1700087M22Rik,195.0675383211724,-0.5002017978098345,0.0612490230937318,-8.166690218786933,3.169654443038592e-16,1.9094356493234205e-15
11606,Stimate,25.382621844589234,-3.058043107264067,0.2166095632120179,-14.117765909858962,2.9520234286012844e-45,4.797861126336361e-44
11608,Glt8d1,13.26044229966026,-1.495703232691122,0.2033134268159158,-7.356637759322026,1.8860023567507065e-13,9.857265156860837e-13
11625,Ncoa4,321.09079249207844,-1.5310029499382882,0.0490160131367186,-31.23475068582009,3.596782441806252e-214,5.113864336772987e-212
11628,Gm17210,12.528250956039834,-0.72179998690107,0.1914380276137433,-3.770410695817533,0.0001629791167339,0.0004013205848272
11640,Fam25c,393.3075415726552,-0.5219959678673304,0.0357628074585261,-14.596056768548848,2.9756577503582014e-48,5.219488740046562e-47
11656,Gm7324,243.35138304216647,-1.225495825993054,0.0575047764575403,-21.311200590405207,8.937403513726399e-101,3.775297406957663e-99
11668,Gm15222,80.18794578694762,-0.5150736649714196,0.0811383252709014,-6.348093373282129,2.1799976220508124e-10,9.401676551029495e-10
11670,Gmfb,34.16371693281344,-0.6775085109767731,0.1264016681020652,-5.3599649525962505,8.323809858312398e-08,2.9431214476782694e-07
11671,Cgrrf1,10.12092918551804,-0.7246149885450686,0.2290953656964918,-3.1629404040632005,0.0015618430092418,0.0033268587753496
11672,Gm34934,61.66755458577475,-1.0767312246594118,0.0936240605379083,-11.500582419445948,1.3102827355196534e-30,1.4162067044973856e-29
11674,Gm10371,10.029907623293967,-4.677873259960824,0.5001077168401966,-9.353731411138336,8.460891605483806e-21,6.328660068293447e-20
11694,Tep1,263.6461784933104,-1.1109761344248568,0.0901501162495371,-12.323623980136146,6.758732356026644e-35,8.282880970020599e-34
11702,Slc39a2,46.93134063276512,-0.7528175525415517,0.1100395438492225,-6.84133654328003,7.84576928924738e-12,3.7518953604144976e-11
11703,Ndrg2,697.3686837782617,-0.8741037317964785,0.0396584378045715,-22.040800903552423,1.170484837864541e-107,5.443999692706142e-106
11707,Rpgrip1,23.25912922329988,-3.853119650696502,0.3817681808060732,-10.09282555335268,5.9433641888473566e-24,5.089987900811096e-23
11709,Gm26590,65.49262980258439,-1.0573011889258226,0.09797694408614,-10.791326457337318,3.7828962010287206e-27,3.679382022446623e-26
11715,Oxa1l,249.0404779834338,-0.5706015412609212,0.0542516873765044,-10.517673621853834,7.162010272510544e-26,6.5851333147037e-25
11727,4930579G18Rik,16.482200094401907,-0.840825846287833,0.1700834272970542,-4.943608320047041,7.668970728647305e-07,2.466255242783819e-06
11730,Ppp1r3e,103.03086318478618,-0.5379654708031512,0.0656135999842896,-8.198993363143618,2.4240830858771715e-16,1.4699155688564485e-15
11737,Zfhx2os,19.970255814950104,-1.98751027560419,0.1761018832460615,-11.286138677047,1.5363901900578472e-29,1.6050413168298464e-28
11742,Carmil3,257.4371200657223,-0.5559819216752014,0.050862589092545,-10.931058202003555,8.188786067073478e-28,8.127439883143075e-27
11748,Rec8,241.1268136640793,-1.1895199248108703,0.0577140226922864,-20.61058767559884,2.2053802432685479e-94,8.666896560512441e-93
11752,Mdp1,68.79198853223993,-2.5902276670636377,0.1127542543806175,-22.972327574620525,8.816024795822321e-117,4.714820844933967e-115
11753,Nedd8,34.91555371624131,-0.9779269637904632,0.1178810155614951,-8.295881734071987,1.077827244072768e-16,6.672227555520201e-16
11757,Tgm1,48.534140555242864,-3.53600510062517,0.1836258616253947,-19.25657458772765,1.2433663421539438e-82,4.1026397342619187e-81
11758,Rabggta,17.767771252866385,-1.8755832360920823,0.1904327195805376,-9.849059763592058,6.918817703877695e-23,5.630352908581348e-22
11760,Nop9,57.85455274313579,-1.616997609786401,0.1125775235110484,-14.363414288711974,8.77931997912454e-47,1.4834081912553622e-45
11782,Eef1akmt1,961.902283959394,-2.9346258990576817,0.0468034441120897,-62.70106729815726,0.0,0.0
11784,Lats2,10.19186053773848,-2.5289411142873712,0.2854448493672127,-8.859648789927878,8.026691038733717e-19,5.5047361915833424e-18
11795,Gm49336,125.3788515865954,-1.6562143396838582,0.0739623183671641,-22.39267746397658,4.6386970496244785e-111,2.2659646369785723e-109
11808,Gm27010,20.036319993564987,-0.6532483586793866,0.1527723710331124,-4.275958763105136,1.9031645185192586e-05,5.275406736386874e-05
11810,Gm27017,146.19044822787544,-0.7061458989996164,0.0590519084547883,-11.958053811931569,5.892681847648451e-33,6.802060736084232e-32
11841,Adam2,629.358854619905,-0.6158949386686497,0.0300233119881136,-20.51389063646557,1.6181817858810585e-93,6.302619837747873e-92
11844,1700001G11Rik,38.17364404370466,-3.3019237053451604,0.1788135792944815,-18.46573240339507,3.897015126488453e-76,1.1770466413131271e-74
11852,4930438E09Rik,14.36835316764124,-1.1033814028935438,0.2107787645140711,-5.234784469096194,1.651774944788739e-07,5.681793909218228e-07
11853,Gm20667,422.9023543683804,-1.6056123934935622,0.0663055845099462,-24.21534182015559,1.5335899475163906e-129,9.64727374178656e-128
11857,Dock5,21.460549074123826,-0.6553040621815013,0.1491008310509905,-4.39503963567712,1.107525437188359e-05,3.15446332989414e-05
11858,Nefm,40.955189842037385,-0.9290283414386512,0.1204652939757722,-7.711999952662677,1.2386117827776774e-14,6.854697106713931e-14
11859,Nefl,12.35105831805089,-0.6651956361134054,0.1998936336733479,-3.327747982211486,0.0008755102921524,0.0019398104635957
11861,Loxl2,80.51988244785726,-0.9357647614043916,0.0856140173078845,-10.93004149121049,8.28105514640255e-28,8.214355779936914e-27
11864,Tnfrsf10b,19.84903201302374,-1.6407698170367184,0.2207700899514609,-7.43202948097481,1.069439563172049e-13,5.66394884335336e-13
11865,Rhobtb2,19.51284188489697,-2.526560378073807,0.202707822950711,-12.46404969130445,1.1726129393189678e-35,1.4658080831172342e-34
11867,Bin3,161.74686212776973,-0.7621911320385384,0.055491669539097,-13.735235186995617,6.245293999943488e-43,9.5553544594061e-42
11876,Polr3d,14.747532004085594,-1.6532780709952009,0.202468123711558,-8.165621534333516,3.1978439769220284e-16,1.9250910660382937e-15
11881,Fam160b2,42.36903388447522,-1.295865666405588,0.1149789783738777,-11.270457302132352,1.8361375460670784e-29,1.9147509484568319e-28
11906,Gpalpp1,69.90537474566402,-2.560817771747819,0.1064260401072592,-24.06194733137635,6.259463193632039e-128,3.8680385982415945e-126
11923,Naa16,20.585332018518063,-3.24290471633664,0.2327459510259741,-13.933237944812776,3.978995404227917e-44,6.297255351053196e-43
11928,Elf1,107.19625146367224,-3.501468178317345,0.1105000142938355,-31.68749072743495,2.3105356125819e-220,3.4535595549429293e-218
11953,Mycbp2,67.51179703202953,-0.7444183622322899,0.08413534200397,-8.847867548897153,8.920743622649824e-19,6.10351973681143e-18
11957,Pou4f1,133.55506025280275,-0.54026174464775,0.0731770073589183,-7.382943962136581,1.548272047296038e-13,8.150566394675831e-13
11961,Gm10076,45.48539324575165,-1.466689556003185,0.1211594975830035,-12.105444354441882,9.883272559946076e-34,1.169409137539492e-32
11968,Tgds,62.445426354305646,-3.59475685502158,0.1504856555192641,-23.887704396924416,4.110772475214925e-126,2.461958528991733e-124
11976,Gm16835,63.58538611593872,-0.8965218496083265,0.0919866165213105,-9.746220521119282,1.914640768313141e-22,1.5324136272887968e-21
11977,Hs6st3,59.83443670164701,-0.7031118212596552,0.0876167242044602,-8.024858583150074,1.016429660629444e-15,5.9528874430970246e-15
11978,Mbnl2,98.82941086243136,-1.4388533458731867,0.074552415348297,-19.2998890666532,5.38246335993227e-83,1.7929241759713432e-81
11981,Farp1,13.894299243521566,-3.750692745632256,0.332292273712534,-11.28733058920587,1.5157021996139965e-29,1.584375377576185e-28
11983,Slc15a1,83.3540774526405,-0.6419843727347838,0.079727612405791,-8.052221223774573,8.1304774883416355e-16,4.7793542963401176e-15
11988,Clybl,12.721615563634709,-1.3455156007616242,0.2168611483759401,-6.204502792861278,5.487009915302423e-10,2.292875254451822e-09
11993,Pcca,119.36295149618068,-0.7302962767377371,0.0696421216967101,-10.486416251333653,9.97399947837178e-26,9.117893511644831e-25
11995,4930594M22Rik,13.465089000439056,-0.9049740477222944,0.1959603484216331,-4.618148799037291,3.871785857022247e-06,1.1594142306096756e-05
11999,Fgf14,56.63227607117193,-1.4418587461880086,0.2017680498256098,-7.1461202476518055,8.926487189574817e-13,4.493563844884409e-12
12004,Fbxo4,44.06001279857555,-2.329220507365961,0.1296041102630152,-17.971810482237807,3.2396729685946984e-72,9.242316619051236e-71
12015,Dab2,687.9589140814946,-1.1310289005648035,0.0523830563166049,-21.591502674621097,2.1587856352340325e-103,9.414674111963282e-102
12027,Nadk2,26.82386065229269,-1.9462553191904293,0.1611489610623899,-12.077368084532196,1.3910118788229745e-33,1.642539887701295e-32
12030,Capsl,39.8929880264092,-0.5299253913472902,0.1151516168954326,-4.6019795955492935,4.184942110001205e-06,1.2472097413036994e-05
12041,Npr3,2728.9116161684187,-0.5880733755655041,0.01870204285635,-31.44433899988791,5.016429637752264e-217,7.250191859918315e-215
12046,6030458C11Rik,15.616434576114417,-2.503898876515912,0.2219699735566432,-11.280349483291513,1.6409278379150514e-29,1.712204417032125e-28
12047,Drosha,111.35823929390914,-1.6386983811730154,0.0736197632256737,-22.258946638414944,9.239279324940037e-110,4.4634396915621924e-108
12056,4930445E18Rik,10.638453287374992,-0.7450435602716559,0.2074125275742485,-3.592085632363498,0.0003280420106987,0.0007739879496895
12061,Gm49267,14.50333516007774,-1.031520347044777,0.185141388831467,-5.571527542033091,2.5251543489234266e-08,9.342843855588165e-08
12074,Sema5a,141.55519966572444,-0.5406715330704718,0.0758878203624523,-7.12461539266958,1.0437171776196052e-12,5.229950143900188e-12
12086,BC048602,15.307263664940722,-2.080296337036152,0.2077001665135419,-10.015862634855026,1.2982434763420228e-23,1.0915231689552546e-22
12107,Gm49312,39.08670709373225,-1.524494619992226,0.1253385544414987,-12.163014220048137,4.891972865921744e-34,5.843635346942586e-33
12115,Fzd6,32.74881447168101,-0.6404162970548669,0.1231410342244734,-5.200673366827939,1.985678002705202e-07,6.784981811510076e-07
12138,Aard,30.97460608696228,-0.6380551282115362,0.1247773335176105,-5.113549955140559,3.161600949791454e-07,1.056565591629141e-06
12163,Trmt12,15.365345721323903,-3.157996761478417,0.288971722529891,-10.928393732891136,8.432788027725826e-28,8.36012454812184e-27
12170,Nsmce2,14.964018342674793,-3.3469260401594063,0.3088829653262038,-10.835579866389846,2.3348145720766835e-27,2.287464270951095e-26
12172,Lratd2,70.79667991915734,-0.7466595068840878,0.0824251142294702,-9.05864085071692,1.3208607851428358e-19,9.367077619861281e-19
12173,9930014A18Rik,74.78070663507798,-3.877097187699925,0.1499872384367397,-25.849513786035686,2.4639186582712513e-147,1.8414106622157116e-145
12181,Ccn4,47.41720786870994,-1.4321687558430278,0.1130242983990256,-12.67133506802971,8.525098246053102e-37,1.0994610481340462e-35
12194,Dennd3,11.698328639153893,-1.5558158435226628,0.2158155499926255,-7.20900715252365,5.636130166475668e-13,2.8710936309736816e-12
12197,Mroh5,91.63320417026551,-0.8787030010661123,0.0748204281353773,-11.744158954506632,7.567157370537083e-32,8.418221889055504e-31
12200,Them6,16.739265383507675,-1.204098236445634,0.1749424184352561,-6.882826059085576,5.867665860531023e-12,2.829162960269273e-11
12204,Zfp41,14.150132089035624,-2.271242226637929,0.2243505838882969,-10.123629666008668,4.3401540639225665e-24,3.7463284437254613e-23
12207,Gsdmd,82.05920042557109,-4.281048479080903,0.1728153253032814,-24.772389089728566,1.7792874124692874e-135,1.1653999351783858e-133
12218,Fam83h,10.972915320309566,-2.1965538778925,0.2510065895019328,-8.750980929429286,2.115061185145551e-18,1.4220757403239288e-17
12238,Fbxl6,12.582884523922576,-1.027777093368668,0.2032734814321007,-5.056129732849465,4.278503379788974e-07,1.4101482681068522e-06
12252,Zfp251,19.335247651545,-0.7114150330158598,0.1588705888823976,-4.477953018368162,7.536218109519986e-06,2.187079029194914e-05
12257,Mb,13.185497723660852,-0.7984309691923,0.1864762160726547,-4.281677234812702,1.854898993071508e-05,5.1473299890248376e-05
12270,Card10,97.74227599722305,-1.8402456641378055,0.0805973647965382,-22.832578568584253,2.177276590142381e-115,1.129857952771809e-113
12282,1700088E04Rik,15.950460813086892,-0.8554053774397984,0.1864668762220573,-4.587438770739763,4.487169697039745e-06,1.3340976481100146e-05
12291,Kdelr3,13.198193345706928,-3.9652358674627526,0.3537276271499054,-11.20985629370231,3.6478515344534745e-29,3.770308961851203e-28
12300,Dnal4,158.35742104624396,-0.5962860790565754,0.0538729076500934,-11.068384927902462,1.785901855262396e-28,1.8105421243379006e-27
12308,Rpl3,22.03011652040533,-0.5130536789720322,0.1439705502369878,-3.563601570790013,0.0003658010571883,0.0008582142323733
12310,Tab1,28.26634432245071,-0.7575188100980572,0.1281867572049786,-5.909493512553231,3.431611918166169e-09,1.3595838066354772e-08
12315,Tnrc6b,209.18500216616232,-0.9236802875107272,0.0533626502726758,-17.309490491773673,3.9892938038906646e-67,1.032023225479881e-65
12331,Csdc2,42.80288661780951,-2.399392908888932,0.1465242474238344,-16.375398277586605,2.866250380635959e-60,6.501295286194767e-59
12333,1700029P11Rik,221.6747988123201,-2.577676533828467,0.0622014694733324,-41.440765879873446,0.0,0.0
12342,Sept3,187.16226450161392,-0.5480347551946939,0.0520991023378499,-10.519082490919372,7.05573007647076e-26,6.490826279711764e-25
12354,A4galt,60.96735954381435,-1.521504656813176,0.1240362756666242,-12.266610301187749,1.3686403648159458e-34,1.658682099785257e-33
12375,Smc1b,10.503867361872269,-1.8014350500525806,0.2352568328930686,-7.657312342002783,1.8986448207766407e-14,1.0424960949997455e-13
12378,Wnt7b,484.8314039122347,-0.8246212799726712,0.0356337503041198,-23.141579904861445,1.7672059092875929e-118,9.568079548489603e-117
12380,Cdpf1,15.32093743240434,-0.5293329335613467,0.1726608708486109,-3.065737656480754,0.00217133739746,0.0045183660645861
12387,Tafa5,372.6945694434922,-1.5214630716439166,0.0424101656231269,-35.87496179958886,7.507839279884714e-282,1.7506279110216518e-279
12403,Syce3,10.286805223923944,-0.7453615265634499,0.2361430989185477,-3.156397667248983,0.0015973092504878,0.0033966128614459
12406,Mapk8ip2,54.3461582442492,-0.504128172215155,0.0904340550404819,-5.574539060417968,2.4818611713793706e-08,9.18771976398866e-08
12413,Slc2a13,478.98281275338513,-1.5695210962060937,0.0456849285216138,-34.35533658465815,1.1723190589055897e-258,2.3297176934251083e-256
12417,Pdzrn4,747.4688586608432,-0.5258963953238455,0.0453952407624021,-11.584835469347492,4.919102034902542e-31,5.3765785241484785e-30
12420,Yaf2,78.5225656105351,-1.4486483311185958,0.0914792169931523,-15.835819093500051,1.7615033036723741e-56,3.752152225897988e-55
12432,D030018L15Rik,675.2416862919905,-0.9679562248206304,0.0315084190299872,-30.72055833392986,3.0252139994044748e-207,4.069610955506574e-205
12438,Gm32885,20.466096022861056,-3.0400520129415143,0.2191761433738254,-13.870360004265706,9.579479321081925e-44,1.5065281867543226e-42
12440,Pced1b,40.29966411759586,-0.8181473299283473,0.1109496636471185,-7.374040650817196,1.6553267848414957e-13,8.695810998290201e-13
12464,Tuba1b,74.81304035142473,-0.8224125840761456,0.0812635033648516,-10.120319085724503,4.489495927300207e-24,3.86950738179527e-23
12469,Troap,11.861024271240211,-1.1273266106678248,0.2075794686486808,-5.430819425478807,5.609587411528588e-08,2.014796973768986e-07
12474,Mcrs1,21.676937381872808,-1.4482748554792877,0.1729968100306899,-8.37168532311296,5.67999556207528e-17,3.5641105988364727e-16
12475,1700120C14Rik,143.84556718829234,-3.8342851440718193,0.1186933966590349,-32.30411507294203,6.1234093154703015e-229,9.824420376967398e-227
12478,Nckap5l,28.12540908802916,-1.586432375698526,0.1906034080215706,-8.32321096545655,8.561187438868238e-17,5.324254833959024e-16
12488,Lima1,181.14069548847223,-0.5547254744594058,0.052553757262594,-10.555391343146454,4.796367019310095e-26,4.43803526104206e-25
12489,Gm17057,424.239867670661,-1.059476623454606,0.0673382740032429,-15.733646861866134,8.893768974826146e-56,1.8649188469035928e-54
12496,Atf1,425.649441844638,-5.0976302902940125,0.2335644865216397,-21.825365517722734,1.3326802832770575e-105,6.069248123424265e-104
12499,Slc11a2,17.094919623469753,-1.0202945039114026,0.1716892739385807,-5.942680521069697,2.803985913996749e-09,1.119290245696762e-08
12503,Tfcp2,506.1498650035963,-2.092676359600909,0.044348894971128,-47.18666295886923,0.0,0.0
12505,C330013E15Rik,118.88519825050174,-0.72573115340232,0.1916109980363229,-3.787523476417288,0.0001521563122221,0.0003760471436038
12509,Galnt6,113.60927234587156,-1.2572120292106588,0.0684550590220264,-18.365509389249556,2.481108688811315e-75,7.417030555543979e-74
12511,Scn8a,58.50807476744787,-1.6172722276984042,0.1855329692072276,-8.716899398575475,2.859239862598599e-18,1.912137159354658e-17
12512,Fignl2,11.205375725475472,-1.5057759143781848,0.2911408674929723,-5.171984020465736,2.3162139638320479e-07,7.857604228805984e-07
12521,Tns2,124.20348711167064,-0.6637267600161665,0.0685939738076257,-9.676167207889316,3.807221150545213e-22,3.0099766492194697e-21
12525,Csad,14.37666613984399,-0.5596892101115374,0.1866099248478898,-2.999246747287172,0.0027064802157463,0.0055357808202306
12526,Zfp740,29.31765548838662,-1.5323204812571158,0.1372044629488092,-11.168153340819698,5.838201344952467e-29,5.995212279537801e-28
12546,Cbx5,43.27457638687426,-1.4078232389171468,0.1224002283860509,-11.50180238615949,1.2918913972170816e-30,1.3971921307688513e-29
12549,Zfp385a,411.8196805246644,-0.7121385331171025,0.0382948980099546,-18.596172600642124,3.4508350358259237e-77,1.0495339670699781e-75
12554,Ppp1r1a,57.0417042601619,-2.4913100037559373,0.1178980226555477,-21.131058415072648,4.122034826641388e-99,1.7122599773944085e-97
12558,Zfp174,88.7773758664137,-3.5025055575591466,0.128622413803873,-27.23091142497032,2.797184709922279e-163,2.5085726260061955e-161
12559,Zfp597,49.368488422048905,-0.5860118313818249,0.098302567811827,-5.961307465574873,2.502276293742111e-09,1.0015977986944846e-08
12564,Slx4,1906.5482018574755,-0.9656871535327368,0.0420457403237916,-22.967538354564315,9.843258899536517e-117,5.248137549850446e-115
12570,Glis2,87.91636599178135,-1.2222988105502712,0.0831081871949,-14.70732128573342,5.785253870942816e-49,1.0376668686671586e-47
12573,Vasn,368.57995895442014,-1.554185854993753,0.0448730493074146,-34.635173650589074,7.468988428060484e-263,1.6125638225916264e-260
12586,Glyr1,26.59045901855508,-1.6703345831510292,0.1598617724922018,-10.448617934800575,1.4867596320295637e-25,1.3534852912510676e-24
12587,Ppl,14.617620125592524,-0.5432092107256706,0.178367705445102,-3.0454459756049244,0.0023233551436496,0.0048129394399603
12595,Tmem186,16.850304726321173,-2.755785737449799,0.2274031199840323,-12.118504520269129,8.428301178339912e-34,1.0006390428160785e-32
12611,Txndc11,11.007525782096202,-2.166187288717168,0.2458551545385454,-8.810827223789406,1.2422570758862105e-18,8.440012332205924e-18
12619,Gm9961,27.547074891098088,-1.571332800951908,0.1561357486928137,-10.063888725722876,7.978323230936065e-24,6.779636378163748e-23
12629,Gm49432,349.03811216792514,-0.6277422563513466,0.0397845211025131,-15.77855504993608,4.370796565189017e-56,9.220324527385467e-55
12636,Nde1,11.93100038043827,-2.3456152417634404,0.2490129986564694,-9.419649795067034,4.525950300248312e-21,3.4145737209121e-20
12648,Yars2,10.902231203873638,-2.8351263236739026,0.2901297827081883,-9.77192447190251,1.4860209673822817e-22,1.195378780017541e-21
12670,Crkl,59.61582710339303,-4.433556844225153,0.1974690602549171,-22.45190633156292,1.2259982955002176e-111,6.022544435872979e-110
12671,Aifm3,94.94881777036268,-0.5504601092424205,0.0703475521066139,-7.824865155338747,5.082013445310913e-15,2.875258852526601e-14
12681,Slc25a1,112.88125986850524,-0.6908788312500205,0.0780055481793854,-8.856790925451115,8.235078035625121e-19,5.645434915210196e-18
12695,2510002D24Rik,15.277923540282409,-3.894355137297995,0.3229137430460567,-12.060047678870545,1.7168349615530156e-33,2.0218188422652616e-32
12699,Gm43388,15.372210611112685,-0.5352546599126923,0.1775585327812907,-3.014525134491828,0.0025738188400506,0.005286697659714
12724,Liph,28.05466259256716,-1.1838730212574426,0.1483692944314238,-7.979231995368341,1.4724658807009759e-15,8.557820977633322e-15
12732,Fetub,32.07806954475358,-0.727805636570069,0.1181722294224582,-6.158855089110739,7.327273491968687e-10,3.03001557880228e-09
12734,Eif4a2,14.672674769333698,-0.522604521914565,0.1805920863118066,-2.893839550711246,0.0038056257232226,0.0075809070107892
12748,Gm26569,52.68165934083948,-0.7769915757807352,0.0945032081941925,-8.221853952133698,2.0038111777121855e-16,1.219588312689991e-15
12757,Gm49756,81.3172020405713,-1.2257196614340171,0.0833821674976084,-14.700021577985158,6.443917826012742e-49,1.1534415040052287e-47
12758,Xxylt1,85.51170131084895,-0.7156269478551537,0.0779588961747765,-9.17954182228011,4.329295270788569e-20,3.1532992792815696e-19
12783,Lrch3,148.02354670741582,-2.206188556739271,0.1303167087432028,-16.929437353169366,2.7297687561295512e-64,6.676670770236865e-63
12793,Umps,27.40532678798741,-2.95256053498078,0.1909549875490935,-15.462076025752888,6.254967366130884e-54,1.266051727996492e-52
12802,Sema5b,91.29661891163504,-4.041318691535795,0.1418587301962186,-28.488332624617836,1.6340871476835788e-178,1.623688411289229e-176
12815,Ildr1,627.6490372803252,-1.8082913000888945,0.0717638385364691,-25.19780626241101,4.23369733377882e-140,2.914917282406457e-138
12824,Ndufb4,304.17301391854204,-0.8448523012915645,0.0446288578989483,-18.930627873214597,6.3797435325404156e-80,2.021176719149761e-78
12829,Maats1,1392.992496645045,-0.6540808536186052,0.0299700332269053,-21.824495444049436,1.3582826748553087e-105,6.16977855009601e-104
12832,Adprh,19.25448295322266,-1.634708693978112,0.1742107806063849,-9.383510528384596,6.3811945276669065e-21,4.7956308508740384e-20
12833,D930030I03Rik,62.63838543432404,-1.9822260657094533,0.1302921960282751,-15.213697566961605,2.868719354447405e-52,5.592883396942721e-51
12834,Cd80,51.42279214663444,-0.8126092105019902,0.1063155953202491,-7.643367918452677,2.1161219336773852e-14,1.1597223558806058e-13
12836,Poglut1,47.64366662285394,-0.8326510035782847,0.1008938440792432,-8.252743377725904,1.5479922206351462e-16,9.478742280975992e-16
12839,B4galt4,865.8470333316363,-0.6294972961282131,0.0269436601532959,-23.363466305122948,1.0056596494765355e-120,5.618842156564108e-119
12848,Zdhhc23,2176.7272246911416,-1.688773412735894,0.0290661136826736,-58.10110808665057,0.0,0.0
12851,Naa50,34.54874404760999,-1.4348080135221768,0.1286531522243553,-11.152529018644234,6.959961101263908e-29,7.117883025666855e-28
12863,Abhd10,50.66739307354545,-0.7130984014854103,0.0956153438991412,-7.457991284721141,8.785147948290564e-14,4.683983759747116e-13
12869,Dppa4,15.33429482570412,-0.6438568536867069,0.1746681252453775,-3.6861725788961386,0.0002276520030038,0.0005498105549692
12870,Dppa2,10.380502700138493,-2.976185855780113,0.3150138452129766,-9.447793806548264,3.4604720487276666e-21,2.625454888856809e-20
12876,G730013B05Rik,21.22306783994801,-3.0407978478871813,0.2186422421546514,-13.907641167237683,5.692605525858199e-44,8.976761536177471e-43
12882,Zbtb11os1,29.81816270227273,-1.2891007365511076,0.1308649346334212,-9.850619955316034,6.812246684640491e-23,5.5513779133733885e-22
12895,Gm16892,107.77774889501286,-0.5618886578823509,0.070448057110285,-7.97592837802078,1.512396312887652e-15,8.778223272412631e-15
12909,Crybg3,92.38425566070642,-0.6850874670794518,0.0716264456655057,-9.56472795367787,1.1249694761445521e-21,8.720508066851032e-21
12910,Arl6,30.119464011374305,-2.158546563853471,0.1693927233826223,-12.742852944029774,3.416681033478492e-37,4.492550219058035e-36
12919,Cggbp1,64.98793941148149,-0.9022962271488284,0.0866562232712382,-10.412365010699776,2.1774388651364e-25,1.9689271392712182e-24
12924,8030451O07Rik,25.19070383755341,-0.9674657864790712,0.1550702049541862,-6.238888939141456,4.406897240633245e-10,1.8530372431881263e-09
12932,D16Ertd472e,91.33427316896122,-0.7885267461813668,0.1015255237091889,-7.76678334051281,8.050437322748613e-15,4.5022720786769354e-14
12934,Mir155hg,988.6840570726594,-3.559231571079684,0.0975437416578003,-36.48856923662064,1.68350768706263e-291,4.2668380335291715e-289
12937,Atp5j,60.0831882208746,-1.8536655716561283,0.1036910503225617,-17.876813532988155,1.7876638748585962e-71,5.034245707492292e-70
12948,Usp16,19.028206932016115,-2.8304428271447057,0.2159020225743874,-13.109848594259914,2.89175137366117e-39,4.032770974687922e-38
12949,Cct8,115.0915808282313,-0.937949742690806,0.3058117765042533,-3.067081828608915,0.0021615967410385,0.0045002385484859
12956,Hunk,67.18514290143536,-0.5016957375388051,0.0867331695248693,-5.784358398143765,7.278960677238441e-09,2.8106527781750023e-08
12960,Gm36363,1104.2398203404657,-1.2411221213585173,0.043354256633093,-28.627457088288452,3.0596266859435226e-180,3.110857644405833e-178
12995,Chaf1b,83.55290227996983,-0.8835218440347024,0.080900439244374,-10.921100704606426,9.138157321853252e-28,9.038919414285615e-27
13002,1600002D24Rik,22.206782242472343,-1.2265869980497863,0.1617738849143673,-7.582107573784621,3.3998618911777365e-14,1.8482059295280158e-13
13009,Sh3bgr,41.436659049695024,-0.7239728463020481,0.116349181183852,-6.222414622394674,4.895612013767501e-10,2.053104625821728e-09
13010,Gm32509,22.66722281702886,-0.5371732934303184,0.1637280582404425,-3.2808872175192683,0.0010348111375709,0.0022688794361574
13019,Gm49797,11.000674931694205,-1.09383626385973,0.2189073497166229,-4.996800085861477,5.828944004392518e-07,1.8986137595234932e-06
13020,Gm34035,127.0299654137074,-3.642871823026285,0.1259479465259274,-28.923630146493657,6.024440564323556e-184,6.503420777091997e-182
13032,Dynlt1a,19.885861435952613,-0.6535159816539134,0.1721666904732183,-3.7958328632423366,0.0001471486130795,0.000364030972632
13033,Dynlt1b,39.30484292943475,-3.204244382894571,0.3672257797606411,-8.7255431385648,2.649060951017337e-18,1.7729344780478833e-17
13046,Gm1604a,32.564144938837096,-2.939378275664952,0.2389286133799885,-12.302328440630124,8.800022210132133e-35,1.0716907270946433e-33
13049,Mpc1,56.65924138688344,-0.9758458628356408,0.1377999332312716,-7.081613466371312,1.424856315424201e-12,7.0849835780888306e-12
13055,Gm49808,18.183275951666445,-1.8578434919166025,0.1868308046653585,-9.943989136289773,2.6787984460608666e-23,2.2170765369007304e-22
13067,Mrpl18,12.349196140199096,-2.756343682965454,0.2877563886907526,-9.578740181951806,9.823584698238412e-22,7.631934660275138e-21
13068,Tcp1,463.7256386037504,-1.8130379273107569,0.0551362223606002,-32.88288260761106,3.861348439833853e-237,6.685867476813311e-235
13071,Wtap,49.16040002390215,-2.8859141367633514,0.137790016966941,-20.9442904521577,2.115261644901996e-97,8.622772877866224e-96
13077,Dact2,154.95576230166947,-0.767739435423019,0.0603289631024213,-12.725884814556094,4.24637025533569e-37,5.562585994405284e-36
13078,1600012H06Rik,14.30904919461978,-1.8077338171488848,0.2038981616350483,-8.865866188555918,7.59115970112525e-19,5.2121790676591424e-18
13083,Ermard,101.3062059976038,-0.6228626391358822,0.0720581170469053,-8.643892800174582,5.43295309895381e-18,3.582635135539375e-17
13087,Pdcd2,37.55231018705263,-2.767181465240019,0.1604551399522151,-17.245826254391783,1.2028076924333206e-66,3.0933383713638098e-65
13101,Has1,23.001610614520278,-4.454546652148008,0.3114846956658588,-14.301012904102892,2.1564780733531508e-46,3.605400434684503e-45
13118,Zfp947,60.33131029242535,-4.434593274079788,0.3509744772172726,-12.635087625857558,1.3524340508883015e-36,1.7301658143331835e-35
13119,Zfp994,1990.5238281996192,-1.7278354727049836,0.0272154052506731,-63.48740563627087,0.0,0.0
13126,6330415G19Rik,32.71894862416895,-0.7690905929249545,0.1251824906365435,-6.143755320845486,8.059295847825236e-10,3.3217291017385752e-09
13134,Cldn6,43.20656230560644,-1.2810869938405756,0.1149268942264705,-11.14697306024919,7.408381760903213e-29,7.572050276719778e-28
13147,Amdhd2,13.188953664006304,-1.3863739729768936,0.2462032395890203,-5.631014341204957,1.7915282797185653e-08,6.708832238911833e-08
13153,Ccnf,223.33037868518943,-3.775047001078051,0.1886159630424005,-20.01446187367199,4.12062056451513e-89,1.4950500504614232e-87
13157,Eci1,2973.396422019159,-0.6396470102367713,0.0177252164461013,-36.08683776481957,3.6485710477158364e-285,8.986790208796414e-283
13160,Mlst8,136.58978351065488,-0.7372923636202801,0.0618516003388468,-11.920344171874431,9.272469596898854e-33,1.0633242512168338e-31
13172,Syngr3,46.80117816676816,-3.287608165892973,0.16569684842889,-19.841102574161955,1.3154201432940427e-87,4.675623468684192e-86
13181,Hs3st6,356.8560780812604,-0.5378019919133381,0.0374606969606436,-14.3564331565522,9.70973536341044e-47,1.6374527679394578e-45
13189,Mrps34,200.15269966557744,-1.2875672313847972,0.0635858542596952,-20.24927157738825,3.6053160858453317e-91,1.3559089829949069e-89
13192,Cramp1l,57.6403878937694,-1.028111374927944,0.0957090527092621,-10.742049428187997,6.459431789371502e-27,6.203324718974675e-26
13205,Mslnl,11.307188161989032,-1.605283402495934,0.2238754871929194,-7.170429521444744,7.476282739673635e-13,3.77440047781214e-12
13232,Arhgdig,65.26446842882272,-1.5920299891197354,0.0950474285480909,-16.749848085729326,5.677106894233957e-63,1.3442252552765458e-61
13234,Luc7l,23.845625105876533,-1.7272409906902468,0.1688585020384076,-10.22892522342392,1.4714327972290256e-24,1.290492314841585e-23
13247,Cuta,17.842533163056775,-1.3217892746803217,0.1822422608914719,-7.2529240375670465,4.0786885852651374e-13,2.094804874570241e-12
13252,Bak1,136.20006493781844,-0.5256226381788072,0.064505627150489,-8.148477294121188,3.6853522788915607e-16,2.2079287650995414e-15
13254,Itpr3,34.75331984241185,-1.7852781797297417,0.1290894602340089,-13.829774921155073,1.685470611662486e-43,2.629394295874537e-42
13261,AI413582,36.89098083585328,-0.647975625931868,0.1219004387852584,-5.315613564552883,1.062985280136332e-07,3.7201293934409e-07
13270,Anks1,825.3378400175006,-0.6199935905705961,0.0386005952423357,-16.061762433409577,4.729204291890482e-58,1.029941776545215e-56
13271,Scube3,50.487543201994576,-1.980670337453771,0.1178509522042188,-16.8065705062913,2.1844934906028377e-63,5.226049543592671e-62
13279,Gm22146,178.6559686471252,-2.015541409287309,0.0800507869383761,-25.17828351692398,6.928117495955748e-140,4.7327702644247705e-138
13281,Lhfpl5,11.31944775671974,-0.9055075189911492,0.2066414668337975,-4.382022315586116,1.1758276216442183e-05,3.341383400603524e-05
13284,Gm4356,11.53660714568402,-1.726349920874749,0.2307566472326819,-7.481257600063827,7.361472020730926e-14,3.940539415321164e-13
13292,Gm41556,70.90437077834947,-0.7183810983173954,0.0829672995950821,-8.658605279711638,4.775714356801709e-18,3.157568721049085e-17
13293,Trp53cor1,73.30802303528586,-0.989923940245348,0.0876468544003675,-11.29446056014073,1.3975953210041354e-29,1.461791086944995e-28
13307,Cmtr1,16.98064246077181,-1.119024619192072,0.1755431859511848,-6.3746400244966,1.8339319270240143e-10,7.950372221069897e-10
13310,Gm50240,11.546484633965887,-0.5793247109991202,0.1991217867416576,-2.9093989185158384,0.0036212446690821,0.007243317713932
13315,Glp1r,16.450228537201195,-0.6344745178783286,0.168919882275503,-3.7560677247188736,0.0001726040030568,0.0004234706517197
13318,Gm50218,36.88377537850519,-0.895671793022047,0.1179153340989405,-7.595889032299272,3.0568640186323564e-14,1.6648532531249656e-13
13323,Ndufv3,35.701474300600815,-0.915235847454465,0.1217114652434958,-7.519717601159802,5.4894682872141364e-14,2.95374853945888e-13
13351,Zfp955a,66.57753418777546,-0.9242913513856806,0.090200798848512,-10.247041746692116,1.2202096274484091e-24,1.075013902509712e-23
13353,Zfp81,463.8030969565654,-1.8701393956944716,0.0425883833561712,-43.91196021821949,0.0,0.0
13356,Myo1f,764.1124216315496,-0.8477599215159748,0.0272898727424581,-31.06500090771818,7.156294286889273e-212,1.0011941959129572e-209
13357,Zfp414,11.47790732484006,-2.38703722350598,0.2667430372726447,-8.948826735695183,3.5928058585182305e-19,2.4972571086552786e-18
13364,Rps28,88.19860074181709,-1.1685189918426209,0.2044101953120267,-5.716539676795023,1.0871509498628757e-08,4.143874413949863e-08
13375,Pfdn6,10.877206956267928,-2.427403843053996,0.4263291281513562,-5.69373210218987,1.2429205537719564e-08,4.720129130155044e-08
13376,Wdr46,810.413643272938,-0.5790373519104782,0.0300416351961978,-19.2744951507754,8.795437423030288e-83,2.9131554858703348e-81
13378,Rps18,12.008720547821902,-2.583996701473533,0.2587554471843111,-9.986250452277268,1.7507946180015946e-23,1.4615814636335104e-22
13380,H2-K1,52.284479097391774,-2.09295195447895,0.1163084751473789,-17.994836161568536,2.1385361667683826e-72,6.120903516275855e-71
13387,H2-DMb1,41.40651616612376,-5.460822344237754,0.3234071293604281,-16.8852874549708,5.773442687305659e-64,1.3984205777784124e-62
13389,Tap1,14.250491664872465,-2.7168471790862725,0.2537792795913716,-10.705551625258236,9.585803349315636e-27,9.165474520111088e-26
13393,H2-Eb1,97.555046170357,-4.477081730106587,0.2948506043584954,-15.18423792906019,4.49759871729539e-52,8.719956360095542e-51
13415,Gm10501,30.75733653450347,-1.8220474759461764,0.1614787276554556,-11.283513948870388,1.5829406783820106e-29,1.6526845721519163e-28
13420,Clic1,39.2876984411377,-4.567920199672199,0.2481687061607749,-18.406511724781662,1.164881141138523e-75,3.494243807243653e-74
13442,Gm9573,135.4351024761249,-0.7268205194578867,0.0704271970961462,-10.320168193910108,5.712300312506169e-25,5.096770809444279e-24
13455,Mrps18b,240.95357791710956,-0.5135011774561166,0.0504556899759882,-10.177269951129206,2.5049035241195223e-24,2.175062206047776e-23
13458,Prr3,1089.8908519997872,-0.5901926480941175,0.0285081229747591,-20.702613378533187,3.2808825507184495e-95,1.301044762969711e-93
13470,Rpp21,124.31303646490544,-0.8653428974543883,0.0912741835837182,-9.480697207887712,2.525896769711601e-21,1.9323220782465652e-20
13472,Trim26,53.22458718495181,-1.0557003220637624,0.0998909293443783,-10.56853038601923,4.1697749745450276e-26,3.880842190252445e-25
13482,H2-M3,746.7545908247777,-1.2344703071901102,0.057083541874109,-21.625678201828947,1.02992503547166e-103,4.525459552846329e-102
13485,Crisp1,140.07624408856643,-1.258564063656053,0.0778280062094271,-16.171094763360454,8.065233748957579e-59,1.7853773139464576e-57
13490,Mmut,99.85191607848732,-1.105864276885404,0.0778523528351562,-14.204635269366223,8.57479321510253e-46,1.4160149551058838e-44
13502,Enpp4,30.088647554723764,-2.165206053442424,0.1501686197201106,-14.418498734808969,3.958596214787346e-47,6.740791684927081e-46
13505,Supt3,3213.558802043314,-0.5534418522808883,0.0229432837512037,-24.12217267076472,1.4632363758681094e-128,9.138956336136247e-127
13511,Nfkbie,13.071999646441515,-0.7764214997407686,0.2012061942792783,-3.858834975344146,0.0001139288324587,0.000286633207026
13526,Polr1c,23.883204156825368,-2.179439377047907,0.1762632430404937,-12.364684431383203,4.0580184603980916e-35,4.99062073385667e-34
13541,Rrp36,17.26502645119431,-2.552191770342159,0.2167933785264952,-11.772461814511765,5.412170655811634e-32,6.051664989055873e-31
13558,1700001C19Rik,775.7723447352832,-3.112399959814033,0.2907261422222012,-10.70560746971022,9.580025079182099e-27,9.164960535270052e-26
13562,Med20,27.687337255966455,-1.0965987670337352,0.140885018920785,-7.783643537360891,7.046512170075726e-15,3.9547305786355684e-14
13563,Usp49,39.01363747062892,-1.634734287142542,0.1222304298160356,-13.374200594753033,8.556870720543776e-41,1.2367153319080129e-39
13575,Lrfn2,66.53342669880048,-2.220680122772229,0.1013256228621731,-21.916274087876857,1.817374508335188e-106,8.341796693376842e-105
13581,Tbc1d5,12.951264609575908,-0.8575812550737716,0.197758184394138,-4.336514605962331,1.4475981199264904e-05,4.0706859497144985e-05
13586,Kat2b,1151.1447636857897,-0.5286550395690515,0.0254841705178238,-20.744447585582805,1.3759585324179774e-95,5.468809730664906e-94
13587,Sgo1,19.413322308352694,-0.906618937566712,0.1665967874933936,-5.441995318203023,5.268706066143223e-08,1.896647420434596e-07
13588,Slc5a7,11.061096447346666,-2.5793217698623723,0.2720709867812935,-9.480326441186396,2.534888107358072e-21,1.9383525676203742e-20
13593,Ebi3,55.76043851677667,-3.5489649989392293,0.1648574735468436,-21.527474142267533,8.610009927432262e-103,3.7178235459490224e-101
13598,Stap2,995.1673670669292,-2.8677506661567764,0.1372252684731413,-20.898123924735284,5.569106989360053e-97,2.259687773316209e-95
13602,Ubxn6,78.22936820399657,-1.46155264785808,0.0926591785052773,-15.773425487199184,4.740733131090719e-56,9.988667589941504e-55
13603,Hdgfl2,78.92213742918513,-1.5431731306940308,0.1694291815859925,-9.10807168073821,8.385915116214839e-20,6.010364080014963e-19
13604,Plin5,108.70148437787408,-0.5952816291820251,0.0751019466642341,-7.926314238476544,2.2574591790959058e-15,1.2965006937283812e-14
13610,Plin3,67.00589183055621,-2.3260834650195417,0.107252147441102,-21.68798966283562,2.6637557618006748e-104,1.1853374239788856e-102
13622,Ndufa11,868.982142739415,-5.514043905232496,0.2186762133100748,-25.215563328846308,2.704120309849297e-140,1.869156362792273e-138
13640,Trip10,24.30382107486685,-0.5060850168901104,0.1353519459674484,-3.7390302243000018,0.000184731518192,0.0004515142963162
13642,Pdzph1,50.00261822322232,-0.6218563277305871,0.0987834953754475,-6.295143995128848,3.0711463192653336e-10,1.3093175726794774e-09
13643,Nudt12,36.344456470190025,-2.926713635282689,0.1604828802208892,-18.236921167256902,2.628533403494559e-74,7.81765172794436e-73
13655,Washc1,42.1961942230632,-0.5907864158527474,0.1063518060366279,-5.555020059079001,2.775798828160294e-08,1.0230383542016276e-07
13658,Mtcl1,11.160678229518034,-1.691437846528121,0.2522044741136229,-6.7066131656573855,1.99193383498278e-11,9.264611411217779e-11
13666,A930029G22Rik,220.612769959982,-2.467837670837843,0.0607779181753668,-40.60418232354088,0.0,0.0
13674,Gm41611,142.26173743758068,-9.625792047351773,0.6971801256742061,-13.80675049800534,2.320659857883337e-43,3.613864612169527e-42
13679,Smchd1,19.681487080416947,-0.8458683675682024,0.1627318919695059,-5.1979262167412665,2.015240818961785e-07,6.876591500878769e-07
13682,Spdya,75.16094273322541,-4.523353196191469,0.1904768612337537,-23.7475206536525,1.1654974817067823e-124,6.816795973273648e-123
13685,Wdr43,79.76113743813438,-2.233305861787567,0.0988383107704435,-22.59554867317108,4.7932667390594047e-113,2.4226777090367305e-111
13690,Galnt14,52.59459586250987,-1.0372119937589928,0.1007394286925481,-10.295988444847287,7.346118283005587e-25,6.5080504829382835e-24
13696,Nlrc4,711.6650598959949,-0.5291503042455405,0.0453830405545832,-11.659648577514746,2.048862640718342e-31,2.260599991222862e-30
13714,Prkd3,41.520839922440125,-5.464802600959038,0.3259570856991399,-16.765405142942896,4.370251406488593e-63,1.0370007679331413e-61
13719,Hnrnpll,34.75078236207711,-1.234913717206712,0.1257477454145547,-9.82056348712695,9.18287994486124e-23,7.427854046056122e-22
13739,Plekhh2,51.76603098590719,-2.408199705404868,0.2390897150653971,-10.072368461128342,7.319388736257786e-24,6.228782005823657e-23
13746,Slc3a1,40.26868232296467,-0.6814811748973283,0.1094447870558126,-6.226712054817183,4.763253801408714e-10,1.9995147018491504e-09
13750,Epas1,494.5386268815144,-2.9735489928688468,0.1175466754370898,-25.296751114498925,3.4683039137182723e-141,2.475661177269597e-139
13756,Mcfd2,54.3734256368576,-2.342356903028893,0.1249590829127629,-18.744991147735536,2.127072803667984e-78,6.583760918680655e-77
13764,Gm50039,1836.392076339758,-0.5605743684973679,0.0195313768222338,-28.70122130147168,3.683665889504506e-181,3.767248483956421e-179
13768,Ston1,25.021387619787287,-0.5316426798414258,0.1389134184419192,-3.827151371008192,0.0001296348009677,0.0003235874106943
13769,Gm10184,34.59704533932923,-1.3235312314207834,0.1231614470895467,-10.746311144415884,6.1679260497742126e-27,5.933151306845514e-26
13782,Arhgap12,24.70420733498135,-2.3666517083918195,0.1774919854189497,-13.333851118999014,1.4710345845580192e-40,2.1173212193210403e-39
13786,Gm28529,10.051020789865186,-0.8457253393041722,0.2307692689448064,-3.664809197391209,0.0002475230444366,0.000594599313339
13822,Gm50084,205.1705573814701,-1.5341225342022449,0.0554361981746629,-27.67366061735837,1.4491478188373081e-168,1.3338261608329916e-166
13823,Dsc2,18.41570852617462,-7.15348966826974,0.8280075992370792,-8.639400984798833,5.650851453061398e-18,3.722112625654905e-17
13826,B4galt6,45.43961245707607,-3.090980915084917,0.2170820621133041,-14.23876705884435,5.26477259656564e-46,8.735326676351036e-45
13828,Rnf125,264.56796381616294,-1.1688747114045068,0.0692995655844281,-16.866984685213637,7.87131893326726e-64,1.8986706966203841e-62
13835,Dtna,27.414607463346144,-2.2623294752645497,0.1622009776232169,-13.947693216250547,3.2494626376556845e-44,5.156679002479367e-43
13840,Ino80c,515.868200617081,-2.6139128529163886,0.1287653272475623,-20.29981912670419,1.290590281986285e-91,4.885247370427738e-90
13843,Rprd1a,14.497235715864662,-4.468137423827874,0.3900147459746385,-11.456329459190304,2.1858340883987016e-30,2.3422712339409614e-29
13845,Mocos,83.5345563079228,-2.510265074853005,0.1147640796900809,-21.87326454089072,4.669412478106124e-106,2.137661921914133e-104
13847,Tpgs2,24.92144586812809,-0.6907825979134323,0.1362671691242306,-5.069325225973301,3.992285434602377e-07,1.319544276702445e-06
13858,Sft2d3,77.06165368886666,-0.8362582693224437,0.0794746659199941,-10.522325066006454,6.817024017952614e-26,6.2745324224187e-25
13861,Proc,55.48382947225906,-0.813335726396254,0.0992979808910813,-8.190858656918625,2.5936904274401587e-16,1.5700400898260125e-15
13863,Ercc3,15.054732462716714,-0.6665611807509909,0.173597901219464,-3.839684558791515,0.0001231924916815,0.0003082544419125
13864,Bin1,19.505090789496816,-1.1996864695157223,0.2000266511855816,-5.997633127410966,2.0021421399750062e-09,8.06018916756052e-09
13878,Brd8,16.18756771409769,-1.8260118649141304,0.2041612130302539,-8.94397049180708,3.754328330205305e-19,2.606418969377942e-18
13880,Cdc23,11.49628923366265,-1.26068169748218,0.2094411141481478,-6.019265618451774,1.7521015493762165e-09,7.087844528219125e-09
13881,Cdc25c,36.74181146807619,-2.9875984743617243,0.306796544196253,-9.738044742937532,2.0750846157922456e-22,1.6585502632986652e-21
13882,Gm3550,11.418046051371652,-0.6330038160344486,0.2010057974957174,-3.149181883910265,0.0016372825769899,0.0034735894342351
13883,2010110K18Rik,29.08102439461798,-0.635984775748359,0.1275866854963404,-4.984726841004119,6.204941076862769e-07,2.0132098247156976e-06
13884,Fam53c,58.10546765825111,-0.5409980652001726,0.1094636726634771,-4.942261227278171,7.72216510842621e-07,2.482905376285301e-06
13885,Kdm3b,276.38868682416734,-0.6257649831875196,0.044295009517748,-14.127211846219137,2.5816491476795122e-45,4.2037132490334553e-44
13886,Reep2,109.2906160063161,-0.8079772025330978,0.070323186466961,-11.489485091985957,1.4899736124552764e-30,1.6074434629622378e-29
13891,Ctnna1,69.66868905108794,-0.9957227974019922,0.108668454310064,-9.162942490751671,5.050112475000818e-20,3.663059600282634e-19
13897,Gm50163,62.62195457842213,-1.952176511560252,0.1792190703139225,-10.8926829502061,1.2490539908992406e-27,1.2313109466091272e-26
13903,Ecscr,51.32545335894329,-2.971457340247766,0.2646023774817066,-11.229896603832287,2.9081866357805146e-29,3.0111526279768883e-28
13904,Tmem173,568.7238969509519,-0.719332488504158,0.0439568799838323,-16.364502866644163,3.428156740306289e-60,7.755705701743389e-59
13908,Pura,21.52987272009932,-1.0228801383337474,0.152729184727362,-6.6973456327924366,2.1223923252906748e-11,9.850423828206828e-11
13912,Eif4ebp3,189.23877038940395,-0.5778312096008973,0.0540965459900408,-10.681480656958684,1.2427350275814495e-26,1.183711882480631e-25
13928,Pcdhga2,200.5355915299731,-0.9642535839209758,0.0513655401108622,-18.772382843436045,1.2705660218442963e-78,3.9396557783711084e-77
13938,Pcdhga9,175.6241954655273,-3.144396119437046,0.1449536524718861,-21.692424204674,2.4189833493982122e-104,1.0791627758743861e-102
13944,Pcdhgc4,31.55145143240256,-2.5957526113490657,0.1648921623821746,-15.742122450506931,7.779007788878373e-56,1.6350875987007812e-54
13961,Sh3rf2,175.4224124646969,-2.0674002486839687,0.1085412251803206,-19.047143103916284,6.938712235325153e-81,2.2264990747039683e-79
13973,A930012L18Rik,24.60641363512716,-2.056784820656087,0.1700193684944932,-12.097355959316506,1.0906774909295929e-33,1.2896394835278374e-32
13977,Trim36,20.75693424773949,-1.0441193664290402,0.1574486001888253,-6.631493485345988,3.3230721085301696e-11,1.5205098125059028e-10
13988,Commd10,34.57392421698104,-0.9500997681111688,0.2788084187782881,-3.4077154925034745,0.0006550915929442,0.0014826247932455
13995,Tnfaip8,11.394976470073743,-2.3352276625183586,0.2569884473145674,-9.086897434186673,1.0190544426325568e-19,7.259154416602099e-19
13997,Hsd17b4,601.3084565471027,-0.5107015543783869,0.0465730147947129,-10.965610807663724,5.592166598104262e-28,5.581952595185349e-27
13998,Pudp,277.27652308095173,-0.7012742572352173,0.0712966823413671,-9.836001258481136,7.878001896991935e-23,6.384175031260192e-22
14001,Lox,11.94065111831892,-0.96453183566404,0.2003754301518432,-4.813623281722333,1.482180940623045e-06,4.636919550915172e-06
14006,Prdm6,121.42036430417332,-1.093356999062371,0.0672260823370487,-16.263880938065824,1.7809115778459449e-59,3.9725231726237096e-58
14007,Gm19466,97.7739159939252,-2.033264325390097,0.0860981668008642,-23.615651772154667,2.661729119808689e-123,1.5362481467727507e-121
14009,Csnk1g3,13.149438015990484,-1.2948072234697243,0.1971456521762027,-6.567769611842444,5.1074481025282775e-11,2.30858238348448e-10
14010,Zfp608,43.99266522607613,-0.6185658475845062,0.1044673267245403,-5.9211417289880695,3.197141733725984e-09,1.2692761552644724e-08
14016,March3,25.239861690824224,-2.23198384241509,0.1658666990654688,-13.456491598317204,2.8199086608106126e-41,4.147566245606055e-40
14017,Gm15345,25.257886320293064,-1.6243536022127811,0.152055053256563,-10.682667674792782,1.226942804592852e-26,1.169306581292632e-25
14020,Prrc1,56.09620956870571,-1.366958717679945,0.0980120446228204,-13.946844216345143,3.288367141536969e-44,5.213686724496692e-43
14023,Fbn2,12.76038181258702,-0.7008371596521236,0.1902719009241528,-3.683345550489323,0.0002301927790372,0.0005553333314668
14040,Csnk1a1,275.41707944232024,-0.5485060627405147,0.0460257151042313,-11.917382739156787,9.607958340041991e-33,1.1010745442375779e-31
14048,Gm9949,516.4750050782853,-3.215614197044855,0.192657475952485,-16.690835282394747,1.5281769550696219e-62,3.582407317728894e-61
14060,St8sia3os,1687.6093232161904,-0.9285879090309536,0.0233260449230523,-39.809059448104826,0.0,0.0
14072,Sec11c,36.02545926393381,-1.3130696139058142,0.1240557737040644,-10.58451029484647,3.516145054747388e-26,3.2847406366144405e-25
14101,Stard6,193.88757625561917,-0.6899240782874883,0.0561638633298452,-12.284127860571616,1.1022732050482e-34,1.3405113915078529e-33
14112,Cxxc1,40.69942938426944,-0.8246581805597842,0.1099087583272352,-7.503116158445721,6.231828161137744e-14,3.345064790729799e-13
14118,Dym,98.55230432137726,-0.7955254835718992,0.0718076687712088,-11.078558838981053,1.5941786562732643e-28,1.6180497005749765e-27
14121,Ctif,65.2444653511443,-0.7710836319426578,0.0900869595516284,-8.559325742376215,1.1352952401311805e-17,7.345187998303398e-17
14130,Atp5a1,18.40797393540907,-4.825052781813625,0.3849325716202886,-12.534799956012115,4.815750814775245e-36,6.085104786762245e-35
14145,Gm47272,54.45544913179085,-1.3435114095492289,0.1016242602897172,-13.220380701606649,6.692435635249891e-40,9.469038381007288e-39
14150,Zfp516,14.820651911612876,-1.1541176160615825,0.186323222709386,-6.194169461429369,5.859316114060526e-10,2.443780591526126e-09
14161,Gm18280,17.720605645811528,-1.3390136737091651,0.2106694809197968,-6.355992656662671,2.070849192959948e-10,8.948606544720426e-10
14173,Gm36608,16.890536693608595,-0.6209479965665293,0.1709315791604312,-3.6327283677858384,0.0002804401913625,0.000667983937149
14186,Cdk2ap2,333.9675534412591,-0.95192331260553,0.0690553440004688,-13.784933322453178,3.140566210102033e-43,4.868991301619179e-42
14190,Cabp4,62.10874888831962,-0.5749554714497301,0.0876411872976981,-6.560334121179019,5.3687346629798106e-11,2.4216773739022683e-10
14195,Ankrd13d,40.15454580580143,-0.886885735753123,0.1155460070909641,-7.675606955893488,1.646372176870149e-14,9.065414555763593e-14
14196,Gm50152,405.2863117154552,-0.5919787709980481,0.0398207085476536,-14.866103406714217,5.470606995943198e-50,1.0102426097682644e-48
14212,Dpp3,28.07994938561364,-2.288136296639704,0.1598601563832974,-14.313362055979908,1.805684653906831e-46,3.027594748564014e-45
14228,Banf1,17.132066924152273,-1.149315097091734,0.1781836334827931,-6.450172076004507,1.1172322531424956e-10,4.906619197126058e-10
14233,4930481A15Rik,49.57661930695371,-2.578072034216868,0.1523584230433601,-16.921099488429117,3.145040435261518e-64,7.649578182455275e-63
14240,Mus81,161.09676770293916,-2.294714107497505,0.0712117011835473,-32.2238349787896,8.183928969172154e-228,1.2893743226385819e-225
14251,Znrd2,34.36368750385585,-1.1917687202187583,0.1208968283309174,-9.857733545802065,6.346577348638729e-23,5.181556707422693e-22
14266,Gm550,241.91900992044785,-1.2561323345150692,0.0761669912978654,-16.491820316267003,4.20099998210798e-61,9.692227927058622e-60
14267,Naaladl1,150.07918899481942,-1.7872679794681787,0.0665854234435131,-26.841730322318718,1.0534484608996696e-158,8.857070521256452e-157
14274,Atg2a,16.306005606287545,-1.5175563447186733,0.1915524532630173,-7.922406207113116,2.3295780437361405e-15,1.3370417075437358e-14
14276,Ehd1,18.987491978960428,-1.4620369833841511,0.1837100188456719,-7.9583954787591376,1.7428453163696108e-15,1.0072332747082536e-14
14279,Map4k2,15.610215976823136,-1.4489179061904407,0.1856397307519947,-7.804998963967049,5.950203377768381e-15,3.3545182679050107e-14
14281,Sf1,307.0361938223919,-1.4868952844690682,0.0454349225027244,-32.72582415827621,6.704815710066596e-235,1.149547226839653e-232
14282,Pygm,113.51700852119512,-1.6336950664191976,0.0743228337128145,-21.981065371267174,4.370842036797806e-107,2.016814921887072e-105
14284,Nrxn2,60.49285669962132,-2.264007851200124,0.1119554063335025,-20.22240752229418,6.217371926779732e-91,2.3332489325219737e-89
14285,Gm14964,10.390738214460775,-1.916930760935646,0.2473763533473472,-7.74904607896793,9.258542005047514e-15,5.157510911445203e-14
14287,Prdx5,11.812831174621158,-0.7523319850820568,0.1992580812303503,-3.775666113196838,0.0001595806336388,0.0003932844026318
14288,Trmt112,13.050082042069931,-1.7635220032162997,0.2117893673192014,-8.326773083742118,8.307576684650934e-17,5.170210002177066e-16
14290,Catsperz,22.21878055124642,-2.474729609936852,0.1874263011158888,-13.203747794215314,8.347631206990298e-40,1.1753894891130943e-38
14291,Kcnk4,160.59414360712307,-2.336999864358757,0.0700605138725459,-33.35687586605808,5.790547938557457e-244,1.0772883228669447e-241
14292,Gpr137,35.68968567803701,-2.569514534015989,0.1576154477746764,-16.302428285388054,9.484778458739713e-60,2.1320026437845773e-58
14302,Otub1,955.3995026115016,-0.7723869780089585,0.0522735004237418,-14.775880163903317,2.0960104854450446e-49,3.830201814990903e-48
14315,Slc3a2,36.35709281260814,-0.948049817447767,0.1233501553002635,-7.685842106481252,1.5199386939922522e-14,8.38517387566986e-14
14328,Uqcc3,15.13913786320424,-1.0641520119250532,0.1797759334281201,-5.919324080998493,3.2326740890417634e-09,1.2830913406527998e-08
14332,Ganab,57.33767304750313,-0.5901753964252344,0.0884113454269269,-6.675335541783173,2.466671380390872e-11,1.1399880840453373e-10
14349,Fads2,17.68373387751291,-0.6430158808131728,0.1629658796592608,-3.945708648691557,7.956431303001135e-05,0.0002044703462555
14352,Fen1,99.41692438552776,-1.074548706162432,0.0765336631913699,-14.040210037713177,8.845009871399845e-45,1.4243235048898756e-43
14359,Tmem216,66.7750129530966,-2.018781758014673,0.1004452238720543,-20.098334994864143,7.631121343405958e-90,2.8095378958628084e-88
14367,Tmem109,29.457187275404124,-1.0602473332654367,0.1440737620347471,-7.359059125628512,1.8521098836768097e-13,9.683018728173409e-13
14376,Olfr1423,10.7049739248343,-2.0825408588796206,0.2463737479230964,-8.452770948346611,2.8446941075808506e-17,1.810994195608807e-16
14381,Cep78,22.237414871618984,-0.720468850581122,0.1447144280609658,-4.978555768313579,6.406048603582744e-07,2.0757639054929595e-06
14390,Trpm6,10.049119304587066,-3.4609921641350936,0.3746495137676566,-9.237946499195164,2.5127309157500972e-20,1.8463293384301552e-19
14411,Fam122a,139.6152707598316,-0.8236256055148174,0.0626356626663951,-13.149467419248731,1.7137727612675194e-39,2.395720067869414e-38
14413,Cbwd1,50.02492445618563,-0.9502428896355104,0.1067477559855724,-8.901759862417542,5.49680921292965e-19,3.793535892490676e-18
14419,Pum3,97.344200241651,-0.5083595076783606,0.0741559433919376,-6.855276656538767,7.117464036786121e-12,3.4129479318704605e-11
14430,Cd274,181.2008524299488,-0.5391177754001646,0.0562920629453128,-9.57715434809898,9.975551738127569e-22,7.746556340869224e-21
14434,9930021J03Rik,560.6544359248611,-0.7005448585732752,0.0313948214736789,-22.31402587081453,2.7006156483851743e-110,1.3118990683044421e-108
14447,Pten,142.43849192952942,-0.6351662525730001,0.0601206276321511,-10.564863967476748,4.335968635795123e-26,4.024809952377129e-25
14456,Hectd2,37.236878813864415,-1.5633253090983354,0.130803753020507,-11.951685429494075,6.362172413291576e-33,7.334322423443842e-32
14465,Myof,519.644234520406,-4.3849232779642815,0.1129402997911917,-38.82514289470889,0.0,0.0
14474,Noc3l,18.803452761638017,-2.344045759477651,0.1968236073329706,-11.909373023085486,1.057695624902437e-32,1.2105354115375535e-31
14487,Lcor,21.950213156017185,-1.1644231552047668,0.1498712376334242,-7.769490487913859,7.880246028372018e-15,4.411323384896602e-14
14508,Hps1,90.28005964757602,-3.371525035719377,0.2203416722787876,-15.301349948245605,7.488705603483954e-53,1.4831538345835492e-51
14510,Gm34517,224.08175526409343,-1.104016054693593,0.0497490282814055,-22.191710930487368,4.129794174381206e-109,1.9678975618958728e-107
14522,Scd1,31.57440230559662,-3.158977862508668,0.1857265439733973,-17.008758117854967,7.072101446582797e-65,1.7592732588597433e-63
14524,Ndufb8,579.0638474744586,-1.3132672512542034,0.0455052872305941,-28.85966293541528,3.832687860107554e-183,4.0869539815585923e-181
14540,Gm15491,48.10973618754786,-1.8336093838744751,0.1242986544042218,-14.751643070177884,3.0026444256183143e-49,5.45277733283625e-48
14552,Mfsd13a,17.747572968352586,-1.147295662302874,0.1754484790949664,-6.539216915536032,6.184177663937721e-11,2.774471497869237e-10
14556,Arl3,35.646767410278024,-0.8802595525260377,0.1172978896055999,-7.504479027592098,6.1673383518953e-14,3.312481974752611e-13
14575,Gsto1,34.14571407057808,-0.6116556129317614,0.1279313207502884,-4.781124820290596,1.7431708144826092e-06,5.405065816253878e-06
14581,Mxi1,14.687243055104863,-1.0195836231649786,0.1854948965896999,-5.496558891429866,3.872738017427583e-08,1.4121443379644196e-07
14594,Gm31356,28.991324610829302,-0.6152261257123474,0.1306157953399154,-4.710196987364955,2.474774814601343e-06,7.567557607579696e-06
14626,Grk5,47.27248027466712,-0.6374716380917334,0.0999257812330867,-6.379451130882505,1.777237849128699e-10,7.71224206093367e-10
14630,Gm26618,21.58649479292049,-0.5193816732055861,0.1486320343873627,-3.4944127310535293,0.0004751059076482,0.0010964175393181
14637,Ccdc22,10.266545716379833,-0.7136964233156559,0.2163520584774994,-3.2987734359360408,0.0009710825296373,0.0021358686049928
14664,Sytl5,89.95843765336178,-5.250055887943942,0.2037174065972856,-25.771268030730443,1.8621728412580713e-146,1.3857735594860063e-144
14665,Tspan7,26.787602882610894,-4.346954704850065,0.2763970256689215,-15.727212311094137,9.845110874914704e-56,2.0619317243174647e-54
14666,Atp6ap2,11.203747204668304,-1.0312618359682073,0.2281610251104341,-4.51988605621428,6.187292320042411e-06,1.8091183429677592e-05
14667,1810030O07Rik,32.031523909778805,-0.9602549019318896,0.1207389335714954,-7.953150433975593,1.8182733165162574e-15,1.0494377478295812e-14
14669,5730405O15Rik,168.1299394782149,-0.5277895798495288,0.0533706807337,-9.889129623116547,4.6404479971223444e-23,3.8046017146589567e-22
14671,2010308F09Rik,177.25725215879467,-1.36951109931644,0.0832245058222959,-16.455623085833285,7.643128872560389e-61,1.7564131106877277e-59
14672,Ddx3x,10.257002665367706,-2.1526229912845576,0.2530812323901208,-8.505660301062239,1.8056494186170948e-17,1.1575218853656802e-16
14693,A230072C01Rik,1207.2907993057038,-0.5299371331648329,0.0254187280585263,-20.848294688257347,1.579521741665293e-96,6.379370951095299e-95
14710,Rpl39,67.91692901211503,-2.7578243809504777,0.1273746961164058,-21.65127348708367,5.912390828775793e-104,2.6176174889526854e-102
14717,Rhox1,34.192289386406635,-0.6135979882975767,0.1188146679452547,-5.164328604447215,2.413034644681429e-07,8.168631410412086e-07
14739,Firre,1999.1855732551985,-0.5580486151560693,0.0224475414856223,-24.860121787212144,2.0098842027647027e-136,1.331396020376861e-134
14760,Mmgt1,12.143210800038538,-0.9272388179123804,0.197833827671793,-4.686957881898098,2.7729600552011644e-06,8.439527574896965e-06
14794,Pnma5,1102.5624110917054,-1.9483664498693216,0.0347572387159498,-56.05642225471811,0.0,0.0
14795,Xlr3a,23.626558556724188,-0.7232259573047306,0.1479115151068503,-4.889585214391706,1.0104867287812884e-06,3.215318761449631e-06
14803,Abcd1,708.0116352781997,-1.501657159748505,0.100379807704772,-14.959753301829808,1.345237864595603e-50,2.521491937411351e-49
14820,Plxna3,10.2419830161554,-1.0175433114294143,0.2293328019979782,-4.43697239367609,9.123298869040416e-06,2.623285935905604e-05
14822,Ubl4a,14.066867153211255,-2.294006460484932,0.2286932466053126,-10.030932240181162,1.1145922375331162e-23,9.393729662640548e-23
14837,Prrg1,52.72846388291006,-0.9128421574183836,0.0968827523280593,-9.422132789202404,4.420167607844853e-21,3.3376464216749046e-20
14842,Gk,52.31945865776388,-1.1922175702841649,0.113217146139578,-10.53036232528205,6.259308543136317e-26,5.764233164948283e-25
14844,Il1rapl1,176.59298765480466,-0.6275120170904545,0.0569032726238881,-11.027696442665109,2.809696383392591e-28,2.8353127728084028e-27
14857,Gm39526,10.860067186435389,-1.2462115625433174,0.2170584061213138,-5.741365122928299,9.391634587087611e-09,3.5986175648332195e-08
14858,Spin4,17.71203676418047,-0.9270032688065032,0.1653660810077577,-5.60576427255971,2.0733799405156572e-08,7.726245130990372e-08
14872,Awat2,13.14862463380324,-1.252029741668783,0.2162672166417181,-5.789271999292312,7.069214273887057e-09,2.734492794110525e-08
14894,Cited1,113.40718915550995,-7.001026553972638,0.3181705897328876,-22.004002820782965,2.6365317942318797e-107,1.2197795771832567e-105
14898,Nap1l2,33.68120801699773,-1.4279959226767598,0.129900619329582,-10.992987793642987,4.130229256401884e-28,4.143972991162143e-27
14901,Gm26952,29.383955697610755,-1.4417297179555857,0.1397714486514512,-10.31490860161888,6.033869182230413e-25,5.3699900386180895e-24
14904,Slc16a2,23.48964310070056,-1.700190080460763,0.1788663005170923,-9.505368398326624,1.9934116672274278e-21,1.530324110468536e-20
14915,Cox7b,71.90002692437712,-0.5204111549933937,0.0779879787702407,-6.672966310956331,2.5068395514575263e-11,1.1576342771557755e-10
14916,Atp7a,73.45534120318766,-1.1336933936331348,0.0898046976797968,-12.623987641218674,1.5573129129296406e-36,1.989356334646717e-35
14923,Tent5d,67.30237654622964,-0.6906392991713575,0.0916036130165231,-7.539432959339522,4.720193865138464e-14,2.549312857119872e-13
14931,Apool,31.19482763355837,-0.946838492166318,0.144591188320041,-6.548383087291367,5.816336374088629e-11,2.6161545913081775e-10
14937,Diaph2,138.72645791357508,-2.705989412082205,0.0887861177351011,-30.47761836096596,5.1597641583231264e-204,6.683996711167026e-202
14958,Bex4,55.27651978288341,-1.517294454034624,0.1001357028702693,-15.152382322620255,7.306918397662382e-52,1.40885765091863e-50
14959,Tceal8,52.76554668988775,-3.1073331573792573,0.141463199250038,-21.96566438375967,6.135338268299472e-107,2.8235472535795045e-105
14988,Tmem164,14.592091268524802,-0.6804150780924852,0.1808995093268246,-3.7612875823958367,0.0001690409416721,0.0004156558079642
14989,Ammecr1,124.35798591557148,-4.985072021248334,0.1568723600161908,-31.77788630663696,1.3082974945489358e-221,1.98952231171059e-219
14999,Lrch2,23.310850437197203,-3.404411462503715,0.2346226085012441,-14.510159460978214,1.044774114171381e-47,1.8036534756790832e-46
15020,Gpr173,16.760173211209995,-1.477866201173914,0.1842082248170209,-8.022802470638425,1.0335948784124512e-15,6.0493665440685885e-15
15021,3010001F23Rik,11.256226043534276,-0.7796806634273822,0.2082183683363998,-3.744533537827564,0.0001807292354643,0.0004423502966831
15022,Shroom2,12.011769396367212,-2.014830460795827,0.2344060185610239,-8.595472390873349,8.29229602960226e-18,5.4009561625953204e-17
15024,Mageh1,13.1258669326396,-1.1581962426666226,0.1954292624697577,-5.926421806180899,3.096067059957923e-09,1.230266320030542e-08
15029,Ubqln2,29.3799770331566,-0.5816635187481288,0.125339335380613,-4.640710092979305,3.4721396113423245e-06,1.0449281969222952e-05
15039,Mbtps2,30.85537014873472,-1.2235660560185335,0.1413543920049193,-8.65601725325911,4.885347241692826e-18,3.2276143771335146e-17
15050,Nhs,19.520587604494956,-0.5176019579646367,0.1521436679325689,-3.4020604669136887,0.000668798386625,0.0015105186859483
15053,Txlng,28.654033420559447,-0.6273290357784287,0.1324668540940722,-4.735743443661212,2.182535429732282e-06,6.712659091656375e-06
15085,Gm21887,12.822216294943244,-1.8652696867147085,0.2299908006043595,-8.110192589500262,5.053959343451149e-16,3.0031818212121547e-15
15095,mt-Co2,10.35254048769714,-0.8056038772278321,0.2097264475488052,-3.8412126207418873,0.0001224280099791,0.0003066047599191
15097,mt-Atp6,17.627171214287213,-0.606012747146345,0.1624154046244814,-3.731251654037985,0.0001905307775354,0.0004649089211022
15108,Gm37233,10.19313542503074,-0.7704770170599383,0.2104421117957555,-3.661230209511128,0.0002510070892631,0.0006022241702611
15121,Serpinb3b,43.70502078384165,-1.9912979888031053,0.1242571838769202,-16.025616601576413,8.464705751422564e-58,1.832064036892052e-56
15128,Cfh,44.4283160745364,-0.5766609434083788,0.1015108622410026,-5.680780664036677,1.3408133248342244e-08,5.075355719632233e-08
15150,Fam78a,38.05404846544024,-0.8906674086555209,0.1163798758399157,-7.653104991112576,1.961836066717881e-14,1.076179082018893e-13
15156,Gm13617,223.00127842772704,-0.6212833684284403,0.0459478376004616,-13.521493085937928,1.1678128399649576e-41,1.7336766507051935e-40
15158,Gm13938,12.461841845248324,-0.5868308465266705,0.1894498586973203,-3.097552305194572,0.0019512595900133,0.004091071539402
15160,Gm13944,98.32596996278976,-4.123471845108013,0.5306692087393622,-7.770324294683646,7.828543704323272e-15,4.3837839353572005e-14
15176,Cdh22,42.48910928230949,-0.8441693083367537,0.1049332365165898,-8.044822940377818,8.637020749461862e-16,5.068597948543256e-15
15200,Gm43062,21.369907659012643,-0.5767865639971029,0.1461027002149034,-3.9478159072262446,7.886741193963075e-05,0.0002027986031466
15201,Ptpn22,41.02484462242334,-1.4132469978222897,0.1145902640485356,-12.333046001392384,6.012995240654859e-35,7.37414170887603e-34
15202,Fndc7,18.26658608763813,-2.704378520534548,0.2225490450419875,-12.151831610979606,5.609463886602557e-34,6.696129996512322e-33
15221,Calr4,67.00692188704551,-3.372003899413521,0.1328889204221988,-25.374605262051883,4.81001280610592e-142,3.4903528611278145e-140
15228,Foxo6,126.232066716075,-2.625053798849688,0.0819367353301263,-32.03756884226888,3.2708986286793336e-225,5.062077452950813e-223
15265,Oas1g,13.616670242015395,-1.590082120330586,0.2009161181280492,-7.914159078651836,2.489298470958869e-15,1.4254371859898068e-14
15276,2210417A02Rik,33.12918530758892,-1.056638383176906,0.1319655247234434,-8.006927456176712,1.1760981919887385e-15,6.867313917028065e-15
15280,Gm15594,29.90181249412568,-0.8396660939828458,0.1245255639528032,-6.74292143178801,1.5523316302685225e-11,7.276112449781807e-11
15305,Gm26728,77.86334356986195,-1.3784420176912977,0.0808592859849911,-17.047417632987262,3.653205884963818e-65,9.113732455955385e-64
15316,Obox6,40.1039822849484,-0.857397250672259,0.1083613175012437,-7.912392267309025,2.5248934126135085e-15,1.44487356020239e-14
15319,Apoc4,22.80186363679854,-5.473191351082119,0.4271790070454729,-12.812407119293438,1.3973161819418304e-37,1.865363770213644e-36
15322,Gm26604,108.34222544874122,-0.920843598398236,0.07664888548707,-12.01378979676846,3.007401823183677e-33,3.5179560591194743e-32
15323,Ffar3,13.157841693594476,-1.6485326733833248,0.2115978030527374,-7.790878022360438,6.654513263680168e-15,3.74193337476652e-14
15337,Gm16157,27.09929632562621,-0.6214092027291792,0.1290922904837105,-4.81368174970597,1.4817471451105846e-06,4.636391854302004e-06
15340,Plin1,18.31033628103133,-1.0754439256830708,0.1637803106431866,-6.566381034812196,5.155279793321079e-11,2.3289985281735736e-10
15356,Pcp2,19.60946927730089,-0.8278199472647457,0.1579553353137923,-5.240848279168333,1.5984009872427597e-07,5.504694065557577e-07
15380,Cks1brt,18.09549378703851,-1.810809706581609,0.1851352194782375,-9.78101147736759,1.358460759727108e-22,1.09327021473114e-21
15389,Pmfbp1,12.316293550377466,-2.547871947308733,0.2629684079375252,-9.688889883358328,3.3616252367192597e-22,2.6637110167533493e-21
15432,Prss45,24.78883789972689,-0.5147505303412359,0.1389059894875979,-3.7057475508440554,0.0002107681545605,0.0005107973235802
15461,Myo1a,62.34085862275131,-0.9404266964064938,0.0900683184475101,-10.441259619547068,1.60664521357912e-25,1.4603436327999818e-24
15482,Trarg1,15.239158741802092,-0.6630225902240469,0.1762659134425095,-3.761490677778132,0.0001689037175404,0.00041538295772
15484,Evi2,22.676520899385096,-2.1631580983030405,0.1746628012854316,-12.384767004669962,3.16001292817668e-35,3.9054633277705855e-34
15517,Wdr20rt,10.367316350115864,-1.8750025287867047,0.2516058632999496,-7.452141632134534,9.183705570806081e-14,4.889030228988029e-13
15527,Gm36264,22.55811007291024,-0.6258550685797069,0.1456446304293844,-4.297137949642103,1.730175288533322e-05,4.819577165637262e-05
15551,Gm10739,53.04295347626849,-4.636036729749592,0.2147285556910735,-21.59021987005484,2.219544234741964e-103,9.65556954655907e-102
15558,Lrrc18,11.360211784673057,-0.5808372183525298,0.1966306235976493,-2.953950954969527,0.0031373386134552,0.0063553547633621
15560,Syt15,18.7806205030263,-0.7593239669184482,0.1726214214423646,-4.398781799928428,1.0886020797932592e-05,3.103598495504486e-05
15566,Olfr221,99.3663498725963,-2.20291254162231,0.0829643264754962,-26.552527275357885,2.4012931467107178e-155,1.935198827174057e-153
15570,Gucy1b2,21.6314093399782,-0.5082075499354877,0.1604447219086928,-3.1674931022330703,0.0015375935763939,0.0032791995687777
15582,Ugt3a2,166.4236993814599,-1.2789133771630996,0.0580739339706164,-22.02215847492249,1.766466216683039e-107,8.194154163754108e-106
15618,Slc51a,110.83141427529188,-0.7476067634333032,0.0704039261103028,-10.618822056344085,2.4361577974346894e-26,2.2917443551123104e-25
15651,8430430B14Rik,11.34916135074529,-0.6024426823837186,0.2102686231961417,-2.8651097497402214,0.004168647375422,0.0082504872455161
15672,Olfr1555-ps1,18.788127085110972,-2.96743793127062,0.2375877744318736,-12.489859540822074,8.480322421034539e-36,1.0646366008546448e-34
15711,Fer1l5,25.349618810706843,-3.1867943394576783,0.2093271899383245,-15.223986623030786,2.45127386628902e-52,4.789706969124288e-51
15733,Gm26813,83.27460763804,-0.8409242614888425,0.0776282252745149,-10.832712695866748,2.409106987300068e-27,2.3576084495749063e-26
15748,BC035947,10.091743723375986,-0.6012530679295799,0.2108746593561784,-2.851234329270601,0.0043549862076954,0.0085872137557986
15764,Gm20753,17.097614600034756,-0.95870026611063,0.1873605036256161,-5.116874941937098,3.106394356107483e-07,1.0393079108400166e-06
15765,D630008O14Rik,97.1772112438419,-4.029712606741577,0.1347035818645986,-29.915407971795165,1.2405835216243345e-196,1.4560620554474064e-194
15800,Gm20711,32.44727647085841,-0.6655436027327803,0.1235745646541808,-5.385765303687546,7.213704247963762e-08,2.562007715036358e-07
15807,Gm15423,10.049334011363952,-2.924645425924201,0.3102431905601359,-9.426944780460229,4.222076778913545e-21,3.190824490477099e-20
15827,Olah,18.225532596934325,-3.016433815717185,0.241769638361825,-12.476478999413825,1.0032587902493922e-35,1.2568044214814736e-34
15883,Pax6os1,29.48812795607969,-0.6375692737950737,0.128843605640572,-4.94839670641992,7.482728195900749e-07,2.4099070108639463e-06
15890,Disp2,62.08434666446388,-3.405063836678625,0.1396464482046386,-24.3834618098473,2.561699446805728e-131,1.640989008268812e-129
15903,Gm14097,94.58410457122729,-1.293978056049542,0.0905182073159318,-14.295224070591953,2.3435029479603434e-46,3.9106087360620696e-45
15916,Rem1,255.21198116703465,-1.1588898666808514,0.1079093422405561,-10.73947669977827,6.641979044875872e-27,6.371636288359256e-26
15951,Hey1,475.6610680647462,-1.9833500802471928,0.1190106679525295,-16.66531340735187,2.342574824905832e-62,5.4768647778012276e-61
15954,Gm30667,43.60510411934805,-0.6033649686989948,0.1011659738529894,-5.964109727009418,2.4597141320931755e-09,9.850121534702417e-09
15956,1700064H15Rik,30.6154067232041,-0.5772579196828429,0.1337514511187101,-4.315900237751452,1.5895375989576204e-05,4.447653364891339e-05
15972,1700034I23Rik,16.657587655111993,-2.5514958958289187,0.2211014404412347,-11.539933393184135,8.298945814995429e-31,9.048127457147136e-30
15983,4930593A02Rik,12.208733586868822,-3.685530164402561,0.3414688776497581,-10.793165660569452,3.707927748905008e-27,3.6084719239204655e-26
15986,P2ry1,19.634279144626152,-0.5572785723946738,0.1559597574119552,-3.573220307868695,0.0003526178502513,0.0008290643943527
15994,6430573P05Rik,39.35220561456253,-2.946749204016664,0.1644107990959142,-17.923087900677288,7.788253081825187e-72,2.2110547060869943e-70
16010,Gm15998,10.334722377786644,-1.5780373216619084,0.2395581064256819,-6.587284167532284,4.4794445483360485e-11,2.029969584381985e-10
16012,Gm42463,12.582510581643575,-0.7119499059308023,0.2021967018414806,-3.5210757616064425,0.0004297997988665,0.0009984509673988
16021,Gm5544,47.79088919711216,-3.6039407678283446,0.1699036178228789,-21.211677620575333,7.450804550895494e-100,3.109777326636286e-98
16024,Hsd3b2,28.01275571152479,-2.051637061415513,0.1531050908569674,-13.400188393031142,6.030987021884602e-41,8.78184021971007e-40
16069,Samd13,12.505597199822882,-0.6341348716468499,0.1915469822250462,-3.3105970361976915,0.0009309716738627,0.0020538454185077
16073,Erich3,34.71513769702495,-0.5398153420431122,0.1159564819357924,-4.65532700743732,3.2346690222253525e-06,9.766555915172127e-06
16074,4930570G19Rik,31.000221022990544,-1.0625692412281935,0.1274377265607134,-8.337948815510043,7.55902786314557e-17,4.712737228901595e-16
16079,Gdf6,16.83932827440597,-0.565980419449226,0.1663559305651953,-3.4022256827652853,0.0006683941792713,0.001509800750077
16087,Gabrr2,22.275930601865756,-0.7619782120816326,0.1551008288890268,-4.912792649398546,8.978821930896014e-07,2.8721819190199357e-06
16093,Phf24,16.6857716764246,-1.8449665129645103,0.2011138890041388,-9.173739924677912,4.5688647296185007e-20,3.323640032927136e-19
16115,Gm12602,16.37861098086725,-0.6071168111836502,0.1682870578373659,-3.6076262725465975,0.000309011160341,0.0007317518174737
16126,Gm12724,223.92343818663983,-1.2420352142395537,0.0516900891460949,-24.02849820454193,1.401001537016491e-127,8.596742062927858e-126
16158,Gm13032,24.86018211090021,-0.925824576483197,0.1365166272149406,-6.781771534873323,1.187111014541622e-11,5.610864168190239e-11
16165,Car6,24.573883562683477,-0.5156024990699976,0.1438052440675394,-3.585422092311462,0.000336533459591,0.0007929529966757
16171,Gm13112,10.568879921615418,-3.983209195523031,0.3964029188765434,-10.048385129988333,9.338514294865133e-24,7.90856842559813e-23
16172,Hes5,44.75108198716439,-1.0141141437699162,0.1084304660685552,-9.35266794047294,8.546421448832361e-21,6.389902449644305e-20
16201,Spon2,56.11693165378333,-0.5158664707236943,0.0903020080362926,-5.712679949668073,1.1121071644098493e-08,4.235307075609634e-08
16205,Slc2a9,14.497885334083188,-0.5300100129842745,0.1796365403872408,-2.9504576955319712,0.0031730349439741,0.0064187432157571
16214,Ugt2b34,647.8747128671283,-0.5193511134251957,0.0308791634413264,-16.818820704518593,1.776600264646102e-63,4.256052798374114e-62
16225,Gm42902,60.12348492783147,-0.5623267395131559,0.0867969405342375,-6.478647012809665,9.254873106620289e-11,4.0964115638718206e-10
16226,Gm17202,180.04894040410989,-2.8971628632520825,0.1769899078631402,-16.36908509773536,3.179577645639161e-60,7.202649464629229e-59
16238,Gm42903,32.279165314516966,-2.683007322392076,0.1617000800119566,-16.592492237441594,7.897410481215308e-62,1.8341290105643203e-60
16273,Kl,13.895195930214111,-0.918290607464914,0.1875321793795445,-4.896709516751228,9.745473368893976e-07,3.1071802784907543e-06
16275,Dlx6os1,12.42694762941418,-6.091370983981781,0.7071823588050383,-8.613578814769472,7.081450508024038e-18,4.629547905956052e-17
16294,Gm15050,17.71430078649519,-1.0451240991943096,0.1689744188366701,-6.185102492966829,6.206213350119167e-10,2.5835338982833612e-09
16298,Prr15,166.9966508913137,-0.643077933248292,0.0649150563369505,-9.90645267116934,3.9025681637289423e-23,3.208655949567077e-22
16319,Emx1,118.38873438161762,-1.2475787982646518,0.0705037509795113,-17.695211686356984,4.5651173262324045e-70,1.2411982271915354e-68
16328,Cfap100,39.18356938454759,-0.7686334232311238,0.1106728415910259,-6.945095221025297,3.782051359773136e-12,1.8444092074654937e-11
16332,Cntn6,316.208807017036,-0.6253010397845552,0.0494382973263212,-12.648110343631148,1.1459802132631449e-36,1.4703523088441579e-35
16335,Gm44081,25.69557032188531,-2.148743475516031,0.1642250743027054,-13.084137636347736,4.057388091168794e-39,5.644837147045335e-38
16356,9330179D12Rik,19.769772660799227,-0.7039456685978583,0.1550578672967774,-4.53989004795559,5.628357090915086e-06,1.6528750429206217e-05
16377,Gm44877,1288.420106912081,-0.6312534904426725,0.0364366072515862,-17.324705510697385,3.0625913430718804e-67,7.946379437335468e-66
16382,Vmn2r30,23.30889580173539,-0.623570308758928,0.1430576966601136,-4.3588728416371,1.3073404342551854e-05,3.694097514017561e-05
16407,Gm12764,30.89577424628332,-3.5524055510764443,0.2034873668167462,-17.457622095408105,3.0122259377472127e-68,7.945370618299135e-67
16413,B230322F03Rik,26.28963690550568,-0.6151018498662476,0.1419325572053469,-4.333761484874278,1.4658298594423398e-05,4.1186427670192224e-05
16422,Gm45552,11.353572886444756,-0.6611123467056257,0.2054212679903241,-3.2183247293399337,0.0012894174779637,0.0027845557982996
16430,Ptpn5,12.865241230730208,-3.0093796554638432,0.2795865265241526,-10.763679111710957,5.108889976887511e-27,4.936147398663469e-26
16431,Csrp3,11.805513419179798,-2.0785522871814086,0.2410627364116818,-8.622453715250712,6.5534455262569504e-18,4.2956017752316916e-17
16453,1700010L04Rik,27.067516428904984,-2.846080860195761,0.1816623033285585,-15.666876440778548,2.5479724037175823e-55,5.304635880501557e-54
16459,Prss23os,11.067054720346231,-0.7849918281785357,0.2129731142224975,-3.685872890783942,0.0002279200934691,0.0005503820207937
16471,Gm5901,67.16593001702235,-6.236770586268607,0.3305169467609939,-18.869745250244584,2.022712076556728e-79,6.373547530598931e-78
16484,Pagr1a,12.751342907258453,-0.9112247875653848,0.2006908911434541,-4.540439191702228,5.613716805176224e-06,1.6491295059452682e-05
16488,Gm44674,37.85628862159261,-1.326123638049122,0.1371285786119444,-9.670658381152442,4.017848797582971e-22,3.169334225175056e-21
16492,Gm44623,15.361487621224162,-2.471341369452193,0.3266194910141285,-7.566423429841455,3.8364014335961644e-14,2.0809859885462078e-13
16499,Muc6,11.189457338548166,-2.553768332964117,0.2740624746629048,-9.318197743435093,1.1833316929301571e-20,8.791038507205859e-20
16505,Gm26793,70.18974489170992,-0.7651043625873317,0.0859063293717227,-8.906262998115906,5.278162825374341e-19,3.644078621798124e-18
16507,Gm45075,13.873448491393766,-0.650400152472254,0.1964597143262787,-3.310603167182024,0.0009309512790064,0.0020538454185077
16522,Gm45572,17.823740076083002,-5.238927776696781,0.4496299688500403,-11.651642772157071,2.250775362897166e-31,2.480249498824552e-30
16540,Gm19744,20.81059463130592,-1.8336920247324848,0.173682136591953,-10.557746816764126,4.677546626908914e-26,4.330383028659772e-25
16586,Tmed6,11.81631711917857,-1.0720789983055043,0.2030674586460006,-5.2794229339050185,1.295913697585883e-07,4.5001864065492317e-07
16618,Angptl8,10.84809513436205,-0.7405952867968892,0.2123597924440058,-3.487455314744511,0.000487640403328,0.0011234165950995
16619,Npsr1,31.43427015742762,-1.1460040071153306,0.1832680666973097,-6.25315707077382,4.0223722430514186e-10,1.6962441713644374e-09
16638,Apoa1,13.83375427277893,-2.4587114253682856,0.2351882930256141,-10.454225394205784,1.401391906190504e-25,1.2764344612218509e-24
16640,4930448E22Rik,274.7362959696032,-0.5192814720782801,0.0468094949330122,-11.093507264314848,1.348931254597408e-28,1.3739143727664224e-27
16646,4930563M21Rik,28.6672779187828,-0.5907211817385282,0.1297904987410802,-4.551343799956891,5.330436363950157e-06,1.57118946793798e-05
16690,Gnat1,14.68152500451757,-1.5752175007699654,0.1979503582562038,-7.957639049741892,1.7535300991438545e-15,1.0130734844343484e-14
16691,Spink8,21.07516857712829,-1.3064204619768378,0.1602604720641746,-8.15185706837114,3.583777257693834e-16,2.150020469384212e-15
16708,Gm28905,191.99086417039487,-1.394367338557921,0.0591378989509753,-23.57823600926094,6.445960069651522e-123,3.671887612314848e-121
16721,Gm48159,30.722319830574875,-2.1878600477834023,0.1526056087891151,-14.336694864254916,1.2905692161678935e-46,2.1722304573959697e-45
16724,5930403N24Rik,32.248917522373986,-4.785133543935466,0.2910404208908674,-16.441474106202474,9.654181992890468e-61,2.215647436898537e-59
16737,Gm16998,29.09483858365088,-5.07662736686886,0.3316556818939791,-15.306921135431397,6.8741828260340675e-53,1.36298990092612e-51
16812,9930111J21Rik2,13.574894132651847,-2.8677439938917746,0.2610539942972417,-10.98525231001254,4.499794787272751e-28,4.5044310955824756e-27
16821,Med9os,21.61009926350974,-0.6163818191843362,0.1434527209292612,-4.296759344761982,1.733131735587691e-05,4.826275126107888e-05
16831,Tmem95,15.995126287190915,-0.5204635424598549,0.1680725134416567,-3.0966606722432592,0.0019571376642004,0.0041019203585255
16833,Aipl1,92.83349739536494,-1.1397559820368872,0.1348001543441165,-8.455153390457765,2.7872070537203214e-17,1.7750428607232695e-16
16845,Slfn2,260.83904314256523,-0.7072614511642543,0.0539903958543425,-13.099764133464264,3.302824622749624e-39,4.6023742631589963e-38
16869,2810433D01Rik,13.947049200661068,-0.9454083262293104,0.1846824120865003,-5.119103197474515,3.0699195251211137e-07,1.0276943463881708e-06
16892,Nptx1,65.67617008762802,-2.0690382494053137,0.1216553766639041,-17.00737202204734,7.241391761481343e-65,1.7988275443861608e-63
16894,Gcgr,23.09657652397304,-0.7204810203181459,0.1543732317748976,-4.667136990231112,3.054257052482505e-06,9.244175724093811e-06
16905,Gm49586,17.55941877494266,-1.3545003857332254,0.1725282504009691,-7.850890405398888,4.130938315144517e-15,2.343992513148842e-14
16907,Tpo,11.646925217916994,-0.7925769815706076,0.203653256142103,-3.89179626481185,9.950478699895484e-05,0.0002525968522336
16913,Gm33680,131.05097270144304,-1.1872918137971584,0.0706679829622356,-16.800986302830196,2.400194347654804e-63,5.7342348021567234e-62
16955,Bdkrb1,76.81468700331439,-2.847674521363694,0.1127076639578703,-25.266023812082054,7.551197540059944e-141,5.324812200829367e-139
16987,Prl3b1,20.372607567136324,-0.7316701884661654,0.1562288777732585,-4.683322308235924,2.822621496494171e-06,8.578728663658335e-06
17028,Ctsr,19.37365491873776,-1.374773880478519,0.183498229292559,-7.492028047238858,6.781742506626882e-14,3.6368939882211257e-13
17073,Gm26660,15.70772081307154,-2.3402753114766126,0.2201401363559265,-10.630843381021684,2.1416687950003674e-26,2.019056813313554e-25
17079,Colq,10.473549817634591,-0.9652620717426214,0.2151943980223986,-4.485535314177422,7.273109852858363e-06,2.112826330677526e-05
17121,Gm48957,43.05608746708295,-4.754924103136063,0.4724989680209775,-10.06335341440356,8.021838450830512e-24,6.813303099957454e-23
17138,Lypd2,14.982987236528594,-2.014041594694621,0.217264323512828,-9.270006055898566,1.8613535552131374e-20,1.373474724623095e-19
17141,Il2rb,10.150219031782228,-3.64083599855457,0.3788912197788163,-9.609185456131616,7.312515762942848e-22,5.7038927592481936e-21
17144,Gm17753,33.894854876936606,-2.700814661119186,0.1842725868517082,-14.6566274846548,1.2219326176272404e-48,2.1694576260979878e-47
17161,Gm49492,92.11010484343068,-1.4373774843394709,0.0774713000836477,-18.55367707509101,7.615930346311798e-77,2.3082736550485393e-75
17167,Gm36026,199.2643036270856,-1.5862092393699565,0.0556211246716684,-28.518107980256644,6.986179394207504e-179,6.981388871194333e-177
17205,2600002D14Rik,14.582801554286542,-1.6530526510421764,0.1958264157575099,-8.441418103107893,3.135105481013587e-17,1.9936990782532946e-16
17213,Trat1,25.7256894784782,-2.281489219247104,0.165271925935919,-13.804457147378477,2.395703860553487e-43,3.727408284106707e-42
17232,Thbs2,18.700582111796592,-3.388657443121968,0.2738729791915462,-12.373098847228542,3.654451888988597e-35,4.500637650326238e-34
17301,1010001N08Rik,23.453425598721044,-2.034199986981674,0.1689413318614215,-12.040866285168624,2.1666833090780805e-33,2.5447251651549677e-32
17345,Ap5b1,43.876706244769046,-1.9727945857129052,0.1498762762487481,-13.162820928635016,1.4362175267324148e-39,2.0141597520045282e-38
17434,Asmt,16.119025843245165,-0.5558299009794555,0.1789790768219279,-3.1055579839227154,0.0018992038057415,0.0039895827212983
17443,Gimap6,18.6744054383782,-0.5108396670383638,0.1540094111842398,-3.316937991713062,0.0009100981292585,0.0020110937685712
17477,Ccdc83,23.651419615344505,-0.6992117258253444,0.1465709319603377,-4.770466534350425,1.8379972156462787e-06,5.68397794999507e-06
17480,Oit3,20.304433816144336,-0.5034693232867687,0.173408670522988,-2.9033687979288554,0.0036917161887629,0.0073711016039732
