,gene_name,baseMean,log2FoldChange,lfcSE,stat,pvalue,padj
6,Atp6v1h,166.6088288260659,1.0033025367783983,0.0589698001471486,17.013836476888773,6.4848695023287145e-65,1.6154899979590394e-63
13,Sntg1,41.22274326966433,0.6794650719404075,0.1114718357151153,6.0953968110554175,1.0916631340946183e-09,4.465732137788699e-09
26,Arfgef1,122.52075573374576,0.6891523867584423,0.0667954819117073,10.317350321229634,5.882412269829565e-25,5.2405311143545294e-24
35,Gm29570,10.85786254113489,2.8276232183508943,0.3057785056550146,9.24729229182994,2.3025145418576212e-20,1.6939997605387494e-19
38,Eya1,69.58245751820955,1.3494781288623074,0.0991410252317514,13.611702377575543,3.412023545600068e-42,5.126242935176459e-41
41,Trpa1,140.96632119498938,1.1399132828450511,0.0632137789644767,18.032671065047868,1.0794863721840406e-72,3.104943696834622e-71
47,Rdh10,398.5221501900824,1.6754775536077224,0.0450224549512009,37.21426464691322,4.01217022880902e-303,1.1316908542163248e-300
49,Ube2w,13.575336397239118,1.2253553876915677,0.1927102466781556,6.358537798657002,2.0368326804062802e-10,8.803788906313651e-10
52,Tmem70,73.91772805302446,0.9190147820127548,0.0817821970532249,11.237345230706485,2.67300080018858e-29,2.76927950199632e-28
63,Paqr8,61.82211658075102,2.3334936111676208,0.1158323152088736,20.14544565529722,2.9504255572839283e-90,1.0954786018212596e-88
75,Sdhaf4,21.25200194671843,1.6227810415715738,0.1788443340254739,9.07370675405591,1.1503542500506726e-19,8.174479936971217e-19
78,Adgrb3,37.52759612561288,0.5069434052570182,0.1286969108833918,3.939048744661348,8.180531031290671e-05,0.0002099356259448
79,Phf3,135.18863495629182,0.5137878765880928,0.0653819565551712,7.858251781660022,3.895317109187682e-15,2.2124490290832796e-14
102,Lman2l,92.74064031904358,0.5491705430555978,0.0720735612423402,7.619583847245543,2.5449485542585958e-14,1.3908143849023225e-13
109,Fam178b,47.61684166345415,0.6922849577023101,0.1030548666117906,6.717634794581404,1.846978874383306e-11,8.613324414724067e-11
112,Zap70,62.08281446581504,0.5599215285014547,0.0913234511796197,6.131191071613925,8.722357219856602e-10,3.5882517774841744e-09
118,Inpp4a,28.05117487077119,2.16209720089419,0.1743771377715312,12.398971726023898,2.646984954641893e-35,3.2806855341443955e-34
121,Mgat4a,169.110236067006,1.3273396712310324,0.0884774232945687,15.002015449883832,7.122331376692374e-51,1.3436389548608008e-49
125,Mrpl30,181.58415895311063,0.6086886890419965,0.058435941607905,10.41634090755636,2.088336728191763e-25,1.889334335365626e-24
130,Gm16150,116.98745626858135,0.7528567468803491,0.0713867716644349,10.546166037865865,5.29123797269009e-26,4.885595019345527e-25
132,Lonrf2,60.95769668917868,0.5956690526216056,0.0870473062434851,6.843049811965743,7.752467929212559e-12,3.710321815710708e-11
134,Npas2,24.08880634466551,1.3119150467636154,0.1508237329034132,8.698332958008402,3.3679511686228982e-18,2.2394954386645338e-17
140,Map4k4,143.9424245719836,1.168976792204364,0.0645092695117852,18.12106695752929,2.173391697857546e-73,6.324172048607782e-72
152,Bivm,218.2398528556723,0.7567337743645712,0.0540231223012548,14.0075904932839,1.4007733990444421e-44,2.2474059818797435e-43
160,Slc39a10,66.87600287359099,0.891136804269063,0.0843242427397172,10.567978736787774,4.1943708151230376e-26,3.901657277386792e-25
179,Dnah7a,14.385524692120194,1.3281107311748404,0.1862053089586136,7.132507330765898,9.855682615219228e-13,4.954187340470073e-12
187,Coq10b,98.7945530932535,1.0113211970473253,0.0754800184564325,13.398528746135176,6.167363294975328e-41,8.972949193222007e-40
188,Hspd1,46.23113640267877,0.8286425146887594,0.1003050673547552,8.261222852859937,1.441876006402929e-16,8.847553543850675e-16
189,Hspe1,25.22638113837644,2.487462586265215,0.1738039909100857,14.3118841704392,1.8444746997713573e-46,3.08967179593884e-45
195,Plcl1,42.47120240884275,0.6913216369214055,0.1042000094674103,6.634564050952638,3.254630015991244e-11,1.4911440848743743e-10
197,9130024F11Rik,369.8593902606008,0.6666862204512544,0.043469476595061,15.336881708094966,4.335256334075891e-53,8.634961591152527e-52
212,Gm15834,79.05079225491723,0.7948851284492209,0.0833199684351758,9.540151579241812,1.4262369867470017e-21,1.1021667001428e-20
214,Ndufb3,21.41400527503605,0.6768367330322701,0.1448607124729464,4.672327793214971,2.978051779330252e-06,9.026025912812382e-06
216,Casp8,769.9575850620535,1.5077794317450888,0.030428461994085,49.55161493335363,0.0,0.0
217,Trak2,18.99680118789063,0.620812675175044,0.15763302395487,3.938341469315345,8.204677535343057e-05,0.0002104788040752
227,Fam117b,34.58398713107064,1.1647091689788251,0.1323644919184632,8.79925690113545,1.3772507241758744e-18,9.342653477264429e-18
229,Wdr12,145.638927419809,1.2108626896708314,0.0668913822022634,18.101923593228715,3.0773059378759694e-73,8.924697552499989e-72
230,Nbeal1,12.318955356305452,1.175270498770864,0.1995679522934589,5.889074299077151,3.883648278744455e-09,1.5331205665616935e-08
235,Gm11588,37.04342012435468,0.5061175202227629,0.1105415674374286,4.578526720360171,4.682623552261382e-06,1.387961367490628e-05
238,Nrp2,110.9609210795928,0.8783759221998827,0.0686487324130913,12.795224198959511,1.7434858127828749e-37,2.320401818413007e-36
239,Ino80d,34.38804453089556,0.508278002635449,0.1240601683190234,4.097028155954142,4.18488018729954e-05,0.0001113590759517
244,Gpr1,23.20369853327349,2.148078234557479,0.172746093113843,12.434887503602493,1.6897852159067329e-35,2.103271448809747e-34
246,Gm11608,33.08508043253082,0.7946099126175128,0.1211310720138589,6.559918106946164,5.383733637770778e-11,2.4278167575383025e-10
255,Ccnyl1,11.631858896668705,1.244680726629415,0.2372296667848075,5.246733022470045,1.548199961605805e-07,5.341274596283748e-07
257,Plekhm3,19.08616839542415,1.2215260951473956,0.1692883284219384,7.215654537640855,5.36751647983565e-13,2.7390466355227845e-12
260,Pikfyve,122.0345874519745,0.6508813131910627,0.0625511316577183,10.405588131525812,2.33807816031434e-25,2.1109091826317597e-24
262,Map2,88.9872287311686,0.5687340711454736,0.0730484020227507,7.785715435203396,6.931981417301035e-15,3.8917011565252174e-14
265,Kansl1l,24.519126966958584,1.234489573457745,0.1448036904792059,8.525263198557912,1.5246274211313652e-17,9.809670471208724e-17
266,Acadl,10.49141183640324,1.1559076427800137,0.2196322355349765,5.262923450032154,1.417826224141616e-07,4.908918037574456e-07
312,Gm28294,377.4443631483518,0.6543493015948669,0.0357828970329163,18.286649652568308,1.057162171592956e-74,3.1495148308036833e-73
318,Chpf,95.45163527517984,0.5014844608701652,0.0755010521133172,6.642085730375021,3.092749751332014e-11,1.4199529443763258e-10
323,Pax3,173.99047878212824,0.6189330103554621,0.052937557445583,11.691756103248467,1.404520426677029e-31,1.5545729887169548e-30
326,5730419F03Rik,42.66347361102467,0.8798529839572479,0.1063659091397759,8.271945316624226,1.3179075154069057e-16,8.106776865788242e-16
329,Ap1s3,46.74924857332461,0.5316613658641507,0.0999069898145823,5.321563254491626,1.028793258971852e-07,3.604073820693058e-07
332,Serpine2,1008.3117405881486,0.7594321576941048,0.034941477737547,21.734402975122084,9.703676565289098e-105,4.3400996361579473e-103
334,Dock10,105.53747269851569,0.5040910867203423,0.0707211307024044,7.127870860005975,1.0193334248781902e-12,5.11216029087175e-12
336,Rhbdd1,13.658144196700484,1.1818634541512054,0.2013629251451016,5.869320051342905,4.375860022549355e-09,1.7212109778304797e-08
344,Ccl20,13.103720955475206,1.1720588364369562,0.2002968937598637,5.851607653197755,4.8684400303526214e-09,1.9098088661015395e-08
346,4933436I20Rik,63.29871459492574,1.0273345312608226,0.0972357628649877,10.565397966664598,4.3113607920640735e-26,4.004093336782609e-25
348,Dner,17.24965866128325,0.5238435710125882,0.1584480814199464,3.306089706597378,0.0009460779347341,0.002084016994915
358,Psmd1,32.57204010041232,0.6094540986649396,0.1211832955410485,5.029192315194126,4.925501862302585e-07,1.61366010805447e-06
360,Armc9,71.74305767211418,0.659253320119831,0.0876692776889982,7.519775883844903,5.4870217975789205e-14,2.953432970023397e-13
361,Gm16341,73.36095091962731,1.642783965378231,0.0916410156418344,17.92629592625656,7.351731310245607e-72,2.0905215797329295e-70
370,Gm28375,199.76527759641752,0.6979829553994017,0.0550163774639818,12.686821407977243,6.996817243056751e-37,9.063728884931587e-36
373,Gigyf2,26.68550934606584,1.3203125478174518,0.1439345294217615,9.173007707890784,4.6000155358312293e-20,3.3449094258052613e-19
374,Kcnj13,62.38816614569416,0.8875264988192373,0.0901188684009146,9.84839817196628,6.964505426203056e-23,5.664896320625072e-22
391,D130058E05Rik,173.83969244517093,0.5235586391268928,0.0543447305573024,9.63402769243358,5.743312915849799e-22,4.5019747320655006e-21
394,Rab17,45.4616858913374,0.6985446425786689,0.1099841688254622,6.351319922117283,2.1347521558458628e-10,9.220189108775611e-10
395,Lrrfip1,59.95806874990293,0.5796388980629497,0.0897872287434489,6.4556942693839545,1.0772389074828839e-10,4.734544864051439e-10
398,Scly,11.810399183918102,0.9298951622679832,0.2005399822444313,4.636956440609263,3.535768878771736e-06,1.0626143006007926e-05
399,Gm17090,19.332415781422224,0.5024312550680912,0.1638281105880833,3.0668195663402678,0.0021634940952767,0.004503652510201
402,Hes6,18.136392305378195,2.283945983988475,0.2118764286000739,10.77961337690623,4.29687954871261e-27,4.1746571971047847e-26
407,Ndufa10,13.073464282531534,1.5226667862223626,0.2217253373547733,6.867355821342184,6.540279718922308e-12,3.1448009822522215e-11
417,Kif1a,34.73161476079074,0.7184168902235968,0.1154061497181873,6.225117915968204,4.811939657421338e-10,2.019467260114815e-09
425,Sept2,52.92305657505565,1.7911892389938198,0.1182998025727481,15.141100830598027,8.67493581271455e-52,1.6707849944135688e-50
429,Thap4,67.1001401511174,0.903305747391554,0.0889776135718499,10.15205635586225,3.2445367895427702e-24,2.813111520848982e-23
438,Panct2,225.5804723635406,0.5587315561485093,0.0519173142533309,10.76195030856515,5.2056621575006205e-27,5.024096016024882e-26
441,Gin1,27.768810660143703,0.9609311842275946,0.1328588312796653,7.232723447678479,4.734028162315661e-13,2.4242660176449865e-12
444,Cntnap5b,11.902208243209762,0.8225705413333249,0.2009352742219909,4.09370900414707,4.245270500792203e-05,0.0001128801741186
445,Cdh20,265.3949866467971,0.8469780755290598,0.0465511150935418,18.19458188761116,5.697220175787777e-74,1.6858373339116185e-72
449,Gm28404,95.23857928661762,3.0460266168126404,0.1048361402805409,29.05511981518482,1.3258865615877232e-185,1.4675382398130442e-183
455,Bcl2,271.51910013802086,1.7091369299572452,0.052900720299884,32.308386734026975,5.3333827145746076e-229,8.636129343748215e-227
456,Kdsr,90.87356955982568,0.5469212824370607,0.072212060339737,7.573821877730018,3.624012305573455e-14,1.966999602727144e-13
457,Vps4b,28.01316277483428,0.8408357199797193,0.1426676010040479,5.893669719419071,3.777117675480842e-09,1.4928645596610128e-08
459,Dsel,453.2249343657948,0.7155184554524303,0.0487086189292945,14.689770951853038,7.496676946581428e-49,1.339140821673299e-47
464,Clasp1,39.34277439066979,0.5530710929011227,0.1109656220465232,4.98416611109739,6.222960231440697e-07,2.0183072798114784e-06
469,Inhbb,23.282820701347024,0.7215184719511009,0.1424823618237806,5.063914316941632,4.107343112165419e-07,1.356035800369055e-06
481,Ccdc93,509.5708385196211,0.9277337547999176,0.0474906027836694,19.53510169213806,5.523579436216273e-85,1.890339670852254e-83
483,Dpp10,204.6539029706105,0.8651977389840277,0.049322576953344,17.541616688082797,6.893797213685344e-69,1.8405912316477755e-67
485,Slc35f5,74.98981241036994,0.5840243657461014,0.079861202568921,7.312992378772189,2.612578386623738e-13,1.3541425852186108e-12
489,Mgat5,122.79675950708408,0.8263983735653404,0.0633950630345369,13.0356897526094,7.667050645939223e-39,1.0582587347765204e-37
495,Zranb3,174.37345127543583,1.1221844263475045,0.0609178869371118,18.42126315881547,8.870901779901683e-76,2.665538321768396e-74
499,Lct,19.424674480241027,1.1443910142692717,0.1695712851387504,6.748731150636044,1.4914364966060336e-11,7.003824235404489e-11
506,Cd55,38.14964329818645,1.69004146042112,0.1292562863141428,13.07512004726536,4.568421594798882e-39,6.338227926085463e-38
509,Pfkfb2,36.19829963605154,0.6902566620317574,0.1239667543752692,5.568078841059503,2.5756328792530028e-08,9.522762746802645e-08
512,Il24,18.39556870329606,0.5200391036718085,0.1535290625480369,3.3872355828988137,0.0007060073546089,0.001590858989486
517,Rassf5,62.39072853646383,0.9207570225448166,0.0911060152843326,10.106435010588784,5.1732573583731895e-24,4.441331599569482e-23
518,Ikbke,105.24049068728608,0.5972285802834395,0.0682529083363753,8.750229035517117,2.129201618148803e-18,1.4299338670578444e-17
532,Nuak2,54.25398542859261,0.6355187677562741,0.0927008164216614,6.855589759485356,7.101891257435013e-12,3.406414544981445e-11
539,Mdm4,30.626488391191906,1.4235162181430994,0.1418602740957853,10.034636033354396,1.0735459063730969e-23,9.060893248384516e-23
545,Sox13,163.7549845274767,0.7957686807555402,0.0575869615954961,13.818556470216292,1.969803468688986e-43,3.070224871696345e-42
547,Zc3h11a,133.01084436685625,2.639183781938043,0.0898268143449502,29.380801280596778,9.661392857755206e-190,1.0971327162105392e-187
548,Gm38394,17.35785440664514,0.5973554289720066,0.1645841975983261,3.629482281341948,0.0002839902227204,0.0006757035394469
554,Adipor1,25.728273757605223,0.9124130392854862,0.1378294962296274,6.6198677659343925,3.595203282329123e-11,1.6407336900149188e-10
558,Mgat4e,101.19602840611851,0.6623777242807949,0.0760698589168959,8.707492477466307,3.1067083256413096e-18,2.0689305102366802e-17
559,Kdm5b,31.154826564380382,0.685230253876043,0.1205979726162331,5.681938419119056,1.3317661650353525e-08,5.044385248892841e-08
566,Elf3,464.4266156685848,1.9008878023758733,0.056874594192901,33.422441590152715,6.472967873371492e-245,1.2171963674142003e-242
567,Rnpep,19.12426280726638,0.7960525583923257,0.1543899405750769,5.156116748456292,2.521237335272485e-07,8.516785497246518e-07
582,Gm26568,83.55583503322698,0.5031264584388314,0.077891281339905,6.459342429395511,1.0515891667263714e-10,4.6264632321284973e-10
603,Aspm,13.423310820057106,0.7496888188020943,0.1863402389684842,4.02322559503044,5.7406460469321424e-05,0.0001503105525808
613,Rgs2,40.25588503616614,0.7597918824893063,0.1083604008807979,7.011711624480943,2.354200581103917e-12,1.1571180371654103e-11
619,Odr4,199.14001735442895,0.6645541430159649,0.0565731610213121,11.746809459093422,7.333577957489974e-32,8.16356532912697e-31
625,Ivns1abp,15.337545413807169,0.8465646528959243,0.181288143188563,4.669718813410691,3.016122862614043e-06,9.1382461229027e-06
655,Gm37571,17.941820466946712,0.9443177632559536,0.1641971739845996,5.751120682165474,8.865380050915035e-09,3.402189298450782e-08
656,Cep350,45.646098082473024,0.8605448964284733,0.1042111042407629,8.257708261495083,1.4849596036339443e-16,9.105530697177566e-16
658,Tor1aip2,40.64636499677781,0.5292005489650528,0.1296468430978037,4.0818622059762095,4.467628354237695e-05,0.0001184683618785
660,Axdnd1,197.34251328107803,0.9785060024556006,0.0610605336680079,16.0251793372104,8.524459906534724e-58,1.8427163763347248e-56
663,Abl2,51.43782071549429,1.3825280448527897,0.1013236976081888,13.644666326715802,2.172054119333417e-42,3.2802143729622436e-41
669,Astn1,82.82130040660113,1.4226436040971826,0.0807151381484349,17.62548682603931,1.5701131597878103e-69,4.237367120118708e-68
670,Gm37679,214.80199480284105,0.6480522103196897,0.0510674596489803,12.690120377519678,6.7082601385497855e-37,8.709283838378517e-36
673,Mrps14,132.9585176808397,0.6114764364417109,0.0636437054458529,9.60780696469576,7.411057279761027e-22,5.778179657086974e-21
682,Dars2,17.658057496843483,0.5124485048909979,0.1580472277989099,3.242375788729478,0.0011853760709225,0.0025754574143736
687,Prdx6,85.78047367474335,1.43476219794159,0.078860242461854,18.193733028853007,5.7861609029437615e-74,1.7092632072750084e-72
699,F5,45.69796452943587,0.5137300435162822,0.1014198336169138,5.065380460559217,4.075854829925119e-07,1.3461482392017087e-06
703,Nme7,34.87183395118848,0.5751626721093553,0.1170745018517187,4.912791965904158,8.978853242956304e-07,2.8721819190199357e-06
705,Sft2d2,1122.7998418452662,0.939647509048822,0.0347402481853348,27.047806453077712,4.053268086281175e-161,3.491800605560847e-159
725,Uck2,48.41480854361348,0.9651255586110192,0.1130070089471548,8.540404419183751,1.3375288612319558e-17,8.634442497314303e-17
727,Tmco1,52.21029232706102,0.8085024496647721,0.1064714183509405,7.59361021189618,3.1111333487408343e-14,1.6938823164003645e-13
728,Aldh9a1,159.13602927676462,0.8582605753819688,0.0564278520324133,15.209874990261294,3.0412332151556986e-52,5.922615419447979e-51
737,Nos1ap,59.74254329396303,1.9156731588069127,0.1055272454470521,18.15335130459834,1.208006694981822e-73,3.538629996958476e-72
754,Usp21,128.01875371732214,0.8133823062093386,0.1388345739185258,5.858643731543894,4.666626195597971e-09,1.8331077921971545e-08
757,Dedd,493.444338221676,0.5272389653294498,0.036097238782698,14.60607467799346,2.568990795980732e-48,4.524321353485503e-47
758,Nit1,65.91237667484235,0.5578924111071791,0.0843422662967679,6.614624382325352,3.724963452177274e-11,1.6981793756954162e-10
770,Gm37756,1166.4961141488757,0.584813268904345,0.0231634037068952,25.247294236393174,1.2127698089541345e-140,8.517637919273054e-139
806,Cox20,30.365856292789505,0.7985490109608054,0.12634804122768,6.3202326146221335,2.6116986500300086e-10,1.119720176310978e-09
810,Smyd3,385.9397531432908,0.7831313118159219,0.0412682020867136,18.976627820383108,2.661389543933582e-80,8.446892984448364e-79
814,Kif28,677.5933973290502,0.612251341622082,0.0389099245494116,15.735094547525671,8.69267932358985e-56,1.8249408884866662e-54
828,Pycr2,143.17217834134752,1.77634083258836,0.0759770882743273,23.37995404844416,6.835838436656118e-121,3.8315750827000714e-119
832,Cnih4,42.56529591919814,0.5783566019170229,0.1039154705835194,5.565644832952791,2.6118474217038456e-08,9.650536173834113e-08
833,Wdr26,15.120105406179334,0.6831919190035624,0.1734708260485999,3.938367819913176,8.203776714475945e-05,0.0002104788040752
838,Srp9,23.171963449130686,0.5367470495842419,0.1522511042247337,3.5254066124339185,0.0004228332313816,0.0009837046096052
840,Fbxo28,102.86360899579164,0.5280768812101443,0.0662278147995624,7.973641932900271,1.5406549119246589e-15,8.933346518480914e-15
846,Brox,35.89061935321906,0.659333167131286,0.1160089057053678,5.683470274306517,1.3198867431893812e-08,5.0026396542903995e-08
848,Mia3,69.09730785482283,0.9347695190688908,0.0901925923658741,10.364149588659306,3.609548250716898e-25,3.2471080148424444e-24
849,Taf1a,15.704760373666804,1.0815344618757994,0.1765581462710297,6.125655965007495,9.031075658955871e-10,3.710017644440223e-09
853,Mark1,416.1078504666957,0.880434466660729,0.0436058066693621,20.190762054617142,1.1802987077900219e-90,4.410483718340151e-89
855,Rab3gap2,28.877723264789903,0.5051754470023013,0.1282343083041647,3.9394718440251792,8.166118469650093e-05,0.0002096433937129
864,Gpatch2,31.693205578332893,0.8004910994814559,0.1212905157282027,6.599783129583346,4.117596722649479e-11,1.8732708503042167e-10
868,Kctd3,42.207252053890365,0.8588621469480682,0.1109479286264359,7.741128271442321,9.853842185115851e-15,5.475817989618874e-14
870,Cenpf,105.88676350850966,0.5942234261028879,0.0682136413228848,8.711211050736463,3.006453075265819e-18,2.005984409776751e-17
880,Spata45,94.72792122550317,1.7598157140686532,0.0813130554422223,21.642474317289743,7.155845522525545e-104,3.1521769898722098e-102
881,Tatdn3,161.59951406739927,1.322530654093718,0.0597242296099336,22.14395502012046,1.1929546514717785e-108,5.608169608854425e-107
887,Ppp2r5a,59.49823673054336,1.073728810290371,0.0937695718761259,11.450716781652984,2.3320909289765493e-30,2.4974651663160985e-29
901,Hhat,31.956811722108927,0.6210756188958116,0.1222108751459533,5.081999602360076,3.734821947948045e-07,1.23960080139904e-06
903,Syt14,36.992029152062834,0.5140674021311383,0.1099486384649321,4.675523128875296,2.93205227568471e-06,8.892773187161674e-06
910,Cd34,214.80487537922045,1.1690582825102418,0.0598713291611629,19.52617887208325,6.5781199692675e-85,2.242459298685186e-83
916,Nmt2,40.906223609175065,1.0163484546701145,0.116088569303982,8.754939963199734,2.0421216061257488e-18,1.3751491200588025e-17
922,Hspa14,14.197478628793876,0.8646782901110831,0.2091657657969949,4.133937916734872,3.565998409519301e-05,9.564751562219868e-05
927,Prpf18,98.81261097316938,0.6089840307325557,0.0725046334498607,8.399242941538176,4.493662708247365e-17,2.8318981420479247e-16
936,Camk1d,12.766096252654114,0.698314936348369,0.1926503389074236,3.624779174065912,0.0002892084611777,0.0006870910975515
943,Celf2,148.93178729506977,0.5434155895243458,0.0600353535058784,9.051593066261136,1.4089750801412585e-19,9.975771741502156e-19
959,Rsu1,38.45333250482533,0.591622308445524,0.1107189168077833,5.343461853701352,9.118802640952399e-08,3.208644277363693e-07
960,Gm13270,42.26181958760322,1.0463440325910711,0.115302743269769,9.074754016415582,1.1393456138705634e-19,8.099543128198544e-19
992,Myo3a,315.59830651451813,1.108037182949598,0.0455593206239513,24.32075737246802,1.1825077793890266e-130,7.519889471256469e-129
997,Mastl,222.0916447337657,1.936844713987971,0.0543175572891381,35.65780220340064,1.783687030463577e-278,4.051054388148966e-276
1005,Zmynd19,38.97678551128047,1.0267008640982054,0.1133762336252153,9.05569740032238,1.3569784067373942e-19,9.615412632505493e-19
1011,Tor4a,218.2461052987035,1.1530423467185458,0.0588116039184486,19.605694623078406,1.3825170626492993e-85,4.797114760240267e-84
1026,Abca2,82.86010886478937,1.149945676099162,0.0800140359724864,14.371799423973332,7.778367901313752e-47,1.3168257295079854e-45
1028,Traf2,103.25313436341833,0.7317320996783383,0.0686226450722874,10.66312875155903,1.51416234415953e-26,1.4359908391899058e-25
1035,Camsap1,310.11314605793444,0.7172237791875805,0.0481324494625405,14.901044663138643,3.2446643031133224e-50,6.023640056565369e-49
1037,Nacc2,30.202464800669265,0.7892851169820302,0.1384900931433274,5.699217171911177,1.2035882179297337e-08,4.5757284250337354e-08
1050,Agpat2,20.433729240245235,0.5861703076628824,0.1516988268416091,3.864039820656695,0.0001115270282189,0.0002810757557995
1056,Surf1,132.46216095495552,0.5334785694891246,0.0645608230454665,8.26319344029158,1.4182612691528904e-16,8.708761613393873e-16
1058,Surf4,16.218599990948398,0.6696499683505274,0.1863954066498226,3.5926312798500737,0.0003273556401957,0.0007724727345491
1066,Ppp1r26,59.38121996963894,0.8810737724745852,0.0964095750597016,9.13886169427653,6.311312467563867e-20,4.560836050940369e-19
1073,Ak8,797.1226917429798,0.6000882902312369,0.0266570057060185,22.51146647336126,3.204926688648691e-112,1.5832699980533424e-110
1082,2600006K01Rik,10.874120663151931,1.3605138319769612,0.2292481621994095,5.934677159128238,2.944242633394751e-09,1.1734028070375436e-08
1084,Odf2,85.03703917693208,0.521752220967807,0.0757462604078474,6.888158150098621,5.651935898105555e-12,2.7266497927191712e-11
1086,Pkn3,117.56492470898004,1.47477021788238,0.072069142710606,20.46326850042223,4.57651569424585e-93,1.7706660721453857e-91
1087,Zdhhc12,107.9955250405083,1.7987217947079055,0.0864810238760537,20.799034448133582,4.416094138633398e-96,1.7672460937396078e-94
1097,Sh3glb2,60.74196112887548,0.8050841510006395,0.089307557126636,9.01473712755404,1.973431735519319e-19,1.3876708560821008e-18
1099,Dolpp1,399.3469380089017,0.6811677714726072,0.0418952870875132,16.25881617781363,1.9343944564604506e-59,4.3093872935771164e-58
1131,Ciz1,27.544452156675536,0.6849414419253791,0.1284064721670778,5.334166030464247,9.59846692189873e-08,3.371996575535657e-07
1132,Ptges2,20.99210944394133,0.8161292669090398,0.1605955914478578,5.081890851119786,3.7369613544662827e-07,1.2400755249887354e-06
1133,Slc25a25,55.28994714716843,0.5370594036314199,0.1033143880241283,5.198302132961322,2.0111705056197506e-07,6.864041725659288e-07
1135,Fam102a,14.239260489652422,1.2494015788825947,0.1930538052089668,6.471779085266968,9.685566083324884e-11,4.277302516797615e-10
1140,Ak1,73.6215141306005,0.7607781501729834,0.0834609769435272,9.11537556872541,7.839845799636833e-20,5.63052251926279e-19
1141,Eng,14.232962921184589,1.446826290044816,0.1977100464182938,7.317919935053655,2.5184403880125817e-13,1.3084517381332154e-12
1144,Ttc16,121.21625739835716,0.6340920591274329,0.0639679674979766,9.912649782838413,3.667869624191097e-23,3.018883211373478e-22
1153,Angptl2,25.398665338623385,1.2828007743132062,0.1495203039524102,8.579441991513741,9.53344827335312e-18,6.193199977875162e-17
1159,C79798,169.77109294157188,0.5840895094300658,0.0870653863558789,6.708630534786873,1.964593832043139e-11,9.139882132154939e-11
1170,Gsn,21.8144692788884,0.6522209109464978,0.1419736202618207,4.593958439206553,4.34916034602571e-06,1.2948266280438815e-05
1172,Ggta1,33.27990421577494,1.1715024672237253,0.1218287211107556,9.615979356449952,6.845477396094001e-22,5.351529222301829e-21
1177,Rbm18,175.38577949273926,1.3470607850271723,0.0800078088769975,16.836616374510623,1.3154658581929266e-63,3.160009193417294e-62
1225,Galnt13,101.83056273338777,1.001694002410937,0.0742219649916805,13.495924050558555,1.6526992547868688e-41,2.4452118923614854e-40
1240,Cd302,12.222044486953706,0.7914953235603618,0.1989768611744549,3.977825958699842,6.954824622822174e-05,0.0001800532538918
1252,Ifih1,428.0230662780783,0.5367188764628936,0.0422550172417293,12.701896993497185,5.771356732010598e-37,7.509634414389981e-36
1255,Fign,68.21280376207353,0.8559266018738554,0.0840448916866023,10.184159735317971,2.3336720490518774e-24,2.0283924847822686e-23
1265,Gm13629,21.23037762675644,0.851928033092619,0.1528611287561144,5.573215637128035,2.5007970605055224e-08,9.255860104575783e-08
1268,B3galt1,52.13969808924369,0.5130816925367524,0.0928433379690934,5.526316736991422,3.270235154392333e-08,1.2004591179683696e-07
1277,Fastkd1,63.061866790341945,1.074051886812616,0.089555146520367,11.993189990129164,3.857576791843829e-33,4.482478600383049e-32
1299,Dlx1as,127.04142744677524,0.7644616593583028,0.0725332780406844,10.539461058543516,5.682359791057479e-26,5.241197680696899e-25
1302,Itga6,97.11848463388988,0.5617975016739026,0.0720799878229938,7.794084303309032,6.487722357377519e-15,3.650491910740606e-14
1310,Gm11084,200.8439010297892,0.8811575654772447,0.0519621553550874,16.957679285160246,1.6888412950411105e-64,4.1364785108794034e-63
1327,Nfe2l2,142.95466662837498,0.6105063608399469,0.0635795212541679,9.602248472418712,7.821914735877875e-22,6.0876566489110934e-21
1331,Pde11a,108.3562917566207,0.5595826791665404,0.0642274081324911,8.712521576648536,2.9718872023507032e-18,1.983677992164469e-17
1337,Plekha3,42.015274693929285,1.0315287016347765,0.1112975283282354,9.26820853193273,1.892985169409668e-20,1.396226260760703e-19
1340,Sestd1,20.799367760595995,2.1157730169605284,0.1797967334790589,11.767583181409432,5.734385419139381e-32,6.407855093284951e-31
1360,Gm13710,27.540250736098304,0.7248399031424804,0.1431181067015155,5.064627529304822,4.0919962847295356e-07,1.3512241508185445e-06
1367,Clp1,43.6589765415161,0.5360384351802934,0.1016915414236688,5.271219490587145,1.3552028619025206e-07,4.7023388192363653e-07
1373,Slc43a1,220.31352468902284,0.9267801495758204,0.0496550179061818,18.664380533038536,9.648749781700575e-78,2.965506787036549e-76
1381,Nup160,87.62308191909436,0.8895165946174415,0.075880298056196,11.722629159398874,9.759529909597153e-32,1.084337096944314e-30
1384,C1qtnf4,57.07217776189615,0.6091290222166363,0.1070766654791182,5.688718634364146,1.2799616137161731e-08,4.852366941397883e-08
1388,Celf1,90.6031147001826,0.7376851167676081,0.073193575596964,10.078550074252773,6.873285478444315e-24,5.866277034994348e-23
1392,Slc39a13,68.50975310279243,0.6781184792826566,0.0868273131272852,7.809967334686067,5.720280920796597e-15,3.228017836169438e-14
1415,Trp53i11,22.004556147187007,0.5023532300192954,0.158884309234013,3.161754816703792,0.0015682154436403,0.0033392124288789
1422,Mir670hg,77.54656039068756,1.1079776412632825,0.0852436170802358,12.997778358236424,1.2594921232788675e-38,1.727529274658889e-37
1424,2810002D19Rik,358.1362819428961,2.0669349143314646,0.0442352206499244,46.72599986985702,0.0,0.0
1425,Api5,20.028292400019478,1.225001669684907,0.1694428124981993,7.229587679901884,4.844626440951226e-13,2.4794506057756814e-12
1426,Lrrc4c,64.68738510694446,0.6218910312082382,0.0864506041575742,7.1935995967675606,6.31050813514373e-13,3.202500472065977e-12
1436,Fjx1,71.10709885588518,0.6084361164916325,0.0837307662952801,7.266577668069543,3.687092595846151e-13,1.8987006865770752e-12
1450,D430041D05Rik,42.40600110781231,0.5195458385413795,0.1019193297387922,5.097618281761829,3.4395350266939294e-07,1.144199896268279e-06
1465,Dnajc24,1027.2482845667323,0.6527219811030542,0.0340831722172802,19.150857700156298,9.520574288947976e-82,3.106264984423921e-80
1469,Arl14ep,31.67723862521285,0.982342159496622,0.1291533727267532,7.606012438985547,2.8268209457962044e-14,1.5410051340425193e-13
1474,Lgr4,15.449542954056769,0.5393331111108214,0.1755047145964297,3.0730405866931227,0.0021188966707674,0.0044160725751854
1483,Slc12a6,78.4336627318751,0.5243170323645302,0.0781320702908071,6.710650702240769,1.9375841891436382e-11,9.019023768896443e-11
1485,Katnbl1,395.118430426421,0.6045427072469756,0.0443219587580601,13.639801222391515,2.3219261925654665e-42,3.5035241808097387e-41
1494,Zfp770,130.13992427750804,0.6714153136496215,0.0623574422259341,10.76720419700575,4.91706118377976e-27,4.756060065372812e-26
1517,Ccdc32,53.44806272639109,0.6466162992132825,0.0942943713686943,6.8574220266551205,7.011427096605707e-12,3.3657929471710294e-11
1519,Rad51,166.29738569388238,0.685039681041477,0.0574003577644429,11.934414831571488,7.83076330188592e-33,9.003575846376133e-32
1522,Dnajc17,946.4837634327444,0.5120199026044702,0.0277620247912009,18.443175757365943,5.9162139508772e-76,1.783840509878284e-74
1529,Chp1,172.92710968157428,0.771929586103338,0.0672050034215851,11.486192200020138,1.5478534112714788e-30,1.6688569948406673e-29
1566,Mfap1a,81.79857815928735,0.5492654758562947,0.0743097911612399,7.391562636267941,1.4511317532523538e-13,7.641491147508932e-13
1569,Ctdspl2,25.9430891177567,0.7318946589153195,0.130789568608018,5.595971197892999,2.193901242953336e-08,8.155381851610917e-08
1587,Myef2,70.95177178587782,0.5385047429259601,0.0812667571560254,6.626384043995693,3.4400946855448136e-11,1.5732315863181932e-10
1604,Usp50,47.06999022128807,0.8489352226862096,0.1040991016390023,8.15506771259343,3.489842977418669e-16,2.096543249367835e-15
1605,Trpm7,717.4412951778278,1.2180816083784194,0.0713593053326847,17.069695433547057,2.494980344513421e-65,6.26698660925166e-64
1610,Itpripl1,10.803540673408987,0.7047223017574648,0.2087827557426078,3.375385573635509,0.0007371233810325,0.0016560654788665
1611,1810024B03Rik,110.38677727792098,1.1051683041924103,0.070816542260636,15.606075486217671,6.618493697631347e-55,1.360096566206545e-53
1615,Stard7,85.48740710036475,1.32742052604996,0.0808306327342101,16.42224588807596,1.3256768397907268e-60,3.0344812269974124e-59
1616,Gpat2,68.63439128595819,1.16174358390501,0.0853709227470026,13.608188204171649,3.580092825306581e-42,5.374134191327165e-41
1622,Mall,13.382525818121934,0.7101173619368634,0.2239024991177072,3.17154727944126,0.001516291836377,0.0032373228707804
1625,Acoxl,17.585941890250012,0.5207924700732648,0.1613742123884529,3.2272347754028754,0.0012499285740113,0.0027062957660407
1630,Mertk,36.30463227136256,1.461343697210678,0.1266798044080621,11.53572745110487,8.714734346635524e-31,9.49553110616586e-30
1638,AI847159,39.24571014502947,0.8875452281113599,0.1159401976279659,7.655198509833101,1.9301385860195912e-14,1.0591234261785571e-13
1639,Slc20a1,35.67977791867287,0.5038106623939518,0.1205305682888567,4.1799409854813545,2.915847562890665e-05,7.900889708681739e-05
1640,9830144P21Rik,127.5421966650036,0.8233911698128126,0.0699943195154129,11.763685617823594,6.005432851512905e-32,6.706450172877247e-31
1643,Gm14023,171.04390368067433,0.6680795381065557,0.0644190581757726,10.370836783792246,3.365645053260076e-25,3.02925376692806e-24
1645,Pdyn,11.883046010074503,1.0117992409157448,0.2069790618681815,4.888413503198349,1.0165184257310665e-06,3.2333347088368293e-06
1647,Snrpb,68.98619853227956,1.6657119265745255,0.0934945424464892,17.81614073920818,5.296700004175085e-71,1.4679665558322328e-69
1656,4930473A02Rik,107.2337179216422,0.7510312992278964,0.088325839187283,8.502962509480787,1.8481260520770842e-17,1.1843176401144755e-16
1666,Atrn,45.57663904700677,2.197911148978509,0.1514253395911398,14.514817367509565,9.761733537687134e-48,1.6868892895955792e-46
1667,Gfra4,100.27959919668976,0.9132721689213626,0.0859124667374447,10.630263611361483,2.155024777667708e-26,2.0305535189575903e-25
1674,Ap5s1,184.00748037551168,0.7025805962740876,0.0557500883149041,12.602322570424702,2.0501715146483844e-36,2.615127603805321e-35
1702,Gm14211,10.74353246669361,0.9004897564554922,0.2347828137999513,3.835415982460973,0.0001253519527116,0.0003133440464581
1709,Gm14066,32.50866457052452,1.01561138350251,0.1211045137136583,8.386238896956723,5.0194279488101714e-17,3.155275196577724e-16
1714,Gm17374,404.16026394530405,1.2832347008580405,0.0482857898481253,26.57582499725561,1.2920731846124625e-155,1.046100733912164e-153
1718,Kif16b,34.087550595400835,1.874126630195308,0.144443340679942,12.974821970837707,1.699908576787671e-38,2.3261346784712672e-37
1720,Pcsk2os1,450.6580550520739,0.6384362579478806,0.0380571782253029,16.775711908230893,3.674290477446973e-63,8.754222325557585e-62
1724,Rrbp1,11.690546718930069,0.5893811202648306,0.1934635605883023,3.046470965760088,0.002315448401802,0.0047971284978929
1732,Rbbp9,65.24429538691498,0.5636120910068563,0.0854531182999858,6.59557079038682,4.236228406644924e-11,1.92423798377679e-10
1747,Nxt1,19.14465543352383,0.8409935135389206,0.1591836372738284,5.283165581222646,1.2697053314994826e-07,4.4111154290361765e-07
1752,Zfp120,41.768274229902126,0.615827675258445,0.1092167280324234,5.638583817266734,1.714543608651967e-08,6.43156126728992e-08
1761,Acss1,320.347394278716,0.9477123533859098,0.0426010752381618,22.24620735715502,1.2274401575980857e-109,5.89710809782289e-108
1767,Ninl,21.803082102263875,0.6592399833220308,0.152738712755986,4.31612897232692,1.5878922539249118e-05,4.4437605595517454e-05
1772,Sdcbp2,15.766104506169183,0.7709800697316365,0.1810901425284435,4.257438085623794,2.0678290198200188e-05,5.708317900333463e-05
1776,Tcf15,15.60387539213842,0.9020452727830188,0.1787136311072956,5.04743408319789,4.4778318740019154e-07,1.4725145508188322e-06
1786,H13,71.4617111783961,0.97154951817181,0.0823984196452643,11.790875630314927,4.3499467009001375e-32,4.879529692452957e-31
1792,Ttll9,70.49185606530393,0.856792314023441,0.0836125087544528,10.247178643324846,1.2184831414249024e-24,1.0740339303043699e-23
1793,Pdrg1,23.441802881522246,0.874126292782506,0.1399898485322443,6.244212004995243,4.2594194388919416e-10,1.7923177850659834e-09
1805,Cdk5rap1,22.49844736830367,1.456939012723051,0.1638197075443496,8.89355154250062,5.918619060414179e-19,4.0765974843845284e-18
1811,Zfp341,55.05984251587379,0.6643065447422907,0.1054010860460104,6.302653698011258,2.9259214999574336e-10,1.248621649371781e-09
1819,Dynlrb1,25.704517323094706,2.047330721747844,0.1617634443543141,12.656324980713997,1.0321929129371426e-36,1.3263034284676524e-35
1827,Trpc4ap,75.762186659939,0.5204417332314915,0.0881670339699701,5.902906220127069,3.571533161592281e-09,1.4137386131717025e-08
1831,Uqcc1,69.55839804590356,0.5681923331602916,0.0824862951448935,6.888324080530205,5.645348817017474e-12,2.7242235130243267e-11
1833,6430550D23Rik,102.36619332089192,0.7643549510057929,0.0731992803572194,10.442110185724074,1.5923117865338352e-25,1.4480680459128295e-24
1837,Cpne1,29.010505552204595,0.7555128916623225,0.1274547597657042,5.927694603568796,3.072171696276417e-09,1.2213261792335074e-08
1843,Cnbd2,52.44672935894929,1.2723795904493254,0.1022597111249256,12.442628445282052,1.533724669385113e-35,1.9117446199719782e-34
1844,2900097C17Rik,106.04940718090728,0.9157786209286032,0.0692866963594206,13.217236050309804,6.978134838401637e-40,9.857320036669454e-39
1848,4930405A21Rik,14.283887773722777,1.043338436050996,0.1884115134980402,5.537551377197807,3.06729731138286e-08,1.1283318338549317e-07
1849,Myl9,623.2567841948083,0.5566544284989996,0.0462682371916108,12.03102738048404,2.4410411471785425e-33,2.8611881757277707e-32
1859,Mroh8,49.92563074508168,1.518967207798761,0.1052618794048238,14.430363740295814,3.333186240541149e-47,5.692457126424182e-46
1860,Rpn2,23.39884573732105,0.9321775747557414,0.1497653523639285,6.224253874758415,4.838530547761434e-10,2.0301396885617077e-09
1887,Chd6,45.434092127671846,0.8570626742663812,0.1017734961854338,8.421275738673572,3.7240662466150083e-17,2.357946072440379e-16
1892,Sgk2,2390.586683919222,1.4147016858745487,0.0288159297602986,49.09443136635008,0.0,0.0
1909,Rims4,293.122942402982,1.0856386690522586,0.0552296911925025,19.656794119457885,5.056904593753791e-86,1.761656325409687e-84
1912,Tomm34,379.8532955165824,0.6661585313872341,0.0392727682016181,16.96235233450609,1.5597320267547472e-64,3.836370419674686e-63
1919,Dbndd2,31.85755135792381,0.9851928471771046,0.1286673324103846,7.6568996086343875,1.904754112881904e-14,1.0455222826766713e-13
1959,B4galt5,182.25388895248363,2.24742841188156,0.0842390434396791,26.6791777317708,8.211393114150618e-157,6.805727145984172e-155
1966,Tmem189,265.43221379686435,0.6162896394392583,0.0480614043998733,12.822963605301595,1.2194864333424657e-37,1.6317045712542493e-36
1970,Pard6b,20.915316714220378,0.6797969675627346,0.1807547651687023,3.760879924400694,0.0001693166978586,0.0004159532921954
1975,Nfatc2,280.93421853883564,1.3406867346961264,0.0477851864072931,28.056534576822447,3.324687128825385e-173,3.194622445543864e-171
1978,Zfp64,62.50393786994193,1.0783118983734166,0.1056175904151949,10.2095862453825,1.796291689673096e-24,1.5675423687127297e-23
1987,Aurka,79.02175141863376,0.6400023660855587,0.0859317499915837,7.447798586066751,9.491056882366655e-14,5.046506620821771e-13
1989,Cass4,139.258433245319,1.0985855056842806,0.0664125603965234,16.541833338830124,1.833560951841298e-61,4.2470614471259095e-60
1993,Tfap2c,194.5198291734877,0.708859927646417,0.0511595625361674,13.855863742878691,1.1723807409736813e-43,1.8421019225649362e-42
2032,Gm14406,79.7230492595357,1.0540365406863943,0.0834905309876921,12.62462375334248,1.544780139842686e-36,1.9747891144421703e-35
2035,Gm14327,12.717688327263092,0.5346589385450259,0.1893114112851395,2.824229849196604,0.0047394383378058,0.0092939333540646
2042,Fam217b,165.22120641138503,0.7595476833277907,0.0553617366475034,13.719722850530244,7.736054688627312e-43,1.179495417565078e-41
2046,Lsm14b,639.0145761324642,0.5912424201821078,0.0427047637564647,13.844882120267068,1.3660466182396972e-43,2.140629324352673e-42
2051,Adrm1,154.0618396788574,0.5776675225663627,0.0594763525526371,9.71255797932668,2.665619158671337e-22,2.1198884878055637e-21
2052,Lama5,35.47590774632305,0.6110056614488966,0.1143147332096814,5.34494237350982,9.044582389694102e-08,3.183168783074471e-07
2058,Ogfr,11.17047821897267,0.7759781791003679,0.2186170815911055,3.5494855820632214,0.0003859846016448,0.0009033858021365
2081,Tcea2,618.0110525005131,0.9278863866340872,0.0481267882437823,19.28003967216665,7.901588369539441e-83,2.6220678824763902e-81
2083,Pcmtd2,243.6649933657617,0.6222082638715083,0.047738628683498,13.033643425258033,7.875529340526743e-39,1.0861771065231205e-37
2089,Zc2hc1a,90.99800365428128,0.6998001259958202,0.0781767640884481,8.951510517934404,3.506506944577617e-19,2.438242284165939e-18
2098,Pag1,174.72936929845824,0.7588756942374596,0.0536172090343981,14.153584416350403,1.7747559330742206e-45,2.911532059812568e-44
2102,Impa1,70.99810592475727,1.097262831933514,0.0899029572840262,12.204969281121445,2.9241884675674208e-34,3.5267729600564864e-33
2107,Lrrcc1,33.16237956920647,0.994500241401072,0.1202073702179906,8.273205208612339,1.3040496932334181e-16,8.027180934623728e-16
2129,Ect2,74.90686200236719,0.5471153299132231,0.089785203593458,6.093602375626699,1.1039767684781668e-09,4.512937290122997e-09
2131,Fndc3b,21.91564064532441,1.2833166650448686,0.1550685598095361,8.275801791292249,1.2759409344051243e-16,7.859688291960836e-16
2139,Mynn,160.96860653112307,0.5334459849112173,0.064027953172805,8.331454598767193,7.985506090951148e-17,4.97508124398125e-16
2153,Mfn1,310.12015143446,0.8198460871558955,0.0458483322339716,17.88169922892909,1.6376879854817957e-71,4.619336691952523e-70
2182,4932438A13Rik,201.06254917566852,0.6632257869708219,0.0518407245627862,12.79352849645388,1.781958194644916e-37,2.369801133684433e-36
2184,Adad1,18.406987577575464,0.8885052399959645,0.1668373285329078,5.325578201287917,1.0063240898050593e-07,3.529602022164235e-07
2189,Spata5,105.59811074511327,1.2095497922409746,0.0732671016406835,16.5087708556133,3.172797854928509e-61,7.329707911095082e-60
2199,Larp1b,103.91244294409542,0.7348666742105272,0.0675889160686658,10.872591498049044,1.5571398347150886e-27,1.5307060949689414e-26
2204,Jade1,420.9128687811412,0.5702435728364539,0.0404513849156339,14.097009880521108,3.962047991897229e-45,6.427485647708603e-44
2205,Gm31266,206.75645952587988,1.1169166956953516,0.0533190328473051,20.94780486536531,1.9648156412734223e-97,8.028199984717199e-96
2206,Sclt1,27.79310291086061,1.2569146577673629,0.1386018530330186,9.068527081437596,1.2063668724098951e-19,8.5690267525200035e-19
2209,Gm31415,58.14415664602789,1.3171524231189011,0.0977965276817612,13.468294369356704,2.4035424003757017e-41,3.547101223440529e-40
2210,Pcdh18,75.96504328183774,1.2809801300053345,0.0876128859630779,14.62091010841909,2.0661971472587636e-48,3.646181201943618e-47
2219,Maml3,312.91540140442976,1.225266519028612,0.0481276262821578,25.458694177960098,5.656062966919023e-143,4.138628835375728e-141
2222,Foxo1,42.31390168267101,0.7114644429143515,0.1089295508440607,6.531418126683142,6.514983387837884e-11,2.9168978363161525e-10
2236,Sohlh2,24.577454092565432,0.756591740621212,0.1386466177537293,5.456979426393986,4.843024438991481e-08,1.748447799114018e-07
2245,Serp1,32.25201369652585,1.358141486461416,0.1346271626807868,10.08816838606108,6.23214987038903e-24,5.332085955644e-23
2253,P2ry12,85.14957083841053,0.5855541343742079,0.0787289346480162,7.43759758711484,1.0253283589919775e-13,5.440213089214716e-13
2256,Aadac,65.74090237028551,0.7899399899300084,0.0879162223953318,8.985144816367276,2.583937894645168e-19,1.808239531874938e-18
2258,Rap2b,143.70119663982507,0.676677561625876,0.0572753275269874,11.814468652440851,3.2861992418105663e-32,3.702902857009226e-31
2270,A330015K06Rik,38.57486788627853,1.0167569341878493,0.112433094568211,9.043217551670269,1.521267104779877e-19,1.0749058233693126e-18
2271,A730090N16Rik,124.01566833045962,0.7707278668885392,0.0761501110943241,10.12116536420898,4.450842497224946e-24,3.838083510427509e-23
2272,Ssr3,10.97952333230465,1.3582879758526385,0.252987375822044,5.368995079059136,7.91765796164956e-08,2.802347752141824e-07
2278,Ptx3,13.05931229329376,1.298093236545472,0.1985447696986139,6.53803793731734,6.233111589229637e-11,2.7949911659602023e-10
2288,Smc4,865.086022031945,0.606547203217991,0.0271841273634374,22.312550081478573,2.791210447266242e-110,1.3521520305205553e-108
2316,Ctso,31.081059472926245,0.6624347707395959,0.121174162932699,5.466798818387683,4.58235631703766e-08,1.6574197988077478e-07
2321,Sfrp2,179.33145847767614,0.5301215254724944,0.0565570679773002,9.37321442627231,7.035650071483307e-21,5.2783976169069105e-20
2341,Cd1d1,51.38107036897996,0.5988293373418202,0.0954288919923173,6.275136647190975,3.4932735843306763e-10,1.4802609266482882e-09
2375,Khdc4,488.9388354348229,0.663933408604695,0.0396942755115278,16.726175249422997,8.449289533364603e-63,1.9913905034970372e-61
2382,Dap3,117.09239079403068,0.7213254483938336,0.0670877186775738,10.75197461789618,5.8006329046961866e-27,5.585983933773508e-26
2388,Clk2,31.536773886397057,0.5352950327675554,0.1199750839154235,4.461718344326491,8.130504559407964e-06,2.3505747021809638e-05
2394,Muc1,40.05888167816884,0.7944809903676534,0.1115453756110712,7.122491506396423,1.0599328758092542e-12,5.306643610693454e-12
2404,Dcst2,28.337517291909013,0.7073922222182797,0.1317206486959148,5.3703973463669925,7.856334445362625e-08,2.781769118860125e-07
2405,Zbtb7b,97.59257228223557,1.8246933213239385,0.0797301445952312,22.88586494590498,6.425359433663554e-116,3.374374948225472e-114
2410,Pbxip1,72.61702338787138,0.5240217500352311,0.0845246044046389,6.1996356413171405,5.659402464306447e-10,2.363783861853144e-09
2417,Hax1,26.82214906400152,1.8409670090045416,0.1546877137191724,11.90118442339074,1.166792577095916e-32,1.330173962728382e-31
2426,Jtb,50.10269871225572,0.6893506896951622,0.1015071176384605,6.791156184243484,1.1123841653577969e-11,5.26620852294996e-11
2430,Dennd4b,11.0260491125718,0.8674481803760742,0.207461297156044,4.181253044627473,2.8990700853652523e-05,7.856646157270655e-05
2431,4930537H20Rik,10.799626632837914,0.8228087628245706,0.2116900780113612,3.886855588859536,0.0001015511260468,0.0002573805930879
2434,Ints3,36.27734576900554,0.5065610851305489,0.1117699126652205,4.532177515856423,5.837875799821834e-06,1.7106697719048968e-05
2461,Mrpl9,310.3683155673131,0.5726253938897798,0.0399746756557232,14.324703940600838,1.5338033020681886e-46,2.576671675943178e-45
2467,Selenbp2,49.24643260152922,0.9362737853487808,0.0992327334457838,9.435130453806526,3.905080091614935e-21,2.9563653957645876e-20
2477,Psmd4,30.93635580949672,1.0649611801369891,0.1364704468696415,7.803602937962493,6.016428698115248e-15,3.390760717777617e-14
2480,Scnm1,544.1415252597931,1.4965517647058524,0.0494248796060959,30.27932038748501,2.146069529406025e-201,2.6062822173786506e-199
2496,Hormad1,49.631841508914135,1.4430174471910933,0.1073384060302953,13.443626569075509,3.3557862942947345e-41,4.927455139767114e-40
2497,Golph3l,13.08357446252726,1.1671917008349584,0.2100920835020767,5.555619618686969,2.7662869561618852e-08,1.0199626036128832e-07
2508,Ciart,136.56178852836763,0.9319429917959364,0.0643805694369083,14.475531980331766,1.7298219653107124e-47,2.9774730835978093e-46
2519,Sv2a,120.43922409548624,0.5720491635464447,0.0656340987001705,8.715731226228579,2.8888793854574887e-18,1.9304823344623826e-17
2525,Gm20633,106.4454639657651,1.132648523790705,0.074693601708016,15.163929679255912,6.128988273202713e-52,1.1830435642579366e-50
2537,Polr3gl,322.9224245118382,0.5163628611490394,0.0460939260837225,11.202405718513656,3.9680911910425664e-29,4.086806757888834e-28
2551,Chd1l,31.137416838330815,1.216145660511838,0.1337146177102974,9.09508385348494,9.451350991233705e-20,6.746335760599797e-19
2556,Notch2,10.669725324057325,0.5854368244200989,0.2020629930130051,2.8972985883784235,0.0037639133456534,0.0075037980607372
2575,Ttf2,102.13664806514406,0.5106558817301281,0.0865410054446126,5.90073895151304,3.618770935148217e-09,1.4321128335341034e-08
2591,Csde1,657.9928345039757,0.9419757761066446,0.0326991275351845,28.80736726363937,1.7343950384869567e-182,1.7947396705952605e-180
2596,Trim33,39.93401442593075,0.5351581883404568,0.1134928138169633,4.715348666952061,2.412971833900696e-06,7.388907622352543e-06
2608,Gm42699,75.92314160275227,0.7121537868825097,0.078104323358554,9.117981646332437,7.653637565473848e-20,5.5013075933007245e-19
2611,Gm43258,15.727207535576708,0.8517312314113169,0.1736103442667649,4.905993562817721,9.295557334897516e-07,2.9713161519409203e-06
2614,Gm43260,85.01689721900415,0.5727644997536524,0.0866915424748287,6.606924774927807,3.9238529185580764e-11,1.7865227763536486e-10
2627,Inka2,69.53480856696108,0.8398276257532691,0.0834605117743108,10.06257459844343,8.085568144551279e-24,6.864097850092853e-23
2642,AI504432,281.83913975209435,2.30611249645388,0.0669551501228792,34.44264544581852,5.8024688564600615e-260,1.1799252949043436e-257
2678,Gm27244,35.18141067652014,0.6330009826390817,0.1156992511558748,5.471089711603028,4.4727679967238446e-08,1.6201277283907746e-07
2680,Prpf38b,235.1230592692567,0.8133444076136448,0.0656936215000524,12.380873348761812,3.3171335657057827e-35,4.093862512142747e-34
2687,Amy1,327.6357664155367,0.9598532154805794,0.0397916340644199,24.121985388351803,1.4698730799926723e-128,9.14773680530671e-127
2692,Dph5,243.09434448489105,0.5082901903555049,0.0455412708474297,11.1610892910379,6.321225840276136e-29,6.4760162562829e-28
2693,Slc30a7,52.17013433090944,1.0226326333009896,0.0972304445618378,10.517617582737708,7.166270323978785e-26,6.585587778546558e-25
2719,Arhgap29,35.34161782772319,0.5043523687142465,0.1204228417979694,4.188178597880846,2.8120219018198812e-05,7.632568526932498e-05
2723,Dnttip2,1066.795949350407,0.5291138351044196,0.0268273481657945,19.722927209743816,1.3706178024356838e-86,4.822809683902462e-85
2731,1810037I17Rik,80.99946922704785,0.6528746794019544,0.0789477862243539,8.269702174379077,1.3429406222760334e-16,8.254954517526634e-16
2735,Prss12,92.4801106926858,1.1725915142757022,0.1088223078556174,10.775286220096207,4.503791762970535e-27,4.365981726764341e-26
2742,Ank2,284.8416716301081,0.8851540720177037,0.066662155056555,13.278209671840855,3.097107032751652e-40,4.439525228586958e-39
2744,Zgrf1,39.10912535311528,2.0131647481606185,0.1283755375618485,15.681840842853097,2.013336738069176e-55,4.2015791020708526e-54
2748,Ap1ar,720.9030206363556,0.6944915605499264,0.0362372174398192,19.16514593603382,7.235354247584617e-82,2.3695107693213443e-80
2752,Elovl6,163.28230415795835,0.5565749406773157,0.054934729089262,10.131567951722324,4.001802298521378e-24,3.461103788157362e-23
2787,4930539J05Rik,475.4395244793997,1.0116052445260753,0.0421261988930989,24.013684384227595,2.000998039674868e-127,1.219284101666693e-125
2798,Gm43689,301.0856132111539,0.8578836803649054,0.0504635623000866,17.000061851825166,8.203332528872402e-65,2.0320096213161556e-63
2805,Tspan5,45.66071484687026,0.7209188101839856,0.1407093906431563,5.123459115904067,2.999807145445898e-07,1.004800370801721e-06
2808,Unc5c,29.673805773522105,3.4841419830660425,0.2088676411630168,16.68109987581438,1.7987635313973456e-62,4.211081209782701e-61
2813,Gbp2,35.66239970841846,1.0656150962680735,0.1286172010959962,8.285167825046425,1.1794265102723075e-16,7.275418275711507e-16
2814,Kyat3,166.54076945216698,2.5946239831968296,0.124727868665961,20.802279482106773,4.127209424595405e-96,1.6554274866358816e-94
2823,Clca3b,52.03810769553375,1.3038224767458075,0.1018170961488067,12.805535868360035,1.526682580543536e-37,2.0349561713830303e-36
2824,Clca4b,67.13034241581845,0.8513725989792911,0.0931806855486177,9.1367926085399,6.43319887636144e-20,4.646996363065216e-19
2833,Bcl10,106.19393508607745,0.517472614590726,0.070596840778208,7.32996843607286,2.302069443227985e-13,1.19888595661617e-12
2836,Mcoln3,290.9085848507372,0.911210689058236,0.0451709483948655,20.172494079442668,1.7080388080932316e-90,6.355358016156264e-89
2842,Rpf1,40.12199573700625,1.01213552794482,0.1159079238128617,8.732237578329462,2.4968306400281018e-18,1.6729721928280245e-17
2852,Ak5,30.061412882074382,1.1322518897368117,0.133744073965602,8.465809782555436,2.5437903678951013e-17,1.62297723289856e-16
2874,Wls,148.7730033053222,0.8387419117860664,0.0618422328754562,13.562607182622337,6.672167533504253e-42,9.9728945150361e-41
2899,Dpy19l4,53.335333019168814,0.6557629101273695,0.093251783076492,7.032175562685637,2.0333771775018037e-12,1.0022463382229858e-11
2900,Esrp1,302.22360529596153,0.5113925838820242,0.0498938908106779,10.249603219410174,1.1883032843379768e-24,1.0484887909436197e-23
2903,Rad54b,170.96837048945372,0.8621285187552326,0.0730119873544439,11.808040706657438,3.5473130931115407e-32,3.991982713792447e-31
2912,Otud6b,45.80464099463139,0.7246585319542393,0.1039727381235658,6.969697490250016,3.176232126481924e-12,1.5547003229789494e-11
2915,Necab1,87.78046324050094,0.7355751687358437,0.0856668789511658,8.58645929140428,8.969057389031312e-18,5.830887569493665e-17
2918,Nbn,123.37907761015724,0.8587952445446123,0.0656817889716578,13.075089122727595,4.570279857498724e-39,6.338227926085463e-38
2938,Fbxl4,28.648002975913773,0.6735556302547153,0.1308868020069304,5.146092806355303,2.659678775827012e-07,8.963665914754824e-07
2944,Fut9,66.75533612732052,0.9512187742685696,0.0944362523040646,10.072601898748026,7.302032847364017e-24,6.217037508992304e-23
2949,Casp8ap2,29.777414872330937,0.6945368485836982,0.1226833153825935,5.661216820052125,1.5030337512164872e-08,5.662441671967671e-08
2953,Ube2j1,594.7545507441127,0.7253529377687818,0.0355814179401883,20.38572321620476,2.2388333028759142e-92,8.604992703449228e-91
2959,Rars2,143.33881254915144,0.7476783586568627,0.0630897482509174,11.851027772107011,2.1256757905310967e-32,2.41075345167366e-31
2972,Dnaja1,71.28836868693561,0.6931276968600695,0.0830748388875512,8.343413073581468,7.217650134440625e-17,4.507938055396345e-16
2973,Smu1,20.52924823373405,1.299869545878049,0.1658955928319716,7.835467619652979,4.671010186677825e-15,2.646149211034072e-14
2979,Nol6,175.86832351799265,0.523787369011113,0.0546731076820981,9.580347472778092,9.671899010152854e-22,7.517429772869027e-21
3004,Atp8b5,41.71174165592935,1.069866518979903,0.1093724374537571,9.781865924239314,1.3470391049952745e-22,1.084577341996195e-21
3012,Tln1,43.627812273345775,0.73070141412807,0.1161238435059465,6.292432217769746,3.1252981247767605e-10,1.331106030348173e-09
3043,Xpa,64.37261328449323,1.275928066953017,0.0990364699592834,12.883416255421718,5.580941418873514e-38,7.530825889912038e-37
3044,Gm12446,19.3585643261835,0.9742759282275316,0.1656560599389892,5.881317765171738,4.0701290639734024e-09,1.604924849397223e-08
3049,Trim14,89.0984411366573,0.566579242390766,0.0864447334603609,6.55423667481802,5.5927207387054654e-11,2.5181642708156844e-10
3050,Coro2a,30.93025249496812,1.3922169554933428,0.1357036249673021,10.259246617979429,1.075424695502098e-24,9.498498522697316e-24
3057,Sec61b,515.9150212973783,0.729898130940445,0.0415064905167074,17.585156486469064,3.2009657130704896e-69,8.585657728554713e-68
3067,Zfp189,31.09172282716811,2.0239456693097937,0.180361258867601,11.221620884757325,3.193625878389636e-29,3.302787070448134e-28
3068,Tmem246,143.46707017357735,0.5574935663081698,0.0568853546629042,9.800300439573768,1.1225126877890497e-22,9.058837971414352e-22
3074,Abca1,1389.460292248071,0.7504446427857235,0.0256604286570433,29.245210702266967,5.1662649992711523e-188,5.82888014885509e-186
3086,Ctnnal1,53.17363195542114,1.122936859951646,0.0992539217519624,11.313778237981245,1.1215376500521869e-29,1.1786929341413846e-28
3089,Epb41l4b,76.45646392069891,0.9310139496676388,0.0848565085793337,10.971626870521296,5.232238391253253e-28,5.225664476655448e-27
3100,Gng10,107.67926293804378,1.2006756210380527,0.072311255720058,16.604270097124086,6.490483293753749e-62,1.5093826042708187e-60
3103,Susd1,45.32001459069043,1.1140205025751029,0.1084692696665687,10.270378937735712,9.58275110976389e-25,8.468072329840875e-24
3110,Slc46a2,49.577278203156105,1.0689967823049318,0.1012205868184354,10.561060905746835,4.5152948268004436e-26,4.184603917916594e-25
3111,Zfp37,228.2673549736459,0.5024290556409565,0.0473203416080089,10.61761260734264,2.4679214650265808e-26,2.3203769129239165e-25
3112,Slc31a2,27.358227418092003,0.9140951290212964,0.1317397166692847,6.93864502013476,3.958784773074409e-12,1.9279094433730232e-11
3113,Fkbp15,12.124393408859374,2.213227968184014,0.2562403124092404,8.6373137285646,5.755018431285485e-18,3.789298280358455e-17
3123,Akna,2192.034618572369,2.119467678730071,0.029314537223793,72.30090867713955,0.0,0.0
3139,Rasef,90.58883173944888,1.475006586025639,0.0791556291690777,18.634260146868407,1.6948155665534402e-77,5.1816319279521956e-76
3140,Gm11240,460.47567253803976,1.202284626796429,0.0474786519091707,25.32263614174353,1.7994913044798382e-141,1.2897337677353857e-139
3144,Dmac1,279.5440699552275,2.180752737048865,0.0541760507206703,40.25307692309918,0.0,0.0
3148,Gm11266,174.96641854090777,0.5470129908130327,0.0622750210126338,8.78382667590042,1.5800510336967506e-18,1.0685202040714917e-17
3177,Gm12655,276.50490492147304,0.6760318296267488,0.0451722928103277,14.965630203127244,1.2315176226261234e-50,2.3108133245156278e-49
3179,Plaa,18.233391646706902,0.8415283031396971,0.163944493377172,5.133007433215036,2.851486406762049e-07,9.576876182341984e-07
3185,Junos,105.31224517732528,0.5511420357051402,0.0688593504516557,8.003880839568502,1.2055805874507649e-15,7.030074462600526e-15
3194,Patj,732.7836319593904,0.8385968494252136,0.0405331420858454,20.689164626051998,4.33661102341153e-95,1.715806642023096e-93
3196,Kank4,43.72608760864171,1.1189256582024163,0.1150646934718382,9.724317898402695,2.374917304911513e-22,1.892143682382348e-21
3198,Usp1,48.70350918572112,0.869582655765361,0.1019417507012073,8.530191504304446,1.461056497680915e-17,9.41103352907692e-17
3201,Atg4c,42.09277666036855,0.8252408503577455,0.1102473572361779,7.485357209877327,7.135279746716358e-14,3.822970962333813e-13
3213,E130102H24Rik,104.85569088455291,0.5739101568670962,0.0679992904789923,8.439943311532046,3.1749160674613726e-17,2.0175484079856283e-16
3226,Prkaa2,34.82086545194995,0.7907786004892043,0.1317019099747,6.004306244617964,1.921517205927178e-09,7.74809612572158e-09
3232,Ttc4,465.3553774016553,0.8495299889289423,0.0408882555066979,20.776870482766867,7.008056385044548e-96,2.791728702999068e-94
3237,Tceanc2,31.4077113915249,0.572257423895005,0.1197648913169611,4.778173449684094,1.7689475892014478e-06,5.482076101356534e-06
3241,Yipf1,413.19335068419167,0.524154102895643,0.0380943991886854,13.759348199703972,4.475435523593226e-43,6.8896493342076e-42
3249,Cpt2,86.28608026249795,0.519484820706095,0.0769128182821973,6.754203425495046,1.4362212327047927e-11,6.753599601382473e-11
3252,Echdc2,22.31981544445303,1.9021492982548656,0.1656990594694531,11.479541913788164,1.6716382064258553e-30,1.8000990735206505e-29
3253,Zyg11a,45.185129364784416,2.297889928658397,0.138850426006598,16.549390554618846,1.6173155690394754e-61,3.7511425293584014e-60
3265,Txndc12,23.188669866671763,0.8572045600567599,0.1417395029922799,6.04774633719048,1.4688597816854031e-09,5.968266696587903e-09
3267,Rab3b,46.01828922740362,0.978510164456431,0.1053834867098739,9.285232392721248,1.6135467174129744e-20,1.1941474817654716e-19
3268,Nrd1,268.37981895481124,1.5647089933301552,0.0619219822173378,25.269039157019183,6.996408012766831e-141,4.95357017519297e-139
3279,Skint11,229.28120637279608,0.909588323308428,0.0650420697454121,13.984615293897331,1.935204415836176e-44,3.0906716734377214e-43
3285,Efcab14,18.731606845859087,0.5587093163609361,0.1674632951737422,3.336309104519162,0.0008489871149321,0.0018853443385311
3297,Pik3r3,53.14617545807636,0.5396572922915036,0.1003863372035094,5.375804191336084,7.624161362380538e-08,2.701749420573675e-07
3298,Mast2,37.078020157297566,0.8277870639678523,0.1106795976533964,7.479129681697481,7.481641860519498e-14,3.999967987060989e-13
3302,C530005A16Rik,158.03021508975428,0.8299259145805247,0.0565010939694831,14.688669834052725,7.619484315793086e-49,1.3596892011692803e-47
3303,Ccdc17,79.48366178575031,0.52853751834115,0.0845262662630046,6.252938189610767,4.028015892884472e-10,1.698214607877619e-09
3304,Nasp,46.54939297572369,0.9952475521691876,0.10520542853084,9.46003990542598,3.0782570653203107e-21,2.3436029411546196e-20
3320,Armh1,30.39444385382516,1.854695933640302,0.1410298171933789,13.15109081576102,1.6773699397339597e-39,2.3467076404853986e-38
3321,Tmem53,20.99027480886452,0.7255703907789982,0.1521215482018988,4.769675298176735,1.8452310752101477e-06,5.705339646972253e-06
3322,Rnf220,34.605599073531366,0.9307010593065572,0.1218013762455785,7.641137464900705,2.1531103095633132e-14,1.1792544031833145e-13
3324,Eri3,13.400258788492694,0.6284685289142296,0.187854221020092,3.3455118841700737,0.0008213083947571,0.0018296867780271
3333,Artn,11.380409774168564,0.8718515099557794,0.2034095034296674,4.286188674843495,1.8176462922775423e-05,5.050365166722221e-05
3334,St3gal3,1102.4265049056464,0.7134155115284733,0.0335027299524298,21.29425012652536,1.2834391643372475e-100,5.4083817122722366e-99
3339,Cdc20,185.21882477321645,0.5720006782180701,0.0577993627553164,9.896314612317369,4.318981701547488e-23,3.5426994369916734e-22
3361,Cited4,102.80147564438673,0.6610986842411828,0.0687074392728333,9.62193746758626,6.460267216262974e-22,5.059433635378722e-21
3389,Fhl3,45.57049854750951,0.5771369435722019,0.0981550018363008,5.879852608374751,4.106319637457764e-09,1.6188304287615278e-08
3397,Cdca8,100.4353628901603,0.5323670689032121,0.06744896768728,7.892886832182151,2.952753492864664e-15,1.6836567682822702e-14
3401,Snip1,132.25952843057345,0.9635702327497738,0.0655877431081457,14.691315588660672,7.327717693790702e-49,1.3102978223825336e-47
3406,Mrps15,399.307119291751,0.5267888325334957,0.0413790860226983,12.730799134725402,3.987370318419983e-37,5.2272212989901545e-36
3426,AU040320,161.96644427131758,1.7615375296036735,0.0606653157855792,29.036979479836624,2.247030316742556e-185,2.471450703093951e-183
3440,Trim62,129.34654216773865,0.7052059868276832,0.0621654216515154,11.344023222120176,7.940797125624147e-30,8.416282432297883e-29
3442,Ak2,40.97636269382229,0.5102266826912735,0.1188190973695631,4.294147102500829,1.753661768460986e-05,4.879560382950792e-05
3455,Zbtb8b,492.0446842519804,1.2537496748598067,0.0383742349347454,32.67165265944143,3.9480990427313526e-234,6.703335539736493e-232
3463,Khdrbs1,25.505412206135883,1.225657475609318,0.1472857460757613,8.321629949030237,8.676182496723117e-17,5.391936016442569e-16
3466,Adgrb2,1367.895325069773,0.7044182015322571,0.0349981317727465,20.12730868339652,4.254846309886883e-90,1.5731237265814338e-88
3469,Serinc2,80.0585505045644,0.5556862627485233,0.0860573867368929,6.457159388855803,1.0668651810385417e-10,4.691309601710338e-10
3472,Snrnp40,39.555135003754295,0.7996970792391872,0.1216519828826873,6.573646070449664,4.909786026014594e-11,2.2203862948782834e-10
3473,Nkain1,23.08654254080076,1.3799653068244242,0.1542144267004459,8.9483541608266,3.608217629272457e-19,2.5069729797662585e-18
3475,Sdc3,31.677324542723102,1.0428202827054265,0.1235452813590351,8.440794105886445,3.151889226221681e-17,2.0036437218525899e-16
3476,Laptm5,130.20200331749945,0.5768809473767929,0.0663350563973265,8.69647180099544,3.423626956449124e-18,2.2756513954535265e-17
3477,Ptpru,154.73244029908943,0.8408590092295435,0.0587548887704416,14.31130288604276,1.85995790632926e-46,3.1126262072618284e-45
3480,Gm12992,168.93873028167536,1.075334739679528,0.1134874331084919,9.47536401366597,2.6583221205017656e-21,2.0291897530918758e-20
3488,Trnau1ap,16.53346517856644,1.9877004361661408,0.1989483052179375,9.99103980297152,1.668225206498944e-23,1.395213888630011e-22
3499,Xkr8,19.91400882543985,1.5017702758443832,0.1649736292727553,9.103092915301428,8.779525902961905e-20,6.284746172369945e-19
3519,Sfn,346.50318623783966,0.5495112446146163,0.0425427054809107,12.916697196448562,3.623649452749885e-38,4.904828299511609e-37
3526,Dhdds,255.8896225188909,0.672832410979453,0.0578147760880474,11.637724064775092,2.649926689412241e-31,2.9145860342415896e-30
3535,Grrp1,37.8488130019603,1.2692765550264138,0.1230481516249519,10.315283393245444,6.010372745032889e-25,5.3518023709335634e-24
3536,Pdik1l,12.073828749541285,1.1322708906069268,0.2002095103327918,5.655430097825251,1.5545649025956782e-08,5.843987750772403e-08
3537,Trim63,301.57931578665523,1.2010294219200222,0.0568940599936853,21.109926450201005,6.4472942218902776e-99,2.66549128492712e-97
3538,Slc30a2,1781.189233865195,1.370101715346817,0.0415041810286574,33.011173365902586,5.6153320838043225e-239,1.0083925077882306e-236
3541,Stmn1,20.81971615516308,0.8504113905228148,0.2047106208292404,4.154212356339764,3.2640993604742326e-05,8.803604197404901e-05
3543,Mtfr1l,104.2197568419199,1.0131266938094652,0.075522778775068,13.414849271196616,4.949383588731976e-41,7.237025100313112e-40
3545,Man1c1,64.8420538045461,0.7937227694802557,0.0835451106668799,9.50052927268326,2.088261838572281e-21,1.601733466357546e-20
3547,Maco1,66.08199826021686,0.6185471259982195,0.0860801178711602,7.185714207827008,6.685676366712298e-13,3.387977638396543e-12
3551,Syf2,267.59287194713073,0.6300645939661372,0.0505544275623926,12.463094220353527,1.1867504119600296e-35,1.4824208003112143e-34
3562,Cnr2,173.30920790060682,0.5608837504720595,0.0608219079510173,9.22173883337834,2.92320726841522e-20,2.1425418570848852e-19
3567,Pithd1,81.97263259178327,0.5106325100762487,0.0804636992236161,6.346122723703681,2.2080911398993267e-10,9.513905400880396e-10
3577,Luzp1,1188.7710206980264,0.7337255702458124,0.0346565839152546,21.17131832843025,1.755768934638403e-99,7.310687411656284e-98
3578,Kdm1a,54.74745369102212,1.2155852645793457,0.1042971841496792,11.65501518080135,2.163418682533731e-31,2.3854896544861216e-30
3581,Cdc42,66.63565466206009,0.6611886514625441,0.0889696328571579,7.431621669430648,1.0727426235603745e-13,5.679722373849176e-13
3582,2810405F17Rik,17.401302722543218,1.0269249646049834,0.1788055922665197,5.743248584050403,9.287722386528974e-09,3.5603614444458286e-08
3586,Rap1gap,29.760504555009792,1.186619263605623,0.1327687580790231,8.93748861384509,3.9811471179229864e-19,2.7595045897042085e-18
3595,Mul1,330.28843713008604,0.5329281799628464,0.0415204243608601,12.835325942988645,1.0396450420481617e-37,1.394272430624099e-36
3606,Iffo2,48.39718029198635,0.7197758952533603,0.10266654446477,7.01081251936312,2.369380571525027e-12,1.1639249279446535e-11
3608,Igsf21,16.097094323580578,1.0505326695165986,0.1910164765845559,5.499696614137716,3.8044527340296194e-08,1.3881132779618189e-07
3612,Padi3,39.12362898341444,0.7140198529565857,0.1091271142502765,6.543010487008972,6.02926005559295e-11,2.707052627784583e-10
3615,Mfap2,80.79184774336171,0.7766580677940665,0.0795985331496171,9.75719070518829,1.7184961280303585e-22,1.378580747109858e-21
3631,Tmem82,226.02656227222505,1.1795846970574209,0.0532158369474168,22.166046138163374,7.305272849902987e-109,3.4528273405163086e-107
3634,Dnajc16,1079.5188406791783,0.6316109006689038,0.0320898945457014,19.68254834148436,3.0430941838013108e-86,1.0622281653955551e-84
3641,Prdm2,13.074005200529667,1.1535541029036438,0.2002359265234431,5.760974680877703,8.362958575178904e-09,3.217145172959276e-08
3646,Vps13d,16.066062769006034,0.7860796829516421,0.2083206751883899,3.773411747253456,0.0001610301985047,0.0003967450142928
3649,Zfp990,198.59032011268573,1.223866986518852,0.0607597601816365,20.14272246730726,3.11721530149422e-90,1.154954686282435e-88
3664,Zfp991,28.433028381142112,0.6733406270790248,0.14027618434717,4.800106519953319,1.585812604872529e-06,4.938554997384087e-06
3675,Miip,20.73949857249387,0.7660163245337025,0.1508075083859059,5.079430943010609,3.785670995300275e-07,1.255286582590277e-06
3682,Agtrap,52.705730679428974,0.6977918690177696,0.0954083090322659,7.313743174944908,2.598014850231882e-13,1.347792456269806e-12
3687,Disp3,27.33295908985517,0.6080630451237,0.1327455249852717,4.580666995675865,4.634953479317971e-06,1.3754635405788678e-05
3702,Ube4b,12.334852093219729,1.4089659595801196,0.205870739365385,6.843935004670323,7.704688883176641e-12,3.6894742384718806e-11
3710,Slc25a33,23.245650810132883,0.8310723184558546,0.1485618798434488,5.594115525002912,2.2174927318124397e-08,8.238689801133618e-08
3724,Per3,38.726943434919214,0.7382059310527369,0.1282468556096378,5.756132792056232,8.606269518836849e-09,3.306380521648041e-08
3741,Nphp4,112.89863924017152,0.7996224783902068,0.0676116743126977,11.826692453910052,2.841179855885884e-32,3.209725666649376e-31
3743,A430005L14Rik,86.25055154600405,0.5679164444773115,0.0719583758383014,7.8922910343819295,2.9668884644808655e-15,1.69116510648114e-14
3750,Tprgl,223.14572028952665,0.5916517558654741,0.0458939142255019,12.891725751662085,5.010977593006549e-38,6.766947964980581e-37
3770,Cdk11b,53.66571168047516,0.7233300639798137,0.0977277595020576,7.40148006733526,1.3467489627755658e-13,7.100375598739551e-13
3779,Mxra8,53.58983797815005,0.5070211496352918,0.0925513439153011,5.478268906600587,4.295070597428231e-08,1.559256338366585e-07
3792,Plekhn1,11.328218467043085,2.6218309378957545,0.2662535749720856,9.847120130389351,7.053610925825341e-23,5.734707013985754e-22
3795,Cdk6,61.04096924375608,0.5736160782464188,0.098590389290759,5.818174391772936,5.949381475375762e-09,2.3203118474882097e-08
3797,Gm42435,14.228393415666652,1.1121159372877365,0.1860488712609974,5.977547349522008,2.2652209948823556e-09,9.085822192317116e-09
3799,Gm43017,74.9019820765701,0.6188303710307208,0.0804603871569625,7.691118485715257,1.4585428074141323e-14,8.059082659102162e-14
3816,Gm10484,13.186853372246658,0.8685116697979087,0.2048821147892425,4.239079973824589,2.244376991595346e-05,6.165514424916653e-05
3820,Gm8773,20.69300034961652,1.3856459359084008,0.1582817083195138,8.754302380356421,2.053698076380157e-18,1.3824123156172513e-17
3828,Slc25a40,73.97324827279559,0.8245929443219413,0.1003304665743503,8.218769158328122,2.0560235934626046e-16,1.2501996037021573e-15
3853,Tmem60,52.43534698139143,0.7465333773075815,0.0954872360535758,7.818148353238725,5.360599322618654e-15,3.030913706885064e-14
3854,Rsbn1l,145.47679522768777,0.7685158904458269,0.0702783089140818,10.9353213291653,7.8128704285949005e-28,7.758743785080501e-27
3856,Gsap,44.8310598762021,1.1903879149082108,0.111223000921963,10.702713512858896,9.884060618116816e-27,9.445489185225512e-26
3861,Armc10,30.67737969928477,0.5086595958868683,0.1275814868113103,3.9869389250743135,6.69312461282221e-05,0.0001737668694017
3865,Psmc2,81.83202155608663,2.1221381221802176,0.0926896436741602,22.89509418808804,5.199638613546735e-116,2.747168582287169e-114
3882,Kcnh2,11.045019377647742,0.9684564240982432,0.2242539779238282,4.318569655104161,1.5704365971059556e-05,4.396317466013919e-05
3886,Slc4a2,53.02452029146122,0.81670010847488,0.0956658213641631,8.537010364088289,1.3773920449174697e-17,8.881943982860144e-17
3893,Chpf2,74.74529226127221,0.6746805918185945,0.0786492136883033,8.578351393218473,9.62425525112107e-18,6.247549214239243e-17
3903,Actr3b,105.58770214398038,0.6260086437532123,0.0674368977020097,9.282880219659877,1.6495791344468862e-20,1.2202977962439568e-19
3918,Garem2,39.084044799121486,0.5948032589309542,0.1136607337702704,5.2331463927829525,1.6664864926885257e-07,5.727892253171568e-07
3920,Hadhb,15.522970501686004,1.3638892906677356,0.2053983783525671,6.640214502212936,3.132269816109026e-11,1.4369657540428814e-10
3923,Slc35f6,98.14886938360202,0.691132819439016,0.0779371162443453,8.867826431660667,7.458746863877675e-19,5.123274358031924e-18
3925,Dpysl5,149.0652130254022,0.5218851389602525,0.0701450880927793,7.440081025630286,1.0062356257430854e-13,5.343774255388727e-13
3929,Agbl5,34.735751513719016,0.974785581529618,0.1258001661204839,7.748682784695419,9.28506450083328e-15,5.169602291963464e-14
3934,Preb,92.67325662619328,0.8153821687039144,0.0827779245696268,9.850236919362166,6.838258991163003e-23,5.567387022228054e-22
3945,Gm9970,173.9748608178617,1.653310333058061,0.0681445286054145,24.261820675749657,4.9614788364460964e-130,3.1323589130602644e-128
3976,Fgfr3,200.02065328810656,0.6440829074673572,0.0481853670553855,13.36677391555473,9.455364749792799e-41,1.3643186365047564e-39
4003,Trmt44,15.587914096202471,1.661771908260435,0.1941491715747547,8.55925314942995,1.1360102562548104e-17,7.347095917671645e-17
4014,Bloc1s4,180.5090011308488,0.8355575168721311,0.0801041429700737,10.430890162376352,1.792015338626943e-25,1.6246119358168991e-24
4025,Wdr1,77.65397245092169,0.5931493629186648,0.0771742993343888,7.685840597639966,1.5199566094392414e-14,8.38517387566986e-14
4033,Cpeb2,121.46986897803298,0.6253614994913492,0.0660887470845431,9.462450524162069,3.0080941446115857e-21,2.292180845358057e-20
4035,Fbxl5,34.740532433731914,1.3928761684874873,0.1508145513709816,9.235688173492068,2.566309791000764e-20,1.8849065781193348e-19
4042,Tapt1,321.1733957100626,0.904437551809937,0.0406552476739346,22.246514375309044,1.219068503989963e-109,5.873022037954952e-108
4044,Gm42984,23.671740367101183,0.9555994981114904,0.1668174155472206,5.728415675166668,1.0137292161850386e-08,3.8733005314931083e-08
4054,Slit2,65.09562016711763,1.867095293671449,0.0973575112618324,19.177722082994705,5.681550033111133e-82,1.864145346698827e-80
4055,5730480H06Rik,106.34516522749033,0.6670796850693785,0.0672417916456281,9.920611404659828,3.3867516498002325e-23,2.791117476517741e-22
4056,Kcnip4,26.134820753444227,0.6154865328941791,0.1291887445108427,4.7642426995063945,1.8956423303769516e-06,5.853668079982039e-06
4060,C130083M11Rik,25.694366215309355,0.9353379148422254,0.1438641388113615,6.501536258932918,7.950386761941549e-11,3.53872139711972e-10
4067,Sel1l3,30.844170795081563,0.5090776464627383,0.1303508677009202,3.9054411791931978,9.40536348752338e-05,0.0002394540641575
4077,Pgm2,144.14400486906536,0.5418957772002715,0.0803300825640958,6.7458635657182295,1.5211951300497498e-11,7.135906768859985e-11
4079,Gm31363,25.96042624132052,1.0489397144994284,0.1411118049854859,7.433394495997819,1.0584562103111149e-13,5.61087669170075e-13
4082,Klf3,516.2814966163925,1.0081732338296028,0.039960604675469,25.229178637742137,1.9171278440826115e-140,1.3410692694926682e-138
4083,Fam114a1,32.37433712141372,1.0352679300159688,0.1248063477309167,8.294994195712006,1.0859050743813803e-16,6.715101817815269e-16
4087,Rpl9,73.39943034804845,0.8540934940205024,0.086011806575551,9.92995645627189,3.0839018439910964e-23,2.5451286195241293e-22
4089,Ugdh,78.54305231794824,0.8815051059001551,0.0832872310154554,10.583916587844971,3.5385048896591584e-26,3.3038640421975103e-25
4090,Smim14,34.98025540400432,0.6403889369817454,0.1245867443949872,5.140104913179763,2.745851095378875e-07,9.236284661662968e-07
4096,Chrna9,381.59364639158434,0.5718059225900948,0.0415809448105226,13.751633715773355,4.979229881883139e-43,7.645019506090634e-42
4103,Limch1,30.914777377383245,1.1190215809838269,0.1279162918872551,8.748077078173344,2.170190182637504e-18,1.4569015705936528e-17
4110,Gm15478,19.65392000686125,1.4754772073677702,0.1789755564780932,8.244015196278324,1.6652599396546702e-16,1.0168319072863436e-15
4112,Guf1,34.71117171129305,1.349057830726323,0.1203873313127825,11.20597837011013,3.811193968889585e-29,3.934474703860022e-28
4115,Gabra2,155.7683717929643,0.7710373231504443,0.0551253149455242,13.98699170993211,1.8716280231146125e-44,2.991867538229282e-43
4118,Gabrb1,46.86320584873052,0.802022396948442,0.112132703890099,7.15243964628287,8.524901710844891e-13,4.2951161371148216e-12
4119,Commd8,44.96138937220176,0.5749216522165507,0.1050205127925456,5.4743748333454985,4.39058841630736e-08,1.5923394903439053e-07
4124,Gm10135,18.04201618280492,0.6738428459894612,0.1703419854608004,3.95582359901827,7.627142737650486e-05,0.0001965568408429
4129,Sgcb,27.387833727022667,0.6802647267064109,0.1326680370607668,5.127570602366149,2.935049262025671e-07,9.842404888649076e-07
4143,Tmem165,31.280436573081037,0.7468317696829638,0.1399428338352421,5.336691770599885,9.465775000786702e-08,3.328055352106109e-07
4147,Cep135,22.749355691746143,0.6478533656111813,0.1464710650209664,4.423080869374748,9.730329874934902e-06,2.7895739156206816e-05
4149,Aasdh,13.468936396247358,1.2752552232436132,0.2001267521202994,6.372237643056519,1.862899248045289e-10,8.07194798062835e-10
4152,Srp72,20.216962703716828,0.5977222405445828,0.1535715782032116,3.892141029856803,9.936345422956464e-05,0.0002522746933168
4153,1700112J05Rik,26.957707362933203,0.9638843503166364,0.1372171357189286,7.024518805661619,2.148052452878232e-12,1.0572795186021536e-11
4157,Noa1,33.75575500349384,0.9764653017408104,0.1198290802927817,8.148817460294152,3.6750019077848223e-16,2.202482294836908e-15
4159,Igfbp7,29.41985340691483,1.0484174104006354,0.1296083222291631,8.089121071615347,6.009681183007852e-16,3.558154513933998e-15
4189,G3bp2,484.90517896064347,0.9901775011838284,0.0490826079256196,20.173693758985976,1.6670996629995875e-90,6.216255630391639e-89
4224,Enoph1,44.03171620505291,0.5301561986879934,0.1211615785478304,4.375613169142608,1.2109159626187704e-05,3.434955126403416e-05
4225,Tmem150c,198.05191913993795,1.1223632935904448,0.0558816300543606,20.084655592519937,1.005180248796878e-89,3.685239453031405e-88
4243,Arhgap24,32.388355904202854,0.8089494180495729,0.1261504794125597,6.412575059695197,1.4308193787985587e-10,6.243056211683932e-10
4255,Gbp4,48.31327097578103,0.7139613656404334,0.1004536492285532,7.107371122138336,1.1827409052381778e-12,5.909649414515786e-12
4270,A930041C12Rik,20.393082316915898,0.5813309499178366,0.1580635344866274,3.677830891267453,0.0002352258224762,0.0005667717254705
4276,Tmed5,117.48580136963191,0.8441176549950119,0.0690095644503737,12.23189367615897,2.0998546085325404e-34,2.5378201378035288e-33
4285,Idua,22.25969226419012,0.7885260827812145,0.1620910105281817,4.864711992427972,1.1462359289521218e-06,3.628121977468725e-06
4297,Gm35315,102.64263291697034,0.8921234387526502,0.0698861425586215,12.76538389573188,2.5588596587336136e-37,3.3773085065610136e-36
4304,Gm43138,52.34367016896426,0.5016528505044383,0.0928959920821003,5.400156015999958,6.658296574456157e-08,2.3714926780873585e-07
4309,Pole,109.31572440875917,0.5155881040527539,0.0709922276345732,7.262599318712771,3.797215054732596e-13,1.953683344429645e-12
4331,Asphd2,92.61237057092325,0.8093394786315513,0.0719986449715786,11.241037646625664,2.56351264171358e-29,2.6621561210384252e-28
4332,Grk3,126.20981918359014,0.9694824591850149,0.0658846126515643,14.714854048124945,5.175778154233107e-49,9.293019338935171e-48
4337,Ficd,133.8711210574268,0.5787959789595535,0.0613890097953586,9.428332219219378,4.166610334364307e-21,3.1516298238478805e-20
4347,Kctd10,114.805915815325,0.5973487860510451,0.0661204365973401,9.034253504537125,1.6512557920412705e-19,1.163932337413049e-18
4353,Tchp,110.08529169297437,0.5781946524031945,0.0643924387927259,8.979232084443275,2.7266307961759835e-19,1.9050467184788494e-18
4356,1500011B03Rik,83.50278398689937,1.4094998367252516,0.0870934537436587,16.183763258187216,6.565586196043375e-59,1.4552467857592717e-57
4360,Hnf1aos1,35.773678247196564,0.5954458710129138,0.1170664252204725,5.08639321557401,3.649370387868263e-07,1.2121593417481516e-06
4364,Unc119b,44.02119265904985,0.6787492698660613,0.1044191001906237,6.500240555865366,8.019167653750037e-11,3.5684275808850035e-10
4382,1110006O24Rik,22.06611344826505,0.7042745091156286,0.1549907282331882,4.543978321438857,5.520233757030472e-06,1.624122610076529e-05
4383,Rab35,23.374098639885958,0.5259366101007813,0.1432565992990437,3.671290625871308,0.0002413287316427,0.000580756413784
4387,Prkab1,49.6076606091641,0.8422301014225272,0.0967146474520242,8.70840274571977,3.0818659432323742e-18,2.0539508999713318e-17
4417,Iqcd,69.0518074686333,0.5794103322697809,0.0847591645828385,6.835960867730119,8.145717869548959e-12,3.887890668741053e-11
4418,Rita1,24.472676620932404,0.6567758304476589,0.1425333383109849,4.607875169629993,4.06804755589699e-06,1.2142347782475944e-05
4423,Ptpn11,630.9163591860878,0.5758480811246699,0.044251421196906,13.013098010170394,1.0307692502430055e-38,1.4193773738779275e-37
4424,Rpl6,13.068505630590971,1.1869913088794948,0.2081530532716687,5.702492902327528,1.1806782918525332e-08,4.490583290108113e-08
4430,Tmem116,22.383828817621303,1.8888464674452372,0.1644646777194464,11.484815424424102,1.5727098570718935e-30,1.694611828741422e-29
4432,Mapkapk5,164.1904542450574,1.6830919228328616,0.0650862114204712,25.85942377195253,1.9062795276023485e-147,1.4307732351377627e-145
4434,Acad12,45.662249628530695,1.0640888992003046,0.1052234005025021,10.112664047338036,4.854592370716745e-24,4.175952355095644e-23
4436,Brap,18.774296237121245,1.0052302934141724,0.1584008853229387,6.346115372807203,2.2081965932166928e-10,9.513905400880396e-10
4437,Atxn2,111.43174279278554,0.9309171374980444,0.0765172832192055,12.166102850661428,4.710402026970601e-34,5.63058856101585e-33
4446,Vps29,31.146283933407407,0.8869228732822967,0.1222607383343737,7.254355612155971,4.035785280418381e-13,2.0733787598107125e-12
4453,Ift81,924.5814359893916,0.5747572655536964,0.0373951829888145,15.369820913180591,2.608892942547468e-53,5.214207974773728e-52
4459,A930024E05Rik,19.687878085697395,0.5434039473678033,0.1531219840294981,3.548830370844198,0.0003869462613182,0.0009055153509881
4483,Hip1r,40.12448115696116,0.8426931070628674,0.1186431652278075,7.1027530784837625,1.222957960733655e-12,6.105363636114804e-12
4488,Arl6ip4,483.2714095224846,0.9131092699462092,0.0439193135820354,20.790608856867557,5.263875901352831e-96,2.101704606457952e-94
4498,Tmed2,25.73586850877841,0.7925081682639201,0.143983027194747,5.504177705556906,3.70895292351251e-08,1.353833619836919e-07
4500,Eif2b1,110.83207582762697,0.5524270904124853,0.0679967450085747,8.124316691083099,4.498896874248739e-16,2.6824653439093738e-15
4505,Ccdc92,15.017563919816537,1.2961673829435445,0.1871547579065567,6.925644837684002,4.339940424329191e-12,2.1105917169262757e-11
4533,Psph,16.547043336400563,0.9551111062354392,0.1860421622679188,5.133842214003008,2.8388612207758255e-07,9.53630523029728e-07
4551,Auts2,237.7713698205304,0.9466231192838176,0.0533035017777269,17.75911690063424,1.4652174084742308e-70,4.028887113112791e-69
4567,Abhd11,81.21628028348893,1.493300514529998,0.096659106560277,15.44914460386378,7.645129380305918e-54,1.5402997995713121e-52
4578,Pom121,532.4026391828712,0.675425511815778,0.0386599895260666,17.470918127392927,2.386236432516147e-68,6.322803444218543e-67
4582,Tmem120a,68.0944480801221,0.837193533929363,0.0929380115922231,9.008085277342191,2.0968528733895602e-19,1.47209004615964e-18
4588,Ssc4d,202.75948099750235,0.7611965018300003,0.0632479909960597,12.03510957173994,2.323253665422941e-33,2.7249537291023737e-32
4591,Upk3bl,91.20569184928011,2.6309143472957914,0.1012468237615503,25.98515439350417,7.28824042945259e-149,5.51760816581242e-147
4592,Rasa4,22.07126931109396,0.800229812765691,0.1431011889708734,5.592055653210318,2.2439686424182503e-08,8.328209596479279e-08
4621,Gnb2,81.6890193897481,1.0466365515794362,0.0935882519782168,11.183418104903234,4.9159361035579923e-29,5.051109904760411e-28
4623,Mospd3,638.3213057834715,1.2420155194097275,0.0393089304166021,31.59626848776231,4.154593656861728e-219,6.1572486331523635e-217
4650,Gpc2,224.3988845809931,0.7320287314504454,0.051470111278621,14.222404289895234,6.652737901412368e-46,1.1017337160975333e-44
4654,Zfp68,10.409153486963216,0.7676365309980647,0.2172450733116043,3.5335048997728444,0.0004100884884682,0.0009553253611739
4658,Gm15672,12.119188661578969,0.969027733143751,0.2013932985203291,4.811618560614295,1.497128795510349e-06,4.68117081635705e-06
4661,Get4,570.6989814718062,0.824548051992162,0.0335498153229278,24.576828338863223,2.235193002705483e-133,1.4477427863449442e-131
4664,3110082I17Rik,70.4171605251592,0.5598271985881315,0.0838390104045949,6.677407043409585,2.4320677219929647e-11,1.1254829405189987e-10
4673,Mad1l1,58.16364012683386,1.416594340173921,0.1010259827319502,14.022079289567866,1.1421847481956414e-44,1.8358940143791707e-43
4674,Gm16122,106.19926894550242,1.2285887748287412,0.0723922254411874,16.971280649838086,1.3397811942765412e-64,3.309335243715841e-63
4688,Sdk1,885.8481852139404,0.9445414742343384,0.0412572539876594,22.89394913478396,5.338017870160832e-116,2.8117848347401397e-114
4722,Rsph10b,24.956616932557267,0.8836670608267954,0.1385749334566442,6.376817500715358,1.8080569777377877e-10,7.842088399473817e-10
4733,Smurf1,74.3087470408585,0.5699860731379084,0.08209859978834,6.942701515097703,3.8467164521553156e-12,1.8748990333136056e-11
4734,Kpna7,64.48677630818095,0.9802838894845576,0.0851426480639713,11.51342965922352,1.1289742371999451e-30,1.2225078303500087e-29
4735,Arpc1a,23.71188683031912,0.8715111955456454,0.1493010375382947,5.837274877089238,5.306151687561783e-09,2.0777872976283132e-08
4739,Ptcd1,81.41593879025278,0.6685655523217882,0.0769251584458254,8.691117000332547,3.588931974950003e-18,2.384621670893832e-17
4759,Flt3,27.922418959882634,0.808872481982071,0.1275168209886295,6.343261035767171,2.2495179014303527e-10,9.687163028863334e-10
4766,Slc7a1,57.895554218389634,0.5099911686687811,0.09094494553006,5.6076911772981815,2.050434685495796e-08,7.647259923214006e-08
4777,Gm20005,209.13721276965643,0.5590193349749973,0.0488335493374188,11.447444278776755,2.421807194528589e-30,2.5919561944869015e-29
4784,Gm43597,25.137567060829703,0.5305686202119141,0.1319891215468442,4.0197905251124055,5.824991028628419e-05,0.000152404911892
4808,Sem1,341.2688704132808,0.744986774684306,0.0393635794860574,18.925788366075285,6.993529507195319e-80,2.2116246658559083e-78
4816,Glcci1,65.76817152453619,1.0248312510538522,0.0905464844981188,11.318288686018985,1.0653119540876252e-29,1.122976217786883e-28
4830,Cav2,10.630801783853036,0.7634746567273709,0.2144515776479802,3.560126090471601,0.0003706767661642,0.0008693033775889
4851,Pot1a,118.06623419719146,0.9409233952697764,0.0685588641329928,13.724314239578712,7.261290478348772e-43,1.1090432129726055e-41
4854,Zfp800,119.84064560409816,1.3971539401372155,0.0749687116268819,18.636493942844147,1.6255189300974679e-77,4.9784719876610364e-76
4885,Lncpint,156.4504864941446,1.0154270041063558,0.0576788240382672,17.604849284594753,2.2610868377315672e-69,6.074022522004554e-68
4913,Slc13a4,446.7486207921961,1.413898851097945,0.042831165500309,33.0109824139094,5.650872927907514e-239,1.0083925077882306e-236
4929,Klrg2,59.30458585089183,1.0101482431788888,0.1177997583916808,8.575130008502859,9.897493049798457e-18,6.417773765475542e-17
4930,Hipk2,35.91280765418158,1.3996593479447836,0.1353406152121972,10.341753994174562,4.5611178886604165e-25,4.0884074647305675e-24
4934,Kdm7a,26.07796376585237,0.688449202425157,0.1325027704144488,5.195734400660387,2.0391321896878666e-07,6.954045189793568e-07
4935,Gm49041,10.442192906700669,0.6953246588883399,0.216026936660974,3.218694250058088,0.0012877571521731,0.0027813137059655
4936,Slc37a3,326.21390972043173,1.5370724322886198,0.0541867207693968,28.366219812967827,5.281018222329393e-177,5.130802592894245e-175
4967,Zfp282,110.57034957961828,0.5301050196129885,0.0650046869568034,8.154873816487276,3.4954463202508233e-16,2.0991883670517306e-15
4991,Osbpl3,242.4963771791788,1.817645245883764,0.0596002518163806,30.49727460017543,2.8319881158117263e-204,3.7237449751365023e-202
4996,Hnrnpa2b1,46.841807115809246,0.6700423881293048,0.1003639918928852,6.676123333599725,2.453455190063027e-11,1.1344797557858861e-10
5010,Hibadh,23.98307916490849,0.5132280436448393,0.1424103134586723,3.603868506291708,0.0003135157129179,0.0007416154183023
5011,Tax1bp1,73.22693679635964,1.2972407008888085,0.0875869366699186,14.81089247107258,1.2457522689436549e-49,2.283617995732352e-48
5027,Adcyap1r1,45.558960681366905,0.5958612951035703,0.1040204803921846,5.728307472307535,1.0143758848397508e-08,3.874924743136208e-08
5030,Avl9,31.41897060798972,0.9986910061849064,0.1337152996044227,7.468786362812544,8.093781862685415e-14,4.3193181939164653e-13
5035,Abcg2,67.0711828836134,0.5014543874697923,0.0952136542956834,5.266622641249952,1.389564281212434e-07,4.812972895591809e-07
5045,Smarcad1,28.44664065951643,0.747619907907667,0.1297744316192138,5.760918376443712,8.365749128907175e-09,3.217510903152159e-08
5046,Hpgds,14.082739018223773,0.7700908248464128,0.1807587478348996,4.26032396257687,2.0413080669649745e-05,5.637775659362519e-05
5049,2610300M13Rik,31.77455244966485,0.7676449801581273,0.1225328515765624,6.2648095615278985,3.7328131429670245e-10,1.580233266623271e-09
5070,Reep1,13.692039289887132,1.167505619822164,0.1980952722474262,5.8936571609034605,3.777404892783612e-09,1.4928645596610128e-08
5077,Gm45051,23.265988114143465,1.1360746638206525,0.1462043926176059,7.770455069650527,7.820465012670608e-15,4.380662784804087e-14
5078,0610030E20Rik,56.183430103895525,0.6996564006203262,0.0939355934107632,7.448256568315445,9.458175119756672e-14,5.032082947803609e-13
5081,Vamp5,114.73973639943983,0.5784020083508548,0.0625022188085713,9.254103604263316,2.1603546315616127e-20,1.5914187782961032e-19
5095,Suclg1,22.162410457165567,1.259095772293164,0.1531406587570637,8.221825493715185,2.0042868313535183e-16,1.219588312689991e-15
5096,Ctnna2,13.691302963347695,0.7177702488151962,0.1913775184085859,3.750546327404955,0.000176449699435,0.0004321176787171
5099,Mrpl19,69.60701497556904,0.5730002778680877,0.080476372293897,7.120105709729436,1.0784431829890721e-12,5.394683748316045e-12
5102,Gm44145,2279.8662862011006,0.7692420071481334,0.0253535362454565,30.34061993170617,3.340824846893363e-202,4.1143904874979674e-200
5103,Hk2,38.75150330198144,0.7431945484401343,0.1146792429830722,6.480637028183355,9.133615963490546e-11,4.0447879455437484e-10
5104,Gm17034,79.13967279521931,2.0437658534252594,0.0922444183896265,22.15598395116657,9.134303041676809e-109,4.3056790186750396e-107
5115,Rtkn,46.16176760327287,0.6097693113674206,0.1059870396780146,5.753244106259413,8.754692730962334e-09,3.3611869699027285e-08
5123,Dguok,150.1264871139969,0.7926564879865043,0.0597525031422213,13.26566162592124,3.661746916801605e-40,5.2360286247773074e-39
5129,Paip2b,588.9293784686259,0.7096383931009346,0.0306151454679361,23.179324555036125,7.360868733224365e-119,4.010182941016439e-117
5134,Spr,198.39180219348748,2.0624960140947044,0.0786230921583752,26.232700310744505,1.1261674564306531e-151,8.753073990248562e-150
5153,2310040G24Rik,228.75126654356745,0.8610351199975528,0.0577638964702727,14.906112167150471,3.007625588759156e-50,5.595463435768098e-49
5164,Antxr1,104.20735463398243,0.7048516501030823,0.0738522950640186,9.544072387893747,1.373310672532367e-21,1.0626750903206208e-20
5170,Copg1,74.96440164579134,0.9610033223659614,0.0848531209204221,11.32549176673442,9.81266233278931e-30,1.0362550656752383e-28
5174,Gm5577,164.3272417458837,0.5421857534483343,0.0530194556082918,10.226165984313509,1.5139493791137131e-24,1.3271151249093038e-23
5200,Wnt7a,11.841096783812375,0.7288667944941428,0.1983288690413532,3.675041349336632,0.0002378108964161,0.0005725271140592
5202,Chchd4,16.37415805117536,0.5357124912749616,0.1730646199254059,3.0954477668853606,0.0019651598200194,0.0041152813953419
5216,A730049H05Rik,66.73339618754977,0.9802027613778516,0.086607399685663,11.317771517623724,1.0716140882148672e-29,1.1282593121433831e-28
5219,Magi1,97.83542911000288,0.9623083071592844,0.0729948605774409,13.183233717370577,1.095907176857808e-39,1.5381400247904772e-38
5221,Lrig1,45.37335680806766,0.5711572712217193,0.1012719694654766,5.639835723906064,1.7021247561012625e-08,6.386345791611003e-08
5222,Kbtbd8,10.670527667221847,0.6762092497813484,0.215573368799136,3.136793999872115,0.001708060915081,0.0036136667412214
5229,Frmd4b,39.13844763533572,0.8500764083599517,0.1096117691114497,7.755338822199113,8.810791686693209e-15,4.9149322174446845e-14
5237,Ppp4r2,31.164583026086444,0.5014057037213079,0.1252364298472603,4.003672927540551,6.236657486301668e-05,0.0001625919292195
5241,Cntn3,22.66492273135813,0.7746520119126681,0.14829574509123,5.223696819056474,1.7538585630694892e-07,6.016374764801732e-07
5250,Gm44040,96.25293196240912,2.043108232443432,0.089868221706341,22.73449049787164,2.043310879808717e-114,1.047900899298969e-112
5261,Mtmr14,68.07782302009736,0.5104447072181094,0.0836046792565621,6.105456198829261,1.025074646251941e-09,4.2002121400313836e-09
5275,Prrt3,82.20133645407408,1.7089434522841422,0.0894067000084799,19.11426606867331,1.9210347151845918e-81,6.244434033298912e-80
5289,Hrh1,31.028634238690376,1.2707265186994956,0.1318171873795484,9.640067004620752,5.415261733435845e-22,4.25054296204336e-21
5295,Tsen2,166.5443959018841,0.8642796032760557,0.0541263709043828,15.967809938760762,2.1417488763022815e-57,4.606999304892289e-56
5305,Gm20404,179.75137638079215,0.6661423849055642,0.0523150133743825,12.733292833902976,3.862012953318696e-37,5.0666828602878734e-36
5329,Erc1,20.540625934955877,0.51649570253175,0.160188964182375,3.224290169850403,0.001262853664605,0.002733265456264
5332,Ninj2,84.3898789849785,0.6012297899210576,0.0837803153371365,7.176265540439611,7.164134580063569e-13,3.6209938016228816e-12
5333,B4galnt3,57.604922609576015,0.6430901734362823,0.0909168592220078,7.073387476638792,1.511965325910784e-12,7.503192287039669e-12
5337,Slc25a18,43.03668365368776,0.577866206942911,0.1063807238885115,5.432057480155174,5.5707970920893256e-08,2.001686861443561e-07
5343,Pex26,41.24552417273883,1.2793999890989989,0.1297515587319952,9.860382423163236,6.181350783633464e-23,5.049017398607286e-22
5352,Dppa3,45.76299503217279,0.959325277015886,0.104283830040261,9.199175717323753,3.607060305468306e-20,2.636033038948172e-19
5355,Foxj2,243.41672771824472,0.6150196375489301,0.0452850134043965,13.581085469861424,5.185224719552093e-42,7.770283624295371e-41
5363,Phb2,73.38505518945452,0.6056640666082063,0.0857826686306613,7.060447946844627,1.6596670918445697e-12,8.215187688134118e-12
5365,Grcc10,19.22735923272379,0.9661725786673312,0.1735625257632315,5.566711906378645,2.5959104802305155e-08,9.593677615864595e-08
5367,Eno2,54.07193323422373,0.5708914329392589,0.1055465612904243,5.408906040703506,6.341088455614517e-08,2.2640456290687354e-07
5374,Ptms,78.73064485106326,0.769481093441014,0.0941339862188376,8.17431752706366,2.9754526561108463e-16,1.7949194912061558e-15
5379,4930557K07Rik,43.87729660559842,0.8271127141683882,0.1148364371099561,7.202528526520081,5.910607115939417e-13,3.0047877105682708e-12
5402,Tigar,60.58445917948421,0.7951332513958117,0.0873815469229302,9.099555677322954,9.070212990215505e-20,6.487520849606901e-19
5404,Ccnd2,63.23877855745038,0.6845883847764159,0.0938813754527761,7.292057465868456,3.052568970546844e-13,1.5770554256107296e-12
5411,Tulp3,62.42153965476802,0.5173947753395014,0.091639618845874,5.645972581026252,1.6425002364305493e-08,6.165280990490974e-08
5415,Gm15862,63.42314930154768,0.6442636988444349,0.085180413905547,7.563519232940472,3.923077776535237e-14,2.126682707875022e-13
5423,Clec2d,217.33301000674177,0.5177600658638235,0.0514754958767437,10.058379371489323,8.43758294607023e-24,7.152518204598941e-23
5436,Borcs5,459.63178184350136,0.7455485394747702,0.0654467181687355,11.39168716684292,4.5999548141450885e-30,4.9111117087771236e-29
5437,Dusp16,14.848911753786115,0.568887791757975,0.1794630446657917,3.1699439448238294,0.0015246834818469,0.0032524597134105
5439,Crebl2,107.6840916439692,1.3318571298743676,0.0704840819550644,18.895856949991398,1.2336805400258087e-79,3.89433308374934e-78
5463,Mgst1,305.37349386031,0.7122654637941015,0.0422830856782166,16.84516284394651,1.1385514007327029e-63,2.7387877436057092e-62
5470,Golt1b,485.8952071653444,0.5305671386708648,0.0372977146853044,14.225191627623005,6.39289925980349e-46,1.0597063720895112e-44
5489,Ints13,78.0350594262498,1.0498024349209951,0.1007815633192809,10.416611931243516,2.0823962077390792e-25,1.8849350352453944e-24
5495,Ppfibp1,353.7328428863803,0.5235813334157237,0.0380441782425172,13.762456112945596,4.287108320212245e-43,6.611371279001035e-42
5498,Mrps35,11.872136304274264,1.3567088057480363,0.2149653755444399,6.311289910349134,2.76719263203205e-10,1.1834840975538394e-09
5530,Prpf31,53.72889056464757,0.7354629307246777,0.0962309419342765,7.642686603098839,2.1273536119148145e-14,1.1655125302370386e-13
5539,Ttyh1,748.6907158267758,0.5338118437482673,0.0356541844930648,14.971926895484035,1.1202775571161225e-50,2.1043409150211327e-49
5542,Cdc42ep5,30.057296724059388,1.595758702127576,0.1382229829150203,11.544814534270689,7.841042319102275e-31,8.556447618193208e-30
5545,Eps8l1,24.336618414235414,0.7425109532449518,0.1372850088956542,5.40853629407789,6.35419117657321e-08,2.268260773543831e-07
5559,Tmem238,38.30431164459408,0.941745543990154,0.1419607697628938,6.633843600334653,3.2705637260755244e-11,1.4976595559468122e-10
5589,Zim1,37.25698277608112,0.7787493717459885,0.1169295290509178,6.659988952892097,2.738481679954817e-11,1.2622711549565064e-10
5597,Zik1,20.79277593619225,0.5243544744801911,0.1540874625313808,3.402966509188916,0.0006665845081192,0.0015068808011879
5602,Zfp110,1997.5723660006167,0.6406111869316741,0.0483209374867822,13.257424633098374,4.086912589452355e-40,5.8392097519887903e-39
5607,Zfp324,19.693044049790448,0.5022403070648996,0.1607336536600252,3.124674239827895,0.0017800206633709,0.0037563655558141
5608,Zfp446,12.282183364110136,1.6196792772279325,0.2165410996004128,7.479777650601919,7.444846389493767e-14,3.982730916471918e-13
5611,Chmp2a,21.446143502796417,0.664415102112209,0.1446544792631964,4.593118066557183,4.366718405979993e-06,1.2993903604522396e-05
5631,Ccdc9,468.3050155180957,0.8683353414929814,0.037628765108496,23.076370935620297,7.997456218539907e-118,4.303369672302336e-116
5650,Ccdc8,13.42175756743442,0.7416967361833908,0.1928343902885072,3.8462886991978382,0.0001199204550349,0.0003007124917767
5651,Hif3a,158.9111530377427,1.0950139332019784,0.0692597951941936,15.810239261200962,2.6446057106189227e-56,5.5923657396981535e-55
5656,Mypop,143.69080859769238,0.800713825440683,0.0750804886680727,10.664739130569602,1.4881607134157626e-26,1.4136314261930936e-25
5671,Vasp,26.827129644047204,0.7127093748225154,0.132526616029437,5.377858396868801,7.537706186036008e-08,2.672737343499548e-07
5672,Ppm1n,1615.6615833990006,0.5331068922102262,0.0250681905576842,21.2662693377688,2.3309849440349105e-100,9.775603045871107e-99
5676,D830036C21Rik,15.854901208469078,1.1923421066226036,0.1884008133231167,6.328752437908419,2.471512628146465e-10,1.0621362408683486e-09
5678,Cd3eap,1322.1817347980875,0.7364030980984275,0.0235057239861649,31.328671200762063,1.8995823874378496e-215,2.7229423599600915e-213
5684,Bloc1s3,1671.1173254791192,0.8549445997580235,0.0282978278609545,30.212375450119957,1.6291654542900482e-200,1.964885894112025e-198
5690,Clptm1,457.251390474006,0.7967947131923482,0.0440362349770723,18.09406988602006,3.5488451136133945e-73,1.0275199229614412e-71
5694,Tomm40,357.91547948005626,0.8528772965082151,0.046901321632124,18.184504547608636,6.847141718267017e-74,2.0158722957753128e-72
5700,Bcl3,54.2707663004637,0.6631479702529218,0.0938352931700986,7.067148701190815,1.581494588344868e-12,7.832675548279539e-12
5703,Pvr,122.02980239086646,0.5418874060852057,0.0784001055391763,6.911819854814173,4.784752393996129e-12,2.3217466666538376e-11
5709,Zfp112,276.2409995369933,1.3920469509531872,0.0457557271942938,30.423447212238592,2.690215474500216e-203,3.434050234894874e-201
5718,Zfp428,147.09469475763711,0.9137256476809058,0.058991589434724,15.489083383521498,4.1110995672077326e-54,8.359873166433585e-53
5724,Phldb3,76.63247414058394,0.7187065805385245,0.0842793285546813,8.527673308078384,1.4932052310174028e-17,9.61457035347288e-17
5725,Tex101,47.26090323943775,0.5775828568012876,0.1032350305487867,5.59483397961832,2.2083298253787518e-08,8.206390137319084e-08
5746,Ceacam2,20.715552678046997,0.548829257556225,0.1472447673552587,3.727326053170092,0.0001935220353249,0.0004716813036601
5753,Ccdc97,38.270088557608126,0.7184564456644624,0.1092848881458553,6.574160964557021,4.892827895559816e-11,2.2138622053699887e-10
5761,Snrpa,42.16192294291702,0.5461236642561539,0.1276877647723959,4.277024233524817,1.8940819087325128e-05,5.251895420947231e-05
5767,Shkbp1,100.90536231025492,0.6020120121621706,0.0725821949707505,8.2942106174217,1.0930863212741442e-16,6.752346727814284e-16
5771,Sertad1,21.56032614373886,0.724936806459998,0.1514920443473984,4.785312717792546,1.7072131192097745e-06,5.298268505544016e-06
5779,Ttc9b,89.8518649892756,0.5200957179240765,0.0718678519850022,7.23683404413719,4.592795672907601e-13,2.353319974445008e-12
5798,Supt5,37.745924858864335,1.032133143045414,0.1162900831715344,8.875504384350293,6.9617192155930735e-19,4.78375424920596e-18
5812,Fbxo17,21.47880588991417,1.0634595029778096,0.1503590839204867,7.072798498427877,1.5183989768668092e-12,7.53298193119057e-12
5816,Sirt2,23.948576220451613,0.7487541012130553,0.1358127771331681,5.513134456258718,3.5249872676575925e-08,1.290183703156048e-07
5822,Lgals7,48.85982347413519,0.6037404982053112,0.0984840077909953,6.130340465901644,8.769121031297031e-10,3.605951879834104e-09
5824,Actn4,30.67049623490412,0.8231402121840689,0.1396459158617418,5.894481103185493,3.758606052621394e-09,1.4861067747737496e-08
5836,Kcnk6,87.95312653348952,0.9156744104283404,0.0774232064828503,11.826872743008476,2.8350856108964456e-32,3.2069842925845433e-31
5842,Sipa1l3,58.80189786211295,0.9969694215799866,0.0912558108198849,10.924996585124244,8.754369466117686e-28,8.674017746372017e-27
5853,Zfp82,12.395765741644254,1.537635680187628,0.2165093892996604,7.101935325582851,1.2302180309010504e-12,6.139855286643141e-12
5888,Tmem147,16.081157378334535,1.0823572441400438,0.1829038488935533,5.917629676398749,3.266143291408241e-09,1.2960815493566446e-08
5894,Usf2,21.871497069833957,0.5262458810235934,0.1596661160260676,3.295914588024904,0.0009810183578639,0.0021569083533222
5901,Scn1b,431.85515825204817,0.5082518650375694,0.0374736082842241,13.562928373020751,6.643009593742852e-42,9.938522996093128e-41
5914,Pepd,89.7934354396859,0.8102407405108614,0.0792559022886549,10.223096540619958,1.5626769806935244e-24,1.367772524442861e-23
5917,AC150683.1,402.13057114536014,1.2475338106625802,0.0544817338140935,22.89820318346518,4.841711530063217e-116,2.565813673871077e-114
5924,Nudt19,20.342016677902013,1.066025993581276,0.1562994088615338,6.8204096313996425,9.078127930286996e-12,4.323483149369798e-11
5930,Zfp536,33.644016023026744,0.5556445676237297,0.1206248561642424,4.606385327972253,4.097288395700094e-06,1.2223367359945963e-05
5931,Uri1,34.36287930693526,0.6855215467976419,0.1210275955379508,5.664175544020304,1.4773310836919856e-08,5.568009911983932e-08
5932,Ccne1,14.581137075901797,1.103924813764021,0.1790346038075784,6.165985738435737,7.004539789281427e-10,2.9013593518463674e-09
5967,2410002F23Rik,27.88711271954195,0.8383104457583265,0.1429596207614416,5.86396663122956,4.519383405885753e-09,1.7760668989242714e-08
5970,Shank1,26.30889482611562,0.5453980777985235,0.135715331070775,4.018691724033009,5.852217914153515e-05,0.0001530714730522
5972,Emc10,16.558186862165105,0.7029556871734652,0.1703988290857185,4.125355150297692,3.701630964925196e-05,9.904241480203768e-05
5978,Kcnc3,186.0864680936029,0.8655193780659893,0.059404016797429,14.570048032567534,4.3558465024568977e-48,7.602299763968686e-47
5982,Zfp473,461.61357502690936,0.7625066985612983,0.0382371907225112,19.941493717329784,1.7767915624463983e-88,6.419944389269135e-87
5983,Vrk3,107.685497120255,1.280969417059671,0.079602208980757,16.09213404328179,2.896778811300907e-58,6.332358481503783e-57
5986,Il4i1,39.30690663634632,0.7391110828380641,0.1138824641609032,6.490121971665302,8.576690955806864e-11,3.805865806525005e-10
5987,Tbc1d17,1582.4071032463232,1.3343974566626682,0.03453282118527,38.64142606546888,0.0,0.0
5992,Ap2a1,41.85891893292016,0.5045759000832442,0.108586955851497,4.646745054473205,3.372134930184309e-06,1.0158810621716314e-05
6001,Rras,80.99175941058961,0.5674022848642432,0.0770899923511831,7.360258673777581,1.8355418786549186e-13,9.607888768008745e-13
6004,Nosip,19.12119174749657,0.5512668356440737,0.1612052654241127,3.4196577524546328,0.0006269996609235,0.0014230979974343
6021,Snrnp70,12.793823327401403,2.089899656425556,0.2273128243632936,9.19393642782537,3.78722478265724e-20,2.7653856784597003e-19
6023,Ntf5,148.91106210083555,0.6103847706923856,0.0577629770479199,10.567058726665218,4.2357107214946765e-26,3.938017495879793e-25
6026,Ftl1,19.934485355882043,0.6628989196562681,0.152872130132029,4.336296740836614,1.4490329522122698e-05,4.074065637988452e-05
6032,Hsd17b14,13.70205880713587,1.6394252661388444,0.199144571075832,8.232337227584125,1.8359553025579708e-16,1.119887908306027e-15
6053,Syngr4,39.103110071366906,1.0516811443501437,0.1129889449666932,9.30782338626276,1.3047873402325e-20,9.681001699612204e-20
6062,Gm15700,25.27384633395452,1.2509881929775228,0.1405623564946392,8.899880623623673,5.590678497370982e-19,3.856796274636045e-18
6065,Hps5,20.363583745444654,0.6298178870709082,0.1523439490965785,4.134183804514842,3.562183089571083e-05,9.557449811356104e-05
6067,Ldha,20.85753459071716,1.0251590941312,0.1509781296368922,6.790116532750433,1.1204300535671923e-11,5.302863539048189e-11
6069,Tsg101,41.000767190271695,0.5665147922701673,0.1069705837858991,5.29598673037106,1.1837543448959645e-07,4.124625619354578e-07
6070,Uevld,1124.529732875738,1.184194733021471,0.045109480776301,26.25157090355176,6.858464976976987e-152,5.354501585597034e-150
6076,Htatip2,43.84806132556628,1.3546833944100838,0.1214023081045562,11.158629646838174,6.498552312277662e-29,6.649893670983719e-28
6077,Prmt3,82.56451705405783,0.602447393030121,0.075313461745824,7.999199333889674,1.2523084445928613e-15,7.297690796081291e-15
6082,Svip,18.74676741593169,0.7235629036540447,0.1644900154308526,4.398825678013337,1.088382039223481e-05,3.103477107767852e-05
6084,Tubgcp5,141.01956990876053,0.7981231890296843,0.0616633271460997,12.943239133669852,2.5657898307900824e-38,3.497313527736318e-37
6086,Nipa2,17.405828024219336,0.5714676029768315,0.1801483611117575,3.172205394765227,0.0015128596782932,0.003230783985101
6088,Nipa1,72.32929888835827,0.8230427095104772,0.0833823550875414,9.87070596226721,5.577069954686628e-23,4.559691415033181e-22
6091,Gabrg3,46.19263184015144,0.9327215776232408,0.1050422756794821,8.879487535754413,6.716909091450833e-19,4.6173469414816096e-18
6094,Atp10a,338.9069027634743,1.6508166683618877,0.0541310915084354,30.49664476292029,2.8869705770296582e-204,3.767712048589153e-202
6095,Ube3a,38.69242605087601,0.571763173843547,0.1126658464396467,5.074858015200118,3.877854528406293e-07,1.2843924241054782e-06
6096,Snhg14,335.34675884228227,2.474321034355493,0.067359426088958,36.733107421191306,2.1636626759750253e-295,5.564431305507536e-293
6121,Selenos,22.25302759019337,0.5613519194733891,0.1415146794805536,3.966739857192891,7.286244555332406e-05,0.0001881598416769
6131,Adamts17,18.98989679619712,0.536633306228008,0.1631402505763911,3.289398565541169,0.0010040173825945,0.0022047031625832
6134,Lrrc28,35.67698019560283,0.508541596590278,0.1197192420518331,4.247784966514423,2.1589446294315417e-05,5.946703997400976e-05
6135,Ttc23,41.87614201850281,1.8495909984373828,0.1181471638881643,15.654975858651737,3.0722981394198937e-55,6.388626618570168e-54
6140,Gm16158,18.536179519048208,0.5236744741450544,0.1559947719606336,3.357000158166885,0.0007879306754746,0.0017613871472198
6144,Gm36696,111.51791331616742,1.5983779420238051,0.0803246185264754,19.898979557518487,4.152975085528443e-88,1.4943874134922102e-86
6148,Fam174b,12.633824570641918,0.8254254547059956,0.2125066509562525,3.884233509829869,0.0001026532148247,0.0002597973112671
6149,St8sia2,36.42798566375634,0.5309085603277311,0.1218437669251116,4.357289451285936,1.3168307197160374e-05,3.719111050774235e-05
6155,Agbl1,33.21540954998641,0.9575234558365052,0.1231491389140039,7.775315883492713,7.525936710105882e-15,4.2210898392024275e-14
6156,Ntrk3,43.29442088676839,1.1517484559650544,0.112648668274207,10.224252746259657,1.5441423913338168e-24,1.3522264466522678e-23
6158,Mrps11,31.934523292875355,1.094170286659663,0.1267823931653888,8.630301569022347,6.119042303808194e-18,4.022925255977357e-17
6177,Arpin,1592.6188693245797,1.0823727819771412,0.0355847326817027,30.416774285160887,3.296401307944832e-203,4.177352614010089e-201
6187,Rccd1,25.154526964512,0.6235841725687354,0.1380130092794702,4.518299947405718,6.233813337006715e-06,1.8221114430481936e-05
6200,Nmb,31.88235975462455,1.4431299227715852,0.1313360012232774,10.988075693870076,4.361252697014717e-28,4.3682466875941215e-27
6205,Rps17,33.11748803427212,1.2741544912337164,0.126117983253596,10.102877150133828,5.364477687978049e-24,4.6009801769181033e-23
6209,Whamm,71.55794926628931,0.7505830542763698,0.0843952376653004,8.893665982114726,5.912523997619523e-19,4.074003927122546e-18
6211,Ramac,67.71671920768824,0.7344571927283409,0.0880756205194237,8.338938612034731,7.496031288499885e-17,4.676796117491474e-16
6216,Sh3gl3,21.329661597516843,0.9887187646628194,0.1480903932216079,6.676454448893684,2.4479210314333814e-11,1.1322201268898963e-10
6224,Tlnrd1,37.14261035972198,1.6469915767120145,0.1245108228143512,13.227698118803051,6.0718593626605585e-40,8.611895907072818e-39
6236,Tmem135,641.0713766822365,0.7164410087409752,0.0424659637421649,16.870946650143086,7.360722865728794e-64,1.7779602413793531e-62
6276,Acer3,30.372029227449005,0.8413121770512214,0.1285225956362598,6.5460254120005,5.908853031723114e-11,2.6564015891715633e-10
6279,Thap12,146.35562407473253,0.7630732206445447,0.0600209327148123,12.713451559812702,4.978741717366698e-37,6.502482087625751e-36
6307,Stard10,534.3855966656764,0.9878252139790078,0.0520281866534228,18.98634716138085,2.2118993532222074e-80,7.033035616209084e-79
6309,Arap1,42.72622656624832,0.5332474746168926,0.103159667558858,5.169146888852148,2.3516501290700563e-07,7.968544362948485e-07
6320,Lrrc51,26.68720182161332,0.7781787502497681,0.1339002934256044,5.811628416498784,6.186804697783285e-09,2.4071676481139342e-08
6348,Dnhd1,17.291578224382405,0.5721894472188503,0.1764888917427952,3.2420706004133466,0.0011866462172071,0.0025778967759651
6363,Tub,34.36971651942812,0.5826632710442698,0.1165816090187841,4.9979004059756,5.795790384176206e-07,1.8885183946054312e-06
6372,Nrip3,330.4740883219334,1.0296266784932826,0.0533815944158063,19.28804655914155,6.768270850355049e-83,2.250257046216903e-81
6385,Eif4g2,17.670220926242237,0.5552523801571565,0.1698583824524862,3.268913621689969,0.0010796125433223,0.0023600330197027
6387,Usp47,30.727149616636908,0.5115485390809645,0.1194279214958103,4.283324474494101,1.841213583721823e-05,5.113410060684015e-05
6391,Parvaos,49.90751943577551,0.7043158007433775,0.1014505626497131,6.942453371848001,3.853481639978927e-12,1.8776730821942457e-11
6393,Tead1,827.4988761558567,0.5688471328370565,0.0313376392854277,18.15220118069246,1.2335701953128985e-73,3.60747083204548e-72
6394,Rassf10,39.2212305067059,0.572543041049835,0.1084994809158562,5.276919633319304,1.3137346587359602e-07,4.561165716095785e-07
6398,Gm5600,50.56923886261564,0.6160562551826151,0.0960376605611584,6.414736173110961,1.4106694296689182e-10,6.156672569515857e-10
6400,Rras2,26.83241051504036,0.6795384948925425,0.1329097428325175,5.1127816547568194,3.1744915469694054e-07,1.0604681599503526e-06
6409,Sox6,18.283141726861807,1.1508753046889213,0.1725593656606154,6.669445615327702,2.5677150779280963e-11,1.1848340097652516e-10
6416,Gm44777,42.371898375587726,0.5048210723283124,0.1046594932724945,4.823461843197973,1.4108776762117712e-06,4.42255400637954e-06
6422,Rps15a,24.15815860869927,0.9510372755957184,0.1398618327977431,6.799834211889899,1.0473961282056134e-11,4.972004204685062e-11
6440,Dcun1d3,156.97011610077743,0.5284846417351239,0.0539520128775734,9.795457361977352,1.177632457167093e-22,9.499278787333085e-22
6449,Mosmo,68.40738236756545,0.5360083174727954,0.0832635242602701,6.43749255433037,1.2146327962343463e-10,5.3196840321929e-10
6456,Cog7,102.02190407545528,0.6302113612675597,0.1047399497576253,6.016914870838755,1.777725075214215e-09,7.189837214464893e-09
6488,Apobr,223.29547521371467,0.5956369499039683,0.0489074060929341,12.17887018526674,4.028233273278391e-34,4.838306557904705e-33
6494,Slx1b,166.20841541638174,0.7456722179112761,0.0550683182484134,13.540856914270476,8.973596499660719e-42,1.3378538413134412e-40
6527,Zfp688,816.0773588398771,0.5584605428115229,0.0298219634337767,18.72648472833295,3.0115665720776686e-78,9.288584869928443e-77
6533,1700008J07Rik,137.01558757027715,1.0790836308715597,0.0661207467887851,16.3198947876158,7.125831192215204e-60,1.6058831944517978e-58
6550,Stx1b,24.45606273161476,1.015313247867519,0.1423851820917913,7.130750777233112,9.98229223008951e-13,5.013507367024852e-12
6558,Fus,10.985457986224114,1.6640412954850163,0.246757080277357,6.743641534478444,1.5446536110531272e-11,7.242064973216377e-11
6566,Gm32816,139.37528717462243,0.5309582504427419,0.0642114756702487,8.268899677207573,1.352009750055613e-16,8.307781626483685e-16
6576,Tacc2,39.03093182158511,1.8023160912939828,0.1237208463311114,14.56760234625685,4.5145976462373176e-48,7.871513822273001e-47
6585,Chst15,103.55805160649604,0.7304425398360159,0.0824955918921714,8.854322068393241,8.419395561699394e-19,5.769529372374569e-18
6595,Bccip,29.538768259815413,1.5628197394835652,0.158794410307404,9.841780554228343,7.438257426629448e-23,6.036206305192379e-22
6613,Inpp5a,31.4828154056717,1.2252447681346248,0.1265408992071726,9.682598873654715,3.5751031210863753e-22,2.8290227774460868e-21
6614,Nkx6-2,63.76084549543725,0.8674466226481041,0.0891415714398248,9.731112079773863,2.2215082555326093e-22,1.7731509070175378e-21
6623,Caly,39.98968670684066,0.5943987777655452,0.1177817502281507,5.046611861465441,4.497136396084314e-07,1.478028966260524e-06
6631,Syce1,63.25644731521326,2.739663644699327,0.1340122902762613,20.4433760444778,6.88106019763051e-93,2.6505722629110647e-91
6662,Cd151,380.5617926145516,0.6134406810110987,0.0439549519866024,13.956122195243813,2.887211657011829e-44,4.590141587074806e-43
6663,Polr2l,97.9958241860928,0.5527251928021819,0.082230125598921,6.721687322941833,1.7963210608150945e-11,8.381553551636705e-11
6666,Gm16982,72.0623278832066,0.6684286319034597,0.1043610867506779,6.404960437987367,1.5040837678259118e-10,6.556185675907164e-10
6678,Mrpl23,108.51961334493728,0.8111465570663572,0.0668931940653082,12.125995303415026,7.69199583536574e-34,9.144637876878046e-33
6698,Osbpl5,69.27201426400455,0.6175095715323805,0.0849236417085788,7.271350581636692,3.5591091066479774e-13,1.834414973682872e-12
6710,Insr,95.10604084006128,0.6619622816800026,0.098920571583953,6.691856618703429,2.203567235969276e-11,1.0219035752487588e-10
6722,Retn,100.92842496934362,0.5105973295845417,0.0692955143467558,7.3684037761738,1.726831026887424e-13,9.049691638659656e-13
6723,Fcor,317.8237665138052,0.7574356573709567,0.0535795616645599,14.136652742942465,2.257704886568009e-45,3.683091703013185e-44
6734,Ccl25,14.272656125253556,0.9140194538517512,0.1843783985935519,4.957302269810018,7.1478726573606e-07,2.308439465040114e-06
6736,Zfp958,14.856097360366864,1.054176028506083,0.1822798528970445,5.783283296270288,7.325653930013438e-09,2.8274340306350696e-08
6738,Shcbp1,31.98139489817254,0.5771606343278602,0.1243304046874235,4.642151980272948,3.4479908563160785e-06,1.0380179737520329e-05
6739,Gm31135,577.9226488241194,0.8333864302005495,0.0467462374270271,17.827882543520225,4.293776549480253e-71,1.1976007064961828e-69
6746,Myo16,49.739065832445824,1.2701026777061648,0.1055174153301562,12.036900958312025,2.2733639676553508e-33,2.6682274541179045e-32
6755,1700016D06Rik,36.61611464482669,0.6713882649922368,0.1107442565275529,6.062510924213905,1.3401270277784472e-09,5.456610351988239e-09
6759,Tubgcp3,85.3482217023559,0.5813721715252845,0.0750475701552094,7.746715454250163,9.429994557492554e-15,5.24695338280082e-14
6763,Mcf2l,68.57071144113095,0.562334688665261,0.0828813897678661,6.784812492167974,1.1623737916422831e-11,5.495429269597256e-11
6784,Cln8,108.78316108898127,0.6189490869285824,0.0661664227048529,9.35442875141542,8.405267954709976e-21,6.289744372784257e-20
6789,Gm35934,57.7077125161392,1.263540342101408,0.1052447766615206,12.005729711081996,3.3152676054651174e-33,3.8651599922915984e-32
6792,Defb37,36.87058068254613,0.5890462256595265,0.1134430673622499,5.192439162267762,2.075567042832651e-07,7.07278184821851e-07
6800,Slc25a15,573.2053587209817,0.526547826124523,0.0340965296198988,15.442856853596842,8.42828317186914e-54,1.6941817943637647e-52
6804,Gm17491,71.84980807566689,1.591966380443037,0.0940749883934138,16.922312802054947,3.080907514340222e-64,7.51449241433498e-63
6811,Kat6a,34.919969346886575,0.8990664131152782,0.1288267575528872,6.97887946722702,2.975436068053175e-12,1.45795533645598e-11
6813,Gpat4,363.2653589657194,0.6384977437637979,0.0471560239720815,13.540109830757078,9.065327786801563e-42,1.3503786399964715e-40
6814,Gins4,52.7565514012779,0.609455740087256,0.0989856272839892,6.157012455340926,7.413002098948901e-10,3.064741860671829e-09
6825,D830025C05Rik,19.828145814591316,0.7220865193793479,0.1595095145460588,4.5269181680748165,5.985010264701761e-06,1.7523164156890072e-05
6826,Nsd3,320.2335827915966,1.1749994661119076,0.0646656916735935,18.170368795293072,8.860082328485299e-74,2.604119659841192e-72
6830,Lsm1,127.48448767617224,0.9977622284751964,0.0714507323794705,13.964338716307918,2.572823692005918e-44,4.097772379398861e-43
6837,Hook3,41.73045817136244,0.9185895026951456,0.1135924122925791,8.086715337369027,6.129529915404269e-16,3.626292935067316e-15
6839,Rnf170,37.08128262470063,0.7280604506372585,0.1136722545805769,6.404909037157969,1.5045905693186695e-10,6.556760497444526e-10
6842,Gm39149,176.69375440226955,1.12366838380811,0.0581238625402124,19.332307501599903,2.872776642292113e-83,9.605949889178675e-82
6852,Adrb3,45.162230505228585,0.98327912927755,0.1121199698301632,8.769883998069204,1.788504489624897e-18,1.207620328747498e-17
6857,Tti2,14.849488272164566,0.7045035417703989,0.1816751421420157,3.877820231563037,0.0001053965483895,0.0002661240020554
6860,Nrg1,57.84571352671537,0.5828098389530876,0.0915999602298091,6.3625555894447325,1.9842418809750015e-10,8.582839973903248e-10
6868,Smim18,148.25354143490057,1.290348838357466,0.0728616094836454,17.709584615298656,3.5367282807916696e-70,9.64903341255612e-69
6880,Gm38414,43.55383827108347,1.0528439562368312,0.1104489397912749,9.532404369172609,1.5368186741020846e-21,1.1839596904271918e-20
6881,Lonrf1,66.55416994098547,0.6990263641243983,0.0867432163303947,8.058570960314514,7.719150830359947e-16,4.5406158668461065e-15
6884,Sgcz,52.09986843176912,1.091309226872165,0.0988286398127965,11.042439002897822,2.3847073118404736e-28,2.410622050258162e-27
6902,Triml2,56.42720308331544,0.9221719204096352,0.0923256832012408,9.988249081239852,1.7158569801664906e-23,1.433679257962331e-22
6906,Gm2366,28.912120857286407,0.7102016519069339,0.1337358533203103,5.310480579997737,1.0933653521749724e-07,3.821861538843877e-07
6911,Sorbs2,43.38722913744376,0.601459838419054,0.1037124408435953,5.79930270203641,6.659123411263227e-09,2.583863994146246e-08
6913,1700029J07Rik,18.8115284363552,1.8425719593336063,0.1860827189687037,9.901897229067782,4.084518104945536e-23,3.3550987608871553e-22
6914,Ufsp2,46.66374583940736,0.559195485127416,0.0982490633285141,5.691611361806483,1.2584603591016851e-08,4.7759666814700216e-08
6930,Cdkn2aip,175.3594141074407,0.5184927562614455,0.053408624504658,9.708034256082094,2.7865925085009574e-22,2.214081317067912e-21
6933,Tenm3,533.430327503372,0.6326387238391427,0.0331474484313674,19.08559342505761,3.326772136788166e-81,1.0773813171879898e-79
6943,Sap30,31.11293878336688,1.1508042253198674,0.1334626859663711,8.62266645532548,6.541277824032256e-18,4.289233842770008e-17
6944,2500002B13Rik,95.50346891886343,0.7509988693521092,0.0790184960852707,9.504089631643817,2.0180538802200254e-21,1.5485619244092938e-20
6948,Galntl6,60.605128507615696,1.6661892641613905,0.1019456879115053,16.343891520038955,4.8083587355323443e-60,1.0850139040901889e-58
6955,Gm16178,38.9457728358834,0.5621410307768353,0.1197843320493202,4.692942901291786,2.693026735528341e-06,8.20624700312243e-06
6964,Msmo1,65.16352516687472,0.8088080744464304,0.0888192160019148,9.10622848133442,8.529558492642741e-20,6.108309538056359e-19
6971,Tma16,1444.3755893018017,0.5707322181712313,0.0224460027574665,25.42689780172019,1.2717292276658624e-142,9.266666972258584e-141
6984,Zfp868,155.47565762853725,0.7407965017424543,0.0575997065006984,12.86111591095472,7.449340984898185e-38,1.0044261768997646e-36
6998,Sugp1,92.5221097579212,0.6932892821161349,0.0744967818864841,9.30629840054766,1.3236505341186248e-20,9.816794122420065e-20
7002,Nr2c2ap,31.72756427834992,0.7128114740911232,0.1193956847104531,5.970161114447014,2.370194111297008e-09,9.498156420339616e-09
7012,Upf1,10.937058992537336,1.3497761069305396,0.2169126247324047,6.222671956487998,4.88758624771599e-10,2.050230470138096e-09
7035,2010320M18Rik,38.24927053974215,0.6307706187121712,0.1087516888546322,5.800099523560673,6.627557294559143e-09,2.5727574243562773e-08
7045,Gm35256,66.00562763741608,0.5648863816803281,0.0826237263584254,6.836854334429624,8.095097673619073e-12,3.864784824358459e-11
7053,Abhd8,273.42389865844643,1.0548316819908332,0.0461375743413527,22.86274684027754,1.09142581718248e-115,5.697568564443944e-114
7068,Zfp882,820.9951726542304,1.4287276513131788,0.0384422335481566,37.165573366682985,2.4568482962790464e-302,6.819898889734595e-300
7069,Zfp961,27.181718096249146,1.0111779365818847,0.1513674777272701,6.680285301468776,2.3847752137131677e-11,1.1041818622561787e-10
7080,1700030K09Rik,66.39861573445808,0.657101542312117,0.08229585235883,7.984625269412046,1.409498216442687e-15,8.200034866649937e-15
7082,Slc35e1,35.528825408206146,1.2973446646178417,0.1247895765553013,10.396258248724124,2.5786083290493554e-25,2.323271636188312e-24
7086,Tmem38a,34.02338632763643,0.6988690363053833,0.1204299845440819,5.803114888299024,6.509415616174942e-09,2.530265843424481e-08
7101,Gm45285,33.55314847868925,1.1707730723958012,0.1291706094943713,9.063772920006372,1.2601459385428973e-19,8.947394305009414e-19
7110,Zfp827,17.13637654886926,1.280643962891308,0.1927184665738241,6.645154383276163,3.0289941823459564e-11,1.3921111128151325e-10
7112,Gm4890,32.33700160634516,1.093578419948375,0.1360735812886647,8.036669642937314,9.231311343303114e-16,5.410092921303112e-15
7130,D830024N08Rik,25.09885419186769,0.5046119842253382,0.1461351744421166,3.4530494533690264,0.0005542873763385,0.001266777004366
7149,4930432K21Rik,852.8504687263008,0.8897152083853701,0.0328610779193991,27.075046368461848,1.937442219672228e-161,1.6856711212750208e-159
7174,Asna1,76.18238665469222,1.3378664077849307,0.1050546138632912,12.734960974925974,3.780350721896955e-37,4.963271278118165e-36
7180,Wdr83,15.358342129511286,0.9664660177906184,0.1844827403206054,5.238788279657134,1.6163433925187537e-07,5.564293946529127e-07
7184,Orc6,128.6038561973026,1.1289466579141747,0.0673082817519425,16.77277488786277,3.860513513744023e-63,9.18539596304156e-62
7186,Neto2,58.402177269617546,0.5602105197898667,0.0888434903476354,6.305588823647297,2.871002942910679e-10,1.2260830150335032e-09
7190,Lonp2,84.68041510843726,0.645509634468606,0.0732359956684647,8.814103345993852,1.206467278154301e-18,8.209610801697437e-18
7198,Tent4b,26.816787109074124,0.6833055693308127,0.1449197844888043,4.715060622958633,2.416387934760743e-06,7.396777910571656e-06
7207,Chd9,248.73917117331985,1.7121480902273265,0.0631489593086812,27.11284728950319,6.94753002025217e-162,6.074920249708497e-160
7208,Rbl2,249.8298626020825,1.0189368526991895,0.0535801790871417,19.01704828276164,1.2322863657242623e-80,3.9325226211288136e-79
7226,Gm45774,73.97465481398292,0.5540284721011601,0.082360099240585,6.726903891686282,1.733111285974752e-11,8.097421899312439e-11
7229,Gm39228,87.96929619346896,1.4927786718468607,0.0891601690805618,16.74266308869424,6.405708810201135e-63,1.5138248063891546e-61
7230,Nup93,40.21904393880096,1.040052041903374,0.1090570921157292,9.536766676299155,1.4735489186751697e-21,1.1367191658487588e-20
7234,Rspry1,472.5017080832603,1.2970416438334318,0.0415310082319715,31.230680377148627,4.084897060615307e-214,5.761022564196813e-212
7253,Csnk2a2,64.96573267453441,0.6211815007449063,0.0866087398607004,7.172272703008964,7.376282078606515e-13,3.724990499297451e-12
7266,Tk2,78.75351181169775,0.8647109401393329,0.0779488948750171,11.093305960601572,1.3519711278538558e-28,1.3762090270028071e-27
7271,Terb1,407.7442767381289,0.699652514405459,0.0435286481068793,16.073380287105312,3.921086183345401e-58,8.550119099045433e-57
7272,Nae1,232.5300627505252,0.675097369485966,0.0592136278412935,11.401047260529038,4.131193216511405e-30,4.41333579537883e-29
7283,4931428F04Rik,1721.2146496175703,1.187023130755703,0.0272968027767411,43.48579357312615,0.0,0.0
7302,Pard6a,652.9419447774435,0.8121458389237458,0.0368310934374114,22.050549226942103,9.437153428274418e-108,4.40098504409768e-106
7304,Gfod2,149.21981851680093,0.582518279635861,0.0616658939292239,9.446360743662238,3.508160185532071e-21,2.6604815838935323e-20
7317,Gm45752,19.74908970576088,1.3197555130787275,0.1729154853470582,7.632373181787909,2.304711327396454e-14,1.2611011168181848e-13
7319,Ddx28,191.76541227351868,0.5567689678071341,0.0537303805747838,10.36227478478778,3.681017851315737e-25,3.309698724103321e-24
7348,Dhodh,25.458656556134304,3.0399410753478757,0.2047283144892944,14.848659712415298,7.097345722090044e-50,1.3078860061950543e-48
7349,Pkd1l3,687.5657626296503,0.7554374128919965,0.0340666086579984,22.175304283322863,5.947203821465903e-109,2.818555567203136e-107
7373,Mlkl,449.78117472971263,1.192968150402283,0.0354944793159568,33.60996339129205,1.1998555650928444e-247,2.331452680260407e-245
7374,Wdr59,895.0154602514893,1.2462825816240068,0.0534136644762751,23.332654552798388,2.0675270311002864e-120,1.1514940356650257e-118
7375,Ldhd,26.707477769224777,0.7054044515162237,0.1322287960390754,5.334726418500904,9.568871914533573e-08,3.362950804689773e-07
7387,Adamts18,19.61203057364825,0.6340075633122999,0.1532718940008964,4.136489389950332,3.526596533733051e-05,9.466326965759568e-05
7388,Nudt7,49.21956305266493,1.0544466763035591,0.1256178104434094,8.394085779568538,4.695332664309666e-17,2.95579473122561e-16
7391,Gm16116,23.02074246118853,0.6857875666779186,0.1391130526582767,4.929714024481344,8.235007406709115e-07,2.641970455485764e-06
7395,Atmin,11.875393513000825,0.8171232510891207,0.2092405014901464,3.905186831754945,9.415261572785452e-05,0.0002396711708658
7398,Gan,290.78713159615126,0.5388077194752455,0.0441643448301342,12.200061419401065,3.1058959506334507e-34,3.743343100253466e-33
7399,Cmip,136.48017282684535,0.8763775031693365,0.063321827911758,13.840053770883072,1.4609726571848409e-43,2.2852853156394006e-42
7400,Plcg2,64.07873963541421,0.521717259119735,0.0860237394332744,6.064805628734759,1.3211332665074014e-09,5.381779306937208e-09
7410,Taf1c,75.10545324696471,0.5057541288770431,0.0841904648317579,6.007261391034211,1.886831911339161e-09,7.609989959755362e-09
7431,Klhdc4,49.95819883580421,0.6578773302699443,0.0968036778588823,6.795995202051919,1.0756735800047703e-11,5.096553662184618e-11
7432,Gm20406,19.803553000642417,0.9922658123472484,0.1580315415798184,6.278909908918883,3.4095507670372696e-10,1.446185394468779e-09
7448,Galns,11.17225285361998,0.7187329955546239,0.205508490367636,3.4973396683946034,0.0004699230875421,0.0010848864626979
7471,4732419C18Rik,14.146548569184423,1.654533814191541,0.2078024558862104,7.962051300767781,1.6921028819212361e-15,9.782312462492091e-15
7478,Nup133,10.97089610167366,1.3300127936466162,0.2368353772974757,5.615769100137694,1.9568983961502025e-08,7.306199648137222e-08
7479,Gm45890,36.90466706859176,0.7939055886774926,0.1125983542803314,7.050774354134335,1.7792482607202574e-12,8.789687452959282e-12
7481,Taf5l,97.18128260055867,0.982824750158552,0.0712549291445115,13.793077362624183,2.80532761450482e-43,4.356977737341056e-42
7486,2310022B05Rik,13.206712870870064,1.7887280375720302,0.224902044766513,7.953364939073976,1.8151264428431263e-15,1.0479673566338922e-14
7488,Arv1,58.92399458647447,0.5641411173953907,0.0894467149547766,6.307007671333875,2.8448173573485057e-10,1.2154939151065395e-09
7506,Tarbp1,115.64723279965024,2.032882126850652,0.0806004573231863,25.22171950835633,2.314706311838764e-140,1.6063326976760435e-138
7509,Gm31718,11.896979271062,0.8221561585610911,0.1960637920217789,4.193309484036528,2.7491397193832456e-05,7.468845022925927e-05
7528,Dync2h1,54.54937878710441,0.5713774866761079,0.0945097967142519,6.045695859484849,1.4876650204177786e-09,6.0432719807354505e-09
7530,Birc2,454.1075384509241,1.415233445174757,0.1161211204117042,12.18756278063014,3.6208902850904072e-34,4.3580267932320046e-33
7535,Cfap300,25.09364152860033,0.645477830199806,0.1349083923255812,4.784563947971758,1.7135893595418036e-06,5.316170076222647e-06
7541,Jrkl,11.4253285281307,0.948509001872953,0.2051850520454666,4.62270030110563,3.7877677310188023e-06,1.1348377947585545e-05
7545,Cep57,52.20738936958019,1.092083739640798,0.0970992303154734,11.247089560778598,2.393604287525703e-29,2.487186677376678e-28
7547,Kdm4d,76.62016293104757,0.6877960395770101,0.0783131207676548,8.782641182409447,1.5967994681597746e-18,1.0794290335979178e-17
7548,Cwc15,29.18224976567797,0.6483915326320326,0.1309389670984624,4.951860756198423,7.35071958132655e-07,2.370010767666643e-06
7549,Amotl1,788.0172667155534,0.7336864976812981,0.0325002753992235,22.57477786476931,7.669415177945332e-113,3.854101512411149e-111
7555,Vstm5,123.37153033702543,1.6315893562351182,0.0820588534958011,19.883160521108245,5.693207740557559e-88,2.03604942672537e-86
7582,Fdx2,43.8624088747787,1.052457111263178,0.1047411078046311,10.048176244481578,9.358326728154558e-24,7.91767865611838e-23
7583,1700084C06Rik,13.81183447807957,0.6012850116263914,0.1862667234583882,3.228086050274663,0.001246214801771,0.0026992574254858
7595,Gm16853,51.9351105522338,0.5242795383940663,0.0943667994808105,5.5557626334532895,2.764022736726184e-08,1.0193426743961937e-07
7605,Spc24,277.4195246487876,0.8947883863989106,0.0549899947990143,16.271839807756262,1.5638738264482128e-59,3.4928512741923814e-58
7609,Ccdc159,393.93305480709984,0.8213176175941698,0.0403107457920994,20.37465696690585,2.8067509094585383e-92,1.0740582036019891e-90
7610,Plppr2,170.75610607233298,1.5959055827537671,0.0742976869392618,21.47988246334526,2.40113189726366e-102,1.0291910445918351e-100
7614,Ccdc151,30.029069001262226,0.9375038476238052,0.1301667741057407,7.202328351951214,5.919293543710652e-13,3.008329133752162e-12
7615,Prkcsh,217.880010393351,0.6382245900743019,0.0536481960275791,11.896478117292274,1.2344780714769496e-32,1.4064203592175175e-31
7616,Elavl3,28.25662619324095,0.7701327517602133,0.1468759136569246,5.243424415790209,1.5762339645310986e-07,5.432632946732331e-07
7628,9530077C05Rik,29.89268929423626,0.954470999538963,0.1763763779996009,5.411558000930955,6.247875055341135e-08,2.2325876372661585e-07
7638,Sept7,600.9156713692328,0.749732869376219,0.0482957700031825,15.523779190741,2.3951912956129142e-54,4.88194701371546e-53
7645,Jam3,12.61199696102991,0.7479143914739949,0.1902138309639497,3.931966396364432,8.425384515132584e-05,0.0002156977373746
7647,Igsf9b,32.788449694011085,0.9680021114001278,0.1329249854960981,7.282318728773094,3.2813069175716184e-13,1.6937277265198484e-12
7659,Tmem45b,51.08610117071967,0.747522200282864,0.0999173251938805,7.481407241760772,7.353093083577817e-14,3.937259395150302e-13
7670,Fam118b,27.566090715069965,0.7487454042424747,0.1283349985626614,5.834304068479721,5.401553867613528e-09,2.113725084735408e-08
7678,Chek1,40.25874056242106,0.5461213509953777,0.117806922456065,4.635732260971749,3.556760995042522e-06,1.0685558543429586e-05
7682,Fez1,168.57031601867433,0.90402577459123,0.0606708114665579,14.900505741373404,3.270942255918273e-50,6.06598495986201e-49
7686,Gm34885,58.7093890953743,0.9568272103136248,0.0962686678664874,9.939134211773078,2.8126098214617205e-23,2.3234256286123083e-22
7690,Nrgn,2453.804940438598,0.58575570909813,0.0324768372642152,18.036106913142916,1.0144357667635493e-72,2.9226445945899425e-71
7710,Mir100hg,81.40583155576017,2.084624206320667,0.0965076383460284,21.600613609942865,1.7724548014773293e-103,7.749172392058884e-102
7717,Tmem136,197.3204782795032,0.9035987657561062,0.0553900687943172,16.313371429659806,7.929281814225067e-60,1.7846496829751346e-58
7719,Oaf,412.5841720782345,0.7147410844061692,0.042356574709579,16.874383476634826,6.944621225864094e-64,1.6797722821287863e-62
7730,Gm48604,27.85363051063061,0.6502856594383266,0.135770548732818,4.789592923558256,1.6711999469773195e-06,5.189265744449462e-06
7733,Dpagt1,45.01328826889,0.5663263050684314,0.1037209633746322,5.460094918545096,4.758800925562833e-08,1.7187507349492526e-07
7737,Vps11,82.69333663867532,0.5343485374048084,0.0739719248875598,7.223666792733034,5.060416366877802e-13,2.5861064121554358e-12
7742,Ccdc84,490.8942591837437,0.8007588643652487,0.0360411387815937,22.217912403317207,2.305398501453573e-109,1.1045701094087692e-107
7747,Phldb1,209.52154484248888,0.8953723820595543,0.0549377722018359,16.297937578721683,1.0207891022182857e-59,2.291599463362436e-58
7763,Gm16536,17.82931131855494,0.5166779361274572,0.1752706739669081,2.947885829576991,0.0031995520674518,0.0064693914389638
7764,Rnf214,65.96844114586695,0.7253330302296149,0.087636382974002,8.27661988793844,1.267209197688932e-16,7.80865202578719e-16
7774,Nxpe2,247.5626736798264,0.6136176412465172,0.0457201416635324,13.421166665718246,4.54501245081052e-41,6.656882557770048e-40
7781,Zw10,16.553097221977662,0.6717204610058386,0.1653375697841562,4.062721267058368,4.850393435476192e-05,0.0001281905401233
7788,Il18,197.4522507344876,0.7865570667328756,0.0569921867708211,13.801138564761608,2.5085898143417786e-43,3.899574993174135e-42
7794,Dixdc1,45.50617670627225,1.4471568428252963,0.1216775454056626,11.893376366202965,1.2812043967702006e-32,1.4587045892394054e-31
7800,Alg9,26.956451544214207,0.747670232412123,0.1379730976432499,5.418956631279935,5.994785603736492e-08,2.1456571968510802e-07
7811,Exph5,43.725640509650255,0.5639181854809773,0.1023252185806069,5.51103817126713,3.5672334390876414e-08,1.304826989808924e-07
7814,Atm,25.42762116304982,1.5111940849722385,0.1461629073824918,10.33910799966242,4.688814504648791e-25,4.198565696738252e-24
7816,Acat1,12.199512704112848,0.6669178866852327,0.1928922395588164,3.4574635465408496,0.0005452860090881,0.001247183066562
7819,Rab39,15.988558730639715,0.8306593594724813,0.1775686051793781,4.677962968923234,2.897388538847806e-06,8.796793536001811e-06
7823,Cib2,20.77677020400453,0.8942367270673689,0.149436110217638,5.984073901314795,2.176244959030877e-09,8.742975383306221e-09
7835,Nrg4,16.391711934548717,1.5081003487898124,0.1841984775182062,8.187365982114326,2.670052892800017e-16,1.615146488733542e-15
7849,Gm10658,36.97743685663966,0.9063771138723856,0.1140755127527044,7.945413454658333,1.935441431225153e-15,1.1159577892932895e-14
7851,Man2c1os,43.9646664420809,0.7199208536963292,0.1025789893237041,7.018209659138925,2.2472915873109205e-12,1.1051922181916024e-11
7853,Commd4,76.83014520175449,1.212762990777237,0.0816798876849124,14.847755367338172,7.1937251652124835e-50,1.3242512177814303e-48
7859,Mpi,620.3172605340305,1.50778260776301,0.0406521663857264,37.08984641695292,4.0955423973865234e-301,1.1191069600858674e-298
7873,Loxl1,64.73838404045696,1.038089747419794,0.0864413102416378,12.00918570667104,3.179604013975359e-33,3.7169060826471305e-32
7874,4930461G14Rik,44.43428965259442,0.8485489968929238,0.105072849291737,8.07581599445266,6.702689132234164e-16,3.958683807649815e-15
7877,Nptn,125.1438803135977,0.5596151030135638,0.0648819160218493,8.625132199010741,6.401865965146153e-18,4.202546246189036e-17
7882,Arih1,40.62819817354984,0.7066639746346038,0.1128165205554906,6.263834154387166,3.7562496891882536e-10,1.589385302795165e-09
7885,Parp6,174.7087313246171,1.0028446191985565,0.0609291196244197,16.4592008776806,7.204530344679347e-61,1.6578003508914794e-59
7886,Pkm,194.7557860304727,0.5692202099014606,0.0568652582540263,10.009981971042164,1.3777764686028234e-23,1.1561686604091254e-22
7895,B930092H01Rik,37.53465796104131,0.5851345450268424,0.1106947884308768,5.286017104520045,1.2500821041716632e-07,4.3444824796808525e-07
7898,Glce,796.1620249938742,0.6565956477305662,0.0499097977613063,13.155646329619186,1.5792724341861655e-39,2.2130061161095883e-38
7903,Cln6,85.76306697948694,0.9388800311864536,0.0794620311597822,11.815454720740192,3.2478686717152514e-32,3.6644340213520208e-31
7904,Calml4,10.256571557922893,0.6815292451421824,0.2159841521293848,3.1554595021115883,0.0016024551096563,0.0034067268365755
7908,Gm16759,17.246848934128327,0.5737337589003928,0.1736119731756545,3.304690041855056,0.000950814898451,0.0020939240579412
7913,Zwilch,106.19297900329832,0.642683536288968,0.0684405336985969,9.39039340516047,5.977656535953796e-21,4.498160821891565e-20
7926,Hacd3,128.18433534248518,0.7067695416802313,0.0641626699123144,11.01527636936107,3.2254522119070898e-28,3.2511071055810485e-27
7928,Gm47350,12.25255536731166,0.7871627841606019,0.2139975338360181,3.67837315715885,0.0002347263745778,0.0005657242059836
7939,Rbpms2,17.32516575142343,0.5075087403558214,0.1737551411276841,2.9208271885485,0.0034910341153849,0.007003694460233
7943,Pclaf,11.133470586180906,0.9616521511030304,0.2103147080218277,4.5724436495579015,4.820688917913586e-06,1.4262258128315475e-05
7946,Snx1,21.74581874193965,0.8842832228808138,0.1454916833326966,6.0778953313690005,1.2177019249435375e-09,4.9697015783926685e-09
7955,Aph1c,26.02152606694904,0.7352232355436704,0.1421123059202133,5.173536737602792,2.297039328978774e-07,7.795580008767863e-07
7959,Tpm1,43.75482317695224,0.6498469161926561,0.1056373373283584,6.151678304543974,7.666726708265844e-10,3.165149118842141e-09
7962,C2cd4b,40.33814896565415,0.6111282635693631,0.1078194398098985,5.668071218389483,1.4441394191549392e-08,5.4476078865792883e-08
7967,Bnip2,175.39566715950366,1.2642849495249413,0.0711986287406042,17.75715307848232,1.5173833159570026e-70,4.1657769904954565e-69
7976,Polr2m,20.362716177959804,0.7466635069508509,0.1553082043388921,4.807624362983328,1.5273440626267431e-06,4.768825739549452e-06
7978,Cgnl1,245.5226579206861,0.675336899863384,0.0473821949567042,14.25296781798474,4.296275898432536e-46,7.141946094276446e-45
7982,Zfp280d,46.959573724904594,0.7213709318030084,0.1029802365992882,7.004945372285097,2.470822206275596e-12,1.2127347387972949e-11
7985,Tex9,18.228682491979985,0.646847018241643,0.1564473664544184,4.134598318279166,3.555760056768207e-05,9.543144854628977e-05
7993,Ccpg1os,237.43080989710188,0.7120531881271582,0.0487595284130299,14.603364948395962,2.6731881255121436e-48,4.703089933496616e-47
7995,Pigb,49.73418401104929,2.279824619824238,0.1209726191559339,18.84579035926749,3.1817718982376206e-79,9.989735539744975e-78
8011,Mapk6,271.3716315934576,0.7858774153742258,0.0490656496650152,16.016855391493404,9.745575024091162e-58,2.104081679275386e-56
8016,Lysmd2,25.022819650098214,0.569113428881995,0.139058531809499,4.092617845711493,4.265303510514239e-05,0.0001133611364618
8023,Gclc,784.3863807072606,1.198246187562175,0.0379305478441785,31.59053205571029,4.980992806327002e-219,7.319966571180386e-217
8028,Gsta4,355.4102981643486,1.2499620237237006,0.0410373736428534,30.45911355346636,9.07304711469834e-204,1.1666871172194453e-201
8034,Mto1,50.96275963245048,1.6439790521758106,0.1158423576611065,14.19151927989262,1.033941768234319e-45,1.7058088342341294e-44
8043,Filip1,14.057450228605893,1.217990958241064,0.2052907058233548,5.933005848248681,2.9743825144512115e-09,1.1848747474424325e-08
8053,Lca5,137.8142955568114,0.6156087215941035,0.0583567350540188,10.549060378793556,5.130761911745155e-26,4.742429403414338e-25
8066,Rwdd2a,67.20741713866428,0.5629873705095405,0.0810939347080083,6.942410336070956,3.854656120874016e-12,1.8777221794385732e-11
8076,Snhg5,102.88669206382376,0.7477979975523376,0.0674516676051604,11.086427127787228,1.460033734367044e-28,1.484480810849469e-27
8077,Zfp949,63.93784702233319,0.6426166326105737,0.0930359253982478,6.907188055149671,4.943544300653837e-12,2.397468184410269e-11
8089,Slc9a9,32.08714425842315,0.5694086987379579,0.1209736292170137,4.706882834080307,2.5153337868563755e-06,7.687549329700158e-06
8090,Chst2,201.01422893984045,0.6231310599907485,0.0551346412107289,11.30198812048295,1.2828047068570837e-29,1.344139527472539e-28
8092,Paqr9,12.05838373814179,1.1087122667793032,0.2176528416854579,5.093948042183452,3.506829104437203e-07,1.1661423726639628e-06
8093,Gm16126,128.88428111674287,1.4739196744850636,0.0658760205373376,22.374145591409334,7.029142386612793e-111,3.424112592119346e-109
8106,Rasa2,52.17447182449303,0.7584639245718641,0.1011829991328593,7.49596207932081,6.581381776988452e-14,3.5305277458887743e-13
8107,Zbtb38,14.305934061264706,0.986571838198195,0.182598453081572,5.402958357798708,6.555068173962203e-08,2.336556862485682e-07
8123,Pik3cb,25.45986313471394,0.6859312193950035,0.1352524704566644,5.071487545321986,3.947181022438474e-07,1.3056232593229438e-06
8131,Dzip1l,29.67617422569023,0.5662749560742955,0.1246819642946682,4.541755171068563,5.578780729948244e-06,1.6399683544349452e-05
8136,Pccb,770.6728203354365,0.5981054057023741,0.0319764497433604,18.704559464940747,4.544728804151341e-78,1.3992643895598355e-76
8143,Amotl2,38.666493689099006,0.5313289687834029,0.1096799560528358,4.844357965711139,1.270217451426004e-06,4.00028143175544e-06
8144,Ryk,22.53689929013734,1.5917015064061109,0.1578382767229954,10.084382188228847,6.4771353073111816e-24,5.536272837451512e-23
8145,Slco2a1,21.38375907495818,0.5661027380514305,0.1542525968972087,3.669972171869961,0.0002425768751282,0.0005835994486509
8148,Trf,72.49280116215306,0.5213632385235191,0.0893546002048378,5.834766618935544,5.386590967583054e-09,2.10834160342642e-08
8161,Cpne4,61.07473054688335,0.7960525361848965,0.086886398837757,9.161992519351216,5.094777235552555e-20,3.6939247220291496e-19
8162,Mrpl3,163.33250943207784,1.4942932783666911,0.0921213684467806,16.220919245570677,3.5878448658493757e-59,7.982726592108636e-58
8172,Ppm1m,25.006348522310844,1.9023668659314608,0.1550344785363197,12.270605118885184,1.3027605824212472e-34,1.5821303517626922e-33
8220,Apeh,92.75002638911324,0.9057961982848598,0.0759854446074091,11.92065405374411,9.238043888866488e-33,1.060071597956018e-31
8221,Bsn,47.45480352793508,1.1312390573715057,0.1093010988483343,10.349750087519311,4.195795988452364e-25,3.766739232343683e-24
8239,Ndufaf3,178.99982384159296,0.5098082872278222,0.0512624468619963,9.945063461373142,2.6500506393824135e-23,2.1964021602615944e-22
8246,Prkar2a,637.5465683770168,0.6103009894483534,0.035460630333724,17.210663874407807,2.2088502116690412e-66,5.647422880360846e-65
8252,Pfkfb4,37.65215180496442,2.6958393819629727,0.1547229151730851,17.423659442734756,5.457247135072303e-68,1.4372942454539824e-66
8274,Prss42,68.31115561304836,0.7311465901849216,0.0843268127585252,8.670392799957972,4.306322149033351e-18,2.8504527533041346e-17
8275,Prss50,89.72636738518037,0.5050118814067638,0.0748395350917578,6.7479291632101726,1.4997012803099686e-11,7.040745232231069e-11
8281,Mlh1,41.3868729978702,1.0582951065550226,0.1223768370917923,8.647838363081872,5.248409828526513e-18,3.4648618754726937e-17
8289,4930520O04Rik,20.52184005467719,0.7683587353151862,0.1692575991212734,4.539581911265652,5.636588079314836e-06,1.6550143104610118e-05
8297,Osbpl10,39.41063503011173,0.8188161135231544,0.1078910803539147,7.589284589951227,3.2167655447152074e-14,1.750304786744852e-13
8298,Rps27rt,65.10485380118378,0.553599309067236,0.0894788490910713,6.186929254127796,6.134747972270313e-10,2.5556091600539127e-09
8301,Rbms3,24.276493284944337,1.4181230495807686,0.1493068515365749,9.498044028028936,2.138695873310791e-21,1.638979554446061e-20
8302,Zcwpw2,30.71380536590945,1.0189516580375937,0.1428289047857352,7.134071773260281,9.74424782777626e-13,4.902399482512981e-12
8307,Golga4,30.51722909449211,0.65406268031153,0.1457472271510588,4.487650935778221,7.201279113535373e-06,2.093698572527125e-05
8311,Plcd1,14.566852567744606,0.5231651622186545,0.1802636472521554,2.902222218364657,0.0037052560317399,0.0073952884596059
8317,Acaa1a,34.073641862317864,0.5369922144442497,0.1171980871691926,4.581919615027697,4.607270073171946e-06,1.3679446356473854e-05
8322,Exog,505.2940520918014,0.9503261664872624,0.0794534301626576,11.96079470127027,5.701365305980684e-33,6.585566477608336e-32
8327,Ttc21a,62.23914043248422,0.5334174478425634,0.0859550338104292,6.2057732304427535,5.442861606478445e-10,2.2766028168881853e-09
8333,Myrip,45.97839041559603,0.5374555926691366,0.1053198690915314,5.103078814141368,3.341717476591887e-07,1.1122945418850191e-06
8342,Trak1,657.9780915299112,0.9051519295760824,0.0382699612457969,23.65175976433717,1.1321153772031483e-123,6.555772753817437e-122
8344,Ss18l2,43.57056312614901,1.3829386944789608,0.1176299910925808,11.756684512460064,6.524640388893575e-32,7.281615259793927e-31
8347,Higd1a,12.713778224232668,0.9240826716826938,0.1985031569789618,4.655254282835572,3.23581101885936e-06,9.76831746898196e-06
8351,Ano10,29.16747029376096,0.822866625016656,0.1263798656578071,6.511057918392583,7.462336184377782e-11,3.3248747819719403e-10
8354,A730085K08Rik,10.61557959750764,0.6441070909908552,0.2268682808333351,2.8391236034623866,0.0045237630023302,0.008900941424927
8364,Kif15,10.522050492023604,0.7951807908439238,0.2114156004349097,3.761220975217213,0.0001690859685417,0.0004156558079642
8369,Tmem158,14.861889058198948,2.293174365501532,0.2204921822180338,10.400252482575208,2.472771173923105e-25,2.229063004616869e-24
8373,Slc6a20b,16.656683507871097,0.7659024446753073,0.171040555799461,4.477899648392751,7.538101926702647e-06,2.187262759153408e-05
8382,Mthfd1l,43.32762771832038,0.5674686199234106,0.1113969612913862,5.094112203285834,3.503792238994977e-07,1.165354101855157e-06
8384,Zbtb2,19.656316943648637,0.670561827798862,0.160191298527104,4.186006568174515,2.8390513593658007e-05,7.704737767316748e-05
8398,Nup43,499.28309290590806,0.7022344659772867,0.037238767561195,18.857618336141048,2.5442522090753215e-79,8.002496876314608e-78
8399,Lats1,242.64066089242365,0.7224312381113563,0.0536810295624569,13.457849895945468,2.7685557706825055e-41,4.075463242230275e-40
8402,Ginm1,37.66163712830152,1.488459547747335,0.1272835935385101,11.694040892214412,1.3672309158474268e-31,1.5152176334816095e-30
8414,Fbxo30,76.86749864015933,1.1251760263376007,0.0823490973822892,13.663489486887704,1.677486019888222e-42,2.537705494446819e-41
8421,Ltv1,279.4304620916992,0.7936455235693552,0.0495056444921123,16.03141483585383,7.710701606508433e-58,1.6771735036644213e-56
8428,Adgrg6,27.300743892731827,0.6742775222893455,0.136764012510992,4.930226233565297,8.213444394560427e-07,2.635536065542619e-06
8429,Gm16234,140.97110383653316,0.6009108585244066,0.0596311247482794,10.077134400215124,6.973010136293189e-24,5.94558757988763e-23
8436,Reps1,42.83290152874783,0.6398018473223617,0.1180880624645486,5.418006138549671,6.026734749190732e-08,2.1562098464371425e-07
8439,Gm10827,1056.897587896083,0.6630650454750698,0.0304698297794223,21.76136362674624,5.392090903352981e-105,2.430332106129818e-103
8444,Tnfaip3,76.00218503627677,0.9476576697870064,0.0915376688249101,10.352652432078544,4.070496303630061e-25,3.6561293969123015e-24
8454,Pde7b,80.22831699680943,0.8741862361604856,0.0770873419411073,11.340204684036712,8.29502207882346e-30,8.775762015394111e-29
8463,Slc2a12,56.46492810193731,1.0259426130817937,0.0974084958826666,10.53237301105226,6.127009750951368e-26,5.645371260518309e-25
8471,Gm15270,114.231964041039,0.6248077480346499,0.0633951125725438,9.855771567874006,6.471769383402806e-23,5.278838758253184e-22
8472,Ccn2,10.347496981435969,1.050485369056768,0.2185780188079955,4.805997303779849,1.5398197365913955e-06,4.80434746717401e-06
8473,Enpp1,36.22222137339444,0.6474832788045403,0.1145141025599135,5.654179392147606,1.5659259543439264e-08,5.8854315687871456e-08
8482,Gm48893,27.532269709394512,1.0650594275658618,0.1344658417225165,7.9206690258461085,2.3623599767348787e-15,1.3554117871764944e-14
8491,Rspo3,46.86680598268697,0.6306002822007898,0.1000675772526031,6.3017442763598615,2.943144719469268e-10,1.2556651586747632e-09
8493,Trmt11,22.56125481712992,0.9443636242248328,0.1453157060365022,6.498703065087926,8.101538663138688e-11,3.603247918132487e-10
8495,Hint3,91.0553437305442,0.8681099010891449,0.074871002752487,11.594741210545733,4.381881234454029e-31,4.795390427292369e-30
8496,Ncoa7,20.795875998398024,0.6052745975466042,0.1476718433198914,4.098781351536589,4.15331153477886e-05,0.0001105695115241
8498,Tpd52l1,253.63591709163856,0.645436466252786,0.0446310825486,14.461591101895223,2.1184347417996536e-47,3.6356414881837445e-46
8508,Gm48045,22.440197097189536,0.5627356146995188,0.1465717904625254,3.8393173265042138,0.0001233768856944,0.0003085833777208
8509,Calhm5,237.93046064390512,1.4771974153088752,0.0536183172084693,27.550238280800468,4.396374148072861e-167,4.025329377041791e-165
8511,Dse,39.198572424473866,1.0433817770697604,0.1174057110274038,8.886976348418203,6.279437022134309e-19,4.3217156490785056e-18
8515,Gm47512,31.31786983302223,2.147941820036692,0.1447768901988357,14.836220180490972,8.543617745370975e-50,1.5694410412925168e-48
8517,Hs3st5,154.84496703582005,0.6357348612821749,0.0552795300189845,11.50036661063952,1.3135630596495884e-30,1.4188752802441014e-29
8524,Fyn,41.89125364669313,0.8985029913205945,0.1058340363708013,8.48973564773235,2.071076604738769e-17,1.3252465299550526e-16
8531,Gtf3c6,283.77976968025524,0.6968941792990181,0.0592893493339273,11.754120885591032,6.7257089368264e-32,7.496443459988534e-31
8533,Cdk19,42.88072160301983,0.8574966836343998,0.114744504702288,7.473095865106831,7.832973936230278e-14,4.183966041441512e-13
8565,Hace1,15.497578626785913,1.0722709671443216,0.1787054569166785,6.00021390306099,1.9705776574968662e-09,7.936771550968492e-09
8574,Cep85l,333.13265324254496,0.629648583153303,0.0445001826936043,14.149348273210508,1.884960703307877e-45,3.0836475939614735e-44
8577,Fam184a,141.49776564683918,0.6403214458577041,0.0620226235941232,10.323998063157967,5.488885300066459e-25,4.9024323864944965e-24
8595,Dnajb12,87.43338694437182,0.6555347555645802,0.0761156314614168,8.612353901272852,7.157548386072205e-18,4.677548810748532e-17
8628,Ddx50,2373.409995512981,1.7779554586773345,0.0323118226052325,55.02492014763086,0.0,0.0
8636,Pbld2,94.12585893911525,0.7187784341715199,0.0729163661536949,9.85757343771713,6.3567032187495e-23,5.187402048039723e-22
8640,Gm26789,49.47246269600576,0.5524263281006119,0.0975283553249677,5.664263754473343,1.4765713843479152e-08,5.566346274946399e-08
8656,Ccdc6,22.09900707290332,0.8506076726570462,0.1634463434636925,5.204201297081924,1.9483272864644213e-07,6.661260525061545e-07
8663,Ube2d1,10.67182984013202,0.9092795697830848,0.2187980681775468,4.155793409680549,3.241606394798458e-05,8.745524844588951e-05
8674,Specc1l,54.684946617516346,0.6838205294972659,0.0975885428256685,7.007180450668658,2.43168563679602e-12,1.1938607079250084e-11
8677,Snrpd3,111.5194070389174,1.646088026451508,0.0861241579788387,19.112965108535075,1.9695354523851368e-81,6.3902107590558944e-80
8679,Susd2,36.391563803321,0.5461047335772146,0.1110577941610101,4.917302182190646,8.774505091144176e-07,2.810412912709329e-06
8683,Gstt1,37.52129392446127,1.019838929554784,0.1236195235625732,8.249820903399337,1.5863208130580232e-16,9.699852579985562e-16
8684,Gstt2,61.763866982081,0.6096683565088351,0.0967124896739895,6.303925775915608,2.901995083413351e-10,1.2390158695979658e-09
8709,Lrrc3,43.68304489519818,1.066977940327393,0.1156761309385501,9.223838415672777,2.866508677534693e-20,2.101865985439275e-19
8713,Dnmt3l,70.58141203656497,0.8867346871090742,0.0850014713994475,10.431992205664775,1.7713486154261826e-25,1.606708744116861e-24
8716,Pwp2,35.34292788413981,1.4696944647589911,0.1239908281807166,11.853251456768328,2.0700014584531852e-32,2.3491359834801627e-31
8722,Pdxk,68.19782287257333,1.1897393460143908,0.0888433540237312,13.3914276322413,6.786362278290267e-41,9.840788020127709e-40
8725,Slc1a6,17.250811342457613,1.289394449156792,0.381387471108902,3.380799178871338,0.0007227534505566,0.0016264975348519
8728,Mier2,14.313978177537194,2.3145549486535164,0.2297042278973331,10.07624008421827,7.036745861379598e-24,5.997008363733257e-23
8735,Hcn2,13.534211857683395,0.5675062841900687,0.189630582793507,2.99269387790702,0.0027652696510141,0.0056467813704968
8736,Polrmt,31.16676440187221,1.073730978841039,0.1330681609814112,8.069029968716798,7.085887317010113e-16,4.1709187950142316e-15
8751,Cnn2,29.966358359815448,1.560828126507679,0.1636155633255137,9.539606714566672,1.4337499640114346e-21,1.1069942326989832e-20
8753,Arhgap45,123.23720431882091,0.9437099521305192,0.0665183256899906,14.187217467389203,1.0993495557184116e-45,1.810303675179245e-44
8759,Cirbp,24.285092217830652,0.8016225651083451,0.1455524945653547,5.507446419947184,3.640761693725503e-08,1.3306089968625202e-07
8760,1600002K03Rik,46.68595177211935,0.6945736845195603,0.1007130651881936,6.896559877526034,5.327691520925958e-12,2.578761951783924e-11
8782,Izumo4,79.05050141156563,0.9630075041206324,0.1155998594446326,8.330524870420556,8.048472404456682e-17,5.012524409157352e-16
8788,Oaz1,20.699497424143733,0.7799434430368727,0.1539604191780458,5.065869833303817,4.065396543131133e-07,1.3429477662689318e-06
8794,Gng7,30.942550717488448,0.7818915081709729,0.1366292933625802,5.722722330825694,1.0483052211930033e-08,3.9992935663663266e-08
8802,Eef2,44.19610829442816,0.5184183255641988,0.1060893263937777,4.886620956004153,1.0258131555803497e-06,3.261119880892412e-06
8812,Hmg20b,147.67451541464507,1.0188691892158466,0.0592759992191282,17.188562025742435,3.2345565261810096e-66,8.221791356083357e-65
8813,Mfsd12,707.1974782210436,1.477967615171321,0.0457118417006056,32.3322701555413,2.4628719124554748e-229,4.0252994397216205e-227
8819,Gm16105,46.41774306855667,0.7017648462986359,0.1077543919885972,6.512633344661234,7.384460943509689e-11,3.2918545240911905e-10
8822,Tle5,13.833863520342106,0.8963832114060772,0.1854096541339389,4.834609155564979,1.3340748635761705e-06,4.192327262213848e-06
8835,AU041133,220.8134448986688,0.7446682062588666,0.0938208678285544,7.937127672061739,2.069170329054008e-15,1.1907091383513155e-14
8851,D10Wsu102e,43.71387439382345,1.1926319532856406,0.1167191050976094,10.217966906859598,1.6476016155268706e-24,1.4399428811761078e-23
8868,Pwp1,355.5002074112249,0.7177717592067099,0.0413368979624682,17.363948302516786,1.5470870139787204e-67,4.044164080786228e-66
8877,Nt5dc3,82.35735474799428,0.6855573766442652,0.0780179755853917,8.787172077977251,1.5337176336056245e-18,1.0375881615665438e-17
8885,Chpt1,29.48742671296027,0.5411850859334116,0.1294311211815138,4.181259352412278,2.898989648952596e-05,7.856646157270655e-05
8895,Scyl2,19.709323915365115,1.455123124899462,0.1660117938405692,8.765179215501409,1.8647977508558507e-18,1.2581629269663239e-17
8900,Ikbip,88.17217162851095,1.4950031056922226,0.098002946132664,15.254675136689013,1.532558606267433e-52,3.0181739759464944e-51
8907,Cdk17,226.38934964455493,1.88083510746072,0.065916334995599,28.5336723831247,4.479005733594004e-179,4.501658176384595e-177
8919,Nr2c1,19.980785729937736,0.8711664984692613,0.1539999737469337,5.656926279096894,1.5410791673902054e-08,5.79827721155764e-08
8925,Plxnc1,50.59270220485286,0.590881659939538,0.0952176699991445,6.205588310917992,5.449266025134262e-10,2.2787365912852214e-09
8927,Gm48882,181.8792809331564,0.6325316302710775,0.0521451275269554,12.13021542509609,7.305699681363954e-34,8.691297688958694e-33
8928,2310039L15Rik,453.4015195306623,1.3212019542577589,0.043039106284375,30.697708858731755,6.1068549993732425e-207,8.152418338094602e-205
8940,Poc1b,49.366916022399145,1.0922277631707085,0.1087670913549762,10.041895481107188,9.973887617501225e-24,8.426248630669634e-23
8942,Gm16239,103.07579182170274,1.1277203355131094,0.0740441577988479,15.230375616895138,2.2231062582900684e-52,4.34873403187659e-51
8950,4930430F08Rik,10.809753465904278,1.547245665776969,0.2315719173078698,6.681490932771177,2.3652341588806568e-11,1.0957143038544351e-10
8963,Ppp1r12a,442.9365048856666,0.5313514048036472,0.0373885787187866,14.21159677665574,7.763488218796248e-46,1.2832503021768316e-44
8968,E2f7,86.88635456982793,0.6775192894064711,0.0783997193135175,8.641858610451097,5.530584616655623e-18,3.645641303282079e-17
8973,Bbs10,73.5104487296982,0.9641790913941328,0.0818961072776426,11.77319806087231,5.365131428710112e-32,6.002905849346285e-31
8976,Gm30624,40.21429422103995,0.5673582396832427,0.1046293393554859,5.422553971745924,5.8753466384865844e-08,2.1050617089500797e-07
8984,Trhde,91.1924903979953,0.9692199380455,0.072949895231015,13.286104592422094,2.7871485262048143e-40,3.9984949488326327e-39
8985,Tph2,254.679447581274,0.6022323100184256,0.0483620240420606,12.452586961510583,1.353846055719909e-35,1.6899400301520175e-34
8986,Tbc1d15,90.01294241402529,0.6872952524931054,0.0787000191168052,8.733101468158896,2.477826171639073e-18,1.661511659878225e-17
9020,Helb,36.415618977960285,0.5967929324438811,0.1143264331590834,5.22007829644657,1.788475034448618e-07,6.129110602084545e-07
9037,BC048403,90.64213023668822,0.8900751885938475,0.0728993701537703,12.20964168437076,2.7610243700070507e-34,3.3322839325523325e-33
9040,Gm48877,74.91511843886228,0.5318751466230729,0.081013630089704,6.565255081572609,5.1943864816360106e-11,2.3448484974406437e-10
9045,Tafa2,142.9745146909863,0.8871862930024497,0.0644735150994995,13.76047655588947,4.4061285738988146e-43,6.788931850250437e-42
9051,Eef1akmt3,23.07340471200285,1.946824665387167,0.1648203193006749,11.811800108429924,3.3921986803002427e-32,3.8198821971082202e-31
9053,March9,15.949535079969158,0.7264112725202245,0.1720067188489392,4.223156382386304,2.4090454166420524e-05,6.596114959485864e-05
9067,Arhgap9,12.748959441832676,0.6303035696620591,0.1901759736881896,3.3143175630350545,0.0009186710709516,0.0020292686230645
9072,Stat6,12.285410437041728,1.1922302781702585,0.204908808871196,5.818345656968236,5.943290199307717e-09,2.3184532457170057e-08
9082,Rbms2,76.80844806369858,0.9798753603771504,0.0822847499417032,11.908347063962257,1.070788810823924e-32,1.2239186093914236e-31
9092,Coq10a,398.1244554758437,2.293848415335562,0.0582474206383334,39.38111576782762,0.0,0.0
9096,Rnf41,34.55480818907829,1.599092297186892,0.1352328906370679,11.824729099952952,2.9083944533174025e-32,3.2835379083030816e-31
9102,Rpl41,21.72925225405528,0.7120605223739689,0.1483301748627074,4.800510233558635,1.5826188747569935e-06,4.929967738110136e-06
9114,Dnajc14,31.72913321749991,0.5552256680133757,0.1213701770052243,4.574646603584308,4.770244861958313e-06,1.4120183166202942e-05
9155,Mtmr3,79.40723427864243,0.8969123837289991,0.084001259462234,10.67736828555815,1.2990210959578463e-26,1.235306195003307e-25
9162,Thoc5,48.306999081536986,0.5413133115120846,0.0980085877886222,5.523121225657794,3.330297862872343e-08,1.2214817329259968e-07
9164,Ap1b1,71.20861389673301,0.6927733299144502,0.0930160535062832,7.447889948025515,9.48448840689364e-14,5.044547848532724e-13
9170,Kremen1,24.044296344542783,1.0824930057190851,0.1575540429202049,6.870613953507535,6.3926174684723006e-12,3.0754909020259586e-11
9174,Ccdc117,27.85396002563438,1.2907441757064508,0.1381960448545439,9.339950192243222,9.637944633339195e-21,7.190630364668766e-20
9177,Urgcp,44.5992414802904,0.9989849192314816,0.1383132243903028,7.222627652815538,5.099249841643027e-13,2.6051908042843482e-12
9183,Myl7,38.5302931435745,1.9302042888499729,0.1284250717543352,15.02980891879326,4.683548055892136e-51,8.87387739993951e-50
9187,A730071L15Rik,15.5719226844287,0.9839244411781148,0.1852270516975855,5.311991051849907,1.0843392914818576e-07,3.7910686784155786e-07
9189,Tmed4,24.55327635259301,0.5131291170242916,0.1353162139696384,3.792074149661216,0.0001493942899398,0.0003694297712767
9197,Tbrg4,72.97141627392939,0.8112599583256589,0.0847122052475184,9.576659655539112,1.0023431310860869e-21,7.780282590516415e-21
9202,Hus1,58.41960036071203,0.5325703364679976,0.0916683637749242,5.809750654823854,6.256595576723992e-09,2.4330741259895306e-08
9204,Abca13,29.489873955205137,0.7567153114917706,0.1300998682501278,5.8164187379261785,6.0121749016066625e-09,2.34271200265814e-08
9214,4930554G24Rik,28.80018240038989,1.1976644140116124,0.1470176340458023,8.146399728065878,3.749193672999025e-16,2.245407498404348e-15
9221,Cnrip1,17.490663057146573,0.8473175128442791,0.1613093596246959,5.252748599434385,1.498460067004776e-07,5.179891214030347e-07
9227,Etaa1os,44.55820124360486,2.997738351623619,0.1494064095177664,20.064322282419536,1.5133952150687868e-89,5.513803233567279e-88
9229,Meis1,15.279444353066964,1.111375877494562,0.193860202267563,5.73287278407281,9.87436960584049e-09,3.7761420438866945e-08
9236,Aftph,17.586564667322058,0.6698160514480493,0.1680196577518006,3.986533840209962,6.704556905359092e-05,0.000174012008253
9259,Papolg,62.842721119906265,0.6076118278417374,0.0866668944826736,7.010887276723764,2.3681147592552164e-12,1.1636299777986856e-11
9272,Prorsd1,15.227633546930308,1.3045178082681677,0.1936167801806211,6.737627839132587,1.6099327854485344e-11,7.540038712352429e-11
9286,Chac2,18.73821169265374,1.1843484888557343,0.1661877890738928,7.126567453936899,1.0290282061133493e-12,5.159301969182985e-12
9289,Cpeb4,261.4748507838055,0.7196346098794134,0.0462097824896134,15.573209201778116,1.107103941062e-54,2.264448388455235e-53
9299,Gm12111,25.868720363317887,0.7325232518491959,0.1409146517853139,5.198346960862583,2.010685652502253e-07,6.863726467101192e-07
9304,Gabrp,99.39897989953624,0.8016074493913918,0.0695736432647701,11.521711553048714,1.0255341067985488e-30,1.114638934722997e-29
9310,Pank3,37.436558255717536,0.8552934119753761,0.1537019604184444,5.564622660939982,2.6272027674883947e-08,9.703172544421765e-08
9319,Gabrg2,529.3011011727518,0.5739368729722865,0.0446706027612105,12.848200774014664,8.803401137798933e-38,1.1842606084448288e-36
9326,Rnf145,26.151726433213764,2.4108250999081307,0.1900386936746458,12.685969648031596,7.0733023185967854e-37,9.156025976877909e-36
9327,Gm12158,26.8210934766698,0.6894641867827743,0.1345330806494146,5.124867307390945,2.977473633616087e-07,9.978930414848242e-07
9331,Sox30,26.574110479618213,0.6236868461858139,0.1304686226665032,4.78035893565036,1.7498250233496353e-06,5.424736750281585e-06
9341,Trim7,1071.3183898552438,0.5989618215451952,0.0309425223416952,19.357239688830724,1.7712570291261653e-83,5.945440100836541e-82
9342,Irgm1,37.71629993821523,0.8098970163275853,0.1124632038859789,7.201440011870026,5.957993869139937e-13,3.027117861229495e-12
9352,Rnf130,29.291276699236075,0.6723578512090099,0.1308693613631228,5.137626134992899,2.782307134897331e-07,9.355313819474048e-07
9358,Maml1,10.719287486602171,1.5826259985995232,0.2272386927925359,6.964597354220952,3.2934432634913905e-12,1.6101687389414996e-11
9388,Vdac1,38.17681170165402,0.824806682858579,0.1187532949577626,6.9455477690277165,3.769946301637811e-12,1.8395318337902357e-11
9389,9530068E07Rik,47.53058896321759,0.692703138406885,0.1012350175218725,6.842525001363504,7.780932002442422e-12,3.7229258237678e-11
9400,Gm12216,78.56991450579342,0.9459613881515828,0.0888870599680941,10.642284585530598,1.8942686150271042e-26,1.7887132580774298e-25
9403,Slc22a4,443.7008932862692,1.4899773257815283,0.0410695910883826,36.27933189242288,3.427213733811445e-288,8.562159110984936e-286
9407,Gm12224,55.09924023389408,0.5629961439053649,0.0913224456078723,6.164926269307361,7.051598943038447e-10,2.9187778062924587e-09
9419,Sparc,26.975619951567108,0.5815369345901895,0.1375076576510934,4.229123995885078,2.346030228454321e-05,6.430623297054729e-05
9424,Mfap3,12.61862644363688,0.6289134314487848,0.2083499870376974,3.018543175311037,0.0025399320709434,0.0052263009832519
9434,Igtp,53.70254360425258,0.7780529515518898,0.0926569034407519,8.397139583338264,4.574861065429044e-17,2.8820306308437723e-16
9451,Iba57,375.9415854806668,0.8901129364654741,0.0449781388963758,19.78990145670958,3.637522645455104e-87,1.2903244629557575e-85
9456,Arf1,45.571442526846006,0.8067536409099435,0.1123996684266217,7.177544668973992,7.097447323933195e-13,3.590400890973205e-12
9462,4933439C10Rik,177.05226224604257,0.8018333389977583,0.0540575373147909,14.832960930655725,8.968800393714704e-50,1.6458172223009733e-48
9465,Gm12264,32.61478385368323,1.2489714882416594,0.1430184858616364,8.7329374291515,2.4814238006876682e-18,1.6632862946119566e-17
9470,Nt5m,11.165777242224053,1.8136893241550884,0.2481618456685374,7.3084938551657155,2.701532964034057e-13,1.3994196823171677e-12
9477,Drc3,30.07338316941841,0.5258714062856368,0.1267790930024506,4.147934756683199,3.3548796889705954e-05,9.031732758731185e-05
9479,Gid4,24.152925443327103,1.340034836577433,0.1483965135280234,9.030096494311362,1.7152048593844432e-19,1.2080347394649677e-18
9493,Mfap4,99.8118888914751,0.5231310904312932,0.072453757560091,7.22020648822007,5.190869307499981e-13,2.651224370606299e-12
9495,B9d1,203.49068668746168,1.2394808499909136,0.0529705222550764,23.399445525990195,4.3294867677587625e-121,2.434535839053545e-119
9508,Pigl,38.29303311172119,1.6564317748916952,0.1228772517353491,13.4803777875769,2.0405930073489343e-41,3.014011023016737e-40
9510,Gm12279,270.11935179559555,1.5713102034612527,0.0604788856630042,25.981136825449884,8.09142915390629e-149,6.099263493254879e-147
9521,Tvp23b,290.1881488747288,1.075163277180193,0.063296410739067,16.986165007245734,1.0396855017786306e-64,2.571714293508443e-63
9527,Elac2,202.65172042151343,0.8314083535529162,0.059234147423463,14.035963877545232,9.391085506660996e-45,1.5108675560302442e-43
9529,Myocd,53.23247820221653,0.7582381378457865,0.0994322147219833,7.625678860375911,2.4275347037168412e-14,1.3274773889493468e-13
9542,Usp43,85.64739636916285,0.5413413932607017,0.0786905257002934,6.879371924931532,6.01170181540157e-12,2.894621182481901e-11
9546,C78197,62.523491235023606,0.5419217896999537,0.0877442195356755,6.176153740584769,6.568203088169852e-10,2.726435689672783e-09
9561,Vamp2,172.27845421385646,0.6804942698403794,0.0590801363234318,11.518156730631778,1.0687278036279951e-30,1.160864088810334e-29
9569,Tmem88,45.84373036824263,0.5875735906988375,0.1022205108452202,5.74809875083218,9.02525259170867e-09,3.4620227533187366e-08
9573,Efnb3,22.38073600889683,0.5315789590591413,0.1463171927625029,3.6330587610574394,0.0002800812030495,0.0006672197355851
9577,Sat2,28.798567038578,1.0073100177495842,0.1362716084304894,7.391928732267086,1.447140906854702e-13,7.622771138275612e-13
9578,Fxr2,30.22323449487736,0.6563382344889088,0.1237792038828824,5.302491968763376,1.142324936890079e-07,3.988216908830845e-07
9592,Tmem256,90.28877402459726,0.5829271969823295,0.0739569665240195,7.88197818785615,3.2223828482407964e-15,1.8332150699425845e-14
9597,Neurl4,15.370844692446996,0.6403795018063493,0.1699880529346031,3.767202993099242,0.0001650867635847,0.0004062816382733
9612,Rnasek,20.28207960635469,0.5842382662232252,0.1482731038300434,3.9402848603810328,8.138491022363178e-05,0.0002089954933907
9621,Pld2,67.40011093959153,1.2565092922463488,0.0983507556835592,12.775797028841666,2.238428733814361e-37,2.961092412779542e-36
9626,Gm12319,12.64322676273447,1.384698656962254,0.2124956445888595,6.516362533648133,7.203276096834255e-11,3.2143631635988116e-10
9631,Zfp3,248.35575099089192,1.1662526274997151,0.04908909515421,23.757875834460037,9.10965828438956e-125,5.34596322407398e-123
9633,Gm19967,597.0882402057839,0.5579856272694869,0.0387344173950559,14.405421968234055,4.783871395157244e-47,8.138165657442596e-46
9634,Nup88,68.45088031576947,0.531407920512731,0.0845888260147336,6.282247260650842,3.337135196632332e-10,1.417188448730117e-09
9638,Derl2,27.17559976803884,0.5375677770387663,0.1353226069759218,3.972490547232928,7.112505954545903e-05,0.0001838360983344
9643,Gm43951,44.15225876107232,0.7219706151148484,0.1105586290502705,6.530205930706424,6.567932320527693e-11,2.9390992943036933e-10
9644,Txndc17,17.35307624908262,0.900054006610926,0.1639799899228101,5.488803890246646,4.0466459441978864e-08,1.4727938454137906e-07
9650,Mybbp1a,51.98800163423071,1.6404090830362932,0.1154143534509871,14.213215548904175,7.586059597787461e-46,1.2551088954220158e-44
9661,Emc6,25.616920714453773,0.5411928767744697,0.1366026709591325,3.961803037777927,7.438589341475518e-05,0.0001919522656097
9664,Shpk,136.95541995111225,0.801916577248808,0.0623591479743102,12.859646151342057,7.59234256829646e-38,1.0229190048872764e-36
9672,Mnt,60.83231039571475,1.654908482812672,0.0975362772740922,16.967107306772835,1.4384538737557186e-64,3.5430537104563387e-63
9703,Blmh,31.52834238020704,1.8545098167739376,0.1479603478771997,12.533829795487476,4.875041942806969e-36,6.155576425690127e-35
9708,Git1,26.311918627217395,1.5413568529456596,0.1633835198693195,9.433979964310332,3.948169273204921e-21,2.9876929575857923e-20
9712,Nufip2,16.42156681018173,2.0423021764856397,0.1997778432522429,10.222866276051407,1.5663944767449535e-24,1.3703405007161453e-23
9726,Rpl23a,74.70646670483073,0.6926572734820773,0.0829861050948722,8.346665657946113,7.021712905756217e-17,4.38869604345478e-16
9727,Rab34,105.13805294176328,0.74390460695653,0.0681363942091023,10.917874589511984,9.468561254240928e-28,9.360440882654911e-27
9731,2610507B11Rik,64.2346067148158,1.7878971322288344,0.1057663220185657,16.904219586221352,4.188329594949076e-64,1.0158877663865388e-62
9732,Rskr,218.15896166516703,0.5543569778318066,0.0565997184429912,9.79434161656068,1.1907058663249677e-22,9.600306219590148e-22
9736,Unc119,116.3214989380939,0.8303002128866585,0.0770529876076394,10.775704338871575,4.483374760617716e-27,4.348599989666257e-26
9737,Slc46a1,152.88503001714793,0.6568664128790562,0.0580855416872517,11.30860440995458,1.189666869502165e-29,1.248793170099271e-28
9743,Tmem97,150.39627422397402,0.8001433960682256,0.0639278789582319,12.516345123713691,6.07695937765329e-36,7.645601841467677e-35
9750,Omg,118.68020461776592,0.7299819086283504,0.0687934048652763,10.611219346650062,2.642773899248335e-26,2.4807745544849644e-25
9754,Suz12,135.28648207449655,2.0569774102972453,0.0740432141103196,27.78076877149717,7.40741946147882e-170,6.854018600123894e-168
9776,Fndc8,10.386988692806025,0.957159054046307,0.2199494440237402,4.3517229984132,1.3507184528555044e-05,3.808668865452607e-05
9791,Dusp14,43.1591375283049,1.0379274515269523,0.1252735960438125,8.28528504253963,1.1782654222789877e-16,7.270820643900824e-16
9811,Brip1,24.517213331838622,0.954357882221114,0.1547389901546834,6.167533349332954,6.936348691738696e-10,2.8758384523737873e-09
9829,Ppm1e,114.80552749539504,1.7332552751131036,0.0770881645912312,22.484064633058605,5.944001796849793e-112,2.9281324907974413e-110
9834,Rnf43,15.699432115970966,0.5034243696524006,0.1787617420995012,2.8161751152111045,0.0048599168836847,0.0095071594894241
9836,Mir142hg,25.319364392511645,0.6937414516946266,0.1463523193444346,4.740214947068469,2.1349161207043546e-06,6.574293558527515e-06
9838,Mks1,750.0202520023785,0.5893281880021851,0.0391207983837531,15.06431904127326,2.7801538819803375e-51,5.296223430073219e-50
9844,Cuedc1,69.90428935691948,0.9284190598884255,0.0831821898258079,11.161272164541844,6.30823508077982e-29,6.466495609183908e-28
9847,C030037D09Rik,23.44321530964585,0.5725709075615845,0.1400109609028687,4.089472023256807,4.323562105851192e-05,0.0001148396933583
9866,Utp18,229.2188228222261,0.5285006932153111,0.048056389472201,10.997511444779471,3.9282316548249618e-28,3.9480985735390186e-27
9871,B230206L02Rik,37.90908006560682,1.7133195175242104,0.1253841495600749,13.664562255560956,1.6529477777349356e-42,2.502748981560914e-41
9878,Rsad1,19.528396546654253,0.5036710485437197,0.1587294192115348,3.17314238939216,0.0015079854747558,0.0032207681952284
9885,Col1a1,54.143677086884566,1.680724900953375,0.10873394306556,15.457223876632511,6.744313729300551e-54,1.3619464029793074e-52
9890,Dlx3,1047.6719825765942,0.6845877459521174,0.0302616113632139,22.62231636429987,2.6139013944220327e-113,1.3249828285696381e-111
9891,Dlx4os,23.53197237966657,1.058449985843169,0.1449893488977049,7.300191316742462,2.873588311901581e-13,1.4867843904891964e-12
9899,Phb,1066.7926192590996,0.5120408374482297,0.0380451162724784,13.458779670457629,2.7339412812506714e-41,4.027899336690121e-40
9913,Gm53,99.68067741722253,0.7365795967260962,0.068452492081556,10.760449683095787,5.29113393687043e-27,5.103770010369007e-26
9918,Hoxb2,52.78123493449417,0.775242683959057,0.0936548593429727,8.27765573935728,1.2562378000040515e-16,7.743773932488846e-16
9933,Gm11574,88.34759427545806,1.1023528232144102,0.0877429438758309,12.563435582631008,3.354444995774389e-36,4.253990869188e-35
9936,Kpnb1,56.709181525988754,1.361979480996293,0.0984141177471952,13.839269326123784,1.4770029064811037e-43,2.3082955164022825e-42
9937,Gm11583,104.15597493901298,0.8428212281547197,0.0688276657872756,12.245384446998557,1.778324046117017e-34,2.152202831729716e-33
9938,Npepps,14.704526192976315,0.6324513243458397,0.2032187286915824,3.1121704599662543,0.0018571722984002,0.0039073904180009
9944,Srcin1,30.010945040375148,0.5627119460425258,0.1326893903050845,4.240820948447476,2.2270374179268064e-05,6.121727501525305e-05
9948,Mllt6,43.40127784605741,1.6560108393979924,0.1203920123024826,13.755155410454442,4.742604981343233e-43,7.288108604018494e-42
9949,Cisd3,23.265695646196654,0.5651874772641846,0.1387793126906047,4.072562879196672,4.649864136686605e-05,0.0001231326832561
9961,Fbxl20,41.23872899660946,0.7468895894056448,0.1223613742766504,6.10396535525157,1.034687230763286e-09,4.238606299271105e-09
9973,Gm12359,35.87903379758799,0.7522021887451723,0.1130926495515361,6.651203165970527,2.907066627057442e-11,1.3385671715108095e-10
9978,Rara,147.5356180221035,0.6406927995982863,0.0576869556555481,11.106372182714876,1.1680922724330079e-28,1.191808498267704e-27
9986,Krt12,14.575223127202207,0.9755986789616083,0.184298223216208,5.29358700228538,1.1994013923571117e-07,4.176649054070324e-07
9993,Hap1,59.27318987888395,0.6588779752518632,0.0913618733069828,7.211738895041949,5.524182574811606e-13,2.816527838726104e-12
10003,Dnajc7,18.016490053957884,0.6417627073781867,0.1624330163958648,3.95093757179359,7.784563019397999e-05,0.0002002595441059
10007,Kcnh4,180.09606476577892,0.5570384557915425,0.0574333170709852,9.69887313147987,3.0484678472888697e-22,2.4177598962987647e-21
10010,Stat5a,38.11483390207278,0.6038437053423017,0.11144526908274,5.4182982401342805,6.016898747719146e-08,2.1531312727667778e-07
10022,Plekhh3,64.17316009428008,1.3418605091090443,0.1113951717011706,12.045948568657238,2.037193630392938e-33,2.3958602695569398e-32
10031,Aoc2,27.602637121135817,0.6745266191678962,0.1261045436830921,5.3489477814774045,8.846706019397553e-08,3.117291857086932e-07
10037,Rpl27,77.30321775899486,0.7831593224536144,0.0803408621099239,9.74795766296459,1.8821660861948968e-22,1.50711174520954e-21
10043,Tmem106a,11.527152431404728,0.7718938150908244,0.1977753798011733,3.902881217403407,9.505435795325889e-05,0.0002417906344562
10045,Rdm1,172.1717872165298,0.9401578659567168,0.0877621519875851,10.71256623344551,8.886375597360892e-27,8.50601732056088e-26
10047,Dhx8,31.464074305858784,0.6626299268411863,0.1247929424328567,5.309834946777587,1.097245577896345e-07,3.834658406525037e-07
10055,Hdac5,54.34446916113823,1.5302138254998556,0.1013225827217189,15.102396567432216,1.5615307246401853e-51,2.994303652687233e-50
10061,Rundc3a,488.0409315818813,0.6630751175372633,0.0351912771421629,18.84203050825992,3.4160569785987626e-79,1.0706093985974044e-77
10063,Grn,604.4312485445369,1.2738525008509314,0.0344222890543136,37.00661797479439,8.962273626848423e-300,2.4112652490203877e-297
10073,Eftud2,12.985120672896038,1.3758090760305004,0.2160897648650842,6.366840543741104,1.9296159361560374e-10,8.354821364569641e-10
10080,Plcd3,48.16893639817596,0.8307251047982026,0.1002753004955435,8.28444393278205,1.1866220020120498e-16,7.317223403098281e-16
10084,1700023F06Rik,18.107544838550577,1.6295993817654706,0.188522509764232,8.644057326647427,5.4251313814242086e-18,3.578826767195268e-17
10086,Arhgap27os2,192.21483379626,0.5169722519983125,0.0640455603810435,8.071945173444501,6.918694443540714e-16,4.0793704797248806e-15
10096,Gm11659,420.0298321047819,0.975140937134212,0.039004880453559,25.00048521608105,6.039565903812967e-138,4.062304943303122e-136
10101,Mettl2,240.74404109955617,0.5013871647589706,0.0511421828311686,9.803788907762456,1.0843998285862792e-22,8.755302032463919e-22
10117,Tcam1,26.08912769440619,0.8582077011175716,0.1460817233461266,5.874846500024719,4.2323533531469594e-09,1.6666380418787218e-08
10141,Cep112,19.337718358357787,1.4307395814930228,0.1772530198326524,8.071736001134472,6.930560335967447e-16,4.084989523269252e-15
10144,Gm11696,11.799620304633132,0.7343542228937529,0.2117440311198822,3.468122425977556,0.0005241084599743,0.0012018894240795
10152,Abca5,215.31624824669225,0.5386252971679619,0.0531771827497447,10.12887989389674,4.113342161874258e-24,3.554057694014676e-23
10156,Cog1,10.13283224394884,1.4757636368185147,0.2366795928877934,6.235280443118535,4.509694479131167e-10,1.8948951718175358e-09
10159,Cpsf4l,52.39667199033696,0.60231369896996,0.0931617962514934,6.465243514025789,1.0113580935131142e-10,4.45619308121878e-10
10166,Rab37,116.87821036003612,0.6248291528213177,0.078906147439029,7.918637179747304,2.4012791810506945e-15,1.3768383710890015e-14
10167,Slc9a3r1,36.30496810119627,0.700813196093725,0.1133166980030382,6.18455363105387,6.227843811553234e-10,2.5917736718662395e-09
10169,Tmem104,28.858086895288874,1.2208768879278629,0.1358930570549997,8.984100544840487,2.608591575622469e-19,1.8247619789794293e-18
10175,Atp5h,15.111453404521349,0.5042834634773251,0.1731955147381626,2.9116427422482727,0.0035953359080431,0.0071956093339274
10187,Tmem94,729.4559025450762,1.840086032544896,0.0442835565501164,41.55235432507414,0.0,0.0
10195,Sap30bpos,30.74277826317289,0.544230631016136,0.1275466594779118,4.266914031648037,1.9819548958376923e-05,5.48164276742204e-05
10202,Trim47,94.90500899254116,1.8512554911537409,0.0812680048753435,22.779635035871376,7.299627421630218e-115,3.7656603052940786e-113
10203,Mrpl38,501.5255100235884,0.7249204983821519,0.0424719892046841,17.06820217175518,2.559613201505973e-65,6.412967860735882e-64
10221,Mxra7,30.50218267483994,0.5115063349269181,0.1225141539095596,4.175079520236606,2.978819818336509e-05,8.063382728997039e-05
10241,Timp2,106.43100500042284,0.8391236735336944,0.0677862117576654,12.37897282906954,3.396620236502757e-35,4.189005267698182e-34
10246,Cbx2,21.800383139333714,0.9486704312509842,0.1468397096370715,6.460585039262978,1.042989612455276e-10,4.5909394267852677e-10
10250,Ccdc40,18.987069709085727,1.451277116318219,0.1664999551180492,8.716381426585109,2.8723449041509226e-18,1.920166960389577e-17
10251,Gaa,48.60281400898714,1.0124784017167106,0.1014945540968584,9.975691905109317,1.9473937313257106e-23,1.622487926318439e-22
10252,Eif4a3,29.07368527109089,1.3878298156779925,0.1347868812347686,10.296475465299205,7.309034060393647e-25,6.4784788468405534e-24
10255,Rnf213,559.655313753625,0.5899827859774852,0.0440533218570491,13.392469877571331,6.691783117674649e-41,9.719759398828427e-40
10264,Cep131,21.396590122411776,0.8380451552179731,0.1662386959256496,5.041215888704935,4.625832423912197e-07,1.5188989378403395e-06
10270,2900052L18Rik,16.64079735273537,1.1896384680259111,0.1795821739307645,6.624479713028533,3.484733694285894e-11,1.5923967297013774e-10
10277,Oxld1,51.16727137196957,0.7284024518183236,0.1002770077098008,7.263902946987631,3.7607789063534313e-13,1.9355062246706536e-12
10280,Hgs,100.43218926420808,0.5222421780689166,0.0715504558388427,7.298935722299142,2.9005283510295653e-13,1.499835594405826e-12
10282,Slc25a10,25.89999666401064,1.9111603646919104,0.1596203213932664,11.973164494408367,4.9118807195175405e-33,5.684908671272188e-32
10284,P4hb,45.37824727489696,0.6090626511675827,0.1052225084295675,5.788330465199553,7.108944851630849e-09,2.749253152705004e-08
10294,Cenpx,57.03722891075251,1.1951329026370618,0.0964958035764828,12.385335510365447,3.1376992986511964e-35,3.880628382942866e-34
10298,Hmga1b,107.53526900232974,1.499961565331796,0.0864699243586278,17.34662747142941,2.0916920300226336e-67,5.44337949717795e-66
10301,Fasn,15.062723462331263,0.6787474625730947,0.1976523302324672,3.434047358686797,0.0005946402933136,0.0013535167837392
10308,Foxk2,121.67764058675029,0.7967374263178235,0.070899703774621,11.237528281507712,2.6674652413087865e-29,2.7651826994669858e-28
10312,Zfp750,33.381642510519434,0.6702336672253586,0.1201623903237165,5.577732478687835,2.436740115021367e-08,9.026416253228908e-08
10316,Rab10,302.36133548546064,0.535336709366858,0.0509504865199631,10.506998969619366,8.020526621881349e-26,7.359022537432373e-25
10324,Efr3b,34.1935689019919,1.3838217646826472,0.1370991088672378,10.093586866583454,5.897433333767881e-24,5.0556036343594477e-23
10340,Ubxn2a,18.31756128127267,0.6026243010433225,0.1618576846265623,3.723173863716733,0.0001967339438764,0.000478975805445
10342,Klhl29,11.203926176561046,1.8190672789266151,0.2271255000512127,8.009084310288575,1.155656656259034e-15,6.752463616658199e-15
10348,Rhob,27.623137011251742,0.8168825663782845,0.1321515828434086,6.181405843214447,6.353324976300853e-10,2.641001834693352e-09
10350,Pum2,40.51252821446625,1.6516757247724685,0.1209409293460075,13.656879715609628,1.8368750228317974e-42,2.7764278651065225e-41
10358,Smc6,189.08966628126203,1.438277823721107,0.0552173572792603,26.04756718882896,1.4334962655565313e-149,1.0947154013996777e-147
10362,Mycn,21.233170831307355,1.240890662539884,0.1586947520447643,7.819355375972707,5.3094522576694784e-15,3.002965752979425e-14
10364,Nbas,97.42082424384336,0.91051702566993,0.078341970066663,11.62234016958151,3.173233408068352e-31,3.487963912023843e-30
10378,Gm10479,59.52587813399742,0.8437383955614429,0.0955578927089251,8.829604459063559,1.0504653996361456e-18,7.162003473230766e-18
10379,Gm49698,12.577028748982007,1.4026236959208451,0.2104224251122627,6.665751975686668,2.6331361787597556e-11,1.2146738457966394e-10
10380,Gm48693,56.23411775114301,0.5132159887923377,0.0906928313436208,5.658837431680165,1.5240183053120392e-08,5.739025005016567e-08
10385,Cpsf3,14.85039927387776,0.75408364991881,0.1802265753065122,4.184086884169753,2.8631459940778027e-05,7.762898782082576e-05
10393,Taf1b,29.04998518441846,0.573704874479338,0.1239046800665842,4.6302114994448855,3.652924198214589e-06,1.0961279749206716e-05
10398,Mboat2,43.21238603242176,0.639326847146139,0.10299974650116,6.207072044967977,5.398085566236216e-10,2.2584143632138513e-09
10412,Gm31508,92.99042026872507,0.802674251970104,0.0738437124430152,10.869906528460676,1.6036505724377671e-27,1.5746570022903802e-26
10418,Sh3yl1,111.75195520146508,1.0467105415973157,0.0702365527938696,14.90264684072984,3.167776501858814e-50,5.8871493586086014e-49
10426,Gm40375,13.818782479675034,1.2829676638931256,0.2039125191665415,6.291755254346533,3.1389612482617795e-10,1.335949240924848e-09
10428,4933406C10Rik,43.247029109133365,0.941827303312634,0.10689194509315,8.811022219605851,1.2400978148675488e-18,8.428616628994828e-18
10429,Sypl,190.31303518668923,2.255817908575112,0.0644367607600948,35.008245013646345,1.6854055412237261e-268,3.684296513115066e-266
10431,Gm16267,115.203917622758,1.4561020390647317,0.075377183535206,19.31754372839676,3.824194245134073e-83,1.2762883389103943e-81
10437,Twist1,14.9657644301368,0.8263078053682236,0.1750635428038291,4.720045031272781,2.3579243795019364e-06,7.2279371689272334e-06
10457,Gm47376,46.44859776439981,0.7175392404699886,0.1029588413925859,6.969185266314182,3.18781676952968e-12,1.5598360286943212e-11
10468,Nova1,54.491385769125735,0.9364529173312118,0.0982251264251616,9.533741023430508,1.5171518247571292e-21,1.1693235395043048e-20
10471,Gm40421,31.986519154287503,0.9554624396257888,0.125527337704119,7.611588496188081,2.7074741733851236e-14,1.477787401503091e-13
10474,Coch,15.200647869084106,0.9442739751276668,0.1861512128913857,5.072617902729571,3.923798705048191e-07,1.298134539422678e-06
10515,Lrfn5,27.70436774568555,0.9517649154292878,0.1383394166174528,6.879925755803813,5.98837624155897e-12,2.8841840735990987e-11
10520,Fkbp3,21.18187360294293,1.6301519446743706,0.1716991983638267,9.494231541023948,2.2184154295999344e-21,1.6985835828740655e-20
10521,Fancm,90.50056806887666,0.7526883348432291,0.0735638174670464,10.231773727354518,1.4287816296196843e-24,1.254344033071739e-23
10533,Klhdc1,15.167784892805164,0.7745604873987961,0.1789598840028889,4.328123544080374,1.5038511009170995e-05,4.220049430814865e-05
10551,Gm10457,128.79324412804388,0.9954945246701888,0.069029815411404,14.42122536091453,3.8052610162347047e-47,6.492332161162197e-46
10559,Dact1,956.2869099259252,1.051593698911244,0.0354464995218532,29.66706763986445,2.04318495750992e-193,2.3663058633730782e-191
10561,Daam1,57.60819499602278,1.1236134470879764,0.1037679322095185,10.828137587046454,2.5325381603503028e-27,2.47701495236052e-26
10563,L3hypdh,11.070278561737618,0.8844388088064212,0.2288802633065384,3.8641986688991854,0.0001114544834068,0.0002809334110434
10573,Mnat1,53.73926414263705,1.615233522837974,0.1117578227651622,14.452979512960622,2.400717795875096e-47,4.1160541974768316e-46
10574,Trmt5,103.7387936599364,1.1509517309679165,0.075435334414863,15.257461770344367,1.468504353224024e-52,2.8952879514297326e-51
10603,Sptb,207.87740000878543,0.7211771741173136,0.0667679274750601,10.801251459942272,3.3954372676045875e-27,3.309888903894594e-26
10619,Pigh,66.2073404890229,0.6974149098412274,0.0864533296986792,8.066952565875347,7.207453471396797e-16,4.2410479915137e-15
10632,Gm30025,48.94886991877732,0.7288031580997745,0.1034158070493032,7.047309099974622,1.824108213186443e-12,9.008755840780716e-12
10636,Gm47879,11.028307161148568,0.7026847314358752,0.2175307100149912,3.2302782967400288,0.0012366977619176,0.0026799916064779
10640,Gm20337,115.4809450459898,0.5908215224204835,0.0697053117936468,8.47598995281064,2.3308887447756722e-17,1.490405205434623e-16
10660,Gm29361,139.8378321161573,0.5076404714441259,0.0656399165156966,7.733715982449986,1.0445192453999127e-14,5.800747082741719e-14
10664,Riox1,56.04059501765516,0.7371805342438508,0.0990829385680868,7.440035034258519,1.0065860122761203e-13,5.344012198750697e-13
10671,Zfp410,72.03874445212608,0.6287046069353104,0.0860977853315177,7.302215783071492,2.830668081976576e-13,1.4650110511277404e-12
10674,Entpd5,306.2270944821317,1.4436188271953805,0.046790255855449,30.85297998060125,5.109109491653067e-209,7.03528399921487e-207
10679,Abcd4,236.9609611282448,1.185833147587794,0.051109785522162,23.20168506818714,4.3783227414714173e-119,2.4002541725032014e-117
10680,Vrtn,34.432284305702005,0.7351779048660047,0.1192625015732271,6.1643676358289845,7.076536184793741e-10,2.928406644573425e-09
10683,Ltbp2,153.93642525443028,0.7740051575667237,0.0578822493236899,13.372064261675824,8.806252918527987e-41,1.2717072753031996e-39
10706,4732487G21Rik,23.877661994353776,1.976816962055857,0.1592231362215291,12.415387668947105,2.156398010664722e-35,2.6764434641947947e-34
10707,Esrrb,46.19324806953566,1.3751133771617796,0.13327050873878,10.318212109905744,5.829860990832356e-25,5.1963613153759546e-24
10711,Tmem63c,36.41189349651166,0.5966172261783487,0.1121452581419385,5.320039706210583,1.0374460744163065e-07,3.632203593471946e-07
10737,Kcnk10,49.02447151845653,0.5188545304163977,0.098828980418612,5.250024114573222,1.5207930032693065e-07,5.253976302088824e-07
10741,Eml5,212.1532374531824,0.7787453907200061,0.0599549380989723,12.988844879373737,1.4154728831443854e-38,1.939952177149609e-37
10746,Gm26839,66.47577020616366,0.5236052180389866,0.0839706241721504,6.2355761101111895,4.501184365151773e-10,1.8917739047770776e-09
10751,Psmc1,15.741810667603977,2.255757686734195,0.2119462984439176,10.643062432775077,1.8785169028926526e-26,1.7747976011770242e-25
10753,Ttc7b,26.56527649589744,1.0683621360838242,0.1509696959301385,7.076666144828232,1.4766369373474905e-12,7.336200784185486e-12
10755,Ccdc88c,214.3169729871068,0.9771217162868512,0.0556047156176768,17.572641194773453,3.991491661409135e-69,1.0689618097201064e-67
10760,Fbln5,13.830561373706582,1.2278306671426389,0.2063741794504793,5.949536276350228,2.6890324129396307e-09,1.0746297723374832e-08
10761,Trip11,372.7404080509862,0.5440504966634515,0.0451780023898202,12.04237610970689,2.1273841427132017e-33,2.5002482451457303e-32
10768,Itpk1,49.87588913831028,0.8086147346053965,0.1013471039733478,7.978666413773843,1.479227551143635e-15,8.594262928372057e-15
10771,Tmem251,46.44528439332672,0.5374839067815751,0.1033291849200646,5.201665988146256,1.975099580112017e-07,6.751474092454838e-07
10776,Prima1,17.675145743896163,2.6426418634287145,0.2177822987385876,12.134328082379083,6.947795520793151e-34,8.276774391527973e-33
10780,Serpina3m,38.921194854478586,1.0504926872632274,0.1143437974800695,9.187141851278218,4.0341760319882965e-20,2.943248662803977e-19
10785,Snhg10,65.49141972920943,0.8742024802369573,0.0879114863542542,9.944121257536365,2.6752464357264727e-23,2.2151851168553296e-22
10789,D430019H16Rik,18.10172284914629,1.3897364188982326,0.1704289302487893,8.154345725631899,3.510752454842044e-16,2.107656674571839e-15
10799,Eml1,477.0840149881417,0.7112084946849705,0.0408928343399402,17.39200782153489,9.485241502093496e-68,2.486925088285024e-66
10815,Ppp2r5c,145.22779232260498,0.7698624374465098,0.0609210735394198,12.637046472077676,1.3191673219470932e-36,1.6888432010403198e-35
10833,Tnfaip2,133.9754603229688,0.9696905469193676,0.0613117745513315,15.815731219906564,2.4237917179437698e-56,5.1316306977482614e-55
10837,Mark3,93.3633049848208,0.712854079956191,0.0756131163510993,9.42765110547949,4.193748957970938e-21,3.170786069044347e-20
10848,Aspg,53.92415832300014,0.8536676957364882,0.1064435516300472,8.019909920926688,1.0582274072754866e-15,6.1914623280139545e-15
10865,Tedc1,40.85327040995464,0.8462896760146974,0.1234180790365847,6.85709648554676,7.027417059103206e-12,3.372543071613525e-11
10867,Zfp386,17.305534847917084,0.5496383416531091,0.164373030103441,3.343847474900341,0.0008262515027927,0.0018392930601882
10870,D430020J02Rik,163.91451823390463,0.6614956464043955,0.0537132166440341,12.31532363418543,7.491405306184132e-35,9.13596206377602e-34
10873,Gm5441,19.395011784824227,0.7979371416777984,0.1552150575774061,5.140848794775372,2.735000929818647e-07,9.201557572271738e-07
10883,2810429I04Rik,81.43184962688294,0.7936122476419198,0.0807308471964796,9.830347075516954,8.333108539361079e-23,6.749856513957691e-22
10893,Pfkp,533.4851338280934,0.7683584794586242,0.0439861860284872,17.46817691720315,2.5036784082904807e-68,6.613946828426576e-67
10899,Dip2c,25.29724374767466,0.7613303086298083,0.1399339555398612,5.440640234120571,5.308943007601489e-08,1.910738738772069e-07
10907,Lgals8,351.9407273750018,1.0024219089936044,0.0488176509247496,20.534005426414215,1.0698225521063042e-93,4.185471317949675e-92
10916,Ggps1,33.37287630291805,0.8584211516735093,0.1269109232000864,6.763965859109946,1.3426473583424794e-11,6.322083199432763e-11
10927,Mplkip,84.81182723532392,0.7196274766076709,0.0796369731240953,9.036348926600995,1.6199199945398513e-19,1.1432268306905941e-18
10938,Gm47664,24.753077830117704,0.6917017459562504,0.1418575960337681,4.876028956472632,1.0824272630029804e-06,3.4323640934535125e-06
10943,Zkscan3,33.34523323640878,1.0958242878291695,0.1386554108802822,7.903220515319991,2.717881424546458e-15,1.5537858892601652e-14
10945,Zscan26,526.2430492901531,0.6146678112209459,0.0478825889340738,12.836979472167616,1.0176815970836685e-37,1.3658646024404599e-36
10953,Hist1h4j,33.31607752682417,1.6297502896116078,0.1414993994367539,11.517718775478322,1.074172699782911e-30,1.1660541386594379e-29
10967,Gm11290,38.79481259587229,1.0639711729855432,0.1158369006840611,9.185079769075202,4.112224156929126e-20,2.99644066901569e-19
10968,Hist1h2ah,29.67554769309708,0.8045231245985719,0.124844019381704,6.444226392125238,1.1619153777753767e-10,5.095179570344983e-10
10970,Hist1h4i,24.62720395055999,1.1754086564805175,0.13993616177275,8.399606231799668,4.479782891236354e-17,2.8241688248717143e-16
10972,Hist1h2bj,201.79444724952555,0.8182889255314971,0.0535016877087697,15.29463761939173,8.302164225276772e-53,1.6424009951543006e-51
10976,Btn2a2,27.022325051838504,0.5691166515038079,0.1279463996096133,4.448086489657243,8.663864580821564e-06,2.498576249825322e-05
10989,Hist1h2ac,26.49060664754917,0.6448907646684438,0.1373569370807225,4.694999600125413,2.6660724567865944e-06,8.125527208833037e-06
10992,Hist1h1c,17.922910992285697,0.546354015264888,0.1568013257170339,3.4843711477978627,0.0004932949186924,0.001135695305173
11017,Gm11361,43.60648175134599,0.5397170192526322,0.1013514948799293,5.325200382017381,1.008418097085491e-07,3.536237353485275e-07
11033,1110046J04Rik,245.58513806855024,0.5544619500096917,0.0474087656636606,11.695346677939202,1.346362647177383e-31,1.493036777034754e-30
11047,Eci2,57.22714707873077,1.873161475831025,0.1159581643297643,16.153769651821044,1.0682880619053602e-58,2.3529246381109493e-57
11071,Pak1ip1,26.2889056609439,1.4420897592365844,0.1441819674393489,10.001873222067168,1.4954115599861116e-23,1.2530789344052285e-22
11086,Jarid2,10.890963851816146,0.9605712043444244,0.2098853421663953,4.576647394380173,4.724868454911598e-06,1.3995342062922428e-05
11095,Gm47523,14.345631126977231,0.77551905207301,0.1795275924532397,4.319776372398041,1.5618739351778692e-05,4.374447690325205e-05
11099,Tpmt,131.76945036551984,1.1185446034078173,0.0681539829006422,16.412021070558406,1.56894531724894e-60,3.581947220371993e-59
11113,Susd3,34.92497614800756,2.1071318078974937,0.1452891064552402,14.503026822225282,1.1592324542674367e-47,1.9992758540659694e-46
11114,Bicd2,148.89618579222804,1.012048389134212,0.0695837066185797,14.544329963359305,6.344905194136941e-48,1.1029791454778015e-46
11121,Ogn,189.9533288666671,1.301707391081435,0.1225489147723618,10.621941397844228,2.356093158431069e-26,2.2176187919613856e-25
11123,Iars,19.22381094006167,0.8057332337932684,0.1555052328416086,5.18138984180652,2.202386435732463e-07,7.49034111009127e-07
11142,Simc1,254.55270953698425,1.3179323297797254,0.0540129983300376,24.400280868073896,1.6984827348182964e-131,1.0920244877390576e-129
11158,Prr7,42.402242208255416,1.183272347279169,0.1145138132924932,10.33300973269341,4.9967678037239115e-25,4.469742984732674e-24
11165,Caml,14.546515919567437,0.6238330339740654,0.173903117452277,3.587244686083672,0.0003341906928122,0.0007875389888021
11182,2210016F16Rik,164.0070422294317,1.0737304170930626,0.0672185370756767,15.973724865273734,1.9479729143562812e-57,4.195338710130867e-56
11185,Naa35,13.00214476408563,1.9746674664400128,0.2216304213908587,8.909731137304327,5.115646738095506e-19,3.533271333168018e-18
11186,Golm1,35.68755389919843,1.5356009182643993,0.136801030829598,11.225068326986316,3.071489444837709e-29,3.1783554681255527e-28
11190,Tut7,42.2608159527372,1.4762969773411845,0.1463938542373954,10.084419083243684,6.4747026019449435e-24,5.536272837451512e-23
11191,Gm34961,15.636120671265028,2.0461281101545152,0.2056706659682666,9.948565589174574,2.5584418736211578e-23,2.1214808670406265e-22
11207,Fbp2,10.512769057296564,0.8594337141538344,0.2103165606494922,4.086381555022398,4.3815300551557423e-05,0.0001162910875771
11214,Zfp367,30.259564350233017,0.5684878154647007,0.1288343983695139,4.412546824910869,1.0216169007780666e-05,2.9216739756020976e-05
11221,Cdk20,57.68187211906187,1.297312053056617,0.0994583658518959,13.043770043320958,6.896090232672988e-39,9.53350403074982e-38
11245,Gm48900,62.4974905065257,1.7235430591261731,0.1027034982515857,16.7817366347554,3.319838903869608e-63,7.920510607213055e-62
11251,Zfp729b,116.60170930678328,1.1424661197816877,0.0721626507592062,15.8318203081798,1.8771115983818639e-56,3.9886910853586925e-55
11267,Med10,60.90688939058644,1.0027101657310702,0.1073888105300353,9.337194078061083,9.892083263648156e-21,7.373945102927492e-20
11271,Irx4,58.47074426737701,0.6496536342211616,0.0916624535913802,7.087456300452488,1.3659941552065986e-12,6.8039036702514936e-12
11278,Nkd2,22.074655503537677,2.064632226857142,0.1853810652513265,11.137233589946526,8.264678090647294e-29,8.442330049605134e-28
11284,Pdcd6,10.951499158352652,1.1164577784916534,0.2432996029173322,4.588818744891257,4.457612631632575e-06,1.3257607092175253e-05
11301,Gpr150,22.360673149115893,1.428276627143617,0.1630638567163445,8.759001877578275,1.969868386729312e-18,1.3280284636515884e-17
11314,Lysmd3,14.553107089792556,0.7097464784016363,0.1766880860746699,4.016945874334115,5.895725854343096e-05,0.0001541633578659
11322,Tmem161b,32.26490209454863,0.8999871195499413,0.139661817690348,6.444045584064735,1.1633012033798847e-10,5.099977800127205e-10
11324,Rasa1,107.214322772344,0.5848611286973617,0.0669875640851375,8.730891124120213,2.526738239782274e-18,1.6923630155998624e-17
11329,Tmem167,38.20983632498826,0.9475313780121086,0.1139215927587304,8.3173993188354,8.991441707333267e-17,5.583889651201852e-16
11341,Fam151b,113.62681920566722,0.999611143985362,0.0820851337094532,12.177736684008622,4.08460026439049e-34,4.8992791099904586e-33
11345,Cmya5,17.035129831742754,0.7717017864057621,0.1635324537125012,4.718951919858397,2.370628361310003e-06,7.264333061606682e-06
11350,Lhfpl2,16.55348890655866,0.6121101596771048,0.1736678639470229,3.524602340153316,0.0004241189509611,0.0009861710164086
11354,Wdr41,14.949748547556888,0.5831885355180702,0.1857206156165113,3.140138931707387,0.0016886772929602,0.0035763065326044
11357,Gm48730,645.0589866240173,1.1454517457647138,0.0463236015091511,24.72717380444677,5.458108837229699e-135,3.548379455222044e-133
11368,Fam169a,16.73325579234919,0.6504937902288201,0.1636179856733288,3.9756863376106,7.017657028822944e-05,0.0001815186897205
11370,Nsa2,159.16246693076346,0.5956101332558025,0.0563337633771106,10.57288023291924,3.980775610894201e-26,3.708886727933819e-25
11390,Mccc2,49.62638076791916,0.7932254842822996,0.0969669953181622,8.180365718042678,2.829836842536644e-16,1.7082563583804224e-15
11395,Marveld2,365.27410177832377,0.9763429866153602,0.0431447727070677,22.629461817872084,2.2229987341024372e-113,1.1301105192437044e-111
11399,Ccdc125,19.373983959914945,0.6942428765234858,0.1552728405273265,4.471115967002007,7.781248768689177e-06,2.2555690115504117e-05
11402,Ccnb1,32.70401528189064,0.8119673657769949,0.1267909687978853,6.403984238588271,1.513737453612508e-10,6.594977725155839e-10
11405,Mast4,11.275540648028333,1.009528969603419,0.2048066886069231,4.929179688759901,8.257560009302866e-07,2.648719909073524e-06
11409,Sgtb,15.343719406788615,2.016118076512992,0.2231465903885726,9.034949057488433,1.6407883597578484e-19,1.157020436913115e-18
11447,BC067074,55.44742008654155,0.5554244065644652,0.093866338679115,5.917184097945913,3.275000579954134e-09,1.2993015005044896e-08
11457,Isl1,50.862146379306616,0.6767749336704066,0.0962961905374895,7.028055106779412,2.094321885234464e-12,1.0319949599599974e-11
11461,4933413L06Rik,127.08653993476446,0.6153369135455091,0.0659531336767839,9.32991170004274,1.0595914478273408e-20,7.885163931746612e-20
11465,Paip1,268.3036601178433,0.5084876322099111,0.0546513429720716,9.304211105475709,1.3499069937194216e-20,9.998802840391888e-20
11477,Gm3164,394.8209654771929,1.4603724889432783,0.0991941763067669,14.72236116389479,4.632005675783122e-49,8.342380562110736e-48
11479,Gm3252,14.574262771136487,1.0673472645813955,0.1814791608033524,5.881376461388612,4.068685705670719e-09,1.6047175376808646e-08
11492,Flnb,54.80899227662106,0.6009643316356431,0.1378909301212605,4.3582585969008845,1.3110142285419247e-05,3.703879940022808e-05
11493,Abhd6,302.0553231224472,0.6162093054407506,0.0450199132734067,13.687483174356649,1.2061514697183353e-42,1.8310049394474166e-41
11503,Gm5087,302.95129624618426,0.7107554779137698,0.0496133003545129,14.32590601381184,1.5074919201738468e-46,2.5349056442307922e-45
11513,Nek10,139.13707127711194,0.5139170156668201,0.0597245668463182,8.604784309097106,7.646040353358263e-18,4.987465635939176e-17
11536,Gm30054,11.09028938641815,0.7653353327410987,0.2379576682781181,3.2162667346639,0.0012987006352468,0.0028025267410163
11545,Synpo2l,42.72691049426995,0.996358720476642,0.1115767334751063,8.92980722274808,4.2675178562109673e-19,2.952150010657333e-18
11565,AC163638.2,79.89631217679464,0.5876388327015645,0.0758421400649334,7.748183690471396,9.3216231011398e-15,5.188305053874375e-14
11574,Anxa11os,417.3371611235819,1.9464277408140784,0.0551254911274701,35.309032191898844,4.2679028558536166e-273,9.447732296603551e-271
11576,Duxbl3,59.38631563047881,0.7178958790215736,0.0898781557152753,7.987434469570041,1.3777584947235616e-15,8.018050101738985e-15
11579,Slmap,62.381525241270175,1.505311025245614,0.1041549672817577,14.452609074068253,2.4136666976645737e-47,4.134202077253485e-46
11585,Asb14,25.85721044643056,1.510808686094223,0.14991591303137,10.077707266326591,6.932484138992259e-24,5.913916225497396e-23
11589,Arhgef3,65.50602798474472,1.196053266858072,0.1109724008841624,10.777934489374177,4.3760155039364435e-27,4.249181517648003e-26
11597,Selenok,46.58662656710336,0.6853959839010647,0.1013808504417967,6.760605981447688,1.3741576697462875e-11,6.466972370431399e-11
11599,Chdh,11.58256793989745,1.642641302821109,0.2302856631712786,7.133059349853527,9.816220395737214e-13,4.9371890215890825e-12
11600,Cacna1d,51.28749055187331,0.8515847288886066,0.1292287240449646,6.589748023762122,4.4057365792901374e-11,1.9996761302524242e-10
11602,Tkt,15.813036446013893,1.4186481487565108,0.183461594997844,7.732670964586251,1.0531324457874963e-14,5.846723876803727e-14
11613,Nisch,909.2592723703048,0.7384493811202917,0.0471740270045745,15.653727867003656,3.133158012271661e-55,6.50744267441886e-54
11646,Wapl,19.75082122965736,0.6493962512184489,0.1521369440352848,4.26849806492653,1.9679353462177732e-05,5.445451477002599e-05
11658,Gm32857,40.2233738298356,0.7506521572671817,0.112650218985962,6.663565894716322,2.672621318180749e-11,1.2325633336588855e-10
11679,Gm49189,180.2053511314535,0.532151070658566,0.0607576050345765,8.758591954961421,1.977044028942274e-18,1.3323524461711939e-17
11692,Ccnb1ip1,310.23871541473767,1.1491987390634195,0.0472898398604926,24.30117637221044,1.904983229129579e-130,1.2070415475006547e-128
11698,Pnp,17.09827003103916,0.5067827794660874,0.1614003071410244,3.139912113198663,0.0016899852660799,0.0035784553012721
11699,Pnp2,11.329564797644096,1.6337336475450923,0.2266500551968624,7.208176702741472,5.67060155674471e-13,2.886971761989854e-12
11708,Supt16,35.385453303011566,1.6526470910163196,0.1294831763617361,12.763411722302305,2.6244936561800245e-37,3.461323156808165e-36
11710,Chd8,78.87685974039964,0.9868660294729292,0.083199492817714,11.861442853204696,1.8771219884744896e-32,2.13163047626246e-31
11725,Gm17606,12.105099963574006,0.5907218397715778,0.1969386217717956,2.999522564223497,0.0027040309411745,0.0055320651730533
11746,Psme2,113.813183253563,0.689762185913996,0.063776891692503,10.815236798300674,2.915387979441036e-27,2.845106304936654e-26
11769,Rnf17,290.5870678416544,0.8162611354991111,0.047046437572882,17.35011570715846,1.968473476088232e-67,5.138009574601642e-66
11770,Cenpj,41.853229411695416,0.6794180556852822,0.1068106257197984,6.36095941865965,2.0049741629009104e-10,8.670372937886034e-10
11777,2410022M11Rik,89.82151573634742,0.5294299409037866,0.0732631531997631,7.226414886351059,4.959111865890165e-13,2.5365588859516585e-12
11827,Mir124a-1hg,60.12696773938162,0.5938021872115014,0.0925586043480932,6.415418549077705,1.404364845089457e-10,6.132217830443051e-10
11828,Kif13b,41.386811207687465,0.6903969973157883,0.1049792246968497,6.57651072685533,4.816162701034189e-11,2.180301664915504e-10
11839,Clu,203.90418204785684,0.5296159700144092,0.0498894950904111,10.615781319386466,2.5167995428630682e-26,2.3637911066374514e-25
11847,Dpysl2,199.7302903479342,0.9749182180428998,0.0593851504290149,16.416868712124455,1.448515299754063e-60,3.311324910078308e-59
11850,Bnip3l,62.86930033949625,0.6228351704319207,0.0861693973399665,7.228032104885587,4.900428962457355e-13,2.5072762345071455e-12
11860,Slc25a37,45.64632931501017,0.6675513378542857,0.1162809553581639,5.740848411488543,9.420338994510187e-09,3.6088255933405086e-08
11873,Ppp3cc,24.66683717584115,0.5760880793369354,0.1435589426530302,4.0129027749200645,5.997662074356517e-05,0.0001567116604756
11877,Bmp1,23.323662307900907,0.6879041284347353,0.1415005131269935,4.861495645725023,1.1650214373327876e-06,3.6855815658603096e-06
11884,Dok2,805.1211866185308,1.2055440962300024,0.0297166326431389,40.56799135713453,0.0,0.0
11895,Gm49164,23.06368737535925,0.7664603631036963,0.1430512259837932,5.357943336959106,8.417462848766004e-08,2.974431002206908e-07
11903,Gm4285,222.1484572272658,1.1097399991572108,0.0597456408556444,18.574409501080257,5.177146738425387e-77,1.5718392736385966e-75
11908,Tsc22d1,14.286435176561506,1.0400172782910593,0.1976501086603772,5.261910986743368,1.4256578819247713e-07,4.933103490126711e-07
11916,Gm49003,131.50573857453125,1.486583398670686,0.0863373032102216,17.21832097362391,1.9352125872466546e-66,4.962316382077639e-65
11921,Vwa8,15.548396803494478,0.5392681005359142,0.1727441265337546,3.121773870734412,0.0017976495835877,0.0037912802602246
11939,Bora,15.460754898495802,1.8865245414034948,0.1977421117436363,9.540327676126408,1.4238171775690626e-21,1.1007831477156393e-20
11954,Gm34907,3521.2297889771544,1.4764678728742613,0.030582527711548,48.27815041320935,0.0,0.0
11969,Sox21,35.90360191115602,0.684487132379123,0.1151230848606302,5.945698321129714,2.752807303319582e-09,1.0996138446882793e-08
11975,Uggt2,90.58062529034272,0.5111924345524819,0.0716669255356033,7.132891926534885,9.828172583706773e-13,4.9417792450794724e-12
11984,Dock9,11.075882395321903,0.8126036927997081,0.2113017757901388,3.845702146899,0.0001202077144124,0.0003013896071176
11992,Zic2,45.8467897313582,0.6126540395377006,0.1529807282695673,4.004779206294162,6.207543357259615e-05,0.0001619294723027
12005,Oxct1,64.40562601258597,0.5712900931200743,0.0988929927371816,5.7768510923553205,7.611158833048035e-09,2.933743567827728e-08
12008,C7,62.3856217497528,2.147310827263209,0.1126992248385386,19.05346580989894,6.149290046450185e-81,1.9768158884617803e-79
12011,Prkaa1,87.35966139122132,0.962976336786088,0.077834065787394,12.372170553398622,3.696940696125611e-35,4.549760654035516e-34
12018,Osmr,128.70535151315605,0.5219624301296999,0.0635923569159944,8.207942832174197,2.2501029448318165e-16,1.3653643407084945e-15
12020,Egflam,910.9620076804772,1.1243247007427004,0.0370841186376748,30.318226293248475,6.5938712743229465e-202,8.063889569605573e-200
12029,Lmbrd2,351.23927570116825,0.8578030488670104,0.0408274739380998,21.010436505759795,5.2648610572219404e-98,2.166397415734054e-96
12036,Rai14,36.79826693944448,1.1748991625138638,0.1249590477726613,9.402273652495849,5.339652805828352e-21,4.0232592963518406e-20
12037,Gm10389,13.565885988888011,0.8541716179845454,0.1894318516912875,4.509123520455092,6.509600185123381e-06,1.8985971987564656e-05
12042,Sub1,22.76362336832021,1.1380598847616252,0.1484834727318195,7.664555952413028,1.7945096448512028e-14,9.865572043117836e-14
12045,Pdzd2,16.756457178485714,4.727927477985466,0.3882289873144636,12.178192851312948,4.061822279287954e-34,4.875301854508424e-33
12055,Gm2824,36.799338716945165,0.6744328835104312,0.1129099645654267,5.973191879974638,2.326559839438268e-09,9.32757415683091e-09
12070,Cmbl,34.928120877809576,0.55528989761234,0.1189531113817597,4.6681410108747095,3.0393727707167717e-06,9.20071854150855e-06
12072,Atpsckmt,56.51237874523158,0.8248288783167773,0.1025864113042819,8.040332709078292,8.959487107803092e-16,5.254309541960445e-15
12092,Spag1,17.468712804121235,1.507837082806731,0.1768232615142782,8.527368344492247,1.4971456493189876e-17,9.636394227195603e-17
12095,Snx31,155.28448496436246,0.5074423889709568,0.0605476197912947,8.380880878886577,5.253304647915453e-17,3.2999206782595347e-16
12096,Pabpc1,17.70789482706376,0.9859816621665456,0.1674432844535285,5.888451515893372,3.898308736164495e-09,1.5385606675252693e-08
12103,Gm16137,18.015546070953125,1.2358075870582046,0.1745035536131357,7.08184768430515,1.4224495765933028e-12,7.077040738396493e-12
12126,Angpt1,22.96189970438256,1.0067753409104063,0.1478839873459904,6.807872569428006,9.905253922123789e-12,4.704592085554068e-11
12130,Emc2,824.0232451254706,0.9502367845902924,0.0370519700810447,25.64605289575195,4.679204989704445e-145,3.4527399518966814e-143
12132,Eny2,17.67782335687801,0.8668805032192701,0.1636616196221381,5.2967855580356815,1.178589671440495e-07,4.108267126599836e-07
12144,Dscc1,39.75603292058975,0.7910462195857424,0.1111057594236837,7.11975890078944,1.081160189537777e-12,5.406728451425976e-12
12151,Sntb1,519.0806126264084,0.6181168993041583,0.0437190307419158,14.138394397466271,2.2025242472246065e-45,3.596428014515772e-44
12158,Gm29394,97.16974550952315,0.6245398719175962,0.0703205761001112,8.88132473528766,6.606876983022897e-19,4.5452818520497415e-18
12162,Tmem65,185.82112177020997,1.4595126062948756,0.057705073983506,25.29262169756597,3.850799315379148e-141,2.7375113181849813e-139
12174,Myc,121.96273506726196,1.4860357513051827,0.0829685599720477,17.910829738467566,9.707759737765158e-72,2.7515284002275052e-70
12179,Kcnq3,36.76328169730628,0.7741937013594126,0.1157329409035672,6.689484388066298,2.2395827485042203e-11,1.0380552108624916e-10
12191,Ptk2,168.94755254749882,1.4327467386620771,0.063194064912149,22.67217246831407,8.432832286975805e-114,4.312086872357687e-112
12201,Lynx1,72.43605936751031,1.2730187023672013,0.086363370325124,14.740261960305489,3.554034911278255e-49,6.426871772670636e-48
12206,Zc3h3,125.3984275081079,0.521219074723909,0.0672576136320528,7.749592151386008,9.218815892297307e-15,5.137624357058487e-14
12225,Parp10,31.501948967361937,0.5124343372116686,0.1425235419155166,3.5954364473724847,0.0003238481827968,0.00076471199308
12229,Gpaa1,538.9593817520255,0.7258106374189756,0.0385873099583482,18.80956817675105,6.304924863566484e-79,1.9584462879937955e-77
12230,Cyc1,152.553604830932,0.5245469135749087,0.0648442517172209,8.089335595426455,5.99910686529872e-16,3.553942441068564e-15
12231,Sharpin,47.36827838306903,1.472282164957413,0.1097843054108841,13.4106797820251,5.235670487510453e-41,7.642855215824941e-40
12237,Dgat1,108.2844051576357,1.2313797301156022,0.0781339210923135,15.759860927250196,5.876215404570749e-56,1.2366216004227827e-54
12241,Vps28,39.163176632519125,1.077934041907932,0.1180003143798986,9.135009915630848,6.540078221524462e-20,4.718353462789595e-19
12258,Rbfox2,82.46278457867383,0.5560900670441914,0.0788499315051966,7.052511732461581,1.7571659171665509e-12,8.683051019895067e-12
12262,Eif3d,22.33237874938779,0.6367326445446516,0.1515495861360681,4.20148058981147,2.6517498650627e-05,7.216589113012215e-05
12271,Cdc42ep1,28.792879729445023,1.3981723202810166,0.1335727378501811,10.467497655466529,1.2182070113889256e-25,1.1119000112301423e-24
12283,Polr2f,66.62312625857795,0.622901616161352,0.0867930300755851,7.176862192953605,7.13295196436605e-13,3.606275338329965e-12
12288,Tmem184b,23.30193026843043,1.8274594539034124,0.1768483084866765,10.33348562698348,4.97203145834732e-25,4.4498918190162724e-24
12298,Gtpbp1,238.96034798154355,0.7165781529081025,0.047643251271063,15.040496477269778,3.9854976963481184e-51,7.575911273232162e-50
12299,Gm16576,52.01825277670387,0.540303437641101,0.098087707329435,5.508370542564018,3.6217043599547135e-08,1.3241974879131928e-07
12334,Xrcc6,50.58453321137279,1.0214927037716006,0.099158560312272,10.301608863165178,6.929257007661382e-25,6.1512104847706725e-24
12335,Desi1,71.88174590154337,1.1331553011947229,0.0852383921412586,13.293954434485782,2.509567071610513e-40,3.6032273356588376e-39
12336,Snu13,30.28020093433562,0.7915546056200335,0.1269840157835118,6.233497977962139,4.5613324618841296e-10,1.9161321665488747e-09
12337,Mei1,31.79652664074646,0.6232962232545434,0.1291736651089241,4.825257708132353,1.3982235247577603e-06,4.384432681750297e-06
12347,Tcf20,28.720782247939518,1.9055791254535484,0.145554277585247,13.091879930065986,3.6642489460538506e-39,5.101941526161603e-38
12349,Serhl,113.63963476134002,0.561017499683231,0.0664569480712948,8.44181859030561,3.1243800026837144e-17,1.9876012181496103e-16
12350,Rrp7a,13.890591760212986,0.688613665528386,0.1841770633701752,3.7388676577188655,0.0001848510021353,0.0004517122752104
12353,Gm49463,90.0894771977079,1.4939016944315917,0.0966107885460253,15.463093893700048,6.156889931045474e-54,1.2476441612297014e-52
12372,Gm29666,11.026991189876563,0.8211608368390997,0.2154956680625825,3.810567721484892,0.0001386480237764,0.0003446100966176
12407,C230037L18Rik,200.40050644812385,0.8076405250999152,0.062090033006466,13.007571199322893,1.1080823972149816e-38,1.5222423379808017e-37
12415,Cntn1,12.253374481359185,0.6763076678258444,0.1937749663313485,3.4901704829579554,0.0004827125003164,0.0011126500864022
12418,Gm30085,13.380520358367228,3.0731268494780104,0.3891586334859614,7.896848701389199,2.8604324073888935e-15,1.6331453457530842e-14
12433,2610037D02Rik,31.08815509755303,1.509406219568588,0.1442110703075956,10.466645981817438,1.2292135680835834e-25,1.1207761667698492e-24
12436,Scaf11,101.74593814201916,0.9873461239927216,0.0801913589960712,12.312375502217064,7.770197755670866e-35,9.469353195203632e-34
12445,Col2a1,30.252984033596583,1.1722769036326524,0.1282211429228346,9.142617800077996,6.095851406491809e-20,4.410601960973469e-19
12472,Spats2,15.838494148757077,1.6585763509768994,0.1981355256313732,8.370918570466985,5.717080754100805e-17,3.58609426928676e-16
12481,Racgap1,301.2196704029496,0.6256952673373156,0.0449355084683537,13.924294809704172,4.509705372855801e-44,7.130716777622264e-43
12487,Gm17058,39.61635956604101,0.635501332202265,0.1235874331241194,5.142119357427126,2.716564352446916e-07,9.14480796835258e-07
12502,Csrnp2,689.0521838291189,0.6390832957067895,0.0524479937297311,12.185085648843655,3.732609860690869e-34,4.489400360643874e-33
12510,Slc4a8,113.28945924549453,0.92859304843426,0.0660134339563175,14.06672843362048,6.081854462304571e-45,9.829895641107425e-44
12518,Krt8,21.52465071261669,0.8032832748053069,0.1482125725950169,5.419805221249591,5.966400449669019e-08,2.136809565099566e-07
12528,Rarg,289.9710779195088,0.656217137817308,0.0570880720690023,11.494820442073056,1.4007198314115172e-30,1.512085704427445e-29
12530,Espl1,156.1888211265514,0.6599873363455159,0.0741651325252914,8.898889732590307,5.640810001347426e-19,3.889845634998571e-18
12533,Aaas,652.4498924529672,0.8951014048606246,0.0314660834613594,28.44654645246256,5.376802768922082e-178,5.312402645362112e-176
12540,Atf7,51.73309082058238,0.74350989239317,0.0964878399300185,7.705736732550226,1.3009057340929299e-14,7.195341839151619e-14
12550,Gtsf1,13.80202870477504,0.7286624157101702,0.1918649679462502,3.797787701996232,0.000145993278926,0.0003612244937964
12552,Nckap1l,137.95113377850302,1.4124273279833996,0.0808015487633907,17.480201179303837,2.0278236089055833e-68,5.38127151328389e-67
12560,Naa60,33.03452400429466,1.856350242261523,0.136120121222033,13.63758881196945,2.3934408201340048e-42,3.6083183674571965e-41
12569,Tfap4,340.1594008625912,0.9246658932481012,0.0627773863813299,14.72928305156549,4.1811806828870086e-49,7.538194616734848e-48
12604,Nubp1,20.7298888704784,0.505850077019065,0.1471006113352738,3.438803363407676,0.000584291473826,0.0013308269463753
12638,Fopnl,196.18858761186883,2.473890075412741,0.0813434775772199,30.412888028597735,3.710470537776973e-203,4.668252429111057e-201
12640,A630010A05Rik,341.1245699032583,0.5165214810798232,0.0386717424184158,13.356560857569486,1.0846058970751423e-40,1.56240427743411e-39
12641,Snai2,188.83553581735956,0.6714974737331272,0.050802194309908,13.21788325986075,6.918359771955538e-40,9.78078219013407e-39
12645,Cebpd,879.0052090692512,0.8114851509756725,0.0824206804300263,9.845649741567092,7.157523836088799e-23,5.81378434024714e-22
12657,1700056N10Rik,80.00543558705267,1.1157367046026283,0.0892630451602585,12.499424623028368,7.519353505268889e-36,9.446728024435511e-35
12659,Ppil2,37.56423359984242,0.841262439622132,0.1114702589926573,7.546967659575879,4.4550915702324937e-14,2.4113476131298615e-13
12660,Gm49584,309.0303668016292,1.1046467589994131,0.0505473213780761,21.85371507101327,7.165969405191373e-106,3.2720227926367294e-104
12663,Ccdc116,956.5990487349504,0.7910352343617204,0.0414968684691795,19.06252841583061,5.171426521101056e-81,1.665523149189968e-79
12673,Thap7,60.49726999296238,0.9653846579700812,0.0899364777934506,10.7340723325545,7.042268968379849e-27,6.748230121590509e-26
12679,Ess2,511.5835692133885,1.6293352427064176,0.0499659988103746,32.60887966814967,3.0694421724773093e-233,5.161385068488768e-231
12696,Mrpl40,13.800311939629587,0.8494431173790028,0.1902373385485933,4.465175574152732,8.000311699331952e-06,2.3152316895236995e-05
12703,Gm16618,12.231513698813808,1.3232312987201111,0.2097756627389063,6.307839915476982,2.8295665292702207e-10,1.2092732029295603e-09
12704,Dvl3,75.27949826310869,2.0838315187120333,0.1037243423013203,20.090091414207084,9.009605680620732e-90,3.3100837004767933e-88
12705,Ap2m1,85.442350261686,0.5013581377305063,0.0787417802454286,6.367117128515933,1.9261408751025854e-10,8.341840421940074e-10
12711,Psmd2,50.32251697019927,0.7475790743676775,0.1840681107176315,4.061426346220808,4.8773806428834655e-05,0.0001288064522542
12722,1300002E11Rik,91.60956689803449,0.8136994003774598,0.0748531446246507,10.870610773371448,1.5913195540045935e-27,1.5634267618220412e-26
12725,Senp2,21.2652690087433,1.0664055859700237,0.1608162863570867,6.6312039043241455,3.3295990073077397e-11,1.5230977619617518e-10
12729,Tbccd1,27.37375914490907,1.4029720818520914,0.1395706598200444,10.052055952597884,8.997045484025801e-24,7.623078072899381e-23
12756,Fam43a,12.59651217334237,0.9026273491272094,0.1987869472443603,4.540677150284158,5.607384107278334e-06,1.6475459218428008e-05
12794,Kalrn,18.139084516104518,0.6862460830759932,0.170330565203914,4.028907449784145,5.6036672057534274e-05,0.0001469439677526
12796,Ccdc14,12.971973367716386,0.6013891020631221,0.1866530205237238,3.2219628719412268,0.0012731563199168,0.0027521579385296
12797,Mylk,108.87180069576736,0.9617051644889604,0.0765015761645694,12.571050332612105,3.046494051066965e-36,3.8690695689948503e-35
12800,Sec22a,54.1200788453119,0.6139142612851642,0.0912783309660141,6.725739338000653,1.747030690120629e-11,8.160275830349776e-11
12801,Pdia5,12.011678371581835,0.7740796800868006,0.1945568079940911,3.97868205213518,6.929833858139839e-05,0.0001794594025042
12803,Slc49a4,221.0288441216965,0.6618026118970222,0.0561000705622486,11.796823163754956,4.0532620077186044e-32,4.549643516751152e-31
12804,Hspbap1,36.05935016162768,2.403668573196046,0.1721677756377242,13.961198977524395,2.688722223101855e-44,4.278468993412669e-43
12805,Gm26838,12.576882251181368,0.5886303891548069,0.1868492001634477,3.150296542023717,0.0016310481693655,0.0034637243941548
12818,Golgb1,10.528055206558433,1.3532896354174244,0.2301961221289938,5.878855051515977,4.131139122123066e-09,1.628247937067572e-08
12831,Pla1a,10.700846945632255,1.075114369667126,0.2322001586097128,4.630119015009813,3.6545561702804418e-06,1.0964295471927324e-05
12835,Timmdc1,154.75357843648965,0.5988032087113665,0.0578890963967449,10.34397228465008,4.45672249176971e-25,3.9968801505676255e-24
12841,Gap43,38.7417544289448,0.6901290967164078,0.1102057497925446,6.262187753502263,3.796134772953815e-10,1.605006396270979e-09
12843,Zbtb20,474.97028120517865,0.5740420151459859,0.0330908755864884,17.347441098850144,2.0622811059085352e-67,5.374839341300815e-66
12844,Gm19522,182.89950936531025,0.794438621267831,0.0568768438505617,13.967698759008842,2.454294649752532e-44,3.912552856414975e-43
12853,Sidt1,40.61511100625417,0.8807434079863738,0.1083886053567245,8.125793344122323,4.44445712402992e-16,2.651813926476808e-15
12854,Cfap44,240.1011804623776,1.3778578044937038,0.0517737521869708,26.613056738052084,4.793590729816556e-156,3.935695525024973e-154
12875,Bbx,10.38897855332566,0.9803474513548224,0.2203887928324749,4.44826362881355,8.65672418016165e-06,2.4969287887624432e-05
12881,Cep97,507.38174052093547,1.8861014319777736,0.0444611706390391,42.42131740727674,0.0,0.0
12890,Tmem45a,823.9192671787746,0.6186736760385796,0.0362379244149854,17.072547228525597,2.376031328134721e-65,5.987325052798271e-64
12893,Tomm70a,54.91967190035334,0.710317489081118,0.0930607308816915,7.632838065543968,2.2964126324254206e-14,1.2573470293004309e-13
12901,Filip1l,10.942049426043296,2.1333925428121905,0.2685269803881353,7.944797724714792,1.9450791823257187e-15,1.1211451793181336e-14
12907,Cldnd1,14.16397321663274,1.0156071408185732,0.1867818911275642,5.437396177367943,5.406483444973756e-08,1.9446438191217816e-07
12911,4930547E14Rik,381.29732059587,0.5181287811556458,0.042927134986329,12.069959509775185,1.5220917866717717e-33,1.793688757770616e-32
12923,Gbe1,72.44939818878736,2.412462918921232,0.1057403153455562,22.81497753281116,3.256214086845345e-115,1.6847536080103957e-113
12929,Usp25,17.277638266956163,0.7600855096785316,0.1734247334776273,4.382797623134801,1.1716494217469725e-05,3.331133976184531e-05
12931,Cxadr,24.201260964732388,0.8893126236690115,0.1394549383033661,6.377060823292088,1.8051878275115938e-10,7.831586387378507e-10
12969,Il10rb,26.779340113948397,0.691286603324492,0.131877240339015,5.241894670736294,1.5893609284288e-07,5.476796830810413e-07
12970,Gm49625,66.18918383933676,1.0925228722756015,0.0915668722949624,11.93142066441104,8.117617096243271e-33,9.321135113532654e-32
12973,Ifngr2,272.07956137052366,0.5017850120388014,0.0583185187013935,8.604213948026956,7.684153261542164e-18,5.009563077471056e-17
12983,Slc5a3,605.7745942080902,0.6721601161972501,0.036914875150881,18.20838113226578,4.428487225589037e-74,1.3126336373067978e-72
12986,2410124H12Rik,265.4042272304943,0.6138047900569069,0.042207544676989,14.542537234854723,6.513303095329696e-48,1.1288864671072914e-46
12992,Cbr1,81.41309634329116,0.7665080043881233,0.0825734310549457,9.282743790530835,1.651693302145556e-20,1.2213451360643332e-19
12993,Cbr3,20.82837848175597,1.1833214734265345,0.1617976888246774,7.313586998815363,2.601037686447857e-13,1.3489604703618065e-12
12997,Ripply3,51.3927222637977,1.102961669408047,0.1107886376034054,9.955548630865591,2.3850369922692215e-23,1.97863030933606e-22
13004,Brwd1,11.931887560926688,1.5148715798313888,0.2360866346083442,6.416591868254143,1.3935886763506303e-10,6.086683009994962e-10
13023,1700102H20Rik,171.40533799973505,1.1457365768577183,0.0718909028310743,15.937156604499911,3.4991716062414034e-57,7.49002607710522e-56
13026,Ldhal6b,161.18267826863237,0.7448567973119882,0.0586377181683376,12.702690701122568,5.7131100756163335e-37,7.439379672552378e-36
13028,Serac1,39.71923074327592,1.6513670457116605,0.1211964468406823,13.625540094277264,2.8231393001834205e-42,4.248800351257113e-41
13075,Tcte2,339.3241400462986,1.5530687351321697,0.0557425950729395,27.861435821205824,7.829737069831615e-171,7.322269619102421e-169
13081,Gm3448,104.40150849126756,0.9558048289341684,0.0720383319347759,13.26800334299192,3.5491161723752634e-40,5.0791279560146157e-39
13094,Gm6712,280.4813200110191,0.7959428196170335,0.05283145856535,15.06569837803153,2.722732004873219e-51,5.192490436338371e-50
13102,4930549P19Rik,15.318774739141451,0.8324576284920236,0.1788304495018889,4.655010546642006,3.2396412361851813e-06,9.77819225723273e-06
13113,Zfp760,24.064562287954672,0.8192778604962041,0.1476964259940168,5.54703917161403,2.9054766700383796e-08,1.069479604412359e-07
13114,Zfp229,85.13573231760036,1.501490449408049,0.0848532565608922,17.695142299347726,4.570743700316496e-70,1.2411982271915354e-68
13137,Paqr4,17.959323191037434,1.326646911928216,0.1687459649300273,7.861799317561915,3.786543434598041e-15,2.152066024837521e-14
13144,Kctd5,19.551739607656028,0.8880991345588348,0.1786430805892734,4.97136038871108,6.64847319261678e-07,2.1523231986760875e-06
13151,BC028777,61.96749508540631,1.4576582353380054,0.1143676266897499,12.745374521867616,3.3079836999209527e-37,4.352898340422695e-36
13164,Rab26os,31.781365282569567,1.3806809785448182,0.1298517152101679,10.63275118322584,2.098295963935264e-26,1.9803022027684772e-25
13174,Noxo1,59.684904289804926,0.7114767328122874,0.0875404717238414,8.127403460387322,4.385836724201849e-16,2.617730806581636e-15
13178,Ndufb10,38.0223321126138,0.796614046895739,0.1133967623095032,7.02501580002323,2.1404202552115965e-12,1.0538195220478716e-11
13191,Jpt2,17.301374590980867,0.731770823906772,0.164869640689008,4.438481341068147,9.05958365197407e-06,2.607108752768184e-05
13194,Tmem204,137.18670258277072,0.7821023204815856,0.0585279963897551,13.362875354101249,9.963958114836484e-41,1.4365185450310013e-39
13201,Ube2i,103.88190458941234,0.6614673193448924,0.0677460237452651,9.763928313078647,1.6080306587737832e-22,1.2917427726520862e-21
13203,Lmf1,849.478338580328,1.0510490585354184,0.0291439864959021,36.064011307554125,8.318163585836666e-285,2.0203895109598837e-282
13210,Fam173a,103.37147185735672,0.5908100518754494,0.0688030227525252,8.586978133221116,8.928661994243589e-18,5.806784713846482e-17
13212,Fbxl16,46.45532595330464,0.531957747652022,0.1005839695665999,5.288693118238838,1.2319337736658665e-07,4.283964572254658e-07
13225,Capn15,30.398099559229845,1.161951900546213,0.1282623123705477,9.059184097580848,1.3142994942158835e-19,9.328112644012733e-19
13235,Gm50013,95.87283390847168,1.6008779879526174,0.1011340071450873,15.829274772589509,1.954610565356769e-56,4.148328830941648e-55
13259,Grm4,467.0058248915652,0.833372310670598,0.0554100100186504,15.040103952157612,4.0092001790434334e-51,7.612691936059888e-50
13263,Gm49741,15.581544868129605,2.3176117049432854,0.2119300111209521,10.935740967901822,7.776805882431268e-28,7.727317117724888e-27
13277,Tulp1,243.08360105604703,1.3558767088662076,0.0644780567318844,21.02849833865613,3.5986155531968667e-98,1.4842591696770474e-96
13300,Gm36199,1571.4651522282231,0.9394666364929408,0.037286125125179,25.196145572620157,4.414902492976885e-140,3.027757443026658e-138
13312,1700097N02Rik,12.558123207417642,1.2867453383245753,0.2088631026553062,6.160711595135758,7.241877795091652e-10,2.9954105695497354e-09
13327,Cbs,24.567643492088035,0.8136427947221447,0.138560717191921,5.872102939501712,4.3030140063430435e-09,1.6933569312753244e-08
13337,Akap8,633.9160627586438,1.0161605922950554,0.0406291551593009,25.01062570242576,4.6849694880543375e-138,3.1633492821271915e-136
13352,Zfp955b,774.2208669293201,0.7442567334528883,0.0350084885076923,21.259322100962887,2.7029232714191966e-100,1.1308306739372946e-98
13354,Zfp101,73.08586752651064,0.5760599259601448,0.092979014992619,6.195590757827175,5.806682111454464e-10,2.4229839361755114e-09
13397,Pbx2,120.66080105449848,0.6896931482644222,0.0656514860507495,10.505369942902428,8.160221412436893e-26,7.479347592279684e-25
13405,Stk19,10.91340363806456,0.7797257093038291,0.2025484646240762,3.8495760051846175,0.0001183224646509,0.0002969182467809
13417,Vars,57.10444525421011,0.5744155691338301,0.0921111956439811,6.236110226535361,4.4858507332930623e-10,1.8857826351881992e-09
13425,D17H6S53E,63.158308160321646,0.9053391133106244,0.087020140871037,10.40378818338536,2.382682915764034e-25,2.150070115112561e-24
13438,Pou5f1,44.28405451705186,1.2629604663092586,0.1128269374754534,11.193784875921384,4.3735726749912914e-29,4.4964749523955135e-28
13446,Flot1,20.15193649322573,0.5941594777688052,0.1516985127371198,3.9167126100862406,8.976465183662294e-05,0.0002291350505501
13450,Ppp1r18,32.99877542201276,0.76311645603269,0.1216601527346178,6.272525875397397,3.5523739438933855e-10,1.50457533375654e-09
13451,Dhx16,70.52107867244837,0.8865961023084566,0.0825962543341695,10.73409574629679,7.04048419057856e-27,6.748230121590509e-26
13454,Atat1,386.7108206715002,2.081953688674443,0.1053795892762342,19.75670718564829,7.024004830666203e-87,2.4815312419937486e-85
13467,Gm8909,28.489003939557247,0.7646170639793045,0.1286891754271392,5.9415802567809015,2.822874727125329e-09,1.126316067259132e-08
13471,Trim39,46.04395487602306,0.9060503574291622,0.1052197216059477,8.611031692541049,7.240596726768209e-18,4.730054372720302e-17
13475,Znrd1as,13.096188049824576,1.2390724702303535,0.2027744756077467,6.110593882768824,9.926106441014652e-10,4.069167583200121e-09
13483,Gm26917,52.31292078606945,0.6219565509194909,0.0968147122017986,6.424194595787231,1.3256952724040695e-10,5.795939730950592e-10
13484,AY036118,14.786181906309045,0.7763643939081164,0.187486069171194,4.140917761730959,3.4591897528448204e-05,9.295376520858976e-05
13491,Gm49857,433.12383348982286,0.9999296281067288,0.041685635943261,23.98739051187197,3.765214856444705e-127,2.2863221322744788e-125
13492,Ptchd4,30.102931183473903,0.6162243308120455,0.1265600219824477,4.869028316836953,1.1214833799421816e-06,3.552989374715376e-06
13493,Adgrf2,438.2549984289026,0.8889627297950203,0.0384215997187626,23.137056663492007,1.9625785470623361e-118,1.0593078281180904e-116
13510,Tmem151b,34.355521878150306,0.7585722542225746,0.1226679643718462,6.183947521319396,6.25181585568477e-10,2.600041752300006e-09
13523,Gtpbp2,15.586829655670188,1.1843942688463769,0.2097644221207875,5.646306732437083,1.6393125928306417e-08,6.154636887810705e-08
13535,Cul9,55.61509630821781,0.5312541120779429,0.0923754567096427,5.751030966458944,8.870086475470393e-09,3.4032486240242703e-08
13543,Mea1,75.46157095071028,1.0157176740209493,0.0837688898198377,12.125237378762677,7.76349231247565e-34,9.223366410365092e-33
13548,Ptcra,1176.4639343569015,0.5151505871982441,0.0284059522107788,18.135304297342515,1.6776787488670336e-73,4.889874326697781e-72
13551,Bicral,45.987717924632015,0.772413842540723,0.1031052878599753,7.491505611135277,6.808797264248562e-14,3.650283462819706e-13
13552,Tbcc,412.6038769632751,0.991598035704202,0.0538237808573867,18.423046837448545,8.583321785628317e-76,2.583565084114768e-74
13556,Guca1b,32.68990718538699,0.7345216849449605,0.1419901604982006,5.173046374254002,2.303078236735293e-07,7.814558052779745e-07
13557,Guca1a,22.29060807501627,0.600078869867047,0.1447376675114125,4.145975820839664,3.3836953494926494e-05,9.105102980755107e-05
13560,Taf8,242.9414920849047,0.8597361908182352,0.0501175063857967,17.154408764875885,5.825994634531484e-66,1.4723265053278403e-64
13564,Tomm6,379.89137645879146,0.9071302900230171,0.0586344445807559,15.470945388996515,5.450073344920341e-54,1.1069788926360853e-52
13565,Frs3,31.455505832440963,1.1792552662988154,0.135427909394484,8.707623646938213,3.103116388831377e-18,2.067325691728881e-17
13568,Mdfi,20.37278612564612,0.8115323250757605,0.1538515645488238,5.274774601451814,1.3291935210089177e-07,4.613921456015076e-07
13569,Foxp4,41.13426912553221,0.8483683063114271,0.1143595617298403,7.418429149943642,1.185175474620372e-13,6.261736767420263e-13
13577,Kif6,61.70844807508976,0.5350436729513602,0.0908083851668632,5.892007351173585,3.815321995764349e-09,1.5069089631264905e-08
13580,Plcl2,34.57309150612118,0.735569435928942,0.12410086967475,5.927190017739282,3.0816231763196642e-09,1.2248051388063246e-08
13589,St6gal2,15.657464008851134,1.0257684075194566,0.1746851275887813,5.872099254689694,4.303109676685465e-09,1.6933569312753244e-08
13607,Mydgf,211.7618312414168,0.6781127860597299,0.0621407871979855,10.912523265905984,1.0042941904580817e-27,9.91705070735795e-27
13620,Ranbp3,200.25908863310167,0.7515699500513078,0.0495107103256939,15.179946825793664,4.801708555640479e-52,9.288968940380609e-51
13624,Dus3l,34.27120806480829,0.9845676703488764,0.1201395719721261,8.195198752475227,2.501794315491722e-16,1.5154616899660282e-15
13635,Dennd1c,508.651266893037,0.7125318215140181,0.0557847575256332,12.772876554793791,2.3240403038072757e-37,3.0720194129237815e-36
13636,Tubb4a,55.42682277676411,0.9371484051084574,0.0940495485962156,9.964411516018334,2.181620006446381e-23,1.8133160966128478e-22
13637,Gm11110,52.7801148145478,1.1233334264394632,0.1010714479131557,11.114250855540051,1.069444431479358e-28,1.0917947587688855e-27
13644,Efna5,75.08194047686037,0.5086820681247329,0.0777215897677663,6.544926186464857,5.952477837616511e-11,2.6741767019027765e-10
13648,Man2a1,56.850397951910345,1.283113350059604,0.1333907629676057,9.619206918931946,6.634067532833549e-22,5.190898121440408e-21
13668,Dlgap1,22.30857466454602,0.5466762099033041,0.1480489855499454,3.692536006731898,0.0002220288932078,0.0005370458208048
13691,Ehd3,183.09704876550865,0.5413048569107631,0.0571863502496437,9.46563042662677,2.9179551935261792e-21,2.2254339478580822e-20
13698,Gm31645,38.87489455994723,1.0194354331997104,0.1116999942867998,9.12654866017466,7.071783086193938e-20,5.095646584728454e-19
13706,Strn,483.4224127522246,1.09829863224308,0.0407624131700603,26.943906084779385,6.723817496833015e-160,5.708064096340569e-158
13717,Cyp1b1,119.79056037547733,0.9087722028104402,0.0686114700060253,13.245193591255704,4.81039842863643e-40,6.844934720910813e-39
13726,Sos1,22.697258197079453,0.8282612152623349,0.1586232766464677,5.2215616318929365,1.7742056058520556e-07,6.083785810811912e-07
13736,C430042M11Rik,249.13140585614656,0.5324317123762774,0.0439369263986864,12.11809191077588,8.470833885209293e-34,1.0050063974527824e-32
13740,4930500A05Rik,27.86210362104289,1.1899807039644803,0.1320190263019554,9.013706109623492,1.9920804995241116e-19,1.4002212128487808e-18
13745,Ppm1b,1030.7528675524466,1.1407136249785357,0.0370003166685546,30.829834111879137,1.043979755044103e-208,1.4152804617218044e-206
13759,Stpg4,191.68711221094136,0.6638279311722083,0.0512500342346882,12.952731468087496,2.26740302305367e-38,3.0954210825263532e-37
13762,Epcam,31.89421847776452,1.1877620604684145,0.1264850955689537,9.390529810058943,5.969919772480963e-21,4.4942727929895424e-20
13799,Gata6,18.38316107625596,0.5328640784689853,0.1622106836431228,3.285012223000868,0.0010197794756024,0.0022384716291371
13804,Riok3,21.53625046964765,1.209230795386952,0.1818123497362886,6.650982714545475,2.9114247794525395e-11,1.3398683300806847e-10
13810,Cabyr,19.289164696427463,0.9492788575310572,0.1736282074579846,5.467307826470352,4.569221555017521e-08,1.6530108927212745e-07
13848,AW554918,31.90402902865185,0.7245850936328164,0.1221927602202501,5.92985290066912,3.032061862241242e-09,1.2067523406207294e-08
13873,Reep5,62.37165060916311,0.6254521101062643,0.0867832880039752,7.207057078519712,5.717404215350869e-13,2.9099524132146682e-12
13894,Gm50145,606.740668091427,1.0124700991673958,0.0579608023446021,17.468186398590927,2.5032624269306888e-68,6.613946828426576e-67
13898,Paip2,384.8527232615663,2.1106088347453684,0.0694443659076324,30.392801592467208,6.838051023998663e-203,8.541702593406331e-201
13899,Slc23a1,53.21254755549881,0.7042766345401046,0.0943504106470272,7.46447874164387,8.363001424883253e-14,4.460267426604402e-13
13926,3222401L13Rik,648.900657333105,0.7457873328111977,0.0390985424402776,19.07455588530889,4.108980474064288e-81,1.3257906001925512e-79
13931,Pcdhga5,48.63100290434045,0.700118173665187,0.0990536945053226,7.06806724536222,1.5710641847115517e-12,7.783221094117739e-12
13932,Pcdhga6,58.01682848143268,0.6029410825897527,0.0944637856517471,6.382774927235847,1.7390741902270136e-10,7.554130511348736e-10
13943,Pcdhgc3,86.87255876250656,0.7178237670498109,0.0805273331580824,8.914038735650891,4.920662250489108e-19,3.399942372048737e-18
13950,Dele1,36.49675916995981,1.4634199654584583,0.1286278184901257,11.3771653957639,5.433726236057275e-30,5.780245138436896e-29
13962,Lars,19.28493696226567,0.5228630849702389,0.1515829413621765,3.449353075429273,0.0005619314331547,0.0012834082412184
13963,Gm4013,20.33441296693161,1.3928352324435906,0.1627714090996699,8.55700174955612,1.1584077698758014e-17,7.489181175448434e-17
13976,A330093E20Rik,13.34257275181108,0.8319045455802329,0.1975549900614466,4.211002442011113,2.5423999779741607e-05,6.93735228815917e-05
13979,Gm4107,10.679245415684058,1.5464960418167086,0.2388224672090722,6.475504837921554,9.449545954355348e-11,4.1794046446577213e-10
13993,Gm16283,59.25993323669727,1.241530160264006,0.1062531310646849,11.684645410667336,1.52715554130939e-31,1.689240740443935e-30
14011,Gm4221,26.535594501016945,1.0151630060833283,0.13431980415598,7.557805883222264,4.0992518693355123e-14,2.2214972634316525e-13
14014,Phax,74.49802078972921,1.0446655956427522,0.0817522237943503,12.77843644070935,2.163756802202628e-37,2.8688232719423477e-36
14033,Slc6a7,13.389423853552364,0.8772948820286078,0.2064766511234022,4.248881785206244,2.148402488763577e-05,5.9185984126492494e-05
14043,Pcyox1l,33.64343800249183,0.6838914199053043,0.1317234319418448,5.1918736843057545,2.0818823508317937e-07,7.091538479031244e-07
14047,Adrb2,72.31895196456252,0.5046297569961049,0.0814496853518661,6.195601061146922,5.806302244379216e-10,2.4229839361755114e-09
14071,AC132307.1,44.05187344906989,1.5014672281608046,0.1193151818112703,12.584041740268946,2.584601065514908e-36,3.287236613361797e-35
14087,Prelid3a,54.06687613660042,0.5247090582455924,0.0937318069346805,5.597982962296351,2.168600584091211e-08,8.067323338563517e-08
14088,Spire1,40.60407027257677,0.5037845703843871,0.1072454246166479,4.697492430890924,2.633749417835326e-06,8.031213569155045e-06
14100,4930503L19Rik,34.76785249519131,0.5923562304011962,0.1263379576458794,4.688663972719494,2.7499451792286466e-06,8.373853612110495e-06
14138,Rbfa,118.66241328716326,0.5312972165678953,0.0640480898868095,8.295285893878212,1.0832436525432923e-16,6.7012412158542965e-16
14146,Sall3,31.74959551829,0.862702600435339,0.1224696147307102,7.04421747657388,1.8650665470859448e-12,9.20843697782016e-12
14167,Tesmin,1250.1913527031504,1.0163315589895834,0.0282636120893445,35.95901174191192,3.659679717444088e-283,8.648713364684081e-281
14171,Gm48683,355.5269965348529,0.7292911301242557,0.0518601336236691,14.06265428115683,6.442380867431593e-45,1.0402987683254265e-43
14185,Gstp2,141.25694124241235,2.4799086379646798,0.1246304465192323,19.89809638996995,4.2267901305585726e-88,1.5178255811747086e-86
14187,Pitpnm1,70.55879389312409,0.5887077306996886,0.0871046621897045,6.7586248072180855,1.3930761938611971e-11,6.552478880646749e-11
14214,Mrpl11,43.68333990844317,2.951601920152728,0.1728877155696057,17.072363472605396,2.383522515633258e-65,5.997559964517182e-64
14215,Slc29a2,40.992670862857125,0.5842960719533034,0.1135316349115807,5.146548558103274,2.653228072249501e-07,8.945373535280368e-07
14217,Brms1,27.753695503543515,0.5680399244259751,0.1405512691996638,4.041514015921343,5.310720622597048e-05,0.0001396599733052
14226,Gm42064,28.97231581310348,0.6392886108633324,0.1266785314154538,5.046542643968036,4.4987651768260667e-07,1.478286460209212e-06
14229,Eif1ad,36.62461301105183,0.8062995885332863,0.1242098761865934,6.491428969158848,8.502599737709467e-11,3.773945792209725e-10
14230,Sart1,220.72308116527608,0.9528599423348282,0.0589711807129465,16.15806112095764,9.964674361244758e-59,2.197505992805149e-57
14245,Rela,149.22567409598392,2.3303120291663304,0.0699958610713277,33.29214032800705,5.017144211202879e-243,9.235770312159571e-241
14246,Sipa1,58.010492102597006,2.351820160749293,0.1156303746079005,20.33912082983602,5.796011917144087e-92,2.2082931679088412e-90
14255,Frmd8,41.30122289416765,0.5382446850251578,0.1269044386061283,4.241338529503295,2.221907105859057e-05,6.10858535879e-05
14262,Znhit2,641.4376308974498,0.5299263405965039,0.0317304700089446,16.700866405291826,1.2917537364560788e-62,3.0363157719279438e-61
14269,Snx15,17.825974676703186,0.5362817510823019,0.1680898693467861,3.1904465936367594,0.0014205309314037,0.0030481282120722
14273,Ppp2r5b,58.82825680818553,0.9868949833738372,0.0925477757007529,10.66362725523406,1.5060655945924398e-26,1.4290870926876063e-25
14294,Fkbp2,66.74504577987021,0.6798165500748319,0.0853723395417214,7.962960295150466,1.679713726404451e-15,9.71711334679492e-15
14295,Vegfb,98.4661129330674,0.5216048318710321,0.0727158104872123,7.17319697568056,7.326631702656854e-13,3.702055337072033e-12
14298,Fermt3,874.6667789440711,0.7008492777892148,0.0312605401721512,22.419615077975337,2.5336676049255168e-111,1.241142271006651e-109
14300,Macrod1,23.19992323595559,0.7119655694334375,0.1547878056774881,4.599623118353847,4.2325598365548205e-06,1.2607563689604955e-05
14318,Stx5a,560.1211150794857,1.0710993490176215,0.048274419524878,22.18772094122508,4.512915454102466e-109,2.1446159092756498e-107
14327,Gng3,11.745663066153496,1.286799256808519,0.2126102388827345,6.052386110709628,1.427158939833015e-09,5.802872713275928e-09
14331,Ints5,63.09424960483617,0.5183956363518146,0.089403237450619,5.798398929771924,6.695103379006421e-09,2.5960968490479887e-08
14344,Incenp,34.934651748066464,1.471284609911685,0.1249404761594665,11.775884446236828,5.196913774133726e-32,5.822141453046163e-31
14345,Gm50340,28.75461106705032,0.7314080079422167,0.1287289959230678,5.681765811172235,1.3331112204886025e-08,5.0472935752120974e-08
14355,Dagla,24.932623016080537,0.6002494661634565,0.1352005695826613,4.439696282466215,9.008592024096753e-06,2.593715135288179e-05
14360,Cyb561a3,15.619911342222863,0.535605655719957,0.1664545298177615,3.217729528336364,0.0012920959825648,0.0027889625454324
14370,Ms4a10,147.44680937020772,1.6820443458594607,0.0647028214162662,25.99646057222161,5.430176871422685e-149,4.1288231794539095e-147
14386,Pcsk5,34.993827540902906,1.1635853842507158,0.1393767074916264,8.348492407317215,6.913978928782703e-17,4.3229053809993525e-16
14387,Ostf1,11.476685371477828,2.0844899489873314,0.2538253465040825,8.212300220198083,2.169909022300456e-16,1.3176169785413321e-15
14392,1500015L24Rik,27.81119353373269,0.5060277487931262,0.1345486209847459,3.7609285408469217,0.0001692837895398,0.0004159532921954
14403,2410080I02Rik,146.8871522678211,0.7106396283084403,0.0639980643081846,11.104080037270084,1.1984509625719694e-28,1.222070579210414e-27
14425,Rcl1,39.17075555828404,3.913582231952436,0.2008191104060172,19.48809664598122,1.385389345026807e-84,4.7044056050153024e-83
14436,Il33,71.19020253135743,0.6604597879404686,0.0814619587993298,8.107585401517522,5.163557476897343e-16,3.065183067073345e-15
14442,Sgms1,83.96458194631397,0.8414723526692468,0.0805542572117575,10.446032050884916,1.5278442478383078e-25,1.3901633822162502e-24
14462,Kif11,99.7323865556596,1.003709725396475,0.0775994555780346,12.934494422929763,2.875081466775556e-38,3.906715205203645e-37
14463,Hhex,190.75941459434057,0.5666643462876753,0.060155907084978,9.41992854479258,4.513951088733797e-21,3.4069907915311456e-20
14467,Rbp4,358.19557883631137,0.5100382200412557,0.0362706272041639,14.062018204711444,6.50055578652904e-45,1.0487243505057185e-43
14484,Zfp518a,20.725495821355548,1.9691728596781135,0.1798598760407546,10.948372160736488,6.7652460049692795e-28,6.737506955290591e-27
14485,Blnk,47.96415699758785,0.8934240705029097,0.0987811990337717,9.044474851914506,1.5038627502764541e-19,1.063037662766153e-18
14491,Rrp12,24.340415672129183,0.8583233377875833,0.1415972254862174,6.061724266420244,1.346699424655387e-09,5.4820948646120615e-09
14493,Exosc1,74.37039578590888,0.5026046520403874,0.0814917030923576,6.1675561188206665,6.935350268836643e-10,2.8758384523737873e-09
14495,Mms19,23.66215962587914,0.8565676256936628,0.1386767846746424,6.1767196845766605,6.54471215131821e-10,2.7179749727440723e-09
14500,Avpi1,38.82630447044723,0.7807051703961879,0.1120143540063745,6.969688637866527,3.1764319842199138e-12,1.5547003229789494e-11
14518,Chuk,85.73771297209242,0.5685261494060527,0.0746851831548732,7.612301736304385,2.692570469222089e-14,1.4705706547706402e-13
14542,Kcnip2,19.43216599940181,0.6092385096287127,0.1566732866757478,3.888592130511675,0.0001008273962214,0.0002557316178565
14551,Cuedc2,14.244874074630944,0.9609998208474786,0.2085871223594283,4.607186723596124,4.081534613732262e-06,1.2180525140776416e-05
14557,Sfxn2,40.58197218528603,0.8800164928099197,0.1109652975562088,7.930555878193834,2.1816711692936776e-15,1.2537977459286176e-14
14571,Gm16068,74.28707428769822,0.6618017249965543,0.0808975166741344,8.180742156305936,2.8210096418230313e-16,1.7035157671340185e-15
14572,Col17a1,31.031719543040875,0.5337772264664773,0.1293925619888717,4.125254328856897,3.7032529654548655e-05,9.907065604998422e-05
14573,Sfr1,24.38409947668477,0.7792453534377062,0.1500250418160983,5.194101891288988,2.057104607431023e-07,7.013968682931123e-07
14579,Xpnpep1,87.62383577299072,1.1404826417229472,0.0779028334157688,14.639809512911691,1.565060852543004e-48,2.767420039360167e-47
14580,1700054A03Rik,52.973407170646055,1.4862405742988358,0.1078177274966554,13.784751439367325,3.1484913263615974e-43,4.8769545009221966e-42
14611,Gfra1,19.759750963999437,0.5857304580813398,0.1527998399329602,3.833318531867078,0.000126426073989,0.0003159387227666
14631,Nudt11,13.36414005872834,1.0092761581685274,0.1978973783122445,5.099997618847082,3.396577544034977e-07,1.1301245831446666e-06
14639,Prickle3,20.898945082723703,0.8411035820978598,0.1580359182328713,5.322230487239396,1.0250258205518514e-07,3.591953536649607e-07
14642,Tfe3,19.001573822745694,0.627210588367691,0.15718725075231,3.990212853560411,6.601402582485152e-05,0.0001715383779531
14645,Pim2,98.28841539476927,1.3305347166553128,0.0764305920826526,17.408405200059978,7.124097487195545e-68,1.8706639167578933e-66
14649,Hdac6,39.38584282825151,0.7737432298787047,0.1087291631885912,7.116243767430121,1.1090806927632631e-12,5.544769341064594e-12
14673,Cask,34.15588892769492,0.8895743632928632,0.1358613172477801,6.547664790195445,5.844371684631252e-11,2.6280887637138424e-10
14677,Efhc2,19.27722856125552,0.5166499313591106,0.1590483916610301,3.2483819921940125,0.0011606334072175,0.0025248360524219
14687,Usp11,628.4972401431165,0.8877256726936376,0.0329610282333925,26.932584335894266,9.125413884865237e-160,7.709431788334457e-158
14695,Zfp300,142.82122420964396,0.5040957874774035,0.0616128698368637,8.181663811670017,2.799511910294647e-16,1.6911179373828249e-15
14700,Zcchc12,24.200100376671795,0.8041207504046967,0.1394080109158691,5.768110061407967,8.016544757960419e-09,3.085919760669421e-08
14701,Gm14569,14.19206794105556,0.5606389167589885,0.1863568894031988,3.008415296876945,0.0026261399668087,0.0053853114141126
14720,Tmem255a,23.011083761705887,0.6312876577437126,0.1392688870375993,4.532869265863236,5.818783123933365e-06,1.7062186329870336e-05
14731,Bcorl1,18.735391175047084,0.6155204317449164,0.1619248809619176,3.801271479024139,0.0001439554698985,0.0003568887521386
14738,Igsf1,22.528052466322038,0.9396428583646173,0.1442486967769463,6.514047470512675,7.315236221269084e-11,3.262658786981733e-10
14761,Slc9a6,193.8874595268412,0.6723426779692305,0.0491203150698488,13.687670305313848,1.2030497468558014e-42,1.8278830558657038e-41
14762,Fhl1,314.4315481706936,1.311264691403878,0.05281994010089,24.82518323381785,4.794384436357805e-136,3.1520374068806503e-134
14771,Atp11c,27.475894591689865,1.344189127996727,0.1373699485262337,9.785176033170204,1.3036823002719654e-22,1.0506357634634159e-21
14784,Mtmr1,18.845214674341165,0.5462671781002041,0.1650108338877189,3.3104928035931858,0.0009313184692975,0.0020543513359075
14810,Renbp,42.73713176894253,1.2084324896141827,0.1131816951252068,10.67692517131289,1.3052348374374968e-26,1.2405405889732034e-25
14892,Ercc6l,400.5643107811654,0.6693504841827139,0.0611423085555149,10.947419225673634,6.836780313652077e-28,6.80487274474374e-27
14906,Nexmif,58.75287912759435,0.8227883672607277,0.0918747678472874,8.955542272807168,3.3806981426836414e-19,2.352632276930025e-18
14934,Klhl4,14.408570096952069,0.6652999179138825,0.1879331041698488,3.5400890165290018,0.0003999920922566,0.0009332587740992
14940,Trmt2b,17.425227433794614,0.548724530312891,0.1682390852635075,3.2615758071523104,0.0011079480346985,0.0024171401236038
14960,Tceal5,26.81015652696648,2.1838694154972798,0.1573638460490864,13.877834523795675,8.631236268310118e-44,1.3598473861279943e-42
14981,Ripply1,85.70921272782995,0.8331344148962094,0.0753477246606038,11.05719407784348,2.023282574921351e-28,2.0500095985066385e-27
14997,Amot,2679.381994868857,0.5804463933707014,0.0320327877904191,18.1203833137592,2.2005659194694272e-73,6.392607441807532e-72
15000,Apex2,12.516705716105848,0.7321617766661235,0.1903890666363586,3.845608309349748,0.0001202537307709,0.0003014617608547
15013,Huwe1,39.36399020880415,1.1822180925199537,0.1175261981319395,10.059187749719843,8.368592707510098e-24,7.097475716243287e-23
15043,Map3k15,11.64425534183201,1.2725460375612887,0.2130794115867142,5.97216797289407,2.3412128971023827e-09,9.384169411993231e-09
15044,Pdha1,49.3409020299485,0.5556644271018534,0.0976248385743449,5.691834529167432,1.25681624595071e-08,4.7708275470340837e-08
15055,Ctps2,16.090827898383928,0.5371510000849474,0.1723478499067872,3.1166678341241902,0.0018290753309018,0.0038524472343504
15058,Car5b,47.36819987721906,1.2835425112570664,0.1071736553601366,11.976287520883428,4.730364382783287e-33,5.478451147424776e-32
15087,Kdm5d,23.56371797822248,0.6705739372788018,0.1482032395915722,4.5246914920808186,6.048366823747718e-06,1.7699772257981942e-05
15109,Gm28306,30.054493186016717,1.0936000334460678,0.1324982388368779,8.253694864521385,1.535711504153514e-16,9.40683810320023e-16
15135,Fcgr3,53.096366677577,0.7084689341529569,0.0926541570869325,7.6463804369645025,2.067154888807767e-14,1.1332415265037689e-13
15162,Pramel6,10.678793098651012,0.6070222970884999,0.2048445314261903,2.9633317172893263,0.0030432841410694,0.0061784250126564
15172,Tgm3,173.86149312241113,1.2721523115199926,0.065328742191564,19.47308747793812,1.8573210527452071e-84,6.294734606668253e-83
15177,1110018N20Rik,63.43304471245531,0.7436583297427238,0.0891855519886484,8.338327376584234,7.534872550954204e-17,4.69935275217857e-16
15183,Car1,17.65437237611187,1.2789884058856062,0.1721492916325938,7.429530460196499,1.0898384930985925e-13,5.766746011288408e-13
15184,4933429H19Rik,24.343165052132093,0.6335361461307583,0.1403122469585664,4.515187803369999,6.326067859501333e-06,1.8475329780721328e-05
15189,Gria2,10.890235991200578,1.6139497919353254,0.2296547169460581,7.02772324208091,2.099307660612481e-12,1.0341603484166498e-11
15190,Gm16048,12.493027946723863,1.4579688485041442,0.2166906019690495,6.728343708752027,1.7160518485940738e-11,8.019859628063379e-11
15206,Clca3a2,14.645225070154098,0.5348054655605698,0.1756953994583311,3.043935511170896,0.0023350518936658,0.0048331622104897
15210,Gm11827,16.223468212702134,0.7866280405207979,0.1750053942367106,4.494878823316795,6.960957606149494e-06,2.0251742907393507e-05
15213,Cga,20.535207995052684,0.6633919756076339,0.1684745015758535,3.937640232809651,8.228684365326352e-05,0.0002109708725712
15220,Gm12718,84.16109612190296,0.8303983504229722,0.0799375640332978,10.388086758273884,2.809318048352196e-25,2.5298328542524817e-24
15236,Klhdc7a,22.938465272157856,0.7204504673806195,0.1579118266523087,4.562359151014773,5.0582025533474965e-06,1.493968016432039e-05
15258,Lrcol1,43.75826397814026,0.5529633740270364,0.1026695929637784,5.385853377466106,7.210172341320122e-08,2.56179386235283e-07
15275,Olfr718-ps1,22.54109649177072,0.6066244604843396,0.1445011626297312,4.198059375056724,2.692120552107169e-05,7.318483478198378e-05
15277,1810059H22Rik,34.5667439081074,1.3560873739118129,0.125243122513043,10.827639447991144,2.5463502804216485e-27,2.4877415477102678e-26
15279,Asz1,253.25731927039192,0.7295839372168326,0.0506886705419838,14.393432090757663,5.690068681999093e-47,9.670351905811482e-46
15285,Gm13844,11.64123510887746,0.6334708306860383,0.1971480681187863,3.2131729046635007,0.0013127723353466,0.0028304478609965
15292,Sftpb,23.12027635190533,1.7591155963781848,0.1591700958075526,11.051797056810685,2.1487002240840486e-28,2.175823365302944e-27
15300,Efcc1,15.897948667591637,0.5907722861223771,0.1752096867956522,3.371801507820724,0.0007467824827312,0.0016753985962802
15336,Trpm1,100.833275267688,2.5240439934754377,0.1050881645629091,24.01834691826276,1.7886785559351294e-127,1.0937206498669072e-125
15341,Vmn2r79,21.58015498861049,0.6129654576055219,0.2124018610006093,2.885876115764181,0.0039032576575072,0.0077586008086482
15361,Tpte,10.274250868911803,0.8884553250118841,0.2152171842776841,4.128180228701226,3.65645479294732e-05,9.792355500622164e-05
15365,Gm9939,36.21084549973306,0.9281210381966928,0.1240851042246433,7.479713572359377,7.448477187098027e-14,3.983454710947104e-13
15370,4930512H18Rik,32.24170416137532,0.7415928287546453,0.1308660899995647,5.666806647597643,1.4548335193403666e-08,5.4867648449912296e-08
15378,Frem3,173.82899480792685,0.8182314420542368,0.0569893043670275,14.357631684440136,9.543297112140101e-47,1.6109380298948462e-45
15383,Gm19935,262.8458870483183,0.9847576651505192,0.0443563247273463,22.20106537689317,3.354064517833035e-109,1.6026196799962872e-107
15385,Drc7,18.40757371780531,0.9125329607329066,0.1608627219509259,5.672743502446087,1.4052856163985146e-08,5.310206322294128e-08
15386,Ces4a,22.51384225662084,0.9279408031924072,0.1649373874721789,5.6260185602183705,1.8441651237429412e-08,6.897082909327751e-08
15390,Calb2,39.25169529675639,0.8477582164435968,0.1094631457657912,7.74469078622563,9.581472868666071e-15,5.3278472981631896e-14
15395,Capn9,54.97063312335178,1.1353643942469376,0.1002890261607398,11.32092351188269,1.033770928592649e-29,1.090385162800256e-28
15398,4930433N12Rik,11.37501777529216,0.6281862657479905,0.1985775506785609,3.163430426054759,0.0015592161523764,0.0033220726209501
15406,Hepacam,94.1817520155236,0.6107275622215399,0.0701144943933854,8.710432379287838,3.0271786546218697e-18,2.0190427273847166e-17
15412,D630033O11Rik,25.86676838958822,2.3243097450960017,0.1851599607288475,12.552982491175689,3.828145849577916e-36,4.847691138118652e-35
15423,Gm26713,32.51707035043518,1.09563228092474,0.1273252066815516,8.604991183442454,7.63226266922841e-18,4.980336177592032e-17
15434,AU023762,29.889895612634177,0.5002453087617773,0.1282366140702694,3.900955373694282,9.58138139423912e-05,0.0002436161643245
15436,Gm9888,21.70780668296187,1.2372793665611117,0.1521710809327068,8.130844303512976,4.2631061826888335e-16,2.5479562858121094e-15
15453,Gm32688,17.772913034003942,0.5582112602835386,0.1669298442044554,3.343987187814315,0.0008258355124364,0.0018386010746643
15458,Best3,12.331860011559913,2.0178284945780463,0.2341086323852349,8.619197310322287,6.74250851992995e-18,4.416216816349623e-17
15462,Tac2,111.7117712962272,0.7517979041992453,0.0728021063212645,10.326595509224369,5.342313196840326e-25,4.77395877293529e-24
15467,4933415A04Rik,105.04605956429442,1.1917185383343114,0.0726419583447362,16.405374600155806,1.7504373114864902e-60,3.980708413950031e-59
15470,Meikin,13.591147366698769,1.3163723348453449,0.1989897088331332,6.615278461205323,3.708529869700933e-11,1.6911283014688372e-10
15479,Spns2,347.9230625873625,0.9353995613941292,0.0394239864152449,23.726661011439944,1.913953364377343e-124,1.1157072145410324e-122
15481,Dbil5,11.457615937391402,1.0646970920129846,0.2084849696247511,5.10682901472138,3.276099409168396e-07,1.092116402354878e-06
15503,Myadml2os,48.853352744248845,0.863097469304912,0.0993824058361591,8.684610339659177,3.800428907990692e-18,2.5213164166517918e-17
15507,Slc7a15,11.620222732529191,0.6142008060579535,0.2009271080713481,3.05683395313615,0.0022368815162608,0.0046453608783244
15520,Gm47080,48.54848238948759,1.2950480118315757,0.1083234284837957,11.955382413189628,6.0852802348209707e-33,7.019748070352845e-32
15533,Gm4035,20.50479811575217,0.700219634086727,0.1849785929129699,3.7854090198219392,0.000153455969942,0.0003790449155856
15567,Gm43647,19.358985744657275,0.635470378281553,0.1631923120782233,3.8939970283462335,9.8605857803105e-05,0.0002504239386088
15572,Defb30,42.66435767390031,0.5439675693650298,0.1181559643860271,4.603809652704744,4.148316425349306e-06,1.2367159503325716e-05
15581,Timm8a2,138.95078718187042,0.8817399782021913,0.0613376106091502,14.375192796809964,7.406352294974789e-47,1.255060939287976e-45
15591,Lrrc6,14.416201386457772,0.8138609706888512,0.1928017146493629,4.221233053704796,2.429695718984607e-05,6.648492995400221e-05
15592,Gm49460,40.3011060008291,3.096891225896094,0.1762819030187744,17.567834093362766,4.344448287150666e-69,1.1617081291390035e-67
15596,Cacng2,29.48029695654506,1.0116819617961537,0.1396420859360198,7.244821323133763,4.3300966596677306e-13,2.2206665801838497e-12
15597,Rac2,14.886273958063429,2.5554785735626075,0.2799205401917178,9.129299949951362,6.894365673073192e-20,4.96985436482704e-19
15614,Kng1,36.44889889224224,1.6732179943461367,0.1579022096541651,10.596545786222956,3.091900661758005e-26,2.8977041142992498e-25
15633,Gm16050,10.79523887711557,1.0588864835399294,0.2103363038600262,5.034254496763397,4.797120198338017e-07,1.5730740301619208e-06
15635,Abca17,83.91924126724706,1.5474137674389,0.0846084620121731,18.289113531176863,1.0104492840724425e-74,3.015484143320627e-73
15644,Olfr90,91.7548192263948,0.8851638386682275,0.0718565449459399,12.31848594076108,7.203399795234634e-35,8.803148540815045e-34
15656,Gm41720,10.2102403934622,0.7949506295510061,0.2113670909058523,3.760995271989124,0.0001692386292371,0.0004159380322147
15660,Gm50356,62.44124381447797,0.5559898632447495,0.0912246650477639,6.094731758715047,1.096211105542702e-09,4.482239844220428e-09
15679,Gm50373,15.4006500839982,0.8026198737824001,0.183749230260205,4.368017610989825,1.2537938553739556e-05,3.550250476486356e-05
15691,Xlr4b,27.65692112667625,0.8425489856675428,0.1403859296026611,6.001662617131478,1.95307200444569e-09,7.871703898074725e-09
15692,Xlr5c,195.5037489697066,1.7180430599207994,0.1157843605663408,14.838299849109704,8.282865950261393e-50,1.5231415324728838e-48
15714,Rfx8,22.707171721420767,0.7401433059818243,0.1473084949014025,5.024444153592241,5.048926879929102e-07,1.652547880894631e-06
15724,9330175M20Rik,171.67145358504874,1.584443697123563,0.0596856141793699,26.54649229815949,2.819218614332942e-155,2.261582345296077e-153
15757,Gm28723,38.5871618215813,1.299510528617415,0.1147387464605849,11.325821213009522,9.77583749485591e-30,1.0329900067071912e-28
15759,Espnl,77.90629834823419,0.7970644803643999,0.0786468383292816,10.134730108630928,3.8744199770631565e-24,3.352590626367169e-23
15801,Spata46,13.51493107322012,0.7176628449930318,0.1859547773908477,3.859340722850144,0.0001136933298229,0.0002861642130028
15809,Gm31728,19.615789468573684,1.0873315262684695,0.1713037368023568,6.347389418147881,2.189992865458301e-10,9.44245444554605e-10
15819,Gm36388,629.5531824081984,0.7641608930339301,0.0489911428751955,15.597939712911415,7.51814521633775e-55,1.543161074452049e-53
15831,Gm13199,17.645068562415858,0.6113824910233915,0.1577294675107046,3.87614629448932,0.0001061238924408,0.0002678831742213
15833,A230108P19Rik,24.39056248982243,1.6777892576922178,0.1525809598794114,10.996059134889547,3.991990871702254e-28,4.007573844106144e-27
15841,4921504E06Rik,51.63138177740312,0.8073552659437246,0.1060835193072281,7.610562613458795,2.7290531672733892e-14,1.4891008358588776e-13
15850,Ccdc183,14.555076873877011,1.9178745049279695,0.2176470142241738,8.811857639143083,1.2308887851384534e-18,8.372533284520137e-18
15888,G630016G05Rik,56.01336708683616,1.045651112787796,0.0943013807726635,11.088396630252872,1.4282472612478963e-28,1.4530068705470165e-27
15894,Slc28a2,256.83989189615284,0.7938615998226856,0.0444456383172902,17.861406200433787,2.3562748124069764e-71,6.593045427099713e-70
15900,Il1a,31.4368492911409,1.885464338558376,0.1420713973523392,13.271245118272438,3.3988592678615834e-40,4.8680795148536747e-39
15930,Slc32a1,28.46569594622458,0.743103028709242,0.130048762214685,5.714033844340055,1.1032904113100653e-08,4.203560503919481e-08
15959,Slc2a2,11.619395844243428,0.8664291960941677,0.2057110550086278,4.211874738855567,2.532599789207566e-05,6.913847192266924e-05
15960,Cldn11,10.658469246216306,3.5209607864200065,0.349550919290269,10.072812263143216,7.286427352948616e-24,6.206772603427443e-23
15975,Gm30173,14.684117494907603,0.6862034407484726,0.1749379176623102,3.9225540689988025,8.76152229576711e-05,0.0002239098376565
15987,Gm37696,18.532971249104897,1.2661767764359286,0.1617533869333273,7.827822343885945,4.963926904240862e-15,2.8102671965478857e-14
15997,Rbm46os,244.81101750991328,0.8344461008265454,0.0472115146889536,17.67463099466678,6.576933120056275e-70,1.7804552074852035e-68
16057,Gm43192,31.87328752427545,2.200286191657574,0.1481519196615076,14.851553707064424,6.797477524437011e-50,1.2539481745501526e-48
16063,Emcn,38.10051182290005,0.6888676186445652,0.1133248150259085,6.078700578395607,1.211603587047335e-09,4.945967210617133e-09
16064,Gm43691,12.585061057212622,1.127780997335356,0.20164612350896,5.59287219466554,2.2334369791790512e-08,8.292642439890286e-08
16092,Arid3c,40.899152892290296,1.1697571459726228,0.1098842552732018,10.645357181192994,1.832800017507737e-26,1.7325409030365028e-25
16103,Col15a1,33.27642733996269,1.0545807715482205,0.1288669885839575,8.183482698993586,2.7575588391048406e-16,1.6663506903339824e-15
16106,Tal2,99.89046473412044,0.7668548651845876,0.0725739280059855,10.566533826325916,4.259477380033222e-26,3.9580095867173744e-25
16108,Olfr267,30.83073229949422,0.852259487461518,0.1253513354871125,6.798966155004699,1.0537256623120463e-11,4.9993365118049553e-11
16113,Gm12631,64.71548442215537,0.6780332473257049,0.0908084117735678,7.466634798287092,8.227168921612309e-14,4.389161992103601e-13
16123,Gm12709,14.293408978561004,1.0625339979737929,0.1958797856855802,5.424418830431728,5.8143403825179245e-08,2.085340127347692e-07
16153,Paqr7,12.762327569852213,1.2444779191495856,0.2036259315008251,6.111588587844191,9.864421857348535e-10,4.045708476578592e-09
16174,Tmem88b,11.36584196791288,0.7379796089939435,0.2077026722546442,3.553057844576876,0.0003807807249723,0.0008921614842331
16186,Gm26918,149.02847382863354,1.0808248047424764,0.0660519194285265,16.363261114796444,3.4987925776383825e-60,7.90528224777003e-59
16200,Plb1,20.72995096656256,1.3867317492574291,0.167106555828938,8.29848800592231,1.0544474594595367e-16,6.5298077801092e-16
16208,Gm45495,58.14235783192073,0.6495348539299641,0.0984195620566443,6.599651942731985,4.1212417952988365e-11,1.8744415218774006e-10
16212,Cnga1,14.997962236782811,2.0933130878062047,0.2288846575259534,9.145711689167468,5.923850813648698e-20,4.287926449879489e-19
16216,Gm9484,141.12119887804403,2.0383741935689708,0.0689841849072982,29.54842760421336,6.8797819620779284e-192,7.86363574855025e-190
16220,Tmem150cos,19.542626262801345,0.5788329057895791,0.1552016423491761,3.729553998451304,0.0001918189971056,0.0004677911897062
16222,Gm17660,42.03540624646282,0.6482240858811742,0.1066637094779661,6.077269289186685,1.222463765075118e-09,4.987971610740472e-09
16231,Gm26953,27.10863233463045,0.8138642365434519,0.1317449440221659,6.1775747265604375,6.509376860580778e-10,2.703942578095883e-09
16233,Myo18b,12.990367423009715,0.6770306804831494,0.1945120801979159,3.480661354267925,0.0005001774520926,0.0011501779463768
16243,Oas3,59.36490933288101,0.9201728632681488,0.1040024160516373,8.847610451773367,8.941312550208998e-19,6.1152003863142345e-18
16246,5830487J09Rik,67.02703808883415,1.0725229186543277,0.0853930766962443,12.559834592556593,3.510659095543748e-36,4.4488700190484827e-35
16258,Ache,12.622903264890368,0.7462331623465286,0.1872728311458302,3.984737977103754,6.755462613419664e-05,0.0001752812020526
16269,Gm15411,12.616411510648904,0.5695635751577759,0.1936803146930266,2.9407406532796325,0.0032742854958044,0.0066021797245045
16300,Gm44073,31.168002953399764,1.267448252086107,0.1431947473517809,8.85122028235028,8.656750292686499e-19,5.9275352043266064e-18
16303,A730020E08Rik,15.353908464899929,1.3280183289160237,0.185497385200507,7.159229373937257,8.113183831779676e-13,4.091215653118886e-12
16318,Cyp26b1,47.30644800811768,1.2413325808659588,0.1281395950515185,9.687345900905031,3.4128201848561273e-22,2.7030525087302507e-21
16351,Gm15884,19.224688209486875,1.3370903472324387,0.1704494455446569,7.844498073665647,4.346885715171181e-15,2.464127630045822e-14
16360,Olr1,15.591522628250615,1.1889595929069563,0.2054731558232334,5.786447325166928,7.1890615889220015e-09,2.7783935705429382e-08
16388,Psg16,29.98851404383366,0.5527632680327287,0.140323801555965,3.939198210877084,8.175436832777029e-05,0.0002098518117299
16397,Gm4881,23.953458413893813,0.5608661830293763,0.1471797541789324,3.81075635136276,0.0001385422631662,0.0003444270064727
16408,Gm12784,25.425313587442982,0.5053589265139462,0.1296135537324247,3.898966674096547,9.66040680189254e-05,0.0002455183754563
16439,Gm29683,19.329261194048104,0.6056478600161199,0.1559143685314746,3.884490350187687,0.0001025447652973,0.0002595979814013
16442,Gm28258,166.21737462894495,1.8922697630081653,0.0678599969258146,27.884907879922483,4.066766675347301e-171,3.823635248305032e-169
16451,Gm45016,23.033912914644254,0.711299802893029,0.1467880223578147,4.845761878030783,1.2612672048614922e-06,3.97495780836507e-06
16452,Bnc1,26.257028857797327,0.5372447377260675,0.1313320020206512,4.090737439924115,4.300037233642978e-05,0.0001142495459464
16470,Olfr545,29.5573280608306,1.550519023297395,0.1559267678264743,9.943892539495948,2.681398354950583e-23,2.2181785445305483e-22
16487,Slc5a2,56.74321480796893,3.179509574876894,0.1411183959181361,22.530794473608896,2.072065499491625e-112,1.0294398140656121e-110
16545,Gm34030,33.61233167419532,0.6585475280531001,0.12280051546326,5.362742375866712,8.196787214402233e-08,2.899381367424479e-07
16565,Gm45767,25.506538075776675,1.8097998255600207,0.1775261704452311,10.19455227936866,2.097085460182228e-24,1.8282069056663414e-23
16575,1700082M22Rik,28.702995842570637,1.5155278633335636,0.1376220830747429,11.01224330771448,3.335923652066481e-28,3.3585856549993454e-27
16587,Hp,23.7647685410361,1.4233048951472211,0.1491176356674704,9.544846179838617,1.3630973388470226e-21,1.055706211769563e-20
16599,Irf8,134.56630055446922,0.5174679118470923,0.0597435383394244,8.661487522000654,4.656475024950231e-18,3.081060735388939e-17
16605,Gm45353,285.31006712069944,2.575240225618641,0.0592826908547539,43.440002275337534,0.0,0.0
16606,Gm20735,11.77959153343346,0.7107697642381678,0.2048009643692865,3.470539147250032,0.0005194146231507,0.0011919069583598
16617,Muc16,10.57872030995376,0.6145786703076583,0.2096395391523338,2.9315971252020208,0.0033722389997157,0.0067856075971727
16622,Gm48091,12.83524806307521,0.9250456620080584,0.1893328084136837,4.885818098609065,1.0300026120898656e-06,3.2732483518494584e-06
16662,Mlip,36.18570705374266,0.6369092628156813,0.112070355521045,5.68311985675891,1.3225950897084258e-08,5.0118186194628285e-08
16692,Prss44,24.28067771850881,1.2570430084612845,0.1505458359262113,8.349902212356191,6.831950614510048e-17,4.2731456490183016e-16
16703,Ipcef1,13.155240380464193,1.0565233623627095,0.2023844257123525,5.220378784800062,1.7855754567476057e-07,6.120373106154866e-07
16748,Tmem26,13.767742134438471,0.6685080391975682,0.1871776485812337,3.571516387051098,0.0003549203364683,0.0008339173510893
16758,Gm47922,28.01058841501126,0.7517253518816408,0.1336441276053954,5.624828904575769,1.8569193030060946e-08,6.943298005339017e-08
16764,Gm49322,33.329622241667565,0.6037056799951693,0.1167744856993812,5.169842336529924,2.3429157396454099e-07,7.94048652227111e-07
16766,Gm15344,39.22192453275287,1.3667155269666331,0.1371949312539367,9.961851465466705,2.2385444634931462e-23,1.8597465832573937e-22
16801,Gm12092,52.89010719704044,1.4443654169499929,0.1037980963393874,13.91514360944894,5.125688060028876e-44,8.090075161893949e-43
16809,Gm12153,35.96207820684553,1.1741253042405078,0.1185424608983073,9.904681371915684,3.972342257567111e-23,3.264488787609663e-22
16822,Gm45605,18.25033855343012,1.141812163622174,0.1765036243681133,6.469057888810418,9.861581438699449e-11,4.3495418965946017e-10
16847,Mmp28,35.20229279588301,0.5314372888119351,0.1178009804880609,4.511314647892902,6.442706725151467e-06,1.880655236345332e-05
16921,4930404H11Rik,14.30649712400187,1.609869801344665,0.2021093192379925,7.965341763627304,1.6476775335807253e-15,9.534938685393687e-15
16936,Gm29530,11.49690449978246,0.7542473495944465,0.1991698365433921,3.78695570918,0.0001525042709171,0.0003768538490601
16941,Vsx2,17.154322549524007,0.5835688601192051,0.1667755140746048,3.499127934680826,0.0004667825557255,0.0010782054331698
16991,1700018A04Rik,15.552211233242469,0.6946190527552161,0.1913584464257703,3.629936727275141,0.000283490702821,0.0006746986133552
16995,Serpinb9c,10.081927947477045,1.5872960612978562,0.241460330085241,6.573734330345297,4.9068750925703466e-11,2.2196438597741915e-10
17012,Cd83,28.38079132326833,0.6841520445503425,0.1326580472074242,5.157260030223433,2.505896918116531e-07,8.469873464248527e-07
17013,Gm33195,14.38087509976114,0.7999746034974223,0.1895011618817296,4.221475982277606,2.4270781936242267e-05,6.643409524197915e-05
17018,Hrh2,10.373431191052934,1.6104673524666124,0.2414468572512408,6.670069641001036,2.556820685525963e-11,1.180403383011564e-10
17031,Gm47424,20.821180071066244,1.0110174006676191,0.1606212277660237,6.2944195778428735,3.08552194135179e-10,1.3151257058337827e-09
17057,Gm30551,12.131241707189028,0.9696132302155512,0.1968881453340182,4.924690760688588,8.449386721097904e-07,2.709753804851644e-06
17069,Oit1,63.12529985652952,0.7150415378976407,0.088395589023496,8.089108809576219,6.010286158600772e-16,3.558154513933998e-15
17071,4930405A10Rik,19.10246912682761,1.093885925167376,0.1618111199690004,6.760264222736616,1.377403117063975e-11,6.480501940063168e-11
17074,Gm47920,278.0968649824426,0.5350379866990452,0.0558352908360012,9.58243395329581,9.47844267094249e-22,7.370342615804458e-21
17102,C1qtnf9,19.617192180289567,0.6168518151060826,0.1777202159972193,3.470915290333285,0.0005186875988599,0.0011903948463074
17117,BC037032,13.058032696150311,1.3654597439353855,0.2034624067849236,6.71111565773813,1.9314193936947728e-11,8.992721607277473e-11
17119,Gm49106,11.281690741328404,1.3026038267543327,0.2237393336797437,5.821970617910463,5.815777543025576e-09,2.2702303051881983e-08
17131,Gm34678,14.67077601460931,0.8700392076215789,0.1854307622105805,4.691989598972458,2.7056088592003653e-06,8.243151172420904e-06
17148,Nfam1,21.549629811711924,1.2794859670028431,0.1615516603013094,7.919980299902079,2.3754821449945507e-15,1.3624936619109443e-14
17181,Shisa9,13.013754543771483,1.1848617423246992,0.2050497685761783,5.778410531999746,7.540962545977105e-09,2.9079680927022623e-08
17186,Klhl6,21.0631102833704,1.3105035030276566,0.1588841537377275,8.248169954008912,1.6083852134716132e-16,9.827896790073925e-16
17225,Kcnj15,11.060957948613762,1.560994489915227,0.2297739445144386,6.79360966368028,1.0936203501226949e-11,5.178779497142076e-11
17233,Gm5091,35.02630229234115,0.5869190413378604,0.1143901185252921,5.130854385889023,2.884299773716366e-07,9.681503731814169e-07
17256,Gm50046,32.0070165647544,1.2753957037446118,0.1306094824048904,9.764954888886816,1.591828349946078e-22,1.2793149900669585e-21
17275,Prr22,17.495068374853048,0.5601566917489971,0.1777147103607478,3.15199957624172,0.0016215650865545,0.0034456780356824
17282,Gm9984,73.83697748842108,0.6618738954445198,0.0977094015990849,6.773901841710983,1.2535473826795189e-11,5.913686708470307e-11
17308,Gm10549,18.38728716932327,0.970540655104034,0.1749857016464158,5.5463997685088176,2.9161166784307443e-08,1.0731702119612132e-07
17317,Slc25a2,15.19972201984376,0.6236514639285833,0.1748463615804254,3.5668541128990987,0.0003612924819846,0.0008482055208681
17331,Gm10532,263.36305235238586,0.9466333419997892,0.0483234132241103,19.58953804876263,1.899054855701689e-85,6.563373777966629e-84
17386,Tlx1,112.28178446083598,0.581384271363872,0.0674654950135775,8.617505455890706,6.8428504850340586e-18,4.4802609240837e-17
17396,Magix,12.719604764732402,0.869392769423346,0.2345987397543278,3.705871439606945,0.000210665143536,0.0005106184379983
17418,Dmrtc1b,41.636377402775295,0.7736786837841467,0.1130526193682888,6.843527271701261,7.726660672531718e-12,3.698982804304262e-11
17438,Gata5,27.411733431835728,1.4041001967336095,0.1450468344208001,9.680322927008037,3.655594831203864e-22,2.8914085213972488e-21
17440,Gm13070,104.38528232355834,0.9563199544494804,0.0717669298557983,13.325356907018572,1.648425680452852e-40,2.37069640623022e-39
17444,Gm16499,76.08759836914724,0.6832040304327291,0.1005101924555323,6.797360682947568,1.065531031225322e-11,5.0526048465478395e-11
17454,Adra1b,19.4398695701304,1.5152643316812495,0.1755005783922335,8.633956341127965,5.926562770668055e-18,3.899312631055039e-17
17479,Rplp1,16.239147909164256,1.5445986719848572,0.1849283847874731,8.352415308012178,6.688101875904719e-17,4.1876665093384083e-16
