,gene_name,baseMean,log2FoldChange,lfcSE,stat,pvalue,padj
7,Rb1cc1,191.76581584846676,-1.8175209367575664,0.06279036214974,-28.945858481007196,3.164158198974715e-184,1.808031117761683e-182
12,Gm30414,19.151783821343496,-3.01930986853603,0.2202156594744054,-13.710695577881683,8.76138621187191e-43,8.810931269503959e-42
13,Sntg1,31.70191920066715,-0.5848054566522005,0.1201513964766108,-4.867238116254779,1.1316864575394958e-06,3.0385197322443896e-06
17,Mybl1,17.30045823317355,-1.9535604269617213,0.1732924696791458,-11.273198602217244,1.7798431263785617e-29,1.2876341223132243e-28
25,Cspp1,226.5593089310329,-3.349120427023537,0.0889220486955706,-37.66355449692157,1.96309476778057e-310,2.80432914859671e-308
27,Cpa6,12.193803697872456,-1.2967855930452592,0.2363079008285943,-5.48769460732454,4.072132848575128e-08,1.2133549544360973e-07
36,Tram1,11.677866791347542,-1.0388007665296437,0.2006848654842386,-5.176278560035354,2.263554227527392e-07,6.415550996478678e-07
38,Eya1,55.85102852185832,-1.0170596710178326,0.09886940534981,-10.286899849547714,8.07339430678969e-25,5.0539912348682016e-24
41,Trpa1,104.80951244205092,-1.167018562961219,0.0763675223438562,-15.281608295559764,1.0140681912069202e-52,1.2623700311681576e-51
45,4930444P10Rik,51.90361515758286,-0.9853497701010588,0.0913227398533462,-10.789752603605816,3.848240723003981e-27,2.5814911208819622e-26
62,Paqr8,58.92109220077883,-0.9357005759801732,0.0933395040808457,-10.024700529474842,1.1871894870887526e-23,7.144453860836595e-23
68,Kcnq5,15.446626861108388,-2.564300697509996,0.230628868906002,-11.11873248858162,1.017066372546309e-28,7.190844925248306e-28
78,Phf3,87.8258598415399,-1.086376800528176,0.0717601644327807,-15.138995417796288,8.957147819757577e-52,1.0863268768457554e-50
84,Rab23,19.08743708368404,-1.770535787732285,0.1706112760525279,-10.377601227173113,3.13554614725768e-25,1.987138118342067e-24
89,Gm26788,255.88583911814015,-0.813695504311898,0.0470237483627384,-17.303926901681628,4.3939166965477704e-67,6.98696899520388e-66
100,Kansl3,56.33028552586674,-0.6727854311417473,0.0892746053207773,-7.536134477708705,4.8410735620269124e-14,2.020843833269581e-13
126,Eif5b,62.77084905863569,-3.877026993987698,0.1523895421667793,-25.44155549561644,8.75461530999372e-143,3.531838787559504e-141
130,Gm16152,31.52842714740659,-0.6805388301828192,0.1151659528751433,-5.9092015755787,3.4376983564612684e-09,1.1017323824274916e-08
131,Lonrf2,43.043475663919246,-0.8129503608628934,0.1146110511425342,-7.09312368012296,1.3111817521343472e-12,5.088237714584147e-12
139,Rnf149,36.14006350171497,-0.5126615469284194,0.1024869785047109,-5.002211543438703,5.667634830226586e-07,1.5547857676875325e-06
140,Map4k4,92.69339143830464,-2.04882194614952,0.0951312943559086,-21.53678198137821,7.043304546809017e-103,1.7998638070643335e-101
143,Gpr45,56.18756768269206,-0.866085269663103,0.0880513493002987,-9.83613853217993,7.867264294593389e-23,4.591784398063414e-22
151,Poglut2,17.287189192977728,-0.7043576670805686,0.1531007951411024,-4.600614036206741,4.212473276721028e-06,1.0748899599808796e-05
168,Nab1,189.0687878258512,-0.937779199435425,0.0471026694061638,-19.909258036927906,3.382878807758575e-88,7.198633926937295e-87
180,Stk17b,92.6000887642275,-1.0657394753000942,0.0677480281117781,-15.730929814543376,9.283769173119147e-56,1.2257388571903069e-54
187,Coq10b,84.16546418875154,-0.5080598744005347,0.0703256123131933,-7.224393186054364,5.033443061374795e-13,1.9955151427124645e-12
189,Hspe1,25.45525362810117,-0.7700211144402463,0.1320215018359773,-5.83254321252091,5.45888610643562e-09,1.7250673991470532e-08
194,Plcl1,26.06178845034999,-1.6339872458795737,0.1362540427040728,-11.9922111186704,3.903443254138765e-33,3.1220380464951997e-32
196,9130024F11Rik,206.98752308470932,-2.204154366294364,0.0611630643863344,-36.03734358978316,2.1770795026110543e-284,2.5810980660888067e-282
215,Casp8,469.2718581964857,-3.35700425018337,0.0524574704932258,-63.99477936353949,0.0,0.0
228,Wdr12,104.97746853255212,-1.4103566043039726,0.0679814846153132,-20.74618717559283,1.327077009587366e-95,3.108642220845244e-94
233,Ctla4,44.2873122959355,-1.2213096603866909,0.0995746627008894,-12.265265352244883,1.3915567861103182e-34,1.1603852472885464e-33
236,Pard3bos1,44.066092826258135,-0.517506087439957,0.1161388802254944,-4.455924548567808,8.353240938612645e-06,2.080907419641812e-05
238,Ino80d,18.62020991616578,-2.1196275917161755,0.1742580822255868,-12.1637261505736,4.849513699199236e-34,3.977285870571496e-33
242,Eef1b2,114.55117025362156,-0.6338324306470716,0.0639639072636319,-9.909220023640597,3.795979482750678e-23,2.241827530510973e-22
245,Gm11608,22.006286833813256,-1.3276623248622426,0.1463449581011654,-9.072142573879828,1.1669926714437292e-19,6.102114694845878e-19
247,Fastkd2,53.17150917262067,-0.6059594533097356,0.086676200419001,-6.991070794294972,2.7279605368270493e-12,1.0455882171942339e-11
253,Mettl21a,12.623510765057564,-2.905157444727873,0.2579334863909317,-11.26320388010702,1.99375800587302e-29,1.438212521786216e-28
259,Idh1,116.7311471025764,-0.5174246193762271,0.0610878195937679,-8.470176588673235,2.4502129598099225e-17,1.177020712887743e-16
260,Pikfyve,79.92608755913234,-1.215142668892631,0.0744007288217503,-16.33240276185838,5.80522771562459e-60,8.24559972517566e-59
268,Erbb4,80.96178749845362,-2.452744001523739,0.0904816241480316,-27.10764781930693,8.000758896735567e-162,3.8625270374600395e-160
271,Spag16,95.69360460006412,-2.239925626653028,0.1057314780087796,-21.185040338384653,1.3121337628609848e-99,3.2390746769321875e-98
285,Catip,85.13787944910355,-4.239613384167281,0.1489785824802843,-28.45787168587369,3.894124743254883e-178,2.101139505431768e-176
289,Usp37,33.20168600227974,-1.686314000346081,0.1246028983146823,-13.533505425269691,9.917910554507729e-42,9.743480560538936e-41
302,Retreg2,220.7203747822362,-4.923812296305282,0.108712832058439,-45.29191451528433,0.0,0.0
307,Glb1l,17.65024726271213,-1.751076993945028,0.1677281595447982,-10.439970239328456,1.6286175681716012e-25,1.043512756547598e-24
322,Epha4,24.099896923478862,-1.716912059196239,0.1385592518970145,-12.391175873786835,2.9173405120260004e-35,2.4705252888041366e-34
332,Serpine2,537.9572588964968,-2.911000633886898,0.0515236485641998,-56.49834037392975,0.0,0.0
343,Agfg1,177.13650448327337,-0.5625976200836954,0.0496610601184976,-11.328747689664,9.454683887149368e-30,6.903067900512742e-29
349,Dner,11.741906645517217,-0.8812614627040921,0.1835254976431712,-4.801847558084432,1.5720835650027748e-06,4.16070954758821e-06
352,Slc16a14,14.301352758752868,-0.9239541436380242,0.1690897142416996,-5.464283547828987,4.6478011253246256e-08,1.3785207285935596e-07
361,Armc9,48.9898563169434,-1.039271125804016,0.1014231957784317,-10.246878121198222,1.2222763871411488e-24,7.602367193110614e-24
362,Gm16341,65.0332909770379,-0.8261243071040241,0.0804083977187849,-10.2741048266284,9.21963405860755e-25,5.7611969298462674e-24
363,B3gnt7,26.91540320845132,-0.5707148936761285,0.1158586798391023,-4.925957161506617,8.394838960060614e-07,2.275000052805728e-06
365,C130036L24Rik,25.717825209772297,-0.5236931731487197,0.1215108788463825,-4.309845983508912,1.6336828326628436e-05,3.9522243764086673e-05
381,Usp40,115.91246254575306,-0.5463600613409935,0.0605411415534029,-9.024607850498706,1.8034010721019856e-19,9.3624289200457e-19
383,Dnajb3,13.944204300528153,-1.1434336916756265,0.1713395813339912,-6.673494138209304,2.4978356485540413e-11,9.073005352855322e-11
384,Hjurp,10.263019732640608,-2.2306863072043748,0.2530743745075529,-8.814350767615158,1.2038060711425406e-18,6.079377631953695e-18
388,Sh3bp4,184.09204959811197,-0.7781864067386297,0.0549152825702319,-14.170671083106887,1.3916423422415193e-45,1.4761742386235665e-44
391,Gbx2,12.994416382561038,-0.7620690747311246,0.1724647388120877,-4.418694974869337,9.92986746813718e-06,2.4557645840030475e-05
395,Rab17,24.08940488848525,-2.84808633506783,0.1760985413535239,-16.173253413554384,7.787502070699982e-59,1.0814389329733806e-57
398,Ube2f,21.266332923197183,-3.629680890604909,0.2331701111226846,-15.566664497128109,1.2263780196684219e-54,1.5890941358201682e-53
401,Erfe,27.354974932011302,-1.1219047600256722,0.1201795071917351,-9.335241808204277,1.0076098630140711e-20,5.45530434688078e-20
402,Ilkap,98.29404854328476,-0.5105924946412311,0.0651407168607104,-7.83830020988293,4.5668612391513766e-15,1.9917732151133686e-14
403,Hes6,12.378356809246638,-3.314099721862064,0.3261089726323734,-10.162553011376623,2.9134576804803504e-24,1.7903998750145116e-23
410,Gm29481,66.84161156088257,-3.0381750948435413,0.1423121422724695,-21.34867093088009,4.0118644903224036e-101,1.004580091053719e-99
413,Dusp28,30.97174918591723,-1.0211643950635765,0.1103989410998404,-9.249766210529822,2.2498422881780875e-20,1.2046160183830326e-19
414,Rnpepl1,12.875783434493725,-1.2517982156541796,0.177236231617711,-7.062879887641939,1.6308668787522865e-12,6.304957400819621e-12
426,Sept2,52.52003939051178,-0.502345836580516,0.0923718283282222,-5.438301327062017,5.379094597624368e-08,1.5902775343069973e-07
428,Stk25,35.30677529661016,-1.0922629881603494,0.1045627257410126,-10.446007221213163,1.5282441469266905e-25,9.802811554154716e-25
446,Cdh20,191.33680698983747,-1.0114455163908638,0.0493175640287693,-20.50882958859928,1.795633212311374e-93,4.058922908451702e-92
449,Gm28404,65.16333357297262,-5.389849379599969,0.2307822082554617,-23.354700608609036,1.2346360444765441e-120,3.962658744592488e-119
455,Bcl2,179.75388216967096,-2.69663295377202,0.0732367645156684,-36.82075487093774,8.595069477992711e-297,1.1014328739886544e-294
457,Vps4b,22.39656251676082,-0.6023829266678106,0.1375277977030739,-4.380081239782308,1.1863507126563282e-05,2.9128938039130017e-05
463,Nifk,48.3400094159485,-1.1671649770764705,0.0969390233389098,-12.040197403226657,2.1843232932042214e-33,1.7616097341028767e-32
470,Tmem185b,60.21276587306554,-0.9174373784860472,0.0806550023795136,-11.374835427679264,5.5808026640526424e-30,4.102160642307442e-29
480,Ccdc93,369.5408075606631,-1.0755993830553023,0.0723913397646185,-14.858122346576655,6.162837141055829e-50,7.174744535358784e-49
487,Nckap5,29.14067040171323,-0.6143101708145969,0.109868680763377,-5.591312888680532,2.25359059669595e-08,6.832911781352995e-08
500,Dars,87.35094285882947,-1.826457570825188,0.1056941695939557,-17.28058962799814,6.587117708040554e-67,1.0408004298796988e-65
501,Cxcr4,68.11252779759816,-2.125841830220275,0.1015777337749962,-20.928226602586,2.9631687936675263e-97,7.093695842862313e-96
508,Pfkfb2,26.962484017876072,-0.7118460349713831,0.1301774918784138,-5.468272776650585,4.5444214889837514e-08,1.3483176321077426e-07
512,Il10,31.10215576829681,-0.5724995255340347,0.1242859293349417,-4.606310051326801,4.098771169237064e-06,1.0471032532609726e-05
517,Ikbke,58.21847333759885,-2.141095244030961,0.0974678471859862,-21.967195396707243,5.932020698800188e-107,1.5735655515782294e-105
534,6030442K20Rik,98.2522062431069,-2.5433411511583937,0.0854715659454296,-29.75657603819052,1.4256553256882522e-194,8.810752133366972e-193
538,Mdm4,24.434027034014683,-1.1211014261157506,0.1425507066600766,-7.864579926559784,3.703380721257609e-15,1.623302797034145e-14
546,Zc3h11a,103.37801194641966,-2.2958058611687195,0.0972210609425521,-23.614285206425684,2.749186435293334e-123,9.12625165605566e-122
557,Mgat4e,73.16994128969331,-0.7988400404912122,0.0772490978896396,-10.34109215919205,4.592731357379987e-25,2.8937860483159227e-24
562,Lgr6,37.26245198323606,-0.8305666868662044,0.1113748360266901,-7.457399862453356,8.824658354735474e-14,3.63069277163196e-13
564,Gm15445,35.69404222168901,-0.5486666911361139,0.1038575209513263,-5.2828787564961335,1.2716955786224677e-07,3.6641726207091893e-07
566,Elf3,361.0619615777752,-1.6767816436935203,0.0944439962231099,-17.75424283966524,1.5981129883755134e-70,2.672928326430753e-69
567,Rnpep,15.41662477622699,-0.5200315125224795,0.1553015201407334,-3.348528153821222,0.000812420260629,0.0016313930524533
578,Tmem9,826.0396270326771,-0.7588984329123167,0.0405778029651166,-18.70230464583594,4.741060237786172e-78,8.837133457126995e-77
589,Zfp281,31.02574020808716,-0.6688888563552403,0.1397209874679694,-4.787318415628725,1.6902455034209486e-06,4.461244681753793e-06
593,Gm26936,293.2334169131948,-3.2764352653921125,0.0738991451085088,-44.33657873282839,0.0,0.0
594,A430106G13Rik,54.07738512708567,-1.0806744943755715,0.0902151637828945,-11.978856425691884,4.586060645549713e-33,3.6663240793871737e-32
601,Zbtb41,10.687861346417217,-1.6756993464654415,0.2074517135149321,-8.077539192486963,6.60867928874688e-16,2.9993766313614738e-15
607,B3galt2,156.3031141939259,-1.52380389229176,0.0662320892629733,-23.007033437244036,3.963749428728757e-117,1.205588569701305e-115
615,Pla2g4a,70.62327127605391,-0.8082766629234264,0.0738530077097136,-10.944397364294703,7.068622115010758e-28,4.882756489116429e-27
616,Ptgs2os,18.957844668413305,-2.703449095541227,0.2270551212510002,-11.906576168139688,1.0937685858848827e-32,8.664635870364427e-32
621,Hmcn1,84.03068621145077,-0.844194767426949,0.0697750959293249,-12.09879766101694,1.0716930032993794e-33,8.723711191733575e-33
629,Edem3,179.06191182407437,-1.0585030175189043,0.062589002987404,-16.911964834012885,3.67256268093401e-64,5.54159501327428e-63
631,Tsen15,11.462637530090676,-1.3464868137971844,0.1936048430928946,-6.954819891313973,3.5301274460377978e-12,1.3437990596081293e-11
638,Gm28960,876.842660124771,-1.849957327714451,0.0581216232173591,-31.829071958229907,2.5646542930493063e-222,1.9265859922096257e-220
640,Lamc1,66.76757219637335,-0.5456889058909338,0.074902696536664,-7.285303882535453,3.20946041944319e-13,1.2852591036317997e-12
642,Shcbp1l,15.142041330958282,-0.8651347934946707,0.1596642959683861,-5.418461204789136,6.011417964186066e-08,1.7709092677456857e-07
653,Gm37571,10.546685987995286,-2.357308277991028,0.2404643166862986,-9.80315212866402,1.0912600020766938e-22,6.328944863957611e-22
654,Cep350,33.59476809455388,-0.9239752333804592,0.1103620642494124,-8.37221775131284,5.654383522234649e-17,2.672033514791363e-16
655,Tor1aip1,23.41038002534118,-2.7435665660915207,0.1758370070275287,-15.602896184771804,6.956533382296136e-55,9.06794792719948e-54
658,Axdnd1,165.72055747134615,-0.5392826950871599,0.0574798564596204,-9.382116245645207,6.466163761858044e-21,3.5238368368249534e-20
664,Ralgps2,84.16636283183597,-3.51463698878298,0.1314801243065683,-26.73131781186945,2.0363558140226863e-157,9.388785483277084e-156
667,Astn1,66.9788350966996,-1.0565514259627993,0.0795969837692268,-13.273762094126928,3.286574216717946e-40,3.126551061624474e-39
672,Cacybp,46.97394586616233,-2.964639362611589,0.1770246712550566,-16.747040633337175,5.951412961169995e-63,8.842389180500483e-62
688,4930558K02Rik,27.15250264509248,-2.3148980486341437,0.165134943744778,-14.018220469508268,1.2060090613676071e-44,1.2585823905098597e-43
690,Dnm3,45.085457369207866,-2.0752045082264936,0.1159594827516716,-17.895944850586854,1.2682736568088433e-71,2.148053769763316e-70
691,Eef1aknmt,15.279706466602445,-1.019626242254293,0.163079324872128,-6.252332986132922,4.043660772945983e-10,1.368140554278831e-09
711,Mpzl1,124.28136541935103,-0.967988442015068,0.0680079413719953,-14.233461894108618,5.6798904810964805e-46,6.069229387158153e-45
727,Aldh9a1,114.48137301096364,-1.0228664899036306,0.0669990373454509,-15.266883382662211,1.2710432692030602e-52,1.5755150850406068e-51
736,Nos1ap,55.692695462241154,-0.798620362229148,0.0856709013530447,-9.32195587552045,1.1421510951882304e-20,6.174134394212308e-20
746,Tomm40l,95.85463236423672,-4.110830207473862,0.1372184107547361,-29.958299217016503,3.4305083961996135e-197,2.1661920409045963e-195
769,Gm37756,625.6817790857857,-2.378327251999764,0.0634445444357697,-37.4867102152108,1.5165135561235362e-307,2.1143838604896795e-305
770,Pex19,171.82474043571702,-0.8040968015795441,0.0509971062992801,-15.767498588265866,5.207159923998744e-56,6.895925771690738e-55
799,1700016C15Rik,10.480754693723842,-0.9105152810229024,0.1883494740527465,-4.834180109087621,1.3369550171566588e-06,3.567123704685586e-06
806,Hnrnpu,15.751132280372808,-2.417535500910697,0.2026570147211912,-11.929197241144903,8.337359945075768e-33,6.628809722754583e-32
813,Kif28,509.56284637615823,-0.6059170394818124,0.0418765720709018,-14.46911744485496,1.8989304873673327e-47,2.1025769081218475e-46
817,Psen2,47.880187622242325,-2.1857524266490898,0.1091229428522808,-20.03018219191477,3.0055639757069676e-89,6.498879524642807e-88
826,Lefty2,15.988666625820096,-1.446454549143083,0.1907346976546995,-7.583594211902136,3.361112749925341e-14,1.4138902487496704e-13
827,Pycr2,102.38489786178026,-2.1047061317754223,0.0804177302442105,-26.172165334484127,5.513984413133894e-151,2.4267101099014528e-149
828,Lefty1,62.25266077406324,-1.7712842630190764,0.0898062071349149,-19.723405759226587,1.357709294825348e-86,2.850862360267008e-85
832,Wdr26,10.488517387592692,-1.009423055994863,0.1991566588795413,-5.068487600032527,4.009891003361692e-07,1.111569594505926e-06
847,Mia3,36.58084806943737,-3.7154421339778994,0.1796604876724942,-20.68035204686093,5.2059558051569456e-95,1.2033076627622714e-93
848,Taf1a,12.565267290119817,-0.7877923317803731,0.1875062382665408,-4.201419318436347,2.6524677835438354e-05,6.299701353448074e-05
860,Tgfb2,114.75121122154992,-0.6545126144740507,0.062006498753774,-10.5555486542322,4.788339161361924e-26,3.1185042938795072e-25
864,Gm38155,77.72434702330047,-0.9381384571508764,0.071777266922686,-13.070133447145324,4.8779879908338706e-39,4.514794195658667e-38
872,Gm37422,14.6374448064688,-1.6083423717738363,0.1791104494109297,-8.979612172620074,2.7172284147214515e-19,1.4060527556937485e-18
882,Batf3,45.05902815915967,-0.892346115524083,0.1044036067873076,-8.547081302870906,1.2624026672842449e-17,6.131871149785347e-17
912,Gm32250,57.41382602395003,-0.5776740100166702,0.0895795296288353,-6.448727878011972,1.1279287334835419e-10,3.937020221740671e-10
916,Nmt2,26.90799650213061,-1.6863013756847405,0.1360221895275685,-12.397252106745174,2.7043949882354187e-35,2.2935375111906023e-34
926,Frmd4a,11.344621216785978,-1.1283082133656557,0.198996099061927,-5.670001666789101,1.4279613035573204e-08,4.389929369976536e-08
934,4930551O13Rik,11.022764194842091,-1.5101666833333138,0.1981939791260198,-7.619639557128464,2.54385047668106e-14,1.0755513369140591e-13
935,Ccdc3,237.97801169194315,-0.5976926319317665,0.04453324663404,-13.4212678640615,4.538809728936905e-41,4.392136366236112e-40
944,Celf2,102.2388041891975,-0.8876817229673747,0.0671700234149699,-13.215444596220582,7.146281645707552e-40,6.746771209176122e-39
950,Gm13261,30.722833878358,-1.0705274746977742,0.1177359280176385,-9.092615081246851,9.668504201912098e-20,5.064703673908149e-19
962,Cubn,162.0772390634474,-0.6712322047114213,0.0576697154714702,-11.639249460897489,2.6029605628685595e-31,1.9931632991947828e-30
974,Arl5b,29.87432386483284,-1.5160728279407354,0.1332416418295962,-11.378370959130422,5.359143292090522e-30,3.944220831695677e-29
986,Etl4,137.7166333220453,-1.063250758796551,0.0635146767243433,-16.740237274781517,6.672169836273177e-63,9.90481907210979e-62
1008,Pnpla7,187.6495041734024,-0.9745040373675656,0.0783454482979428,-12.438553337030996,1.6140062127363603e-35,1.3795439075806415e-34
1012,Tubb4b,91.12268685650434,-4.667252279406285,0.1535971956227522,-30.38631181046725,8.330616342449478e-203,5.584076216008059e-201
1017,Tprn,66.1947914403585,-2.07509354001805,0.0959275922645168,-21.63187348949669,9.005084818828607e-104,2.311349311083137e-102
1022,Dpp7,16.588751599244425,-1.195649809071628,0.1566086681462259,-7.634633658688973,2.2646344029577808e-14,9.602931478040927e-14
1028,Traf2,55.73580528131477,-2.712253193687004,0.1154807617237482,-23.486623686941243,5.58792566386535e-122,1.8305708358993486e-120
1031,Phpt1,68.68250810422958,-2.592990787688382,0.1054278573970121,-24.59493014188741,1.4312454134029963e-133,5.251314750481562e-132
1032,Rabl6,21.400488851431938,-0.6849710073976126,0.1437928424943908,-4.763595986527164,1.901730838798862e-06,4.993726843240405e-06
1037,Nacc2,24.429619106844125,-0.50787909886445,0.1268371475832975,-4.004182595882737,6.223228434026922e-05,0.0001422219055182
1046,Sec16a,13.994270911228371,-0.91269675455468,0.1742672968224572,-5.237338107588434,1.629090900781701e-07,4.657446886289941e-07
1048,Notch1,39.51944528549753,-2.2392553072586843,0.1228021181253573,-18.234663550125703,2.7393442157387545e-74,4.832114472863868e-73
1049,Egfl7,131.0850888325407,-2.435394201745257,0.0954806990913378,-25.50666495870054,1.6626742407722113e-143,6.770347352378061e-142
1050,Agpat2,12.678963739451572,-1.384743216630834,0.1839751092395293,-7.526796545221482,5.2000299448333504e-14,2.16705217308837e-13
1052,Abo,37.39534200160556,-1.0126740684997522,0.2733601236581814,-3.704542033958228,0.0002117729903721,0.0004562714397583
1058,Surf4,10.717699690483162,-1.220610777295673,0.1967811836365024,-6.20288360268432,5.543784294852714e-10,1.8587355269467701e-09
1066,Ppp1r26,37.552974213184015,-1.7519203464646884,0.1192035991199697,-14.696874585988862,6.750420354686275e-49,7.699366880986414e-48
1069,Ralgds,35.16396115043815,-0.7169325548876181,0.1051866277309248,-6.815814617819904,9.373110131410508e-12,3.48899110145712e-11
1089,Pkn3,102.38808527030632,-0.7959805741631841,0.0671946099970945,-11.845899160626148,2.2598147235997875e-32,1.7748558360927038e-31
1090,Zdhhc12,66.60667624019912,-4.08940039228795,0.1612416668992417,-25.36193324547665,6.63703187534436e-142,2.646915137837563e-140
1092,Tbc1d13,11.855219111154945,-0.5337324932686558,0.1781052697300566,-2.996724881176181,0.0027289687529012,0.0051118301188266
1094,Spout1,399.5505180764839,-0.7252043654328804,0.0368587501951483,-19.6752293985361,3.515822546962545e-86,7.303188956908611e-85
1117,Ass1,48.38732492013726,-1.2152193537833171,0.0935124340213232,-12.99527027075582,1.3014717559686187e-38,1.1912841262090906e-37
1119,Exosc2,13.615862852711352,-1.8894785495533128,0.215474526459791,-8.768918445243234,1.803906374732296e-18,9.06792047846393e-18
1121,Abl1,10.362452503524842,-0.7555933263174206,0.2312051405886475,-3.268064561167119,0.0010828566140506,0.0021379885657272
1122,Lamc3,40.14476661991134,-0.6426713611549801,0.1019836010537961,-6.301712770624488,2.9437431664843766e-10,1.0022183220451206e-09
1125,Plpp7,95.50318148266942,-0.8033896314621758,0.0645904096818327,-12.438218543892336,1.6207844886776176e-35,1.384658434738898e-34
1135,Slc25a25,34.572894547607014,-1.2946537105420703,0.1127163571531938,-11.485943506695254,1.5523143072595872e-30,1.1616029947153323e-29
1137,Fam102a,11.877788171471378,-0.8021621943807684,0.1793834970864894,-4.47177252874052,7.757391852367623e-06,1.937180472891001e-05
1162,C79798,78.94351450920234,-4.75899408238599,0.2853426791134675,-16.678171303261504,1.889139364141292e-62,2.7854416952837928e-61
1206,Epc2,20.51260561994018,-1.2230446685509506,0.1407104768235533,-8.691923275084989,3.5635471772875765e-18,1.7709010609001394e-17
1212,Rnd3,19.15965018258165,-1.1477765849884052,0.1465766015253123,-7.830558036169197,4.857092623831266e-15,2.1157063296208776e-14
1218,Gm13522,14.871301175501,-1.6715723426593383,0.1798509262187209,-9.294210365236038,1.483028946183337e-20,7.982158268710066e-20
1227,Galnt13,79.10349702663108,-0.85932863949225,0.0811295393805968,-10.592056186353371,3.243868875058453e-26,2.1221526559504024e-25
1246,Pla2r1,121.15417609510342,-0.8252661502531555,0.0602783782659309,-13.690914951499144,1.1505134503367729e-42,1.1517029530424628e-41
1247,Itgb6,29.193238828188115,-0.5143686403842737,0.1376490390662692,-3.736812431626479,0.0001863678402371,0.0004042338170071
1248,Rbms1,51.862488865383845,-0.9375985840016584,0.092393004360556,-10.147939126892735,3.3843456517795045e-24,2.0739232074266242e-23
1266,Scn1a,88.32757261061269,-0.5000571368731894,0.0674602952412722,-7.412614117455782,1.2383381599478484e-13,5.06138777006827e-13
1270,Gm13598,375.7993806461656,-0.9553335059851196,0.0427094195866857,-22.36821561215821,8.028432995912301e-111,2.2174252021039555e-109
1282,Ccdc173,14.637901420206031,-1.3652177593681467,0.1743114370247319,-7.832060722294685,4.799376205544087e-15,2.0916111155344424e-14
1302,Dlx1as,79.96099583803276,-1.5852862088078252,0.078574000399315,-20.175709531796283,1.600503619593789e-90,3.517475041901709e-89
1316,Sp9,49.51603856601273,-0.5815360851229303,0.0930622202990286,-6.248895451390816,4.1336548479880516e-10,1.3972330622718343e-09
1324,Atf2,25.965824590461825,-0.7188065182336384,0.136812477596705,-5.253954396999751,1.4886775564339166e-07,4.267917824235943e-07
1326,Lnpk,14.69785404945608,-3.4815805139595746,0.2659490896067744,-13.091154096851213,3.699436313375018e-39,3.434937457085765e-38
1345,Cwc22,13.886722829335396,-0.7776658419806092,0.1679693374739816,-4.629808354760399,3.660043172245755e-06,9.379096074974124e-06
1370,Gm19426,10.635615830569993,-1.256267887726073,0.1977948308311037,-6.35136865026971,2.1340759284513123e-10,7.322834274670107e-10
1375,Slc43a1,130.50235351727454,-2.2790283108378064,0.0713173066673236,-31.95617469780331,4.434330026204842e-224,3.3895396358200873e-222
1382,4933423P22Rik,31.224147338226228,-1.8449701208281224,0.1303881647317515,-14.149828127604923,1.8721427850397328e-45,1.981038522020186e-44
1383,Nup160,66.11981288934057,-0.8658597981173894,0.0785429048929488,-11.024035834904824,2.926375281556832e-28,2.0441229822433856e-27
1384,Fnbp4,67.79781767160608,-1.5573067828367546,0.0926183762184101,-16.81423111072856,1.9196706251524096e-63,2.866839730518954e-62
1385,Agbl2,16.12469860823895,-1.3360828816774524,0.1964664718291758,-6.800564336693302,1.042101192723568e-11,3.8650222572433156e-11
1387,Ndufs3,33.716215546566524,-0.8717718808453035,0.1080894928305706,-8.06527866877679,7.306900143136989e-16,3.3076533946647134e-15
1391,Rapsn,165.13013640211054,-0.9032515838329004,0.0566830939276893,-15.935114356763556,3.6153871859361814e-57,4.873083362451335e-56
1402,Zfp408,12.83477869369937,-0.6971632936519014,0.1716195954448173,-4.0622592766574135,4.860005408203027e-05,0.0001123642534547
1408,Large2,14.038976442613809,-1.1112937214794296,0.1808479396299717,-6.144906730777351,8.001051506141681e-10,2.6585762754821208e-09
1411,D930015M05Rik,18.438347057455974,-0.5541163744953911,0.1470559658899501,-3.768064567404672,0.0001645181543235,0.0003587166762855
1412,Slc35c1,172.29027313491477,-1.9468075991645213,0.0835031803033336,-23.314173090085298,3.184175983608093e-120,1.018235211785722e-118
1421,Hsd17b12,14.642210429984242,-0.5726368180267251,0.1610304609713997,-3.5560776176901707,0.0003764329067114,0.0007892772736005
1423,2810002D19Rik,361.9069043813887,-0.5784835006465492,0.0408628336989696,-14.156715241731655,1.697449081704012e-45,1.7983673310600318e-44
1424,Api5,12.987666454533604,-2.104006019539283,0.2173002789339451,-9.682481908727132,3.5791966416741475e-22,2.041840886124289e-21
1425,Lrrc4c,37.00467841348027,-1.939606162993755,0.1341450088483835,-14.459025942485724,2.198875775723811e-47,2.4285175550896434e-46
1433,Gm13919,26.841057117037337,-4.405583889238684,0.2565457591193024,-17.172702072186425,4.2515891774912734e-66,6.663371959111323e-65
1438,Pdhx,15.827653291295585,-0.5316977248738912,0.1545618046104719,-3.4400331065872374,0.0005816430330999,0.0011899136965448
1456,Eif3m,11.548531325458027,-0.9435020681741848,0.2040168038007795,-4.624629200129542,3.752691143429557e-06,9.61227237620375e-06
1460,Pax6,215.428672707911,-1.0254838696868982,0.0577566634406878,-17.75524776877045,1.569763613848959e-70,2.628034607316009e-69
1462,Dnajc24,756.9198938692994,-0.7179914276993223,0.0329255943281083,-21.80648344702404,2.013720309867791e-105,5.269537171227607e-104
1464,BB218582,18.67724740183788,-1.1202726034393873,0.1482248731076193,-7.55792587271104,4.0954731674477833e-14,1.712884721916966e-13
1466,Arl14ep,26.27019696813401,-0.5892821411157768,0.1228287638089432,-4.797590750260983,1.6058545974383066e-06,4.245575534610862e-06
1472,Ccdc34,18.91906541116812,-1.2624808520203092,0.1806274897345542,-6.989417025479457,2.7603080476125767e-12,1.0572889814020215e-11
1480,Slc12a6,46.58669795060519,-1.542513400434564,0.1001250467135095,-15.405869470884731,1.494651489891715e-53,1.8903328131954146e-52
1482,Katnbl1,208.7131952191564,-2.572973124555461,0.0778688929986402,-33.042374502490894,2.001876210105005e-239,1.7186551029413808e-237
1486,Gm13963,96.5164189376096,-2.302135733068114,0.0892757546276279,-25.78679668035736,1.2471112329089586e-146,5.288237120957988e-145
1493,Gm28494,12.145072838173787,-1.812880388459752,0.2000636773147699,-9.061516876986415,1.2864885739405925e-19,6.718886085297168e-19
1500,Gm13986,95.67778584994244,-1.8731830631970408,0.0843272050452811,-22.213271057557268,2.556328052572141e-109,6.950340920472272e-108
1501,Thbs1,322.3657284272083,-3.687811524751892,0.0708568160396222,-52.04596721774395,0.0,0.0
1507,Bub1b,205.7610972846664,-0.8620215623826003,0.0517245174764794,-16.665627915709116,2.3302848394727214e-62,3.424300521275766e-61
1516,Rad51,119.837078000822,-0.8375451550066194,0.0586746226227348,-14.274402076547704,3.1598633158135672e-46,3.405695600989416e-45
1533,Rpap1,278.51290234908737,-5.512103223579851,0.1870650665741702,-29.46623506208913,7.799530783118195e-191,4.671141666260615e-189
1535,Mga,44.92869728451651,-1.0871267340618074,0.0945402172081965,-11.499092832288888,1.3330913858932005e-30,9.988442249934092e-30
1546,Haus2,151.86558344678645,-3.0856732077327207,0.0925176302384764,-33.35227242395844,6.752484704927589e-244,6.19380544407779e-242
1562,Mfap1b,362.2823132730501,-1.118159554764987,0.0434838320013668,-25.71437482165416,8.073113048532885e-146,3.382168610813248e-144
1566,Ctdspl2,19.05044185137393,-0.8060593801585041,0.150615593955366,-5.351765769999716,8.710009530476234e-08,2.540553072755478e-07
1569,Patl2,108.33428680583486,-1.508763692894621,0.0666791242310897,-22.627227191312542,2.3385272165283137e-113,6.714308456285906e-112
1574,Duox1,83.51925676234445,-1.5760257932076276,0.1103149078182481,-14.286607534534184,2.65218057648589e-46,2.8691622027930536e-45
1576,Gatm,250.00080645249,-1.0753123372098978,0.0470403261779976,-22.859372469931067,1.1791262006859954e-115,3.459564213056486e-114
1577,Spata5l1,283.0693387151539,-4.732115548814252,0.0981967403607923,-48.190148995044176,0.0,0.0
1578,AA467197,44.01618396278488,-1.145813028645856,0.116439379113173,-9.840425441741534,7.539134580511214e-23,4.401743298798975e-22
1591,Secisbp2l,343.4532058935154,-1.1145056151946335,0.0466437054701585,-23.89401965304118,3.53414226436286e-126,1.2029888942053891e-124
1594,Fam227b,16.743398757023993,-3.2222924094903527,0.2469486647191592,-13.048430179425688,6.48703059017187e-39,5.984963955823999e-38
1602,Trpm7,462.6178275975672,-2.118784178253406,0.1010251075571041,-20.97284753748735,1.1610287384789036e-97,2.7948078527914828e-96
1612,Stard7,68.47569385313419,-1.0232661380298995,0.080875731453634,-12.652326224913793,1.0861065281064334e-36,9.516673992880304e-36
1627,Mertk,24.5592495136452,-2.1000624824348493,0.158425853335963,-13.255806664215264,4.176022787612253e-40,3.9554198447014306e-39
1631,Gm14022,16.245975857090972,-3.213011253942333,0.2632721636685352,-12.204143458127149,2.954007089714781e-34,2.4399258559028066e-33
1635,AI847159,32.06601694136686,-0.5553505380084591,0.1078329550554561,-5.150100335494416,2.6034714506814464e-07,7.350283564308481e-07
1640,Gm14023,130.9833019504813,-0.5905699396977324,0.1290404938236333,-4.576624919809253,4.725375857342119e-06,1.2008253887573628e-05
1644,Snrpb,58.91424161310464,-1.0094533482856072,0.085136625596313,-11.85686349694041,1.9826371920967708e-32,1.559972956382055e-31
1651,Vps16,52.08331854391062,-1.032553659450769,0.0900742604902904,-11.463359830326594,2.0154168660982382e-30,1.5016966713279217e-29
1653,4930473A02Rik,72.05642145800363,-1.2090511098360828,0.1085123504076476,-11.142059915705888,7.82873296102032e-29,5.557603179008641e-28
1662,Atrn,35.17162312316538,-1.954388115159522,0.1709546812418085,-11.432200048357364,2.8870010140611474e-30,2.1428728140143813e-29
1669,Cdc25b,120.46015621203784,-1.4457229202560415,0.0622254980063159,-23.2336094780519,2.0835768912408e-119,6.60228692009903e-118
1670,Ap5s1,118.4474523447558,-1.377985031916284,0.0635136148900026,-21.69589991536107,2.2429347778837602e-104,5.799683576996761e-103
1688,Lrrn4,14.374913987160149,-2.94063194761424,0.230700774725044,-12.74651960366831,3.259764430488688e-37,2.885280573618936e-36
1690,Bmp2,120.53188654931182,-1.6808200307275494,0.0628073782102578,-26.76150603040191,9.072019172284451e-158,4.216190670255291e-156
1699,Snap25,21.242298959988943,-1.1700072188967676,0.1381510010118838,-8.46904626334284,2.4741040509616224e-17,1.1875154337691864e-16
1713,Kif16b,22.383798004717296,-3.163417813940656,0.2158271158482379,-14.657184300072194,1.2119551508965863e-48,1.3724466777014755e-47
1737,A930019D19Rik,15.648214393466818,-1.6237378725028542,0.1684199720057042,-9.64100547676056,5.365977094263418e-22,3.0432231955360512e-21
1755,Acss1,245.13238362417195,-0.8605090586930515,0.0537225964850955,-16.017637176784376,9.623835203976424e-58,1.3123959306330294e-56
1761,Ninl,15.82781469815737,-0.7799672321391352,0.1639679403028658,-4.756827649956782,1.966589315943253e-06,5.157044628085919e-06
1766,Sdcbp2,12.270696665646485,-0.611808393867798,0.1737067267963201,-3.52207657787009,0.0004281804389252,0.0008919828699006
1803,Zfp341,29.84525904721678,-2.461045159372097,0.1480716306196931,-16.620639274872577,4.940301841696208e-62,7.204985815655356e-61
1823,Uqcc1,41.33379862142803,-1.6152389327739596,0.1088580810681012,-14.838025040726851,8.316862206298226e-50,9.64379737400968e-49
1833,Phf20,24.514412077787867,-0.8532757328174708,0.1325229710384515,-6.43870059757333,1.2050062918054036e-10,4.19513576779556e-10
1834,Scand1,65.81623888691136,-1.5039529794500963,0.0810809618111201,-18.54878069840349,8.342295201085697e-77,1.5320286698052844e-75
1841,Myl9,328.5789262736034,-2.462944649571406,0.123421797811533,-19.95550780529352,1.3425223217114107e-88,2.87085632181429e-87
1844,5430405H02Rik,326.8911591549391,-1.157475719560452,0.0563268433331921,-20.549273686678934,7.812327916019945e-94,1.7751401684536583e-92
1847,Dsn1,12.154123100117342,-1.503829720039953,0.1887312368602433,-7.968101863040025,1.61130029214503e-15,7.185706625256802e-15
1852,Rpn2,19.132211497027946,-0.5953154156659785,0.137379700170576,-4.333357948276284,1.4685204917655025e-05,3.5724979244122244e-05
1861,Rprd1b,96.50178172627156,-1.2104405055443852,0.0713685146470071,-16.96042731912377,1.6116809190216393e-64,2.4574256392571417e-63
1868,Ppp1r16b,32.31168171293576,-0.5200491110737736,0.1181492001674018,-4.401630398994937,1.0744046523889952e-05,2.6481012985200693e-05
1876,Gm16751,111.5390695933998,-1.2158438666177036,0.0806561768050556,-15.074404897176986,2.3865655866232495e-51,2.8704668767198065e-50
1883,Srsf6,145.5368425990172,-3.2809817187970305,0.1446113402271045,-22.68827405682307,5.8488079114035006e-114,1.684843376527937e-112
1885,Sgk2,1873.613806863744,-1.192345105219199,0.0367289040251511,-32.46340006232437,3.5047997347770026e-231,2.801910540261175e-229
1886,Ift52,16.03264283013777,-0.6232919554888053,0.1510235138142605,-4.127118617140469,3.6733694086064064e-05,8.607082825113263e-05
1890,Tox2,47.92461248125075,-2.4219522940388947,0.1282193052846943,-18.88913910944428,1.4011207007480477e-79,2.657098103660171e-78
1894,Fitm2,434.0137733643581,-0.8195680354286199,0.0419967223898684,-19.51504757491117,8.179295407592404e-85,1.6790195566963538e-83
1895,R3hdml,52.94926835484155,-0.9423626192306528,0.0950106560626035,-9.918493969873438,3.45936338664045e-23,2.04719134473242e-22
1896,Hnf4aos,99.42811559050644,-1.4640936038002177,0.0828292709260934,-17.67604118001464,6.41451740209169e-70,1.063674683954843e-68
1902,Rims4,220.2928451384529,-1.0706091780692968,0.0584287560498248,-18.323326568108687,5.39143098681855e-75,9.647008135346371e-74
1906,Stk4,31.44366292191624,-1.5743875818908115,0.1243170122987576,-12.664297128596171,9.325184292011794e-37,8.18324833037168e-36
1908,Slpi,68.39729586022261,-0.5394166221387502,0.0837534733529174,-6.440528381023381,1.190582892661254e-10,4.149065917476571e-10
1915,Wfdc8,139.77639419511996,-0.7564009308854834,0.0635751294619651,-11.897748967039275,1.2158257328828395e-32,9.618434349833012e-32
1919,Tnnc2,61.45433269903719,-0.5147084727235475,0.0786004858287886,-6.548413375519207,5.815157112097911e-11,2.0636643891191687e-10
1920,Snx21,18.76202318132472,-3.729482613363349,0.3029811973300859,-12.30928732947156,8.07329122102647e-35,6.767740230882603e-34
1923,Zswim1,786.7829507414921,-3.962937490165385,0.060011623230983,-66.03616560932126,0.0,0.0
1925,Ctsa,59.64709090777476,-3.4062637975925303,0.1303390899375975,-26.133862061054337,1.5036699596738842e-150,6.584412074672475e-149
1933,Slc35c2,610.7163440559144,-0.6703522730003485,0.033146129202141,-20.22414952021145,6.001639407620476e-91,1.3324404024969387e-89
1939,Gm11465,52.167435101840255,-1.8373130112853424,0.0970913909160417,-18.923541973707337,7.298111652023783e-80,1.3915917929044913e-78
1943,Trp53rkb,400.648835990609,-1.2272721769913215,0.0499210188947905,-24.58427740783538,1.8606451696109564e-133,6.812463028567175e-132
1944,Arfgef2,25.02018737347864,-1.033589795429888,0.1306851806888337,-7.90900536680516,2.5945342949656703e-15,1.1450378245799364e-14
1949,Zfas1,31.0781570575532,-1.5345809188315342,0.1275115812259441,-12.03483561318508,2.3309786209956068e-33,1.8772779762805652e-32
1950,Kcnb1,16.625732740547072,-2.228673852772815,0.1985174828374217,-11.226587305653144,3.0191567423814986e-29,2.168020754273785e-28
1951,Ptgis,181.99103944077933,-0.679442675435812,0.0518468728786002,-13.104795674499613,3.0909352602756486e-39,2.873003718191147e-38
1956,Snai1,53.512467612449655,-0.9853134061849635,0.0863870567503875,-11.405799007969373,3.9116902656938216e-30,2.8899083488983426e-29
1958,Ube2v1,168.88942211895673,-0.5476025763735506,0.0579163770221831,-9.455055798186546,3.2284973270458746e-21,1.7760811684266256e-20
1959,Tmem189,187.93422663802767,-0.8338309833609076,0.0624929382849188,-13.342803302979464,1.3045980320233322e-40,1.2506344610617508e-39
1962,Ripor3,51.6138537096953,-1.0945185788678795,0.0882748553825204,-12.398984672645623,2.6465573531822057e-35,2.2466732367880897e-34
1963,Pard6b,13.780526526506735,-1.233886650284398,0.1778031826223214,-6.939620720430768,3.93154033686656e-12,1.4921359971888152e-11
1968,Nfatc2,231.3224132404256,-0.907672357872654,0.0597904269505795,-15.1808977484456,4.732597883265785e-52,5.783991298005336e-51
1969,Atp9a,55.16038582986297,-1.823169659104932,0.2240969904468134,-8.135627593524681,4.0980976240931644e-16,1.8711460674009865e-15
1970,Sall4,85.42757841266045,-0.653568958300419,0.0700691439774564,-9.32748598314107,1.08411778850159e-20,5.864061085662852e-20
1971,Zfp64,33.91077495840564,-3.8463624391435856,0.1930087312421902,-19.928437508441583,2.3065110269863428e-88,4.914165547471636e-87
1972,Gm9873,85.22766881953642,-0.5842641368598549,0.0679491954624939,-8.598543851521423,8.073388830541605e-18,3.9523320376033445e-17
1978,Dok5,22.993221779418374,-3.310311938956566,0.2131595460993303,-15.529738168113717,2.1826916764887023e-54,2.8177741139144524e-53
1984,Rtf2,30.186474020966862,-1.657977755042339,0.1393100659509568,-11.90134929392696,1.1644894665513963e-32,9.216495196665638e-32
1985,Gcnt7,122.767520068081,-0.705888931257816,0.0632287699574451,-11.164046552430166,6.114369671546954e-29,4.354770520462621e-28
1986,Tfap2c,108.16258657432088,-2.356719386866099,0.0811143744629599,-29.05427555189089,1.35885188747806e-185,7.841745263234314e-184
1992,Pmepa1,86.54262991541799,-2.887234342502022,0.1190574949466743,-24.25075669360597,6.491733411281515e-130,2.2718459817633378e-128
2004,Gm14444,204.5919882061393,-0.7307910816364718,0.0472400095634974,-15.469748808034913,5.552328018849765e-54,7.094279524377839e-53
2005,Gm14393,135.33182319569372,-0.5411740690090858,0.0576791743891588,-9.382486395484936,6.44349790522657e-21,3.5125830932839745e-20
2016,Gm14296,48.94364284406903,-2.612291428302532,0.1198740929653937,-21.79195991127682,2.7655766127502447e-105,7.215339701648394e-104
2023,Zfp970,92.84503500844126,-1.4187322106184896,0.0707764700935452,-20.04525245103849,2.2205240866149724e-89,4.819339200688137e-88
2029,Zfp972,43.41994217937539,-3.4587534439895418,0.1536208964123565,-22.51486304770277,2.968543110398173e-112,8.412320215938107e-111
2031,Zfp971,37.50693354179235,-1.014057656716827,0.1097843656047447,-9.236813011861145,2.539483248212417e-20,1.3580274332570118e-19
2037,4921531C22Rik,106.9097238546648,-1.3581889495477786,0.0819402780553813,-16.575351973175064,1.0504606658009924e-61,1.5205505385032968e-60
2038,Lsm14b,407.0605778429178,-1.269019982532661,0.0611918020579725,-20.73839860657155,1.560342475906096e-95,3.650154183904891e-94
2045,Rps21,203.7300264424485,-1.3404864123834035,0.0551386848154696,-24.31117856491414,1.4932396287323621e-130,5.268052682094657e-129
2047,B230312C02Rik,54.04221093308991,-0.5090612482804042,0.0889531135703637,-5.72280415881931,1.0478002510891021e-08,3.246411160174377e-08
2058,Arfgap1,16.877413598245635,-2.791541325107716,0.3559886661302007,-7.8416578692051,4.4463645982744905e-15,1.9401913424819184e-14
2059,Col20a1,687.2255323343118,-3.420137004869189,0.045200769182247,-75.66546027301835,0.0,0.0
2061,Gmeb2,371.2880763667743,-0.6960384972387063,0.0336501723157526,-20.684544813248085,4.772569593395488e-95,1.1060683892778798e-93
2062,Stmn3,90.10508340010423,-0.8860283209487003,0.0706862763513369,-12.534658305451146,4.824362868714846e-36,4.1643881166895657e-35
2066,Zbtb46,31.38222314697752,-2.9057215948119497,0.1660573871960994,-17.49829769018673,1.4761548712033314e-68,2.399853273818252e-67
2068,Dnajc5,657.8230968376675,-1.969992447186028,0.0548288616812721,-35.92984400511307,1.0450015509540538e-282,1.222301142954849e-280
2072,Samd10,17.91266822041744,-2.5659324955037808,0.2018576604306635,-12.711593357563745,5.098488102750965e-37,4.5036214219332905e-36
2074,Tcea2,478.4338901897788,-0.8006014200320756,0.0574367071626205,-13.938846072170058,3.678392736265e-44,3.78435824130026e-43
2076,Pcmtd2,169.45502820575751,-0.9170960043632764,0.0573435820994986,-15.993001671433676,1.4297281381218895e-57,1.9405998435504896e-56
2079,Pex2,12.350328580098106,-1.1628752556251354,0.1854969848155604,-6.268971200698392,3.6344133499565584e-10,1.2335064432919746e-09
2080,Gm8797,23.66240305269977,-1.0488055476304072,0.153288114996263,-6.842053916939198,7.806569338001825e-12,2.9195899232338146e-11
2083,Il7,45.71999321842001,-1.2400668127396537,0.1158613048367781,-10.703028198125526,9.850541966155574e-27,6.532543583948225e-26
2094,Gm9833,16.04636908529748,-0.8149617921452542,0.1557256930055058,-5.233316201177157,1.6649555788216945e-07,4.756859971754835e-07
2113,Gm16093,17.09860890361049,-0.5053014950776343,0.1698994383756104,-2.974121044241027,0.0029382914160771,0.0054715866312583
2130,Rpl22l1,61.061704337237565,-0.6430217101186054,0.079255516216749,-8.113273886956472,4.927383906966545e-16,2.24449677811325e-15
2142,Slc7a14,534.0907535007129,-0.9937760457232896,0.0424194678025088,-23.42735770165686,2.249576984547761e-121,7.287291391579626e-120
2143,Kcnmb2,65.3995389486847,-1.246094884690382,0.0831979539586485,-14.977470303052431,1.0306592657896108e-50,1.2194385393198463e-49
2147,Mfn1,241.64802597623685,-0.6730504179523376,0.0447458537747067,-15.04162645641125,3.918040415447302e-51,4.673758272444598e-50
2157,Ccdc39,25.112673807669385,-1.4124230407598728,0.1376676836105461,-10.259655742850557,1.0708782419792467e-24,6.674987840205404e-24
2160,Dnajc19,11.473010479680864,-2.4318842863550336,0.2573991831319133,-9.447909883648418,3.456637534517229e-21,1.8997880464070092e-20
2167,Gm15952,12.98974982813916,-0.5908808816825658,0.1743122592060846,-3.389783853262915,0.0006994775139074,0.0014161201363082
2172,Exosc9,58.13431484808423,-1.3472878311403294,0.0895639010053733,-15.042755128090056,3.851796086024135e-51,4.597883711454015e-50
2178,Adad1,11.31750565506406,-1.9332894390550817,0.2106042754308936,-9.179725506994558,4.3219170020983155e-20,2.2936166112231863e-19
2180,Bbs12,62.02061418815961,-0.6653307418077243,0.0933549850586085,-7.126890346455816,1.0266181216324054e-12,4.014458805593095e-12
2183,Spata5,92.74200338336718,-0.5547913986514916,0.071973607061015,-7.708261699058261,1.2754300405155103e-14,5.4641580005172846e-14
2198,Jade1,282.23537108265737,-1.009284451840853,0.0599717543647125,-16.829330116024053,1.4877577420726862e-63,2.2294619027379857e-62
2201,D3Ertd751e,19.46440073785788,-0.8200147503940863,0.1583931879567404,-5.177083440091153,2.2538143368373837e-07,6.390023794111261e-07
2203,Gm31415,35.52622427115183,-2.8279615250446697,0.1472961901959603,-19.199149151667783,3.762040438229379e-82,7.433655414678188e-81
2204,Pcdh18,63.95376469750059,-0.772792912916731,0.0845719096810835,-9.137702055338403,6.379340918583826e-20,3.367024637464534e-19
2212,Mgst2,45.93768596392102,-0.6259278878747393,0.0917432941769161,-6.822600970352239,8.940674614277458e-12,3.3322942082469526e-11
2213,Maml3,260.4974321108227,-0.7724837630297334,0.0403283944247637,-19.154835545731203,8.820349834044515e-82,1.7350006422994108e-80
2214,Gm37229,69.9727254041013,-2.229773772307651,0.0996380610923576,-22.378735072341527,6.34180968319775e-111,1.7599531713179994e-109
2216,Foxo1,32.51403878771368,-0.6160894913621184,0.1051418092535954,-5.859605191652631,4.63968911397335e-09,1.4726006534024322e-08
2225,Supt20,14.321142294962948,-5.201343618597582,0.4493426895299793,-11.575449517245472,5.48828337167498e-31,4.16230646656012e-30
2229,Spg20,44.93989553527085,-0.853588461440272,0.1281597742867795,-6.660346167044749,2.7318337260242787e-11,9.889987157696535e-11
2241,Selenot,77.60409996702874,-1.007547538146121,0.0761920270408728,-13.223792269047086,6.395628368622955e-40,6.044631844271196e-39
2250,Aadac,46.814604115588615,-0.9910850344863984,0.100953900134679,-9.817204022471904,9.494023124172384e-23,5.524602170553465e-22
2265,A730090N16Rik,77.90342992094907,-1.5932401782393166,0.0802166347898054,-19.861717989219347,8.727359526053864e-88,1.850370095134632e-86
2268,Lekr1,95.379011325594,-1.663391220528289,0.0731982799812102,-22.72445774621038,2.567802173631692e-114,7.458609380342187e-113
2269,Ccnl1,134.62053511584676,-1.3335118923970848,0.0647731922438214,-20.587404236268508,3.5593421350082834e-94,8.130041248876062e-93
2272,Ptx3,11.563933872822822,-0.6080157527238053,0.1956374918091192,-3.10786928978336,0.0018844139175961,0.0036105503249632
2281,Ift80,34.7261999860957,-2.3315845121064447,0.1315804840612651,-17.719835344433275,2.947738793615011e-70,4.92080380221479e-69
2284,Kpna4,353.4979686301853,-0.937861726560846,0.0386165562552955,-24.28651898322071,2.721433845418802e-130,9.562328439104614e-129
2286,B3galnt1,123.47302764715444,-0.9109175277700212,0.0605229824292875,-15.050770652855688,3.412358697414291e-51,4.078915458061472e-50
2290,Bche,28.568517781436057,-1.5472557870163393,0.1849198440425482,-8.3671700840302,5.901847891381786e-17,2.786708346003841e-16
2293,Serpini1,10.152387572902366,-1.9014689284247877,0.2198799939203281,-8.647757781518632,5.252116184557392e-18,2.590825951442577e-17
2306,Gask1b,58.70348937124024,-1.565485230150137,0.0945687007574936,-16.553946682259856,1.499426813327283e-61,2.1650381526651113e-60
2317,Tmem131l,16.85423459234909,-1.9198402777359,0.1749813190327131,-10.971687082647842,5.2287547386081525e-28,3.6218894111471726e-27
2318,Mnd1,104.30141099770272,-1.202909160595984,0.0784299301305786,-15.337373864712744,4.3025189297492665e-53,5.398437718334788e-52
2319,Trim2,61.756350659495176,-1.9049150812632725,0.1005437378912006,-18.946133505844,4.752458609945018e-80,9.111754527406136e-79
2320,Gm6525,161.14867957009628,-1.4754831802766684,0.0736198728504397,-20.041914270541355,2.3745740386549224e-89,5.147273177323133e-88
2334,Dclk2,23.91817342144119,-0.904279938151194,0.1264597191745513,-7.15073498544642,8.631448745495726e-13,3.3895648656263965e-12
2335,Cd1d1,31.09193322408521,-1.5664942675927027,0.1218170475585399,-12.859401036130956,7.616455351761129e-38,6.877698646139531e-37
2339,Arhgef11,63.71831740767983,-1.5900703681890282,0.0882146723962929,-18.025010182499397,1.2398923058058704e-72,2.128950059663518e-71
2351,Mef2d,25.31258589147959,-1.948904934301657,0.1609913912243835,-12.10564688881624,9.858907771286717e-34,8.029020777475928e-33
2357,Smg5,18.79967412095169,-1.4913790967283076,0.2380270409081765,-6.265586846931543,3.7142392202984454e-10,1.2596178464946743e-09
2365,Rab25,386.6207258033954,-1.5501886015483854,0.0692468958305041,-22.386398450882,5.340381309686392e-111,1.4844045528742334e-109
2377,Dap3,90.85963570351208,-0.587254039839979,0.0661229274021475,-8.881246836946692,6.6115060540380825e-19,3.3721196227619463e-18
2386,Gba,18.10188896693193,-0.797256955175727,0.1476142233967354,-5.40094942635019,6.628911391758914e-08,1.947221772047436e-07
2389,Muc1,24.039287613958503,-1.9626689514395044,0.1657483905344268,-11.841254959467298,2.3885190037848064e-32,1.875095008917189e-31
2395,Efna3,38.33155731406496,-0.6208543268522473,0.1029379451758496,-6.031345640246049,1.6259999196437567e-09,5.314689909893359e-09
2408,Kcnn3,314.29546427186995,-0.5464969083292213,0.0394879866038142,-13.839573888946628,1.4707584427474692e-43,1.4945993084666408e-42
2419,Nup210l,14.320930410112595,-0.5158274561572346,0.1562106500618582,-3.302127325844753,0.0009595450245162,0.0019092305842297
2433,Snapin,96.09096750253023,-1.2081596796083889,0.0716038504479966,-16.87283116828797,7.129576517251496e-64,1.0702347936490873e-62
2436,S100a13,318.550497632708,-2.5366047444277986,0.0514565827412634,-49.296020242589336,0.0,0.0
2453,S100a11,14.521332146526609,-0.6446024643665414,0.1602404463964936,-4.022720098841702,5.752985037706836e-05,0.0001321336626741
2454,S100a10,16.94330655628059,-0.7328588814661768,0.153795986402997,-4.765136585202171,1.8872576282945453e-06,4.957962910147322e-06
2457,Mrpl9,208.7356839806952,-0.9993162662803102,0.0492094396950504,-20.30740996997822,1.1058409279901429e-91,2.4708456016682317e-90
2458,Snx27,19.05275968354492,-2.8833627553632426,0.1999701363675055,-14.41896679044211,3.93184407262976e-47,4.328754169159284e-46
2468,B230398E01Rik,424.8721058546497,-0.9944298435152792,0.0536901818138032,-18.5216330047819,1.381814730106815e-76,2.529649907174534e-75
2470,Gm15265,60.16527152874404,-2.0205853358409933,0.1294244125293334,-15.612088139732034,6.023290484364739e-55,7.863213974644845e-54
2481,Cdc42se1,31.015463444642048,-1.7129535963168725,0.1216774544510291,-14.077822420309388,5.198714762054895e-45,5.454738162136827e-44
2493,Golph3l,11.29315450619311,-0.5966115382261726,0.1763541044757598,-3.383031770083798,0.0007169033851292,0.0014494422501198
2501,Gm26594,717.5811665713298,-0.6329752513995046,0.0291783734817,-21.69330143767233,2.3732904897861832e-104,6.127660245332385e-103
2504,Ciart,84.99152045038949,-1.9169066894946685,0.0878831004708647,-21.81200571240847,1.784780291063226e-105,4.677466302654121e-104
2510,Vps45,93.26449098496006,-0.5215964834370799,0.0679247005937645,-7.679039861457438,1.6028535937349845e-14,6.846699125395418e-14
2512,Mtmr11,94.45372364425046,-0.605809301473617,0.0698975055956697,-8.667109023575048,4.4323050947798595e-18,2.1938714340194085e-17
2519,Hist2h2be,28.139881919984592,-0.7126065713058496,0.1141298551995311,-6.243822618192345,4.2700422283914707e-10,1.4424945911301912e-09
2521,Gm20633,70.78924115697963,-1.7708221809829388,0.0908387131898078,-19.49413547154504,1.2311756812140078e-84,2.524344679082085e-83
2522,Hist2h2aa1,168.16509087406746,-2.8537078769033912,0.1251033895634697,-22.810795829441496,3.58279968338219e-115,1.0494291240669716e-113
2524,Hist2h4,30.061418823895487,-1.9548918916965337,0.1390655471333341,-14.05734153422062,6.944635669403621e-45,7.264772535796297e-44
2533,Txnip,57.78846784141771,-0.5774074068384446,0.0808435699280223,-7.14227992841644,9.17954137917249e-13,3.599123670556088e-12
2536,Rbm8a,31.53675584567361,-0.5750348333711783,0.1084348082334538,-5.303046528501821,1.1388587918061482e-07,3.292639519508552e-07
2540,Pias3,14.936376721493938,-2.479116930989195,0.2109027171523267,-11.75478895892378,6.672725911656982e-32,5.186987831773322e-31
2542,Polr3c,242.2035660587135,-0.5932236748959613,0.0470927012898783,-12.596934528014922,2.1951122804464957e-36,1.909955907320096e-35
2546,Acp6,11.660899295555186,-1.3494279285334656,0.2025292155346719,-6.662880340354898,2.685122796237439e-11,9.724921050046983e-11
2547,Bcl9,16.45722210322286,-1.324835947783274,0.1667042992865054,-7.947221238165864,1.9074159165725738e-15,8.484544306796022e-15
2566,Man1a2,19.209432293781287,-2.4384450507778834,0.1815880189270309,-13.428446795037422,4.119614974165493e-41,3.990919942732418e-40
2571,Trim45,274.28319734626723,-0.94963415110529,0.0422135642158904,-22.495948132894647,4.547584901947443e-112,1.2803765698084014e-110
2575,Igsf3,170.13834823935258,-0.9333867278102136,0.062740773253386,-14.876876382135434,4.657418786996777e-50,5.4257683569371546e-49
2585,Tspan2,221.5804074948809,-1.7609442476645172,0.0643322769563451,-27.372639847015915,5.8076075338079625e-165,2.875425684636511e-163
2588,Csde1,490.8488645557868,-0.9621755766031866,0.0460573413270919,-20.890818898337358,6.489707192323611e-97,1.5472314219947455e-95
2592,Bcas2,105.46406528569555,-0.8422435725314935,0.0640253926977311,-13.154836496010118,1.59628440374251e-39,1.494094768443849e-38
2593,Trim33,28.8192926304283,-0.6783809725500557,0.1171377115649051,-5.79131146995449,6.983892368084387e-09,2.189911410416961e-08
2597,Gm15886,157.48878125087472,-1.8923849332949216,0.0608347520948734,-31.10697205346866,1.9385309362397008e-212,1.3846195556059637e-210
2599,Ap4b1,33.334277016545705,-0.8405891887943725,0.1185325440150946,-7.091632055811834,1.325395193482685e-12,5.138818116132644e-12
2600,Bcl2l15,76.41449200905005,-0.5203031654353651,0.0790384299728354,-6.582913724553825,4.613168644456076e-11,1.6495343277714503e-10
2604,Magi3,59.365917169756806,-1.1764478963861909,0.08608023084716,-13.66687664296621,1.6012184437469662e-42,1.5964550936854763e-41
2605,Gm42699,42.00426894572932,-2.406380164455987,0.1222742177645561,-19.68019267225711,3.1878818532456365e-86,6.645742217507771e-85
2608,Gm43258,10.824574469206558,-1.2537156542670962,0.2054864027047757,-6.101209801547412,1.052686241156907e-09,3.475978744009583e-09
2610,Gm43259,48.29310082927895,-0.6206491792814913,0.0887406780152748,-6.9939648103055925,2.672246115165561e-12,1.0244589814145491e-11
2620,Wnt2b,31.89188329777412,-3.247825491945,0.1778342599205691,-18.26321594835361,1.6243572703961605e-74,2.8857592771115483e-73
2631,Wdr77,15.694098540301814,-1.7880705530920549,0.1754158558973459,-10.193323425326165,2.123771883558202e-24,1.3092711845296196e-23
2639,AI504432,226.63235900221588,-1.7932927058798025,0.0665550923506306,-26.94448527593112,6.619559296836021e-160,3.143479003413029e-158
2649,Gstm5,120.16081291852038,-1.283473454949784,0.0626766608329212,-20.477693576739384,3.403990223963833e-93,7.684552023735968e-92
2654,Gstm1,1367.4976080711483,-3.569690383206578,0.155070599761177,-23.01977543586101,2.9547144972830308e-117,9.018347505892936e-116
2673,Wdr47,28.315896590423357,-3.772854264260445,0.2435446234045576,-15.491429092208984,3.963806116271516e-54,5.098244501430258e-53
2677,Prpf38b,121.71865432531776,-3.581042589097218,0.1529499654193697,-23.413163770769383,3.1385836067418087e-121,1.0148281094303571e-119
2678,Fam102b,16.013360614473488,-2.226593921201756,0.3230105861112417,-6.893253710375108,5.453049147996638e-12,2.057496006739238e-11
2679,Gm43221,436.31507408647343,-2.768820302716202,0.0596107001061591,-46.44837751922525,0.0,0.0
2682,Prmt6,100.80800536805545,-1.057745769164629,0.0707608565532378,-14.948176445105933,1.6007273978719152e-50,1.877353774570104e-49
2689,Slc30a7,34.38573599959611,-1.7135876619985873,0.1243671751603449,-13.778456090116077,3.4354073564022057e-43,3.4809464771731186e-42
2694,Lrrc39,30.276533457190546,-1.8516393122273669,0.1521174425704825,-12.172432568799085,4.358952973499759e-34,3.5816988412142294e-33
2695,Trmt13,99.81415380231957,-0.5106601937165351,0.0642166479342478,-7.952146524985323,1.833072619841361e-15,8.16427028331082e-15
2696,Sass6,13.72249233258358,-3.3729619433830966,0.273764082347878,-12.320688362241032,7.009341033116484e-35,5.8871708686821235e-34
2699,Agl,14.282259066231571,-4.152791069586829,0.3259515143051456,-12.740517798911394,3.5205047817187727e-37,3.114485143948973e-36
2701,Snx7,134.39613239858974,-0.5637506807686644,0.0556171341148334,-10.136277061753672,3.8135748442861824e-24,2.3271352376127306e-23
2714,Abcd3,17.391577590237386,-0.8190056659385047,0.1491433664448048,-5.491398547997797,3.9876336093238416e-08,1.1889902231530525e-07
2717,Gclm,28.65574916759707,-0.7336688861159761,0.1165277630914821,-6.29608658616399,3.052539050683993e-10,1.0388527743667372e-09
2734,Tram1l1,204.8056194368484,-1.5238197489313152,0.0531158711281754,-28.68859564129415,5.294346321404872e-181,2.9957749249819512e-179
2735,Ugt8a,36.41817829403583,-0.5492678481628184,0.1063311413546105,-5.165634838161193,2.3962420834926656e-07,6.782801206936849e-07
2737,Camk2d,120.06506528713076,-2.362965136906745,0.0945581758121874,-24.989538097690176,7.943802556980892e-138,3.08339846242902e-136
2738,Ank2,159.94542931657367,-2.710817249085052,0.0971550030292153,-27.901983063804604,2.524270097143789e-171,1.2977280015640696e-169
2740,Zgrf1,36.29778069272943,-0.8783324893528571,0.1046356456421761,-8.394199547986753,4.6907889290422856e-17,2.2233089326991833e-16
2743,Tifa,18.71640286654691,-1.5904753771411333,0.1563759951558988,-10.170840962869722,2.6758828027898832e-24,1.6461449165909662e-23
2754,Casp6,85.65215246715573,-0.7159357305091574,0.0685633044804331,-10.44196652909975,1.5947237090546788e-25,1.0221715631263312e-24
2762,Lef1,16.378150041995557,-1.6557628344123794,0.2883384498967337,-5.742428160397542,9.332847759150069e-09,2.89985506768528e-08
2765,Sgms2,82.16119978793593,-0.5868852490013601,0.0698243346566112,-8.405167795548651,4.272502902632404e-17,2.0289150023726846e-16
2770,Gstcd,35.31523662351687,-3.722222035971851,0.1880404022060762,-19.79479937451216,3.300636520854977e-87,6.972544640661883e-86
2772,Tet2,79.19794034623136,-0.644339069643246,0.0725453034528785,-8.88188537334844,6.57365564057599e-19,3.3547780528245494e-18
2781,Cisd2,53.6881764818024,-0.6318876184829194,0.0887764144063251,-7.117742056925182,1.0970943910684958e-12,4.279355650747928e-12
2782,4930539J05Rik,339.39284950855534,-1.2434581169349952,0.0438813514472732,-28.336823637464885,1.2165201199546459e-176,6.503531487904776e-175
2792,Gm40155,25.590617159405213,-0.6914287175274032,0.1318356614705124,-5.244625845655991,1.5659978868370968e-07,4.482028641512281e-07
2795,Dapp1,68.57795157627267,-2.947288888521085,0.1201913734319595,-24.521634160288126,8.684528759839091e-133,3.1532076505515765e-131
2799,Metap1,12.022797259159342,-0.5991595494604338,0.2001150465456034,-2.994075457109088,0.0027527785575206,0.0051523375236848
2801,Tspan5,26.120764071571628,-2.1212275537108893,0.2012745038169203,-10.538977930559758,5.711624276352677e-26,3.7114909727171686e-25
2810,Kyat3,110.37024691525752,-5.266407757411051,0.2002380480437511,-26.300734594957515,1.880965726752408e-152,8.384007848041169e-151
2811,Gtf2b,208.4602788374096,-3.472833809992073,0.0884262977383474,-39.27376695412663,0.0,0.0
2820,Clca4b,35.34193157764432,-3.4652413569232463,0.1719297743546538,-20.154981124881864,2.433515094855932e-90,5.334754851968451e-89
2822,Gm35066,21.363959712736957,-0.5808296555869739,0.138026378721574,-4.208106167579892,2.575198762778141e-05,6.126203117348819e-05
2824,Col24a1,43.85011800256238,-0.5517115732811522,0.1007536571034385,-5.47584662574321,4.3542471382246343e-08,1.2945380266970132e-07
2829,Bcl10,49.32328605178032,-4.298692776721176,0.1862782104034512,-23.076734350254064,7.930542717926047e-118,2.4333362409861823e-116
2832,Mcoln3,217.61105435290693,-0.9241747452667832,0.0603274091737447,-15.319317668775271,5.681074597759388e-53,7.10766461520105e-52
2833,Lpar3,164.79886570090306,-0.5736564179277118,0.0568112950416409,-10.097576855222878,5.662401809503972e-24,3.443277694907021e-23
2848,Ak5,18.06557931581527,-2.6230603395145984,0.1935868865574352,-13.549783180878643,7.946450950988443e-42,7.815504919516173e-41
2849,Pigk,16.831038286256543,-0.7330090518116927,0.154664304877413,-4.739355033423361,2.1439955894468164e-06,5.612129037680852e-06
2850,St6galnac5,434.51423838118006,-1.5595243341757363,0.1478524898935626,-10.547839507460584,5.197855911890819e-26,3.3826823313081846e-25
2852,Msh4,115.00851302553856,-1.5497258635985118,0.0674794661051435,-22.965888040426957,1.0224233374932752e-116,3.0881791899190295e-115
2853,Acadm,53.76039376538145,-1.2911097192474297,0.1102047451392486,-11.71555469427432,1.0609456481723064e-31,8.225160478802028e-31
2854,Slc44a5,30.68496840580025,-0.7771070232088078,0.1280465199939139,-6.068942937658467,1.287548795207057e-09,4.232483574533204e-09
2858,Lrriq3,281.2625488780767,-1.0074005109064317,0.0482229128877803,-20.890494799655837,6.533896619010464e-97,1.5556386649742398e-95
2867,Lrrc7,26.718026310776573,-2.214355393000045,0.14641019481758,-15.124325158907295,1.1194229751214025e-51,1.3529336761730793e-50
2868,Depdc1a,51.07473927158204,-3.5168167399332826,0.1486398774021636,-23.65998143565537,9.316955163927092e-124,3.1226133576331037e-122
2869,Wls,106.69249081392272,-1.0190360942899004,0.0670455015638166,-15.19917176426729,3.581202126468424e-52,4.3922020168959673e-51
2872,Tgs1,21.63650363460596,-5.448117926468762,0.4268268745138059,-12.76423358457608,2.596941113276301e-37,2.310336381938712e-36
2873,Lyn,210.28930697606705,-0.9997211391816504,0.0501272776936492,-19.94365513506249,1.7016479554609048e-88,3.634353010756453e-87
2876,Gm11808,644.370622241708,-2.450658428193925,0.0860395878490079,-28.482916869553357,1.907026365380391e-178,1.0418700782397948e-176
2877,Penk,46.93832592046848,-2.790028552538989,0.1295840079747807,-21.53065487125523,8.038964179268887e-103,2.0512894248359904e-101
2886,Asph,25.9967123453243,-1.33598313760115,0.1380494580335786,-9.677568870108788,3.7553968279727273e-22,2.1409570139976678e-21
2887,4930412C18Rik,16.826240871746858,-3.06503906106553,0.2237344328296937,-13.69945172184843,1.0229379411344396e-42,1.0251732281823467e-41
2889,2610301B20Rik,12.697012647987371,-1.8234653979070543,0.2565443637593559,-7.107797541081448,1.179093486794904e-12,4.5930356030088475e-12
2895,Esrp1,209.15312872756076,-0.8073710049694492,0.0505929361858288,-15.95817649333416,2.4992737535289698e-57,3.3765382152327817e-56
2903,Rbm12b2,584.7561893809765,-0.5606587083366567,0.0311017004091505,-18.02662558513048,1.2042012683283456e-72,2.071749230446832e-71
2906,Runx1t1,22.06434486994721,-0.7750913827597887,0.1404769781078726,-5.517568737594813,3.4372165938223483e-08,1.0292750996071458e-07
2910,Gm11837,87.1048189761182,-0.5121121378164366,0.0726925959504307,-7.0449009437721415,1.8559348928769597e-12,7.156025069260984e-12
2915,Osgin2,72.69233219320827,-0.8877384839058485,0.074505451804329,-11.915080875387256,9.87702972914426e-33,7.842226611367934e-32
2919,Gm11867,14.512322972605764,-2.0460420810795075,0.190911911826025,-10.71720492194344,8.45189408447277e-27,5.615692340990904e-26
2922,Rmdn1,44.27551246376718,-1.9630958070409688,0.1372415451790648,-14.303947135538552,2.067430198254436e-46,2.2407446203469092e-45
2923,Gm12353,347.9351365955634,-1.6308546181957144,0.0785965121857755,-20.74970724325433,1.23340141293057e-95,2.89309822672328e-94
2925,Ttpa,616.3306508667805,-0.7619454378226301,0.0288103890765831,-26.44689857527585,3.9611219421118015e-154,1.7838354833882292e-152
2926,Ggh,60.424816472639,-3.972398632408557,0.1526456728260288,-26.023657001636217,2.673927686181325e-149,1.162124980418158e-147
2934,Fbxl4,17.154706838701625,-1.734512411999188,0.1696631017967706,-10.223274204174675,1.5598146741691143e-24,9.656998274038837e-24
2939,Ufl1,82.65950121766758,-0.5866142051406763,0.0708684359776967,-8.277510249066191,1.2577731128355007e-16,5.850138727114253e-16
2952,Srsf12,19.367480119778676,-0.5241332992446365,0.141270798942713,-3.710131910963273,0.0002071512835019,0.0004465898773963
2959,Zfp292,61.4592576281516,-0.6732622937957072,0.0806258631483868,-8.350450680529283,6.800298444150841e-17,3.2031243590448876e-16
2961,C9orf72,201.4388432213962,-0.655251430097542,0.0495090918247352,-13.234971718268769,5.511748088363849e-40,5.214915618024168e-39
2965,Ndufb6,271.9642674882072,-1.0092634205916675,0.0512947907395155,-19.67574886340592,3.479979893526689e-86,7.246008313546373e-85
2968,Smu1,12.831378298527817,-2.556097702658205,0.2379709321847464,-10.74121817816725,6.517862195574925e-27,4.34391213554416e-26
2974,Nol6,113.29718959481173,-1.1280639871425315,0.063508746325048,-17.76234066043308,1.3834313965711916e-70,2.3205430586566627e-69
2980,Myorg,184.24141493401447,-0.8122663398232804,0.050492830869176,-16.086765702002637,3.159153618436013e-58,4.3489517584599394e-57
2981,1110017D15Rik,113.97692606035774,-0.8020968742682951,0.0617117927222559,-12.997465134067058,1.264660306355483e-38,1.1588065099454974e-37
2986,Il11ra1,34.52457213756516,-0.8493491921522104,0.1065399026492043,-7.9721228481763875,1.5597164434830202e-15,6.959226363804935e-15
2989,Sigmar1,27.32051018849127,-0.9869857802447716,0.1238022738750377,-7.972275058865275,1.557796074361041e-15,6.9524378960215664e-15
3002,Rmrp,428.4914334403233,-0.8734928559331214,0.0392248718105239,-22.26885176712713,7.407507263857967e-110,2.023480197406217e-108
3003,Ccdc107,45.66107061867792,-2.6316636887551974,0.1409534514998025,-18.67044517713626,8.613184366531359e-78,1.5986216947807084e-76
3007,Creb3,119.69242299281072,-1.6217563539738975,0.0651399494522147,-24.896493896784225,8.119985345344484e-137,3.1239537438998597e-135
3019,Rnf38,108.25296977888566,-0.9571262547260028,0.1577205278900754,-6.068495125714259,1.291143340639572e-09,4.243267233767012e-09
3024,Fbxo10,51.77423993254143,-0.921040006023046,0.1068520424035196,-8.61976977983069,6.708885961458277e-18,3.289883639175432e-17
3044,Coro2a,21.306520071149567,-1.8815759587298984,0.1532480414730042,-12.277977197257371,1.189348420026989e-34,9.93194262780564e-34
3048,Tgfbr1,180.8969532444133,-0.8546780332510598,0.090611097418173,-9.43237702228342,4.008989200340366e-21,2.1983072607225903e-20
3049,Alg2,79.52537735578018,-1.1806353929059754,0.0761093372107423,-15.512359405218112,2.8616719086209724e-54,3.6861210660344645e-53
3050,Sec61b,385.0274860112519,-0.7438969101515328,0.0508013899817616,-14.64323929755863,1.4880630631596207e-48,1.682930763448791e-47
3056,Tmeff1,33.28782949078398,-1.3081951375256602,0.1243126451515158,-10.523427732803809,6.737687829539887e-26,4.366843566129457e-25
3058,Acnat1,35.99355252772559,-2.147514616023607,0.1236709945275237,-17.364739599839346,1.5259057759531502e-67,2.4330728145756184e-66
3060,Zfp189,19.959500184411223,-3.872845533458687,0.2744612658382948,-14.110718033853502,3.2623921796186494e-45,3.441705260677592e-44
3064,Smc2os,47.61726463590148,-0.5828340832275299,0.0879446326817493,-6.627284297572402,3.4191873150406324e-11,1.230427349298537e-10
3068,Slc44a1,736.1888421307414,-0.6008940582574596,0.0295223345740211,-20.353880102227045,4.289407470931313e-92,9.6087138050631e-91
3073,Gm12514,61.37035838989437,-2.669989634068225,0.1233108331159736,-21.65251475964893,5.755277732929991e-104,1.4815802116618e-102
3081,Epb41l4b,49.26743943501108,-1.6832463311822012,0.0994665922600967,-16.922730465930254,3.059133676485029e-64,4.6400854407120185e-63
3084,Pakap,13.78394667295507,-0.8547595778715559,0.1778993393821819,-4.804737222971202,1.5495488157435798e-06,4.106056980504654e-06
3098,E130308A19Rik,14.708011384154055,-3.673208405555578,0.2787067512605908,-13.17947408500746,1.1519101541292424e-39,1.081653564987308e-38
3111,Alad,44.64498906077937,-1.2540654117833805,0.1307379792817212,-9.592204336285883,8.622285678431377e-22,4.8489575606228465e-21
3116,Akna,1364.135102155576,-5.471976429424713,0.1086282279443903,-50.37342993596435,0.0,0.0
3119,Tnc,123.81722632395932,-1.0565728333327429,0.0634762186758948,-16.64517602611981,3.280002539882024e-62,4.803687753366715e-61
3125,Brinp1,33.997842629370005,-1.726201292959734,0.1210383830231613,-14.26160239293197,3.796361744303149e-46,4.0841353382540296e-45
3126,Cdk5rap2,108.40837389817176,-2.9131434843634683,0.0979040988486402,-29.7550717347104,1.4909952000298837e-194,9.182001535731735e-193
3131,Rasef,63.32075467390364,-1.9070435700997357,0.1060547975313827,-17.98168130522734,2.7114440989799895e-72,4.628310260237341e-71
3132,Gm11240,335.6413505082125,-1.3387489035483384,0.0526069774884015,-25.44812432615992,7.405187850663193e-143,2.994376191678843e-141
3136,Dmac1,210.4478169041844,-2.157742035537902,0.0601209569592716,-35.89001480797524,4.37273842727584e-282,5.080539020704222e-280
3140,Gm11266,90.97851781267804,-2.582081363894857,0.0879916117982249,-29.34463082476397,2.797831256880638e-189,1.6473176738147218e-187
3144,Psip1,40.88024276152726,-1.994430448011693,0.1171360559535634,-17.026614322769678,5.213462532445022e-65,8.026521644474543e-64
3145,Ccdc171,20.403204568762558,-3.4102281413277806,0.2304015026464879,-14.801240886697675,1.4380494292639865e-49,1.6542789078028218e-48
3146,Bnc2,200.15497607458923,-0.546857878718071,0.050212642547615,-10.890840453168806,1.274585364950992e-27,8.711166172692507e-27
3147,Cntln,21.6000120826993,-4.417331703217209,0.4060203480042904,-10.879582082350542,1.442226621261683e-27,9.837622526555227e-27
3159,Hacd4,72.70265208605791,-2.2660717714085608,0.1032440503046088,-21.9486911325427,8.913079015569469e-107,2.3607468249748434e-105
3169,Gm12655,211.26444230116056,-0.6016997914955817,0.0481977365582077,-12.483984403892444,9.130089522512209e-36,7.842247422293875e-35
3174,Tek,16.091808356849818,-2.4779279673687644,0.1974450594485625,-12.54996186933866,3.977014931830773e-36,3.4414804484581283e-35
3179,Hook1,20.04609615195346,-4.251494848109307,0.2985422612791718,-14.240847610294152,5.110343382072466e-46,5.470704205329173e-45
3185,Tm2d1,10.385584133664178,-4.062764962055471,0.4131531449185868,-9.833556907466,8.071647454579706e-23,4.707920744257534e-22
3186,Patj,555.6275399981678,-0.7922607280200862,0.0620150462769617,-12.775298505491987,2.252817439069408e-37,2.0072649451994704e-36
3191,Dock7,19.387117935312656,-0.5910341058300813,0.1470893146328787,-4.018198788302519,5.864471353367208e-05,0.0001344992850986
3193,Atg4c,30.47665451923025,-0.971777476416063,0.1171565760197103,-8.29468997329328,1.0886876349976867e-16,5.0772405947925305e-16
3194,Gm12688,44.651675694387,-2.8834831469799367,0.1373079380696929,-21.000119785619223,6.542041540438638e-98,1.5769668045195653e-96
3200,Ror1,83.19596587781395,-0.5514929256175953,0.0723763168877995,-7.619798151272885,2.5407270352720488e-14,1.0744914042883105e-13
3218,Prkaa2,23.6389470753498,-1.2264026420081988,0.1318697224917768,-9.300107855195302,1.403032885863952e-20,7.560932942126454e-20
3241,Cpt2,46.46950227713359,-2.1822785733719257,0.1134017668992868,-19.243779290582196,1.591688451678696e-82,3.170279581240721e-81
3245,Zyg11a,30.731323407607118,-3.4843745811580704,0.1864848790525659,-18.68448851649737,6.621039973285939e-78,1.2301864035653231e-76
3259,Rab3b,35.00525359268565,-0.920141723035382,0.1187038844871021,-7.751572132716185,9.076176411083862e-15,3.9124314244959084e-14
3260,Nrd1,155.46389331099252,-5.00634749186112,0.146224223767943,-34.23747011853633,6.700790767382112e-257,6.910140916800915e-255
3267,Elavl4,20.101440843362152,-0.9025853925078332,0.1545188714769504,-5.841263166631862,5.1806489567248725e-09,1.639519702520448e-08
3269,Bend5,14.622207414995756,-2.738408643419431,0.2645407608889361,-10.351556539784488,4.1173662446175454e-25,2.5999079315650213e-24
3271,Skint11,136.07791533003572,-2.227826425819895,0.0777470048775538,-28.654819942306045,1.3960356825347068e-180,7.848422540391895e-179
3302,Tesk2,13.224484664341857,-2.068092588342967,0.2037497486759775,-10.15016019299168,3.3081994918025802e-24,2.0286875701314346e-23
3311,Plk3,34.087052947946,-1.103947571940615,0.1172816190124067,-9.412792739703171,4.831262227401824e-21,2.6444484327625312e-20
3313,Armh1,19.57200474646718,-3.370810156076952,0.2206687964941319,-15.275427290267515,1.1149481628368202e-52,1.3839969075441668e-51
3324,Dph2,234.92610646906277,-4.118909363350169,0.0961426109298727,-42.84166326993698,0.0,0.0
3325,Ipo13,243.63061609974605,-2.264796534883897,0.0558909750287436,-40.521685902225805,0.0,0.0
3329,Ptprf,146.39273222434034,-1.587280886958197,0.0754076160364564,-21.04934448784075,2.3186434579957987e-98,5.635888170983372e-97
3332,Cdc20,122.71403797041356,-1.06063210834534,0.0763854202996233,-13.88526899747346,7.780772067172408e-44,7.948610526769094e-43
3334,Tmem125,13.35041946755704,-4.126968700916233,0.3340827163686241,-12.353134414659662,4.6849867912637637e-35,3.9482567600650344e-34
3350,Foxj3,47.48486815968122,-0.9172622627002648,0.09409399819752,-9.748361003586735,1.8747042443537928e-22,1.0804347080224173e-21
3351,Hivep3,18.622218282602372,-2.4171863130204447,0.1880078386238792,-12.856837942040112,7.873200492541809e-38,7.098506890016484e-37
3354,Cited4,78.8139523444932,-0.5802082624238639,0.073743256675669,-7.867950082211363,3.604993569533232e-15,1.5809720163519172e-14
3359,Smap2,706.3173675064335,-1.641574106988421,0.03650095913939,-44.97345126520015,0.0,0.0
3364,Mfsd2a,12.72228962750829,-0.5568712820012212,0.1684184593372577,-3.3064741489297638,0.0009447806772448,0.0018817871592025
3367,Bmp8b,27.07096893850525,-0.5046192080316195,0.1264530054371218,-3.990567138260221,6.591548620775771e-05,0.0001503042121717
3369,Pabpc4,40.84040227544147,-0.5889143808428049,0.0977544848420723,-6.024423143288287,1.697138261202338e-09,5.543052027030424e-09
3389,Epha10,1034.1214422425323,-0.5954763189841575,0.0376227363651966,-15.827565363773214,2.0084341043307085e-56,2.6719839366622582e-55
3392,Rspo1,33.681273397615044,-1.1939165936139335,0.1090806571394177,-10.945264036024,7.001343633940907e-28,4.838200509608332e-27
3394,Snip1,102.0418389540278,-0.8404544070320781,0.0632989670603821,-13.277537471193671,3.125030123615478e-40,2.974496176645033e-39
3399,Mrps15,299.2297132904758,-0.5279302324958689,0.042810336915208,-12.331840170786556,6.103670853957823e-35,5.133917743377266e-34
3404,Sh3d21,21.981924669457555,-1.278548356868367,0.1378432210854072,-9.275380731825637,1.769858064957745e-20,9.499564630761804e-20
3418,Ncdn,89.77236924901352,-2.645716030557717,0.0894104689693631,-29.590673900438684,1.9698502002202595e-192,1.1961863863915916e-190
3419,AU040320,156.61416071665477,-0.5819445652102956,0.0621790728923673,-9.359170829350385,8.036487697670571e-21,4.3618781561819584e-20
3430,Csmd2,26.68521903666004,-0.7073339733380191,0.1504867798310496,-4.700306393240242,2.597714374295225e-06,6.752120225983173e-06
3448,Zbtb8a,120.69568952625734,-0.802972267331633,0.0640706437564017,-12.532608075307532,4.950740046512446e-36,4.269247774894552e-35
3449,Zbtb8b,360.2588691212856,-1.3720255683902027,0.0429305310716272,-31.9592032556283,4.024884630216331e-224,3.0901184729255595e-222
3454,Ccdc28b,309.3271064405261,-4.601477239949491,0.1350701782353579,-34.06730708485095,2.2499731533228104e-254,2.266620353532367e-252
3456,Kpna6,57.29913618381411,-2.313503385153832,0.1157873313510178,-19.980626189062733,8.119901321105028e-89,1.74924153552804e-87
3458,Khdrbs1,14.114315800361297,-4.280188370432946,0.3372522249733959,-12.69135695330279,6.603173047665029e-37,5.818003027032665e-36
3462,Pef1,16.397044371762167,-1.1535845367597883,0.1763892102526952,-6.539994907325469,6.152092822895079e-11,2.1792413357198258e-10
3467,Snrnp40,31.715447852781704,-0.5495801706959621,0.1382274480732834,-3.975912008478905,7.011004700378345e-05,0.0001592230778188
3468,Nkain1,17.74930885420613,-1.2641376680300136,0.1537280515650591,-8.223207509366102,1.981315897361732e-16,9.142275207630463e-16
3475,Gm12992,91.05711141590832,-4.070640130637263,0.1518801942094341,-26.80165212999453,3.0910908390640264e-158,1.4520628340487291e-156
3483,Trnau1ap,11.599056996334085,-2.49178675557488,0.2397460341509311,-10.393443063196557,2.6558886551206638e-25,1.6874526970996325e-24
3485,Snhg3,26.477361251577,-2.1315455210677814,0.2003909087580319,-10.636937245699007,2.0061560959656735e-26,1.3218634571073634e-25
3505,Sytl1,11.512465476482616,-3.339000982473124,0.2895911669830472,-11.530051200313682,9.308833711348122e-31,7.001914282320892e-30
3512,Nudc,38.799600715675474,-1.1971356098084691,0.1094931352468762,-10.933430731609477,7.9774200653352515e-28,5.49744867135875e-27
3514,Gpn2,19.610746635085263,-0.9313615590893912,0.1396616011307546,-6.6687017157810455,2.5807616395690838e-11,9.35861711494174e-11
3518,Gm12974,80.51829706382745,-0.7696902957550251,0.0728909241997729,-10.55948054171362,4.591958571610432e-26,2.9917253826552007e-25
3529,Zfp593,12.697948750025471,-1.246443445639678,0.178344410037806,-6.9889683975822585,2.769147821637292e-12,1.060441842133481e-11
3530,Grrp1,24.59650246074607,-2.126218142571429,0.1520818092451831,-13.98075255104037,2.043160697330505e-44,2.113246565761189e-43
3545,Rsrp1,103.9859815893603,-0.74523747452816,0.0664938474402929,-11.207615489498243,3.741369830539872e-29,2.6811099262602333e-28
3546,Syf2,189.0419114150169,-0.8542863745892788,0.0497763606572992,-17.162491658859466,5.069143543482108e-66,7.9304339026756e-65
3551,Stpg1,135.92029516621412,-1.1828172502172505,0.0651819433454934,-18.14639437716348,1.3711091377152051e-73,2.38956900521006e-72
3556,Cnr2,92.5994410363028,-2.352573643016032,0.0915177485207533,-25.70620104888772,9.96427482292467e-146,4.1445675802847527e-144
3565,Id3,162.4862235011736,-0.6215218200341694,0.0509960280453977,-12.187651545741524,3.616949200037638e-34,2.977618831282757e-33
3572,Kdm1a,44.78158372208112,-0.8403778195439965,0.0951131769358079,-8.835556193346049,9.96014518443077e-19,5.0446210483655766e-18
3575,Cdc42,41.79233133246871,-1.4543782765469195,0.1099327015846781,-13.22971468527635,5.911133272475649e-40,5.589757497162541e-39
3576,2810405F17Rik,14.404848052650156,-0.6471072500911782,0.1665795309133864,-3.884674464761482,0.000102467090414,0.0002283627176132
3580,Rap1gap,22.742540164728048,-1.0989239078104645,0.1371357864274589,-8.0133999770495,1.1158001538519089e-15,5.011898216837904e-15
3589,Mul1,230.23054169460715,-0.802556499618072,0.0421395369177424,-19.045214027498343,7.199117633838314e-81,1.3971739657297787e-79
3596,Pqlc2,18.63518426976297,-2.4179021592386896,0.1875347262742908,-12.893090294659522,4.923079135774006e-38,4.466393710477323e-37
3600,Iffo2,25.93755322474465,-2.770167046770508,0.171227400831591,-16.178292921090808,7.175647558919967e-59,9.980621361281497e-58
3609,Mfap2,54.99411084996213,-1.1923197984648164,0.0884022740326529,-13.48743357014111,1.8544409545480082e-41,1.807561350999032e-40
3621,Clcnkb,19.491585822309297,-1.7983810617208684,0.1605367312411602,-11.202302724224015,3.9727080962678993e-29,2.844550398593136e-28
3622,Zbtb17,13.316229695576418,-0.5676576048302765,0.1613282899943698,-3.518648867164506,0.0004337503843748,0.0009028307295932
3623,Spen,28.35321237770976,-1.0879677197852071,0.1295810286830937,-8.396041695624794,4.6178172060093086e-17,2.1893176895084395e-16
3628,Dnajc16,714.0022940192554,-1.145744470141662,0.0359059419602737,-31.90960625428828,1.964645709913885e-223,1.4951897568724536e-221
3638,Pramef12,27.331294971106335,-3.95341900832035,0.2234225684532662,-17.694806015746323,4.598109963558881e-70,7.646551569170247e-69
3641,Tnfrsf8,114.2291529248392,-0.6153038498125039,0.0613970108911031,-10.02172322206106,1.2235082215666973e-23,7.360476798572453e-23
3642,Platr16,53.24375392308475,-1.3319847305553971,0.1097555248692076,-12.135924201926814,6.813633323899454e-34,5.5750235478366046e-33
3643,Zfp990,130.78560371122614,-1.967404186640418,0.0659897393667581,-29.813789318153948,2.588793986835449e-195,1.6171147527802226e-193
3646,Zfp986,19.1999500121626,-1.4793614194384253,0.1685652478700731,-8.776194607910455,1.6909911307007834e-18,8.507677085985349e-18
3647,Zfp987,41.59294516550445,-1.4499826132800884,0.1053223088753687,-13.7670986210139,4.0203765191224175e-43,4.068938558377787e-42
3666,Zfp534,127.52023764550955,-1.363303763413469,0.071669081595353,-19.022202225371675,1.116920917350615e-80,2.162855305287391e-79
3668,Gm20707,27.16337029381499,-0.8723210971675642,0.1273624132060337,-6.849125069233839,7.430301582401098e-12,2.7836478069236097e-11
3670,Miip,16.1821445985915,-0.6166485870063226,0.1509458118830074,-4.085231509995549,4.403289079024994e-05,0.0001022525277405
3672,Mfn2,15.319220600253264,-2.916282645281755,0.2224397722330812,-13.110437112954594,2.869398378293884e-39,2.674217911064481e-38
3678,Draxin,106.9751083004925,-2.5202553960825567,0.0805278261396158,-31.296702232009093,5.174213030497701e-215,3.7417504023034825e-213
3687,Srm,101.96517042172808,-1.5654716509750706,0.0683294590918502,-22.91064018040482,3.6395684354324275e-116,1.0842803195336126e-114
3690,Gm13205,17.56583554824925,-0.8640096013996145,0.1575591604030849,-5.483715444974518,4.164845051272405e-08,1.239920047037504e-07
3710,Slc2a7,272.3760955415055,-0.7460008912844285,0.0427742953842141,-17.440401638030025,4.0720225115614585e-68,6.564959142598807e-67
3711,Eno1,78.84082989679986,-3.278498355474186,0.1167950882330954,-28.07051567897338,2.244582699482934e-173,1.1607889402548538e-171
3715,Errfi1,32.8221797356153,-1.4894127445390526,0.115311919224206,-12.916381537654598,3.638541909771923e-38,3.302734812682556e-37
3721,Dnajc11,11.176798431899629,-4.176323122343796,0.365599887704798,-11.423206797360804,3.2019686096100884e-30,2.3726151755223048e-29
3723,Phf13,10.706756312811008,-2.7109793175973134,0.2685282744530939,-10.095694105653156,5.7721265665231375e-24,3.507553061414409e-23
3729,Espn,66.36151968071255,-1.7966453874451278,0.0857628605621099,-20.948990922988028,1.916491268307544e-97,4.5943067158272194e-96
3732,Icmt,350.15084347178345,-1.0812236963989574,0.0754030400559696,-14.339258677055923,1.2437691066888036e-46,1.3564710883211809e-45
3738,A430005L14Rik,62.59934578605896,-0.6929624492065074,0.0784981014980253,-8.827760620732203,1.0679231373848893e-18,5.399409468623108e-18
3739,Dffb,194.40130980690597,-0.564122206191955,0.0568485363345641,-9.923249437276477,3.29839549846698e-23,1.9545881246950875e-22
3741,Lrrc47,150.0558490103857,-0.721763813138525,0.0638373336731151,-11.30629635683692,1.2213692501818268e-29,8.872873402321331e-29
3742,Smim1,12.079163308647802,-3.583875164109682,0.3042550145372705,-11.77918191277885,4.997575236319908e-32,3.900481021880133e-31
3747,Arhgef16,50.44946329348242,-0.6888199880543768,0.1001360701842199,-6.878839830514192,6.034195782450425e-12,2.270869447129044e-11
3751,Pex10,42.093632502473305,-3.492583502579845,0.2970267949311619,-11.758479578885389,6.387415062108611e-32,4.9696370402870045e-31
3761,Nadk,46.88907644065437,-0.7507351284733949,0.0917982250808795,-8.178100696521675,2.8835275828540943e-16,1.3231732152180401e-15
3769,Ssu72,59.76770837922867,-0.8032093573653408,0.0818567959395734,-9.812372303922928,9.959902794287308e-23,5.786039529961306e-22
3783,Sdf4,64.51438949764639,-1.0663707073385174,0.0850833431020616,-12.53324879417765,4.910896414593861e-36,4.236985282848605e-35
3785,Ttll10,45.437472262536765,-1.520923617476209,0.1004558032515714,-15.140226529943336,8.791036922667172e-52,1.0669233390546205e-50
3789,Plekhn1,12.11174182885063,-0.6084293296623035,0.2156837425607358,-2.82093273437599,0.0047884242277817,0.0086878339664857
3802,Ankib1,40.66521005225294,-3.844210238309912,0.2924469317268859,-13.144983999695343,1.8184399119814744e-39,1.6992906587674603e-38
3804,Lrrd1,75.36613298134908,-0.8503713390284104,0.0702894546353789,-12.09813539512641,1.0803726866791987e-33,8.790259189283412e-33
3809,Fzd1,14.965357061485742,-0.7916344947926438,0.1583137703638437,-5.00041463843148,5.7207151883712e-07,1.5683596712747095e-06
3815,Gm43728,24.84615894896042,-1.7527507511078524,0.1394970806561902,-12.564784459022109,3.2977250729319244e-36,2.8607641896992326e-35
3817,Gm8773,16.66556185529841,-1.0509669259972672,0.1582710042621679,-6.640299850858303,3.1304565561697405e-11,1.1302588949850058e-10
3818,Cfap69,383.0085605580942,-0.5201864356682818,0.0502884439874028,-10.344055103367037,4.452871136291273e-25,2.8076931318120222e-24
3820,Steap1,167.8683498382126,-0.8836976643550246,0.0510732285141712,-17.302561245170256,4.4993354564396014e-67,7.148078243831301e-66
3824,Dbf4,34.02173345933153,-1.3918358330255012,0.1129951948766789,-12.317655052009313,7.277989425671606e-35,6.109865111300807e-34
3825,Slc25a40,51.34693305922807,-1.1546846826914647,0.0973906830958913,-11.856212996828006,1.998095872375948e-32,1.5714266635274378e-31
3828,Abcb1b,15.364860444759886,-0.7090338167515835,0.1598068405826378,-4.436817686693047,9.129855507502015e-06,2.2669200995119693e-05
3834,Gm10482,33.7257547157463,-0.659663309382636,0.1101649475011211,-5.987960093893952,2.124891794442977e-09,6.903917634890418e-09
3851,Rsbn1l,71.91805658117813,-4.485600008895911,0.1685344443102799,-26.615330932813404,4.511675940776996e-156,2.069197060417408e-154
3852,A630072M18Rik,37.88178804983656,-2.0164465694726474,0.1649092429492838,-12.227614010045423,2.213450876028028e-34,1.8343329466198986e-33
3870,Kmt2e,32.602432867805454,-0.584210610527663,0.105222606052369,-5.552139720212811,2.8219389485029513e-08,8.497020040516489e-08
3873,AI506816,16.986270425870213,-0.5045134561487785,0.146343877815057,-3.447451739568912,0.0005659014991116,0.0011602742559956
3881,Nos3,220.05863996564483,-1.3698871515764777,0.0657741382835749,-20.82713947038609,2.457044400616589e-96,5.810226569056433e-95
3883,Cdk5,50.8283996427155,-1.1362330050722194,0.0999012526166825,-11.37356114474264,5.6629045028573685e-30,4.160754623768896e-29
3903,Paxip1,139.29447431108008,-4.481884065311897,0.1210024800269166,-37.0396050090454,2.640191919411407e-300,3.4596439677821053e-298
3907,Rbm33,26.64521155407235,-0.6583070027351007,0.1277715601341152,-5.152218553519339,2.574227801105388e-07,7.270076505860428e-07
3913,Dnajb6,136.50506813468397,-1.3583544796584164,0.0658449170459251,-20.629602718019964,1.4886803877991032e-94,3.418276916806689e-93
3918,Hadhb,12.782844071679785,-0.9357049680493954,0.1864128513610705,-5.019530366160169,5.179795727945985e-07,1.424321236141411e-06
3923,Dpysl5,85.29563074989167,-1.7657213393739069,0.0866381645307452,-20.380410283822517,2.495547522310844e-92,5.59747776304162e-91
3926,Tmem214,97.3238506823246,-0.519789200166185,0.0674296726470287,-7.708612243857443,1.2719322439717554e-14,5.45051269927213e-14
3927,Agbl5,18.45688693693366,-3.8357027742236736,0.2638000556011608,-14.540189407779623,6.740588854558946e-48,7.530447599823931e-47
3937,Mpv17,425.45252994709705,-6.071709231474059,0.2154130543799937,-28.186356899073637,8.594732143831978e-175,4.5117166205633644e-173
3938,Gtf3c2,59.843161031405074,-2.724223626737502,0.1160406338623232,-23.476462822235742,7.096715590515234e-122,2.3204795368011168e-120
3943,Gm9970,103.74739517686436,-4.4100689098726935,0.1354082077457765,-32.56869715130135,1.1384196107797348e-232,9.22808231472987e-231
3945,Krtcap3,227.30648304057692,-0.5984088538966714,0.0479789379407457,-12.472323890030852,1.05697910193924e-35,9.065468399900135e-35
3948,4930548H24Rik,47.54453071608503,-1.5199587199712832,0.1023389076209769,-14.852207780061637,6.731471231605474e-50,7.821072041628013e-49
3962,Prr14l,60.897107159077215,-2.66310204545714,0.1517659368517668,-17.547429289473904,6.22338236033189e-69,1.019371313682934e-67
3963,Depdc5,499.05869724823566,-2.7072977992378138,0.0593115794247451,-45.64534995519465,0.0,0.0
3966,Gm20465,37.0549004360054,-1.5259263311682791,0.1470961470706333,-10.37366621462595,3.2674312747511723e-25,2.0699670031393473e-24
3977,Gm1673,23.8202286749362,-0.5801638315351204,0.1218093039684013,-4.762886024581679,1.9084364409167635e-06,5.010580038008038e-06
3983,Zfyve28,211.18238912323008,-0.7638373847500164,0.0568833651260438,-13.428132865513204,4.1371136909227806e-41,4.005645411411235e-40
3987,Fam193a,80.04468414451007,-0.9292094071173852,0.0727322324540691,-12.775758089155133,2.239549339859665e-37,1.996463728648299e-36
3988,Tnip2,87.31551368390049,-0.8359050858501534,0.0745497375358221,-11.212716683925144,3.531838268900737e-29,2.533040220181154e-28
3989,Sh3bp2,32.60561980829263,-2.837236103811005,0.1789257416602652,-15.857059344754314,1.2564060859770113e-56,1.680479299033565e-55
4002,Sh3tc1,780.8077207484179,-0.8440105527662913,0.0310960290020843,-27.142068612996148,3.141221386378666e-162,1.520700175605761e-160
4004,Afap1,384.6438738209283,-2.237379396829917,0.0521969893747426,-42.8641464504187,0.0,0.0
4007,Grpel1,94.27464493291052,-0.5132904342738382,0.0635735038775645,-8.073967973550403,6.804973236632345e-16,3.087661379016623e-15
4016,Jakmip1,53.26494517636184,-0.5371255290939565,0.0999915255804229,-5.371710512226837,7.799324704524888e-08,2.2802655754145238e-07
4029,Gm7854,86.96854364894457,-4.894027165632244,0.1725464389751487,-28.363536185972016,5.6992469596590565e-177,3.056199261936555e-175
4036,Fgfbp1,42.91158095244321,-2.0122012230152584,0.1104384122890803,-18.220120891888406,3.573646147056105e-74,6.284712921381818e-73
4041,Gm42984,17.931428612032864,-0.9149623842553456,0.2158891640111015,-4.23811166459608,2.2540765826377348e-05,5.3872801264687936e-05
4045,Gm42413,68.51227179275358,-1.2878336798033667,0.0879125080090889,-14.649038105820194,1.3663635221601318e-48,1.5462976275458946e-47
4051,Slit2,56.53898200864756,-1.0751754654535075,0.0935202186931911,-11.496716757910958,1.3702923495980264e-30,1.0262765392692052e-29
4055,Dhx15,13.791764268547288,-1.239533379051593,0.188016120184504,-6.592697359328623,4.319064509661704e-11,1.5469103221205128e-10
4057,C130083M11Rik,13.712923093598327,-3.6142958283462736,0.2936860583178008,-12.306664637227026,8.339903374311716e-35,6.9845187894043545e-34
4059,Lgi2,21.104653895540977,-1.624183592420386,0.1516764874990177,-10.708209421258548,9.31459386069498e-27,6.179472470658246e-26
4065,Smim20,114.47644286163116,-0.6414308171242712,0.0626989835325932,-10.230322422864036,1.4503569572143822e-24,8.995309982324645e-24
4066,Rbpj,30.68685945653616,-0.500961182153776,0.117767063115646,-4.2538309855093965,2.101439398057142e-05,5.035595466704231e-05
4079,Klf3,405.1446294078594,-0.8190734278146462,0.0390003758585931,-21.001680362887484,6.330642772479735e-98,1.5281224686811193e-96
4081,Tmem156,300.4017549730334,-0.6170481146017551,0.0418431419923405,-14.74669647692105,3.2309747943454545e-49,3.702132065473543e-48
4108,Gm15478,16.456449136655117,-0.9524626234526804,0.2357227057782737,-4.04060618729105,5.331321869742635e-05,0.0001227401288584
4116,Gabrb1,36.18364392154155,-0.6850672954550382,0.1167714552855583,-5.866735956829028,4.444576060431472e-09,1.4124739529759244e-08
4128,Usp46,246.9279146685804,-0.7162855505417299,0.0431480672279595,-16.600640458759283,6.8951272491845815e-62,1.001402314156574e-60
4129,Usp46os1,23.046139628813997,-1.2956588387527934,0.1353373476870316,-9.573549806436372,1.0329673462789206e-21,5.792327834925685e-21
4144,Exoc1,22.872072810022733,-0.6891816326126744,0.1346775295646086,-5.117272605465,3.099854380583407e-07,8.685572692091256e-07
4145,Cep135,16.502205075177603,-0.7833057189793818,0.1613946322193305,-4.853356695995269,1.2138906798366935e-06,3.252219334080538e-06
4164,Tmprss11d,27.262122476191696,-0.7743979892845069,0.1159464892789999,-6.67892571909691,2.4070011679602005e-11,8.750358021529073e-11
4175,Gc,444.3524666459907,-0.9168740494076476,0.0379898482140888,-24.134712100997994,1.0806641799510864e-128,3.7294683818193136e-127
4178,Ankrd17,74.73917624195218,-0.6421368062999051,0.0728655182039167,-8.812629377078784,1.2224417614569537e-18,6.169914572450561e-18
4179,Gm9958,17.962044472954002,-1.7088061776155203,0.2191828783504142,-7.7962575839687664,6.377015073690432e-15,2.7646422563252948e-14
4184,Mthfd2l,49.51672191594627,-4.159809092708331,0.1854209972722194,-22.43440146425947,1.8173815859038445e-111,5.108601012763258e-110
4196,Stbd1,53.0332787330784,-1.7007790990945828,0.1191483052026241,-14.274471602447305,3.156713659047392e-46,3.40440629021522e-45
4197,Ccdc158,68.14619669269136,-1.1871202860840977,0.0850573936282338,-13.95669718346562,2.8640183446289457e-44,2.955246400840335e-43
4200,Sept11,70.12269848793395,-1.3337832334498043,0.0806758127507187,-16.53262840463819,2.1362173979686807e-61,3.0717819151648653e-60
4204,Cnot6l,28.549411574343186,-0.5342420600557468,0.1148887295381907,-4.650082407588612,3.3180242450247787e-06,8.53528067044898e-06
4205,Mrpl1,120.82853667523484,-1.1023722409479253,0.0620663785994627,-17.76118191238353,1.4122909450406426e-70,2.366673710593108e-69
4210,Naa11,18.623932055626906,-2.301208062614256,0.1777810980922874,-12.94405359910468,2.538725061226807e-38,2.310438661465316e-37
4214,Fgf5,72.04851842951838,-0.5222880938551853,0.0880600132087764,-5.93104718956744,3.010086793091338e-09,9.677143078766989e-09
4222,Tmem150c,134.41523129292773,-1.64334522384807,0.0647355690403978,-25.385506734675484,3.645857367232933e-142,1.464055350141372e-140
4230,Helq,48.81814046985563,-2.457810729216444,0.1189063860361678,-20.670132287670828,6.433967173358947e-95,1.4851811906927117e-93
4266,A930041C12Rik,14.267112299189211,-0.829848827217539,0.1665372689867594,-4.982961665376633,6.261835983012824e-07,1.712400400313e-06
4272,Tmed5,96.28727171975471,-0.5093842418430439,0.0775997671632112,-6.564249616518624,5.2295535439958935e-11,1.8626744157931828e-10
4287,Gm26779,164.83944415612794,-0.652641951937427,0.0533849650040678,-12.22520145677152,2.280157244234499e-34,1.8887158009752307e-33
4298,Golga3,44.99961108702279,-0.8912077164770906,0.097514456280403,-9.13923689339374,6.289455897210785e-20,3.3215950720178655e-19
4299,Gm43138,39.15653863234366,-0.503384714901841,0.0989369591205604,-5.087933967006584,3.6198535670649124e-07,1.0064902355904163e-06
4309,Gm42595,714.8088961244199,-0.5991799311591565,0.0341440775752914,-17.54857573287488,6.099036701108778e-69,9.99943665352058e-68
4310,Ep400,71.91812484503934,-3.696745365896101,0.1456471198849041,-25.381520546492155,4.0346984769738704e-142,1.6164764380850714e-140
4314,Hscb,77.33123079500021,-1.4814840467627215,0.0867920017315325,-17.06936142970052,2.5092943409901824e-65,3.8769487388986615e-64
4318,Gm43118,105.38939962201836,-0.8055711536420646,0.0774340005936626,-10.40332602559598,2.394271121136296e-25,1.5251227009928132e-24
4319,Mn1,246.89916015509525,-0.6640128035411497,0.0461949354781034,-14.37414722347419,7.519050536317647e-47,8.23128220772261e-46
4320,Miat,48.4398426725874,-0.7179030193825924,0.1018712311712119,-7.047161510947428,1.8260432829340168e-12,7.0454466094695686e-12
4322,Tpst2,41.02919781909804,-1.14264328285989,0.1076553628299094,-10.613900253768264,2.568005378459064e-26,1.6895129383082132e-25
4331,Ficd,96.49762576620176,-0.7256015980244175,0.0698378014355748,-10.389811579245988,2.758976030550481e-25,1.7516733792507753e-24
4334,Coro1c,24.468145010618727,-4.451709502118927,0.2754720680649887,-16.160293613030454,9.610285408814017e-59,1.3335036154841612e-57
4335,Ssh1,45.06243925068944,-1.3149750833681533,0.1027673945026746,-12.795644861210612,1.7340702789582202e-37,1.550609380281368e-36
4336,Svop,61.74435930497545,-3.810378854554745,0.1515764199273885,-25.13833521322165,1.8957560311788205e-139,7.441269394455965e-138
4345,Gltp,16.55711375141578,-1.2648823073920172,0.1635739993129111,-7.732783405095716,1.0522023483058094e-14,4.5211495380359086e-14
4349,1500011B03Rik,60.46606477616369,-1.6162749393088125,0.0975419901557265,-16.57004267319558,1.1474433477977912e-61,1.658179325490871e-60
4363,Dynll1,156.8195696957963,-0.654883997026798,0.0510678741722376,-12.823795931235695,1.206462400928215e-37,1.0832677343316297e-36
4375,1110006O24Rik,11.699905379389742,-2.8590772063349266,0.2607014181040023,-10.966864803145594,5.515171011607016e-28,3.815736418828387e-27
4386,Srrm4,16.150487549272906,-1.213875839199518,0.1851924433421247,-6.554672627527261,5.576407359049839e-11,1.9817623868988703e-10
4393,Gm15728,115.56938069710304,-1.105498614699142,0.0607436466645093,-18.199411385438776,5.2165287496160775e-74,9.146243767435512e-73
4411,Ddx54,19.72552244383781,-0.5456780244404196,0.1364275297551739,-3.9997647499714057,6.34054804298671e-05,0.0001447701706971
4415,Ptpn11,382.55803247234377,-1.5073656344842337,0.056284405017389,-26.781230680479503,5.346297405997533e-158,2.491317411543449e-156
4422,Tmem116,21.090010482706983,-0.7357433936519795,0.1326940453556416,-5.544660211994195,2.9452555160491107e-08,8.856092673171827e-08
4425,Aldh2,24.506710127534237,-0.5920909978999068,0.1229819566334952,-4.814454202126799,1.4760274834408372e-06,3.919580524364912e-06
4426,Acad12,29.774364286772425,-1.8241912934146296,0.1387555685407068,-13.146797008578908,1.775370197764029e-39,1.6599330368364534e-38
4430,Gm16552,18.140269081406807,-0.8559583964166829,0.1518150811017325,-5.638164470913782,1.718723143834692e-08,5.2578386783835376e-08
4433,Ppp1cc,61.95133103780263,-0.5268861341243569,0.0791960282977919,-6.652936333412657,2.873024978518212e-11,1.039034640498348e-10
4435,Tctn1,12.951586203621131,-4.30759018485732,0.3629294882890693,-11.868945136324587,1.7161786223739823e-32,1.3539315146944764e-31
4436,Pptc7,153.5935120684296,-0.765633054920065,0.0557419648414803,-13.735307987391211,6.2390195174480315e-43,6.28518104913782e-42
4445,Ift81,548.2936323482116,-1.6351222004359534,0.0447712951942223,-36.52166401134099,5.025026785078878e-292,6.255440486453906e-290
4463,Gm43409,163.55598588759892,-3.4887261361586988,0.150642222541408,-23.15901927960289,1.1793016501062645e-118,3.657094156237006e-117
4465,Bcl7a,213.47234463413812,-0.5616031694045427,0.0487887437218161,-11.510916792748228,1.1623608155711704e-30,8.720458154874885e-30
4471,Zcchc8,50.77167301019322,-2.307275062860708,0.1086657497281972,-21.232771766925957,4.757240185196529e-100,1.1810424778861124e-98
4480,Ogfod2,32.6259039930513,-2.5828679922411464,0.1420663593972945,-18.180715006696605,7.337089330123092e-74,1.2825555952395714e-72
4481,Arl6ip4,255.40695068143933,-3.662407995501079,0.1302052721760854,-28.12795468487756,4.4596646729405345e-174,2.32009062447784e-172
4483,Mphosph9,33.018374316538925,-3.117365077050876,0.1617149689829194,-19.27691107791101,8.39418956928149e-83,1.6815394921084803e-81
4501,Ncor2,28.23258543225324,-2.20203656882878,0.1455015869587362,-15.134106884025048,9.648163599818537e-52,1.1685072634999128e-50
4511,Tmem132cos,31.14657855511968,-0.7342629811346784,0.1111574292229617,-6.605613194435066,3.95875287812997e-11,1.4210740506704243e-10
4523,Zfp11,16.897389686081322,-2.2484364644621464,0.1982317884124743,-11.342461683207295,8.083800976058878e-30,5.914545903054327e-29
4532,Nupr1l,26.642689578438493,-2.3055742756476088,0.2427991079301243,-9.49581032361591,2.1850524247922868e-21,1.2073904140545331e-20
4535,Asl,15.90995588015008,-0.8185665161288876,0.1703126801350693,-4.806257029598204,1.5378217072868443e-06,4.0774618461273576e-06
4538,Rabgef1,43.88363832628099,-1.5876603203028052,0.1043211472412342,-15.21896913797803,2.6466858075469372e-52,3.2575169670853115e-51
4547,Rcc1l,323.5563524975823,-0.9622343538664068,0.0387545665899641,-24.82892826662617,4.368050616191364e-136,1.6513315865289177e-134
4562,Dnajc30,11.051786274752107,-3.620560966060901,0.3446442353006893,-10.505212608306348,8.173840444477086e-26,5.289776875839089e-25
4569,Pom121,376.6756411906908,-0.902885315944049,0.0405602750207811,-22.26033515506129,8.957524242762951e-110,2.443063106461232e-108
4573,Tmem120a,49.99263467518602,-0.9284247514109082,0.098799602041034,-9.397049504564894,5.611453144144173e-21,3.062837625936255e-20
4576,Srrm3,163.6630781272276,-0.976426347624289,0.0511514095120149,-19.08894313840825,3.1201812216672957e-81,6.082608314453874e-80
4577,Hspb1,57.47501361979372,-1.3859782144724015,0.1011672152677992,-13.699875110761775,1.0169906789180396e-42,1.0198188196769296e-41
4579,Ssc4d,98.7026429727724,-5.026486204034753,0.1774756741854396,-28.322113591650368,1.846404374383452e-176,9.840714200842443e-175
4581,Dtx2,14.167838051781311,-1.0707930169019635,0.1678718631749548,-6.378633063636106,1.786755622266581e-10,6.152850619415524e-10
4582,Upk3bl,61.39855902283587,-4.526721346700665,0.1849277548201888,-24.478323175999957,2.513907191506313e-132,9.052143498671906e-131
4583,Rasa4,14.057100961993337,-1.574113088796112,0.1930282012039001,-8.15483478050619,3.496575480662841e-16,1.5994309049079264e-15
4588,Orai2,134.10099000009183,-1.9082062743620545,0.067931894040422,-28.08999073729049,1.298179960720207e-173,6.733535820068978e-172
4602,Ufsp1,20.545221365741504,-1.501344645481131,0.1775589173315619,-8.455473079268767,2.779580871493213e-17,1.3315705175476556e-16
4611,Gigyf1,171.2415526308221,-0.5996580487065848,0.0484009364642839,-12.38938939020498,2.983060594100964e-35,2.524952891403185e-34
4614,Mospd3,352.8821511038868,-4.385014039642468,0.0772708581218984,-56.74861320583373,0.0,0.0
4615,Pcolce,51.68827375141716,-0.8398870560190247,0.0922889771915491,-9.10062156475966,8.981632144074824e-20,4.709142148223105e-19
4641,Gpc2,158.04109344775392,-0.9909445629539476,0.0531215806909035,-18.654274779960296,1.165730979907778e-77,2.1613148423226336e-76
4659,Ints1,20.263076491664915,-0.6124988794698988,0.1380530588912792,-4.43669183710199,9.135192461096076e-06,2.267922139771829e-05
4660,Mafk,22.293917823943897,-0.845832550744379,0.1351184798683717,-6.25993240575503,3.85144374762426e-10,1.3051324447520043e-09
4662,Psmg3,10.36498526119752,-2.328245764430807,0.2446657261371724,-9.51602744360471,1.7992598505800247e-21,9.983285793030461e-21
4663,Elfn1,375.6796779008642,-0.9324062890122564,0.042105883183472,-22.144323275429056,1.183246427583445e-108,3.192201043331932e-107
4666,Gm16121,31.477629073737724,-4.483030558435114,0.3011840786186521,-14.88468639841802,4.144250860234436e-50,4.831170835596371e-49
4681,Ap5z1,19.109670103962,-5.065798522106635,0.3757750960861987,-13.48093201190905,2.0253215467275215e-41,1.971916419908785e-40
4682,Radil,78.75471220041995,-0.5480411148347162,0.0724676602793099,-7.562561185533211,3.952091109412495e-14,1.6541076814322997e-13
4706,Usp42,169.83143313166264,-3.878647616739558,0.1022302503013012,-37.94031223936256,0.0,0.0
4707,D130017N08Rik,85.60254732905759,-0.6378869557038794,0.0700274147392461,-9.109103314453533,8.30656461857908e-20,4.365705915940778e-19
4708,Ankrd61,19.45895940001022,-0.51535988801843,0.1451335320556701,-3.550936029178624,0.0003838637061012,0.0008037939048338
4711,Gm17135,48.63772554160015,-0.6420491647985754,0.1042712500123342,-6.157489861516262,7.390697310500693e-10,2.4614002049953394e-09
4715,Tecpr1,10.592833026508291,-0.6180352724178456,0.1917943481394049,-3.2223852184039807,0.0012712809012801,0.0024830083545344
4729,Ptcd1,57.8224109442777,-0.8961163243198456,0.0889143643037418,-10.078420189325174,6.882375827261808e-24,4.17494068630417e-23
4734,Zfp655,152.0435867170029,-1.4076967653412038,0.0679513435873296,-20.71624622892205,2.472249935491352e-95,5.752519609578542e-94
4748,Flt3,22.104391358036825,-0.6074456101206699,0.1321528657953967,-4.596537551150319,4.29569584807244e-06,1.095644478855649e-05
4767,Gm20005,132.63788275329773,-1.2581845167060484,0.0652425503721153,-19.2847230761199,7.217546113593283e-83,1.4491635215173243e-81
4774,N4bp2l2,228.2313824976821,-0.5285007442221443,0.0490913727343216,-10.765654223652408,5.000511916483204e-27,3.340318960539259e-26
4782,Samd9l,20.427534938077365,-2.674003581882112,0.2015143569071235,-13.269543782999742,3.4769102667603838e-40,3.3040126569847304e-39
4797,Sem1,206.7840038778508,-1.7841139659742442,0.0589783331081592,-30.250328755517597,5.16559632097538e-201,3.4361073542732413e-199
4798,Sdhaf3,331.1287097328488,-0.892907958693096,0.050089859885521,-17.826122108023686,4.431101005303324e-71,7.468590746656319e-70
4803,Umad1,137.77029663919797,-1.0241343107555176,0.0605440619838683,-16.915520320199075,3.45749504075255e-64,5.226125201234644e-63
4805,Glcci1,39.434596920259565,-2.387337434842044,0.1299075146863463,-18.37720812846064,2.0000070462005063e-75,3.6120334508997335e-74
4809,Gm44129,58.340895448837095,-0.7460458834929852,0.0819852074486363,-9.099762099893226,9.052991038911898e-20,4.745128656425762e-19
4831,Wnt16,28.729116794263675,-0.6784011797002802,0.1226840654692548,-5.529660083446539,3.20851889222937e-08,9.62445219514173e-08
4834,Aass,28.1514127593453,-1.5008171442713494,0.1524180198920244,-9.846717240747216,7.081933808124688e-23,4.1431333470291064e-22
4838,Wasl,68.18913466480035,-1.293177630274899,0.0806493063357797,-16.034578461106808,7.327914622500543e-58,1.0040164783092727e-56
4840,Pot1a,86.26090826654318,-1.0518961722044091,0.0972663177421092,-10.814598482008892,2.9357539415222114e-27,1.980809899065006e-26
4842,6530409C15Rik,291.9335069855332,-0.7045117743462403,0.0636730312386925,-11.064523875190131,1.8645040843124475e-28,1.3107937547961812e-27
4843,Zfp800,73.49012971592836,-2.9503662500510357,0.1111666004450039,-26.540042047167148,3.3464926217968637e-155,1.5227852065972777e-153
4852,Fam71f2,25.12187446797889,-2.2778595316924646,0.2629514293545972,-8.662662672278952,4.608706443924088e-18,2.2805376463574388e-17
4853,Calu,10.185985525351809,-0.8540410501466853,0.2207894927284792,-3.8681236121909177,0.0001096760661279,0.0002435568909885
4859,Tspan33,55.74965098133673,-0.99401333309421,0.0919762501199877,-10.807282660441889,3.1794899916848998e-27,2.1402916792230366e-26
4860,Smo,49.68831827920548,-1.179312479111198,0.091641170161514,-12.86880642218672,6.743618626438749e-38,6.102169544214669e-37
4877,Podxl,44.61047942421191,-2.0916231663976506,0.1193890867934014,-17.519383241595023,1.019243354186433e-68,1.6632371888353146e-67
4881,Gm14540,211.66636082035967,-0.8724243452840257,0.0501890959921133,-17.382746750830446,1.11483550745121e-67,1.7857861418988685e-66
4885,Slc35b4,135.74838389037055,-1.0345109612087608,0.0603254442466701,-17.14883287023393,6.41275059576786e-66,1.0014463923211674e-64
4897,Stra8,161.26871541680643,-1.345409006219653,0.0569648882044725,-23.618215511814515,2.505078616532867e-123,8.347707481631895e-122
4902,Slc13a4,328.42782398907434,-1.5245729051564418,0.0505922814417447,-30.134496047819734,1.712488133522701e-199,1.1094885944622168e-197
4906,Dgki,16.425354620153946,-2.5234157329137203,0.2544111701591015,-9.918651493704653,3.4539088654220204e-23,2.0446577345983347e-22
4912,Zc3hav1l,71.73736076666975,-0.6378285230676478,0.0791817492673035,-8.055246682091502,7.931867749233486e-16,3.584044364367156e-15
4915,Ubn2,132.2123808262599,-0.6896029430775211,0.0671264829519086,-10.27318746271234,9.307752871889971e-25,5.814176238397791e-24
4916,Fmc1,98.21176946039222,-0.5656329781438462,0.0630697471461377,-8.968372377222762,3.009281618943261e-19,1.5530281331046241e-18
4917,Luc7l2,13.893923211673252,-1.2037141371174307,0.2074415382147243,-5.802666850028159,6.5268392389059805e-09,2.0513932237268423e-08
4918,Klrg2,45.89446168444216,-0.8885322432320648,0.1417637162138728,-6.26769858298279,3.664231789407649e-10,1.2433845721533587e-09
4923,Kdm7a,17.03632467783513,-1.27256019048421,0.1693935276001665,-7.512448725242553,5.803147457835339e-14,2.4114748186732064e-13
4925,Slc37a3,228.25131862178463,-1.9854416416334797,0.0657142898916835,-30.213240452054944,1.5870948192154938e-200,1.051706787425385e-198
4932,Braf,88.02141374721732,-1.256354528466754,0.0846124096206325,-14.84834829902296,7.130388220593051e-50,8.279041033210906e-49
4934,Agk,41.89414634389281,-0.5634506082489763,0.0986391903341658,-5.712238779942751,1.114994886645616e-08,3.446024274598297e-08
4953,Ezh2,40.96401542529142,-0.7688226722936814,0.1020094469611014,-7.536779143473359,4.817211567747567e-14,2.011364714966569e-13
4957,Zfp282,79.25021395035425,-0.7041139869062166,0.0793079767464839,-8.878224055027774,6.793628971535975e-19,3.4619697577757013e-18
4964,Zfp467,12.104036908261198,-1.2181151133317734,0.1858448055846298,-6.554474899095684,5.5838005939684216e-11,1.9839852548762822e-10
4967,Zfp775,109.19981604511864,-1.277262937513837,0.0815836031712534,-15.655877993433489,3.029038954613681e-55,3.963220037613156e-54
4973,Malsu1,477.4154871441997,-4.19117710423425,0.0768646077542517,-54.52674809236135,0.0,0.0
4981,Osbpl3,146.83839171511042,-4.764472562496885,0.1252978324155295,-38.025179451598966,0.0,0.0
4983,5430402O13Rik,92.16052771412232,-0.5845182446463353,0.0658599017834974,-8.875176379215283,6.982267270843009e-19,3.5560185270675614e-18
4984,4921507P07Rik,10.95108110417006,-4.233773000452295,0.3871167699750698,-10.936681975118123,7.696533110706259e-28,5.310181276856243e-27
4986,Hnrnpa2b1,30.925064848950758,-1.2207669584667034,0.135582248041256,-9.00388491932394,2.1786850293605365e-19,1.1290550904458948e-18
4999,Evx1,11.527743860540031,-0.5263129118573805,0.1764033126069981,-2.983577258721506,0.0028490009900992,0.0053172402286838
5014,Ggct,13.818649777848623,-0.9993546238703032,0.1712263764107378,-5.836452565421646,5.3323934090554546e-09,1.6869296121441e-08
5020,Avl9,19.852993844218084,-1.909664771230809,0.1616955620184058,-11.81024851512889,3.455384519230944e-32,2.705320817662035e-31
5022,Vmn1r4,13.676958268558648,-0.917873216087857,0.1738497455198399,-5.279692606642948,1.294007914261384e-07,3.724520219611461e-07
5024,Vopp1,98.4380136070644,-1.4196375769666438,0.0758750420773439,-18.71020480647012,4.0880105154228094e-78,7.636210853460744e-77
5025,Abcg2,39.91663625880892,-1.5020335409609842,0.1040531036565408,-14.435259383698025,3.104754839945962e-47,3.4224963536102612e-46
5026,Herc3,26.022586346550817,-1.6234534687634448,0.1390769919442957,-11.673055665553104,1.7502175739070128e-31,1.349681056550948e-30
5045,E230016M11Rik,34.680466817542744,-2.816202152923941,0.166294608877021,-16.93501774917185,2.482835002530985e-64,3.775815743814137e-63
5055,Smyd1,23.12636317828573,-2.164654012872775,0.192049500519656,-11.271333729145656,1.8179500256602158e-29,1.3146569729131214e-28
5064,Ptcd3,897.1275121586546,-0.6669588789926404,0.0275928160473746,-24.17146832159233,4.440948525665705e-129,1.5387047893698192e-127
5069,0610030E20Rik,34.83059743153933,-1.58384596434173,0.1136333098493805,-13.938219052504037,3.7108470554184773e-44,3.8154951316715765e-43
5093,Gm44145,1731.875778354238,-0.7168399625604948,0.0310151677084447,-23.112561224852374,3.461724510372086e-118,1.0659175753845356e-116
5094,Hk2,20.665768515814584,-2.8543349019546573,0.2089562239455076,-13.659965939559765,1.7606608497455918e-42,1.7544195134000098e-41
5101,Dqx1,13.741169179537184,-0.764619360237432,0.1723301434767174,-4.436944952353825,9.12446153171418e-06,2.265903613204827e-05
5102,Mrpl53,572.0888360764349,-1.5424846922112514,0.0410198498149438,-37.60337249331691,1.89343236063052e-309,2.682824323664125e-307
5103,Mogs,32.83210034559261,-1.709309523531278,0.1249471220151115,-13.680263266284344,1.3320953117172233e-42,1.3311787323742987e-41
5105,Ino80b,170.55006860064742,-0.779300222523014,0.063645331911877,-12.2444207471811,1.7995730993549454e-34,1.4956108715096804e-33
5115,Actg2,260.96153465232914,-0.8372046617737621,0.0484079565182876,-17.29477387580866,5.1504703224737024e-67,8.167643019114803e-66
5119,Nagk,18.75865697199067,-1.9901409467273248,0.184831796268145,-10.767308368524017,4.9115023643296756e-27,3.283377951880997e-26
5122,Dysf,223.1042586423808,-2.281991437218192,0.0685915740645036,-33.26926766649508,1.0748489107549599e-242,9.557381028896654e-241
5125,Spr,126.8952593743564,-4.090541168417129,0.1305604099310748,-31.330639744288472,1.785855495510749e-215,1.3022547939649092e-213
5136,Gm19265,196.56211243244536,-0.5650210652385741,0.0580007466848984,-9.74161709172767,2.003405404995231e-22,1.1538449900283173e-21
5147,Mxd1,109.85473287810235,-0.613615630837737,0.0718954980506471,-8.534826901198631,1.403654179439929e-17,6.806590161179487e-17
5152,Aak1,197.31871710403445,-0.6647388152578597,0.0517396062794518,-12.847774907051374,8.851991216664474e-38,7.964507120497082e-37
5155,Antxr1,71.51728508770938,-1.070185618071233,0.0769572285697344,-13.906239062409709,5.805274194618372e-44,5.94443705427785e-43
5156,Aplf,46.02275772543701,-0.5044753078531604,0.1153140520406496,-4.374794735990429,1.2154679605791814e-05,2.9810266840661378e-05
5158,Rab43,211.3432533701856,-0.5088441341153899,0.0548510588180732,-9.276833393555703,1.7459016912197682e-20,9.373867737085069e-20
5161,Copg1,61.23245696497491,-0.6324008234363686,0.0798064434838981,-7.924182507443307,2.296521181944304e-15,1.0171225199218634e-14
5163,Hmces,54.2113419965328,-0.9325946484215124,0.0846927465159037,-11.011505551380225,3.363357102106265e-28,2.34466350302032e-27
5172,Kbtbd12,266.8277020256995,-0.5015417995693588,0.0465001404657029,-10.785812570593844,4.0167757012429e-27,2.6924756508177397e-26
5174,Abtb1,106.74529921815132,-0.6855291715084411,0.0623726390806099,-10.990863648120907,4.228602402886062e-28,2.9396123924012078e-27
5179,Plxna1,215.63739252276972,-1.605112375923296,0.052273629373523,-30.70596771565081,4.737840242232665e-207,3.2508299110878303e-205
5187,Iqsec1,1738.5997204078692,-4.238064151491531,0.0656997032158551,-64.50659506889176,0.0,0.0
5195,Lsm3,11.43299233465777,-0.6293726541396137,0.1837306118212253,-3.42551874127546,0.0006136265982201,0.0012513789321064
5197,Grip2,15.404387436541324,-0.7425412249004577,0.201958570640405,-3.676700733946968,0.0002362699477844,0.0005066083476853
5200,Fgd5,102.29618682226102,-3.240556619645837,0.1166259923043048,-27.785886796062208,6.424396111215481e-170,3.2738121469667664e-168
5201,Nr2c2,1289.0355459590858,-1.5229774825907598,0.0360012885865267,-42.30341586052904,0.0,0.0
5203,Rbsn,18.688983647465196,-0.7487564229321555,0.1452774458587001,-5.153975680852838,2.5502102966960696e-07,7.203414108722706e-07
5210,Magi1,55.07301355336018,-2.921752240898723,0.127601799857481,-22.897421855820525,4.9292801711738185e-116,1.4610118167213826e-114
5221,Frmd4b,31.60322087411701,-0.5620360835791417,0.1220327449471449,-4.6056169909360944,4.112447019067363e-06,1.0502890774956918e-05
5233,Cntn3,15.478208970606186,-1.1716190950444536,0.179814644463791,-6.515704538627721,7.234926186471092e-11,2.5539860963706337e-10
5235,Cntn4,144.13357252231555,-0.6320544241735166,0.062292009503002,-10.14663725277728,3.429782987052791e-24,2.1002901580588916e-23
5266,Il17rc,125.55536466199835,-2.1931847553200035,0.0855928415277557,-25.623460048452834,8.357581027588202e-145,3.4515621362276583e-143
5268,Prrt3,50.8403926308252,-3.676495508633129,0.1518002835083343,-24.21929276852289,1.39342869061025e-129,4.856935043991088e-128
5277,Gm44053,69.46007483683096,-1.4782567907654975,0.087518085185297,-16.890872185282255,5.252083068615528e-64,7.904430373042438e-63
5280,Slc6a11,11.662620153716096,-0.6445107844863552,0.1771041407685076,-3.639162707826203,0.0002735259426908,0.0005821946909154
5282,Hrh1,19.882270903061148,-2.268163500360121,0.1903879667391217,-11.913376350450031,1.008108655260493e-32,8.000600019981727e-32
5285,Tamm41,13.116593732883796,-2.4181238602053448,0.214246799573989,-11.2866276883182,1.5278687513417252e-29,1.1067205568737983e-28
5288,Tsen2,114.16364487257071,-1.2683470104804022,0.0819834668270204,-15.470765747885835,5.465304206427337e-54,6.988211424036365e-53
5300,9530062K07Rik,28.63134287825477,-0.9354330978831132,0.1221940890796001,-7.655305628357769,1.9285303490875172e-14,8.205670635717104e-14
5314,Zfp248,11.14518335894891,-0.8533753833368269,0.189873689233813,-4.4944372586871095,6.975416547843028e-06,1.7481673798649455e-05
5318,Dcp1b,39.49976945609968,-0.5333378713799326,0.101333823396443,-5.263177224581595,1.4158697461050865e-07,4.066542177837746e-07
5335,Pex26,32.54657628690561,-1.0344160440805532,0.1238303708883716,-8.353492254440875,6.62737600772188e-17,3.12251714145923e-16
5338,M6pr,57.84947011355544,-2.438755014843286,0.108873071773223,-22.399983532411817,3.937238014520002e-111,1.0978909458728736e-109
5342,Apobec1,48.13984414195865,-2.267507728330635,0.1218850152128401,-18.603662840514307,3.0008572205845747e-77,5.528429137457502e-76
5349,Necap1,935.2979660610132,-0.6816403617633773,0.0305347120990796,-22.323457956687985,2.1870345649664242e-110,5.983616703019596e-109
5354,Lpcat3,112.20122712264671,-0.803963464755265,0.06236578783252,-12.891097710723477,5.051956061031339e-38,4.580930813301466e-37
5355,Emg1,36.137223059215415,-0.8723486972524962,0.1065989811305671,-8.18346186802672,2.758035784257404e-16,1.2672567268135522e-15
5356,Phb2,50.6341854895722,-0.925978780125384,0.0898413785080279,-10.306818478332248,6.563835607146844e-25,4.1163917582351645e-24
5357,Ptpn6,56.30025253743543,-0.6936523516914084,0.0837000273751737,-8.287361109001889,1.1578868859160824e-16,5.391304474417709e-16
5363,Usp5,60.14156300334143,-0.6657893704707631,0.0901298314997747,-7.387003386025717,1.5017477547231113e-13,6.112204546780566e-13
5366,Lag3,27.289698558167807,-2.0489292845992506,0.1696681778726052,-12.07609647424682,1.4126851387600102e-33,1.1451291441074167e-32
5372,4930557K07Rik,29.03486533273,-1.3714428077533705,0.1289795654833412,-10.633023941536717,2.0921665246731983e-26,1.3774944537969212e-25
5378,Ncapd2,27.995638360271112,-0.6341778978105128,0.1209711910597398,-5.242387813618644,1.585117693893781e-07,4.534706363949576e-07
5380,Vamp1,66.65181317871888,-1.2664507552677262,0.0793749508063071,-15.955294994237583,2.6173404356706853e-57,3.533308219432122e-56
5384,Ltbr,254.0831410644457,-0.8275509881182124,0.0456258266606755,-18.13777521825089,1.6039378498558965e-73,2.792550334394462e-72
5399,Cracr2a,300.49616893704274,-0.9552339687763356,0.0424058044641782,-22.526019276046444,2.307892257687613e-112,6.561492050078259e-111
5404,Tulp3,43.27981017802279,-0.8175409618929571,0.1053474281494561,-7.760426393448481,8.464431876817075e-15,3.6568695773219634e-14
5415,Clec2g,92.04949008022383,-1.280655412169064,0.0710463816217323,-18.02562471073581,1.2261921731832453e-72,2.107502681877475e-71
5416,Clec2d,147.45055861619318,-0.8970272417809803,0.0525385562493799,-17.073694174677033,2.3298011284061626e-65,3.602819349233594e-64
5417,Gabarapl1,212.41235253833236,-0.5257008427108496,0.0429919557335501,-12.227888537310758,2.205984222023536e-34,1.829014891599724e-33
5424,Gm17089,19.424436583775027,-0.9434772739691362,0.158027321882011,-5.9703427403115175,2.367556920927524e-09,7.66805092323451e-09
5429,Borcs5,220.36824882863496,-5.274286869944254,0.1571301074976172,-33.56636709501541,5.19562261228478e-247,4.921158200374954e-245
5431,Gm36328,157.03772064409773,-2.276058742609632,0.0967472463453913,-23.52582454371897,2.2199447668835988e-122,7.3136479011809765e-121
5433,Gpr19,23.91512301033467,-0.8509144580166865,0.1268230833154495,-6.709460421335054,1.9534539232912275e-11,7.146262589235834e-11
5439,Hebp1,28.827491718362875,-0.6059075275018287,0.1167371950693506,-5.190355371669454,2.098931006937755e-07,5.957682343470878e-07
5458,Pde3a,290.4074036226588,-2.671483163962337,0.060924268150218,-43.84924505576971,0.0,0.0
5463,Golt1b,255.29314836022616,-2.42068007500944,0.0589633961941264,-41.05394585888136,0.0,0.0
5466,Cmas,145.36534885820484,-2.115934050864388,0.0725367537272194,-29.17050932306035,4.590477008056203e-187,2.6756800433579772e-185
5472,Sox5os4,266.8679825270818,-3.51703923210904,0.0875316395385739,-40.18020513095874,0.0,0.0
5475,Etfrf1,29.441691879038824,-1.4231065217487668,0.1241330873609177,-11.464360969376967,1.9922468819977882e-30,1.48506752179031e-29
5481,Ints13,51.11461073238203,-1.7548238926781743,0.1043359849476917,-16.818970881023887,1.7721028713918256e-63,2.6487314616309377e-62
5482,Fgfr1op2,49.82393198780488,-0.6234514213475509,0.0871094565827238,-7.1571037841969325,8.239931622991923e-13,3.2394660123055094e-12
5490,Mrps35,10.545228373634153,-0.6446966268571046,0.1951188016435927,-3.30412354640594,0.0009527383585452,0.0018965532967134
5503,3010003L21Rik,66.03400135518577,-1.1457739766467083,0.086287202482006,-13.27860845744354,3.0806589562286715e-40,2.9338647152542775e-39
5509,Gm21814,30.238712888646823,-1.2887543775459187,0.1444092943171307,-8.924317396882666,4.484561840513799e-19,2.3034760906712197e-18
5527,Tsen34,51.64089263437776,-0.5865537023013343,0.0877231540557642,-6.686418296456504,2.2869873299970188e-11,8.34364981938205e-11
5530,Ttyh1,544.8199270693495,-0.6398061667421652,0.0418269126682044,-15.296519057418422,8.065668301093628e-53,1.006937443778365e-51
5545,Brsk1,53.529934713120575,-0.7721520841829284,0.0962380880057919,-8.023352294119329,1.028976967115781e-15,4.626679716948872e-15
5547,Kmt5c,32.70891051859336,-0.6539529239170284,0.1063980924777304,-6.146284286571243,7.931906822655134e-10,2.637109349584771e-09
5549,Il11,20.25339110906009,-3.7723901648703375,0.2486439127545573,-15.171858112585928,5.431708864405316e-52,6.629119193897468e-51
5554,Isoc2a,12.47262159961014,-0.7392159513927323,0.1767787775635972,-4.181587640670244,2.8948062680986637e-05,6.847269766615567e-05
5555,Gm44983,110.51813334650788,-4.336610394133729,0.1457138638047555,-29.761137896558875,1.2444864378726326e-194,7.718473181225706e-193
5564,Zfp580,20.102257520113604,-1.4648799051468704,0.271203472190141,-5.401405421977199,6.612079779634683e-08,1.942604962904135e-07
5565,U2af2,77.34329392749946,-3.2715837871662834,0.1156687687909325,-28.284072021891763,5.4263948917514294e-176,2.8832686028489003e-174
5578,Zim1,22.684504116048515,-1.801483287300253,0.1523589739066858,-11.823939483890156,2.935869715909795e-32,2.300644667665284e-31
5582,Zfp773,651.3663676782495,-5.116265228206146,0.0700728872799537,-73.01347820542563,0.0,0.0
5583,Zfp418,18.398610578310013,-3.122062881795902,0.2142747568381992,-14.570371834109228,4.335249185822375e-48,4.855701980110048e-47
5584,Zfp772,28.71264020926252,-3.2118820586329404,0.1799899507135168,-17.844785477746875,3.1731934461390284e-71,5.3535736088393977e-70
5586,Zik1,13.685062247669055,-1.0323430925771424,0.1832634809548707,-5.633108610609446,1.7698991386114376e-08,5.409646122013352e-08
5589,Zscan18,21.426734924236925,-5.419356002430094,0.5321133566976312,-10.184589306427796,2.3233885405963363e-24,1.4313190344826072e-23
5591,Zfp110,1004.8905090245472,-3.299115604837516,0.1356555754918143,-24.31979366035412,1.2105982479971298e-130,4.279575307524133e-129
5593,Zscan22,44.42505524826363,-0.9922386341081064,0.1000585516617252,-9.916580018693804,3.526322381529045e-23,2.0854002872510412e-22
5595,Gm29638,39.76629974449085,-1.9666469129395596,0.1159325954200168,-16.96370986791519,1.5241039524840336e-64,2.325926767416089e-63
5605,Pla2g4c,54.86916515557645,-0.6918688312926821,0.0834079524842834,-8.294998386671235,1.0858667909178831e-16,5.066796902842535e-16
5618,Dhx34,439.5900984391873,-0.5563666713339438,0.0362249210905775,-15.358671726096878,3.0985816179848637e-53,3.899067179656332e-52
5620,Ccdc9,334.7483368753845,-1.0698253744474957,0.0379548895873097,-28.186760285167377,8.49744162508598e-175,4.474121227854938e-173
5621,Bbc3,33.86017854959013,-0.8004999634935412,0.1101305362887328,-7.268646739309835,3.6310657840492213e-13,1.450096573886568e-12
5630,Slc1a5,16.235601966681116,-0.659346579893092,0.1497211399604844,-4.403830882313024,1.0635586529076717e-05,2.6224816359472123e-05
5639,Ccdc8,10.021908926226262,-0.7597695302107806,0.1924170472991981,-3.9485562265664536,7.862395032645592e-05,0.0001775405812761
5644,Nova2,124.37221403893189,-0.7358440925088737,0.0662464100652572,-11.107682541348533,1.1510810637500747e-28,8.1284606073891e-28
5645,Mypop,96.2882303305956,-1.296432708402196,0.1013351358018606,-12.793516268010888,1.7822386779621036e-37,1.5928643938217197e-36
5648,Foxa3,398.1215976891119,-1.4490991061800202,0.0370913617848492,-39.06837162209384,0.0,0.0
5657,Eml2,51.437363794134285,-1.6231686367113234,0.097237233299129,-16.692871461264232,1.4769317104304143e-62,2.1813530380831578e-61
5661,Ppm1n,925.7593743384426,-1.7707207511492198,0.0477063836809417,-37.11706095753821,1.4909497012393373e-301,1.9835321674197843e-299
5662,Rtn2,106.3738464348281,-2.4182161307590646,0.080339804963027,-30.099850651516316,4.867189175258863e-199,3.1185798877357163e-197
5664,Fosb,113.80796995689188,-0.723570592446859,0.0653735003180159,-11.068255316404626,1.788486330260637e-28,1.2588747885210976e-27
5665,D830036C21Rik,10.087741034116954,-2.1736900428466983,0.2461856250701347,-8.829475897414584,1.051673445135146e-18,5.318794196696263e-18
5667,Cd3eap,658.9062585095463,-3.958030467910185,0.0497464615670114,-79.56406030162533,0.0,0.0
5674,Bloc1s3,1315.7364552421095,-0.6657806277620155,0.0405676263115796,-16.41162395473889,1.5792420804437127e-60,2.255986145735494e-59
5679,Relb,25.86497727936844,-1.080348942945726,0.1484939621527167,-7.275372865562404,3.454649093940173e-13,1.3805921671449054e-12
5680,Clptm1,247.0064022957568,-2.89075054011976,0.1261706036424901,-22.91144257588579,3.5731462379719183e-116,1.0663149423865511e-114
5683,Apoe,70.13255088619695,-0.6159643821790068,0.0740834421703156,-8.314467634521128,9.216505064569656e-17,4.3132451736122433e-16
5684,Tomm40,262.3398983706364,-0.950521498942498,0.052834787157714,-17.990448151237004,2.314782786877409e-72,3.958982768370902e-71
5688,Gm26600,141.9943493870295,-1.1955454665846614,0.060720894836266,-19.68919380731216,2.669035530441685e-86,5.58414780606695e-85
5692,Gm16174,42.08406602432708,-4.672003192276432,0.2469780610845816,-18.916672888918782,8.313997297477754e-80,1.5835666109337955e-78
5693,Pvr,81.45489122379702,-0.9987387521764725,0.0786099056115078,-12.704998745479536,5.547032022375831e-37,4.8973492444764926e-36
5694,Gm16251,64.0746502887756,-0.6047258262629635,0.0767536913595931,-7.878784922927114,3.305799517019196e-15,1.4519524693198222e-14
5697,Zfp180,30.51245257445452,-0.7649188528393057,0.1094206656988235,-6.990625106821391,2.7366413509836445e-12,1.048454285885754e-11
5698,Zfp112,195.66223350662256,-1.7237911307655571,0.0576297346047583,-29.91148827229247,1.3950975233649216e-196,8.745956704030163e-195
5699,Zfp235,14.576377915939402,-0.9228970644298016,0.1752123357958099,-5.267306438430985,1.3844000659205153e-07,3.978780400538051e-07
5705,Kcnn4,61.50606928281611,-0.6098637509347137,0.0782130800945742,-7.797464953397488,6.316317130083819e-15,2.7396907651344148e-14
5707,Zfp428,89.08554991338282,-2.0831150687207045,0.0791082754711754,-26.332454554387628,8.153173551697534e-153,3.643423298948323e-151
5713,Phldb3,54.94731875273067,-0.90474284758426,0.0900186117640082,-10.0506198646578,9.129135721531821e-24,5.518646456984272e-23
5714,Tex101,30.33704343661193,-1.2238947365330144,0.1278129211926539,-9.575672984488191,1.0119607816268485e-21,5.6781881848656505e-21
5717,Cd79a,96.05078563244628,-4.406558258325852,0.2019974958791272,-21.814915274804605,1.6748018638923204e-105,4.395850434324602e-104
5722,Zfp574,27.53822539506765,-0.5185742030798989,0.1242188347847467,-4.174682559037951,2.9840184821476885e-05,7.052545986828033e-05
5738,Tmem91,66.75783205287784,-0.7765987048082229,0.0842801969141074,-9.214486121807216,3.12772836510774e-20,1.6674839384245242e-19
5741,Ccdc97,29.75745459866506,-0.5855298878113993,0.1116442672148637,-5.244603260143437,1.5661897192339793e-07,4.482028641512281e-07
5742,Hnrnpul1,50.754145566173065,-5.686153589641697,0.299843041282865,-18.9637670606386,3.399042424138437e-80,6.524065128621661e-79
5743,Axl,33.632647466510164,-1.41652300180061,0.1349680150195669,-10.49524957150218,9.083734659927464e-26,5.854708862914787e-25
5744,Gm30146,123.30719006671664,-3.425381170884115,0.0907352647801055,-37.75137681237206,0.0,0.0
5749,Snrpa,19.79431948687743,-4.133354000160679,0.313932902536732,-13.16636124076562,1.3704515298412115e-39,1.2834083429378094e-38
5750,BC024978,72.63620761539353,-2.8479055489565352,0.2209702776919914,-12.888183780654003,5.246485603224262e-38,4.7548492508056384e-37
5754,Ltbp4,29.71638095048008,-0.943073726825971,0.1200771918572001,-7.853895583663433,4.0331009180954135e-15,1.7629516629186574e-14
5757,Blvrb,29.925745001480838,-0.719755611123344,0.1192280833350241,-6.03679595436313,1.572042977423159e-09,5.144116599799253e-09
5762,Hipk4,233.488439427654,-0.6143172623497012,0.0526458348837044,-11.66886732268067,1.838547540173789e-31,1.4171696828902608e-30
5764,2310022A10Rik,198.42731845667225,-4.295596099525287,0.1624321780744003,-26.44547496960691,4.11331767346592e-154,1.8476005261124761e-152
5765,Akt2,101.26377913567238,-1.2253358312827636,0.0863479607497868,-14.190674807404626,1.04646872688592e-45,1.1134222815731264e-44
5767,Ttc9b,62.88427379599855,-0.7808189563252887,0.0870589166862598,-8.968856793143656,2.9960779993773147e-19,1.5471302925377136e-18
5772,Zfp59,125.57088359008188,-0.9206490854653864,0.0663489175188492,-13.875871979431114,8.870770700914358e-44,9.046213679083406e-43
5774,Zfp974,40.2907092560108,-0.6367782099998853,0.1104606584318448,-5.764751170596931,8.177840473798625e-09,2.5509827058772585e-08
5786,Supt5,29.113635950240678,-0.9251490699141692,0.1375626454804569,-6.725292805201263,1.7523968867806594e-11,6.432344764703733e-11
5794,Gmfg,12.242744133113764,-2.5050101646175373,0.2263601335304159,-11.066481210928158,1.824237514012217e-28,1.2835208475658022e-27
5802,Sars2,82.69762662914393,-1.32853436834475,0.0776131109542635,-17.11739617199006,1.1009069104998214e-65,1.71615435028541e-64
5816,Ryr1,30.45484221100633,-2.3466750995918373,0.1414197762305284,-16.5936841518298,7.7422013442348115e-62,1.1225547839211671e-60
5818,Rasgrp4,21.461597571063148,-0.78039016092894,0.1321542338671547,-5.905146873413157,3.523327122608001e-09,1.1279306593095565e-08
5820,Fam98c,152.12604518163138,-0.5676800798981418,0.0598228372714652,-9.489353995734298,2.3247043462134027e-21,1.2825244490600567e-20
5822,Spred3,223.59438817789507,-2.6919086825301517,0.0807192911105984,-33.34901292482613,7.528640580473877e-244,6.8695889024344875e-242
5823,Psmd8,18.731221116456634,-2.284373672407167,0.2038580698414383,-11.205706372987647,3.822919414377663e-29,2.738423327323218e-28
5826,2200002D01Rik,216.4335236366388,-3.768627802194563,0.0974865341392792,-38.65793194381408,0.0,0.0
5827,Spint2,30.84104068698233,-1.267891327457816,0.1242043632346196,-10.208106176292643,1.8238989444225118e-24,1.1275952750406362e-23
5830,Sipa1l3,31.65377736522011,-3.6644307075407623,0.2001731097047447,-18.306308539372733,7.369992329802832e-75,1.3146799009601204e-73
5831,Zfp84,82.79075516411271,-1.1942765348249125,0.1528800660662747,-7.811852555762132,5.635346287680514e-15,2.4516429131726413e-14
5835,Zfp420,10.504882002257204,-1.7414298399605568,0.2371457076714447,-7.343290574642126,2.0840538854555261e-13,8.423212225352252e-13
5836,Zfp27,25.708409172729127,-2.914920485257341,0.1869756640708438,-15.589838922315028,8.534848369249056e-55,1.1092120609938296e-53
5838,Zfp74,20.88430315567141,-2.1084142996076487,0.1800388614657809,-11.710884430406065,1.1210408271202424e-31,8.683333126689593e-31
5840,Zfp14,92.6397311679711,-2.8396400287292414,0.1008104887190617,-28.16810100626273,1.4385147044472586e-174,7.528658939671719e-173
5849,Tbcb,122.61168382382832,-0.5983125719228573,0.0628553490046549,-9.518880753944218,1.750542289114896e-21,9.71916247680612e-21
5860,Kirrel2,67.00201780553714,-0.6001983437061486,0.0755698266607265,-7.94230144791466,1.98463890484963e-15,8.814548122762323e-15
5861,Nphs1,190.5944643551356,-2.7427413961974105,0.0778908321107145,-35.21263442530514,1.28113632137172e-271,1.4221429177621869e-269
5865,Hspb6,92.168078148541,-0.5401680842479881,0.0685712569322204,-7.8774709464917585,3.3407383024929096e-15,1.4669283732891516e-14
5868,U2af1l4,58.4618766056245,-0.5830920676770597,0.0850889942495774,-6.852731928723616,7.245278338478293e-12,2.7160832627016496e-11
5870,Kmt2b,114.74099228635406,-0.7029224193504018,0.058583043646982,-11.998735053545031,3.6076796414155897e-33,2.8894595951558323e-32
5874,Etv2,62.995934233432976,-0.920518789501158,0.0891708734624306,-10.323088176196787,5.541166322032762e-25,3.4813066568272165e-24
5890,Hpn,52.3127281478883,-1.2761241230771532,0.089999518085264,-14.17923284731563,1.2318583164895845e-45,1.3090748012061269e-44
5891,Scn1b,315.7498408823769,-0.5970242405389609,0.0428652580641551,-13.927928292077771,4.2860829705238636e-44,4.3965776345079395e-43
5915,Nudt19,13.31180231585176,-1.8012223041013515,0.1898353398191591,-9.48834029436896,2.347418714575136e-21,1.2946459923296032e-20
5919,Zfp507,54.10950079534538,-3.756894983257123,0.1520389193466542,-24.7100873868438,8.332338924483012e-135,3.1095503806400416e-133
5942,Gm17067,157.80815865607093,-2.0331108129288213,0.0735273867149159,-27.65106858498455,2.70943274787802e-168,1.3647397089600614e-166
5969,Gm15396,294.55938985291806,-0.6098865110526402,0.0381465383523361,-15.98799097887974,1.5494789666603124e-57,2.10150345766194e-56
5979,Tbc1d17,872.3267915299615,-5.166419729832261,0.1425250080164576,-36.24921550073292,1.0223877249105018e-287,1.2460261027790367e-285
5984,Ap2a1,23.4267262472178,-1.870292211578419,0.1544004695766861,-12.113254685728146,8.985652907669086e-34,7.334986364161913e-33
5989,Gm15545,10.727897972934036,-0.5289467511935587,0.1889903858948015,-2.7988024294949505,0.0051292511005729,0.0092558074322619
5990,Bcl2l12,89.37393255125285,-0.5401021224126941,0.0682250876228443,-7.916473854873399,2.443410893337293e-15,1.0808062195198564e-14
5993,Rras,44.34362209669033,-2.1526145152988487,0.1119390805734608,-19.230232232309422,2.0670049454877157e-82,4.1123016198584365e-81
6003,Aldh16a1,87.2912956211839,-0.5294557219498037,0.0666021512591726,-7.949528835630304,1.872222012117853e-15,8.334376814097047e-15
6007,Dkkl1,272.2909622787405,-0.5129463822458099,0.0474684580255433,-10.806046869476734,3.222598616007654e-27,2.1684729219992816e-26
6014,Snrnp70,12.77359918460156,-0.6372446470569386,0.1695702902034678,-3.757997030566541,0.0001712789134421,0.0003727583545791
6025,Hsd17b14,10.543431321805638,-1.4998748735101572,0.2158325640094285,-6.949251983332024,3.6722810883752775e-12,1.3949545511814369e-11
6040,Lmtk3,300.4038227122764,-5.542957692439708,0.2192382214709402,-25.2828072370329,4.9374693572538216e-141,1.955686726323173e-139
6046,Syngr4,33.22787782144785,-0.5427332102356388,0.1064402025839854,-5.098949429445152,3.415437758109806e-07,9.526928496853024e-07
6055,Gm15700,16.666127608995335,-2.02596466987402,0.1770708844329775,-11.441546002108891,2.5922458683883368e-30,1.9273746157965846e-29
6060,Ldha,14.454588183061672,-1.3888178762004877,0.1705719494446371,-8.142123489368096,3.8840480017064445e-16,1.774808300307811e-15
6063,Uevld,716.3299638507034,-2.162932334333464,0.0583628127094359,-37.06011129213046,1.2343494340001475e-300,1.6297152981632254e-298
6070,Htatip2,32.967265120455885,-1.3510438039712396,0.118671950521246,-11.384693670551574,4.984308731669482e-30,3.6745572155471966e-29
6071,Prmt3,50.18715250054817,-1.5478807817013964,0.1071963355994922,-14.4396799857469,2.911909722473909e-47,3.211947002738942e-46
6086,Gabra5,171.45009024874497,-0.5259860057665673,0.0477642086743048,-11.012136919365023,3.339865960915116e-28,2.3292190462916622e-27
6090,Snhg14,272.22520468956577,-1.864361072162063,0.1123327176568473,-16.596777065941648,7.353477947804614e-62,1.0670808798862515e-60
6101,Klf13,103.30720768164686,-0.9988768529567548,0.064539051914361,-15.47709213767498,4.95362772751587e-54,6.352599266751036e-53
6113,Tm2d3,356.54402427768895,-0.9222236473087416,0.042627527931051,-21.634462331487157,8.513604217067361e-104,2.1884232196910025e-102
6124,Lins1,14.470767594248372,-0.5155343868107604,0.1586413778655743,-3.2496842485042032,0.0011553320923591,0.0022692581658555
6126,Adamts17,13.3029187227533,-0.7889509899008199,0.1731103845407134,-4.557502382043802,5.17655035452925e-06,1.3112924357374385e-05
6144,St8sia2,24.000423605261695,-1.0519649283836356,0.1315696745219311,-7.995496927434333,1.2905229604935865e-15,5.777352724244085e-15
6153,Mrps11,21.055458172355618,-1.7904608557432675,0.1620189624888702,-11.050933966240288,2.1694600470624567e-28,1.5215030060444463e-27
6159,Mfge8,43.162103422181495,-1.1364390084448353,0.1165374066723822,-9.75171012376883,1.81386557556074e-22,1.0464101042989928e-21
6161,Rlbp1,46.61166299008284,-1.2109671790926722,0.0966588852335728,-12.528255174538913,5.230065967150256e-36,4.505664343820794e-35
6169,Mesp2,50.01729913811973,-0.7080998288745869,0.0857903031553158,-8.253844581859493,1.5337878882441878e-16,7.118736435770893e-16
6173,Arpin,823.7943978773022,-5.959948701534629,0.1766975473664965,-33.7296628638134,2.12455771152527e-249,2.0685358545509722e-247
6185,Unc45a,24.105310096100627,-0.6132324776502296,0.1432688591128608,-4.280291484468041,1.8664869192918293e-05,4.492974313455525e-05
6188,Fes,29.473031207914943,-1.03845576447598,0.1311736862513195,-7.9166469598664175,2.440012972232045e-15,1.079577204368116e-14
6201,Rps17,26.47606253762744,-0.9633583179138776,0.1452081277364625,-6.634327795082325,3.259846734429736e-11,1.1755143572861874e-10
6205,Whamm,45.241349693606,-1.5421020657913045,0.1031160151150702,-14.95501997502936,1.4443837121899854e-50,1.696274887873791e-49
6207,Ramac,43.5368530355648,-1.4151030174468415,0.1065410287818704,-13.282235338125844,2.934998458565403e-40,2.7982031255950683e-39
6211,Hdgfl3,99.8302839355234,-1.0196544801577965,0.0971263167986644,-10.498230693453182,8.801430657472553e-26,5.685371886524523e-25
6215,Efl1,98.23433101995003,-1.371337365258905,0.0733858228873642,-18.686679678767007,6.354687336680381e-78,1.1819582807221524e-76
6217,Tmc3,38.66366964505743,-1.292616832068989,0.120678416655183,-10.711251173956066,9.01353001310473e-27,5.982018319435995e-26
6220,Tlnrd1,29.377744458645928,-1.3418880649862426,0.1261522187911765,-10.637054804462135,2.0036272527977222e-26,1.3206965114129617e-25
6233,Gm44995,37.96825658226957,-0.8182740341236897,0.1042513697278494,-7.849048278788209,4.192062337212614e-15,1.831518235471081e-14
6240,2310010J17Rik,27.280445438020205,-1.0995395071562346,0.1226590019067934,-8.964197409593764,3.125486783012273e-19,1.6120444999804054e-18
6259,Gab2,310.88191573555173,-0.8039206356556082,0.0388687162724635,-20.682973680433683,4.9305838067674506e-95,1.1411715084242116e-93
6260,Usp35,38.80838754222432,-1.6095779255450426,0.135841947250107,-11.848902037465267,2.1802871116389463e-32,1.713166987450115e-31
6272,Acer3,21.66587819109835,-1.0552831496235229,0.1330314209558591,-7.932585715773674,2.1462948094210774e-15,9.51554971727055e-15
6273,Tsku,31.46346633232995,-1.245829808678256,0.1513982007236323,-8.228828366014984,1.8905343155986016e-16,8.732635052279999e-16
6283,Arrb1,21.36039541116674,-1.7119182022374817,0.1516786660901248,-11.286479808704865,1.530440720823345e-29,1.1081230113215309e-28
6300,Arhgef17,39.514104331006585,-3.352949533693548,0.1566615607527691,-21.402503061902387,1.2662442098491092e-101,3.189032382839636e-100
6302,Stard10,293.281248687273,-3.3179140751233422,0.0736384058064145,-45.05684280897786,0.0,0.0
6304,Arap1,26.240501193332147,-1.372301672192089,0.131763519229179,-10.414883271334125,2.1205756342759977e-25,1.354743114155502e-24
6337,Cavin3,44.321030160276464,-2.183731948041157,0.1158112003848503,-18.855965060239697,2.625048698417266e-79,4.95122821601906e-78
6357,Eif3f,33.10711680187213,-1.7476706245940703,0.127142437341844,-13.74576939952128,5.399595853591987e-43,5.448995746172618e-42
6359,Ric3,16.74624255938269,-0.8644328582770677,0.15797543583344,-5.471944759744007,4.4512359507400986e-08,1.322020111613811e-07
6367,Nrip3,226.06232991811413,-1.4700747131224745,0.0657882350118203,-22.345556357581906,1.333762842538795e-110,3.666375208165002e-109
6378,Rnf141,20.79842636557187,-2.3762817427929828,0.1816931851122838,-13.078540845241248,4.3674352935628514e-39,4.04655301946908e-38
6381,1700012D14Rik,81.64366279234822,-0.7366878141395357,0.0765342255910241,-9.625599637947255,6.234223757279637e-22,3.525309916997713e-21
6383,Dkk3,45.27667390596714,-0.8056347837237396,0.1047652438858695,-7.6899051044198625,1.4724419701359093e-14,6.297354271295368e-14
6388,Tead1,423.6716188001506,-2.80326167545773,0.0472997717879619,-59.26586047865831,0.0,0.0
6398,Psma1,113.25963821469765,-0.9239381696691884,0.0618954897575356,-14.927390885645288,2.186555806003723e-50,2.559254169713424e-49
6406,Gm45025,157.1655584693029,-5.205495289385227,0.2263010027335575,-23.00252860794469,4.397420427907961e-117,1.3328390124796513e-115
6411,Rps13,13.28574447188581,-0.6975729731246566,0.1844269174481549,-3.782381567597117,0.000155335005476,0.0003395432679589
6418,Rps15a,19.514282566944477,-0.654322163051376,0.1353269757712782,-4.835119970147512,1.3306535889778788e-06,3.5519422191310264e-06
6441,Abca16,502.6043711155298,-0.5564298380272645,0.030597943350403,-18.18520387645383,6.760358202397901e-74,1.1841158065466393e-72
6444,9030407P20Rik,209.63068023708573,-0.5310584707412667,0.0451083731658656,-11.772946649805764,5.381148413033356e-32,4.194215319425106e-31
6446,Eef2k,46.99912288026737,-2.679179400874523,0.1233189779570833,-21.72560497385012,1.17527660886875e-104,3.0434949092666533e-103
6460,Ern2,18.217324459002423,-2.9568790135293326,0.2739608688434893,-10.793070652796636,3.7117640546500896e-27,2.492817878398527e-26
6461,Prkcb,71.4842305674356,-3.2326109652833,0.116654073750291,-27.711085102805804,5.133768682478995e-169,2.600910482507091e-167
6465,Tnrc6a,1810.8111140606472,-1.4362943753371282,0.0348760480846813,-41.1828304585918,0.0,0.0
6481,Atxn2l,26.52885009073045,-1.6519198530948271,0.13744185198778,-12.019045357753908,2.8221302346471894e-33,2.268638640656421e-32
6500,Taok2,1411.915355173683,-0.7528390619724857,0.0363021185130775,-20.73815779377396,1.568172509057181e-95,3.663553684698197e-94
6504,Cdipt,49.6986308170868,-0.7213396401006931,0.0983809759890647,-7.332104940500608,2.265655692378931e-13,9.138127148062953e-13
6515,Dctpp1,11.46259133643662,-1.1700882348490314,0.2005454623630598,-5.834528595470029,5.394285670787405e-09,1.705580745110357e-08
6520,E430018J23Rik,20.361461016938843,-2.781233586244241,0.1987823130807008,-13.99135337113784,1.7602994579491738e-44,1.826101128162988e-43
6521,Zfp688,556.4285939087518,-0.9247078300267498,0.0296656790151432,-31.17096458687904,2.6374253971215665e-213,1.8915658362565702e-211
6529,Tmem265,10.10505351549153,-0.6384867686498361,0.1978416050619066,-3.227262377142801,0.0012498079985187,0.0024438072251974
6533,Gm44759,208.17574286665004,-1.5273024545876788,0.0508000103093974,-30.0650028471578,1.3901253080233848e-198,8.87439702133024e-197
6536,Gm39090,50.18716956919976,-2.037415366318838,0.1178863472405691,-17.28287807714587,6.330859204838672e-67,1.00212728630271e-65
6555,Tgfb1i1,90.97336072172496,-3.2459851700061315,0.1075004559846661,-30.195082804757025,2.748187364079222e-200,1.8073739389121768e-198
6563,Sec23ip,62.45276663634949,-0.8389560061515314,0.0896231787484333,-9.360926691815166,7.904036998411748e-21,4.294410986734202e-20
6576,Acadsb,125.73126745715076,-2.133401284380253,0.0971010415664479,-21.9709412995362,5.462470225256423e-107,1.451218461673307e-105
6578,Chst15,77.57781765821005,-0.7286161978986139,0.0903467166743451,-8.064667148059318,7.343566905306115e-16,3.322525545837876e-15
6583,Abraxas2,38.10888776933363,-1.1261346080721188,0.1055820272981662,-10.665968791183438,1.4686047784154296e-26,9.709728406003076e-26
6588,Bccip,17.451069297380123,-4.150886874408354,0.3335463411311562,-12.44470816358364,1.4942954699270747e-35,1.2778499239396003e-34
6599,Tcerg1l,193.94975682375417,-1.471515948494781,0.0752546580643756,-19.55381881126868,3.827674309202512e-85,7.885190054465883e-84
6600,Mapk1ip1,1125.232754866092,-2.1931910196777955,0.060183254539543,-36.44188132492525,9.250181434877876e-291,1.1433486670003663e-288
6602,Dpysl4,18.60663192903693,-1.5710100991545413,0.324263443656254,-4.844857260012144,1.267027363747273e-06,3.388850966142952e-06
6619,Paox,35.87855371894871,-0.5258810004504945,0.1013501855713563,-5.188752220687787,2.1170787069148857e-07,6.00625878302338e-07
6620,Mtg1,168.06440526058094,-1.3739239855945111,0.0764314511174834,-17.975898213454585,3.009500336177704e-72,5.127035372326982e-71
6624,Syce1,54.51575334670554,-1.6244432490920075,0.1190275239412664,-13.647626996706927,2.085600642078401e-42,2.0746488578848388e-41
6646,Eps8l2,28.138098518473672,-1.8730885522472336,0.1608644569923664,-11.643893171106887,2.4650107826903877e-31,1.889191201439229e-30
6652,Pnpla2,419.4683999169105,-0.9213257067546776,0.039279132889034,-23.45585655766582,1.1519680785077048e-121,3.759644133376831e-120
6654,Gm10575,283.94166926729054,-0.7330657934638549,0.0439964928908657,-16.661914286719195,2.4795940363091474e-62,3.640637309586842e-61
6658,Ap2a2,10.253198483336526,-0.9015376099661556,0.1979524641147205,-4.554313653017638,5.255688979113908e-06,1.3296000512120365e-05
6659,Gm16982,43.2198458086106,-1.7125420080693143,0.2712778477435583,-6.312870816080043,2.7390613471919026e-10,9.339925877296123e-10
6673,Gm33148,10.056193941458533,-4.966319674859349,0.5046799258681116,-9.84053341594015,7.531047359556504e-23,4.398495086539906e-22
6694,Cttn,257.94243810125744,-0.9390152686064996,0.0533942717561936,-17.58644209802479,3.1291812943481003e-69,5.139997323081875e-68
6703,Insr,60.03817957144042,-1.427737628640224,0.112621753991927,-12.6772810583519,7.902583760013712e-37,6.955870190379746e-36
6710,C330021F23Rik,80.49915909703877,-0.7970956801849346,0.0909270326019912,-8.766322372731631,1.8459697551965185e-18,9.2740158240314e-18
6712,Stxbp2,92.5595608178682,-0.8386236704890786,0.0820005996080771,-10.227043149651228,1.5003030038572791e-24,9.298463994034376e-24
6714,Fcor,229.3902112099986,-0.910618475502612,0.0572943666256575,-15.893682557873298,7.008644843995544e-57,9.403130280304415e-56
6720,Map2k7,24.29044060879016,-0.6898572234852647,0.1325121923410926,-5.205990568094591,1.929644469422253e-07,5.49238017525576e-07
6727,Zfp958,12.782416006091095,-0.5112920819807886,0.1710403007199661,-2.9893076650858785,0.0027961042391145,0.0052263518532054
6744,Ing1,34.77751684221759,-1.115700563666424,0.10557315881692,-10.568032406809191,4.191971581165705e-26,2.7362427234665137e-25
6746,1700016D06Rik,26.48152690277597,-0.8172364545281282,0.1284334909774015,-6.363110184958883,1.9770875158756667e-10,6.796189591061364e-10
6761,Dcun1d2,10.187350461522009,-1.2129358108049395,0.2145462243867664,-5.653494086283047,1.5721852335622415e-08,4.822253475980772e-08
6771,Fbxo25,149.72298851309534,-2.93161647530694,0.0802614124348795,-36.52585204235624,4.3117922727360035e-292,5.406180987715331e-290
6773,Erich1,22.44191341195896,-0.571451049740916,0.1286808565726921,-4.440839647489459,8.960855055838261e-06,2.227178863564592e-05
6780,Gm35934,43.94873903136324,-1.1848852021761165,0.1047109574374584,-11.315770872249184,1.0963439678035524e-29,7.977905081787184e-29
6785,Nek5,67.04967866205287,-0.7166083405342651,0.0771372979060132,-9.290036856196409,1.5423490949413154e-20,8.296314823036188e-20
6794,Gm17491,64.50346085424442,-0.7438848137256027,0.0948245401719421,-7.844855481257717,4.3345236804605546e-15,1.8928107918583453e-14
6809,Plekha2,187.9735301344189,-1.6715570176183825,0.062393130562965,-26.79072203199522,4.144639327646626e-158,1.9365355014001443e-156
6811,Tacc1,10.516235860652715,-1.3886322822246366,0.2050193062602374,-6.773178134072905,1.2598367210834746e-11,4.657707758812642e-11
6812,Gm31045,92.84220966900637,-1.5859518876342888,0.0718671803088813,-22.067818450897217,6.442584190206841e-108,1.7247520317499974e-106
6813,Fgfr1,84.8304169308969,-1.1535725665689511,0.077837572962871,-14.820253544123371,1.0837461627050785e-49,1.2533197162325219e-48
6815,Letm2,13.189917404220994,-4.945843325362599,0.4390203621411318,-11.26563538247153,1.939478764229484e-29,1.4002168973898691e-28
6816,D830025C05Rik,15.248020929599148,-0.6151127042318795,0.1859374591607353,-3.308169892222414,0.0009390782221034,0.0018712846163754
6817,Nsd3,234.2213340744562,-1.2982817260357469,0.057656537083692,-22.51751131274517,2.796378841443117e-112,7.937343721281864e-111
6819,Gm17484,79.71098486733494,-0.6549190512860729,0.0752762270460426,-8.70021090304503,3.3126793401730883e-18,1.6476419960198796e-17
6833,Gm39149,154.71037500855053,-0.506164828207357,0.0599104188739804,-8.448694529611918,2.945781044767968e-17,1.4092525953394494e-16
6843,Adrb3,23.16323484218754,-5.100753946659153,0.3440261092724188,-14.82664777230642,9.8532047356318e-50,1.1410076553660531e-48
6847,Rnf122,308.64059577181365,-0.5288362160048204,0.0429570225683749,-12.310821011001616,7.921325360673258e-35,6.643544676891894e-34
6859,Smim18,109.01046019790542,-1.3903517723992649,0.0880913683595783,-15.783064768888782,4.069396601359482e-56,5.397370165029912e-55
6866,Tnks,20.608450681716203,-1.1037982455982347,0.1518235062934468,-7.270272387628804,3.587633367195484e-13,1.433079860726172e-12
6898,Gm2366,22.67301350521846,-0.5524472389587817,0.1274300080089663,-4.335299413305458,1.4556185579677542e-05,3.5430894173550305e-05
6917,Irf2,16.027916455112315,-1.3463868936833268,0.181689951092899,-7.410354208279313,1.259625280254952e-13,5.145979696268941e-13
6924,Wwc2,66.84262585626836,-1.1035344078205325,0.0823956026454419,-13.393122598655804,6.63322031559428e-41,6.404640645993192e-40
6933,Asb5,11.499624011501162,-2.714698133933678,0.2738027925110223,-9.914793450561296,3.589982199005806e-23,2.121607655621336e-22
6939,Galnt7,136.919136484863,-0.8618405040633026,0.0618445329256516,-13.93559726773895,3.849664378310113e-44,3.9535622148019246e-43
6950,Cbr4,55.351532314726825,-0.5841241638884078,0.082217181902509,-7.104648327414665,1.2062930472637062e-12,4.693743073836095e-12
6980,Zfp866,23.064132192071927,-0.5622867371760992,0.128039977147858,-4.391493576469339,1.1257466211172878e-05,2.768380430765076e-05
6994,Nr2c2ap,24.928515592296243,-0.538506827861017,0.1214511759826967,-4.4339367116357815,9.252779843535075e-06,2.296120217355525e-05
6995,Borcs8,11.930672288927092,-0.7538791617449556,0.174336879252951,-4.324266701201688,1.530400627458827e-05,3.7142211579658034e-05
7024,Mpv17l2,140.54029703089515,-1.9305042101982104,0.079235689442897,-24.364074115736315,4.112432980695121e-131,1.4597043174654697e-129
7038,Haus8,65.44748111366569,-1.6497839396909064,0.0855576693409638,-19.282712495547283,7.503654734388009e-83,1.5048756583534435e-81
7043,Babam1,27.1613144586961,-3.290237932877617,0.2165528500409048,-15.193694898294444,3.893407394364884e-52,4.765049443047135e-51
7045,Abhd8,214.00519693990347,-0.8665856977270086,0.048745116329122,-17.777897828285216,1.0483779869782296e-70,1.7602246201403258e-69
7049,Gtpbp3,167.05722216174024,-1.6346508460710685,0.0634326524293712,-25.76986431225087,1.9308743417149046e-146,8.167785928982367e-145
7052,Mvb12a,40.76912386962269,-3.5466267831989597,0.1649063972791216,-21.50690841420734,1.3415273514472068e-102,3.413158931536047e-101
7059,Zfp709,29.181806999344342,-3.3596081015086803,0.181420934082034,-18.518304508285404,1.4699376720498244e-76,2.688150445801085e-75
7060,Zfp882,502.1957017116703,-3.069156940332897,0.0977238025924976,-31.406442022432294,1.6524585033485822e-216,1.210043983040298e-214
7061,Zfp961,14.15954086040506,-4.718954560773492,0.3952551322971623,-11.939008946822906,7.410083505710788e-33,5.90232794047201e-32
7065,Rab8a,13.926947144094187,-2.5443244929922564,0.2613393355220005,-9.735711954383786,2.1232560566097763e-22,1.2216608304587384e-21
7091,Gm45406,67.35059056122434,-0.7069269242812015,0.0775445685527401,-9.116395093492605,7.766471921970658e-20,4.086777556041806e-19
7094,0610038B21Rik,71.62596187590745,-4.175892415017783,0.1980630960896057,-21.083647067339427,1.1238115848318963e-98,2.7431076051050823e-97
7095,Prmt9,26.367676425667856,-1.6700213016039862,0.1410450521217053,-11.840339497786518,2.414735011549876e-32,1.8948222323859175e-31
7096,Tmem184c,57.30093721496376,-0.560596437853742,0.0840241209067731,-6.671851270848021,2.5259649604416505e-11,9.169447475646132e-11
7097,4933431K23Rik,47.25387597346981,-0.8309664284567309,0.0937920867159899,-8.859664578878222,8.025554346831847e-19,4.0790131570891055e-18
7101,Lsm6,87.45239405480314,-0.6769222997365522,0.0804869959030317,-8.410331285715861,4.088542741831277e-17,1.9442052634279806e-16
7102,Zfp827,10.269725424221294,-2.999259466464721,0.2767937562470599,-10.835719371457383,2.3312583435929017e-27,1.577831860665518e-26
7103,Mmaa,29.53449175009375,-1.7531819252680412,0.1374334444701806,-12.75658870391213,2.864741286514691e-37,2.543388239499645e-36
7104,Gm4890,23.523228032483512,-1.23570627483979,0.1500974405270332,-8.232693845417264,1.8304959844476707e-16,8.459794223535933e-16
7110,Smarca5,700.1326434472987,-0.8409188334075557,0.0366596533014941,-22.93853753857736,1.9176822886284956e-116,5.74250290828478e-115
7116,Zfp330,164.86927828751467,-1.4463906903469113,0.0641261383832551,-22.555399823117977,1.188602116503029e-112,3.3903367735539766e-111
7124,Pkn1,73.02593760350494,-4.398340992532301,0.2155206462655636,-20.407979786366656,1.4203522916699011e-92,3.194051579254585e-91
7125,Ddx39,165.25297775034127,-4.237665870152561,0.105591938086316,-40.13247551805028,0.0,0.0
7128,Gm10644,37.11602431998521,-3.718370849709744,0.1857125826026097,-20.022180498487625,3.5293234189400695e-89,7.621939101026956e-88
7131,Samd1,21.46685865878321,-3.4256876430046246,0.2277786411377017,-15.039547281053686,4.0430554031203075e-51,4.819587521585548e-50
7132,1700067K01Rik,46.48212882863572,-1.5779393339252834,0.1021972077475388,-15.440141357123172,8.790739542456535e-54,1.1182847353717703e-52
7134,Palm3,44.86425794258796,-0.7513790537076864,0.0969147065890529,-7.752993123053615,8.975148068981915e-15,3.8707963510570853e-14
7141,4930432K21Rik,478.2179357787546,-2.721452569480104,0.0671650951542202,-40.51885228825,0.0,0.0
7147,Cacna1a,48.2114574122412,-1.6479102939216608,0.1102145020555381,-14.951846292344202,1.5149017208916326e-50,1.777892740181776e-49
7148,Gm16183,174.64512725012273,-1.1530440613328077,0.0606263297536068,-19.018866324564367,1.1902945075350103e-80,2.3023809852741575e-79
7150,Trmt1,118.87639161275293,-0.5180258435005636,0.0568756629764842,-9.108040528947257,8.388322845180079e-20,4.407346715278818e-19
7151,Nfix,35.785143008838425,-0.8157816003287085,0.1072371444001097,-7.607267098468855,2.799523760315265e-14,1.181930719350156e-13
7153,Gadd45gip1,77.26173972327383,-2.798665638483716,0.1328634574474325,-21.06422407072319,1.6937798729158485e-98,4.122792685080644e-97
7161,Dnase2a,115.33119456691657,-1.4887838524649737,0.131459009876797,-11.325080371898869,9.858840550255826e-30,7.189116029701195e-29
7164,Prdx2,65.52902370052654,-1.5113389954282102,0.0836256703337239,-18.0726682297066,5.2320995935507234e-73,9.037168653756392e-72
7167,Asna1,51.30999259430502,-1.9729408412509464,0.1126725428177136,-17.510395983898693,1.1936086504858356e-68,1.9459505669473476e-67
7183,Lonp2,64.4667614243292,-0.5905582156037099,0.0788229705589219,-7.492209585811718,6.772366155147258e-14,2.80686795129385e-13
7184,Siah1a,171.54833353112522,-0.7071495238345472,0.0588943007393552,-12.00709601705153,3.2609600345183156e-33,2.614167961434463e-32
7194,Nkd1,12.700577808774662,-2.1685418702848462,0.20557298604389,-10.548768649115502,5.146715680379127e-26,3.350652255422018e-25
7198,Tox3,82.20636284513436,-0.6631611470001756,0.0817512226979898,-8.111941633583442,4.98172302463202e-16,2.267471111864373e-15
7202,Aktip,15.223984598919852,-1.5358952680187627,0.1757456193504948,-8.73930897222354,2.34540608835608e-18,1.1735784469672624e-17
7209,Irx5,15.865164476845267,-1.760807718754345,0.1725292145562975,-10.205852517689287,1.866745015967698e-24,1.1536748985207463e-23
7223,Nup93,29.05967804503853,-1.2165879193565,0.118344096960352,-10.280089591321865,8.664702049553738e-25,5.4222056488194815e-24
7227,Rspry1,420.50250961440486,-0.5724820642071894,0.0659633537208547,-8.678789538655538,4.000031086369884e-18,1.9838515018000664e-17
7231,Ciapin1,132.21090007799253,-0.6463373781490981,0.0613822979798677,-10.529703178611609,6.303292237024511e-26,4.0868220649874697e-25
7234,Dok4,56.09672138521743,-0.5349293170974474,0.0872551273085159,-6.130634767238939,8.752913607098935e-10,2.9017648534243913e-09
7238,Kifc3,27.06040948612681,-3.394401663481487,0.2110881032294137,-16.080497249967706,3.495618777007881e-58,4.808338125153382e-57
7240,Gm31036,185.71375352649423,-0.5455287926055866,0.0803405409551178,-6.790205618734202,1.1197383877048964e-11,4.147672820599562e-11
7246,Csnk2a2,46.90694655106138,-0.7626303356095808,0.0912425142473525,-8.35827839577217,6.364012391002513e-17,3.000866015973805e-16
7257,A330008L17Rik,56.51972005944136,-0.6282209365328933,0.0828349736812032,-7.584005989434488,3.350456822324015e-14,1.4097479840527025e-13
7259,Tk2,56.22335912993939,-1.0670673329269662,0.085644864218435,-12.459209815610642,1.2459905215929488e-35,1.0665580948095243e-34
7260,Cklf,360.97424194079406,-4.650793866279018,0.1261134899874825,-36.87784603170237,1.0469407550751506e-297,1.351561739218498e-295
7262,Cmtm4,595.5620905175505,-4.656761727269768,0.2049846160348494,-22.71761567940333,3.00059072273745e-114,8.701213829595387e-113
7276,4931428F04Rik,1188.9772286042753,-1.613723921605793,0.0390053706861601,-41.37183913953609,0.0,0.0
7278,E2f4,157.91680998910232,-0.7492710156226934,0.0537643721404568,-13.936199490347606,3.8173279074180114e-44,3.922664550146292e-43
7284,Lrrc36,251.6835178967264,-0.610867448075267,0.0451456657337909,-13.531032008196531,1.0257345154151948e-41,1.006559748572974e-40
7292,Ctcf,38.98879965768696,-0.6102356309027978,0.1013337062203216,-6.022039987129378,1.7223232797381227e-09,5.622148364726729e-09
7296,Enkd1,86.63619101516191,-5.122410416538552,0.1803720311750217,-28.39913917456574,2.072223647945465e-177,1.1146516585306656e-175
7298,Ranbp10,46.32152574927498,-1.25146282289555,0.0990601287391897,-12.633365601517252,1.3823667372283889e-36,1.209432103233753e-35
7308,Lcat,371.1989104646307,-3.1424036171162046,0.0512095410753724,-61.36363558679582,0.0,0.0
7310,Gm45752,12.421945914183617,-2.532951293657026,0.230719897712925,-10.978469212086203,4.850736994861391e-28,3.3653918927724645e-27
7322,Cdh3,67.25738082476988,-0.5426855899344795,0.0777856205987033,-6.976682653651356,3.0223133434465527e-12,1.1551069506488272e-11
7326,Chtf8,23.09951511621421,-2.5539209726519307,0.2099515588339758,-12.164334415213869,4.8135272489706325e-34,3.9496305506148856e-33
7327,Utp4,60.96480487368388,-1.0451473723274896,0.0859074521290642,-12.16596868403568,4.718148332295578e-34,3.8731930822066565e-33
7337,Zfhx3,14.4341207643544,-0.5923212855878578,0.1566561223697554,-3.781028641764808,0.0001561817025635,0.0003412228547421
7341,Dhodh,20.48832028486633,-2.319771388779984,0.1811391158044552,-12.806573436541685,1.5064108727965226e-37,1.3477273455389012e-36
7346,Gm17344,55.025755463266925,-0.9955633340393706,0.08775349205561,-11.34499962016868,7.85265841078936e-30,5.750257595934324e-29
7352,Vac14,12.58651484581383,-1.2789083262293417,0.1979246155723623,-6.461593079420508,1.036063952182735e-10,3.6228977846389856e-10
7353,Mtss2,10.179732003055268,-1.887155405540124,0.2339570247630622,-8.066248095996785,7.249142638204127e-16,3.2823605585508324e-15
7368,Ldhd,20.48275576916817,-0.6091737828676395,0.143040672960089,-4.258745224427253,2.0557761391671963e-05,4.932277884554776e-05
7381,Nudt7,42.09220431536245,-0.5451877649735761,0.0956327063392907,-5.700850533700575,1.19211127260685e-08,3.6810976716853615e-08
7384,Gm16116,16.964226816844146,-0.7328167300859922,0.1641820941060519,-4.463438806016421,8.065464040239365e-06,2.011806315919445e-05
7390,1700030J22Rik,193.92027215541265,-0.5441964705684168,0.0543451025478696,-10.013716877046356,1.326722582135965e-23,7.967650296852378e-23
7395,Plcg2,47.40878112794778,-0.5783181579447929,0.0878890493035776,-6.580093453363272,4.7015266667438075e-11,1.6797500358345855e-10
7416,Gse1,41.07859897622115,-3.542018333072421,0.2902935479497741,-12.201505538405051,3.0512947780938383e-34,2.5167044672323437e-33
7448,2810013P06Rik,12.47272274600169,-0.5575468580830344,0.1854287785597957,-3.006797879020924,0.0026401524287308,0.0049561155243344
7449,Spg7,35.7237528705155,-1.795946132326931,0.1281815831962311,-14.010952958644186,1.3360014891883582e-44,1.3917414198191694e-43
7451,Sult5a1,36.87710476069597,-0.5161051856656373,0.0994752559751147,-5.188277030367722,2.1224869411535086e-07,6.020622137113174e-07
7461,Tcf25,349.1969398413985,-4.527900603974826,0.0817067915250062,-55.41645338734258,0.0,0.0
7465,Gas8,15.670033612478573,-0.8663515899605687,0.1669507431436824,-5.189264651640169,2.1112615537067855e-07,5.991705969386395e-07
7481,Cog2,15.027678632037766,-2.2630256295661058,0.2281949811648424,-9.91707012141232,3.509055043441423e-23,2.07589311938551e-22
7482,2310022B05Rik,11.98890821565108,-0.863728023493363,0.2277917385520325,-3.791744287934608,0.0001495929012663,0.0003274846229456
7484,Arv1,44.81325727743618,-0.5185418493034931,0.0947299595010206,-5.47389497509398,4.402500444550847e-08,1.3084375468559372e-07
7487,2810004N23Rik,22.07564453935069,-1.2617120620743936,0.2166542087902443,-5.823621286286347,5.758598802951144e-09,1.8174730158970037e-08
7500,Slc35f3,32.2432118775561,-0.5677946836714106,0.106219602998765,-5.345479249042308,9.017812936813945e-08,2.625938911659038e-07
7502,Tarbp1,105.03621167302876,-0.9819129501073708,0.0688775665743793,-14.255918130426767,4.1184979876605725e-46,4.425227060970928e-45
7507,Rbm34,60.11437570039093,-2.6051389270175345,0.1309150380397373,-19.899462781554423,4.113132982972372e-88,8.741912393566159e-87
7508,Pard3,93.2513004259812,-2.4290692258735693,0.0889756296777552,-27.30038814752957,4.19682893710653e-164,2.0603474567857075e-162
7511,Ccdc7a,34.149013839746004,-1.5071390646097251,0.1281854121567637,-11.757492832074965,6.462489159448818e-32,5.02580370686631e-31
7520,Pdgfd,21.20628109182683,-1.0439688886444618,0.1389308479642743,-7.514305886284631,5.721367054328311e-14,2.37805831201607e-13
7522,Dync2h1,27.06971508009876,-3.265880750272454,0.2078388847058066,-15.713521340798517,1.2219903370758446e-55,1.6060971036619774e-54
7523,Tmem123,27.24439255237771,-0.7236060129693935,0.1636653181270813,-4.4212544309939545,9.812954375350126e-06,2.428229005446571e-05
7524,Birc2,253.6556587309456,-5.073300561251597,0.1535376023852684,-33.042723622329845,1.9788947661872574e-239,1.7073355438174026e-237
7530,Cep126,42.40138360526103,-0.5106568893467234,0.0988636411515445,-5.1652648374942585,2.400987209371441e-07,6.795129114148339e-07
7543,Amotl1,478.3664491128724,-1.7561932615704503,0.0466276134899066,-37.66423220331896,1.91358636879726e-310,2.7561969616031957e-308
7547,Mre11a,211.1004472059936,-1.86713097230251,0.1341709889071536,-13.916055829286348,5.060704950964713e-44,5.188115640318414e-43
7549,Vstm5,75.65966174142957,-3.581587851855806,0.146782379314429,-24.400666269236087,1.6825586327730947e-131,5.984414663667243e-130
7574,Icam1,21.001555475778243,-2.826325012543998,0.1938161317765923,-14.582506557306807,3.629421267365058e-48,4.070370260465781e-47
7576,Icam5,22.3557544693459,-0.8343271970591826,0.144957948980372,-5.755649848302934,8.630912133972324e-09,2.6870228058390443e-08
7591,Gm16853,33.70493395202568,-1.0991672734779656,0.1097375022620216,-10.016332163761758,1.2920929495874316e-23,7.765033077727502e-23
7599,Smarca4,899.9232037334381,-0.8548483768393543,0.0295747645046558,-28.9046554100128,1.0434499189199572e-183,5.9428905839663445e-182
7609,Epor,204.9774996506496,-1.9061078856178224,0.0789560318541442,-24.141384019133348,9.19664165579238e-129,3.180140293197413e-127
7615,Gm16845,87.74998068490551,-1.228528654064019,0.0766580102199881,-16.026096301462395,8.399632447743034e-58,1.1472476042262193e-56
7618,Elof1,764.634450630612,-1.3131276659344688,0.0342049140740411,-38.39002966334096,0.0,0.0
7620,Pigyl,38.33765568731776,-0.8698294812528339,0.1039068413527147,-8.37124360560796,5.701330850185279e-17,2.693488589239063e-16
7625,9530077C05Rik,20.38245144892141,-1.385460228004394,0.1508821959893521,-9.18239702782538,4.216001652332706e-20,2.239453727426224e-19
7626,Gm17545,42.03613193204566,-0.6494809687680578,0.0981146186968931,-6.6196146649105225,3.6013639880673976e-11,1.2949158569019727e-10
7635,Sept7,318.6235005949045,-2.970863030688081,0.1107621122372446,-26.82201495331455,1.7892598604041035e-158,8.427897526249382e-157
7657,Arhgap32,188.3282591730377,-0.578594720899348,0.0500076305504088,-11.570128688982988,5.839501858782821e-31,4.420974734790052e-30
7660,St3gal4,135.01787263491937,-1.1125361227421795,0.0594332736526058,-18.719078630012508,3.4608578848852976e-78,6.4786070051322195e-77
7663,Tirap,126.44647840597048,-0.5044755301931754,0.0539653040563893,-9.34814579504712,8.919765909537862e-21,4.835262216840618e-20
7665,Foxred1,34.20202762821938,-4.005892012381696,0.222370774673643,-18.014471633067984,1.5000639516535162e-72,2.573141195808807e-71
7666,Fam118b,18.68993612949324,-1.1756844024187456,0.151853257819419,-7.742240234429783,9.768020007538052e-15,4.203384017070943e-14
7670,Pus3,203.6764768140985,-1.7075049232214887,0.0631206476703433,-27.05144807986095,3.67254389508576e-161,1.7583817308668853e-159
7675,Stt3a,69.05618519102516,-0.6888124138630188,0.0806326403169357,-8.54260025661523,1.3123475504915429e-17,6.369143166239657e-17
7678,Fez1,101.56342309237031,-2.101712061796336,0.0760525325294137,-27.63500427791129,4.226546136510499e-168,2.1166737375604878e-166
7685,Nrgn,1724.944466393254,-0.8292093834239278,0.0432308948918985,-19.180944218189683,5.34017586085031e-82,1.052812046412887e-80
7687,Spa17,27.37148235391004,-2.0586021834396115,0.1423269083239915,-14.46390009929416,2.0485349611056958e-47,2.265346910034902e-46
7691,Olfr920,118.19821151283436,-1.8484433509027252,0.0716156097648716,-25.810620854469203,6.738661515699668e-147,2.871427699159262e-145
7699,1700110K17Rik,485.9526094976392,-0.5384191112047607,0.0373024787160025,-14.43386953730188,3.167973047881464e-47,3.489976882331109e-46
7705,Mir100hg,54.77847285558578,-3.188505973662951,0.1272395177366704,-25.059085654990845,1.389914052812006e-138,5.431260563320097e-137
7712,Tmem136,131.44024000419375,-1.4658457091866346,0.0609455453059897,-24.05172850332297,8.00727451510181e-128,2.747062603330597e-126
7718,Gm49380,138.16646026569072,-1.133571210694416,0.0562591743554471,-20.14909076931132,2.741020466563481e-90,6.001319684832708e-89
7728,Dpagt1,28.84511827364333,-1.2239376669323931,0.124293551069462,-9.847153423498131,7.05127546414867e-23,4.1265825651169595e-22
7732,Vps11,56.682721260578965,-0.8710201708314534,0.0855937746833325,-10.176209356976342,2.5323453945762638e-24,1.5589443849055148e-23
7737,Ccdc84,325.1887186537688,-1.355708245263625,0.0419731991638347,-32.29937846700382,7.136810880306416e-229,5.653651819180919e-227
7738,Foxr1,103.1846954540571,-2.289267947668665,0.1726121808823034,-13.262493619900528,3.819796737049159e-40,3.623920388312072e-39
7746,Gm39326,19.330754416025066,-0.6046813397244786,0.1385462274549565,-4.364473510627127,1.2742928894969413e-05,3.117840302983671e-05
7758,Gm16536,12.113581609726957,-0.9026775523295753,0.1762259373013814,-5.122274088324564,3.018726599581207e-07,8.470514760505758e-07
7759,Rnf214,39.56472212803384,-1.8094076085782207,0.1178703213596887,-15.350832912864462,3.496679388904785e-53,4.396834660161083e-52
7782,Plet1os,24.201911673960232,-0.7275840967883379,0.1267224375730833,-5.74155698645495,9.38099782573236e-09,2.9142964368424882e-08
7783,Il18,151.94295236051747,-0.68717427808309,0.0734088665458659,-9.36091660880968,7.90479139628375e-21,4.294410986734202e-20
7795,Alg9,13.81814788019356,-3.567425877099025,0.292363373790445,-12.2020273293741,3.0318016261900648e-34,2.502995676989126e-33
7797,Sik2,25.57236693969145,-0.914979210173594,0.1289490693674431,-7.095663541132982,1.2873232167647793e-12,4.998990423747007e-12
7823,Hykk,86.41190140633559,-0.6128055877259007,0.06774412434051,-9.045885435697508,1.4845706857570501e-19,7.7325456997531e-19
7827,Ube2q2,11.834963058054992,-0.7538559562972618,0.1848869170297272,-4.077389403253732,4.554418146913622e-05,0.0001056494069804
7828,Fbxo22,27.98772988330148,-0.5993733108942826,0.1243460237124519,-4.820204884720101,1.4341086002168438e-06,3.813494764201885e-06
7829,Nrg4,11.32268141332992,-2.0188149877702526,0.2261116446315786,-8.928399026329073,4.3221815833073364e-19,2.2220348269581197e-18
7835,Peak1,24.71933307959841,-3.1559265778993097,0.282230747979502,-11.182079204667378,4.990682457146735e-29,3.5631959796457716e-28
7843,Gm10658,27.17891279466531,-1.0076669718913045,0.1214887162577105,-8.29432562077427,1.0920294273369348e-16,5.091463044309283e-16
7845,Man2c1os,34.196943019644,-0.5823726746419637,0.1035856822204634,-5.622134856461036,1.8861193220001182e-08,5.752762958316075e-08
7848,Commd4,55.83884411006723,-1.3694526840933474,0.0979089553740474,-13.98700127952081,1.8713762552489944e-44,1.937869600503831e-43
7850,Ppcdc,25.3299075067125,-0.5575763328124219,0.1406525191754477,-3.9642114914195754,7.363894631254379e-05,0.000166824328134
7852,Rpp25,81.43473464989557,-0.6579608966272386,0.0716563106016639,-9.18217657457737,4.2246437521910703e-20,2.2433604909563062e-19
7860,Edc3,19.279399844128637,-0.8679565620583723,0.1432909774533965,-6.057300867674406,1.3842453806609131e-09,4.543244537506289e-09
7863,Arid3b,71.61803436123179,-1.269476412622957,0.1139632533311675,-11.139348654201418,8.070743698942355e-29,5.724742416978729e-28
7866,Gm17322,47.34810356856862,-0.6128711097964505,0.0933740278021646,-6.563614360676028,5.2518921488913025e-11,1.8702488020203847e-10
7881,Parp6,129.7416237616575,-1.0473522769200798,0.0650160087209307,-16.10914446341434,2.20047273988056e-58,3.0484768609410494e-57
7882,Pkm,134.6619120742964,-0.8728366464036857,0.0573854521299277,-15.210068301413331,3.032266127864953e-52,3.7268218671671657e-51
7893,Kif23,21.716558418466573,-2.9060360341162568,0.1986304251720722,-14.630367082982264,1.7981436101283252e-48,2.0296662459401846e-47
7894,Glce,475.4168810344469,-1.734518409645484,0.071375428845097,-24.301337837280588,1.897510528245453e-130,6.680770401265e-129
7895,Anp32a,552.9867439635262,-1.7691466308214483,0.0459871543043495,-38.47045240314249,0.0,0.0
7899,Cln6,55.97065838437931,-1.625425613616904,0.1103482969385132,-14.729956498763194,4.139722418714445e-49,4.734060519249039e-48
7902,Map2k5,186.71073368319327,-2.786061794653292,0.0658995456235097,-42.2774052278042,0.0,0.0
7913,Gm48855,43.92111657324934,-1.6072965524433016,0.1069291308363642,-15.03141884602971,4.571089493205809e-51,5.441594787403746e-50
7914,Uchl4,20.35257397386231,-2.5113030460214727,0.2009033841247241,-12.500053480743832,7.460108225224057e-36,6.417313235400041e-35
7918,Rab11a,168.77332783633958,-0.5375664352379135,0.0476975441590453,-11.27031684158458,1.8390691082366467e-29,1.3293777029592815e-28
7920,Slc24a1,27.25656450706907,-3.796363921121651,0.2256401067536649,-16.82486316701758,1.604319239749432e-63,2.400006498742755e-62
7926,Igdcc3,103.0208111991314,-0.6098495565069859,0.0659867373496852,-9.242001968898604,2.419276580871832e-20,1.2941421808297817e-19
7941,Ppib,83.625260746803,-4.354860896919141,0.1480973067001053,-29.405402393560504,4.684221647697096e-190,2.7862325896267917e-188
7953,Rab8b,12.838189856611464,-1.4948248488891167,0.2121459939069099,-7.04620823311445,1.838590499834266e-12,7.090718130363263e-12
7963,B230323A14Rik,71.83910526763731,-0.9476909095234776,0.0782571131407957,-12.109965107177498,9.353394248644049e-34,7.628027841149669e-33
7964,Bnip2,116.16110149733755,-2.0038259782056307,0.0903621242469358,-22.175507657718427,5.920388780362885e-109,1.602182230810005e-107
7972,Polr2m,15.92496329940483,-0.5911416667343871,0.1559699480669902,-3.7900997856361895,0.000150586778361,0.000329618986847
7974,Cgnl1,135.74030631748147,-2.337843255912728,0.0751708759906457,-31.100385955375184,2.3797456897800724e-212,1.6928248114892693e-210
7984,Gm27241,35.9526503243095,-0.9625641726939526,0.1081502372630566,-8.900250217229601,5.572092799075457e-19,2.849484545254902e-18
7985,Nedd4,270.65222863722346,-1.1865553126411097,0.065034335631883,-18.24505933846122,2.2649082323792226e-74,4.007392961817775e-73
7986,Prtg,13.539989066455908,-1.0979551297949297,0.1712282443223322,-6.412231429109676,1.434049158762649e-10,4.963775320539315e-10
7991,Pigb,51.78336550100501,-0.5702663042182176,0.0976825580926306,-5.837954240279458,5.284566574910241e-09,1.6721028734120494e-08
7997,Gm16551,15.488989669905616,-0.7334946355410228,0.1602707304982416,-4.576597568756138,4.725993425227652e-06,1.2008253887573628e-05
8000,Arpp19,138.9641013659469,-2.195118025546488,0.0732956795209277,-29.948805166881986,4.560376807423396e-197,2.8692507942157016e-195
8006,Mapk6,147.0018002133374,-2.8227147264680426,0.0781965864769575,-36.09767195272419,2.4670068268875097e-285,2.944862669794214e-283
8018,Gclc,440.19171147795134,-3.714508450392646,0.0782532830507475,-47.46776500078309,0.0,0.0
8023,Gsta4,299.5064639225574,-0.7407783296075104,0.0400759601929604,-18.484356358294608,2.759722900833608e-76,5.0362775618563485e-75
8024,Gsta2,1914.0074553989527,-0.6579844451312238,0.0400170763559738,-16.442591639581355,9.477771300672512e-61,1.3561461266676562e-59
8026,Ooep,25.046105499474443,-2.341544498523483,0.1796035175388193,-13.037297546343344,7.507106443029501e-39,6.918765261190807e-38
8029,Mto1,46.87988630679351,-0.6930086832161335,0.0975929902504957,-7.101008806445638,1.2384948456403574e-12,4.8136681913069015e-12
8037,4930429F24Rik,369.0841163434028,-0.5792682940645963,0.0411004084677841,-14.093979005552852,4.1358615196767954e-45,4.344773632605617e-44
8048,Lca5,82.3249788882419,-1.6567370410372455,0.0819821013735078,-20.208521290387583,8.237916949269836e-91,1.8242746707989162e-89
8049,Gm2087,74.64929562031276,-1.7961127823518628,0.0873484671808828,-20.5626136361665,5.934850365926805e-94,1.3502946759448087e-92
8058,Ube2cbp,34.026228045070425,-3.92070199229359,0.203638340810491,-19.25326034718705,1.3255256920811042e-82,2.6492272662373257e-81
8061,Rwdd2a,48.951514200265215,-0.674507955934138,0.0895466551469917,-7.532475164225024,4.9787397810262175e-14,2.0778131442462866e-13
8064,Snap91,21.208291679245683,-2.684074583530617,0.1915299682340839,-14.013862207976755,1.282370150476085e-44,1.3366714702450485e-43
8066,Mrap2,142.22578683724058,-0.7918478835141401,0.0600418919978828,-13.188256684883635,1.0252887132508695e-39,9.643136370499815e-39
8067,Cep162,40.682792197240325,-2.074364731570044,0.1185148665610754,-17.502991749149395,1.3593750747795807e-68,2.2141297946970596e-67
8070,Syncrip,23.465254848692936,-0.6423090578659961,0.1331827005499621,-4.822766434481784,1.4158072332331434e-06,3.767703231147843e-06
8071,Snhg5,63.01290353024724,-1.7221086732826285,0.0874774263370541,-19.686320750307303,2.8247685138950068e-86,5.902885570762852e-85
8080,Plscr1,88.49390951179286,-1.665103673223114,0.0761754064098125,-21.85880918396549,6.4094468593925785e-106,1.6873691822582153e-104
8090,Trpc1,29.72792725912573,-1.3528582818664183,0.1316287399079668,-10.277833570482558,8.869891796633058e-25,5.54861716553198e-24
8091,Pls1,139.07031413661937,-1.4480100128882305,0.0617691501865783,-23.442284838214675,1.5845377892626451e-121,5.1617429142559584e-120
8094,Xrn1,401.19405155296846,-0.6135820852749142,0.0397338062660651,-15.442318341370337,8.498959140406178e-54,1.0819566099269457e-52
8097,Gk5,52.08982141495686,-0.9461121918399188,0.0858741742615026,-11.017424039022876,3.149431042367589e-28,2.198169171260807e-27
8099,Rnf7,210.83737592342672,-1.1890740592348767,0.0478556922600281,-24.847076765161734,2.781015222981784e-136,1.0582430852866052e-134
8100,Gm28729,21.11734447702137,-0.6193056788224999,0.1384919877980042,-4.471779838453763,7.757126639671159e-06,1.937180472891001e-05
8106,Gm16185,20.19571168748053,-2.295106014852089,0.1708604016132842,-13.432638535210172,3.892897053177265e-41,3.777584066969565e-40
8108,4921534H16Rik,15.143771909875332,-1.3009968492735813,0.1642647119515565,-7.920123767405744,2.372742779663448e-15,1.0503469942589426e-14
8113,Mrps22,305.9115977058227,-0.6405318006028513,0.042774199260585,-14.974723353689502,1.0741386267389981e-50,1.2691585075801528e-49
8120,4930422M22Rik,24.770083186226863,-2.032571250514349,0.1865407874028401,-10.896122391318922,1.202743506457066e-27,8.23307691694177e-27
8131,Pccb,512.0578194264293,-1.0823084286693727,0.0418139834610161,-25.88388713738374,1.0113670469998846e-147,4.352124665460244e-146
8139,Ryk,13.241854324541912,-4.519816971268018,0.3841022199665922,-11.767224286444204,5.758827628585145e-32,4.484577654646198e-31
8143,Trf,42.14060367699847,-1.658952973199216,0.1197979364556625,-13.847926118603873,1.3093814529251434e-43,1.3321599510554233e-42
8156,Cpne4,48.92282446035136,-0.5440027655607675,0.091104091660988,-5.971222100375947,2.354829059425419e-09,7.628245510718626e-09
8159,Nudt16,143.92429282519328,-1.0961267851714775,0.061127061696405,-17.93193971297892,6.642144420418927e-72,1.1271596198545379e-70
8167,Ppm1m,21.1652828476886,-1.2125381027930977,0.1386843645674784,-8.743149284165511,2.2670082055438844e-18,1.1353281323626097e-17
8173,Abhd14a,61.19997928428011,-0.7060130246400859,0.0799389222712037,-8.831905717277992,1.0290717182220064e-18,5.210535126430311e-18
8184,Dock3,37.30909040843332,-0.7293324408423889,0.1026762130283417,-7.103226924049792,1.2187703810477389e-12,4.7412344198437476e-12
8185,Mapkapk3,23.45869962058596,-2.535372673764895,0.1701975548010415,-14.896645705214208,3.465455010243368e-50,4.0534194576188864e-49
8200,Sema3b,14.18387444666203,-0.8424148575315539,0.170320490164386,-4.946057028831299,7.573178081769232e-07,2.058090559941902e-06
8205,Gm37850,13.896502523855771,-0.8223822572818781,0.2089011738804488,-3.936704815993594,8.260811720107696e-05,0.0001860791348817
8211,Ip6k1,69.9045142761374,-0.6263827409157959,0.078969888198049,-7.931918801061073,2.157855147816865e-15,9.564369154667428e-15
8215,Apeh,62.90027881589068,-1.36999797198138,0.0840568841084802,-16.298462481827407,1.0120611701558797e-59,1.431672246223756e-58
8216,Bsn,28.894127598893384,-2.432532602279793,0.1488648680540135,-16.340541822111998,5.079946657413502e-60,7.2213140575369104e-59
8232,Ndufaf3,110.4603326650586,-1.3200526706932287,0.0657702521646447,-20.07066458235097,1.3321138659279834e-89,2.902010056924112e-88
8242,Slc26a6,49.278559712559975,-2.54641286880936,0.1232250073445582,-20.66474105933021,7.194190647982293e-95,1.658470299114225e-93
8245,Pfkfb4,35.62227834549762,-1.1385677668409004,0.106881138679189,-10.652653788227209,1.6946388420855075e-26,1.1182948027211746e-25
8259,Klhl18,504.7554600028067,-0.781677557974197,0.0316134406974348,-24.726114612308667,5.603185790652292e-135,2.095543389688587e-133
8262,Nradd,10.475796226360588,-1.8988196649328044,0.223118188057009,-8.510375964722499,1.7337027768539636e-17,8.374437914359999e-17
8268,Prss50,45.20060592981505,-2.768654985246897,0.1413572753070036,-19.5862220691072,2.026839627081173e-85,4.190244486449665e-84
8273,Lrrfip2,20.50555688859304,-0.8255855394576311,0.1334497517876313,-6.186489884008534,6.151863037894445e-10,2.056300019520572e-09
8276,Trank1,29.42159256580093,-1.1452954723054358,0.1307541299021022,-8.759153329710784,1.9672237479217592e-18,9.871804053780712e-18
8293,Stt3b,449.8904619561076,-0.6315273948309056,0.0360399903594171,-17.52296236854818,9.570947126044779e-69,1.5632845971200414e-67
8301,Golga4,19.051467155932368,-1.4517540913743,0.1509942475859871,-9.614631779581966,6.935705874016799e-22,3.914361462835646e-21
8306,Dlec1,60.92174752943031,-1.5760666183895211,0.0855249025841972,-18.428160345905347,7.809380213969301e-76,1.4147804404267876e-74
8308,Slc22a14,13.403676297722162,-1.205393692142206,0.1822288118111819,-6.614726179475863,3.722401147836924e-11,1.3370570322444748e-10
8309,Oxsr1,16.79247253803036,-1.4768570301975827,0.1981178278605483,-7.454437826953748,9.025182305990019e-14,3.71056563408337e-13
8317,Scn5a,138.04089793102233,-0.5144679166257597,0.0556559514850906,-9.24371792949362,2.3807763636599056e-20,1.2739383010704586e-19
8320,Gorasp1,42.57541152539223,-2.7157611020657377,0.1553892529877167,-17.47714883654415,2.1393189241110767e-68,3.468283740410033e-67
8334,Ulk4,12.884691504910684,-1.4024910307955087,0.1923945182480383,-7.289662114943383,3.1073332873084935e-13,1.245506083974527e-12
8336,Trak1,511.66472510212407,-0.7582455371052363,0.0383359961075347,-19.778944441102087,4.520542980754207e-87,9.52648404698722e-86
8342,1700048O20Rik,104.02189651523774,-0.7911172448139155,0.0702187739508267,-11.266463372999418,1.9213320032557036e-29,1.3876905989531866e-28
8351,Tcaim,13.74322745502455,-1.1597282414567067,0.1699576725412362,-6.82362981391926,8.876845120636742e-12,3.309919913616969e-11
8363,Cdcp1,82.71299733217452,-1.836225954204625,0.0961904025267118,-19.089492360682343,3.087551076681983e-81,6.0257379803374675e-80
8364,Tmem158,11.41520314315199,-2.137542993827753,0.2303973580501993,-9.277636739923128,1.7327913904876583e-20,9.30634463895806e-20
8365,Lars2,27.529527845913535,-2.0305948035224133,0.1355535501013664,-14.980019350315372,9.918815733573533e-51,1.1743554388907577e-49
8366,Limd1,81.18130906006085,-1.1408821050678526,0.0743236054670453,-15.350198606467128,3.53103730001342e-53,4.43683619788276e-52
8370,Lztfl1,132.01730411445962,-0.6393284317401493,0.0573190107324636,-11.15386367577441,6.856316728108265e-29,4.877219915815136e-28
8371,Fyco1,868.4830120723578,-0.9754290669892433,0.0435407952226452,-22.40264703484168,3.7087506878751565e-111,1.0374977044669057e-109
8375,Ppp1r14c,14.336428332224331,-0.9180006457897592,0.1605462411136597,-5.717982803096928,1.0779604906732636e-08,3.3357058649598075e-08
8376,Plekhg1,106.6676587847335,-5.36966529438445,0.1813106130066556,-29.61583552854315,9.344878822679487e-193,5.694494689568466e-191
8380,Gm21781,186.6470291699041,-0.9620669472089024,0.0523430252694391,-18.380040936812517,1.8982536766665127e-75,3.4318221034174254e-74
8381,Rmnd1,45.51394833615643,-1.219962636549395,0.1151258688265327,-10.596772462908298,3.084417926271177e-26,2.0208735195133108e-25
8382,Gm16153,38.02536996427382,-1.0612183198849037,0.1094033725139249,-9.700051246133487,3.013472395308192e-22,1.7219277673911856e-21
8388,Mtrf1l,91.19370746210836,-1.1848568495324858,0.0725780596522581,-16.32527591960253,6.524505385426882e-60,9.259697056776848e-59
8389,Oprm1,88.02589250081971,-2.2627719164997138,0.0827537208685333,-27.34344622514877,1.2921767953242613e-164,6.379619600258137e-163
8393,Nup43,299.1586657891176,-1.7823352974330189,0.0590087507792545,-30.20459294419814,2.0614768935997847e-200,1.360887094759737e-198
8397,Ginm1,22.86019631197588,-3.3295682306296017,0.2056643372985154,-16.189331968608812,5.997616514076934e-59,8.348758834451501e-58
8407,Shprh,100.22249938238598,-1.1030569857127326,0.0889274353188723,-12.404012122439331,2.4855935657290806e-35,2.115181868336251e-34
8408,4930432B10Rik,74.88008932074449,-1.463790271280409,0.0916321994142177,-15.974627703340778,1.9199729977979026e-57,2.5999447867616045e-56
8409,Fbxo30,53.044866481295145,-1.5510153570156957,0.0912166425609076,-17.003644438897688,7.716960541545218e-65,1.1849443904674013e-63
8416,Ltv1,224.52898693920844,-0.5364806060780087,0.0552303312370952,-9.713514187973644,2.6407215906615183e-22,1.5119085375180333e-21
8422,Hivep2,71.12787011419537,-2.156086739672891,0.09483616163692,-22.73485875490682,2.026242581202732e-114,5.895384925743105e-113
8424,Gm16234,99.7476506551344,-0.8236269806330171,0.0861061823124409,-9.565247912681135,1.1193288547924373e-21,6.264503301645021e-21
8429,Cited2,64.86794645668121,-1.2626450975369286,0.0845416740293482,-14.935179744590904,1.945488048812069e-50,2.2786267281382213e-49
8434,Gm10827,501.18210085441086,-4.995963077401291,0.0837004290077866,-59.68861971945826,0.0,0.0
8439,Tnfaip3,64.04688237180163,-0.5012276516008902,0.0774908470307233,-6.468217483829603,9.916570689739136e-11,3.473191197362815e-10
8446,4933406P04Rik,106.87745811525308,-1.1589371185182842,0.0745465889026399,-15.54648087294631,1.6809179939692616e-54,2.173222462826134e-53
8451,Myb,465.92311986583,-1.7635763097974273,0.0480402887671579,-36.710360304975325,4.991490422741049e-295,6.30374602083558e-293
8452,Hbs1l,41.63295812428449,-5.509825178869951,0.4291745055215905,-12.838193107891325,1.0018552379629222e-37,9.00945979732601e-37
8457,Raet1e,33.05299372136817,-2.463327544829572,0.1456366515155644,-16.914200643828394,3.5358155309981115e-64,5.339878082689349e-63
8458,Slc2a12,47.24999099834625,-0.5954550928157608,0.1084980768764287,-5.488162647287655,4.061360228332589e-08,1.210352018799254e-07
8463,Vnn1,103.16329369793698,-3.703488988508101,0.1885116135536125,-19.645946043822025,6.261897840472118e-86,1.299194709092239e-84
8469,Enpp3,27.00492819907809,-1.3353369646615247,0.136971743625089,-9.748995882804342,1.8630181914474292e-22,1.0740549467597022e-21
8474,4930401C15Rik,72.17299958444839,-0.5339446218298666,0.0726939009635121,-7.345108939715232,2.0559157750803733e-13,8.311412694989734e-13
8475,L3mbtl3,2255.8113369566995,-3.3799089080487867,0.04759694613924,-71.01104550197836,0.0,0.0
8477,Arhgap18,95.27972400288031,-0.6985608413709518,0.0657516345541707,-10.62423536855846,2.2988832880093464e-26,1.5130263573801694e-25
8480,Ptprk,173.33052755985668,-0.5486107720143313,0.0519188796840861,-10.56669125667764,4.252335337899603e-26,2.774605026915548e-25
8484,Rnf146,28.273039051834186,-1.5919346150970777,0.1283709413216097,-12.401051193577986,2.579176682112252e-35,2.192677620285479e-34
8516,Tube1,68.57797215504357,-0.5439934073407257,0.0735784497231474,-7.393379574965248,1.4314309233372182e-13,5.831458188854849e-13
8524,Gtf3c6,219.05051561372943,-0.597937669388054,0.067364205434496,-8.876192712901219,6.918792506980611e-19,3.524721304053144e-18
8544,Pdss2,86.3420868615621,-0.9026601531961916,0.0697882129545587,-12.934278081944038,2.883185559132983e-38,2.621187163514326e-37
8547,Gm9803,147.94755589751173,-0.7385046126933086,0.0559995573680558,-13.187686606869107,1.0330702161136073e-39,9.711082916088428e-39
8555,Popdc3,142.88363066057016,-0.9823631100482288,0.066947278163582,-14.67368259017009,9.5043600724824e-49,1.077696729624094e-47
8558,Hace1,11.258230419235508,-1.236567461168914,0.1927803196575805,-6.414386402955056,1.4139117281477538e-10,4.895044417592183e-10
8560,Ascc3,13.422516860626532,-0.5334094677369537,0.1654133891425626,-3.224705512062456,0.0012610231111794,0.0024640778990508
8564,Gopc,75.21698706559003,-0.5444116685002619,0.0759185440111573,-7.17099722592484,7.445341308131828e-13,2.9330336419105223e-12
8570,Fam184a,81.31174051028535,-1.9562025593646688,0.0791837421351018,-24.704598527650187,9.544649727945942e-135,3.5543622961248255e-133
8571,Tbc1d32,301.23124923681894,-1.547392796482233,0.0603975839935635,-25.62011084163789,9.107625364643012e-145,3.752427774349845e-143
8576,Serinc1,121.90488462898428,-1.7367721740951323,0.0658801093765499,-26.362618255053125,3.678578785941021e-153,1.648078948107458e-151
8577,Pkib,10.487393237862808,-1.9083494977475897,0.2264039544109767,-8.42895833119365,3.487557341984955e-17,1.6634140491547291e-16
8580,Lims1,10.095734528966116,-3.697369884953493,0.3470203152321382,-10.654620846852,1.6591937605778526e-26,1.0953192749754098e-25
8587,Dnajb12,58.41245131243729,-1.128598955602454,0.0894401752285585,-12.618478806849309,1.6701630989286628e-36,1.4590276936405378e-35
8591,Spock2,26.949890612693142,-0.8483505073714384,0.1311604148156248,-6.468037696922379,9.928373344482892e-11,3.47662629390492e-10
8592,Chst3,38.45797354542415,-1.4001738324346351,0.1145362366156888,-12.224723579252322,2.2936054826275863e-34,1.8989527957830672e-33
8595,Vsir,152.71891939015202,-2.116700571983776,0.0600999141920283,-35.21969374566152,9.989456725295343e-272,1.116001614156713e-269
8603,Eif4ebp2,22.98895676428372,-1.0436768115519932,0.1483134490665823,-7.036966762761047,1.964696950991873e-12,7.570360040213654e-12
8608,Aifm2,18.72454441828247,-1.6640587772234794,0.1671722572217318,-9.95415629889071,2.4186566158807885e-23,1.4401211992336993e-22
8609,H2afy2,19.777121813212243,-1.08625832107509,0.1437962605106872,-7.554148607323188,4.2160858227909473e-14,1.762483658421699e-13
8620,Ddx50,1508.9167245549677,-3.3854120586903003,0.0785167659336172,-43.1170593749688,0.0,0.0
8621,Stox1,455.1558120694222,-3.094031432641311,0.0788379874478996,-39.24543906813974,0.0,0.0
8623,Tet1,22.383664913012645,-0.5542634727591489,0.1330581156484426,-4.165574343646856,3.1056969324424745e-05,7.329192435830392e-05
8633,Sirt1,612.3386379350394,-3.557718903643854,0.0556258204481257,-63.95804816868513,0.0,0.0
8641,Zfp365,12.375939751900598,-1.5340895032429325,0.1985372107067694,-7.7269621033848095,1.101434180150656e-14,4.728028298439811e-14
8646,Cdk1,130.78344945922922,-0.5239074948441721,0.0542442863820585,-9.658298224335306,4.533317463817103e-22,2.5785462388839577e-21
8648,Ccdc6,16.935806746141726,-0.7652591533316663,0.1757559711810511,-4.354100450694512,1.33614433009231e-05,3.261846671081213e-05
8649,Slc16a9,10.334845894353355,-2.9649781933839416,0.2765110155867885,-10.72282124852029,7.953947197412926e-27,5.292913010939767e-26
8651,Phyhipl,681.5415723361366,-0.6948174963670042,0.0310916966181208,-22.34736511490504,1.2808247513175249e-110,3.531995849044593e-109
8660,Pcdh15,98.81488247391285,-1.855490404468752,0.0728398445263475,-25.473563494463328,3.870880623403749e-143,1.572533974468078e-141
8661,Gm15398,30.4230050078669,-1.1961928737093672,0.1848010949907978,-6.472866807249879,9.616071409699868e-11,3.3699757194500163e-10
8692,Slc19a1,16.51335502757146,-5.550979311307223,0.4679991403949112,-11.86108869051158,1.8850795340819618e-32,1.484553371892473e-31
8697,Fam207a,39.12127250213916,-0.5216645013097736,0.0971120355714469,-5.371780111909778,7.796314312590746e-08,2.2797678832186495e-07
8702,Cfap410,69.51899923031758,-0.8226781799751426,0.0790228053789928,-10.410642548433753,2.217200344564345e-25,1.4159533750482745e-24
8704,Aire,334.69160937835767,-1.426293317217051,0.0442276394871165,-32.248913434155334,3.6435461065977756e-228,2.8603478173777494e-226
8708,Pwp2,30.24215913192814,-0.851713258849868,0.1125309974960113,-7.568699094487779,3.7698022363416975e-14,1.5808496962214413e-13
8713,4921516A02Rik,22.16831345707872,-0.8388412872061449,0.1356343072688576,-6.184580465644088,6.226784561408905e-10,2.080130368722147e-09
8729,Fgf22,19.910557479046965,-0.9043007441116834,0.1401498580668143,-6.452384301956065,1.1010393681010288e-10,3.8439331144360436e-10
8743,Cnn2,18.851121046948872,-3.0474301925814333,0.2078507978280247,-14.66162374369556,1.1352526221809208e-48,1.2864228022996803e-47
8744,Abca7,49.63594767108327,-1.135905840241174,0.0978007644212535,-11.614488362775262,3.4786446895851064e-31,2.6520481036784444e-30
8745,Arhgap45,92.14160318803,-0.958372308905728,0.0703688179118864,-13.619275374296766,3.0760463450956606e-42,3.044255292579624e-41
8747,Gpx4,86.87447898668977,-1.9643333927577409,0.2076210768757439,-9.461146345625334,3.0458545256228368e-21,1.6771928174582874e-20
8755,Gamt,21.43839275780761,-1.729055498646505,0.151411357219227,-11.419589193319377,3.3380805828006734e-30,2.4724210963472218e-29
8756,Rps15,68.11380531668735,-1.0004878935243997,0.081039866091328,-12.345626193371276,5.14325031367139e-35,4.3323618398581445e-34
8765,Tcf3,16.11989130141004,-0.7371486630706695,0.1489057649332811,-4.950437368230552,7.404688466927789e-07,2.0138718882899114e-06
8768,Klf16,33.90418545927474,-0.6016645195170055,0.1034196597721456,-5.817699660225084,5.966297703012159e-09,1.8803008384827472e-08
8769,Abhd17a,16.628659433185096,-0.996355079553046,0.1593206840178734,-6.253771038550586,4.0065828087494557e-10,1.3561220662436496e-09
8777,Plekhj1,24.75070839862343,-1.489746247147762,0.1478872051597337,-10.073530333734276,7.23340701179092e-24,4.384828431356249e-23
8780,Oaz1,11.596647948627362,-2.449585071529431,0.2418716436400388,-10.127624035064578,4.1665036003941035e-24,2.540721649673493e-23
8782,Sppl2b,69.88947022615145,-3.1252842624631976,0.1198626625098712,-26.07387652686104,7.214223509741685e-150,3.1432371831944524e-148
8783,Timm13,12.823220867684936,-1.10333498018101,0.1848705430080859,-5.968149182818984,2.399599236933022e-09,7.768942132875483e-09
8786,Gng7,15.046565656661434,-5.271179470813853,0.4590355552873491,-11.483161620267468,1.60309210067008e-30,1.1985709622684753e-29
8789,Thop1,273.4554626990985,-2.868275005221647,0.086164506036927,-33.28835894437096,5.690837805659974e-243,5.112367076136187e-241
8793,Pias4,35.61711213282458,-1.9853532603521449,0.1200848809241463,-16.532916092961173,2.1260443329094264e-61,3.0596780044546234e-60
8797,Zfr2,170.1732489123667,-1.0264976239004089,0.061533559613089,-16.681915207812207,1.7743781148810195e-62,2.6184472299869946e-61
8800,Apba3,55.37054219387357,-0.7199907887815233,0.0906480393194583,-7.942706694892312,1.9781633038058077e-15,8.78870982464069e-15
8801,Pip5k1c,141.79522547937395,-2.9241208110996544,0.1350034135016862,-21.65960648886209,4.934307276955855e-104,1.2721169707512816e-102
8804,Hmg20b,118.15822708595682,-0.7538949570019864,0.0604181965019261,-12.477945398088,9.849551831788431e-36,8.451895092289944e-35
8805,Mfsd12,514.9267475892171,-1.6442504835348886,0.0639232690906034,-25.72225274030281,6.59048527326327e-146,2.767686201022464e-144
8806,4930404N11Rik,65.32152383423879,-1.7077340876909746,0.0948258110152584,-18.009169332769357,1.650873289500093e-72,2.82904815038423e-71
8809,Gm16104,377.759331376093,-2.012338468855,0.0783376171501934,-25.688022460484447,1.5908422523137234e-145,6.601237803172278e-144
8816,Tle6,120.385848797414,-0.5160138115574301,0.069272809435968,-7.44900944192836,9.40436419529302e-14,3.861905259084984e-13
8823,Gm32687,120.27627393504213,-0.8733116519134971,0.0611768588533109,-14.275196018277311,3.1240815252741903e-46,3.3712998651689524e-45
8824,Zfp781,96.12171301960772,-2.361759687875288,0.1122119478986155,-21.04731030967537,2.4203074028676984e-98,5.874807439718419e-97
8838,Eid3,416.0171710574167,-1.5522905353316885,0.0652425785768827,-23.79259939124645,3.984130187814644e-125,1.3430448919387546e-123
8842,D10Wsu102e,25.320882723083244,-3.242692629403613,0.2132199212714735,-15.208206672560332,3.119726606990673e-52,3.8316134817923504e-51
8847,Gm47962,30.334417195501587,-0.989178918307504,0.1179984293229951,-8.382983773452109,5.1602592066837344e-17,2.4431675483315443e-16
8854,Rfx4,52.66106404280677,-0.6623864330012501,0.0915720658847342,-7.23349884707226,4.707064485121565e-13,1.867821490134304e-12
8859,Pwp1,182.0736370989545,-3.366558979999498,0.0754148683429732,-44.6405205494624,0.0,0.0
8861,Ascl4,20.63857348297441,-0.8485680846660505,0.1495719369539027,-5.673310795778318,1.4006378232095312e-08,4.306689481809405e-08
8865,Timp3,14.831958190531772,-2.0653327679199505,0.2644849889562859,-7.808884640561996,5.769627741399245e-15,2.508183394290497e-14
8869,Stab2,14.185244732892873,-2.607092267290114,0.2269200171250705,-11.48903609439256,1.49773739997312e-30,1.1212443044128666e-29
8875,Gnptab,33.69141268141966,-0.938456749476307,0.1073178251220269,-8.744649347945916,2.2370929850159563e-18,1.1206684835544146e-17
8878,Mybpc1,13.69491276839164,-2.5339623872072603,0.25528201402073,-9.92612972334781,3.2045305082786723e-23,1.9002571520340489e-22
8885,Nr1h4,14.657484608421267,-0.6372314153483981,0.1590351838160172,-4.006858105597507,6.153180353625219e-05,0.0001407687414058
8887,Actr6,133.55168850686584,-1.2413460167598172,0.0651721242049503,-19.047192828272543,6.9321256368370605e-81,1.3468571415696356e-79
8888,Uhrf1bp1l,12.763445166731335,-0.5047124481311484,0.1657381981490742,-3.0452391408115926,0.0023249536559564,0.0043999665887728
8889,Anks1b,55.413070059869575,-1.217156991645467,0.0994916306742077,-12.233762612969247,2.052082070630799e-34,1.7022221002833678e-33
8897,Gm32468,47.45589058819066,-3.094775953723776,0.1424467921807159,-21.725838162768667,1.1693249843578896e-104,3.032588664790074e-103
8917,Cradd,42.52637022729528,-0.7683281604914804,0.1125898535547432,-6.8241332254500655,8.845776340639141e-12,3.2990410884797547e-11
8918,Gm48882,132.01386087208465,-0.753203403027278,0.053523412282124,-14.072410014838228,5.612366235730069e-45,5.878144156027863e-44
8923,Mrpl42,74.00275454917441,-0.5948751041312071,0.0794133333414011,-7.49087186120012,6.841758945244419e-14,2.833606817911591e-13
8928,Dcn,15.32376009470527,-0.5645284905582449,0.158335244275952,-3.565400067052447,0.0003633015755495,0.0007633055887495
8929,Gm10754,12.54041236208148,-4.758091698170471,0.4376569410372593,-10.871738231532804,1.5717737522835734e-27,1.0691987882434861e-26
8931,Poc1b,28.30771880577949,-3.01933186386576,0.1764204856384278,-17.114406260358287,1.1589134090763906e-65,1.8049636187116478e-64
8934,Dusp6,29.747912522274817,-1.0862395877704951,0.1293229747143319,-8.399432430084017,4.486417851146391e-17,2.1287582442085294e-16
8942,Mgat4c,11.95308462520949,-0.89060347708247,0.1796242304981507,-4.958147765546804,7.116842666861264e-07,1.9380052187196582e-06
8945,Alx1,43.808613341505215,-0.7354424255751529,0.0982281082456158,-7.487087338953994,7.041884461920075e-14,2.913030201812084e-13
8947,Slc6a15,23.30664023580326,-0.7429530418506497,0.1294482455949919,-5.739382858653379,9.502218287390104e-09,2.9503769875758905e-08
8950,Ccdc59,90.1606771040222,-1.1608251862767818,0.0667197724748254,-17.39851835847884,8.466462108822808e-68,1.3611946645070468e-66
8953,Lin7a,23.806744025488225,-1.7968315802554546,0.1705005030979959,-10.53857054734154,5.736416737676868e-26,3.7262121097365806e-25
8955,Pawr,15.503754726201212,-2.903831591925825,0.2222771348304284,-13.064013957805916,5.28651711353903e-39,4.890308930719651e-38
8959,E2f7,57.8572945027559,-1.1732467808439044,0.0867707057303478,-13.521231283861328,1.1719765804204035e-41,1.1481286027862164e-40
8965,Nap1l1,16.85451945099737,-0.5634988192886252,0.155203289505412,-3.6307144074351303,0.0002826377982173,0.0006004890341743
8969,Krr1,12.190072998851075,-3.137568065411016,0.2772158714321442,-11.318140080514894,1.067119062382533e-29,7.771730471877468e-29
8974,Atxn7l3b,84.77393077876164,-2.1925545081353723,0.0820040909254678,-26.73713571348713,1.742651368355558e-157,8.055949084270735e-156
8976,Tph2,157.07698243291637,-1.4600931876197003,0.0689510926465571,-21.1757802752181,1.59715168786739e-99,3.9370805680555686e-98
8986,Ptprr,20.25794522467259,-0.6886608519781305,0.1429359615472261,-4.817967742502621,1.450278098512386e-06,3.855315238083261e-06
8992,Rab3ip,62.58657974631178,-1.0272081267180158,0.079012905048867,-13.000510816337142,1.2152880896004774e-38,1.1147389908187958e-37
9005,Cand1,640.6299221592802,-0.940498743121254,0.036827855367144,-25.53770057325465,7.521032587698981e-144,3.0769144586483067e-142
9009,Grip1,10.834186190065278,-2.609672974421906,0.31710672574406,-8.229636152618848,1.8778294784230896e-16,8.676249244421423e-16
9014,Tmbim4,29.955184870857,-0.7147179034602712,0.1316862990490144,-5.427427975588023,5.717192559105378e-08,1.6876563672101712e-07
9017,1700006J14Rik,20.20248659970648,-0.7300420114337204,0.1432944169482678,-5.094699619017817,3.492946238597043e-07,9.732224947445129e-07
9018,4930471E19Rik,40.06466764209943,-3.737511400042802,0.1904852122495871,-19.62100551483047,1.0230939157127492e-85,2.117634294898075e-84
9025,Gm35696,57.7361106054687,-1.3825352199385592,0.091153427872185,-15.167122643781914,5.83805652959774e-52,7.115080363484574e-51
9029,BC048403,71.98076003832544,-0.6583887588320012,0.0776875661480175,-8.474827974113362,2.3542716448610934e-17,1.1321811872692918e-16
9031,Rxylt1,32.15327586994436,-1.4812240112084858,0.1539427824476363,-9.621912685073912,6.461824187760271e-22,3.6528275038691535e-21
9034,Gm36208,364.89519339384367,-1.0802843984362258,0.0367602360063752,-29.387308564854536,7.978149415087234e-190,4.713328406987807e-188
9035,Mon2,64.38985019505185,-0.8116080790854062,0.0845323113974709,-9.601158014823758,7.905121616332074e-22,4.448513384870371e-21
9037,Tafa2,75.2818289705121,-3.6013614588314677,0.1392990268025115,-25.853457425350346,2.224766578160915e-147,9.526592610365706e-146
9038,Slc16a7,336.5501152831081,-0.9240157081148296,0.0506479584409946,-18.243888530893425,2.3139564401503845e-74,4.085879720257436e-73
9040,Ctdsp2,50.695835106209984,-0.9198473656955518,0.1052434485340566,-8.740186477240819,2.327259637655577e-18,1.1648328823969385e-17
9041,Avil,76.75561123837625,-0.5154772766564026,0.0777350266173512,-6.631209881664118,3.3294641566550425e-11,1.1998738900368918e-10
9043,Eef1akmt3,16.416525400411906,-2.3691047807921386,0.2047504272878506,-11.57069517350265,5.8010723104184205e-31,4.393789144979236e-30
9047,Os9,132.6475625785916,-1.8570992638583037,0.0629066226048745,-29.521522328785743,1.5243336894638305e-191,9.192417833901603e-190
9060,R3hdm2,28.131742742544983,-1.8364970421561275,0.1372304141768016,-13.382580335216833,7.644661498000741e-41,7.360837601500382e-40
9070,Atp5b,25.440845970868672,-0.6811717755231087,0.1246298011792372,-5.465560957956408,4.6144517704172174e-08,1.368862390720532e-07
9071,Baz2a,55.7731911663898,-0.8709096916749033,0.1038006957198786,-8.390210543724873,4.852723138004268e-17,2.2981863817700645e-16
9072,Rbms2,49.08119710987633,-1.8136574073055387,0.1097900248640426,-16.519327776375526,2.6635015465839642e-61,3.823682450895002e-60
9079,Il23a,32.8336767044351,-0.5341659440843859,0.1065978029381155,-5.0110408410058085,5.413642260116883e-07,1.4872155944091586e-06
9082,Coq10a,261.5074259529416,-4.173300123241717,0.0847934821983821,-49.21722772839898,0.0,0.0
9083,Ankrd52,56.35339136482472,-0.5394387669032393,0.0827828311080371,-6.516312134810119,7.205695525414654e-11,2.544698310373386e-10
9086,Rnf41,21.70451797829786,-3.144179689156805,0.2100357290159917,-14.96973731034786,1.1577765108500618e-50,1.3661292505819146e-49
9089,Myl6b,19.127148444654484,-0.6541282603772371,0.1409849230038101,-4.6397036395129945,3.4890917317356358e-06,8.958145359559318e-06
9102,Mmp19,69.79982187570425,-1.1534400240369134,0.0811076341077843,-14.221103065392107,6.7776117525112776e-46,7.228899487317412e-45
9104,Sarnp,33.967783640124054,-0.8639124584305176,0.1081675967662743,-7.986795345904157,1.3849171812872941e-15,6.191979639680596e-15
9114,Drg1,41.673050810189,-1.411161012479502,0.1391947951475801,-10.138030024637986,3.7457702223815724e-24,2.287361017367416e-23
9124,Tug1,19.546542289288265,-0.9391374926469755,0.1428373840465866,-6.57487183005728,4.8695095458174194e-11,1.7379850985972962e-10
9126,Osbp2,16.188689976235132,-0.7183044975357799,0.1657350877132038,-4.334052055282157,1.46389535563191e-05,3.5617434396137e-05
9131,4930556J24Rik,22.38414971291869,-1.0654589825171858,0.1655735944946418,-6.434957130508302,1.2350818396618163e-10,4.29298091376668e-10
9136,Sec14l2,26.49628710465687,-1.622498018680358,0.1323468374260011,-12.259439290247812,1.4953096871632615e-34,1.2457101925373479e-33
9144,Mtmr3,59.22267521490068,-0.924727069879322,0.0921270861010247,-10.03751566466874,1.0426707059027863e-23,6.2877733780186e-23
9146,Ascc2,15.397117411175168,-1.0296916233200617,0.1597743112014129,-6.444663197590152,1.158574083634912e-10,4.04155907317639e-10
9150,Nf2,117.81826082673862,-0.7649446638363822,0.0621455836437258,-12.308914310335073,8.110687855801621e-35,6.795820574563012e-34
9162,Xbp1,48.52037193017864,-1.0164727195603005,0.0969818621222808,-10.481060038614933,1.055539172091592e-25,6.790674304618777e-25
9172,Myl7,38.31356530589158,-0.5577875039876038,0.1071729579436337,-5.204554532132676,1.9446251572502749e-07,5.531406437172807e-07
9173,Ykt6,16.24254865952414,-0.9588159040507784,0.1750862807802504,-5.476248051977193,4.344385908605388e-08,1.2918266100524606e-07
9194,Vwc2,371.5148083790856,-0.5644896548379298,0.0344403290269473,-16.39036765288311,2.240851951709384e-60,3.195872979901076e-59
9197,Ikzf1,13.707383493235742,-1.5763031588605871,0.1848519284042364,-8.527382821852465,1.4969583563395967e-17,7.246941731746247e-17
9200,1700042O10Rik,250.063673109817,-3.100284766015251,0.0664941156211314,-46.62494924633597,0.0,0.0
9203,4930554G24Rik,19.21950747645614,-1.8476771258786704,0.1673197812902951,-11.042789511378826,2.3754208587768573e-28,1.6626038042876737e-27
9210,Cnrip1,12.488661042227296,-1.0517778384338052,0.176801485836714,-5.94891967935824,2.6991804330249166e-09,8.695252603837013e-09
9216,Etaa1os,35.34682896721077,-2.364124506386454,0.1615776469067244,-14.631507214306788,1.768260687129788e-48,1.9972292453206703e-47
9264,Mtif2,168.03724631974637,-3.376127283057801,0.1275529613548725,-26.4684351284082,2.238729829600357e-154,1.0134177524746762e-152
9265,Clhc1,17.77012647030737,-0.9457837008531624,0.1468229187437119,-6.44166257520111,1.181717735288055e-10,4.1198193019804407e-10
9272,Psme4,14.691864042256048,-2.368605105581728,0.2246089242431193,-10.54546302451421,5.330961429972409e-26,3.468010294944352e-25
9279,Cpeb4,188.0639882680998,-0.8876568394916149,0.0582917901383247,-15.227819172909792,2.3117486192575508e-52,2.849303743735544e-51
9283,Nprl3,13.36413256280767,-4.203957024048432,0.4673423081470749,-8.995455687965286,2.352542360314941e-19,1.218428179957468e-18
9292,Gm12116,70.76217755234923,-2.321869940360709,0.1039572396518215,-22.33485564004224,1.6947537928884385e-110,4.644051745669765e-109
9295,Kcnip1,86.17132840063573,-0.8620439156879022,0.087010978354196,-9.907300572794108,3.869598896341022e-23,2.2845314893438794e-22
9298,Spdl1,430.4979020793337,-1.263523197316217,0.0494478412374789,-25.55264629749965,5.131146030338879e-144,2.109094646621368e-142
9300,Pank3,20.908741015978183,-2.709115688481252,0.2027491357042906,-13.361909924156192,1.0094051702484568e-40,9.697857390898624e-40
9309,Gabrg2,249.48017019852807,-4.290770033196465,0.0964321696925544,-44.49521406472884,0.0,0.0
9316,Rnf145,18.550587328846323,-2.9666352653387853,0.2276874876049482,-13.029417191717096,8.324103043013023e-39,7.663627460836291e-38
9320,Sox30,16.752821399958,-1.3880580805755602,0.1741055628017518,-7.972508507129638,1.5548552938642961e-15,6.9410906919741165e-15
9321,Gm12166,36.38206799025667,-1.3141382348289128,0.1120879394047156,-11.72417159070038,9.583395585344067e-32,7.436305354469121e-31
9323,Nipal4,39.27471877154805,-2.653206689385112,0.1380416793208667,-19.22033042801477,2.5017186042032663e-82,4.95453998114256e-81
9334,Zfp62,97.86899246803176,-1.2186452870017903,0.0708203619010441,-17.20755520431508,2.3306541965566666e-66,3.662636730170386e-65
9340,Mapk9,14.2905761937943,-1.3713949096228464,0.1836258796070126,-7.468418463442302,8.116438286568919e-14,3.3472145399508545e-13
9343,Sqstm1,25.288710865229067,-2.375029059361549,0.1800791345620875,-13.188807604707192,1.0178241016312528e-39,9.578098511463e-39
9348,Hnrnph1,594.7190841476136,-0.9209727212529828,0.0438202198058005,-21.017072149215316,4.578175755196058e-98,1.108172875854957e-96
9363,Rmnd5b,129.11042112633442,-1.3297683167380498,0.0621097152607817,-21.4099889390044,1.078382767969251e-101,2.7198342807768605e-100
9384,Sept8,20.81859492779871,-1.5829253874577212,0.1591863818786235,-9.943849271382213,2.6825637290877485e-23,1.595621865888781e-22
9385,Kif3a,15.826684919796708,-1.0948900715291878,0.1652944638015625,-6.623876240910362,3.498997466996304e-11,1.258628025899104e-10
9386,Il4,24.78716355185871,-1.1081829643973866,0.1304916403678754,-8.492367490156866,2.024695993209333e-17,9.755709640489981e-17
9389,Gm12216,50.62924798880663,-1.7159536788898626,0.1058326180897443,-16.213845125089527,4.0257384991749e-59,5.617339516702975e-58
9391,Slc22a21,39.190135716705726,-0.9904937769642392,0.1031362232737403,-9.603742948152249,7.709285498214886e-22,4.341112363905947e-21
9392,Slc22a4,376.5668203818386,-0.9016125659765186,0.044658371525888,-20.189105315984524,1.2205464296974203e-90,2.6960308208829717e-89
9417,2010001A14Rik,15.797146826791698,-1.3219800149148762,0.1629854778737948,-8.111029474285619,5.019267746301776e-16,2.2839634016330903e-15
9424,Igtp,38.40402263545976,-0.9850597859850536,0.1113947695596165,-8.842962644290647,9.321339996085341e-19,4.726572983758373e-18
9427,Zfp672,85.32805521598034,-0.6409836046059401,0.0751257904135091,-8.532137912663858,1.4366764098950606e-17,6.962846627266716e-17
9429,Fam183b,25.407381944483426,-1.2009572743658752,0.132484326731298,-9.064900762198322,1.2471772902622161e-19,6.517483002905519e-19
9439,Iba57,224.04465035913347,-2.162980606828317,0.0658248060025646,-32.85965790380066,8.290806149913038e-237,6.980298047376061e-235
9441,2610507I01Rik,56.10103509934025,-1.38844620394664,0.0946053705201882,-14.676188004045212,9.159711516304812e-49,1.0392933092848975e-47
9444,Arf1,23.26373713945389,-3.947842192814337,0.2785079479630628,-14.17497138479481,1.3089649539164209e-45,1.3901670455122108e-44
9447,Jmjd4,45.69011936210258,-0.5332993066259533,0.0896915107794675,-5.945928460690373,2.748941935857706e-09,8.850648449681895e-09
9448,Zfp867,322.4131357693341,-3.149382783586049,0.0637926960199333,-49.3690183998801,0.0,0.0
9450,4933439C10Rik,107.71815912345495,-1.8455589220864812,0.0819814804087377,-22.51190040586018,3.1737106788171803e-112,8.97912819974445e-111
9453,Gm12264,28.809677739367316,-0.5843726530611442,0.1435974613113277,-4.06951938930306,4.711021912444351e-05,0.0001090644127126
9456,Gm16062,36.99067600801104,-1.1483282919680091,0.1291498223719999,-8.891443061070524,6.032034068927929e-19,3.0819785914182337e-18
9464,Tom1l2,16.530627755875216,-0.6418816193985473,0.1487000284724581,-4.316620689265268,1.5843607056012992e-05,3.838231634309069e-05
9468,Drg2,105.41505238272065,-0.5415781673871928,0.070632805816473,-7.667515981092248,1.7535917999218766e-14,7.477758230741e-14
9475,Shmt1,44.98152096720941,-0.6586994747757465,0.0974708600491012,-6.757911794806414,1.3999470859549519e-11,5.160380248312797e-11
9480,Usp22,64.42381140054043,-0.5628488820484051,0.0751561742423263,-7.489057123019716,6.93701462741551e-14,2.870329794078763e-13
9484,B9d1,141.99841787049746,-1.6219299955217528,0.0619579729778134,-26.177906047742244,4.7436430992153304e-151,2.09296739071202e-149
9491,Akap10,15.633065123179266,-2.2157800096331117,0.2686502157920621,-8.247825162173504,1.613031295028727e-16,7.474583730327216e-16
9495,Ttc19,117.24103230176344,-2.568324475726807,0.0793206212421638,-32.37902622933041,5.417572366414639e-230,4.3112991416380966e-228
9497,Pigl,29.04532023686529,-1.5892387690008385,0.1274232341147312,-12.472127081391577,1.0595933054643715e-35,9.083419639760487e-35
9499,Gm12279,208.12293200852983,-1.410018692235534,0.0727431121776538,-19.383535430708207,1.0628780684312346e-83,2.1539347647232043e-82
9505,Mmgt2,25.292996386278634,-1.3731069729154382,0.1311213165822204,-10.47203466763867,1.16119875686189e-25,7.464910341050912e-25
9510,Tvp23b,164.61665444968102,-3.150349348188348,0.0932981302816226,-33.76647890669345,6.126289790230659e-250,6.032145675940109e-248
9516,Elac2,109.2737185027448,-3.0184702697727244,0.0902879358246919,-33.431601267677166,4.764442101285399e-245,4.440358125197965e-243
9529,Myh13,27.65644564427441,-1.3424969735572427,0.1310229917216136,-10.246270184470102,1.229985684717158e-24,7.647588481359484e-24
9530,Gas7,48.545827956028205,-2.8741131003573224,0.1987464751054349,-14.46120289093231,2.130417890798709e-47,2.3544022194571917e-46
9531,Usp43,61.17424229680084,-0.7195671350134322,0.0785074991726059,-9.16558472244031,4.927908103744852e-20,2.6096500283216443e-19
9535,C78197,39.01319716348558,-1.3076912042409532,0.1039227437995799,-12.58330136820578,2.6089448915239008e-36,2.2677651655600268e-35
9540,Rpl26,519.0305816961464,-0.7404308380087841,0.0370461492280879,-19.98671531149042,7.18741648174201e-89,1.5502759213341555e-87
9550,Vamp2,131.8770841227004,-0.6053265915592931,0.0789543252412771,-7.666794563938974,1.7634788762494914e-14,7.51807971019475e-14
9559,Kdm6b,199.52395110910047,-3.579836159344023,0.0921513620853852,-38.8473493861874,0.0,0.0
9564,Trp53,25.995553988476743,-1.198596031560112,0.1307836284339359,-9.164725324665314,4.967331378112799e-20,2.629405131954402e-19
9569,Mpdu1,35.69556610987669,-1.9388184939963808,0.1211888909518978,-15.998318647589029,1.312726034083011e-57,1.7831792144971721e-56
9573,Tnfsf13os,92.8297598424386,-0.8631237709211667,0.0792933191214477,-10.885201685140506,1.355981361573774e-27,9.256577818060217e-27
9579,Tmem102,221.51252297859065,-0.9159349900958956,0.0539810022812211,-16.967728485740437,1.4233207172380445e-64,2.1740257195464185e-63
9614,Gm12319,10.431450145166451,-0.928812973441302,0.1888446916053847,-4.918395987440177,8.725626068734171e-07,2.362806263609371e-06
9619,Zfp3,154.47947843119152,-2.3301038092672144,0.0692286039469438,-33.658107724561134,2.37279637644482e-248,2.2597319808022032e-246
9620,Rabep1,19.260880128533604,-1.426998174331876,0.1624148915096455,-8.78612891384488,1.5480194827132057e-18,7.79511226371735e-18
9629,4933427D14Rik,70.6154515752962,-3.5922299916383675,0.1557945323804035,-23.05748434654445,1.2373966953780272e-117,3.7833946679032034e-116
9650,Ctns,181.32425506322747,-1.2674587352543476,0.0555672789049211,-22.80944397912742,3.695217576600382e-115,1.0805411396810646e-113
9657,Cluh,46.11848780862533,-1.7285251262432664,0.1257598104178168,-13.744654357385867,5.483430367556162e-43,5.530394933204213e-42
9660,Mnt,40.38895523857323,-2.56179790370091,0.1302037228402599,-19.675304575152925,3.510612722352518e-86,7.301069036415235e-85
9661,Sgsm2,256.65791518375084,-4.768195939628257,0.0961245454829858,-49.60435355683666,0.0,0.0
9665,Ovca2,12.940249266619793,-1.4225966791752136,0.1897928231246806,-7.495524097034307,6.603397158247064e-14,2.738139559217935e-13
9670,Serpinf1,13.547727849942223,-0.8095834903928325,0.1901029217796266,-4.258658850763627,2.05657050603554e-05,4.933504580755319e-05
9672,Mir22hg,166.37275339742493,-0.829968705365176,0.053699427977333,-15.45582023174459,6.892854361460951e-54,8.78775902059557e-53
9675,Scarf1,318.5504676682119,-2.713622495044179,0.066791036873796,-40.628542721558034,0.0,0.0
9679,Crk,21.70305321406024,-2.2360918688949143,0.1683437763352764,-13.282890033555352,2.9094444395606e-40,2.775358384929509e-39
9683,Rflnb,55.636276276643976,-1.344733019235009,0.0881223510214193,-15.259840479155544,1.4159404891574444e-52,1.7538742604858523e-51
9699,Taok1,78.61505741020163,-0.5286883412045227,0.0726311407119688,-7.279086298549631,3.3608864713554125e-13,1.3440461088293284e-12
9700,Nufip2,15.745920312013835,-0.7733745703576212,0.1624379221204496,-4.761046929571991,1.925912528169256e-06,5.0549402923093065e-06
9711,Traf4,112.41927309007924,-1.3917854411326405,0.0693593917433563,-20.06628671546784,1.4547604453523374e-89,3.165239081348382e-88
9712,Nek8,122.84337887161684,-1.3863041276548478,0.066140187241984,-20.960087738833284,1.5180706274717264e-97,3.649232399389965e-96
9716,Proca1,29.78964612726489,-0.6840486700690568,0.1352620091261955,-5.05721210625268,4.254299781085237e-07,1.175954585007986e-06
9719,2610507B11Rik,54.05748585452876,-1.1543881180266515,0.1061728512614699,-10.87272409388122,1.5548779173692939e-27,1.0581184046822355e-26
9723,Pigs,46.25868925794511,-0.6714159664458389,0.1181706508021659,-5.681748910479322,1.3332429908419246e-08,4.105983185084478e-08
9724,Unc119,89.6038109280148,-0.7289979793930044,0.073761775712115,-9.88314031698765,4.926437072646469e-23,2.8986477144524873e-22
9725,Slc46a1,96.23201377166112,-1.4236241497111464,0.0769862561641464,-18.491925970211646,2.3983359757364037e-76,4.381362618986798e-75
9729,Tnfaip1,652.9618308403991,-1.8983808134137967,0.0382297158078205,-49.65720443638372,0.0,0.0
9730,Ift20,80.4312667370611,-0.5186299669336257,0.0703538000179967,-7.371740642310134,1.6841442374288271e-13,6.838598734834482e-13
9731,Tmem97,82.6722691928513,-2.715473965608074,0.1022182699259109,-26.565446349036065,1.7030228787723766e-155,7.769707521268318e-154
9734,Lgals9,19.67393325156191,-0.8204850936459168,0.1422183237442153,-5.76919395507423,7.96515890642708e-09,2.4892043078679216e-08
9741,Utp6,117.28360694517733,-0.6676465453987862,0.0586779145661071,-11.378157358448863,5.3722833716356176e-30,3.952222650944092e-29
9742,Suz12,109.79738806860716,-1.5478744516736145,0.0887163218967005,-17.447459707312113,3.5988607551653687e-68,5.807494929724263e-67
9752,Zfp207,32.433443249769894,-0.6048268302841143,0.1117778550101178,-5.410971880157899,6.268361557837368e-08,1.8450431553789845e-07
9753,Psmd11,149.36009239011236,-0.6748564828190239,0.0613023386769666,-11.00865802812495,3.4713570713613948e-28,2.4180180271657234e-27
9770,AI662270,16.151272408122423,-0.9132548705313828,0.2327785734677912,-3.9232772025632623,8.735254608949094e-05,0.0001963854712651
9772,Pex12,11.732475506035652,-0.9511458872582,0.2151549427460357,-4.420748485341154,9.835960637254056e-06,2.433576405253601e-05
9778,Dusp14,24.737053724351703,-2.894432143901237,0.1987129917370954,-14.5658928417256,4.628969460995748e-48,5.181353870663706e-47
9781,Gm11437,160.70085307082323,-0.9072080082987608,0.0606199171666251,-14.965510523630869,1.233735115688519e-50,1.451825496031027e-49
9782,Aatf,89.07135098220938,-0.7132623328867529,0.0834106887194952,-8.551210208626953,1.218045589781685e-17,5.921366398525857e-17
9787,Ggnbp2,21.401077442088614,-2.078756551778977,0.1698278687695731,-12.240373543163797,1.8916004443184278e-34,1.5713447351564146e-33
9794,Bcas3,68.11363658878558,-2.865101174182945,0.1069218709071772,-26.79621250427094,3.576921915359509e-158,1.6757686865829443e-156
9797,Tbx4,187.5900960506804,-1.1546723220848178,0.0500264819339199,-23.081221733921392,7.148935968983922e-118,2.1973837048933292e-116
9798,Brip1,12.821219239392391,-4.137202593016572,0.3487026600854299,-11.864557018300305,1.808571849256376e-32,1.4255897869217603e-31
9803,Rps6kb1,168.50097254688123,-0.7334288168526698,0.0506240854523472,-14.48774452514407,1.448205757412281e-47,1.6076006331325624e-46
9804,Tubd1,61.743208508455695,-1.081045021519938,0.0887684644666112,-12.17825528486589,4.058714592454293e-34,3.3365697130798775e-33
9816,Ppm1e,84.9894018139448,-1.8115744623248096,0.0815747401035792,-22.207541942819184,2.9039583469942703e-109,7.883206553180083e-108
9817,Rad51c,23.13917471797196,-0.9803753858350512,0.1552541073698875,-6.314650236591427,2.7077316490999755e-10,9.240326450071347e-10
9820,Hsf5,53.88871631320897,-0.5388540740546037,0.0975088327672056,-5.526207818947786,3.272264964916064e-08,9.810602753923476e-08
9822,Supt4a,42.1020930457045,-0.9765994191165932,0.0998933149237145,-9.776424176756896,1.421439312494272e-22,8.216532118789444e-22
9828,Srsf1,73.05339174839345,-1.2478019102093811,0.082698770493256,-15.088518278650067,1.9272173256316783e-51,2.319581736955034e-50
9832,Mrps23,58.84827383340883,-0.7160612387559011,0.0797344792036752,-8.98057209261731,2.6936248963933213e-19,1.394252886674868e-18
9841,Coil,352.96594364688474,-0.9912248929346424,0.0518248196624887,-19.12645136809033,1.5208095689740264e-81,2.981402606083164e-80
9850,Stxbp4,153.82173580691511,-0.5625281856952484,0.0495577518023255,-11.35096256866218,7.335071037764915e-30,5.373502229767419e-29
9858,B230206L02Rik,26.410393487236583,-2.246956709428289,0.1530138980048351,-14.68465766003351,8.084145934471272e-49,9.190508502672231e-48
9863,Cacna1g,51.43656497428045,-2.1699621480787235,0.1457073895361315,-14.892601912551804,3.681586634247048e-50,4.3004485161968864e-49
9866,Acsf2,14.403510484151646,-1.158593541599983,0.1720811810445945,-6.732831182160098,1.6639308459902286e-11,6.116639271022507e-11
9873,Ppp1r9b,29.346235234781517,-1.323994474370509,0.1404189666759593,-9.428886322927095,4.144660558687766e-21,2.2714825225412076e-20
9879,Tac4,101.42819480743158,-0.6304080406166749,0.0658781515441733,-9.569303719670495,1.0762804981131686e-21,6.0274474682250315e-21
9886,Phb,553.1253067902693,-2.5085330344702297,0.04752202362705,-52.78674692300659,0.0,0.0
9887,Zfp652os,14.492719865477714,-3.128151388662039,0.2460342958885016,-12.714290003210207,4.925629952484068e-37,4.353137870785615e-36
9898,Ttll6,302.6653832286342,-0.6729659308280262,0.0442282718872563,-15.21574102066444,2.780531137630615e-52,3.419837450008917e-51
9900,Hoxb4,35.863466585262096,-2.913149315508356,0.1818189236840297,-16.022255860291594,8.934906537226892e-58,1.2194013401001588e-56
9905,Snx11,20.290169654485517,-2.7524944679821384,0.3444688212246011,-7.990547470151013,1.3434082504773673e-15,6.007934049094062e-15
9909,Cdk5rap3,52.69607393191983,-2.495386515191186,0.1124673824904857,-22.187646408524568,4.520399796458064e-109,1.2252181594505621e-107
9914,Sp6,148.77435362468216,-0.8494169118357874,0.0536525812075897,-15.831799565230009,1.8777305810938937e-56,2.500006766027836e-55
9918,Gm11574,67.19701166949727,-1.0414494646669967,0.0936319989052633,-11.122794310102613,9.717975835917967e-29,6.879158524304564e-28
9921,Kpnb1,46.16011303945665,-0.9734109642344112,0.1017544562921319,-9.56627355405248,1.108284399615099e-21,6.204683750880803e-21
9926,Socs7,82.25657545167117,-0.8524101608225407,0.0731198179591927,-11.657717218309552,2.095862661783216e-31,1.6126575924749622e-30
9929,Srcin1,18.510517482326787,-1.403922219152396,0.1536265083280948,-9.13854148239891,6.330025217657231e-20,3.3420078610521125e-19
9931,Epop,95.52415992574512,-1.115157589344203,0.0708303513000579,-15.74406407530116,7.543899777347002e-56,9.975347899818175e-55
9933,Mllt6,41.68839974775678,-0.5306620535294871,0.0974112919623269,-5.447644136931442,5.10413491719469e-08,1.5112956734092604e-07
9935,Pcgf2,16.29642258302122,-0.6796353388382598,0.1551748917388543,-4.3798022426335965,1.1878705991034544e-05,2.9158040565035212e-05
9938,1700001P01Rik,75.42451659059655,-1.478356709642202,0.0789856588156857,-18.716773801836236,3.6138747960247437e-78,6.7577907666436956e-77
9946,Fbxl20,20.725934918395645,-3.7032686832197137,0.2443934446626351,-15.152896954056066,7.249916320539979e-52,8.823431678377848e-51
9947,Med1,163.1917036979703,-0.746820581602002,0.0604179724287963,-12.360901095814546,4.2536163651096586e-35,3.588190997634614e-34
9950,Erbb2,19.737137904205884,-3.936414078021772,0.2872618872289322,-13.70322431560391,9.711413522681097e-43,9.755072903359429e-42
9960,Rapgefl1,714.6131741502492,-0.7151384491282163,0.0576723033570691,-12.40003272802452,2.6121688494345e-35,2.2196430379300076e-34
9962,Cdc6,267.63001592463087,-0.5543459377142576,0.0426528595076749,-12.996688712383,1.2775623100674403e-38,1.1700134492829926e-37
9963,Rara,108.34401272974384,-0.7147990236672773,0.0593903874395147,-12.03560128977529,2.3094521532022417e-33,1.8608013003240246e-32
9964,Top2a,18.893815077968675,-2.7022885267767283,0.2116916313675454,-12.765211875971294,2.56451893665819e-37,2.2826576112399865e-36
9965,Igfbp4,315.9037634291801,-5.158605296772764,0.1416778067102347,-36.410821260971055,2.8700064423598647e-290,3.522427625172375e-288
9969,Krt10,24.589731247469,-2.4378190854696933,0.170054619430974,-14.335506401572438,1.3128540175028771e-46,1.430920563917457e-45
9982,Nt5c3b,40.34653885902309,-0.7132668682717573,0.0948768599566578,-7.517816974524619,5.569839911579399e-14,2.31728741893067e-13
9993,Stat5b,276.4609849566653,-1.055572255258889,0.0868263209625091,-12.157284145606912,5.247434448101958e-34,4.29756990420681e-33
9994,Stat5a,26.24877589445797,-0.9361860560132846,0.1282410955208117,-7.300203200941581,2.8733345022557173e-13,1.1530387682549538e-12
9995,Stat3,23.76390825684926,-1.0307484988517135,0.1300470810162864,-7.925964126196944,2.2638294551934224e-15,1.0031533115970244e-14
9996,Cavin1,100.88057642324118,-0.8258717888136928,0.0720892214513807,-11.456245083333124,2.1879638892628073e-30,1.6281739821550897e-29
10005,Tubg2,22.639947439988084,-4.8516478952248,0.4040194246085979,-12.008452068672026,3.2079338302319605e-33,2.572842650404169e-32
10008,Vps25,429.0984898904428,-1.2747718417565574,0.0373888830030073,-34.09494318549239,8.76550797508569e-255,8.933641695309555e-253
10012,Becn1,23.56166536204161,-3.108218472475101,0.1930831270287698,-16.097825430452914,2.642289219455976e-58,3.648955349974545e-57
10022,Vat1,26.39413656552959,-0.9499817922447832,0.1218409500160667,-7.796900730989971,6.344611106442622e-15,2.7512784862672807e-14
10028,Rdm1,143.20799299280324,-0.5399270290266857,0.1561122727435503,-3.458581567854296,0.0005430278160959,0.001116551295295
10030,Dhx8,22.502401886604744,-0.852635697372347,0.1341573702773321,-6.355489047003276,2.077645540282912e-10,7.132008366368048e-10
10032,Dusp3,35.28598466253952,-0.8882269101165006,0.1055922147595543,-8.41185983397636,4.035599724238009e-17,1.919553274945961e-16
10035,Tmem101,109.25212826860052,-0.6472060251137808,0.0606245835111953,-10.675636641598752,1.3234716769336472e-26,8.753496920531159e-26
10038,Hdac5,45.219830681191006,-1.020387629398647,0.0981601300404647,-10.395133227492776,2.6092205279632263e-25,1.6584061036230163e-24
10044,Rundc3a,324.46687032798906,-1.161301740342558,0.0559110971746867,-20.7705053026276,8.001217095367892e-96,1.884394750514481e-94
10046,Grn,484.9962995408201,-0.9627680312710576,0.0429477724380561,-22.41718200075837,2.6759961316169024e-111,7.510025858586051e-110
10053,Ccdc43,14.266719549630132,-1.6725639396086682,0.191776716640642,-8.721412947864664,2.7475142874210266e-18,1.3696704519786513e-17
10055,Gjc1,1059.1519744358554,-0.5010024506298706,0.0347896909816202,-14.400888208364831,5.108278157486394e-47,5.60977137546773e-46
10061,Dcakd,148.99581728518223,-0.5262145953977482,0.0553338890154316,-9.509806824728985,1.9101691884503507e-21,1.0581827277912495e-20
10067,1700023F06Rik,10.588565261212858,-5.04724108658136,0.4974444801596578,-10.146340522185346,3.4402235889276834e-24,2.1059436848553444e-23
10070,Plekhm1,22.16721755102062,-0.7301847741840884,0.1704907405998396,-4.282841235923256,1.845218369526133e-05,4.443618314785332e-05
10080,Kansl1,30.31199224718464,-1.2363373538349989,0.1215190630332927,-10.174019803759329,2.589943548163224e-24,1.5938395535801084e-23
10087,Tlk2,297.860219024907,-1.5632521779859292,0.0402544599023028,-38.8342603969827,0.0,0.0
10094,Taco1,202.75173392204465,-0.6380694054135815,0.0498910651904894,-12.789252002885965,1.882772690978912e-37,1.6809919292203112e-36
10095,Map3k3,123.8817998247102,-0.5201551372200047,0.0627633640599674,-8.287559868891357,1.1559541978767967e-16,5.383743923195299e-16
10100,Psmc5,85.39944047186616,-3.387175350793122,0.2172508692005232,-15.591078476499662,8.370833872874056e-55,1.0887081547496194e-53
10108,Polg2,82.07182022135801,-0.6761320580537541,0.0666500536436728,-10.14450883518441,3.505372889874826e-24,2.1450715844360418e-23
10109,Ddx5,108.64920867342484,-0.5920866002006999,0.0620638777371101,-9.539954991350315,1.4289431767408108e-21,7.969158938956431e-21
10117,Pitpnc1,148.05787547380524,-5.3606609293767225,0.2650516313168734,-20.22496863250001,5.902796232919173e-91,1.3121675095320836e-89
10126,Cep112,15.656481864463988,-1.0830451976097055,0.1670979759199176,-6.481498005270628,9.081636928089819e-11,3.187168110808485e-10
10132,Slc16a6,52.39925173631904,-1.7656989258571054,0.2655541785227625,-6.649109931839219,2.948707066639256e-11,1.0659628035135648e-10
10135,Prkar1a,18.17552413424465,-0.5605497578468239,0.1445449765653643,-3.878030016445011,0.0001053057269884,0.0002343892988448
10142,D11Wsu47e,253.4372329247025,-0.6691518975082582,0.0530459756809807,-12.614564798139384,1.7552458101703604e-36,1.5318189273735124e-35
10143,Cpsf4l,27.81584606391492,-2.545693727557247,0.1672603976478011,-15.219943055006318,2.607579197959101e-52,3.211653022051676e-51
10147,Btbd17,61.94606666557666,-0.5268294849048928,0.0757886940228523,-6.951293879612695,3.619509655730413e-12,1.3764087776580764e-11
10149,Rab37,68.21562661031497,-1.8235027543804432,0.0952816611629777,-19.138024380802623,1.2180162819367918e-81,2.390494117296668e-80
10150,Slc9a3r1,26.65033363595688,-0.7808264616200579,0.1331609005493987,-5.863781773767704,4.524420321800707e-09,1.4370620989309773e-08
10154,Fads6,73.57868880169093,-1.0388922561238323,0.0875305481245419,-11.86891066471622,1.7168858431689195e-32,1.3539315146944764e-31
10155,Hid1,287.7711386624554,-1.361332328681323,0.0434622763798903,-31.32215894037253,2.3299359891745897e-215,1.6919218508056144e-213
10167,Mif4gd,60.3260553073716,-1.9178224899112952,0.094835193257913,-20.22268763343584,6.182167587361478e-91,1.370773749523357e-89
10170,Tmem94,435.4397757136595,-5.885124195302999,0.1180044652432327,-49.87204664817119,0.0,0.0
10174,Myo15b,76.64415486019509,-2.065743595993929,0.1619454849927405,-12.755796162434098,2.894027831299181e-37,2.5667744042688108e-36
10177,Sap30bp,335.542354210026,-2.334453717387878,0.0673771136385973,-34.64757677079496,4.858554578925094e-263,5.100896939849791e-261
10179,Itgb4,124.87267294147324,-3.855209716580006,0.1079134007943924,-35.72503218506978,1.6158379172277803e-279,1.864955180228196e-277
10185,Trim47,72.95098908478371,-1.700752189250649,0.0804997253220643,-21.12742847812533,4.451387247191236e-99,1.0911220385942176e-97
10186,Mrpl38,371.0941836514472,-0.7746411782635101,0.0427981069483691,-18.099893511599078,3.192844843468867e-73,5.525809327902226e-72
10190,Evpl,18.246300076432533,-1.5985243837230658,0.1612912604820894,-9.910793547928,3.736663639571304e-23,2.207544878320294e-22
10194,Foxj1,10.982997809551936,-1.2145019207115395,0.1947554296656743,-6.236036257353165,4.4879712252505137e-10,1.5146468341143681e-09
10198,Prpsap1,36.26141672236249,-0.7783658889233575,0.1096056213000001,-7.101514317344203,1.2339722471153657e-12,4.7971600095308034e-12
10201,Prcd,14.661595220646262,-0.7758586571528935,0.1732404000567136,-4.478508805676396,7.516627040447928e-06,1.8797499793503587e-05
10202,Snhg16,215.4721928136261,-0.7889675652647562,0.0451558580785272,-17.472097726339733,2.337404107252413e-68,3.7858995149809534e-67
10212,2900041M22Rik,48.51795450644772,-0.9035688552405426,0.0865511241548582,-10.439712529023508,1.6330447934228652e-25,1.0459648901056116e-24
10218,Afmid,24.090075245497005,-1.1074493082934165,0.1326308386780331,-8.34986281721248,6.834229698266525e-17,3.2182371029826806e-16
10220,Socs3,336.81130149739425,-0.7812118747748582,0.0402612169851935,-19.40358323152917,7.197537518324343e-84,1.4619893224866738e-82
10224,Timp2,72.32069030739717,-1.2762861816828386,0.0817717634532214,-15.607908253231615,6.431111202462296e-55,8.389326799140186e-54
10225,Cant1,29.979612358629684,-4.034224540739596,0.281598937718459,-14.32613550827024,1.5025199729734931e-46,1.6355976320413518e-45
10230,Cbx8,140.288991096046,-2.951761204818085,0.0887842223424626,-33.246461217314184,2.296436125431623e-242,2.031588263655956e-240
10238,Rnf213,398.300007780691,-0.7871592901061285,0.0414355640184059,-18.997190185620912,1.7992241858606024e-80,3.472522603674261e-79
10242,Rptoros,32.69539528664347,-0.720746087331351,0.1078057220481849,-6.685601409999425,2.299781976448763e-11,8.38155589409223e-11
10253,Bahcc1,24.75692771181972,-1.002027875459288,0.1291370058546266,-7.759416976008413,8.532069788677266e-15,3.6833518027512354e-14
10257,Faap100,14.974231330966404,-1.1824003065535935,0.1612060107325913,-7.334716002091016,2.221921415741921e-13,8.965882480562675e-13
10261,Arl16,39.438042423372046,-0.6566861261611503,0.1009661587344691,-6.5040220841536485,7.820040885084479e-11,2.7560702233620285e-10
10264,Slc25a10,23.002370527994906,-0.998613144473385,0.131140006764125,-7.614862688466535,2.6397194185817733e-14,1.1152734552010461e-13
10269,Anapc11,78.89785121849742,-2.5329511085039123,0.1106113462230306,-22.89955953882532,4.6933670738722414e-116,1.3934582855782862e-114
10285,Slc16a3,109.1228062579886,-1.2450523441522727,0.0640363843057409,-19.44288950181485,3.3476911298453217e-84,6.839807855913748e-83
10287,Gm28192,462.87074787516906,-0.6195922264390294,0.0410153067584165,-15.106365779207207,1.470281024460708e-51,1.7745192309072871e-50
10288,Tex19.1,25.373845038427927,-0.6570372531362906,0.1186542183323542,-5.537411668718836,3.0697442587778075e-08,9.222462151694469e-08
10295,Zfp750,23.752561516719805,-0.8766414361842745,0.1384543144087251,-6.331629605967918,2.4258527321027845e-10,8.294636338059119e-10
10296,B3gntl1,13.80865633699437,-0.6728868547698134,0.162572343762411,-4.138999532129486,3.488236615102835e-05,8.188710631467161e-05
10298,Rab10os,34.73581487574117,-1.307169771530764,0.1157419870560369,-11.293825212261927,1.4077381212293896e-29,1.0205515797331862e-28
10299,Rab10,170.0659936191214,-1.914623723532591,0.0722415579629203,-26.50307907970804,8.93180193742492e-155,4.0537355251417057e-153
10302,1110002L01Rik,77.03326024248639,-2.6187355461364445,0.2067319098661937,-12.667302052360512,8.974835350984001e-37,7.883741456499455e-36
10303,Asxl2,121.57869552538334,-1.0524496005740118,0.0597727883386114,-17.607503846263786,2.1575193246869447e-69,3.560724127901901e-68
10304,Dtnb,97.30357750333545,-1.1698865508343606,0.0712881608801389,-16.410670949996316,1.6042279046056736e-60,2.289802122970326e-59
10306,Pomc,67.5701390433553,-0.5220665817154875,0.0791747446533637,-6.593852421010712,4.285577289124051e-11,1.5352320862251583e-10
10307,Efr3b,22.351806547303813,-2.3034131876484025,0.190173925969912,-12.112139852509708,9.108642114525296e-34,7.431901440634217e-33
10329,Ldah,10.552786866583151,-3.252837062480342,0.2950069803663744,-11.026305406199494,2.8534806878880258e-28,1.9948039080831336e-27
10330,Hs1bp3,14.51433881543256,-2.267861654921812,0.2184682761858166,-10.380736711598798,3.0342458721073717e-25,1.9243390487295223e-24
10333,Pum2,34.2137816629102,-1.0441081700718868,0.1115985351178257,-9.355930783226835,8.286683165385229e-21,4.4962737922270794e-20
10334,Sdc1,38.75264571689875,-2.135643889917094,0.1411976171266717,-15.12521197862112,1.1044442607280628e-51,1.335756736708444e-50
10336,Matn3,24.241861660863982,-0.9468355520860176,0.1321495619176413,-7.164878478190547,7.785558555441582e-13,3.061523341702073e-12
10338,Ttc32,11.021212460366636,-2.428289754240431,0.2372590319184821,-10.234762127305428,1.3853520247661962e-24,8.601323508238428e-24
10341,Smc6,149.54715485876568,-1.173828158474149,0.0661919051296132,-17.733711640050622,2.303151802226592e-70,3.848449626961173e-69
10358,Gm40849,585.2048199309594,-1.610838061891518,0.033344266409971,-48.30929677942538,0.0,0.0
10366,Gm49700,141.78192763931102,-0.8628594519250258,0.0563921619268865,-15.30105288468527,7.522967295678876e-53,9.398585951906196e-52
10378,Taf1b,19.05462208374269,-1.1083905570260528,0.147556545169931,-7.511632613447228,5.839447541616555e-14,2.425402568047982e-13
10380,Klf11,59.75785074546608,-1.592899118017594,0.0943392014157932,-16.884806041520385,5.820729274356752e-64,8.75268936958494e-63
10382,2900060N12Rik,113.61423364892534,-2.66665230371022,0.1974994389928843,-13.502075334028149,1.5203230948234323e-41,1.4852124942030707e-40
10389,Gm9866,51.527354872448285,-0.8985003853796387,0.0935314595387041,-9.60639756731083,7.513166548419667e-22,4.2334130813403805e-21
10396,Eipr1,69.7583233494414,-0.903138108744595,0.0812049712885524,-11.121709599962776,9.836872040631827e-29,6.960495571422309e-28
10399,Sntg2,205.44070742047128,-1.643733550592679,0.0552455765458823,-29.75321561224963,1.5757532197150127e-194,9.669798279293397e-193
10404,Fam110c,95.50750992222304,-1.1252020204400948,0.072119893176192,-15.601825944073113,7.074152138611033e-55,9.214373951548063e-54
10411,Gm40375,11.162979029371678,-0.9474310040632976,0.2282946113163912,-4.1500366504501605,3.3242204318061315e-05,7.818422899529994e-05
10413,4933406C10Rik,34.23922302785596,-0.7211994287827723,0.1082181559496265,-6.664310830785886,2.659101568634584e-11,9.632679721089904e-11
10414,Sypl,131.61727058995098,-3.1214764526338006,0.0896569874818095,-34.81576328077179,1.404495737936887e-265,1.529846982547754e-263
10416,Gm16267,99.94117955328636,-0.7825844947504488,0.0690862219273066,-11.327649318758423,9.573973618274644e-30,6.987236692600106e-29
10423,Hdac9,64.97083057784585,-0.6424249024966666,0.0771250565881027,-8.329652267584422,8.108015172574478e-17,3.801627345376056e-16
10430,Crppa,33.93114187103022,-1.3344777338978444,0.1148756658776239,-11.61671380707775,3.389234337902849e-31,2.58501426875146e-30
10434,Arl4a,27.34807439394824,-1.0578568730387754,0.1259817880141962,-8.396903153331744,4.5840782385686287e-17,2.174505050129942e-16
10436,Gm17056,26.422818625144792,-1.589014556612023,0.1340908852758753,-11.850280153962917,2.14472588881488e-32,1.6859847898180301e-31
10440,Dock4,34.988502189056256,-0.5480802332512195,0.1046178211730784,-5.238880212812714,1.6155385280342206e-07,4.619459469496373e-07
10441,Immp2l,309.5856046202503,-0.655047099250135,0.0452691971471838,-14.47004012729405,1.873628318208315e-47,2.0758801226786087e-46
10443,Gm47373,14.11804097358748,-1.1542330429197651,0.1705956602592061,-6.76589920966338,1.324837536742204e-11,4.8928308095662486e-11
10445,Lrrn3,24.74794208367053,-4.734494404951976,0.3075013712635712,-15.396661112427555,1.7234125950573602e-53,2.178073582788953e-52
10446,Gm47371,41.55791117403572,-2.023165255559672,0.1211212134833041,-16.703640901340158,1.2330558251674284e-62,1.8227054216300207e-61
10448,Pnpla8,24.775879734373014,-2.2277638798187387,0.1631360533379547,-13.655864747467412,1.862649802383638e-42,1.8549863289109738e-41
10450,Stxbp6,12.565690105633678,-0.5245167386450967,0.1693223058396542,-3.097741529351759,0.0019500142198853,0.0037277144381031
10456,G2e3,26.7981752817269,-0.6619042699856789,0.1178359005784722,-5.617169867046478,1.941105708324129e-08,5.91426403578198e-08
10461,Heatr5a,264.0246370027212,-0.6685351284733129,0.0411703032719554,-16.238285252776066,2.7037677703680863e-59,3.7909303863214e-58
10465,Arhgap5,253.1854390275436,-0.6467369804063854,0.0429544623288304,-15.056339792019791,3.1367952214850604e-51,3.75725547216781e-50
10466,Gm35239,87.13498174093512,-0.6165191712675404,0.0766863877433869,-8.039486399210482,9.02157987442605e-16,4.063791523688219e-15
10470,Sptssa,173.16794819863443,-1.0461022621021494,0.0523576955629822,-19.979914143543045,8.236539766445799e-89,1.7721779635755233e-87
10478,Ppp2r3c,76.42364307401385,-4.498925430885371,0.1591654416754017,-28.265717630215065,9.123842212775884e-176,4.8331404888832245e-174
10482,Ralgapa1,15.130004062528846,-0.5151200209752769,0.1562825362116988,-3.2960817853474045,0.0009804346873697,0.0019476821761633
10485,Nkx2-9,62.03124293650409,-1.0748773041822273,0.0954283772707164,-11.263707242269836,1.9823989338575882e-29,1.430610708872465e-28
10504,Fkbp3,18.984652312457136,-0.7735942481648029,0.1502735665520812,-5.147906354486461,2.634099290620175e-07,7.430735260104953e-07
10511,Rpl36al,85.26837108504441,-3.197110891562704,0.1040755474071521,-30.719135966254804,3.1604769628051135e-207,2.1771064232319183e-205
10516,Gm47545,72.33970401311338,-1.704191724611673,0.0996649767818658,-17.099203548118943,1.5044620668797056e-65,2.3368774422085125e-64
10517,Klhdc1,12.010647859481592,-0.5827301898937122,0.1762992078018613,-3.305347750334928,0.0009485862492379,0.0018887194278212
10523,Sos2,16.292472935271544,-1.599078195050902,0.1663237880789405,-9.614248289558844,6.961597277208577e-22,3.9264309821097426e-21
10525,Dmac2l,159.80133968799947,-1.99661347477162,0.0608364424695792,-32.8193660530037,3.117250923894648e-236,2.611896591424804e-234
10531,Nin,23.26912636627344,-1.999050711472564,0.1507073351637163,-13.264455305383484,3.721147840453658e-40,3.534177905363835e-39
10533,Gm40437,60.087439302416655,-3.307581090989286,0.1560568523960349,-21.19471872081231,1.0683507964282802e-99,2.644775238657964e-98
10536,Actr10,72.19638757022884,-0.9191162047013278,0.0749745745488307,-12.259038617187615,1.5027211175115215e-34,1.2512863657902909e-33
10541,Timm9,23.20590372791417,-0.8345801659542609,0.1380487821836244,-6.045545297488759,1.4890550570249754e-09,4.880807134442594e-09
10542,2700049A03Rik,39.414107864074985,-1.399381664507084,0.1068000034791478,-13.102824147194958,3.1723003538679626e-39,2.9470602647766984e-38
10543,Dact1,493.5189485139742,-5.589106252162199,0.0996951764209199,-56.06195257195397,0.0,0.0
10545,Daam1,49.82746907826012,-0.5592530658742807,0.105861666932162,-5.2828666133951945,1.2717799049041706e-07,3.6641726207091893e-07
10551,Pcnx4,112.59288236761496,-0.8746790917825771,0.0649507232111979,-13.46681066103627,2.4523200986557205e-41,2.386322427658956e-40
10554,Six1,89.96235374601727,-2.495119976000704,0.0976902075871507,-25.541147241137484,6.886362347775643e-144,2.8238946587537384e-142
10556,Mnat1,34.22046493588236,-2.986882294833604,0.1516133248190782,-19.7006582264315,2.1283502720585187e-86,4.463644830497697e-85
10557,Trmt5,74.30199017227272,-1.3765777449088157,0.0823507987275006,-16.71602177732266,1.0018791939525056e-62,1.4834962270351968e-61
10563,Hif1a,130.62709796194673,-4.2488334496063205,0.1273901936188455,-33.35290832761374,6.610653243174347e-244,6.095791784235053e-242
10564,Snapc1,99.24472429567923,-0.8365620336188438,0.0647188435436028,-12.92609675658418,3.2069079854895576e-38,2.9124540057900995e-37
10573,Syne2,154.97207987575837,-0.7129221460574007,0.0564387225203257,-12.631790980043007,1.410313074670666e-36,1.2332632345890802e-35
10576,Mthfd1,17.60254339842421,-3.234786063859513,0.2272081318322567,-14.237105150125927,5.3914572118262716e-46,5.764559281454493e-45
10598,Plekhh1,99.2726004235894,-0.6649048064489934,0.0676430051034301,-9.829616609024322,8.39377096474239e-23,4.892529778378942e-22
10602,Vti1b,95.22040693341712,-5.306825573886393,0.2250286021338975,-23.58289356803053,5.774368557539537e-123,1.90959573474002e-121
10610,Actn1,31.88346431220688,-0.5200803228245509,0.120189236110949,-4.327178869366094,1.5103130931121316e-05,3.667001474889695e-05
10612,Gm30025,34.27502343048539,-1.008822314330874,0.1107273447116697,-9.110868836941886,8.172483540078258e-20,4.2978287005577513e-19
10639,Gm29361,63.71775811814484,-4.823482016363439,0.1889627094337107,-25.526105287220947,1.0116886155072521e-143,4.129205899545759e-142
10653,Entpd5,227.7271457466174,-1.4901146028902674,0.0503904445923155,-29.571372408917107,3.488829802466268e-192,2.111226590186879e-190
10660,Npc2,218.30347318824383,-0.7358261766876122,0.0474296981600102,-15.514038782309076,2.787781597158401e-54,3.59359894047904e-53
10661,Isca2,509.0481452067603,-2.118226333147959,0.0508219292765445,-41.67937666478097,0.0,0.0
10670,Pgf,12.597275460711112,-1.1866284823314683,0.1885914429524781,-6.292058980801576,3.1328239517606363e-10,1.0655514408915763e-09
10671,Eif2b2,314.9221922277296,-0.6297154809672859,0.0379925302422564,-16.57471816043715,1.0615947208571744e-61,1.5353919332032226e-60
10673,Zc2hc1c,39.757148317592986,-0.6535346268026229,0.0977463102556183,-6.686028609095845,2.2930821694140936e-11,8.362384609447337e-11
10675,Tmed10,101.43912769903892,-0.9647711774370856,0.0638289440688509,-15.114948108751522,1.290727253720348e-51,1.558890823135012e-50
10679,Erg28,71.46730357089167,-0.7188163628474531,0.078401584900372,-9.168390712520427,4.801329652004285e-20,2.544164584224101e-19
10682,Ift43,48.24647457922727,-0.6840179571465616,0.0895211666156881,-7.640851689109808,2.1578951532552535e-14,9.159229598376173e-14
10685,4732487G21Rik,21.254011794068024,-1.0468546387437114,0.141137099943756,-7.417288857153001,1.1954204435430952e-13,4.894006927429894e-13
10686,Esrrb,28.868600986890485,-2.6788104620668056,0.1667098386240272,-16.06870046889194,4.228584205112728e-58,5.80281618320509e-57
10691,Gstz1,95.63486914840668,-1.586039328508098,0.0781488812571998,-20.2950995969885,1.4206656966299778e-91,3.1661587929497766e-90
10703,3200001D21Rik,28.31373241943648,-3.0389407673530857,0.1718482256666358,-17.683864675148012,5.583439701534519e-70,9.27628094550463e-69
10704,Nrxn3,69.59212562576299,-1.9626306134179392,0.0974233384787213,-20.145384505034244,2.954071341852597e-90,6.451573351604896e-89
10709,Gtf2a1,40.96858814837861,-0.6357632589231956,0.1024249930071297,-6.207110591444614,5.396762201305354e-10,1.8108350335839371e-09
10713,Sel1l,31.693789901777127,-0.8454589690801948,0.1147629147562472,-7.367005019660946,1.745039167660155e-13,7.077622204789664e-13
10716,Kcnk10,36.17286744408104,-0.573183406631067,0.1012852312942278,-5.65910152257047,1.52167524065186e-08,4.671438452365794e-08
10717,Spata7,307.4231668198388,-1.3248677408338203,0.0406035187598931,-32.62938241063193,1.571588395716914e-233,1.2798898392782418e-231
10729,Kcnk13,10.303368887453528,-0.7547831802417831,0.2048587689753913,-3.6844074774873374,0.0002292352731293,0.0004923727310941
10730,Psmc1,12.981482395295648,-1.6359251164983273,0.2218758788153589,-7.373154419637092,1.6663727902407828e-13,6.773247589717625e-13
10732,Ttc7b,14.883056061377058,-3.250762156446595,0.2673415975302292,-12.159582296499972,5.1018888007687834e-34,4.1823009416650215e-33
10734,Ccdc88c,141.9837922661742,-1.5903420423024022,0.0671049010118884,-23.699342645936607,3.662402520816191e-124,1.2298333551596255e-122
10739,Trip11,266.69823028027395,-0.7133076734561451,0.0428160118741498,-16.65983453930243,2.5673370820519792e-62,3.763124530361808e-61
10747,Gm20069,22.375798579788064,-0.9093059444986228,0.130459909255347,-6.970002889691216,3.169344755811015e-12,1.2102397108736715e-11
10753,Unc79,303.89647331636905,-1.1295886716950236,0.0604025840406524,-18.700999131672607,4.858576407826131e-78,9.04650316619592e-77
10754,Prima1,15.927720459462352,-1.347255084894465,0.1817026666317349,-7.414613719593935,1.2197980514972313e-13,4.989120028512966e-13
10759,Gsc,37.32811617426869,-2.85777711721949,0.1444267099223515,-19.787040214070675,3.8499737754410737e-87,8.123165007068648e-86
10762,Syne3,38.43122684940421,-0.5680441431171337,0.1017478128575221,-5.5828634263870445,2.3659053287283613e-08,7.166364593054417e-08
10784,Wdr25,23.350308662377653,-2.241920373435597,0.1669035072008276,-13.432434171308296,3.9036569750088477e-41,3.785917293291831e-40
10787,Meg3,162.28917549943392,-2.249585077011671,0.0663712541286302,-33.89396669606216,8.174808352719704e-252,8.141174855497085e-250
10795,Dync1h1,57.95570398220093,-0.5252741169638611,0.0813886024184392,-6.453902651667307,1.090058470911788e-10,3.8071220503107487e-10
10815,Mark3,64.14398504598894,-1.070697643160276,0.1055855816095383,-10.140566797460837,3.649757109620076e-24,2.231075654382977e-23
10822,Zfyve21,228.2473724848358,-0.9454010299730016,0.0469268893779323,-20.14625393895342,2.90265527239772e-90,6.347236648349746e-89
10834,Clba1,22.77271234308973,-1.3660324068783376,0.1533452069507826,-8.90821717901347,5.1859733467766575e-19,2.655145225840881e-18
10837,Nudt14,44.99833018752205,-0.9577888205881492,0.0926209702368827,-10.340949982909445,4.59955088428693e-25,2.897035519022501e-24
10838,Btbd6,77.58860363851396,-0.6091087512323268,0.0720891152939727,-8.449385857330027,2.928391394218148e-17,1.4017029722173544e-16
10848,D430020J02Rik,125.07355258065655,-0.594783940808767,0.0571325752859883,-10.41059216797876,2.218374098514766e-25,1.4161840215719903e-24
10855,Sp4,19.790516475081606,-0.6542459189119569,0.1398226818504089,-4.679111502180384,2.8812073283873096e-06,7.457846623961687e-06
10858,Itgb8,163.92271769243942,-0.7287666525368871,0.0523007809142501,-13.934144764142966,3.928782606330356e-44,4.032439532575114e-43
10863,Asb13,62.06312725031422,-1.857894972715792,0.1233843379441902,-15.057786131301055,3.06892948575992e-51,3.678494021858589e-50
10866,Akr1e1,29.958772266631044,-1.888324674499936,0.1508885041484371,-12.51470206532294,6.204022432374887e-36,5.339442121058248e-35
10871,Gm40663,164.87241316834422,-0.6277668308756615,0.054564174467794,-11.505110028672645,1.2433068923822856e-30,9.323731721359068e-30
10875,Gtpbp4,537.1418169343953,-0.5990517196911465,0.0372280312052228,-16.09141553548239,2.930595787643048e-58,4.0379525153972025e-57
10877,Dip2c,16.602645004133638,-1.355245793922876,0.1600197016884358,-8.469243347057281,2.4699219163748277e-17,1.185834687564201e-16
10882,Mtr,227.8694431932318,-0.9712727176263692,0.0481398331658281,-20.17607153478512,1.5888281851112339e-90,3.500644451342425e-89
10884,Heatr1,85.76001634024755,-0.6145212773127576,0.0703600441916805,-8.733952406832337,2.459246259748068e-18,1.2291294469426248e-17
10885,Lgals8,225.24378937031145,-1.8371550003010984,0.0587279439830429,-31.28246752230174,8.08119230043954e-215,5.8197941905810064e-213
10887,Gpr137b,61.784856455248665,-1.223089956543093,0.0938606882173199,-13.03090761183443,8.163082037413243e-39,7.519354849262052e-38
10889,Gm48682,141.7351416713227,-3.034563648966339,0.1286369979467451,-23.590131124038106,4.866692009667267e-123,1.6124849495148503e-121
10903,Inhba,34.13765367990517,-3.3414849568950555,0.1827992184764864,-18.27953633907287,1.204456303733358e-74,2.1419657613739755e-73
10905,Mplkip,65.72359677345545,-0.5954413301934508,0.0790539635934254,-7.532086983719193,4.993567322832299e-14,2.083502305537977e-13
10911,Gm47661,15.765649140431902,-0.5076305979139543,0.1554598367573302,-3.2653488418771195,0.0010932934076793,0.0021563962776182
10912,Stard3nl,47.81500549491484,-3.1203488394490133,0.1335922957568883,-23.35725141760745,1.1631022332326481e-120,3.739953085014499e-119
10923,Zscan26,320.57674662648503,-1.5492727647497009,0.0674029160713735,-22.98524834013356,6.547657505422036e-117,1.9811210938280426e-115
10925,Gm11273,14.856684864536284,-1.7459095007892704,0.1771355897568204,-9.856345092401432,6.434922552132803e-23,3.773480156075724e-22
10927,Hist1h2bl,15.246139877519443,-0.6963169797693507,0.1663731242331043,-4.18527321031578,2.8482331510316305e-05,6.743514108976939e-05
10931,Hist1h4j,22.91880639920979,-2.242095672836812,0.1675220655200298,-13.383882689583572,7.511848664776252e-41,7.240956777086313e-40
10932,Hist1h4k,67.0105813481096,-0.6110014193937835,0.0805549908958468,-7.584898373134628,3.3274777179405326e-14,1.4004173307961266e-13
10934,Hist1h1b,16.634047668412364,-0.6190472837707626,0.1608848152003069,-3.847767006476206,0.0001191993343462,0.0002636302029169
10935,Hist1h2an,75.45586890936536,-0.8752046483354888,0.0918268307609461,-9.531034024400986,1.5572430599937293e-21,8.665272046478516e-21
10942,Zfp184,38.01260599062516,-0.6501942672144786,0.0965723404780882,-6.732717297682192,1.6652342111643356e-11,6.120139568151e-11
10945,Hist1h2ah,18.14292725863178,-1.8345407980856951,0.1762623598417586,-10.408012236603854,2.2793112101359387e-25,1.4534883194383147e-24
10947,Hist1h4i,17.083434917301528,-1.5850928796736818,0.1717146278899436,-9.230971753260349,2.6818764592767935e-20,1.4337344457753361e-19
10965,Hist1h1e,32.86832695305376,-1.3400153450236896,0.1206364663902835,-11.10787960821454,1.148544071920497e-28,8.11383303017042e-28
10967,Hist1h2bc,20.34998237678288,-1.920063184321252,0.1758283427537949,-10.920100560862563,9.239345387729169e-28,6.344496115734594e-27
10969,Hist1h1c,13.120777700303211,-0.6407223603571499,0.1664540868356202,-3.849243791712292,0.0001184830400258,0.0002622123709931
10985,Tdp2,126.07894184759256,-0.9171046689968588,0.0619549403631236,-14.802768974057978,1.405743806117408e-49,1.6192533412435023e-48
10999,E2f3,22.047800418864245,-1.205389950925979,0.2472131786382072,-4.875912997704902,1.0830633958437595e-06,2.910659809215889e-06
11010,1110046J04Rik,141.5614912227646,-1.775562601517098,0.062308788254584,-28.49618250097283,1.306234793774653e-178,7.1588238949385695e-177
11012,Ripk1,391.0165810628653,-4.869068758826687,0.1152013727107589,-42.26571823108103,0.0,0.0
11029,Gm48770,53.41431095925604,-3.2769082874634634,0.1413786333224907,-23.17824278290125,7.548120720769445e-119,2.365982876287228e-117
11048,Pak1ip1,19.91589605509159,-1.3823202384632194,0.1513730310427256,-9.13187923199512,6.732038922568987e-20,3.5510282791323344e-19
11058,Gfod1,12.3083183552952,-0.6657440756454543,0.1732643866311083,-3.842359578849108,0.0001218571333901,0.0002691326981021
11076,Tpmt,88.40996535658162,-1.7069958006677983,0.0770954615243904,-22.14132669959778,1.264591705701614e-108,3.406383963982648e-107
11087,Wnk2,16.936911306309117,-0.7389210117616806,0.1632210015763582,-4.527119700438779,5.979307427946207e-06,1.5063222008419555e-05
11088,Ninj1,11.244631830484987,-1.598668578684354,0.201514693409174,-7.933260605658516,2.1346583229670216e-15,9.468777106813249e-15
11091,Bicd2,101.8220549682775,-1.462420070436088,0.0873635466123508,-16.739476900189636,6.757944570887272e-63,1.002361344522752e-61
11098,Ogn,108.44482082262836,-3.844456931797984,0.129711711710215,-29.63847197072512,4.775089934081814e-193,2.9200093814448366e-191
11104,Shc3,105.2602251119714,-0.7558381004161202,0.0600662520978177,-12.583407055017188,2.6054559608460664e-36,2.265862599083096e-35
11119,Simc1,189.4169748449076,-1.3609405690701744,0.0652140260674296,-20.86883223040081,1.0281471977353085e-96,2.4445497083398298e-95
11127,Fgfr4,90.29360289788409,-0.9651334531619344,0.0683198275324091,-14.126696275749524,2.6006150590123212e-45,2.746879954452529e-44
11133,Prr7,36.65942117838909,-0.5826129446454249,0.1129494621284497,-5.158173697036814,2.493702305622362e-07,7.046083622306505e-07
11138,Fam193b,102.63366591692746,-1.20025159958852,0.084285999239995,-14.240225071911835,5.156072650884717e-46,5.516269745832956e-45
11144,Pcbd2,58.24146049871495,-1.8960653228359337,0.108807209381896,-17.425916293662546,5.246129917026501e-68,8.442248586697861e-67
11146,H2afy,274.8861424050162,-0.9743679251994876,0.0586040854595616,-16.626279849923204,4.496609453324889e-62,6.563392759844737e-61
11154,Hnrnpa0,15.178790571926468,-4.05523925470256,0.3030988649072273,-13.379262426283878,7.993666192664074e-41,7.692634699378767e-40
11164,Spata31d1a,25.00098587534469,-0.7206053993201615,0.1283366330243088,-5.614962636456796,1.966047234234296e-08,5.98502553680966e-08
11168,Gm34961,11.349694458376772,-2.2638639767289157,0.2295396861008658,-9.862625566779393,6.044767614626175e-23,3.5482724819031654e-22
11176,Gm40977,54.86842046061534,-4.915022704092884,0.2358540984958972,-20.839250771715477,1.908014863092596e-96,4.524201773330307e-95
11182,Platr25,10.935289492882848,-1.570304915257081,0.207004898367649,-7.58583457512274,3.303536879691949e-14,1.3906773125427851e-13
11191,Zfp367,21.361339999177968,-0.7912346860102114,0.1313686895606688,-6.023008135776543,1.7120483370350192e-09,5.58965500521662e-09
11197,Gm47123,16.004162341313563,-0.7601362945376402,0.1648299613589208,-4.611639099292311,3.995061801709564e-06,1.0221071209658585e-05
11200,Mfsd14b,12.542580041392034,-1.500206205747928,0.1927251373422859,-7.78417505072789,7.0169546894641636e-15,3.0367888335729195e-14
11204,Gm7762,22.51204803536363,-0.6322403975491426,0.1408695806684605,-4.488125786624818,7.185250204887856e-06,1.799461712469975e-05
11210,2410141K09Rik,58.6249403572957,-2.507649055728558,0.109312389603456,-22.9402089262284,1.8454149246532032e-116,5.535609519252328e-115
11212,Uqcrb,103.69910650496286,-1.0800403283822917,0.0697946590974361,-15.474541209156296,5.153939476395296e-54,6.604621852545385e-53
11222,Gm48900,60.90681725550899,-0.5341042500451384,0.0800670634513636,-6.670711114184645,2.5456688553828552e-11,9.237126131920132e-11
11227,Zfp748,33.60149936339437,-1.556479548975258,0.1177577040478026,-13.217645177112315,6.940289218536082e-40,6.555846097596035e-39
11244,Med10,31.71088773727882,-4.746230464292118,0.2793148177983065,-16.992404848780257,9.347679526293932e-65,1.4328175794569097e-63
11245,Ice1,55.05547088614414,-1.0744160307693928,0.0868755984477635,-12.3672935780168,3.9283590400886037e-35,3.317027197222102e-34
11246,Irx1,53.875984376741776,-0.7797612290292464,0.0850633003089322,-9.166834888810053,4.871110652546083e-20,2.580356123178515e-19
11249,Ndufs6,96.89399997624264,-0.997416715223088,0.0708864750400426,-14.07062087174828,5.756181193422059e-45,6.025148699036615e-44
11255,Nkd2,21.26807196516005,-0.7624577986534004,0.1458994322215251,-5.225913405171645,1.7329745554863142e-07,4.944708669452436e-07
11270,Erap1,16.756176597335806,-1.4115060140450753,0.1617979135473322,-8.723882670045397,2.6882164598349306e-18,1.3408768306240175e-17
11273,Ell2,141.61537924937883,-0.7879075379463596,0.053180481954767,-14.815727668969217,1.1592703449448969e-49,1.3388842658515351e-48
11278,Arsk,1067.4767631083544,-1.510320295545683,0.0585574149055537,-25.79212723071285,1.0867067141631154e-146,4.619298686447505e-145
11282,Slf1,195.4741606586608,-2.382352785288063,0.1702739379575974,-13.991294345241078,1.7617611608284737e-44,1.8265302505008115e-43
11286,Gm38604,67.23330646895046,-0.8560722602161821,0.0757212634483034,-11.305572850097006,1.2314785428211579e-29,8.942586685119643e-29
11293,Gm17259,199.8834135813293,-1.02441738673036,0.0532964781121292,-19.22110846752595,2.464485824415781e-82,4.886354829114701e-81
11299,Ccnh,76.28476980767508,-3.728685991494929,0.1263590707279403,-29.508653158134123,2.2296109655630987e-191,1.3399193071666787e-189
11300,Rasa1,67.50019743997,-1.312097466574942,0.0854064579055987,-15.362977212159144,2.899477897595296e-53,3.653803383896661e-52
11302,Vcan,18.97988664771226,-0.5798473042689112,0.1401435331037052,-4.13752451809409,3.5107294494527025e-05,8.239293407630179e-05
11304,Tmem167,28.551373441229053,-0.954878852614886,0.113964004797181,-8.378775862731926,5.3481008539686144e-17,2.5286679783766963e-16
11306,Rps23,11.162853573036582,-0.6000407689690469,0.1968747553995883,-3.047829914765709,0.0023050035075356,0.0043641065865649
11317,Zfyve16,100.4582439356125,-1.3831571488172207,0.0905168180892266,-15.28066472082324,1.0288588513821852e-52,1.2798680986358833e-51
11325,Dmgdh,131.88191914423842,-2.074443204887526,0.0805345655655883,-25.758420503281585,2.5941416692040282e-146,1.0946900971159275e-144
11336,AC171003.1,14.883784431215128,-0.8078885743833712,0.1612905268680157,-5.008902816992269,5.474120405661003e-07,1.5033559790397095e-06
11338,Sv2c,16.340505618208017,-2.7031279876891943,0.2069597193764885,-13.061130909111002,5.490601800772036e-39,5.076403617180639e-38
11344,Fam169a,12.479378120704238,-0.6406029146811392,0.1874073514398744,-3.418237917345856,0.0006302798577203,0.0012839880023786
11349,Gm41031,14.800992000824555,-0.7234629059437583,0.1659342095522943,-4.359938242365617,1.3009915593093456e-05,3.181622827468601e-05
11354,Foxd1,11.90726471118144,-1.743152473390256,0.2113087960978361,-8.249313353634248,1.5930720884734544e-16,7.386022973640693e-16
11356,Fcho2,139.26678174724347,-0.5428057097907538,0.0548752082455558,-9.891638266989428,4.525602674611718e-23,2.6655019740835767e-22
11364,Mccc2,31.42812943927158,-1.5906609608432205,0.1350068859180218,-11.782072818190125,4.829071355043168e-32,3.7706566118141726e-31
11367,Ocln,156.84484741813375,-3.15424070818563,0.0912077397416163,-34.583037767642544,4.545122498126008e-262,4.7432571794814415e-260
11372,Ccdc125,14.904905826210848,-0.6060263562742148,0.1552545177890412,-3.903437818780121,9.48359234265343e-05,0.0002122785093087
11373,Cdk7,176.20917815028648,-0.5688463776506062,0.0569137567036934,-9.99488367306617,1.604755406986599e-23,9.597692941991233e-23
11375,Ccnb1,26.58453257940481,-0.5184676371473754,0.1221984435308304,-4.242833395963567,2.207152933482726e-05,5.2773029667631976e-05
11381,Sgtb,10.889987716832426,-2.4772879630856366,0.263175721061668,-9.41305661894682,4.819144655115479e-21,2.63864445646725e-20
11395,Kif2a,29.410842145349427,-3.086181805705537,0.1718594503198608,-17.957591508419267,4.18580344127904e-72,7.124041247520616e-71
11402,Elovl7,77.14131832922604,-1.1153909476997197,0.0889529214426956,-12.53911540632497,4.560578028838371e-36,3.9386399349155167e-35
11423,A430090L17Rik,18.49535625846397,-1.8533383004035504,0.2314432985569802,-8.007742336714353,1.1683336539613626e-15,5.238414952724113e-15
11428,Pelo,32.45255160207983,-1.2029133300398267,0.1262674489176323,-9.526709697164469,1.6234723408118348e-21,9.028039551904483e-21
11429,Isl1,33.35173322011169,-1.2487334495623257,0.1141859561992227,-10.9359635031092,7.757747834365429e-28,5.350297952406834e-27
11434,Mrps30,24.843084413455163,-0.9999470353619616,0.1399443771599114,-7.145317701613288,8.978797856709852e-13,3.5227935399986333e-12
11449,Gm3164,221.29921590100463,-5.823439322708411,0.1752526984984398,-33.22881400745024,4.130671400779683e-242,3.635825311756986e-240
11451,Gm3252,12.295546639970697,-0.6083747688057738,0.180440174547931,-3.371614832062628,0.0007472887826141,0.0015061580783393
11452,Gm3264,89.8092840149001,-3.5024646985966514,0.1097993976910201,-31.898760578384284,2.777839987142242e-223,2.1048780563441299e-221
11467,Rpp14,172.11235666309975,-0.5723259364405845,0.0609818728294022,-9.385181364332244,6.280825328805689e-21,3.424975714343728e-20
11473,3830406C13Rik,71.8481475554166,-1.0767368629219696,0.080610712185779,-13.357242898939711,1.074715770436921e-40,1.0319639915798708e-39
11475,Gm5087,145.97991553055525,-4.766983869199089,0.1452689992685388,-32.81487373907644,3.6129078269416613e-236,3.0127156750210185e-234
11480,Psmd6,22.00263424369732,-0.5675768961657162,0.158513748939823,-3.5806161923606195,0.0003427848665454,0.0007222002570771
11484,Nek10,94.15737227788848,-0.9117096168422322,0.0660989816596306,-13.793096261860423,2.8045926168894792e-43,2.84507800507275e-42
11501,Gm48283,12.297079792192353,-1.2761655713115232,0.1909765255162354,-6.682316414867612,2.3519451159955408e-11,8.564500518506119e-11
11513,1810062O18Rik,11.994589586767171,-1.8375896399077625,0.201856640785902,-9.103439117748872,8.75157489490271e-20,4.591283782912836e-19
11531,Comtd1,12.270027922151108,-0.8128435402871432,0.1777329553654422,-4.573397986973379,4.798773737400777e-06,1.218785029079288e-05
11533,4931407E12Rik,49.428314929763765,-1.0404149959326152,0.0933248978838149,-11.148311110159286,7.297835202735468e-29,5.189174700663964e-28
11537,Dlg5,47.37860264570525,-0.7960770277271847,0.095166425217035,-8.365103826393229,6.00620124706288e-17,2.8352133080664107e-16
11549,Slmap,44.62084283464399,-1.7733640052369912,0.1198719356378414,-14.79382138780757,1.6057241213860633e-49,1.845947228727989e-48
11550,Dennd6a,29.85603187591341,-3.747807789445664,0.2048103103682436,-18.298921488411413,8.440320207127762e-75,1.5025321815099346e-73
11559,Arhgef3,34.949417525446094,-5.4286011738157525,0.3120328175682043,-17.397532785567225,8.613373277318923e-68,1.3835379675310064e-66
11565,Cacna2d3,20.44659232475052,-0.5855261001859113,0.13892853193485,-4.214584952646672,2.502379488904652e-05,5.958665081654634e-05
11569,Cacna1d,29.836304399989835,-2.2850537237303974,0.1428296413917789,-15.998455932984802,1.3098348450023845e-57,1.780639756528983e-56
11571,Tkt,11.445354795627049,-1.6241462731719083,0.1984703688694555,-8.18331866073265,2.761316855582425e-16,1.2684298934921062e-15
11574,1700087M22Rik,96.5529649359208,-0.7474695457959746,0.0724131449465682,-10.322290881683326,5.587383339408735e-25,3.509078084296051e-24
11582,Nisch,568.5422338853709,-1.583816888197915,0.1052086586656936,-15.054054564373647,3.2470817848886504e-51,3.884017937339698e-50
11584,Bap1,63.10063052037862,-0.6043745676412738,0.0785386356746952,-7.695251673896859,1.4121593861497076e-14,6.04101958316571e-14
11594,Ncoa4,76.05387800892211,-2.134046103407564,0.0870519866837054,-24.514616893941824,1.031788316324532e-132,3.738462947381278e-131
11598,Gm46447,15.61517554195011,-1.552827596754156,0.1698564263045945,-9.142000868248298,6.130734597779846e-20,3.2397344624047043e-19
11606,Gm49201,16.397226177065583,-1.693898508145636,0.1726960086035512,-9.808556212982468,1.0343788811823564e-22,6.001050313330928e-22
11622,Prxl2a,68.06616951166438,-2.316782278651895,0.093149882179277,-24.871553505489093,1.5118886009661064e-136,5.778332135446778e-135
11632,Styx,155.8859548987968,-0.5485918555542131,0.0536578249482522,-10.223892900677145,1.5498874413137452e-24,9.598947522109437e-24
11639,Gmfb,16.422098067324686,-0.5826573707100348,0.1527702007975479,-3.813946487392369,0.0001367650943394,0.0003006865225367
11641,Gm34934,23.045108045241424,-0.8622773742922112,0.1287184443977081,-6.698941851938388,2.0993410215434377e-11,7.675123835422495e-11
11642,Samd4,76.45220968089458,-0.8888757884050827,0.0759937479071349,-11.696696279426783,1.3251264534829931e-31,1.0241376421863241e-30
11645,Socs4,45.724304024980526,-2.5564147697522266,0.1506428845918728,-16.970033312082137,1.368544069666102e-64,2.0940286256488877e-63
11646,Mapk1ip1l,15.67189170049333,-1.4747360767817737,0.1730494517019341,-8.522049982116705,1.5675371105070158e-17,7.580198879555014e-17
11648,Lgals3,26.13829101403697,-0.6990923196961552,0.1172556626696403,-5.962119899196673,2.4898633552606716e-09,8.047725993227557e-09
11659,Ttc5,67.40792869053149,-1.177034993486627,0.0828011627107323,-14.21519885655017,7.374167186202199e-46,7.850762719678187e-45
11662,Tep1,64.09327554485388,-5.367322710384529,0.2469317182185795,-21.73606027247367,9.359643192707708e-105,2.431781059990753e-103
11674,Tmem253,30.33993059633331,-1.2189569698988765,0.1208244642673922,-10.088660250139796,6.2010050701488905e-24,3.7655441241308313e-23
11676,Supt16,21.642578977627878,-3.798779150547758,0.2486740590127877,-15.276137630231911,1.1028644091351338e-52,1.369972980927093e-51
11677,Gm26590,16.454320867166473,-5.046128546438934,0.4019726741082866,-12.553411889584233,3.807437784368158e-36,3.2980132060620404e-35
11688,Rem2,10.954449787963718,-0.6541264324514136,0.1866383187174531,-3.504780995384332,0.0004569830347669,0.0009475669637022
11710,Carmil3,95.17281978258376,-2.192870189398923,0.0892590843395404,-24.567473502834424,2.813911420051812e-133,1.0259591679636608e-131
11716,Rec8,57.00985219221124,-4.942979156565074,0.2132224339195302,-23.18226588873169,6.874844928047058e-119,2.158825178486561e-117
11717,Ipo4,22.808937247554127,-1.412777374378159,0.1357575991311705,-10.4066172606155,2.312948044837885e-25,1.4743986293136304e-24
11719,Gm49747,19.65157447228374,-0.7139552050775287,0.1398450098185029,-5.105332010088396,3.302142271715365e-07,9.230109945702546e-07
11728,Nop9,15.798179783161206,-1.0541077471394689,0.1633370681441724,-6.453573332227573,1.0924310217248707e-10,3.8146439283953207e-10
11737,Rnf17,224.8257463376615,-0.6944230203433912,0.0492386999927079,-14.103195666137244,3.629541927417438e-45,3.820415016727837e-44
11746,Gja3,466.99222698891214,-1.186116785556582,0.0356435180709112,-33.27720858521469,8.250772962978373e-243,7.374075446091645e-241
11749,Eef1akmt1,89.73010739768421,-3.7800633497755807,0.1327465402184294,-28.475795629442604,2.3363804662491764e-178,1.2724512114309576e-176
11750,Xpo4,46.90935290490864,-0.5859371120603412,0.0869891754010928,-6.735747400279187,1.6308940533472428e-11,5.997725588042995e-11
11755,Micu2,10.17537195319178,-1.6699323918623878,0.2381893463678878,-7.010944936568013,2.3671388999380896e-12,9.090898357893569e-12
11759,Setdb2,15.113942505072036,-2.276334103698911,0.1942812220740283,-11.716696443424388,1.0467474340898384e-31,8.118697944511661e-31
11762,Gm49336,30.34928243376942,-1.5490515867972716,0.1262922885942415,-12.265607061521743,1.3856985714449072e-34,1.1560533606099495e-33
11769,Kpna3,36.59483645020782,-0.6416526836272605,0.1091413024048912,-5.879100482481546,4.125019225495262e-09,1.3145151775814854e-08
11775,Gm27017,53.58620295085002,-1.807271924337372,0.0983504512046849,-18.375837651991187,2.0511681049293902e-75,3.700596038582756e-74
11778,Serpine3,302.2623296715456,-5.056674032383504,0.1518229429921886,-33.30638922368718,3.120383789496013e-243,2.832398368923776e-241
11780,Wdfy2,15.148216220312127,-2.26978734815262,0.2095394838297029,-10.832265626832044,2.4209005536178627e-27,1.6378670360423958e-26
11793,Kif13b,31.0429021351702,-0.6947348806257194,0.1171058339723067,-5.9325386025602365,2.9828622697738022e-09,9.593158080387124e-09
11801,Pbk,23.07490471110354,-0.5022858021172396,0.1385116483022856,-3.626307305368707,0.0002875031820056,0.0006104538810908
11802,Esco2,53.45422375230036,-1.4002068918009407,0.1004409906150152,-13.940592214665186,3.589493685405118e-44,3.697263353974019e-43
11804,Clu,145.21042691697812,-0.7217501116201684,0.0583830329176427,-12.362326442312376,4.1788500683281763e-35,3.526828038296535e-34
11805,Gulo,46.44922457938355,-3.703983927937119,0.1793191098058043,-20.655823754358316,8.653271882206828e-95,1.992195804003971e-93
11812,Dpysl2,156.77693589259937,-0.7807863547606213,0.0544693884616422,-14.33440647696012,1.3338196975796055e-46,1.4528631055885855e-45
11832,Bin3,47.66119003610597,-4.08192393688827,0.1751653380702228,-23.303262973476237,4.1081004013548454e-120,1.308884347254337e-118
11838,Ppp3cc,16.945641978540884,-0.915033754661418,0.1738305470964058,-5.263941061831575,1.409996679106288e-07,4.050341540046874e-07
11842,Bmp1,12.94990085958935,-2.2901485750077963,0.2111776958860785,-10.844651777256036,2.114394960565988e-27,1.432724547929395e-26
11848,Dok2,707.1886474821036,-0.5574580994395687,0.047739320595624,-11.677126789497438,1.6684008640995798e-31,1.2871576033434031e-30
11859,Gm49164,15.370718595044186,-1.2677265660831516,0.170013941471013,-7.456603588590386,8.878130021549217e-14,3.651830304827938e-13
11871,Nufip1,29.761183599888472,-0.9988142024715,0.1222011642771649,-8.173524437181998,2.9950866221810865e-16,1.3729187178162015e-15
11878,Enox1,17.343560752078865,-1.0200088019034237,0.1501705078251506,-6.792337701162063,1.1033090765557639e-11,4.0885542390418566e-11
11880,Gm49003,74.99859067000885,-4.889382828446016,0.1861769413415561,-26.262021457727474,5.2105671847905965e-152,2.3106810406241864e-150
11883,Akap11,10.888180698366684,-1.7058516896727869,0.2221595314630651,-7.678498772655139,1.6096370020380732e-14,6.87230614196951e-14
11890,Kbtbd6,134.7008484562615,-0.7301600591460482,0.0587262930130937,-12.433273439943685,1.724261787100522e-35,1.4694588961167675e-34
11904,Bora,12.26179990497029,-1.5399260802967292,0.1953757962911908,-7.881867199157061,3.225247095295704e-15,1.4172870997683696e-14
11906,Pibf1,25.404711368009817,-0.5407404401856166,0.1278815383357013,-4.228448040452259,2.3530884330112712e-05,5.615449159320887e-05
11917,Mycbp2,30.043312867951407,-0.7689525866729203,0.1129574354321002,-6.807454363065327,9.934080819305607e-12,3.692283227102967e-11
11918,Gm34907,2127.675509070184,-3.3623639230377385,0.0743419316546362,-45.22836370001758,0.0,0.0
11922,Rnf219,21.547954102657027,-1.1311613444897608,0.1475213088315745,-7.667782732196412,1.7499497833084912e-14,7.465881229743054e-14
11927,Spry2,10.2928421138078,-1.2106152003048631,0.2080557594000789,-5.818705542185551,5.9305101610056055e-09,1.8693603017906615e-08
11933,Sox21,26.20257961815939,-0.7890426110279498,0.1269150590105577,-6.217092102224931,5.064525222181753e-10,1.7039487562197601e-09
11937,Gm49179,23.519130078697664,-2.3807624881885494,0.1641400709707933,-14.504456310440956,1.1353347446832202e-47,1.2635130223715943e-46
11940,Gm16835,21.396093494587657,-1.8168436939189203,0.1531444798865116,-11.86359244071546,1.829534397698425e-32,1.4414613690365352e-31
11942,Mbnl2,26.43749914521393,-1.6215160122414,0.138737983524216,-11.687614098545492,1.474713842499847e-31,1.1392425907396869e-30
11946,Slc15a1,27.720299559992437,-2.9495661552738834,0.1893887178101875,-15.574138678260914,1.09112904337592e-54,1.4148956077347868e-53
11949,Ubac2,150.52567675072896,-1.8232545770946411,0.0719893004757648,-25.326743905623005,1.621439714802631e-141,6.451701221365354e-140
11955,Zic2,23.190479227298685,-3.0350856057130224,0.5164588911739185,-5.876722538001483,4.184687292037195e-09,1.3327984306583377e-08
11956,Pcca,50.66117377574336,-0.989457094527426,0.0946143042219593,-10.457796024227171,1.349583335169458e-25,8.666373752886261e-25
11962,Fgf14,15.078407170958677,-1.6196729044965104,0.2733068888692022,-5.926205926231318,3.100137876953763e-09,9.955629799069502e-09
11967,Oxct1,38.06680313430786,-1.6529144527021973,0.1104229587705766,-14.968938263431443,1.1717700638940288e-50,1.3817055936092785e-49
11970,C7,56.34883247580669,-1.0823031203046225,0.0873017062067293,-12.397273401985329,2.703676529275155e-35,2.2935375111906023e-34
11973,Prkaa1,49.49056494159554,-2.8176327703962625,0.1244331390992934,-22.643749010847404,1.607716422439953e-113,4.623643863083086e-112
11974,Gm15938,23.92965828518237,-1.1194406536108397,0.12948004637639,-8.645661512637233,5.349447327411085e-18,2.6373456300458385e-17
11977,Dab2,167.7308895426034,-4.669611031983531,0.1796300152334289,-25.995716951398013,5.536327974031761e-149,2.3942214375043555e-147
11980,Lifr,16.19825133019275,-0.8971484320917298,0.1560554049229992,-5.748909706359739,8.982076674559874e-09,2.7928569542235413e-08
11988,Skp2,112.03319986500064,-0.7227149594333664,0.0658080260984844,-10.982170447595454,4.656006913496183e-28,3.2328640832036436e-27
11990,Capsl,13.289502062478045,-3.5153958789510447,0.3316977659545028,-10.598189797374856,3.038036216237199e-26,1.9912333650463301e-25
11994,Brix1,22.07137751757221,-0.5195912841791183,0.130646890563435,-3.977065829414692,6.977085478848334e-05,0.0001585767419475
11997,Rai14,22.154939441482277,-2.6384582326872947,0.1738851965536214,-15.173564426306218,5.292299735874767e-52,6.463503840001784e-51
11999,4930556M19Rik,57.31213387862292,-0.997255855700259,0.0848819063257489,-11.748744801667357,7.167558730882785e-32,5.569157983139776e-31
12005,Mtmr12,15.466789689056649,-2.28801722275141,0.1982850920858362,-11.539027965657368,8.38675760969383e-31,6.321990122047755e-30
12007,Pdzd2,12.71723670123955,-4.368757493040664,0.3712381952269153,-11.768071144646926,5.701318290095066e-32,4.441778058103569e-31
12010,Cdh6,85.98964406035576,-0.7102075964887224,0.0776202075895447,-9.14977708181736,5.705115123997715e-20,3.018480460869222e-19
12022,Fbxl7,347.38049727520337,-1.5872996356226574,0.0516015407540375,-30.76070234392098,8.795248294293738e-208,6.082682034640922e-206
12027,4930570B17Rik,22.91952410013875,-0.820595769602284,0.146631964624209,-5.5962952668971,2.1898063640854903e-08,6.645297808337441e-08
12030,Ropn1l,10.410042532027402,-1.4931404245136153,0.2068467716589849,-7.218582202362145,5.253237871510374e-13,2.0817059941946976e-12
12036,Sema5a,47.26415908970445,-3.4334965077219737,0.1616343680103638,-21.242366645080224,3.878490423288725e-100,9.64255793110926e-99
12050,Vps13b,33.89353454061743,-0.7967857422562782,0.1171315123580254,-6.8024882989712845,1.0282737078218232e-11,3.816987045776089e-11
12051,Cox6c,155.85224067199098,-0.6480509189308733,0.0660264967494463,-9.815012924130452,9.702555649330812e-23,5.6421801753933075e-22
12052,Rgs22,16.48116134207779,-2.618168015071433,0.2043704737564745,-12.810891744524758,1.4248758911484603e-37,1.2767474051894792e-36
12054,Spag1,12.800738328394193,-1.6587839679399052,0.1957512239115058,-8.473939190744472,2.3723130112742685e-17,1.1405426527031162e-16
12055,Gm41293,12.935960849767303,-1.3412294920160162,0.1847177175350997,-7.260968302952088,3.8432901015507784e-13,1.5327427892408914e-12
12057,Snx31,101.64468086303542,-1.040860712849034,0.0712690828668979,-14.604659846583754,2.6228807869990383e-48,2.9510372082517264e-47
12065,Gm16137,14.334243859553414,-0.9685178188901732,0.1713744206102388,-5.651472462701406,1.5907917528664043e-08,4.876749106236709e-08
12066,Ncald,14.217754331117494,-1.2606757674960547,0.2021905562095996,-6.235087291560653,4.51526239371389e-10,1.5226778830813791e-09
12090,Eif3e,142.16704684568546,-0.8077069198832744,0.0633216092500069,-12.755628441063116,2.900263637870924e-37,2.5709966775592306e-36
12095,Ebag9,109.2052056513169,-0.6121067942773734,0.0682956840984887,-8.962598476862144,3.1711557444219493e-19,1.6341485012946697e-18
12113,Sntb1,276.51222964810034,-2.516709284029992,0.07131983104862,-35.28765067200322,9.08349954284313e-273,1.0213369679527099e-270
12115,Has2os,62.12599281130973,-0.5111255483859058,0.0959021608991272,-5.3296562204007385,9.839884844179917e-08,2.858634990237832e-07
12122,Wdyhv1,20.594869203131505,-1.1134226734852064,0.1672243226759018,-6.658257935618229,2.770921828689939e-11,1.0027330903323972e-10
12124,Tmem65,140.87928892016103,-1.400712746160255,0.0661587403677044,-21.17199841434732,1.7306141974757236e-99,4.260048620565948e-98
12126,Rnf139,67.6856526081103,-2.9482306730128163,0.1171938815238294,-25.15686514242933,1.188747146227686e-139,4.676633242540883e-138
12129,4930544F09Rik,209.0421593651848,-0.653712216076298,0.0433976750940555,-15.063300387855142,2.8233330508227355e-51,3.388777438687234e-50
12131,Washc5,42.17336167188181,-1.512186083744265,0.1193111284216098,-12.674308790380826,8.207901397675371e-37,7.220964440115414e-36
12134,Lratd2,32.117966267229555,-0.7014785434024295,0.1240230873269762,-5.656031941480712,1.549126498790184e-08,4.752363425614387e-08
12144,Ccn4,12.416220562259385,-1.8199704320504573,0.1980637831074512,-9.18880980407765,3.972118165642426e-20,2.11248322828246e-19
12154,Ptk2,98.0153515530722,-4.1034683896045685,0.1361353825442823,-30.14255598297369,1.3428120400528046e-199,8.73228665449264e-198
12163,Lynx1,50.271266135084346,-1.7009292409053578,0.1035084079375946,-16.43276401208731,1.1146060249414168e-60,1.5935483021065637e-59
12172,Naprt,10.412131676502865,-0.8838108572046406,0.2178551208189371,-4.056874375421224,4.973381481803788e-05,0.0001148653440991
12191,Gpaa1,321.88505734775606,-1.8494797321970329,0.0585005594902176,-31.614735795925156,2.3162811267746728e-219,1.7251345075824357e-217
12193,Sharpin,37.59743217084189,-1.1785292902331053,0.1211675691951415,-9.72644163831555,2.325870693221751e-22,1.335153967110299e-21
12203,Vps28,21.08587300452941,-4.129392926426313,0.2717084572864038,-15.197881463342087,3.652432497648406e-52,4.476413049860509e-51
12228,Kctd17,91.21772880741663,-1.8674466318243643,0.0883063156297567,-21.147373418386483,2.9173981698594457e-99,7.161185254128228e-98
12232,Cdc42ep1,24.550043321860606,-0.8103918947727122,0.1299856543585812,-6.234471786687687,4.5330501399775435e-10,1.5283806894859474e-09
12248,Baiap2l2,90.33310014848752,-0.8330502687292481,0.0806443411383121,-10.329928386425694,5.159909306704811e-25,3.247630891919517e-24
12252,Kcnj4,24.415976413174587,-2.0869031292476548,0.1601770322686309,-13.028728898833236,8.39952644268767e-39,7.728983465847979e-38
12260,Gtpbp1,167.8665430021411,-0.9823341232743754,0.0534763273204934,-18.36951362398295,2.304677957539415e-75,4.153663644673933e-74
12265,Gm10856,230.76164804380863,-5.2381436686023495,0.2134835148764302,-24.53652532203398,6.0235185459984175e-133,2.1916050359010529e-131
12268,Cbx7,36.92595626525835,-0.523395452299206,0.0979441323571951,-5.343816313471649,9.10097964046571e-08,2.6492713073999736e-07
12269,Pdgfb,12.001524393013986,-0.6321849676923978,0.1741917589418676,-3.629247282033444,0.0002842488536768,0.0006037646583643
12277,Tnrc6b,63.71321363693677,-2.5127242460014805,0.1201140689889205,-20.919483180885805,3.559504330455175e-97,8.497950886462027e-96
12287,Rangap1,234.13737625572145,-0.7226473950294308,0.0455842460685996,-15.85300750487174,1.3401089959854665e-56,1.7896873242938474e-55
12297,Desi1,62.44251508463528,-0.5486614450568689,0.0880196665492755,-6.233396087108726,4.564301611350241e-10,1.5383223454382514e-09
12298,Snu13,24.272011568397627,-0.5454025764357624,0.1342848912781813,-4.061533440168778,4.875143329313555e-05,0.0001126843474048
12305,Naga,16.99072444100092,-2.1806592100955102,0.2197853426820607,-9.921768137423204,3.3477241145392897e-23,1.983145338823615e-22
12309,Tcf20,27.42811192421233,-0.7079516018555769,0.1339370686160812,-5.285703272220013,1.2522273388022808e-07,3.609032257424533e-07
12311,Serhl,55.77144045019186,-3.3200020887506443,0.1450094278464689,-22.895077499828155,5.201629443734984e-116,1.5391171128253531e-114
12315,Gm49463,64.17576963028692,-1.793711519855693,0.1078572205977102,-16.630425945667028,4.196006953114448e-62,6.140051148520453e-61
12316,A4galt,13.492406724600722,-2.768200091930663,0.2871315782041341,-9.64087652512616,5.372722699339881e-22,3.0460576188710297e-21
12318,1700001L05Rik,28.88349091967206,-0.5992254609113307,0.1141138958001259,-5.251117374529853,1.5117930168505178e-07,4.33133794142213e-07
12319,Pacsin2,29.66829350495608,-1.5265222316317315,0.1268817480223582,-12.031062429583953,2.4400050192450905e-33,1.962363058394252e-32
12329,Samm50,53.76716081457798,-1.0144291454064125,0.0872408289368354,-11.627917315422172,2.972618260363957e-31,2.2722276772641692e-30
12340,Lncppara,16.404706126575636,-1.1532567561559073,0.1569413817725355,-7.3483280389833086,2.0070145211809158e-13,8.115603033675404e-13
12342,Ttc38,79.1512433409931,-0.7841459813929961,0.0704211185522521,-11.135096935604096,8.46528605516884e-29,5.997276641035876e-28
12355,Panx2,14.944646356393651,-0.8023164843694734,0.1615038715839438,-4.967784836987381,6.772204264665477e-07,1.8487778183676369e-06
12367,Mapk8ip2,21.638876575618376,-1.8119326212169056,0.1519018528701418,-11.928311518134638,8.426533078830838e-33,6.69665383027195e-32
12368,C230037L18Rik,141.02029743910893,-1.0787332230423174,0.0544903296758565,-19.796782832097268,3.1732348722554043e-87,6.711545795347959e-86
12369,Shank3,18.22242373316797,-1.6157109333516215,0.1560893372884796,-10.35119349866617,4.133010675246514e-25,2.6088413635710336e-24
12373,CN725425,74.76557342630319,-0.635021797333405,0.0721117155402905,-8.806083624215027,1.295943754531805e-18,6.53521636399893e-18
12374,Slc2a13,125.41401568313498,-1.37007247628216,0.0841243776714623,-16.286271758619286,1.2353415183714136e-59,1.7418715195936082e-58
12378,Pdzrn4,239.02204640924572,-4.676777355290399,0.1349250028348117,-34.66205119162505,2.9408999474667993e-263,3.1063032899667504e-261
12382,Zcrb1,211.21478312804277,-4.707098216244363,0.144945465319777,-32.47496019181847,2.4071177882916564e-231,1.9332372725505526e-229
12394,D030018L15Rik,196.82579462721404,-2.745829046189382,0.0833081909638239,-32.95989283192743,3.0525679258183452e-238,2.5951294542030302e-236
12398,Scaf11,80.34932337458024,-0.7814865500675567,0.0748288287087502,-10.443656055465857,1.5665850833294192e-25,1.0045049607161558e-24
12408,Senp1,218.26143227719857,-0.6944384983426012,0.0448182490775594,-15.494547704013446,3.7760875696084276e-54,4.860388047498944e-53
12419,Arf3,683.3541976825095,-0.7384925019797154,0.032388781659893,-22.80087314596923,4.494583670401993e-115,1.312087172659396e-113
12428,Tuba1a,91.75509038827794,-1.995868181629884,0.0891341433915414,-22.39173571077686,4.737754748888635e-111,1.3190030313679093e-109
12439,Fmnl3,12.407519777695976,-3.1769835774246418,0.2826236444257402,-11.241039594829084,2.5634560643294017e-29,1.8453495369323759e-28
12452,Gm17057,105.7131035027374,-5.257546335112359,0.176380274266694,-29.808017687753093,3.0754241195426538e-195,1.914231841263906e-193
12459,Atf1,11.516439782093045,-1.81145389150336,0.4668319759524315,-3.880312371078755,0.0001043223964452,0.0002323489744724
12460,Tmprss12,178.78139879084085,-1.6321567826984875,0.0598102255417912,-27.288925395508656,5.740922722815238e-164,2.810471944191685e-162
12461,Mettl7a1,453.5747161372059,-5.220811263674939,0.2380274504266578,-21.933651998190854,1.2405979681871855e-106,3.280901576565444e-105
12464,Letmd1,1170.498018420184,-4.121563598106241,0.0716953001000694,-57.4872215103853,0.0,0.0
12466,Tfcp2,89.87951172236998,-2.0313861009507117,0.1109632846479617,-18.30683101528056,7.299629192323372e-75,1.3034624750390547e-73
12468,C330013E15Rik,35.254556773987915,-4.401211998948623,0.3396193427663622,-12.959250091878284,2.0827363706401237e-38,1.8984272734056525e-37
12470,Smagp,87.20907299839084,-2.273095736082186,0.1065920801743749,-21.32518412590887,6.629227782556944e-101,1.657592278255415e-99
12472,Galnt6,40.35145039475701,-0.731379919549692,0.1026295971633997,-7.126403491433755,1.0302541544614444e-12,4.027651279487226e-12
12474,Scn8a,15.543137583820686,-1.1706317200497462,0.2273518444991907,-5.148987124465195,2.618968566970193e-07,7.390444330498141e-07
12479,Atg101,42.11072852778527,-1.149142176682041,0.1058118438285701,-10.8602414919053,1.782771288164303e-27,1.2108393612676334e-26
12480,Krt7,35.078811462134986,-2.166450077525406,0.2990914403191003,-7.243437241848256,4.374537151064998e-13,1.7394349411079349e-12
12481,Krt8,17.24063880226062,-0.5437686563978038,0.1552194217507314,-3.5032256290134094,0.0004596599272041,0.0009527774989668
12490,Rarg,197.63820726229108,-1.043519297140161,0.0580378786319257,-17.97996966357308,2.796455474653126e-72,4.768750099046446e-71
12492,Espl1,95.95900236360583,-1.574483349546659,0.081220662430043,-19.38525619515592,1.0279187266271342e-83,2.085514268644668e-82
12495,Aaas,365.060640862954,-2.761178978061307,0.0603368559042064,-45.76272556271549,0.0,0.0
12497,Amhr2,89.88803520161514,-4.334006687701547,0.1522076550550993,-28.47430167774828,2.4380428490123527e-178,1.3236825785852735e-176
12504,Calcoco1,22.227759280732048,-1.3862786870594592,0.1379271848784053,-10.050800995333756,9.112370201463194e-24,5.510422896290789e-23
12515,Nckap1l,118.80758264188542,-0.7948986643164236,0.0716910578602635,-11.087835610764715,1.4372311574494302e-28,1.0136812874151626e-27
12522,Naa60,31.42838606646304,-0.6864547196824866,0.1219160305719535,-5.630553393692953,1.7963231904104046e-08,5.485600238737084e-08
12525,Nlrc3,219.7420661705504,-0.5492854918249128,0.0419145242554761,-13.104896252118348,3.08684050087466e-39,2.870728721944694e-38
12526,Slx4,502.2505467554967,-4.6939695440507245,0.2045312181671555,-22.949892862880827,1.477106731817303e-116,4.438451055536544e-115
12529,Adcy9,52.17782911902624,-0.5732703931185896,0.0917118047684177,-6.250780851670728,4.08405603494536e-10,1.381003658848035e-09
12531,Tfap4,206.8894036595109,-2.0668007665263723,0.1549230458071065,-13.340821927163306,1.339741924703341e-40,1.2836185961368788e-39
12535,Vasn,83.98581721535467,-2.3468030688711217,0.0946852138840613,-24.78531729087815,1.2909093574469233e-135,4.838272748727952e-134
12540,Ubald1,142.48061929241402,-0.9336365917676414,0.0824432430963067,-11.324598071390836,9.913252460810932e-30,7.22577013329205e-29
12550,Sec14l5,29.609297693960723,-3.280565339757798,0.1780148594367311,-18.428603938671504,7.745615754774097e-76,1.4046887760062745e-74
12555,Rbfox1,175.11634281787553,-0.5641988075497973,0.0497526975511085,-11.340064666246962,8.308304593993064e-30,6.076253985065511e-29
12563,Gm49455,66.42430103499152,-2.605407751095317,0.2115781646540378,-12.3141617914852,7.600069095465332e-35,6.3771788250250274e-34
12566,Nubp1,13.379551170159033,-1.0930860176454853,0.1853922377632658,-5.896072191767203,3.7225615955876037e-09,1.1897451584063956e-08
12573,Snn,16.783188631863105,-1.1528748231580068,0.1572763689325052,-7.330248218362415,2.29726842767853e-13,9.25920308917239e-13
12581,Cpped1,38.71850508212345,-2.1273330096755805,0.1230699892289695,-17.285554528795107,6.043732371176728e-67,9.575469796806186e-66
12585,Mrtfb,38.74900833531331,-0.7220506273151955,0.1027581137558193,-7.026701843038698,2.114725837098798e-12,8.13226873101453e-12
12592,Gm49432,165.39427500611808,-0.7172593763003634,0.0618270941012648,-11.601052689385408,4.0704024270387e-31,3.1004796109453875e-30
12598,Marf1,15.534792360665673,-0.527016765089452,0.1534717681064446,-3.4339655533513165,0.0005948197809319,0.0012157287606522
12600,Myh11,108.09775135971395,-0.6199623963775922,0.0646589739859949,-9.588187967719303,8.964551904657051e-22,5.03818802303654e-21
12601,Fopnl,127.06891562707403,-5.820714491859848,0.1933647377384585,-30.102254216241,4.527125074749327e-199,2.911392465045434e-197
12603,A630010A05Rik,167.62045844849683,-3.1564826035397027,0.0819313272359155,-38.52595472365327,0.0,0.0
12604,Snai2,144.20010426055126,-0.6049941857837697,0.0514501559144252,-11.758840668821865,6.360159429674522e-32,4.950641292557731e-31
12605,Efcab1,81.82931297942379,-5.662162413826695,0.2301346336551687,-24.603695340836083,1.1532360679790859e-133,4.249175093602433e-132
12606,Mcm4,157.93166261829307,-0.5895211077413536,0.063148791629396,-9.335429745055157,1.0058237989880467e-20,5.447326652816556e-20
12608,Cebpd,437.3553734041862,-4.739992131214225,0.1923419956764626,-24.643563224681,4.3139384051796747e-134,1.596248800965422e-132
12610,Pkp2,123.46150171925729,-0.5577088673919609,0.0559841563388731,-9.961905365084696,2.2373309460391162e-23,1.3330667941049473e-22
12612,Dnm1l,855.7073420279037,-1.213187628936726,0.0416824430996965,-29.10548275769272,3.059859817764046e-186,1.7775745634663929e-184
12616,Top3b,18.838684912914168,-3.3756781898522856,0.268590104774481,-12.568140560079977,3.160703889857679e-36,2.7432643123724914e-35
12620,1700056N10Rik,53.57424695970835,-1.712960564160103,0.0981179286479698,-17.45818106603034,2.982879335779521e-68,4.817944491563068e-67
12623,Gm49584,199.5543893114076,-1.943709690381219,0.0615896011347532,-31.55905631095961,1.3469990234043173e-218,9.947245330462052e-217
12642,Ess2,298.1536113496283,-5.20343707123668,0.1555150181340802,-33.4593863259588,1.8796135092489657e-245,1.7611776472683324e-243
12654,Gnb1l,44.95245585851206,-0.6872709777581065,0.0984651959688523,-6.979836590946429,2.955235924361188e-12,1.1304620651836429e-11
12656,Cdc45,258.60662847110666,-1.1011267765897044,0.0729470723013185,-15.09487278723592,1.7502513607066366e-51,2.108042896641e-50
12668,Dvl3,48.56832992249333,-3.995019967461014,0.1866676029366875,-21.40178533720184,1.2858878861870963e-101,3.233831757643393e-100
12675,Psmd2,25.354119687723287,-3.794820263281375,0.3495800212990201,-10.85536939204944,1.880449379170449e-27,1.2761865958015022e-26
12676,Eif4g1,170.36255577883853,-0.9830230652662226,0.0519102402798788,-18.936977751714544,5.655152199518352e-80,1.0818659992668038e-78
12681,Chrd,68.98828709607798,-2.1640455323420777,0.0977939910201811,-22.12861454744696,1.6764934890151457e-108,4.508939587431476e-107
12686,1300002E11Rik,57.99387284887488,-1.6332805895537847,0.097991778383798,-16.667526771040123,2.257436694406833e-62,3.325664134414395e-61
12690,Senp2,16.10307504524783,-1.0225222621876446,0.1552414858410896,-6.586655987268331,4.4984291812472034e-11,1.6098280035066994e-10
12697,Fetub,10.452992065410973,-2.715523127026615,0.2587224040396877,-10.49589476839453,9.021885060523744e-26,5.819149253693849e-25
12706,Lpp,38.25095105906128,-3.1821406642055425,0.1845335629593218,-17.244237921678273,1.2363220838110526e-66,1.94815743911926e-65
12710,Ccdc50,26.38619667539616,-4.773540902152775,0.3248265623529531,-14.69566056290032,6.872502093084759e-49,7.833483746126955e-48
12714,Gm26569,20.38690501014968,-1.3307276025396744,0.1512223925116425,-8.799805243375065,1.370537951568628e-18,6.909382533971088e-18
12723,Gm49756,20.268832492854575,-3.189335316021531,0.2091186560147996,-15.251318924868269,1.6134086315084145e-52,1.992805501766736e-51
12726,Gm41442,32.60190604055853,-0.5262025992429262,0.1202371523904705,-4.37637276649801,1.206705760988036e-05,2.960786710192805e-05
12740,Ubxn7,61.40644132623134,-3.689971562670856,0.1459977908799683,-25.27416024879825,6.145847695648801e-141,2.428794413600166e-139
12748,Lrch3,23.20194419389396,-2.5330094722693928,0.2806022966381671,-9.02704469142558,1.763703982116994e-19,9.16452981524597e-19
12749,Gm17106,11.821301173635993,-1.6975385314802642,0.2019538484693286,-8.40557654308863,4.2576475910211883e-17,2.0224116166889416e-16
12752,Osbpl11,56.55519726015736,-0.6465695372784824,0.087299700601244,-7.406320214450638,1.2985207654671837e-13,5.29991098373819e-13
12756,Heg1,78.32216664872793,-0.8383707482668087,0.0816316788426766,-10.270164232228336,9.604102333060894e-25,5.99070491984915e-24
12764,Sec22a,38.58042937442949,-0.8091926521410374,0.0987728452102554,-8.192460695229828,2.559388215405402e-16,1.1772240120898749e-15
12767,Slc49a4,157.68473590563516,-0.8570376208562646,0.0634146971283643,-13.514810598581656,1.2788440411828656e-41,1.251414595717854e-40
12768,Hspbap1,27.71672483111557,-2.220069449349981,0.1733529657327649,-12.8066424474812,1.5050720865905365e-37,1.3472211774576206e-36
12775,Wdr5b,186.2008187076518,-0.9711738190271814,0.0597792938756111,-16.24599014247311,2.384600356367564e-59,3.3542223576088705e-58
12776,Fam162a,10.340106925162235,-1.937955101300284,0.2309475277660041,-8.391322132981733,4.8070518566603216e-17,2.277175856425009e-16
12779,Ildr1,110.19984354220657,-4.204306228394171,0.1732270815854593,-24.27049044476357,4.018729509731105e-130,1.4092237001125489e-128
12797,Timmdc1,112.94310418318685,-0.6949862397989137,0.0621249222259657,-11.186915249101704,4.7259008722791937e-29,3.3783019032847328e-28
12798,Poglut1,17.750128436154323,-1.380975081461346,0.1642733811875507,-8.406566368075717,4.2218846467296035e-17,2.0059707094657447e-16
12805,Gm19522,135.8942482808931,-0.8302486306512813,0.0595207721779921,-13.948888770604126,3.195452950630509e-44,3.2933384993251626e-43
12809,Zdhhc23,506.9481970042797,-1.677586244719415,0.0464480907327863,-36.11744246648344,1.2075505148304687e-285,1.451392439480373e-283
12822,Btla,37.40305677059735,-0.8651604605889345,0.116651649478375,-7.416615748320973,1.2015087922382952e-13,4.91662250085208e-13
12824,Abhd10,15.693441662960693,-3.5356490642637626,0.2618255279211594,-13.50383628493404,1.4844076635683316e-41,1.450939807104256e-40
12835,Cd47,209.8580622268307,-1.2030302345534465,0.0509333005510927,-23.619718760355006,2.4175424807088323e-123,8.071442596512171e-122
12838,Dubr,188.502559537032,-0.5608907037891065,0.0513443891107441,-10.924089535456885,8.842270951207756e-28,6.0790176780137575e-27
12839,Cblb,24.747521138343707,-1.738508903599166,0.2429491122632261,-7.155856168412576,8.315229327133832e-13,3.267594514392073e-12
12845,Pcnp,522.2389294035931,-0.7348646416220629,0.042999648278831,-17.09001517539949,1.7612801980544064e-65,2.73335630380162e-64
12851,Tmem45a,392.6755502999482,-4.331979858798975,0.0753718528943898,-57.47476932627484,0.0,0.0
12854,Tomm70a,38.44951384926505,-0.983861625502933,0.1170188798744403,-8.407716998817653,4.18068401075066e-17,1.9874784762510231e-16
12856,Gm16892,44.47041605362301,-1.4673829685589517,0.1017942021260264,-14.415192004179731,4.1528269924407676e-47,4.569158385369804e-46
12864,Gm49575,19.05862987710398,-1.1267761755094927,0.1663089411150052,-6.775199023907619,1.2423511718139748e-11,4.5940369663428706e-11
12870,Crybg3,44.22314751172811,-0.5944270045371637,0.0969646422937066,-6.130348036933293,8.768703721611873e-10,2.906446718528941e-09
12879,Zfp654,990.2286717522144,-1.1952966409287853,0.0356596941745552,-33.51954268249678,2.5024093631694787e-246,2.3574048854766313e-244
12885,Gbe1,47.35489253904084,-4.816285874313908,0.218731418068617,-22.019177294425152,1.886575870383048e-107,5.035106319913594e-106
12888,Robo2,16.13459690559714,-1.6196841633009993,0.1740738538507447,-9.304580369029786,1.3452247551399711e-20,7.256136500334083e-20
12890,Hspa13,23.507887500794773,-2.508081914883695,0.2203701828466827,-11.381221735558627,5.1867956030705295e-30,3.8189891749181737e-29
12893,Cxadr,16.956204308434746,-1.197024779081684,0.1606857668075808,-7.449476097749878,9.371161593842833e-14,3.8491775691136665e-13
12894,D16Ertd472e,25.77944399111712,-5.112866605100949,0.3507771169086607,-14.5758270954496,4.0024558372444185e-48,4.4858392496138735e-47
12896,Mir155hg,61.87276054194332,-3.863628736927181,0.2488447591587336,-15.5262612320585,2.3042858114124479e-54,2.972545752871661e-53
12899,Atp5j,12.698010524213975,-1.7147325869749015,0.2097486802696661,-8.175177001210844,2.954318485061251e-16,1.3545872811798865e-15
12901,App,73.99189187653145,-0.598446214484075,0.0821865893438635,-7.281555534324631,3.299927536143281e-13,1.3205772009163049e-12
12906,Adamts5,25.239663557196973,-0.7090195989490787,0.121297312422289,-5.845303451412599,5.056456517420207e-09,1.6007978961961742e-08
12909,Rwdd2b,499.8693319859876,-0.7146092528674297,0.0324036083338938,-22.05338508921413,8.863927704250157e-108,2.369333313338524e-106
12911,Cct8,31.98334442347832,-3.5899935355999246,0.3151106113003337,-11.392804326028491,4.541343627181456e-30,3.3508271267789334e-29
12918,Mis18a,18.001738563830177,-1.6212757927044454,0.1697876016331235,-9.548846777444284,1.3114798461769374e-21,7.325791909990917e-21
12920,Eva1c,22.5009486979436,-1.4842733361694669,0.1404373915124117,-10.568932676581989,4.1519286413694687e-26,2.711120732925706e-25
12921,Gm36363,257.0652241924301,-4.498499273417732,0.1530179750706909,-29.398502178188693,5.739164910048644e-190,3.402114491575774e-188
12923,Synj1,1783.8247560947102,-4.074660030249066,0.0862979273905584,-47.21619804156339,0.0,0.0
12932,A930006K02Rik,15.277149843803771,-2.154769695070481,0.1928173579360729,-11.175185253730517,5.393771264481838e-29,3.846262094819537e-28
12934,Ifngr2,188.89433472272185,-0.785161676910505,0.0733657636167838,-10.702017374366758,9.95861201294504e-27,6.599189739985024e-26
12935,Tmem50b,14.386754763543514,-0.7999808198149734,0.1599542732635276,-5.001309458591269,5.694222680650353e-07,1.5615879288493208e-06
12937,Son,208.6154833187712,-3.28059741212886,0.1533055925303953,-21.39907199718384,1.3629375349449968e-101,3.4226621554785883e-100
12940,Cryzl1,204.63157499304413,-5.678623184030045,0.2814582265617965,-20.175722889319267,1.6000712916363481e-90,3.517475041901709e-89
12959,Pigp,98.39168398562644,-0.808593494595027,0.0630760885741705,-12.819334757008743,1.277922243693319e-37,1.146839797275343e-36
12967,Hmgn1,91.81157868338389,-4.306395103607462,0.1395459752150414,-30.860045207117395,4.1073924155382077e-209,2.874844779839352e-207
12970,Sh3bgr,12.819290477273796,-3.455916542622896,0.2851458379045047,-12.119821099336129,8.29399857388517e-34,6.773561721915217e-33
12984,1700102H20Rik,146.4641210412777,-0.6126089909219143,0.0779267668474207,-7.861342330824429,3.800385840198236e-15,1.6628954160927662e-14
12986,Tmem242,67.98028845702444,-0.6369765858048857,0.0837872559423614,-7.602308711996392,2.908937777114501e-14,1.22693532380328e-13
12987,Ldhal6b,112.35419776943948,-1.0454981479261642,0.0747195211747429,-13.992302566836692,1.736958846867225e-44,1.802961214008457e-43
12998,Ezr,16.871142528406757,-0.6144473707414091,0.142874013376565,-4.3006237188980245,1.7031805088619418e-05,4.114642349382578e-05
13000,Gm49719,20.11549965588576,-0.5983585139926659,0.1490532204303984,-4.014395074892555,5.959844829805707e-05,0.0001364711282273
13006,Rsph3a,26.99145684469695,-2.535592583822783,0.1563946556575183,-16.21278280362319,4.095943754492685e-59,5.710728620263881e-58
13010,Mpc1,16.446060854817926,-2.7815825708219237,0.3325767302989344,-8.363731787012627,6.076497341875705e-17,2.867619704148654e-16
13016,1700010I14Rik,10.230179147656056,-2.2286807224690124,0.3096824988664065,-7.196663455723535,6.170380863578786e-13,2.4362799658008854e-12
13030,Tcp1,87.9577479041723,-2.865535476716333,0.1503772238834302,-19.055648207321912,5.898146256265255e-81,1.1472421088637372e-79
13036,Gm16046,28.31967689295163,-0.5976117179794127,0.1128217255433748,-5.296956017125072,1.1774904256441764e-07,3.400340195301362e-07
13039,Dact2,55.71357573675516,-1.7567676021925582,0.1083101650538592,-16.219785108064173,3.65471171172649e-59,5.1119033476700856e-58
13057,Gm6712,154.00500181730467,-2.7227038702126363,0.0904410250899354,-30.104743588489317,4.19992122711206e-199,2.7109713757818145e-197
13058,AC154200.1,183.5399472762957,-1.0670619677767508,0.0598919993345469,-17.816435911853883,5.268831652532269e-71,8.854888914207559e-70
13068,Zfp677,30.586946762899288,-0.92051446454802,0.1144842975465879,-8.040530310922582,8.945050031439767e-16,4.030360184796594e-15
13069,Gm49691,14.258659482018368,-1.469981430035418,0.1870639776058883,-7.858174774474305,3.897712078829171e-15,1.704625498364737e-14
13070,Zfp54,35.95488852190933,-1.259910820525198,0.1099086254999739,-11.463256999110564,2.017811847043986e-30,1.5028386696701958e-29
13077,Zfp760,13.90372717098232,-2.2741823607011824,0.2093606768035164,-10.862509595512474,1.7390324721479193e-27,1.1815929015436232e-26
13084,Zfp994,422.9967806830872,-2.1699708583778734,0.0956148120657521,-22.69492363678583,5.028171250284052e-114,1.4532498930340044e-112
13091,6330415G19Rik,13.296333356338302,-1.1055363523890678,0.1744808815874896,-6.336146071308795,2.3558345514171947e-10,8.064719026143953e-10
13094,Mmp25,253.15444402397745,-2.8316214344298625,0.0741210322458984,-38.2026713421352,0.0,0.0
13096,Hcfc1r1,26.16104947365241,-2.0806307444051884,0.149626576241758,-13.905489229690213,5.866436023486307e-44,6.003537699196674e-43
13098,Cldn6,11.95003163730113,-1.886659002459711,0.2102522801338641,-8.973310545115165,2.8773343592274963e-19,1.487134733470249e-18
13108,Kctd5,11.46822991408252,-2.303306057899229,0.2477140990507738,-9.29824368788602,1.4278467451456182e-20,7.692276066274446e-20
13115,BC028777,39.49355023770568,-2.642605253059058,0.1400061147925807,-18.87492740566426,1.8337568276102976e-79,3.4700015191739697e-78
13117,Ccnf,16.310411767608862,-1.2384718299638866,0.3604136449929551,-3.43625122735876,0.0005898237569033,0.0012058004029691
13125,Caskin1,386.1931245334694,-0.7807902689883847,0.0338553459734906,-23.062539948632,1.1009892216680184e-117,3.3722390430984583e-116
13128,Rab26os,26.280916726930386,-0.9329071795998588,0.1275277429813495,-7.315327298910115,2.56754800560226e-13,1.0334232480747389e-12
13135,Zfp598,31.39639437224081,-0.5935476883685082,0.1066278845298194,-5.566533472794516,2.5985688326036016e-08,7.842053266600098e-08
13137,Gfer,10.401607533931031,-0.7804760992584661,0.2725913189214338,-2.8631729812474864,0.0041942151570886,0.007655716564489
13150,Spsb3,39.73734774849806,-5.1756989176987735,0.2774808170627147,-18.652456672451663,1.206060280410112e-77,2.2337107935161996e-76
13152,Mapk8ip3,48.89991188212948,-1.260285680235521,0.1087155893162296,-11.592501941645445,4.497986031695276e-31,3.423183430584509e-30
13158,Tmem204,99.89842936970405,-0.9052837937189738,0.0695679334594246,-13.012946464005267,1.032815898565714e-38,9.493626308124085e-38
13164,Tsr3,57.53131740226965,-0.5742497796415592,0.0790861716452152,-7.261064326361306,3.8405623636878273e-13,1.5320055132605048e-12
13165,Ube2i,81.1360183741093,-0.5113608497506646,0.0749657882486735,-6.821256224964894,9.02478104176456e-12,3.3614850180780674e-11
13167,Lmf1,557.6384953084803,-1.7477953669840656,0.0518704177219953,-33.695417228979146,6.746912642909635e-249,6.532510752257174e-247
13171,Ciao3,21.23299914202662,-0.6131998021404652,0.1406446918708161,-4.35992140182366,1.301091685297723e-05,3.181622827468601e-05
13174,Metrn,197.09200927472656,-0.6899300108458236,0.0630815925053054,-10.937105159287118,7.660701736677969e-28,5.2875528660128175e-27
13175,Fbxl16,24.571948245684368,-2.362654494959236,0.1567620723557776,-15.07159518532709,2.490269474346745e-51,2.991069358987945e-50
13187,Pigq,41.65048335030413,-2.6037019266750767,0.1331901602195052,-19.54875587193545,4.2270400223164504e-85,8.697621429625866e-84
13196,Fam234a,17.474736331538747,-2.480179301999499,0.2125803842354182,-11.667018624130764,1.878930223571464e-31,1.4470170541937021e-30
13198,Gm50013,65.94979186006685,-2.1759812654997543,0.1153504537076809,-18.86408935169069,2.251162413030444e-79,4.2506238932063455e-78
13218,Uqcc2,109.09862865782306,-0.7293663877205028,0.0638842618736332,-11.416996398318446,3.439152158462868e-30,2.545118633447595e-29
13219,Lemd2,14.943029517873738,-2.030149226392363,0.1870813777531317,-10.851690589275544,1.957703693042004e-27,1.3275820997017918e-26
13222,Grm4,232.45904931054395,-4.709996333565538,0.1666913002588021,-28.25580175001861,1.2079035127463703e-175,6.379194672770831e-174
13226,Gm49741,12.064849277312383,-2.049563632070206,0.2124038243544074,-9.649372549198532,4.9457405998071655e-22,2.807634109884015e-21
13232,Anks1,296.5996432187205,-2.2100778051381904,0.0650554402846543,-33.9722211619482,5.731195068579464e-253,5.7404176813335e-251
13233,Scube3,10.074489248966792,-1.6900481663758664,0.2453780504540569,-6.887527891139963,5.677024541642977e-12,2.1406141002110295e-11
13239,Tulp1,135.74432687841806,-4.837388530891086,0.1435913388210463,-33.68858157189954,8.495991797137617e-249,8.180560499475933e-247
13241,Gm22146,32.56395544772183,-2.190682971944977,0.1838973549211982,-11.912531166550522,1.0183814709069243e-32,8.078448918964898e-32
13244,Srpk1,18.26548834531292,-1.7882225154305331,0.1725427316262464,-10.363939985047256,3.6174698007778215e-25,2.2892252610005764e-24
13249,Brpf3,197.8345000748342,-1.884186276541829,0.0575775297452837,-32.72433334457465,7.040354314776082e-235,5.787702594241394e-233
13254,Gm41556,22.937165198361704,-2.849331040517327,0.1901133697666177,-14.987536352730752,8.857841702234837e-51,1.0494525165638936e-49
13262,Gm36199,961.9307184869472,-2.046020021258803,0.0352848950516188,-57.98571933587007,0.0,0.0
13263,Gm26885,379.4057939297484,-1.0162557696230743,0.0349382054867167,-29.08723431744223,5.206760949717151e-186,3.0147318880953657e-184
13264,Pim1,289.3807862714919,-0.8217245165490167,0.0434525032971061,-18.910867135328928,9.281790503422584e-80,1.7621246720441044e-78
13289,Pknox1,1898.284336869305,-5.238215996722342,0.1399261770600261,-37.43556857467227,1.0315022889468471e-306,1.4267477691877504e-304
13292,Sik1,57.03476493285903,-3.5356293839721418,0.2045882805637428,-17.281680916569208,6.463651725772692e-67,1.0222188954334525e-65
13293,Hsf2bp,39.08035575777074,-0.9611615982158592,0.0998331009735678,-9.62768449384678,6.109053070094532e-22,3.4567719774547886e-21
13297,Ephx3,15.63162882032751,-1.1817923932516743,0.1772906283694597,-6.6658480717261135,2.631413651529592e-11,9.536343755220986e-11
13300,Akap8,374.9955149713915,-2.4791525089369104,0.072764143037453,-34.07107409566889,1.978757049988349e-254,2.004987085302148e-252
13303,Cyp4f17,25.30273498797936,-0.781572063978484,0.1334345903316097,-5.857342253130407,4.7033320677334495e-09,1.491442344913729e-08
13304,Cyp4f16,181.3049238457481,-0.9855082313499184,0.0529636209388184,-18.60726691040137,2.805691367482165e-77,5.1743480584634045e-76
13315,Zfp955a,21.89922164459502,-1.8751251958891464,0.1565430106692386,-11.978338655126024,4.614789319959277e-33,3.6875996454951984e-32
13316,Zfp955b,516.1763880907038,-1.2554545903907,0.0456391752870704,-27.508266363138453,1.3981797268727984e-166,6.962136079982609e-165
13326,Angptl4,112.4701816918732,-0.9340157692204256,0.0656380817965972,-14.22978465633416,5.9865836552891585e-46,6.389110835540688e-45
13328,Rps28,26.644352076463218,-1.6774082455257358,0.2705139704684074,-6.200819287156318,5.616998119522446e-10,1.8821965627194232e-09
13344,Ring1,450.7933820738465,-0.5902525579087792,0.0519608766387006,-11.35955734567335,6.648063305430821e-30,4.876365626559274e-29
13347,H2-DMa,61.818272669549074,-1.633594237320983,0.0904051547164259,-18.06970235762643,5.521075094876179e-73,9.526861064703171e-72
13351,Psmb8,223.56288515964647,-0.6180745129594869,0.055833621457956,-11.06993415114423,1.7552954099003903e-28,1.2360116526765254e-27
13370,C2,118.02909606090518,-1.8795101131860927,0.1084331665516675,-17.3333507906967,2.6351799709791363e-67,4.197981401665848e-66
13377,Vars,43.37834680100825,-0.5251063112321377,0.0933168509975076,-5.627132780618184,1.832296846566228e-08,5.5925165397471484e-08
13386,Bag6,399.01426511132826,-0.7490294621672516,0.0369891462076726,-20.249979763303653,3.5538593108015056e-91,7.9101736996997e-90
13391,Atp6v1g2,716.3755501320647,-0.6134152998851276,0.0655752515012735,-9.35437205106586,8.409777143531879e-21,4.561643201290805e-20
13394,H2-Q2,37.50243066536745,-0.5362798949706934,0.1078834883128685,-4.970917267853348,6.663688182793112e-07,1.820294007048877e-06
13397,H2-Q10,94.7674971883387,-0.5656884868598127,0.0658650515850647,-8.5885985548683,8.803653667258701e-18,4.3049965239333507e-17
13401,Sfta2,14.609939747208378,-2.4629687355479595,0.225325239085574,-10.930727270248555,8.218706471932361e-28,5.661486813946134e-27
13402,Gm9573,45.97972273376631,-2.3113589355087623,0.1206854492398224,-19.151927179851644,9.327039018219678e-82,1.832600180490784e-80
13414,Atat1,239.94636499672632,-5.123670016694916,0.1746964523570988,-29.32898720931992,4.429604641845493e-189,2.5992979696324326e-187
13420,Gm20508,98.10283151839452,-0.5846603977896324,0.062647183016587,-9.33258878750912,1.0331601167162491e-20,5.590162842015146e-20
13424,H2-T22,137.87275241279892,-0.7592997884153003,0.056400955924597,-13.462534029217792,2.5984944235188487e-41,2.527151831087416e-40
13430,Rpp21,37.91881408182201,-2.7873070355798784,0.2399150728839934,-11.617890456293384,3.3428866874216566e-31,2.550780612451166e-30
13435,Znrd1as,11.618690441184128,-0.5530625286855176,0.1868792509489903,-2.959464605498012,0.0030817410033898,0.0057246410367808
13442,H2-M3,173.0245716126147,-4.781002347321008,0.1750024745660475,-27.319627103424832,2.4798810715769426e-164,1.2208860823571454e-162
13444,AY036118,10.795578614877114,-0.8674371671588834,0.1967444781669693,-4.408953050375948,1.0387153811059738e-05,2.564126297721659e-05
13445,Crisp1,33.421468232662946,-3.639910664295396,0.1960948184239458,-18.561993088599188,6.5238806885778705e-77,1.1993480236343368e-75
13452,Ptchd4,20.40023750710081,-1.0136851581990791,0.1390082119943389,-7.292268159239116,3.047797548954171e-13,1.2219235261829599e-12
13475,Capn11,569.8634223662754,-1.7217967799480869,0.0445987227702827,-38.60641455623395,0.0,0.0
13479,Vegfa,172.8467281984475,-0.9271801292501496,0.0548705432358035,-16.897593400262807,4.6864712556348215e-64,7.065382443183709e-63
13483,Gtpbp2,13.509999226940954,-0.5838113739994536,0.1666105486322885,-3.50404808574235,0.0004582426051368,0.0009500656819324
13484,Polh,130.67187880780253,-2.353324157295223,0.0697574244004131,-33.73582349868535,1.7255851664307896e-249,1.689522375312124e-247
13489,Dlk2,59.185012569424025,-1.5499042458283077,0.0904429090764531,-17.136824342062493,7.884069777365597e-66,1.230112516382521e-64
13495,Cul9,40.03404149849194,-0.685272574493117,0.0970266106787783,-7.062728149515788,1.632649402880766e-12,6.3104488341995976e-12
13503,Mea1,51.557301508456085,-1.4803023482477238,0.1339058474005371,-11.054799898467955,2.077996926114286e-28,1.4591188730185248e-27
13512,Tbcc,216.22339766870832,-4.320004013743886,0.1409957620988688,-30.63924723293895,3.675385841509604e-206,2.5119460566991917e-204
13514,Mrps10,215.91456562362967,-1.9940312417128516,0.0520063799335135,-38.34205042269961,0.0,0.0
13517,1700001C19Rik,73.559255874767,-2.1400314089056405,0.5268141080612802,-4.062213551533642,4.860957726831747e-05,0.0001123713639252
13519,Taf8,122.55136654779596,-4.463453347554,0.1282191634574968,-34.81112516409127,1.6508332461816398e-265,1.7870013549350074e-263
13523,Tomm6,261.67880367641027,-1.2954035166179374,0.0578983138178195,-22.37376930689211,7.08868910705221e-111,1.960978948535015e-109
13524,Frs3,19.53128742953041,-2.40117455806442,0.2058734545512847,-11.663351952285176,1.9616478477845462e-31,1.510052945723899e-30
13527,Mdfi,12.566449854435506,-1.7615190398421974,0.2052359768466646,-8.582895976168247,9.25140108270848e-18,4.517607679166248e-17
13550,Pot1b,21.197431868725257,-1.5939043040035834,0.1497173631497272,-10.646088539574222,1.8184627211211524e-26,1.1990983088800396e-25
13559,Stap2,91.26536394602049,-5.66623117596603,0.2861639623420867,-19.800645509627422,2.9390352146567714e-87,6.223755251644984e-86
13563,Ubxn6,23.453304111000936,-0.9946830473197292,0.1301559998430357,-7.64223738067617,2.1347912299630632e-14,9.065580301119948e-14
13564,Hdgfl2,16.83703057877701,-3.059470101879165,0.3465802641877197,-8.827594695992417,1.069508119338144e-18,5.405854844496861e-18
13568,Mydgf,111.55416889127908,-2.8185749630435115,0.1018219875768867,-27.681397997806503,1.1694637015140637e-168,5.9076560550687244e-167
13573,Kdm4b,17.140819876517153,-2.988063879925216,0.5552984912653388,-5.381004859416098,7.407119480537117e-08,2.168872283380391e-07
13575,Safb2,11.441575221256125,-0.8615553136100461,0.2053626879824605,-4.195286505422198,2.7252688146640537e-05,6.465557432883899e-05
13580,Catsperd,24.998986687142665,-0.9705996690768828,0.1244134660984322,-7.801403654400024,6.122233924870253e-15,2.6568300010617223e-14
13588,1700061G19Rik,64.93477732580261,-0.8157389860742943,0.0766974614403589,-10.635801638736435,2.0307479908293667e-26,1.3375614506490628e-25
13610,Man2a1,39.22205133444975,-1.7435185366966248,0.1679260775026613,-10.382655050517648,2.973874964492857e-25,1.887425086714549e-24
13613,Vapa,16.7528807970702,-0.5263787134780297,0.1459465498805733,-3.6066540381308103,0.0003101707613801,0.0006559466119807
13619,Gm49932,165.43755184614082,-3.3161102941656533,0.0829855552505555,-39.96009045373534,0.0,0.0
13631,Dlgap1,13.886679150489238,-1.3372091803187438,0.197229869737274,-6.779952661835722,1.2021526577937256e-11,4.44822006794672e-11
13641,Lpin2,36.11768327219418,-3.407072258179928,0.2093630898079277,-16.273509630114926,1.521796636958169e-59,2.1440478406553733e-58
13645,Ndc80,37.7377734914849,-2.8503281412436774,0.1567722793569426,-18.18132741920519,7.255606256260221e-74,1.2695853999407942e-72
13654,Galnt14,18.380793616654355,-1.253817069723877,0.1515734905036899,-8.272007628493283,1.317218733498714e-16,6.124996821615687e-16
13658,Spast,1037.3019826742757,-2.0784880199246243,0.0463667055632033,-44.82716627540851,0.0,0.0
13660,Nlrc4,245.66128659926164,-2.968085196144717,0.0783193457217945,-37.89721643855314,0.0,0.0
13662,Gm31645,26.208853892966985,-1.5355768962086007,0.1412039403181591,-10.874887009163173,1.518438087479204e-27,1.0341281355446492e-26
13664,Ttc27,59.70817591324708,-1.2986197843221354,0.0902109225658254,-14.395371950381652,5.532643360692058e-47,6.068150314042869e-46
13671,Strn,366.7891852235116,-1.041032658989604,0.0409630085338235,-25.413969731495992,1.767421547764685e-142,7.113769684628852e-141
13675,Sult6b1,351.6044018344652,-0.7514352046834402,0.0443166054226567,-16.956064155113992,1.7358979337063892e-64,2.6445130409645935e-63
13677,Cebpz,10.4082681610629,-0.8614158354647006,0.1968431342742051,-4.3761538274671885,1.2079178337740631e-05,2.9629263908535355e-05
13682,Cyp1b1,96.29052569893544,-0.6342880225204108,0.0657274906316592,-9.650269870715112,4.902653741197033e-22,2.784081114421045e-21
13691,Sos1,15.958120805153753,-1.1043683839833656,0.1618000281205605,-6.825514165921393,8.761095538885534e-12,3.270258578961171e-11
13699,Eml4,55.9207465692997,-0.9701323238202716,0.1036393205188694,-9.36065885962308,7.924100062572334e-21,4.30355923622657e-20
13702,C430042M11Rik,152.29559303325146,-1.394987705676719,0.0607525580108765,-22.961793731005923,1.1234163157152302e-116,3.387352863371113e-115
13711,Ppm1b,543.1655420908801,-5.589901916131012,0.0903733634086778,-61.85342345678661,0.0,0.0
13716,Epas1,50.0634403845817,-2.3606235804531464,0.4046115536297281,-5.834296028564281,5.401814305533575e-09,1.7076513643540566e-08
13717,Rhoq,137.84310133152604,-0.723025579894424,0.0695240324089547,-10.399649658429446,2.4884642045284724e-25,1.5837147774537576e-24
13728,Epcam,19.489219683190445,-2.536449729921949,0.1817000936538758,-13.959540025079365,2.752042335649056e-44,2.8413858901476146e-43
13754,Epc1,38.25596534339879,-0.7458081547431654,0.1036321301355853,-7.19668845721303,6.169250066718448e-13,2.4362799658008854e-12
13773,Riok3,15.2861131511596,-1.4927793355017054,0.1931293696998647,-7.729426849067953,1.0803186559563434e-14,4.639673123708022e-14
13780,Osbpl1a,141.39655883942697,-2.9058868034508545,0.0780775760298544,-37.2179433739046,3.498469920291329e-303,4.690102597756715e-301
13782,Impact,148.82106033590907,-1.21201742375058,0.0640388243335125,-18.92629098620589,6.927135265345741e-80,1.3223013516368628e-78
13791,Gm50084,62.68862849963772,-0.769651462139958,0.0829962095851983,-9.27333267370343,1.8041864075275952e-20,9.680837657140065e-20
13797,Rnf125,77.49849902030975,-1.8701020548228695,0.2162770354606438,-8.646789756664546,5.29684302893137e-18,2.6121499804248987e-17
13809,Ino80c,61.23988003302608,-2.9708979778562163,0.3294977470909246,-9.016443979012696,1.942937152305019e-19,1.008383224847286e-18
13811,2700062C07Rik,140.4510839902508,-0.6871388964307477,0.0693602790215025,-9.906806981236713,3.8887577049874293e-23,2.2950649943285103e-22
13813,Slc39a6,77.03247505435525,-0.8516818157692111,0.0739764613369866,-11.51287585776137,1.1362494340422768e-30,8.52823218625702e-30
13814,Mocos,11.437626469524664,-2.1418130703623497,0.251053976916094,-8.531285170910378,1.4473077681416658e-17,7.012421402049751e-17
13818,Celf4,56.26188430284929,-0.6761688982653714,0.0844778176083736,-8.004099980423117,1.2034358581535664e-15,5.3916401377635866e-15
13852,2010110K18Rik,13.694791804710771,-0.7145998466032107,0.1812159686335238,-3.9433602457427934,8.0347821638647e-05,0.0001812453838361
13853,Fam53c,19.452180746800472,-3.423580976699307,0.2315445328902125,-14.785842420743345,1.8078116287205738e-49,2.076897894880828e-48
13854,Kdm3b,135.13215830797316,-0.6115274781337958,0.0747617482717947,-8.179684026523843,2.845891354255151e-16,1.3069352970213117e-15
13870,Spata24,30.581851763444806,-5.297331756027314,0.3448431331180749,-15.361569500105135,2.963133183951143e-53,3.7313211799061084e-52
13871,Dnajc18,11.814176673984276,-1.2760031936395917,0.1896938493050375,-6.726645056307083,1.7361956156879967e-11,6.3755619869807e-11
13874,Tmem173,185.66718998813863,-2.7161717678274817,0.0683705972186447,-39.72719090256503,0.0,0.0
13889,Ik,125.46776826985064,-1.4153247767553332,0.0771222914298809,-18.35169508730347,3.199724962081994e-75,5.754882006105778e-74
13894,Gm10544,58.67249106720844,-0.7087800220035185,0.0817565086730356,-8.66940178228627,4.343965672664924e-18,2.151367824472984e-17
13896,3222401L13Rik,320.5556994873618,-4.238085326820086,0.1394469607921615,-30.392095336783523,6.986577304469549e-203,4.701238195455418e-201
13901,Pcdhga5,30.548280372298656,-1.5007340696750404,0.1217930060053872,-12.322005334269017,6.895791528369536e-35,5.797388073151198e-34
13905,Pcdhgb4,165.77869773105903,-3.893527847269859,0.1439267758369687,-27.05214387405027,3.603971557974588e-161,1.730303479679921e-159
13911,Pcdhga11,35.791417556670844,-0.5719122719372729,0.1075874047982778,-5.315792057718891,1.0619436872299137e-07,3.077923595716437e-07
13920,Dele1,26.665426498865013,-1.5902349899577686,0.1422803638650498,-11.176770615136157,5.298306203998932e-29,3.7797331364426285e-28
13924,Spry4,310.1399467568763,-0.7683801945174737,0.0438054471012865,-17.54074539499238,7.000313376702621e-69,1.145553629381909e-67
13926,Gm5820,184.58586993104785,-1.0771050379394982,0.0534102874359832,-20.166621256822463,1.9233872211454983e-90,4.221762278353116e-89
13930,Sh3rf2,28.924372150895675,-2.864592680397493,0.2045242823399663,-14.006125080228284,1.4299706578072288e-44,1.488741255929772e-43
13931,Lars,13.94075856105163,-0.6646018563611926,0.1659664403826909,-4.004435202856261,6.216582742134211e-05,0.0001420886610228
13932,Gm4013,12.608218654042933,-2.8291054616319737,0.2453346650729777,-11.531617273859048,9.14101866237412e-31,6.878656012429023e-30
13951,Eif1a,38.1284885830383,-0.5407653392649844,0.0981456448985894,-5.509825115762791,3.591903863393053e-08,1.0739355040523955e-07
13956,Gm49974,120.5790403923846,-0.6416782302543903,0.0629394418872041,-10.195168737027617,2.0838235440390092e-24,1.2860083826314393e-23
13959,Sema6a,231.692875146334,-1.0291670564647275,0.0441126175514015,-23.33044633466845,2.177045484826881e-120,6.974549395140239e-119
13962,Gm16283,33.38849034554139,-3.867621989274261,0.2035821956948366,-18.99784004231739,1.7770876652748824e-80,3.43360131157546e-79
13980,Gm4221,21.249207514705915,-0.7498922586513282,0.1408095132993957,-5.325579508657718,1.0063168512141523e-07,2.920581196163238e-07
13983,Phax,57.92923564501508,-0.8945881389552015,0.098730151224917,-9.060941646055436,1.2932918547501162e-19,6.752393782080596e-19
13989,Prrc1,16.225088606467068,-1.4167427675214608,0.1706840238541278,-8.30038298565222,1.0377630676664275e-16,4.84623117451514e-16
13996,Rbm22,109.71781913612378,-2.399817249126689,0.13812216031656,-17.374599728433036,1.284997852628516e-67,2.0564685560706871e-66
14011,Pcyox1l,19.257170418719458,-2.0737033527378346,0.1717412293030712,-12.074580816458324,1.4389564733679618e-33,1.1653407722052434e-32
14015,Adrb2,52.18539264460728,-0.6481770714887785,0.0886168607717817,-7.314376359573973,2.585794686315628e-13,1.0405271252160878e-12
14016,Gm9949,43.36318887591735,-2.7638938054601883,0.5196769085055968,-5.318484928276204,1.0463488578715092e-07,3.0352476522943844e-07
14022,Apcdd1,28.495285523152287,-1.03843540199458,0.1254366152971077,-8.27856682464649,1.246665337305753e-16,5.80312059256535e-16
14023,Napg,46.39883295892909,-2.7292150111991385,0.1230825579431437,-22.1738567739213,6.1415926141393145e-109,1.6594678461894568e-107
14032,Atp8b1,28.42970998007081,-0.5525194893879466,0.1198599733270487,-4.60970809563212,4.032347384834123e-06,1.030889690815448e-05
14036,Malt1,49.882617568292645,-1.5636005751617907,0.1120540198843357,-13.953989127527676,2.9748975822483785e-44,3.0678411280132984e-43
14039,Sec11c,12.927768111698764,-0.5722708465249653,0.1752042112923329,-3.2663075978814007,0.0010895982299546,0.0021504521057049
14046,Gnal,45.77872857739856,-0.9618785312211998,0.1003254029197396,-9.587587024102984,9.016906231129156e-22,5.065978136560894e-21
14049,Impa2,102.71999877608168,-4.80198435455087,0.1679455928711322,-28.59249994273753,8.328096993365652e-180,4.622359057336834e-178
14051,Cidea,184.9300741079358,-1.2801396607166975,0.0575225269911551,-22.254579686903107,1.0184363120131277e-109,2.773329382150748e-108
14066,4930503L19Rik,22.063696339754863,-1.276359235427078,0.1496229682618033,-8.530503372943143,1.4571228443389056e-17,7.058014711266937e-17
14067,Stard6,81.32936110612627,-1.1110271698559755,0.0761125093989284,-14.59716909388376,2.9275134753572305e-48,3.289536095972006e-47
14077,Cxxc1,11.89091210916536,-3.615961794398794,0.3107829528511959,-11.635006879319182,2.7356807777988474e-31,2.09295191376112e-30
14080,Rpl17,308.5869541156668,-0.7287692549250346,0.0388636686048839,-18.751941880068703,1.866495363956098e-78,3.497772172368481e-77
14085,Ctif,22.833167871802296,-1.90393269934705,0.153128299121662,-12.43357831483752,1.7176965133718633e-35,1.4645799821450503e-34
14088,Ier3ip1,26.240107515927004,-0.6669720523198078,0.134338272609441,-4.9648699463248445,6.874712291495976e-07,1.8752932511534176e-06
14089,Hdhd2,16.278283824575794,-1.7148531533214806,0.1743826054278195,-9.833854409471432,8.047829294045063e-23,4.6955998974428295e-22
14093,8030462N17Rik,272.0017817444031,-1.1374809136426935,0.0460946751643842,-24.677056722629548,1.8861495280445568e-134,6.9940029733533056e-133
14106,Ctdp1,206.36784713542144,-2.2140388303784206,0.0756957233991116,-29.24919309780192,4.5976266151564295e-188,2.688840156004908e-186
14109,Gm47272,13.585196336172531,-2.476620591926074,0.2376694739295342,-10.42044041659451,2.0002478306664805e-25,1.278808481029179e-24
14122,Socs6,31.275112032480934,-0.9013425599152226,0.1116934215285671,-8.06979092931352,7.041864613746068e-16,3.1918235757702588e-15
14124,Dok6,105.89361988240852,-0.6100102867956342,0.0608033192840716,-10.032516217505831,1.0968513912868496e-23,6.605364909242301e-23
14131,Tesmin,1038.1033363125223,-0.6082695610353552,0.0391310789721176,-15.544410658054415,1.7361231875194586e-54,2.2429321654625e-53
14132,Gal,22.68710490374822,-0.616161501070467,0.127267965196064,-4.841450086211663,1.2889505424813218e-06,3.445372707724613e-06
14140,Tcirg1,47.72956913410633,-1.4809672433132193,0.105202807791548,-14.077259670175833,5.240270679632087e-45,5.495032334815165e-44
14148,Gstp2,92.3350200418973,-4.948755087978951,0.1729568836117141,-28.612651804532035,4.676439298781456e-180,2.603865306682531e-178
14149,Cdk2ap2,101.01204964986896,-2.432918517928588,0.1030229343793571,-23.615309858773305,2.6833468296676598e-123,8.924688654093126e-122
14150,Pitpnm1,51.63995409180493,-0.6867517971255116,0.0860122592016086,-7.984347853435615,1.4126713996152e-15,6.312830039100951e-15
14155,Ppp1ca,169.26478771839976,-0.6034948278597941,0.0533696073140624,-11.307837142372575,1.2001140405117745e-29,8.729377085992988e-29
14172,Actn3,153.4029406116829,-0.9780953076910528,0.0809664307414167,-12.080257197143895,1.3429898853346269e-33,1.0891404244584401e-32
14177,Mrpl11,30.54814791678589,-4.23968148667551,0.3194347386878016,-13.272449653070282,3.3446555298306382e-40,3.1800685528580664e-39
14178,Slc29a2,20.32357176778613,-3.226803987258799,0.2151220118368281,-14.99987825377143,7.355411563207266e-51,8.732296507055601e-50
14184,Cnih2,43.8614167327795,-0.7176434730928996,0.1031546931873656,-6.956963865806893,3.4768408791152317e-12,1.324177946704988e-11
14192,Sart1,156.12588157462977,-1.2136873867327551,0.0608573212941473,-19.94316149517208,1.718525504051029e-88,3.665907280856957e-87
14194,Tsga10ip,55.69791827215098,-1.0964613450993832,0.0956117080025055,-11.467856479152632,1.9134019966528893e-30,1.4275158389412048e-29
14207,Rela,125.31088263591906,-1.5419641420927266,0.0731305371212645,-21.08509253167186,1.0900037673984125e-98,2.6643177641261614e-97
14208,Sipa1,40.14225614709597,-3.2766536384107714,0.169762103585069,-19.301443427088643,5.222968109435732e-83,1.052322407066427e-81
14213,Znrd2,12.266633878481867,-0.8397473900699867,0.1728906956949295,-4.8570999537866655,1.191174722580772e-06,3.1943057493672405e-06
14217,Frmd8,29.23153271642931,-0.7512142106290478,0.1185429194501052,-6.337065209071674,2.3418289664935677e-10,8.018348767789763e-10
14225,Znhit2,344.72507724472314,-2.231879390908072,0.0473349804424061,-47.15074074285642,0.0,0.0
14228,Gm550,60.96988631063938,-2.873798935442899,0.1403488647307104,-20.47611101776208,3.516376883634746e-93,7.927996937643769e-92
14229,Naaladl1,27.423492884128148,-3.558943769195817,0.2135383500196558,-16.666532118789068,2.29530817980232e-62,3.3757494478982976e-61
14234,Ppp2r5b,45.92273357988667,-0.8157025880146127,0.0978697469655489,-8.334573382536155,7.777812268177401e-17,3.65171638496217e-16
14241,Gm14966,37.31488444712445,-0.8914309410076501,0.1365499470784465,-6.528240838464275,6.654663335953862e-11,2.354394490844578e-10
14259,Fermt3,442.0296764876008,-3.5041241036870057,0.0555483232098179,-63.08244607944652,0.0,0.0
14262,Flrt1,275.7628710856447,-0.7262059311761614,0.0414928737907275,-17.50194346236023,1.3846289598626446e-68,2.2531571907083252e-67
14263,Otub1,271.77036459908976,-5.060563984668628,0.1502731744867384,-33.67576416717824,1.3087955926384503e-248,1.2532796477199405e-246
14266,Rcor2,53.87213155450617,-0.5355888108272154,0.0908479118369201,-5.895444375085294,3.736743759428283e-09,1.1940588602734894e-08
14267,Mark2,564.7550641092416,-0.8253983945652081,0.0355232980778848,-23.235409976729144,1.9980569114881802e-119,6.3428298457952625e-118
14272,2700081O15Rik,814.1563104557056,-1.7964712496721118,0.0465975288065366,-38.55292964420265,0.0,0.0
14277,Slc3a2,13.042955079496334,-1.3230515789002133,0.1825854973992228,-7.246202999394654,4.2861756336994753e-13,1.705078040267392e-12
14286,Zbtb3,34.339669065062445,-0.5181025633595657,0.1017843096790259,-5.090200690002104,3.576847479976846e-07,9.956444318964456e-07
14294,Ganab,27.009794329925672,-0.7919109828266523,0.1247332704554332,-6.3488352380658455,2.169512338853288e-10,7.441499909768764e-10
14298,Mta2,89.76164009472747,-0.864071114874951,0.0901126757285037,-9.588785460974105,8.912796388128255e-22,5.0107166274935234e-21
14306,Incenp,25.280588095175947,-1.6566458770796073,0.1515759869384834,-10.929474453971071,8.33296236509949e-28,5.7356582977469946e-27
14309,Best1,60.93120508055832,-0.5380463655151136,0.1229472028320747,-4.376239175201038,1.207445200340419e-05,2.9621839740333367e-05
14313,Fen1,32.909294906767144,-1.437998417739517,0.1183064644363145,-12.15485920056046,5.4054838053749985e-34,4.424930566466672e-33
14326,Vps37c,235.06935426736572,-0.7241320319907637,0.0531645742048472,-13.620574279418214,3.021821398386165e-42,2.9922899619928447e-41
14341,Lpxn,199.3079892579989,-1.2290545050543518,0.0502423834680545,-24.462503970095625,3.704636061428116e-132,1.3284855407113005e-130
14348,Pcsk5,27.118794863937964,-1.0214798556809668,0.1299325701937089,-7.861615098955575,3.792117545724382e-15,1.6596942387464724e-14
14355,Anxa1,13.352191337559503,-0.5592955194351212,0.1665159630609334,-3.358810225482452,0.0007827880397961,0.0015751564435478
14357,AC106834.1,18.42718803567196,-2.416922562879515,0.183744092918231,-13.15374292851462,1.6195461963612664e-39,1.5150537364564764e-38
14368,Apba1,87.45236078945601,-0.724899443144743,0.0671573560388971,-10.794043808468064,3.672654740509209e-27,2.467502961356765e-26
14369,Fam189a2,14.68104505460791,-0.7950863464599341,0.1659824792838989,-4.790182372803376,1.6662979580759687e-06,4.399369915671562e-06
14370,Fxn,21.512916554323223,-0.5159291289453948,0.130984960658789,-3.93884249268411,8.187565563386253e-05,0.0001845484902207
14372,Fam122a,55.77916892520258,-1.0694413727618004,0.0927549904125482,-11.529744847206867,9.342017316342618e-31,7.023842872701429e-30
14373,Gm10053,21.94383270382952,-5.707045788714526,0.6185429760504935,-9.226595418082384,2.793704920007598e-20,1.4916877863324885e-19
14374,Cbwd1,17.21612689099506,-1.5335339604635725,0.1644119027463741,-9.327390139321237,1.0850983056520755e-20,5.867543676979327e-20
14377,Smarca2,16.29134564985336,-0.5801387489238778,0.1740789008586879,-3.3326195539045664,0.0008603249815333,0.0017206499630667
14379,Gm35554,46.894141717309,-0.662917385634936,0.088688146718078,-7.474701075243102,7.737954511468593e-14,3.193395008900655e-13
14385,Rcl1,29.801146918733718,-3.688285110031878,0.2235606197472319,-16.497919509267888,3.7975271282649096e-61,5.442705821661253e-60
14393,Ermp1,119.54987594569802,-4.603288924260315,0.1316899019204257,-34.95551942199696,1.067550027011056e-267,1.1701422560219296e-265
14399,Dkk1,11.919904391431125,-0.6954676551008856,0.1765754517250807,-3.938642933128069,8.194377282285969e-05,0.0001846781420867
14402,Sgms1,57.3598378290478,-1.2508640169858216,0.0879811896400728,-14.217402857395436,7.145599388265976e-46,7.61207250236549e-45
14404,Rpl9-ps6,11.223032632757077,-0.8329026306760141,0.1809394874248919,-4.603210954832358,4.160264471388679e-06,1.0620344105370132e-05
14410,Ifit2,13.488433722917367,-0.7556073799216695,0.177765264770791,-4.250590692708966,2.132074815460275e-05,5.107601358603666e-05
14411,Kif20b,26.16180034719128,-0.8321817089101483,0.1236128079915373,-6.732164105252916,1.6715795275993756e-11,6.142164876028234e-11
14418,Tnks2,313.0415933078883,-1.1653096943665109,0.0395790313398278,-29.442602684262177,1.565737464941947e-190,9.3450933352768e-189
14423,Kif11,69.49107759826067,-1.360359957570979,0.0886618520225528,-15.343238682008868,3.9308410998828844e-53,4.93564111590482e-52
14424,Hhex,142.37316408659183,-0.5843704294329871,0.0553353616852794,-10.560524258549195,4.5411843408020276e-26,2.961967091747669e-25
14426,Myof,22.811060266433525,-1.828519853985325,0.3488631665938372,-5.241366899917448,1.593914285669643e-07,4.558375151074916e-07
14428,Rbp4,267.98628452874567,-0.5198606485071741,0.0462569822048462,-11.238533594885244,2.6372661677281064e-29,1.8969160037625023e-28
14440,Sorbs1,69.42257091619919,-0.5023446701330492,0.0798808535928337,-6.2886742885045415,3.201884579985729e-10,1.0888281845851955e-09
14444,Zfp518a,15.672109317076496,-1.902851023034628,0.1971391020852468,-9.652326722132464,4.805286102028034e-22,2.7296781677361338e-21
14467,Loxl4,118.72467560841952,-0.6779500266219146,0.0711061224685004,-9.53434110996901,1.508403641815444e-21,8.396186096952909e-21
14477,Chuk,41.671041016586,-3.5666789639810226,0.1621450227540074,-21.996845190814657,3.087183674956435e-107,8.214265204143626e-106
14482,Sec31b,73.46334963760964,-1.1626108006057958,0.0753152693691579,-15.436588228971951,9.28854191633768e-54,1.179888546049075e-52
14483,Ndufb8,135.48927431199465,-3.518450801934564,0.0914191866811224,-38.48700617089505,0.0,0.0
14488,Mrpl43,10.27503273699714,-0.6606965052458595,0.1980117412615565,-3.336653175394969,0.000847936891253,0.0016984075555405
14492,Gm35867,517.9820521940226,-0.524425155610804,0.0469690447352865,-11.165335777349084,6.026305858183476e-29,4.293804517433428e-28
14497,Fgf8,245.64609194195063,-3.5782477849025325,0.0904199131930355,-39.57366976523644,0.0,0.0
14505,Ldb1,366.0062832478628,-1.3966244514861492,0.046307050733407,-30.160082090449148,7.911645497280165e-200,5.164200663917554e-198
14516,Arl3,15.28933930383648,-0.6673644804415859,0.158951091665631,-4.198552356252145,2.686267495855179e-05,6.376500942217933e-05
14517,Sfxn2,27.453928278414203,-1.3580304086031385,0.1365388511337159,-9.946109823885845,2.622344797310027e-23,1.5603354430699604e-22
14533,Cfap43,198.66601944104372,-0.6097400113909699,0.043743035230753,-13.939133582625724,3.663605880697218e-44,3.771371724086894e-43
14538,Xpnpep1,67.28674991639375,-1.0281137542996288,0.0930544550452631,-11.048517277324752,2.2286529083343978e-28,1.5617596657198188e-27
14555,Tcf7l2,10.559327150827103,-1.7010962105062566,0.2184785921593781,-7.7861002018235395,6.910914860003425e-15,2.9916399448618903e-14
14556,Ppnr,19.410271226123232,-0.8592372282626056,0.1386922444703233,-6.195279566958488,5.818166659378297e-10,1.9477335485909517e-09
14570,Hspa12a,21.15219005516812,-3.002254072715369,0.1981634408872491,-15.15039332822036,7.531451652560434e-52,9.153287266445137e-51
14583,Grk5,23.305697993907003,-0.553347155706895,0.125747922527506,-4.400447693963739,1.080277661059514e-05,2.6622000957218903e-05
14590,Clcn5,16.991345726473728,-1.0056004534611778,0.1543279912035891,-6.515995223022065,7.220927299482519e-11,2.549560797718422e-10
14596,Prickle3,12.648324166596169,-1.9139392312149992,0.2073457276389418,-9.230666351359828,2.689534636408607e-20,1.4373876002247533e-19
14599,Tfe3,11.846340081049084,-1.4329130340576235,0.1888809769010379,-7.58632794878217,3.2909884240173074e-14,1.3857295543313271e-13
14610,Gm14820,42.89086367832587,-0.5106256429064634,0.0969675811202595,-5.265941843730055,1.394724351191085e-07,4.007130892277981e-07
14618,Porcn,10.311309718404829,-0.6677998110777353,0.1900141698619607,-3.514473744578474,0.0004406262269512,0.0009158299204897
14631,2010308F09Rik,61.53696327899385,-0.5964110044552471,0.1850166656851301,-3.2235528742597,0.0012661092195612,0.0024737389549903
14637,Efhc2,11.68118826919975,-1.434033836837036,0.217393869047562,-6.59647782671964,4.210404387937837e-11,1.5095438731327016e-10
14648,Usp11,399.4999000370338,-1.7022254478426453,0.0441653559566462,-38.542097328811046,0.0,0.0
14650,Syn1,43.16077319777143,-1.958605511372834,0.1359853966425863,-14.403057679205684,4.95040065261034e-47,5.439822356474968e-46
14656,Zfp300,105.59704365713358,-0.5520436880171568,0.0609623727884368,-9.055482304354571,1.359655685241343e-19,7.090388773903689e-19
14666,Slc25a5,24.24118485717387,-0.6608388381859281,0.1283749331776461,-5.147724885445159,2.636648112625034e-07,7.436721687462226e-07
14669,Ube2a,49.57033955566756,-1.3274576432648018,0.0984173192896441,-13.488049185307188,1.8390237611704786e-41,1.793536995505266e-40
14670,Sept6,92.14275869545368,-0.7967715880199735,0.0765838076518721,-10.403917126213768,2.3794597151299203e-25,1.5162421906868098e-24
14681,Tmem255a,15.21610860049967,-1.13874780533885,0.1598105073279974,-7.125612854739689,1.0361858974801345e-12,4.0499322317299346e-12
14684,Mcts1,17.55274275317125,-0.5132454346460171,0.1426504936409416,-3.597922597715513,0.0003207690417612,0.0006775376148121
14693,Bcorl1,13.713593673573357,-0.6977475490233273,0.1643862955936413,-4.244560329701335,2.1902243736908614e-05,5.2382640846280137e-05
14700,Igsf1,17.643949508618036,-0.7597870865437604,0.1491811214397872,-5.093051179739435,3.523465340489712e-07,9.812552565365085e-07
14702,Stk26,11.830103369473887,-0.8756235738795102,0.1862017749931517,-4.702552238890927,2.5692945492812947e-06,6.68024248916521e-06
14706,Gpc3,22.48361585588408,-0.6136785613285596,0.1280142692792542,-4.793829350303618,1.636274769642731e-06,4.323377302203384e-06
14707,Gm14582,26.920445908072644,-1.1512643802475249,0.1192514374386063,-9.654092269036374,4.72323630150348e-22,2.685695342988667e-21
14723,Fhl1,280.7949500384066,-0.5709918914135188,0.0416541342588708,-13.707928434304646,9.101957694431232e-43,9.148149867274944e-42
14724,Adgrg4,86.4899168365907,-0.5972076045164681,0.0796389265841636,-7.498940909070769,6.433552003814611e-14,2.6689822499995485e-13
14732,Atp11c,24.05747150396284,-0.6701720224842785,0.1312473350419052,-5.106176230323479,3.287431196908179e-07,9.193413173895336e-07
14738,Fmr1,145.68277176531308,-0.5766226130693478,0.0695444698048254,-8.291422951208382,1.1190160913657242e-16,5.214495304898889e-16
14746,Mtmr1,13.926902952107362,-0.5829726397269475,0.1591615975288984,-3.6627719800380816,0.0002495006171094,0.0005337953296076
14756,Pnma5,183.6980360461665,-3.657512668087188,0.094790472525996,-38.58523510455258,0.0,0.0
14762,Haus7,46.88206715301719,-2.5532399395894174,0.119147202565982,-21.429289858278203,7.12586872134124e-102,1.799849856167176e-100
14765,Abcd1,144.01704970968012,-4.491661240298296,0.23745917384144,-18.91550942267465,8.499521917539443e-80,1.6153726060946282e-78
14770,Arhgap4,10.379438806282115,-1.171627597206487,0.2118623659868058,-5.530135528078888,3.199834738502805e-08,9.600055056399879e-08
14789,Dkc1,54.040564390837474,-0.912679105464154,0.0974957788678013,-9.36121661945687,7.882375406503689e-21,4.284904509811176e-20
14799,Prrg1,19.319522740462844,-1.2768099174675405,0.1523515582326244,-8.380681709326458,5.262202492240348e-17,2.4887290375784203e-16
14803,Fthl17a,142.7413650337248,-0.6201686057301532,0.0569272054727192,-10.894063753530832,1.2302533781304491e-27,8.414778600493513e-27
14804,Gk,12.471288193072466,-4.436837422446636,0.406366304001457,-10.918320192293129,9.422228944074038e-28,6.46498448965836e-27
14808,Pcyt1b,65.13144704298358,-0.7287351446308535,0.0847307900589119,-8.600594236453787,7.930439994464649e-18,3.8834422091466674e-17
14814,Klhl15,13.542071478044557,-4.554048594736199,0.3953791919547688,-11.51817973075624,1.0684426119888922e-30,8.026214586957938e-30
14818,Gspt2,20.11907284914355,-3.261128090409766,0.2120803602669299,-15.376850955483212,2.3405765122627956e-53,2.953770271956264e-52
14821,Arhgef9,63.94016260620757,-1.2780774054429118,0.0821280614105905,-15.562006255733944,1.3189875373331827e-54,1.7078242793939606e-53
14827,Eda2r,42.40538728403593,-0.6890354688274061,0.2372581341908152,-2.904159518818639,0.0036824048698705,0.0067704348636041
14832,Pja1,22.80482554488357,-1.309412192625115,0.1399941855585662,-9.353332693073355,8.492858938314377e-21,4.605275220191131e-20
14836,Pdzd11,63.68990912387565,-1.1153559239635862,0.0935138206544133,-11.927177353660484,8.542103130901601e-33,6.78540443780096e-32
14837,Kif4,84.85678268976659,-0.915279517101818,0.0712055701683782,-12.854043790920809,8.162899948347452e-38,7.352094072341053e-37
14838,Gdpd2,74.11668637768263,-0.6733594339789355,0.080117299951376,-8.404669583068877,4.2906788334237475e-17,2.036991302340209e-16
14852,Nhsl2,114.31415549122454,-0.9654368322675658,0.0589587025213179,-16.37479779882349,2.894678317575493e-60,4.121605695972687e-59
14853,Ercc6l,196.4890092432352,-3.924902871445741,0.1439030057407711,-27.274641354719968,8.48106671547006e-164,4.14028097247093e-162
14856,Hdac8,103.90701366751198,-1.1526116917886768,0.0693149398100579,-16.628618519285325,4.324505940363087e-62,6.322775967168446e-61
14863,Jpx,14.85031679066824,-1.6353947918429428,0.1894016706939509,-8.634532028418763,5.896793866865662e-18,2.901448998072692e-17
14865,Rlim,20.751278357617743,-2.037269288312365,0.1702681438855878,-11.965064291070874,5.415562710233537e-33,4.3195618724919936e-32
14891,Apool,10.43029739730589,-1.7102749957815522,0.2165656746004164,-7.897257951599055,2.8510594253471938e-15,1.2553881673812758e-14
14892,Zfp711,70.85525234149387,-2.864407378359372,0.1107798234248235,-25.85676064290888,2.0423877148974134e-147,8.767175639219734e-146
14897,Cldn34c1,14.303306986652863,-0.9754129972304632,0.1776777050066711,-5.489788362551397,4.0241562971183496e-08,1.199674922103637e-07
14898,Diaph2,16.213820321764697,-2.582543054575529,0.254152522509043,-10.16139060545283,2.948407491050413e-24,1.8106006255823328e-23
14902,Timm8a1,29.033020752476663,-2.490833020631553,0.1529090399449489,-16.28963873900663,1.1691781345795021e-59,1.651250934315362e-58
14918,Bex4,12.958930521398178,-2.286023330375526,0.2190065212782002,-10.438151873439557,1.660111384284793e-25,1.0625200589539249e-24
14920,Tceal5,21.710421532293456,-1.6609887199136413,0.1513602482483499,-10.973744686176202,5.111082003058974e-28,3.541786765380191e-27
14922,Tceal7,35.5035746609656,-1.94116920360052,0.1235315073274243,-15.713960313423412,1.2135565397871467e-55,1.5962161038045578e-54
14928,Tmsb15b2,73.91490430051834,-0.5343673246380894,0.0742042699208246,-7.20130155863342,5.964047883916297e-13,2.3574830238351838e-12
14935,Nrk,147.4450976104713,-0.8795063508289249,0.0599271013241913,-14.676270525267116,9.148573927491796e-49,1.0387058397936615e-47
14937,Radx,15.822538925762297,-1.3607279902001683,0.1702700908463387,-7.991585506512507,1.3321427289582333e-15,5.959082002126306e-15
14955,Amot,1692.9906810039422,-1.300264222330069,0.034876692409729,-37.281752726280736,3.242392781993016e-304,4.414720422232365e-302
14963,Gnl3l,58.05482283652445,-0.7739828676130678,0.0857182566974552,-9.029381807715248,1.7264430898600322e-19,8.973590864921157e-19
14971,Huwe1,27.948220210551767,-1.4598334208385422,0.1331077388482804,-10.967306885909148,5.4882784939125375e-28,3.7986385064300126e-27
15015,Ap1s2,515.350430774749,-0.7345400131395008,0.0385707557869948,-19.04396214572416,7.373300367735509e-81,1.4293868610555557e-79
15017,Car5b,29.98319367130454,-2.380589522188295,0.1540084680751979,-15.457523550107132,6.71301612086135e-54,8.564747068402022e-53
15038,Amelx,18.230459568057565,-1.573752327113472,0.1706790198675799,-9.22053764038753,2.956142257448922e-20,1.5774539884513107e-19
15046,Kdm5d,15.867550659937258,-1.1178591023761637,0.1672391456156162,-6.684195247836652,2.3219705967544813e-11,8.460653054617833e-11
15057,mt-Co3,11.302059597081833,-1.1522847868550172,0.1856555619407922,-6.206572939745777,5.415249304221361e-10,1.8166884480071198e-09
15068,Gm28306,24.469085690262904,-0.751355914699825,0.1247947597594132,-6.020732890934951,1.7362908425791064e-09,5.665620071984398e-09
15105,Gbgt1,10.74323314145203,-1.2100397996047063,0.1981992845546343,-6.105167343685111,1.0269302845826216e-09,3.393504171351144e-09
15110,Fam78a,15.37120282759181,-0.8860794141198102,0.1570724491684438,-5.641214731232608,1.6885461791945984e-08,5.1691520834364064e-08
15142,Car1,13.88065861730946,-1.043151618657735,0.1822875208633761,-5.722561883101002,1.0492960495027624e-08,3.2498900925420546e-08
15150,Gm16048,10.131619186727516,-1.069182036933892,0.2174976842880121,-4.915831818779611,8.840627019647771e-07,2.3920889256081564e-06
15151,Tdpoz1,13.900739167077012,-1.531319912501704,0.1817917787673038,-8.423482749799245,3.654549163430834e-17,1.7416320158674482e-16
15161,Ptpn22,12.655601766545896,-0.984533963966822,0.1813059953449027,-5.430233909771818,5.628023638474389e-08,1.6621792233745408e-07
15172,Cfap206,71.59207624251515,-2.4898194124949287,0.1915150680675253,-13.000645002079189,1.2131574994307708e-38,1.113370663511294e-37
15189,Foxo6,15.374502267955815,-2.602726880978798,0.2145988684508704,-12.128334598253756,7.475424545887907e-34,6.1079090007376674e-33
15195,Gm13012,16.28862068550457,-0.5450254870509876,0.1478342625730322,-3.6867332211417327,0.000227151266715,0.0004883177841754
15215,Tmprss11a,62.61239641218195,-0.9720866632793804,0.0899385276287201,-10.808345309946604,3.1428787493791062e-27,2.11728221276301e-26
15219,Gm42161,94.23153471560924,-1.3982980550028388,0.0756700949238281,-18.47887274900881,3.0549744321110856e-76,5.563437241675236e-75
15235,Olfr718-ps1,13.777472382962635,-1.5042665993984985,0.1870525043406484,-8.041948460946672,8.84210828483445e-16,3.9860388822580116e-15
15241,Asz1,129.44088349606542,-3.418212728807983,0.0886417837806342,-38.56209321404438,0.0,0.0
15255,Sftpb,18.05962602961175,-1.5232856337935818,0.1604729432561588,-9.492476444219012,2.2560960547046727e-21,1.2454622122709227e-20
15268,Gm26728,17.569165964107977,-3.6696774884687073,0.2557469791202649,-14.348859568515346,1.0830353859729355e-46,1.182652926487238e-45
15278,Crxos,16.714915362472386,-1.609240386463545,0.1688682432061035,-9.529561958546989,1.5794827952341945e-21,8.786219647411918e-21
15283,Gm26604,32.9317931758723,-2.5500469728829827,0.1507476747107289,-16.9159954060737,3.429724784308385e-64,5.193157562200394e-63
15285,Cd22,25.172081483543344,-1.2296224177076132,0.1311364959490139,-9.376660622270188,6.809526230529304e-21,3.7086382233020223e-20
15287,Gm10640,16.968767694673616,-0.5115934119282257,0.1472494647339498,-3.474331216433092,0.0005121284436523,0.001055632704432
15294,Gm45564,26.547276130958736,-2.6771590148215343,0.162688039413591,-16.45578264063758,7.623014121501257e-61,1.0916506993387337e-59
15297,Trpm1,82.46413833757941,-1.845717871705843,0.090245951191896,-20.452085077824368,5.756150111251462e-93,1.2961005702699027e-91
15302,Vmn2r79,10.798503888756844,-3.3853569305045457,0.3774635032571609,-8.968700023424907,3.0003447609141096e-19,1.5488746591590968e-18
15330,4930512H18Rik,16.18692779016809,-3.872424368930977,0.2940175647914907,-13.170724584693415,1.2935026319678155e-39,1.2133026840653978e-38
15338,Frem3,118.991839155488,-1.2051693622616266,0.0757196716300333,-15.916199005062907,4.8920766897424684e-57,6.578635227533313e-56
15343,Gm19935,134.40835553021336,-5.290710456209072,0.1524852788958919,-34.6965326392016,8.886345609538396e-264,9.44336776116068e-262
15345,Drc7,12.257331421055506,-1.4398536878176764,0.1999028975993863,-7.202765468178471,5.900341379857871e-13,2.3328300718730258e-12
15350,Calb2,25.251323175185405,-1.5748263722153844,0.1360086725416837,-11.578867308867627,5.27382676124219e-31,4.0031468987338365e-30
15372,D630033O11Rik,17.30106718795544,-3.921417620402252,0.2926796049924686,-13.398328935503244,6.183987584570796e-41,5.977511681858007e-40
15382,Gm26713,18.03364035213348,-3.591413226460682,0.2519900887941679,-14.252200329173426,4.3437611951923545e-46,4.661519095431794e-45
15388,Iqcf3,12.167668364265229,-1.2053601893052004,0.1871822901686042,-6.43949910122092,1.1986842547588914e-10,4.1747940031850435e-10
15393,AU023762,13.483812722498774,-5.253389883362377,0.4820742856282458,-10.897469622375912,1.1850714462639555e-27,8.115294760506174e-27
15395,Gm9888,15.57105284267637,-1.4642041536888124,0.1671721261800391,-8.758662027854516,1.975815585712843e-18,9.912065062695289e-18
15406,Gm26576,32.64160027671288,-1.4021698426495195,0.1212438370922176,-11.56487518275287,6.20815066221893e-31,4.6939544356247945e-30
15409,Gm32688,13.303358584599364,-0.5662008573819152,0.1700383084871383,-3.3298429184547103,0.0008689499069915,0.0017371024293471
15419,Tac2,84.99362674732784,-0.700498903738259,0.0785486140163757,-8.918030095250566,4.746554459792051e-19,2.433743781266721e-18
15445,Slfn3,19.474326904184764,-1.740505316292303,0.1680088665768691,-10.359603940878737,3.7852613853131135e-25,2.3919338442072862e-24
15446,Ccl5,28.6117658540522,-3.3755583413890844,0.1854138704906072,-18.205533018955474,4.664912225321687e-74,8.195573615212336e-73
15454,Icam2,33.823899053476886,-6.007830575016095,0.3836090411712662,-15.661337273679733,2.7798995909055486e-55,3.6399767145230576e-54
15461,Card14,13.729806660042978,-3.664260769916138,0.2912075357646694,-12.582987457018625,2.6193351201599896e-36,2.2756616387910417e-35
15470,Gm35725,26.79040351332008,-0.8758966555742446,0.1272319674670764,-6.884249870622321,5.8092829230439005e-12,2.1895368248877403e-11
15480,Gm47080,28.68796204885712,-3.1733595977241404,0.176890793397266,-17.939653821311804,5.78141651575342e-72,9.820519204342164e-71
15483,Ifi27,11.266144941115616,-0.5846906358049985,0.193649874528404,-3.019318433481544,0.0025334409622523,0.0047681219319799
15491,4930447K03Rik,67.18695181950427,-1.1228960800752943,0.0887897807600999,-12.646681526438664,1.1670074905144098e-36,1.0220405298836752e-35
15494,Gm4035,15.241001486985734,-0.7130970112018338,0.1887713543591248,-3.777570032395988,0.0001583659806942,0.0003459082982251
15507,1700084F23Rik,37.12700728216613,-4.356690440915488,0.2309358279167065,-18.865372602499985,2.1971715689919303e-79,4.1531785362680436e-78
15524,Olfr221,16.881267704282443,-1.9197721361274949,0.1777800872058488,-10.798577986434555,3.4957547668018285e-27,2.3504635060116615e-26
15540,Ugt3a2,39.45281831888666,-3.56635847011096,0.1748581302954425,-20.395725746839425,1.824868309981161e-92,4.0984284673133606e-91
15551,Gm49460,28.578335234202555,-4.157066074884671,0.2389710254211881,-17.395690827194688,8.894784149625277e-68,1.4274244766083733e-66
15554,Cacng2,14.944135520163703,-6.118904452367283,0.5916935905213893,-10.341339758261398,4.580879104174351e-25,2.8873620624792252e-24
15555,Rac2,10.384827087059849,-3.522395780045473,0.3207625096017616,-10.981320056445051,4.7000501415055325e-28,3.2621455143830516e-27
15557,1700027A07Rik,27.449380909815293,-4.887905839759507,0.3068309650665733,-15.930288648340872,3.905500980890174e-57,5.25599004594239e-56
15562,Vdr,13.107503898701705,-4.939483475463541,0.4323426840515213,-11.424926702066996,3.1392037262764364e-30,2.327096662762473e-29
15572,Kng1,21.43957913371588,-4.986335320576819,0.3481202829902436,-14.323598951907565,1.5583925946616736e-46,1.6953599338179554e-45
15576,Slc51a,46.45105480647774,-0.9982866793007998,0.0937556215929055,-10.6477527676734,1.7862508278381914e-26,1.1783035362439064e-25
15583,Gm15964,34.74992302897724,-2.711938172649121,0.146750052030001,-18.479980995813907,2.992867122759826e-76,5.456034332160906e-75
15585,2310043M15Rik,43.20957550326008,-0.6358605958002963,0.0933445577296718,-6.811972880537553,9.626925820231848e-12,3.581175308324453e-11
15589,Gm49953,35.102475113489795,-0.5020874543745314,0.1214229226768085,-4.1350302175721625,3.549079329284699e-05,8.324812187183543e-05
15593,Abca17,52.30870050218694,-3.1135949829901004,0.1294199417956784,-24.058077447644692,6.871374590364804e-128,2.362018074179049e-126
15594,C230013L11Rik,12.459878250568936,-0.8668646800769991,0.1834352733032734,-4.725725126180134,2.2929564305825224e-06,5.9894551367194544e-06
15600,Apom,535.2424854240774,-3.3589240699909837,0.1006555256714023,-33.37048858059166,3.6753536539076356e-244,3.4071310361862913e-242
15602,Olfr90,67.16558977948173,-0.9894980501223108,0.0797889766003547,-12.401438046742816,2.5667537551575267e-35,2.1831812808631224e-34
15606,Gm49870,15.74502680599557,-0.5691777635301584,0.1549489094227562,-3.6733253925475338,0.000239414293503,0.0005129717613931
15608,4930471L23Rik,24.474881811263327,-1.8129396409269436,0.1418986471687934,-12.776299683607183,2.224013272970615e-37,1.9836286244284484e-36
15649,Xlr5c,113.66459717669905,-6.346708580577388,0.2385012761947689,-26.610795052494527,5.091397337010958e-156,2.3289467923734116e-154
15658,Gm28095,21.71155806151384,-1.219981964900967,0.1471900949474672,-8.288478686941424,1.1470611167073283e-16,5.343753312476696e-16
15670,Rfx8,11.62404288544982,-3.464268109172369,0.299047014544568,-11.584359450798251,4.946503601183955e-31,3.757962718458325e-30
15680,9330175M20Rik,98.4593665070153,-5.642991470168571,0.1982865595400783,-28.458769385365187,3.7957820156942735e-178,2.054437545637261e-176
15689,Gm26813,24.516943970071,-3.387603504541455,0.2015168658383083,-16.810520997580305,2.0436728022351936e-63,3.0494117805954585e-62
15693,Myl1,20.323474018055325,-2.987863270045715,0.1975332521413321,-15.12587494842612,1.093376967581376e-51,1.3232898465977933e-50
15717,Espnl,61.69657469528292,-0.5856117473845517,0.0872112837350737,-6.714862140586017,1.8824410638064276e-11,6.892265306726557e-11
15719,Gm29101,156.37812561862586,-1.3804480527329186,0.0563623667297373,-24.49237199978298,1.7811798699920823e-132,6.426998503979714e-131
15742,2310030A07Rik,16.159081373614406,-0.5754110447785968,0.1628219475530134,-3.5339894493722843,0.0004093374181423,0.0008552850405689
15759,Gm20711,10.036281187392934,-3.923183174093969,0.3635817962260928,-10.790372936202624,3.8223526794996736e-27,2.56511214856836e-26
15768,Gm31728,14.319581374913984,-1.2007494680457758,0.1768200349163967,-6.790799858248579,1.1151353852633524e-11,4.131500742850703e-11
15777,Gm36388,311.8598717171625,-4.311019904696345,0.082936563299853,-51.979726831820464,0.0,0.0
15779,Gm32200,15.834896799625012,-0.7384660749973639,0.1563949356631178,-4.721802991038375,2.337630606315831e-06,6.099749394650743e-06
15789,A230108P19Rik,17.18289309568957,-2.087453413718725,0.2050700668060022,-10.17922043051496,2.455203533653409e-24,1.5119889464491737e-23
15798,Gm17171,14.97636320675442,-1.402271285666666,0.1752916172086432,-7.99964828892869,1.2477509985790032e-15,5.587308428374838e-15
15803,Pax8,22.84331653396151,-1.143535322567452,0.1511453902066771,-7.565796886056366,3.854939991784173e-14,1.6149974561734276e-13
15847,G630016G05Rik,31.26951985636822,-3.2486761958164942,0.1853355528538859,-17.528618474932717,8.664929364068511e-69,1.4166265380580302e-67
15853,Slc28a2,145.04840177016527,-2.42108477631759,0.0716459366198286,-33.79235293083647,2.5543946188172832e-250,2.52943121686066e-248
15859,Il1a,25.04917359367152,-1.5093446192578777,0.1351107320027245,-11.1711675074593,5.643417669625653e-29,4.0226373474943093e-28
15862,Gm14097,21.430095344170997,-4.634303649791795,0.311160093650981,-14.893631106146776,3.625337596184348e-50,4.237584414909512e-49
15869,Banf2,146.86997865365467,-1.3067904230902587,0.0558774761425477,-23.38671166458085,5.83500777384469e-121,1.8831947311586162e-119
15874,Rem1,72.85658907380983,-2.133403250203545,0.135764334024991,-15.714018453556704,1.2124438742369183e-55,1.595957087628475e-54
15888,Slc32a1,19.629473159441805,-1.0975600465600557,0.1583918580788999,-6.929396876027093,4.226385803044837e-12,1.6012489516405522e-11
15908,4930539M17Rik,16.33961688458368,-0.8136986482256836,0.1587919142133757,-5.124307822955522,2.986327605872749e-07,8.383652950249722e-07
15942,Gm38186,14.892468410541818,-2.09292588326048,0.1903828381798379,-10.993248673409717,4.1183050355029025e-28,2.86407901670968e-27
15944,Gm37696,13.655314177037868,-1.347216372564347,0.1753633607745809,-7.682427883530997,1.561014231855295e-14,6.671249640209436e-14
16003,Henmt1,28.42736195063225,-4.942760221159347,0.2991808712186975,-16.5209767624022,2.591666304307952e-61,3.7236241015234117e-60
16011,Gm29811,15.09244216777651,-2.44637459950078,0.2147217236325983,-11.393232869565972,4.519057528731732e-30,3.335795620954537e-29
16013,Gm43192,24.55736352865065,-1.990452036339696,0.1431952673118132,-13.9002641198009,6.310805951069075e-44,6.4545027062929486e-43
16014,Gm30648,32.437475630906654,-0.671620096893685,0.1274513487404232,-5.269619376579184,1.3670693883595822e-07,3.9296198747040737e-07
16029,Erich3,11.866590102727429,-3.0123599940542967,0.276751568522343,-10.88470793548944,1.3633494630454122e-27,9.303231966309884e-27
16040,Bach2os,18.072947358274927,-0.5473313197022422,0.1625804098359196,-3.366526878943308,0.0007612116341856,0.0015329785487158
16047,Arid3c,34.300861456938875,-0.6974050146896762,0.1187299252093642,-5.873877318291042,4.2571847471254306e-09,1.355640704785346e-08
16105,Gm12999,104.77299441183864,-0.6579891662725043,0.0607149274849471,-10.837354066438404,2.2899852284760527e-27,1.5504997110287743e-26
16139,Tex47,11.0938378107077,-0.5956887185137305,0.2104265348036378,-2.830863127930158,0.0046422581958235,0.0084329034643331
16154,Plb1,13.246137075904963,-2.4897109826434973,0.2186704551981041,-11.385676132552735,4.928448350888727e-30,3.6349131552809447e-29
16162,Gm45495,40.41124658465114,-0.9606585086741533,0.1010324319394827,-9.508417151133964,1.9358557072027784e-21,1.0717310440003183e-20
16166,Cnga1,11.205050218337162,-2.084479103468145,0.2352962499534218,-8.858955907205402,8.076730573426806e-19,4.1038268348012355e-18
16170,Gm9484,124.85411587376274,-1.1053752131779573,0.0632890844911168,-17.46549538622423,2.624135233796423e-68,4.242433103395553e-67
16180,Gm17202,18.46481631410952,-2.6357424296947083,0.3787945383532822,-6.958237679859277,3.445555705398002e-12,1.3128365726645468e-11
16184,C130026L21Rik,20.540546563436887,-0.9848336070215928,0.1435750358744283,-6.859365216408057,6.916720249760027e-12,2.596265356726637e-11
16185,Gm26953,17.312936939839904,-1.586930123305374,0.1739004682778784,-9.1255080507868,7.140056739237223e-20,3.7628336513887613e-19
16251,Gm44073,19.459932089571804,-2.471419722625444,0.1861100851332746,-13.279343356678629,3.050574944519248e-40,2.9068026316610967e-39
16275,Dnajb8,62.84444930083017,-2.529580436257034,0.1123717385008343,-22.510824073779474,3.2517027811191803e-112,9.184874565534049e-111
16287,Gm16161,67.18897266025486,-1.569413898721564,0.0891835950546573,-17.597562620790608,2.5715556468558957e-69,4.2360181298113945e-68
16295,Gm44317,36.62937706139438,-0.7092492714218325,0.1027752975091138,-6.90097025852869,5.1648546554285376e-12,1.9504460874281372e-11
16301,Gm15884,12.741125410340828,-2.1172095644067714,0.2091915043731806,-10.120915621075326,4.462215000645833e-24,2.717242593684681e-23
16321,Gm30524,11.009477039990673,-1.0135875247496482,0.1949863161689926,-5.198249521628905,2.0117396875129402e-07,5.715780775020462e-07
16335,Vmn2r29,15.915357520754984,-0.6244289363899951,0.1508036385769885,-4.140675531984666,3.4628450123040005e-05,8.134581867426084e-05
16336,Vmn2r30,11.299357937452424,-0.6504240025349034,0.1862406692971606,-3.49238437012436,0.0004787288162095,0.0009905361283273
16342,Psg16,16.14306056932033,-2.275166491621732,0.1914249733923851,-11.885421485513644,1.4092240670881326e-32,1.1133253418500442e-31
16347,Nlrp5,13.658352156492702,-1.4831169438660772,0.1818231967598351,-8.156918205684628,3.4368096227872237e-16,1.5729180174878082e-15
16357,Gm17077,14.29612761059647,-0.6424457565323605,0.1648031921437549,-3.898260392747529,9.688620258716e-05,0.0002165896278462
16362,Gm12784,19.11344030706077,-0.5025102039209417,0.141739721941174,-3.5453025943531724,0.0003921626085832,0.0008202844385968
16367,B230322F03Rik,13.079863157848024,-0.5603730020012915,0.1774113252756807,-3.158608962142208,0.0015852403681653,0.0030602092530334
16396,Gm44946,28.140449544447677,-0.5252328146975739,0.1167617283911381,-4.498330248573448,6.848925013799974e-06,1.7174541746835385e-05
16398,Gm28258,117.9907065358903,-2.304487125771302,0.0821262953573668,-28.060283442026545,2.9923382578800224e-173,1.5429133478796757e-171
16400,Gm42397,15.771895970805796,-2.5110360085129813,0.2314629996202615,-10.848541722143883,2.026323884854569e-27,1.3735812005151859e-26
16407,Gm45016,11.451161563095862,-3.959560930465816,0.3420856547391918,-11.57476461117497,5.532289274585127e-31,4.193855479663749e-30
16418,Lrrc32,114.611040534289,-0.8306885816428433,0.0713194318912415,-11.647436885218053,2.364643593160912e-31,1.8146635201060492e-30
16422,Gm10605,24.493782514700687,-0.954500225457024,0.1253912328666949,-7.6121767338531985,2.6951766477111424e-14,1.1381521351177558e-13
16430,Gm5737,58.19814566744812,-1.534143373829977,0.0940744788042001,-16.30775310510125,8.693211341492074e-60,1.2307496934161156e-58
16441,Slc5a2,49.0758167024683,-1.832757264097344,0.1041688707403758,-17.59409745993308,2.733763103173872e-69,4.4947191851051155e-68
16444,Fam24b,100.24901496659838,-2.4968353885960037,0.1831860354678969,-13.63005308902801,2.6538718024717805e-42,2.6324233223379733e-41
16445,Fam24a,36.17773816478213,-0.8581569305342849,0.1084533443032893,-7.912682970240667,2.519002528513713e-15,1.112548810616751e-14
16485,Gm6213,28.61412447668614,-0.6040727037828778,0.1195510856593888,-5.052841640467673,4.352847913692182e-07,1.202431977172727e-06
16488,Gm45607,326.3997878536845,-1.1718653682571762,0.0523685717473552,-22.377264247546705,6.554446995749984e-111,1.8160715777731437e-109
16498,Gm34030,16.394062366397215,-4.136588924862162,0.4251743321050817,-9.729159576452997,2.264561442596651e-22,1.3003880336597837e-21
16501,Tm6sf2,13.23011695438102,-2.947209393299336,0.2413120209758591,-12.21327218337861,2.6405167441543638e-34,2.1840970962089346e-33
16518,Gm45767,16.22290150079302,-3.352771761686574,0.2735037679313211,-12.258594413691885,1.5109804135539875e-34,1.257562877145124e-33
16528,1700082M22Rik,20.30752143911448,-1.862741830953818,0.1655093983453191,-11.254598527797134,2.1982483107606186e-29,1.5850670897780744e-28
16529,Gm3830,20.824182062646013,-0.8513324981996806,0.1429362311457174,-5.956030121794544,2.5843871736833687e-09,8.334696458725713e-09
16540,Hp,20.58403077694829,-0.7799653074186039,0.1415837757625636,-5.508860766127665,3.611634238860472e-08,1.0794642688194186e-07
16543,Syce1l,28.81446029173236,-0.7784457683797021,0.1193688218864204,-6.52134917709412,6.967776345049463e-11,2.4626730103735964e-10
16552,Irf8,63.13653442265862,-3.927057168963227,0.1494695030019774,-26.27330050673464,3.872833173954118e-152,1.7218300141753156e-150
16559,Gm45353,202.4350833136253,-3.2695783293213587,0.0719015859060982,-45.47296541680389,0.0,0.0
16584,Gm28119,21.323470688594675,-1.1399553566766274,0.1414948515568527,-8.056514736287719,7.850053533701614e-16,3.547996187379453e-15
16592,4930448E22Rik,86.92818342172222,-5.215097642419465,0.1879048980587077,-27.753920713605325,1.5626150241131416e-169,7.93972438491074e-168
16597,Isl2,197.98121865105884,-2.675104498040324,0.1617306488599589,-16.540491965481895,1.874849401469584e-61,2.7026365069323334e-60
16600,Cyp11a1,200.78982756243343,-5.037607210389603,0.1227040845020336,-41.05492682524447,0.0,0.0
16616,Gm3211,13.513388805583189,-0.7547583060967882,0.1624060215692519,-4.647354197854973,3.36219576721527e-06,8.64635499941386e-06
16641,Gm38150,37.67297065089447,-1.360434443201255,0.1115646063560735,-12.194140127732307,3.3401107518651483e-34,2.751013713776267e-33
16646,Ccrl2,11.892365073302622,-0.9717944741230876,0.183192162911595,-5.304781922314311,1.1280777520138585e-07,3.263635302473029e-07
16660,Gm28905,45.75551444092108,-2.725957508473149,0.1262036215621542,-21.59967736845521,1.8087420288395046e-103,4.635699423325718e-102
16683,1700027J07Rik,11.397854959475287,-1.989027990332636,0.54533617353608,-3.6473428443877824,0.0002649662730589,0.0005646652246112
16712,Gm47922,22.39704616379887,-0.5228825387705205,0.1281645048225461,-4.079776530128154,4.507901566613128e-05,0.0001046260600651
16717,Gm49322,25.64718454916825,-0.510875373301821,0.1288926819700789,-3.9635715968763465,7.383670538362067e-05,0.0001672505980537
16719,Gm15344,35.04948536069692,-0.6122900103321695,0.1045033222771277,-5.859048277034339,4.6552736117174564e-09,1.4770090752778413e-08
16746,Gm11946,49.79669101238148,-1.9870830044572627,0.121744748255559,-16.321714348499867,6.916563311018035e-60,9.808125743240221e-59
16754,Gm12092,36.26983672077908,-2.0061289880696918,0.1303142455187896,-15.394548616562677,1.780627132306296e-53,2.248751424770589e-52
16762,Gm12153,27.120941144058303,-1.146890460106371,0.1231975730818392,-9.309359197721369,1.2860589253483119e-20,6.943443293361332e-20
16768,Gm12207,227.70425942618425,-0.6336877071824443,0.0418665630356668,-15.135890343866896,9.390120300972611e-52,1.1380460125545945e-50
16769,Gdf9,15.184179497002123,-1.0089971841767154,0.1612774361732958,-6.256282392116699,3.942625752085201e-10,1.3349928425751094e-09
16775,Gm45605,10.640005656081856,-2.919775065578218,0.2884800724837554,-10.121236591628469,4.4476042932304826e-24,2.7092921224194635e-23
16795,Slfn2,80.86735645442755,-3.532597480628364,0.1236951553004517,-28.55889927174426,2.177953231565733e-179,1.2049958387215108e-177
16797,Mmp28,24.88268375342092,-0.7552099646579427,0.1302201346053059,-5.7994868992185085,6.651813464066317e-09,2.0891657064650887e-08
16802,Abcc3,61.40036976504384,-0.5530427999118446,0.0791091504077051,-6.9908828126914,2.7316186238007877e-12,1.0467601006068628e-11
16861,Gm33680,32.05313261751284,-3.854457043821169,0.2016460361462716,-19.1149655975642,1.8954500999954262e-81,3.707508904906879e-80
16876,Dbpht2,12.534785722153748,-0.5951684649443364,0.169672254820463,-3.507753613424351,0.0004519073779474,0.0009379351890994
16882,Gm17191,15.666425872996822,-2.1362522158227173,0.183469111086617,-11.643661448897404,2.471719151420472e-31,1.8934998404815816e-30
16910,Dio3os,20.055658806773828,-0.5062146272895447,0.1356384680302358,-3.73208747224056,0.0001898995309529,0.0004114843995334
16919,Tmem196,25.35582585618045,-0.7753070826045569,0.1248879060279908,-6.208023717130695,5.365505488944498e-10,1.8006938120801983e-09
16945,Serpinb9d,14.662415408549718,-0.7559842011985194,0.1582335168886,-4.77764898400602,1.773566349644685e-06,4.674790432790014e-06
16960,Gm33195,10.722737840644363,-0.8233358790538371,0.1875873594769559,-4.389079740498077,1.1383132807812508e-05,2.797310188586525e-05
16962,S1pr3,47.49543397867786,-1.041129891539745,0.0961155837895754,-10.83206125885972,2.4263107793138797e-27,1.6408903477641555e-26
16985,Gm20554,46.68133568109827,-2.3539499750891757,0.1136063102136263,-20.720239665057225,2.275499978632631e-95,5.301793265723195e-94
17017,4930405A10Rik,10.19561151166115,-4.33303332416225,0.4057778448265267,-10.67833884823026,1.2855132891317511e-26,8.505666515940836e-26
17020,Gm47920,133.44093474934374,-3.618185693246842,0.0980672836030863,-36.89493131971459,5.572146541426975e-298,7.247117158506665e-296
17021,Slmapos2,11.79315534801504,-1.1524235910064036,0.215457490510366,-5.348728365287252,8.857436304619821e-08,2.582258278971466e-07
17070,Gm49216,142.39041426400735,-0.6940718118455675,0.0596984062354378,-11.626303876661227,3.029324171405607e-31,2.3145577228959633e-30
17079,Gm15943,11.6567951368244,-0.5316058334213734,0.1867747698883996,-2.846240066252068,0.0044238829825272,0.0080521600646981
17091,Gm17597,13.72366415490398,-2.3049958476297774,0.2060653217984938,-11.185753272371448,4.7882200286154983e-29,3.4214472594797418e-28
17107,Gm49492,20.5899741001359,-3.2714137291864094,0.2142800922545321,-15.26699795004973,1.2688125972526801e-52,1.5738694622718653e-51
17113,Gm36026,41.40025024182111,-3.2232306238702435,0.1714649076428677,-18.79819415051204,7.813151414853923e-79,1.4704924714694835e-77
17131,Klhl6,16.563069307361708,-1.0847855428495532,0.1526853453769193,-7.104712899405308,1.2057292091386572e-12,4.692596841641027e-12
17191,Pnpla1,56.72183163095607,-0.980473513702332,0.0883336396201909,-11.099661668171768,1.2591964695907536e-28,8.884727154667065e-28
17204,Mpig6b,56.06416596544854,-0.561281784662516,0.0836527247908684,-6.70966529859869,1.9507133046723263e-11,7.137734930470146e-11
17205,Gm20522,12.102751036862085,-0.6621237014170909,0.1847422290146086,-3.5840408819833662,0.0003383190964135,0.000713138027612
17210,Gm6034,430.6526211317714,-1.0136869857502202,0.044979780596619,-22.53650356459087,1.8214755474746082e-112,5.1870385361744246e-111
17219,Prr22,12.58898734635368,-0.7139577634002542,0.1745245349172068,-4.090873318980339,4.2975183905228896e-05,9.99695014816243e-05
17247,Gm26658,38.36259966625559,-0.9375648773765548,0.1048588102456041,-8.941212237489209,3.849243000070921e-19,1.980065141831051e-18
17250,Gm10549,13.77495324411243,-0.9949393480485866,0.1864754855386859,-5.335496755374733,9.52833330318843e-08,2.770895925379075e-07
17318,Gm16244,19.2490326228256,-0.8759024715470771,0.1438456606178725,-6.089182445857169,1.1348872993013423e-09,3.739613509590433e-09
17320,Gm50217,85.20379850372167,-3.747867167753026,0.1205465992494362,-31.09060886900592,3.226283214618977e-212,2.2856773928609564e-210
17343,Gm14643,68.9552416540273,-0.8552455717796378,0.0751436624837498,-11.381473081174198,5.171866671774204e-30,3.8096066084395953e-29
17347,Gm28730,44.48892405156288,-0.7417254902623533,0.0967961297957839,-7.66275978003678,1.8197953622790958e-14,7.750584939833843e-14
17359,Dmrtc1b,33.545467043337425,-0.5006853863742449,0.141059858221955,-3.5494533504097667,0.0003860318560639,0.00080794562117
17379,Gata5,17.73355966509166,-2.397224805970468,0.1987319536298908,-12.062603734248738,1.6643654458226793e-33,1.3460121108954827e-32
17385,Gm16499,40.95984901769744,-2.584261734639785,0.1557892580685091,-16.588189498298668,8.483951571339566e-62,1.229079866877024e-60
17394,Adra1b,11.623388261622722,-3.70404951992334,0.317868155524215,-11.652785771556058,2.2207824532991576e-31,1.7080227977095197e-30
17424,Adh7,20.85139593494123,-2.113787449160418,0.1751400899626406,-12.069123920236157,1.5376250625152056e-33,1.24466927958732e-32
