,gene_name,baseMean,log2FoldChange,lfcSE,stat,pvalue,padj
0,Xkr4,250.97574919126345,0.7289149718042137,0.0456598158630021,15.964036604774147,2.2752774611559884e-57,3.078690651632497e-56
1,Gm1992,31.30959591394905,0.5106625085122828,0.1172433835382244,4.355576349822703,1.32717245783035e-05,3.242669507229404e-05
2,Gm19938,331.7550147826269,0.6667154556143059,0.0526633839589866,12.659943313432596,9.857050086005346e-37,8.6456300402064e-36
6,Atp6v1h,235.61893503313823,0.8704285148930487,0.054080663299308,16.095004421001345,2.7655173888010456e-58,3.816107446716122e-57
18,Vcpip1,20.997037059985825,0.7260122476380911,0.1300930363433545,5.580715678907879,2.39530923380272e-08,7.248732301912452e-08
20,Sgk3,12.808429435250533,1.9387867782111168,0.2031624029156015,9.54303921585597,1.387065703601083e-21,7.738086133917951e-21
39,Gm9947,98.0187112883068,1.683423954983664,0.0761812415989436,22.0976177291262,3.3318800041776497e-108,8.947304270078286e-107
40,Msc,63.66596542753595,0.5046630505077608,0.0834303524854554,6.0489142796770485,1.4582521852534344e-09,4.782540286901929e-09
48,Stau2,40.43159032624174,2.562454804266272,0.2214813136267796,11.569620760802827,5.874173849064229e-31,4.4433637952036194e-30
61,Mcm3,35.61355640449647,0.7673109065183553,0.1059944364322697,7.239162095160206,4.5146519384988564e-13,1.793920519474648e-12
70,Gm29107,51.89788619697713,0.5566500716581141,0.0838588963043046,6.637937013124511,3.1810373148395426e-11,1.1478078327748147e-10
71,Ogfrl1,352.37782881544234,5.618632302943462,0.1049285403610982,53.54722636574998,0.0,0.0
80,4931428L18Rik,114.85441178461944,1.749848785860593,0.0691182953338927,25.31672370401385,2.0905722574691472e-141,8.299428998444714e-140
88,Dst,95.86996225365024,1.6160529941782062,0.0752054603958915,21.48850609611442,1.99425146544737e-102,5.05171722962453e-101
92,Cfc1,137.05145540313072,1.036974380040142,0.0716802479050919,14.466668438607314,1.9677494494968255e-47,2.1773928511638527e-46
93,Arhgef4,206.27862081295788,2.0173634699821794,0.053411036293432,37.77053601617266,0.0,0.0
101,Lman2l,99.93446808750814,0.5058461781726032,0.0675631900106258,7.487008504084063,7.046113847822465e-14,2.914088090646653e-13
102,Cnnm4,18.57621129232125,1.3021817531562656,0.1493507323160979,8.718951242905346,2.8079044103304205e-18,1.3981759446639588e-17
103,Cnnm3,29.000361999867746,0.558477673300936,0.1126527733994755,4.957513751752304,7.140098993549816e-07,1.9437307913087504e-06
117,Inpp4a,71.4655142276214,1.6592237000817325,0.1548330178141824,10.71621365717352,8.542934926110598e-27,5.674019431869493e-26
120,Mgat4a,227.2202683579439,0.5965419295583528,0.0879852658039422,6.780020769473248,1.2015860744980546e-11,4.447067765205372e-11
135,Rpl31,25.999238834014893,0.8094940021272881,0.1273318352251299,6.357357535105473,2.0525387990730335e-10,7.048600234531002e-10
136,Tbc1d8,13.366321767948364,1.450250542989197,0.1853230875374456,7.825525476938568,5.055407971458857e-15,2.2009905102819124e-14
150,Gm8251,697.4177598258514,0.6363428097692329,0.0516459201156415,12.321260001649373,6.959827814931135e-35,5.848403045256501e-34
161,Tmeff2,637.9846561675938,0.5143162346177552,0.03172712100405,16.210617867032475,4.242815166465611e-59,5.910773998494218e-58
167,Gls,119.42115926023476,3.075032303742219,0.0941162819974219,32.67269210471415,3.8161479273912826e-234,3.122433149228886e-232
170,Mfsd6,28.497171610492007,0.5042439206132469,0.1154420569123921,4.367939502289989,1.2542422246749751e-05,3.06921279017628e-05
177,Osgepl1,69.57416717718401,0.519374370126392,0.0778454127596309,6.671868665275147,2.525665513624733e-11,9.169447475646132e-11
179,Dnah7a,31.60486030286879,1.624886967705439,0.1271048878260851,12.783827557668252,2.0188430581350684e-37,1.801556416650178e-36
181,Hecw2,575.5231161348635,0.5408923033038748,0.0361421740098405,14.965682561226233,1.2305487487141165e-50,1.4490542967965955e-49
190,Rftn2,277.929156054559,1.2274079227710235,0.052196032305218,23.51534912833442,2.841448647971241e-122,9.343540950347695e-121
198,1700066M21Rik,26.58001130212165,1.6413859274588325,0.139122623839276,11.798123713904896,3.991112744758213e-32,3.1205523963950713e-31
199,Tyw5,143.91667329849443,1.4128961239135245,0.0648342510485257,21.79243379947476,2.7371040162075768e-105,7.151761438450622e-104
200,Maip1,20.530285293219592,0.6954428699090343,0.1395316195124779,4.984123830418545,6.22432097147299e-07,1.7029429496205851e-06
202,Kctd18,28.08939543796848,2.422125243842846,0.152547192217732,15.87787496203617,9.018226346603976e-57,1.2089972982201082e-55
209,Nif3l1,165.95927047752903,1.2241007064278309,0.0560001282298632,21.858891133307317,6.397951889902915e-106,1.6868911579005747e-104
210,Orc2,308.92906370932184,0.559998594904573,0.0391320136681573,14.310497784586476,1.8816166069250837e-46,2.0431659953576545e-45
211,Gm15834,91.1156998465284,0.5067972877764971,0.0645459683875074,7.85172645848141,4.103487342801692e-15,1.7932692429876602e-14
212,Fam126b,89.84873678879795,0.7375327668890888,0.0757942903723467,9.730716697338124,2.230160615341898e-22,1.2814783779814901e-21
214,Cflar,751.6591029057122,0.8639907350635863,0.0444889054814989,19.42036392472913,5.1920710344171355e-84,1.0570959578016569e-82
220,Als2,95.0869040091996,0.79252177724208,0.076564355334834,10.351054009090712,4.139037312379519e-25,2.6116995756752453e-24
226,Fam117b,55.00414290739495,1.0397556211435568,0.0900480124608904,11.546680406690184,7.672707978344096e-31,5.7887426253931136e-30
229,Nbeal1,21.47351258997004,1.2298229116169554,0.1426687359207663,8.620129026025433,6.687871107592998e-18,3.2823491316004155e-17
248,4933402D24Rik,73.77414965095947,1.180499400453787,0.0811996147287499,14.538238936197976,6.935398571390882e-48,7.743121479961582e-47
262,Map2,118.3871786685751,0.9779340425732168,0.0638222586160457,15.322773962865542,5.386860003970002e-53,6.744410642901524e-52
265,Kansl1l,44.32233902171779,1.2822409188604174,0.1009828563312679,12.69760992553138,6.096320568512037e-37,5.37685601558845e-36
269,Gm29114,23.01508589573552,1.8786341553571555,0.1531998140205248,12.262639921387024,1.437395205838307e-34,1.1980355641965573e-33
278,Igfbp5,112.12887837045234,0.8767298618810305,0.0732337847439517,11.97165850360394,5.0018674877430585e-33,3.9932453768385724e-32
283,Pnkd,131.1176802645355,0.5715777831094856,0.0586960168938363,9.737931351343654,2.0774009066124664e-22,1.1956718296050881e-21
286,Slc11a1,235.419344636739,1.169051730189644,0.0511107888047213,22.872895479195854,8.649924992143122e-116,2.550776527293914e-114
288,Vil1,70.5135790788329,0.5052320503256581,0.0704924379054623,7.167180840067223,7.65578760994701e-13,3.0125325460861696e-12
294,Rnf25,29.85296609149312,0.7015303348120108,0.1129126929385856,6.213033420375338,5.19713901533123e-10,1.747217182854797e-09
296,Ttll4,10.446338640604564,3.4456573243581765,0.3200746071315918,10.765169268618576,5.026909253805401e-27,3.356665688709599e-26
300,Nhej1,131.06158098463314,0.5608836453289304,0.0682789670231299,8.214588910504865,2.128923103574133e-16,9.812978537183282e-16
304,Abcb6,73.72051764481827,1.0489024718174804,0.1100040637998306,9.535124754355625,1.4970546160232173e-21,8.338340635363576e-21
306,Ankzf1,34.54454861242755,0.8535829017887426,0.1094360249994667,7.799834668637702,6.198833453950143e-15,2.689401778328182e-14
319,Obsl1,146.03581608545542,0.5052564204019824,0.0536835158118202,9.411760998908584,4.878930642459469e-21,2.668026458637704e-20
320,Tmem198,41.07600791746321,0.5578769482564954,0.105622052592034,5.2818226361430325,1.2790499380640788e-07,3.6832918573332393e-07
324,Sgpp2,87.74907993567535,0.9483317259449572,0.0781492888652512,12.134873390596256,6.9016669739324825e-34,5.6444041305347386e-33
337,Rhbdd1,19.48775135954975,0.7997054915279033,0.1491101715890354,5.363185374985567,8.17670144939102e-08,2.3877941162866405e-07
344,Slc19a3,69.64418461712219,0.5738253236918156,0.0773638487353442,7.417228241252934,1.1959674769687081e-13,4.895096568485357e-13
348,Pid1,55.214389922496885,1.648147004083929,0.094230565952212,17.49057736658154,1.6903605169167655e-68,2.745536168576457e-67
357,Itm2c,49.30178111840833,0.9459521304881794,0.0970091728881186,9.751161692504612,1.8236926120654764e-22,1.0517311331263109e-21
358,2810459M11Rik,124.87859521985396,0.9824707983891215,0.0678169836687973,14.487090773415757,1.462052486608761e-47,1.620906535408237e-46
359,Psmd1,36.1514825470531,0.5443856249993283,0.1207568215866192,4.508114886154392,6.540615890545475e-06,1.642268459017815e-05
368,Nppc,11.8401240980064,0.8131963815389864,0.1769364401350862,4.595980234021509,4.307195315370786e-06,1.0984167391905482e-05
371,Gm28375,322.26478040244183,1.3090861293190683,0.042271296040801,30.968677375198364,1.4241465478271418e-210,1.00485935366524e-208
375,Kcnj13,79.57091044151187,0.6977377594534427,0.0721687581958712,9.668141407667449,4.117883298119289e-22,2.346843365586101e-21
377,Inpp5d,16.548993963706078,1.3538830074741803,0.1653011705773912,8.190401814730734,2.603554919118162e-16,1.1972230905116445e-15
385,Gm28888,11.020064712953056,2.2194862018689023,0.2319019278419766,9.570796683420898,1.0608501408229945e-21,5.942943186841256e-21
393,Asb18,46.24613326268035,0.6495977754816686,0.0884749044765052,7.342169842683146,2.1015846300534125e-13,8.492097596237159e-13
405,Asb1,49.89195566600084,0.786296921612294,0.0944749205607139,8.322811143376232,8.590125668540936e-17,4.02226518407661e-16
411,Gm29480,170.45247003451396,0.5934677420342551,0.0500425879864459,11.859253606048442,1.926850934131164e-32,1.516764140923122e-31
430,Thap4,96.28958513289764,0.9539791724233916,0.0659818888928163,14.458197369479292,2.2255031057534627e-47,2.456369102411105e-46
431,Gm10550,55.310729540559166,0.9699178258147249,0.0884297666626512,10.96822780857087,5.432674448560496e-28,3.7616468132503904e-27
432,Atg4b,36.7539011430266,0.9683751503215752,0.1030067909057919,9.40108066474212,5.40055047878679e-21,2.948646420560657e-20
441,Ppip5k2,62.79082066023,0.5573033378919965,0.0840554181193759,6.630189348419055,3.35256532334547e-11,1.2074500610718092e-10
442,Gin1,35.001760914428594,0.6205234241171038,0.1125421381921254,5.513698549584886,3.5137022785564745e-08,1.0514561008015495e-07
445,Cntnap5b,15.898091547573149,0.8451395603383743,0.1678736246885576,5.034379652588627,4.793987375717682e-07,1.3211513596459166e-06
458,Serpinb8,141.48278057755968,0.5713216710340382,0.0557138714648003,10.25456777662624,1.1287986991872514e-24,7.030987751763908e-24
464,Clasp1,47.49055015716014,0.7689765870062212,0.1104257066901313,6.963746124478677,3.3134149175338703e-12,1.2635928924021944e-11
465,2900060B14Rik,19.044666820215244,0.599771025533308,0.1466216043145075,4.090604712295891,4.302499009638165e-05,0.0001000720041905
466,Tfcp2l1,68.40643018353178,0.5003673062170154,0.0764457265309186,6.545392776333164,5.933922006272198e-11,2.1045256964857927e-10
469,Inhbb,62.80599926000888,2.260059115121081,0.0992284585908939,22.77631989063753,7.87332605859181e-115,2.294587400487259e-113
481,Ddx18,31.4822600169414,0.9579855980130731,0.1109542252419303,8.634061442222967,5.921116925290911e-18,2.9125945744840527e-17
482,Dpp10,275.0807750228374,0.8320190321643965,0.0414675176027234,20.064355916732083,1.512371721681641e-89,3.286485581729132e-88
491,2900009J06Rik,356.4789424955454,0.5724977798701862,0.0362144386594,15.80855043079854,2.7164540111905837e-56,3.608411624011395e-55
498,Lct,25.430220384144345,0.6183071679318208,0.1212978744043917,5.097427889547866,3.4429950124805293e-07,9.602259093856723e-07
503,Gm15674,60.35063811370945,0.6318434794830292,0.0792107337598087,7.9767406447587295,1.5024807637274961e-15,6.712441617596207e-15
520,Fam72a,53.29919061280176,0.5070952317193663,0.0887520265982106,5.713618619832057,1.1059871646735762e-08,3.4193976061612714e-08
522,Slc41a1,11.114337929253582,3.439447825516967,0.3337949043056293,10.3040752903997,6.753806703756518e-25,4.2324826764857466e-24
529,Lemd1,183.9764287265325,0.6833064647947645,0.046161504399286,14.80251724216625,1.4110155784254971e-49,1.6242522787846478e-48
539,Pik3c2b,47.083712108291806,0.5273306626783912,0.0919870639543177,5.732661093958518,9.886705760531582e-09,3.0670257741997945e-08
550,Ppfia4,13.398138816016727,1.6190102237585635,0.1879455622462292,8.614250873545414,7.040038629956391e-18,3.451302200924894e-17
558,Kdm5b,47.708594563297765,1.215004455862562,0.0974917360144785,12.462640481467282,1.1935232725441168e-35,1.02214857955277e-34
565,Gm26642,69.37891933601527,1.0748710170059406,0.0762147762699262,14.103184049233716,3.630139584405152e-45,3.820415016727837e-44
571,Ipo9,83.20762006834948,0.7690983942380455,0.0660515955902289,11.643903335952391,2.464716924146206e-31,1.889191201439229e-30
575,Phlda3,73.1335609279436,0.5155971448755814,0.080178708021116,6.430599314967664,1.2710180203546035e-10,4.4117311409559904e-10
576,Lad1,389.3942323204197,0.549670959231141,0.050538930538364,10.876188977008264,1.4969128094051704e-27,1.0198669445783155e-26
577,Pkp1,66.13428437203262,0.5609434228727527,0.0732000343910737,7.663157914324091,1.814160541971237e-14,7.730364284957142e-14
579,Kif21b,94.3785613310586,0.7829949598915203,0.0688680353770272,11.369497555795087,5.9328112170667054e-30,4.3535593217279386e-29
580,Mroh3,12.113523099977868,1.348410376057888,0.1940298008580399,6.949501417281977,3.665794410629859e-12,1.3927940917474859e-11
582,Gm26568,119.06383851360953,1.1662899312302184,0.0641621837659505,18.177216902164474,7.820319549070162e-74,1.3656566042203886e-72
602,Aspm,15.310502648095849,0.5179477492170191,0.1605550495843234,3.2259823067414226,0.0012554111756269,0.0024542126717696
603,Cfhr1,45.38502726474009,0.5340232333810255,0.0877736487505985,6.084095180985446,1.171509977283721e-09,3.858831200926231e-09
610,Uchl5,140.3295701445214,1.0952742864320983,0.05875375296197,18.641775737135376,1.4726997301332648e-77,2.721761494884681e-76
611,Gm29170,102.41740720853224,0.8101081045948807,0.0629240124689043,12.874387261861576,6.273496505090463e-38,5.679714134582679e-37
618,Odr4,294.44434956505563,1.149363351774423,0.0493063772753166,23.31064286789139,3.457834052110268e-120,1.1037203637395194e-118
623,Gm10138,303.3106568923252,0.5673119431351668,0.0418539539318084,13.554560318470124,7.445695326862594e-42,7.327135977219721e-41
643,Dhx9,61.51143510617708,0.5073597971025785,0.0783005098186971,6.479648705702649,9.193641754116476e-11,3.225826222885885e-10
649,Ier5,754.7904828558712,2.0804753062508823,0.0363728524022378,57.19857445447092,0.0,0.0
656,Tor1aip2,52.65787361429395,0.9474355317139777,0.0907664188987397,10.438172434355366,1.6597519205189927e-25,1.0625200589539249e-24
685,Tex50,52.94693585557563,0.587345938906377,0.0868870132900049,6.759881789767335,1.3810437208128575e-11,5.0950105771224557e-11
686,Prdx6,122.2914240792015,0.6831185238634977,0.0611959916643785,11.162798498469844,6.200837172604446e-29,4.414550255071499e-28
687,Suco,187.04498130987295,0.5341644869225011,0.0468150933802217,11.410091240962306,3.7233855091413826e-30,2.753125271672296e-29
694,Kifap3,11.19590255850457,0.9401490309486976,0.1882222136329693,4.994888822113075,5.886967133707278e-07,1.612669965517926e-06
696,BC055324,24.4993099682348,1.2006466958692787,0.1339182123381731,8.965522126575138,3.0881426908282925e-19,1.593254908696136e-18
699,Slc19a2,191.8701027210593,1.7243131328072294,0.056750785890629,30.383951618403174,8.950681721594273e-203,5.976723411645403e-201
704,Sft2d2,1442.441335693221,0.6869084995563083,0.0504671266786313,13.611008685524352,3.4445664514093016e-42,3.405099496038645e-41
708,Dcaf6,17.108723217759966,1.4061879359609026,0.1547000788307377,9.089768709810793,9.924996344819256e-20,5.197501090670372e-19
709,Mpc2,16.409276789233367,0.5786996795214654,0.1529942650634019,3.7824926266461545,0.0001552656939807,0.0003394343345078
716,Gm26665,55.215241194943935,0.7621532796253871,0.083359708444992,9.14294560097126,6.077396442642117e-20,3.2125224507845564e-19
721,Tada1,129.47300929011874,0.6792638890840474,0.0588342243971577,11.545386992759656,7.789010394642411e-31,5.873945182078231e-30
724,Uck2,166.78065989147836,2.571584326741676,0.0897359008101976,28.65725204208836,1.3019427330275516e-180,7.343125550551509e-179
731,Nuf2,89.96827159696501,0.646962243325809,0.0696458193151112,9.289319153510707,1.5527839717883056e-20,8.347291505344416e-20
739,Dusp12,69.54761419814722,3.241556241363147,0.1260678108652493,25.712798684415684,8.407535752572668e-146,3.5138257337131043e-144
740,Gm26620,61.47464697055208,0.5358938028748332,0.0787914514711648,6.801420622019548,1.0359247341098272e-11,3.8437505356751256e-11
741,Fcrla,179.3262197180018,1.1327391262956077,0.0596589801814036,18.986900594869606,2.1887153197085822e-80,4.214909457666429e-79
751,B4galt3,14.24840039855683,0.6257471346917096,0.1652386456136759,3.7869297001785625,0.0001525202285791,0.0003336834727186
753,Usp21,180.1732569373312,0.9508114825602612,0.0864116531556038,11.003278468103238,3.6848650397662e-28,2.5646896131407878e-27
755,Gm20045,135.67625024095156,1.9453202577736637,0.0839814987870326,23.16367635575034,1.0585054417545677e-118,3.2942201498033224e-117
760,Usf1,35.57529276133256,1.077803137756426,0.1091399495115787,9.875422726323336,5.320813574515752e-23,3.126471307372236e-22
761,Tstd1,117.68201569866643,0.6395270074298516,0.0579539038669843,11.035097978864233,2.587693118121569e-28,1.8104502473955327e-27
768,Copa,85.07400737741152,0.9936431451909488,0.0685703273369408,14.490861919156162,1.3839522643076914e-47,1.5382346978542375e-46
775,Kcnj9,30.772622189009255,0.6261988058676893,0.1272470019029217,4.92112817200537,8.604675305028666e-07,2.3311406997674427e-06
784,Spta1,40.29972061033932,1.1100748498465796,0.1030779782681411,10.769272627358822,4.8078441065404695e-27,3.2165492164601647e-26
785,Fmn2,31.823422412999296,1.396078273803445,0.1126155863035342,12.396847715560234,2.7180744026151657e-35,2.3040175432284588e-34
789,Opn3,53.49992139698666,0.7203949822840487,0.0874584818831813,8.23699390582017,1.765914751845176e-16,8.176504329212999e-16
794,Cep170,19.4776718549951,0.5567398561142307,0.1401028844226788,3.973792962281865,7.073705664320315e-05,0.0001605424434402
795,Gm36992,77.08202262311458,1.1817962782425506,0.0825905586832237,14.309096549102328,1.9199126452816805e-46,2.0834519042322e-45
801,Catspere1,28.591895368540285,1.3794845118312895,0.1252919269361618,11.010162789931057,3.413863195674138e-28,2.3789207426712867e-27
804,B230369F24Rik,99.73071086868472,0.6878038830887147,0.0612347401938187,11.232249551671057,2.8317568173615284e-29,2.0359677315584456e-28
835,Lbr,43.40522627624932,0.5045487560762186,0.0922549017195659,5.469072609387554,4.523964041462226e-08,1.342476507995976e-07
852,Mark1,724.2626164329563,1.3675009847914763,0.0410602561890662,33.30473581301283,3.297199035268612e-243,2.9773878127803812e-241
853,Gm38251,14.78556577175243,0.5860359113293683,0.1720556306477875,3.406083887652789,0.0006590192632601,0.0013387793122855
866,Ush2a,125.1020349073586,0.5525434392928253,0.0568540358223624,9.71863177873985,2.5113318259516703e-22,1.439246664343496e-21
867,Kctd3,57.002242855635664,0.8423146104275936,0.0879520672419301,9.5769734224738,9.993036596014602e-22,5.608973970864492e-21
868,Kcnk2,483.04044111500673,0.6252302378623166,0.0298837559128079,20.922076852941647,3.371090369821804e-97,8.059171874520493e-96
869,Cenpf,117.91675553997052,0.5559905315720528,0.0559896052762147,9.93024560236088,3.0749720825549025e-23,1.8252933737999605e-22
873,Smyd2,116.39413847067176,0.5525539671081926,0.0661089699068032,8.358229872393293,6.366629943164036e-17,3.001288251270295e-16
881,Nsl1,12.964961977069764,1.9243069097296128,0.2048517658277144,9.393655465718584,5.795324055229977e-21,3.162207502647089e-20
886,Ppp2r5a,77.20782373539281,0.6379032745788307,0.0723864096213114,8.812472920207172,1.2241496137940992e-18,6.176745648292866e-18
894,Gm26670,18.325828291965863,2.108553803083628,0.1867381284448977,11.291501208901831,1.4454650793412338e-29,1.0474663369130572e-28
895,Traf5,63.96702338145319,0.8718381610052838,0.0778606664593104,11.197414569536226,4.1980678974294935e-29,3.0046787398932743e-28
903,Syt14,40.03062314187241,0.5348239590021775,0.095565215232449,5.596429178768579,2.188116444443884e-08,6.642482737113398e-08
904,Utp25,12.767806078486768,0.8949886848185128,0.1878286369326572,4.764921363611853,1.8892731570180371e-06,4.962509808667725e-06
909,Plxna2,22.183017224054844,1.2467131068541526,0.1419438551055128,8.783142503262424,1.5896956131252632e-18,8.002661798251615e-18
910,Cd34,305.9432087735084,0.8021303182867772,0.0689359916413689,11.63587117829191,2.7081089786713883e-31,2.0727678208293793e-30
917,Rpp38,134.11500298632333,0.8335179549361863,0.0559894173486911,14.887062491563348,3.999596988721247e-50,4.66878608971426e-49
920,Dclre1c,689.7691919478343,0.6252955111767277,0.0398795563991671,15.679600467917584,2.085619311851732e-55,2.73294536593624e-54
921,Suv39h2,125.46752201252738,0.7198382570681697,0.0551472308837368,13.05302633573309,6.107231407060403e-39,5.640531476536764e-38
922,Hspa14,18.851750514934928,0.8069924846039168,0.1660034137606656,4.861300537875644,1.166170470354717e-06,3.12821593925535e-06
927,Prpf18,115.19567639837298,0.6568178500828539,0.0572356108187111,11.475685166762128,1.7478762243193924e-30,1.305700250211675e-29
930,Phyh,31.60628268573543,0.6243045281285314,0.1238090860969327,5.042477477297185,4.5954285921681756e-07,1.26743360506895e-06
932,Mcm10,143.8838635241526,0.5347505149272201,0.0536286334509401,9.971361948210255,2.0342001545411526e-23,1.213695319867963e-22
948,Kin,60.003262207284926,0.5130665440417893,0.0779491032146602,6.582071157751234,4.6393943543816176e-11,1.6578914252237612e-10
960,Rsu1,42.51043091512551,0.5479415644512157,0.0961972479352234,5.69602120863358,1.2263562875833031e-08,3.785500775770776e-08
970,Cacnb2,57.75469090018991,2.766296906112011,0.3270365040320265,8.458679297284528,2.7042259934313162e-17,1.296897375165684e-16
977,A930004D18Rik,171.31423490221098,0.8296483443558795,0.0488388086386915,16.987481215883047,1.0166197017332582e-64,1.5569110862748002e-63
999,4931423N10Rik,154.76079995023457,1.883134295430199,0.0596200553820897,31.58558447089104,5.824482436186312e-219,4.319535314802343e-217
1003,Ehmt1,44.60081337868348,0.8325300232210039,0.0987459673725401,8.431028075102121,3.42641528769516e-17,1.63559478592033e-16
1023,Uap1l1,70.88719365578544,1.836778758911101,0.0955548391914134,19.22224739692884,2.4109771583201616e-82,4.785707279635966e-81
1024,Sapcd2,81.7094522709863,0.6684454060593058,0.0677143284111849,9.871550405111794,5.530311054423826e-23,3.2484752631108336e-22
1027,Fbxw5,212.2871350391785,0.5306137332652039,0.0517387063849365,10.255643604952771,1.1162984267475956e-24,6.955612792762638e-24
1029,Edf1,37.652447206189485,0.755571339980163,0.0997081787584031,7.5778271089570515,3.5139022270524343e-14,1.4770932950571598e-13
1039,Qsox2,56.56485381427403,0.5763029060030219,0.0856532437990219,6.728325518590604,1.716266342687362e-11,6.305035796870856e-11
1041,Dnlz,25.638222176347377,0.9918442479624012,0.1250052877241982,7.934418343572217,2.114841085775739e-15,9.383261314383804e-15
1043,Gm13563,30.88572892395375,0.752117764735691,0.1126921544468607,6.674091629780204,2.487681579815065e-11,9.039890444749156e-11
1045,Pmpca,244.89438717762584,0.5766229755431242,0.042437271426834,13.587654346186651,4.740301200467252e-42,4.678027707912981e-41
1076,Ddx31,23.27921510071111,2.92834905825787,0.1826787659799152,16.030046199128744,7.882413616186334e-58,1.0782943838531825e-56
1085,2600006K01Rik,41.33806649270255,2.5982819563806188,0.1471360198821927,17.659047447803626,8.669031501293778e-70,1.4361585646820148e-68
1086,Cercam,20.16825767057297,1.874006822194384,0.1805249601945616,10.380873759366375,3.0298929313983075e-25,1.9222779034732326e-24
1087,Odf2,101.49528775623207,0.7676708727918669,0.0650511980372545,11.80102589889621,3.8558172513565586e-32,3.0174756648694256e-31
1088,Sptan1,37.78803417054091,0.7974924528503541,0.1118991426949642,7.12688617306309,1.0266492366610297e-12,4.014458805593095e-12
1093,Endog,127.33748211402822,1.8540798600359385,0.069448052768267,26.69736279320309,5.0506415360272805e-157,2.3224955327146037e-155
1097,Phyhd1,13.231689722843662,1.3459000266255274,0.1778067534685944,7.569453917639019,3.747963835768804e-14,1.5724485731771477e-13
1101,Miga2,29.12828804115338,1.061606879200345,0.1199988895140779,8.846805862114252,9.00598650329699e-19,4.5706561671362826e-18
1105,Ier5l,10.915263637701765,2.353366738946774,0.3135700506241048,7.505074972124474,6.1393453603642e-14,2.54814267540908e-13
1106,Asb6,75.89391572913155,0.6567772501989957,0.0764034349989894,8.596174376291884,8.241753793232945e-18,4.033622159743436e-17
1107,Prrx2,31.380622910584773,0.5895077878947795,0.1452411794985885,4.058819887926539,4.932133576924185e-05,0.000113941177066
1133,Ciz1,32.28677107428619,0.612752351169501,0.1057773313415993,5.792851298078855,6.920137526792291e-09,2.171091931898038e-08
1136,Naif1,21.7052984080988,1.099750455152962,0.1329630887347919,8.271095877943411,1.3273325192712635e-16,6.170379073315439e-16
1138,Dpm2,22.260436258872303,0.5962797532691154,0.1292797378944107,4.612321799075175,3.9819588477939465e-06,1.0189044016936263e-05
1142,Ak1,86.67937581595865,0.5879144637671504,0.0710933450527914,8.269613187149732,1.343943314562674e-16,6.245931756319543e-16
1143,Eng,29.300422948259616,1.4582974163850635,0.1262773164960786,11.548371923395669,7.523206298796299e-31,5.6784079417679484e-30
1144,Cdk9,165.2423968325467,0.6863052410791175,0.0521110825222196,13.17004383446618,1.3052186934488722e-39,1.223633748758846e-38
1155,Ralgps1,76.78105248994919,0.9783069855040804,0.1030296987862036,9.495388194176517,2.193923981965303e-21,1.2119083092770618e-20
1156,Angptl2,35.817083967527246,0.7272122019289331,0.1146639077912311,6.34211946842916,2.266254603998523e-10,7.762634677375444e-10
1157,Zbtb34,159.77091748505345,0.8368409792910588,0.1140421462891277,7.337997455514735,2.1681329006283878e-13,8.754916633955407e-13
1161,Pbx3,110.8466170996516,0.6546185492012948,0.0607454178222671,10.776426809946724,4.4483121220329455e-27,2.97715759073695e-26
1169,Cutal,163.420249656711,0.6364358724381536,0.051301978174021,12.405678983358202,2.4344032599772316e-35,2.07263214532893e-34
1173,Gsn,25.817018209996775,0.6640822026418498,0.125189739144206,5.30460569038245,1.129168061716849e-07,3.266247465493983e-07
1180,Rbm18,470.6103135407642,1.9928080962344363,0.1052214941982199,18.93917313586438,5.424226919536868e-80,1.0388288654251488e-78
1190,Nek6,540.8210137187494,1.071326967740486,0.0415039649195009,25.812641510717828,6.395706025890206e-147,2.7319697210591794e-145
1191,Psmb7,14.022717781568344,1.398012646049901,0.1718056784993613,8.137173685182345,4.046120734826085e-16,1.847898117572039e-15
1194,Rpl35,200.63329526755044,0.651392856728122,0.0522001613167412,12.478751794953014,9.750315413227356e-36,8.370861922252531e-35
1196,Golga1,62.83187737586934,1.3924780348625607,0.1182209348278182,11.778607882695416,5.031722331933289e-32,3.925374073452702e-31
1209,Lypd6,26.78991981613769,1.1354282927657644,0.1276302787458866,8.896229828240173,5.777587238710384e-19,2.953704617079629e-18
1219,Arl5a,77.6616383764994,0.5142741875612588,0.0765890851164426,6.714719033128275,1.8842893871309185e-11,6.897583583053485e-11
1223,Fmnl2,21.64983364245758,1.0914742202213088,0.1417204287220636,7.701601173969519,1.3437172128703634e-14,5.75178135563957e-14
1238,Wdsub1,170.45671985462977,1.694301583004549,0.0683020027345925,24.806030792219275,7.717527893814075e-136,2.9049908452136427e-134
1242,Cd302,21.50366499770026,1.430819585316493,0.153590144010154,9.315829440344162,1.2100335503155371e-20,6.535006109358283e-20
1249,Tank,31.90631315696821,0.5148733681542625,0.1147053446213827,4.488660662271205,7.1672359826696406e-06,1.7952082308992023e-05
1250,Tbr1,136.92648054003004,0.6151211440408184,0.055315177896501,11.120295865119653,9.99400160237329e-29,7.068809250250069e-28
1258,Fign,80.30817044139367,0.5230838006025942,0.0689985960493937,7.581078899462479,3.4269310585300246e-14,1.4412295967196252e-13
1271,B3galt1,72.17726490708064,1.099398477253559,0.0756519711334242,14.5323176750358,7.561800377860823e-48,8.437071509946122e-47
1276,Spc25,91.65200492409596,0.7202217689563423,0.0642233763325994,11.214324286323158,3.4682510291776267e-29,2.488459404549513e-28
1280,Fastkd1,80.83897385091636,0.6039966200207189,0.0684251649507041,8.82711237095094,1.0741286928406111e-18,5.427635505603412e-18
1290,Gad1os,96.6447138683511,1.041717711505186,0.0701324788997677,14.85357038347372,6.5960052714571025e-50,7.668791185520638e-49
1298,Dync1i2,69.94936697344475,0.5664484177012462,0.0811058430745577,6.984064232961986,2.8676085065243027e-12,1.0974238263439954e-11
1309,Rapgef4os1,36.70738688491966,0.5568741485059058,0.1540820581795076,3.614140121733965,0.0003013460643759,0.0006382911047573
1311,Cdca7,63.17231312842016,0.7922043795310917,0.0847553930928541,9.346949505185927,9.021199286691532e-21,4.8887270263824636e-20
1312,Sp3,183.34446580427823,1.1557201083809143,0.0517168929268325,22.347052248788238,1.2898292387137837e-110,3.5512075785630053e-109
1333,Ttc30a1,73.34013600302539,0.8828693608495688,0.0784857551913655,11.248784683245251,2.3480501428509846e-29,1.6923828738464414e-28
1340,Plekha3,70.77653845951485,1.23232406127121,0.082334346344342,14.967314565386047,1.2007264251190316e-50,1.4148925041902963e-49
1342,Ccdc141,11.660203127783555,1.3869524324524924,0.1853824181872744,7.481574822545388,7.343720805102655e-14,3.0350098693699094e-13
1357,Zc3h15,51.0010923436934,0.6008923386628161,0.0840446344586588,7.149681148989853,8.69796968295048e-13,3.4149181264803107e-12
1363,Gm13710,33.99271537860747,0.7090282221291401,0.1091764690807786,6.49433186563798,8.340271557720026e-11,2.934670961194117e-10
1364,Ctnnd1,119.72106956910706,3.4240258821924225,0.0918509628388439,37.27806194258419,3.72103741494395e-304,5.027150392840555e-302
1380,Olfr1124,105.36850228419766,0.7471398242725338,0.0619505896885356,12.060253631626,1.7125470852381818e-33,1.3843353711285266e-32
1392,Gm13778,68.41598046210387,0.62541528280617,0.0930603688131534,6.720533034442173,1.8106097783473887e-11,6.634841719309985e-11
1395,Madd,18.44746230270274,0.7516080882720005,0.1422819937820155,5.282524290624637,1.2741593506886813e-07,3.670421349388817e-07
1396,Ddb2,112.48991294435724,0.6708614808402291,0.0634068239484039,10.5802725805369,3.6788639082582917e-26,2.4031199472685723e-25
1417,Tspan18,52.68382020998093,3.527731797404027,0.1514026671200365,23.30032795662138,4.399440578534871e-120,1.3991505547939005e-118
1422,Mir670hg,114.02209562289484,0.9030399109875172,0.0689053334229864,13.10551543875511,3.061750451263447e-39,2.8489154759540496e-38
1435,Fjx1,92.10658869004496,0.9002456074646149,0.0718381227408871,12.531585920079095,5.0149696730016006e-36,4.322497104899698e-35
1446,Fbxo3,198.3915389324324,2.33296110287024,0.0662592841632514,35.209573002965534,1.4270798590252735e-271,1.5741232774109157e-269
1453,Depdc7,278.38575914062864,0.8713359307282512,0.0460247360537212,18.93190500237102,6.226928138414901e-80,1.1899441183804264e-78
1455,Ccdc73,35.60412810216243,1.247062401822902,0.1079794882642208,11.549067530042356,7.462568733245904e-31,5.635080064255182e-30
1471,Lgr4,21.91057831672419,1.1329524383925431,0.1358536791526366,8.33950501347578,7.460215323958244e-17,3.50543630805997e-16
1473,Ccdc34os,42.2740564660262,4.449629317765667,0.2015515079244396,22.07688428425852,5.272034855049794e-108,1.4135542069816585e-106
1488,Scg5,53.11022711269281,4.280616745816176,0.1752744866802755,24.422360760494488,9.8988601648759e-132,3.5279618599889004e-130
1491,Zfp770,163.42924211939595,0.7885207366138058,0.0573171730723253,13.757146320158103,4.613819628044252e-43,4.661428897249579e-42
1494,Meis2,147.48505409995727,0.8998763961375382,0.0607796872515131,14.805545023845688,1.3488921694832966e-49,1.5568538231625755e-48
1506,Bmf,98.04066407381332,0.909993366243354,0.0730084334383194,12.46422260261418,1.170072427223696e-35,1.0025576333163507e-34
1508,Pak6,44.79086946509101,0.8336447063215092,0.1108013532161097,7.523777301668399,5.3215957545257277e-14,2.2166532220333265e-13
1514,Ccdc32,63.49436131400784,0.6730160554680936,0.0866477738325039,7.7672630894023795,8.020015252450253e-15,3.4674479240809485e-14
1519,Dnajc17,1248.8902554752274,0.9952400212033554,0.0265350832606008,37.50657239056345,7.197294999061688e-308,1.0115682035777996e-305
1528,Oip5,38.061706377951246,1.3496977522574407,0.1155735392663721,11.67825923498525,1.6463251926604735e-31,1.2706889042376764e-30
1530,Ndufaf1,12.113836114943496,0.9744729481328416,0.2219948097537834,4.389620411457543,1.135486911645858e-05,2.7915454783698703e-05
1547,Stard9,112.07352639444692,0.8213030290441125,0.0610324131823965,13.456833610521544,2.806889720347141e-41,2.7283030700619064e-40
1554,Tubgcp4,52.35721983451333,0.8009503995721785,0.0898866195213343,8.91067440112235,5.072307329283225e-19,2.5984765471707244e-18
1559,Pdia3,33.486850427295785,0.5927271668379376,0.105216056819852,5.633428820211237,1.7666145158107624e-08,5.401501365184205e-08
1564,Wdr76,10.95126845709173,1.044948874339198,0.1867204253793181,5.5963286941769175,2.189384405222348e-08,6.645174401639685e-08
1579,Slc30a4,39.300077536341696,0.7871912399625773,0.1006244594124575,7.82306056160657,5.1554286670442736e-15,2.2439762939372526e-14
1582,Sema6d,116.98496141800209,1.1436443902088125,0.0645583357063473,17.714898900288254,3.218051438919123e-70,5.366909136601194e-69
1583,Slc24a5,19.29212010093752,1.5186927910427777,0.2179536123014901,6.967963389117889,3.215618742912121e-12,1.2276408204046538e-11
1595,Dtwd1,14.627072178740104,0.8430069009956404,0.1686717866161868,4.997912916603564,5.795414475090389e-07,1.588089362765335e-06
1598,Gabpb1,56.65090892261203,0.5568871894917108,0.084748954866098,6.571021322582488,4.997130215488717e-11,1.7820745937290229e-10
1600,Usp8,28.95980376658457,1.157496424214437,0.1185057816699251,9.767425756815973,1.5534905072805849e-22,8.96794718810402e-22
1608,1810024B03Rik,143.15462356405158,0.6141301392086204,0.0622583841267038,9.864215845351628,5.949751061151768e-23,3.493674578630491e-22
1609,Snrnp200,64.41746507371768,1.6897200533306025,0.0849170084760229,19.898487754755397,4.1939197996779853e-88,8.902756914590493e-87
1610,Ciao1,113.55784283244276,1.1670108697860275,0.0792100088895641,14.733123833038483,3.9501595027465874e-49,4.520248182131814e-48
1611,Tmem127,29.511524117126772,1.1820191183203923,0.1204465906749746,9.813636996252333,9.835817289782625e-23,5.717765968189847e-22
1613,Gpat2,99.76454023713372,0.8541151093099545,0.0651314927709687,13.113703877683305,2.74840848024984e-39,2.5628284105828903e-38
1614,Fahd2a,189.43832371705173,0.6328599882000593,0.0443992676985029,14.253838430344151,4.243035336607943e-46,4.5562304279977353e-45
1616,Zfp661,186.61936952067023,0.674045685457309,0.0457391828544454,14.736723382276107,3.745199133469376e-49,4.2885236858149985e-48
1625,Gm39929,74.6160945853854,1.0984403085545198,0.0745732327938069,14.729686073710647,4.1563207308355305e-49,4.749925094885354e-48
1626,Anapc1,16.211775790747303,4.427139654815048,0.3368417424681386,13.143085005961826,1.864666526738349e-39,1.741554567416717e-38
1628,Tmem87b,61.30368234367421,0.5002491431268186,0.079935361304807,6.258170789011439,3.8951911858352726e-10,1.3194439647567954e-09
1630,Zc3h6,21.360943374097385,0.7151363720905242,0.1371509963298214,5.214226591331212,1.84585728238329e-07,5.260768719112998e-07
1632,Ttl,98.1691136217264,0.7247936943808623,0.0660365866627592,10.975638369716084,5.005106715930662e-28,3.47111022066214e-27
1633,Polr1b,76.94459827496844,0.698674410051901,0.0720112043085258,9.7023014232409,2.947733016011797e-22,1.6849160709430502e-21
1636,Slc20a1,46.34451323913685,0.965934422695736,0.0966196827177288,9.99728415086687,1.566338004358014e-23,9.377581154225856e-23
1642,Pdyn,16.322006334175015,0.7971466846250748,0.1488216198088297,5.356390325875081,8.490099499565228e-08,2.47765328329576e-07
1661,A730017L22Rik,45.356139930200655,2.130305677520192,0.1287990403772841,16.539763582709945,1.8976563071424244e-61,2.7332524066841464e-60
1672,Rnf24,19.349901960228163,2.811439310616329,0.1926425876656695,14.594069487353288,3.0636423342037567e-48,3.44028083766128e-47
1674,Gm14280,54.56463594476748,1.85796410957032,0.0971605111032464,19.122625935921405,1.636568019158611e-81,3.2047311727973336e-80
1676,Prnd,11.044677571609247,1.00916572643387,0.1824256985943727,5.531927432427001,3.1673094573490683e-08,9.509021399255737e-08
1683,Gpcpd1,50.8233581558716,0.5690602852750751,0.0870049333171378,6.5405519385989095,6.129220602467677e-11,2.171580741203632e-10
1685,Trmt6,81.72090724431284,0.5081259758770348,0.0694295044988561,7.318588538758847,2.505926619314851e-13,1.0088539875587716e-12
1686,Mcm8,292.43444801308914,0.5574504438221111,0.0398116429465283,14.002196406986553,1.5112686175511352e-44,1.5715029514726244e-43
1687,Crls1,40.51731205084441,0.5345619639416536,0.1061487993814032,5.035968066119327,4.754398241181927e-07,1.310655687240092e-06
1693,4930545L23Rik,301.6772314380967,0.5929288664975215,0.0377808790464241,15.693887528899102,1.6653658991552306e-55,2.185541934523897e-54
1697,Gm14211,28.86592351467021,2.178471646206292,0.1532152363271466,14.218374741496326,7.047062481548857e-46,7.511694491035687e-45
1698,Pak7,40.85571761379719,0.500753550689918,0.098093206779112,5.104874915727073,3.310133930961082e-07,9.250964424116378e-07
1712,Flrt3,42.52937863604492,0.5051622806437371,0.0993165200221814,5.08638724485024,3.649485222104667e-07,1.014243796058685e-06
1723,Kat14,16.39338368498832,0.7995177185778769,0.1510672015052738,5.2924639538647,1.2067926149076026e-07,3.48269277903787e-07
1727,Sec23b,34.46892727251931,0.6045695601953545,0.1079777521817405,5.599019686738671,2.1556731932934095e-08,6.546275032709105e-08
1729,Dtd1,37.728857941310686,0.9123082570031816,0.1001669567321854,9.107876357294188,8.401023002299334e-20,4.412689237012441e-19
1730,Slc24a3,159.2025268166297,0.5749296763896347,0.0529025202971671,10.867718081484698,1.642577304750537e-27,1.116491313073025e-26
1732,Naa20,279.0155138794287,0.7484717494951442,0.046691405650143,16.030182408801625,7.865155162854082e-58,1.076778665971885e-56
1734,Cfap61,10.77739016856514,0.5448693279497709,0.178959149741543,3.04465755864779,0.0023294537837545,0.0044065690375854
1738,Kiz,93.4793934791588,0.5380211090650935,0.0619937027364835,8.678641302521621,4.005247139112567e-18,1.9858733183628402e-17
1741,Nxt1,22.94613337663817,0.5775836678226172,0.1413477588149364,4.086259822335316,4.383828420175025e-05,0.000101814181379
1742,Napb,15.287469583579618,0.5444949610563191,0.1663680980544623,3.2728327571435774,0.0010647545869474,0.002104632294581
1743,Cst3,13.095854052949049,0.8969498247432682,0.1724577787235287,5.200982126652522,1.9823816777264247e-07,5.635124429850941e-07
1745,Syndig1,11.061878928301208,0.6320411406053799,0.1972774513935549,3.203818460450917,0.001356179611869,0.0026390685881704
1757,Entpd6,28.425748024192323,1.7019051082346792,0.1301737988937151,13.074098802511385,4.6301874732191764e-39,4.287720897091595e-38
1763,Nsfl1c,55.40736586916746,0.9729901198282636,0.1063873991311716,9.145727104660237,5.923005935941099e-20,3.131861269768855e-19
1770,Tcf15,18.450521072740955,0.5055302764243672,0.1464050002796213,3.452957723157313,0.0005544758953442,0.0011383444344515
1771,Csnk2a1,29.894553534806263,0.5279036137341213,0.1120541783018394,4.71114617709401,2.463274664956447e-06,6.414156710124153e-06
1772,Tbc1d20,195.9102083343136,0.804355412159071,0.0494939402904382,16.25159377974327,2.1763233319331e-59,3.0637288391704408e-58
1775,Gm14164,10.601716754705476,1.664151377330466,0.2121761627668019,7.843253245933652,4.390213470031534e-15,1.9166493075077548e-14
1779,H13,97.22155329458504,0.7970498320526047,0.0619909317662707,12.85752301736298,7.80374584654098e-38,7.043173620586029e-37
1781,Id1,17.663191325900705,1.150221265046414,0.1520669025915778,7.563915917559556,3.911126061156977e-14,1.6377487985065785e-13
1786,Pdrg1,27.830659058450955,0.5293740349083769,0.1333590484191653,3.969539683910188,7.201161335186539e-05,0.0001633287867642
1802,Pxmp4,83.37996982170073,1.2461852822907509,0.0828979683549929,15.032760235500904,4.479445331454138e-51,5.336143078372025e-50
1806,a,12.78947861534051,0.5790835208476574,0.1760503380940125,3.2893064967499326,0.0010043458967476,0.0019926844590754
1809,Gm45609,99.02028091550916,0.535943025764005,0.0749205618088789,7.15348380770537,8.460276764795159e-13,3.323843630677412e-12
1835,Cnbd2,80.92234453891405,0.9311703014871658,0.0794928191484748,11.713892040335711,1.0819642010879996e-31,8.384380656541422e-31
1836,2900097C17Rik,162.19371044668486,1.085572255381141,0.0543910807612103,19.958644692997737,1.2608557599281257e-88,2.702852913164498e-87
1849,Samhd1,21.44823530144241,0.9330685971571476,0.1308168637830356,7.132632369972382,9.846730314036949e-13,3.857244682244008e-12
1851,Mroh8,69.56987064583818,0.5941881237520446,0.0740848381070158,8.020374194430138,1.054235117898718e-15,4.7390275044464426e-15
1860,Tti1,21.992359698765664,0.9740313694255686,0.137322067354155,7.093043297356801,1.3119438788911757e-12,5.0900618702839296e-12
1862,2010009K17Rik,44.30800777365677,1.2015103777788874,0.1211677986897562,9.916086540907546,3.543793628195633e-23,2.0950215519739994e-22
1873,Top1,56.10464166545376,0.6197762883964998,0.0859680678406837,7.209377900002018,5.620807202625217e-13,2.2248337026425687e-12
1875,Zhx3,261.6822413445178,0.9598640825171684,0.0461842115257015,20.783381393942467,6.119319857386581e-96,1.4431326992494362e-94
1884,L3mbtl1,331.3866791388767,1.3788076006659975,0.0433453783409061,31.809795033321475,4.738919483618828e-222,3.544630418905963e-220
1893,Gdap1l1,15.478525615570842,1.7039577868152471,0.1956664074243814,8.70848404304541,3.079656799459577e-18,1.5326173244140926e-17
1917,Gm11457,17.67688427674512,4.148496970745208,0.299391143412852,13.856445195589991,1.1629248647892566e-43,1.1852312598565592e-42
1935,Trp53rka,131.51454724877016,0.8287562677102372,0.0688649498095404,12.034514945590256,2.3400530691577933e-33,1.8837156992739964e-32
1937,Zmynd8,500.1300955266675,0.5154880449824363,0.034818205643264,14.805129542399682,1.3572529887414186e-49,1.5654669151413265e-48
1946,Stau1,593.3418072757847,0.8646757223207953,0.0478875297863542,18.056385998159985,7.027558573474902e-73,1.211437100084279e-71
1965,Dpm1,23.82577519107616,0.6454969163162118,0.1235337089392283,5.225269457697252,1.7390167285801824e-07,4.96113660921516e-07
1980,Aurka,94.0386620197587,0.6775822569121966,0.0684069693139542,9.905164104002742,3.953205211479641e-23,2.3315215034066733e-22
1988,Spo11,11.82218673517636,0.7406684943791402,0.2566883085616975,2.885478105837116,0.0039081964429993,0.0071629033135547
1998,Gnas,13.605906834359372,0.5736036952823288,0.1792307414463397,3.200364461216388,0.0013725390734906,0.0026694131204993
2002,Atp5e,299.3561077700012,0.6321249687246223,0.037474762184578,16.86801815075322,7.734824623210467e-64,1.1600905639699828e-62
2008,Gm14391,264.8691644716394,1.0570942791286528,0.0445591510348248,23.72339361453472,2.0685073131325604e-124,6.959448929203527e-123
2027,Gm14325,23.93067162768999,2.227699861147732,0.1575721920020782,14.13764594401499,2.2260710261163365e-45,2.352696533848121e-44
2039,Psma7,410.2742521415482,0.677964493424117,0.0376018071995278,18.030103974168288,1.1307883704935612e-72,1.947369537644445e-71
2049,Mrgbp,13.363722127712784,0.5476273776393796,0.164177951038965,3.335572006921984,0.0008512410542411,0.0017044380851693
2054,Gid8,404.7442096858752,0.9831762918880576,0.035295933186032,27.855228722983245,9.309827598207118e-171,4.77210809945746e-169
2071,Prpf6,59.06292783655487,1.6096521453590589,0.1270107393521987,12.673354659368762,8.308375857094702e-37,7.305669749618893e-36
2077,Polr3k,221.7241759770231,1.3285747492091962,0.0568492060621526,23.370154857689297,8.599064715979249e-121,2.7701386297613003e-119
2078,Zfhx4,48.83166294960537,0.6193647589767285,0.0852561804811554,7.264749083072395,3.737313550868623e-13,1.4918438058758213e-12
2081,Pkia,179.9413523619014,0.636700223926114,0.0495483859851754,12.850069911795131,8.593254873804269e-38,7.73570485230686e-37
2099,Ralyl,60.800129625108944,0.5501744555266168,0.0788556561603943,6.976981516805189,3.015893668544323e-12,1.1529062262643226e-11
2117,Agtr1b,10.412435633045993,1.0465065593987717,0.1944641151866747,5.3814893220488695,7.387208635440946e-08,2.163532173447852e-07
2119,Tbl1xr1,31.835140357098258,2.216790080208336,0.1409227250709051,15.730536569548734,9.341608538050867e-56,1.2324417380859234e-54
2124,Fndc3b,34.87955663885543,0.9967228309047736,0.1080264001844532,9.226659679512478,2.792029964019996e-20,1.4912503283156756e-19
2146,Zfp639,74.92564839693964,3.342215023148636,0.1170465549327708,28.554578347635577,2.4643497846704398e-179,1.359135697697355e-177
2152,Ndufb5,22.776233877061653,2.560945594258317,0.1814778214216549,14.111617464858604,3.2210441837425475e-45,3.4001428246072153e-44
2158,Gm43140,31.770521894866533,0.7625287231704524,0.1107485500643419,6.885225339089709,5.769613201505749e-12,2.1750555672905518e-11
2173,Ccna2,17.387034491890503,1.51780758664989,0.1607020432657237,9.444855558806852,3.5589483311254545e-21,1.9547857395163704e-20
2187,Slc25a31,30.41144726531783,0.5513650715723954,0.1097825221512375,5.022339264649335,5.104591198836658e-07,1.4043064785055292e-06
2188,Hspa4l,268.4228069300511,0.5300865294225718,0.0397633772098278,13.33102383696818,1.5278633437576863e-40,1.4630550744510416e-39
2190,Mfsd8,108.21022330879262,1.1647458146494605,0.0832488183489222,13.991139306838456,1.7656062483442526e-44,1.829428400484164e-43
2196,Platr4,13.578373213006692,1.2051573429768112,0.2293902673880797,5.253742265088955,1.49039407170121e-07,4.2714336263128907e-07
2200,Sclt1,54.14729904057928,1.4215864928146786,0.1099688688044571,12.927172101247084,3.162378454738398e-38,2.8735105166413347e-37
2206,Gm6209,13.61918053123129,2.6640787542018725,0.2630847663320453,10.12631324627697,4.222716165425226e-24,2.5740992420787282e-23
2210,Naa15,92.94023243908389,0.5829041948867174,0.0692581282078141,8.416401222072734,3.8822606486542285e-17,1.8481299804628762e-16
2217,Cog6,247.85870267064743,1.0539444569911078,0.0540812222484697,19.488177470340528,1.383203206668182e-84,2.832722148744193e-83
2235,Commd2,45.88940534272528,0.8899438736862834,0.0984383238664816,9.040624004258468,1.557799849202518e-19,8.104279334895967e-19
2236,Rnf13,174.8785615036864,0.52938742676547,0.0543260754471572,9.744628567554145,1.9448879423893529e-22,1.1205126300813766e-21
2237,Pfn2,73.12868679837848,0.8006559748942963,0.0758187165813417,10.560136216963208,4.559996278055977e-26,2.9720125330575754e-25
2239,Serp1,55.6799656816649,1.1372524537964848,0.0943638724600184,12.051778123861268,1.89810552384099e-33,1.5329093174004067e-32
2249,Gm8298,75.68246291982994,0.9134173710112088,0.0703111821026877,12.991068329319022,1.3749425580836675e-38,1.2578739581250478e-37
2255,Mme,170.70413652068697,0.918026152792071,0.0542608086547664,16.918770205453395,3.271912848712421e-64,4.958512793683485e-63
2259,Gmps,289.367968917777,0.5157342657678421,0.0429299506042041,12.013390616790874,3.02195777467792e-33,2.4281549145729268e-32
2260,Vmn2r1,188.5954632031812,0.6606231819447144,0.0513837469061852,12.856656466700608,7.891701636449728e-38,7.111508589454285e-37
2279,Schip1,83.55937683808959,0.7326225869871471,0.0694748021254192,10.545155431527276,5.348434665319331e-26,3.478079080118854e-25
2287,Nmd3,78.07256642211769,0.7141200256294211,0.0975126642732281,7.323356724501687,2.418437850389658e-13,9.740821552251205e-13
2297,4921511C10Rik,256.5953278021512,0.517426632848639,0.0500110224963319,10.346251826516648,4.35191118104115e-25,2.745027436235438e-24
2300,4930589L23Rik,105.68618762984102,0.6982883486946192,0.0621193175352112,11.24108210459342,2.56222185522967e-29,1.8452232435100282e-28
2316,Gm26771,23.55367596281455,2.9874347624897064,0.2299999164052759,12.988851514300714,1.4153501882054582e-38,1.2941617565605837e-37
2322,Arfip1,97.5230378540366,0.8018001150964724,0.0783110531443526,10.238658310704814,1.3306885400429514e-24,8.267821702626937e-24
2329,Prss48,23.268889003988043,1.764785292411396,0.1419198309735334,12.435085923548698,1.6855945052938658e-35,1.4386161135289663e-34
2332,Mab21l2,140.8394299780719,0.9559387425502904,0.061718960081724,15.488575006521517,4.1437337191214605e-54,5.325736818351683e-53
2333,Gm37876,100.54079814632892,0.6965163955960582,0.0649169538523337,10.729345021031344,7.41196589583986e-27,4.937910612870684e-26
2342,Hdgf,532.5088168903538,0.5725070766736309,0.0310490574996212,18.43879082901678,6.416004056475058e-76,1.1672037442197004e-74
2344,Rrnad1,11.391770383188202,2.3415204533076808,0.2332907046071306,10.036921347770283,1.0489700592233778e-23,6.323573224539962e-23
2347,Nes,33.61462668313703,3.818153307880181,0.186120476934233,20.51441824549672,1.600720936259768e-93,3.6230343476799014e-92
2348,Gpatch4,62.65379360633205,0.6417813596618174,0.0791938209905464,8.103932246663899,5.321074603823189e-16,2.420665314420009e-15
2349,Naxe,17.79647369771947,0.7670912184137582,0.1423352716588966,5.389326267996841,7.072230979612199e-08,2.073949882427754e-07
2352,1700113A16Rik,175.4249212517348,1.4852721103460729,0.0617791823650649,24.04162783458866,1.0212950553515263e-127,3.496882165946248e-126
2353,Tsacc,111.21814456605723,0.8287518456837469,0.0608018997108147,13.630361051635656,2.642696189555135e-42,2.6228308195653127e-41
2356,Tmem79,11.466307602272158,5.150034615157952,0.4767650984571449,10.802037799796862,3.3664783095410075e-27,2.2644146653292427e-26
2359,Bglap3,56.07179462050696,0.6999537895682112,0.0903683488697362,7.745563555412278,9.515884044426181e-15,4.097920116784272e-14
2360,Pmf1,13.07854488022296,0.9419799130589166,0.1730042502044478,5.444836828839357,5.18528961268331e-08,1.5342822982995708e-07
2362,Sema4a,10.977872395159183,3.1264962527816267,0.2733406469085307,11.438094875907206,2.697437175007384e-30,2.0038761758750504e-29
2366,Lamtor2,18.44138041888486,1.6312700734173784,0.1620608637765093,10.065786615002793,7.825920032434701e-24,4.739059566548713e-23
2370,Khdc4,623.208477061205,0.8247620953204746,0.0379106129422611,21.755440793758947,6.1354025159064575e-105,1.5983227959225372e-103
2372,Syt11,13.648551457867848,2.727636723491164,0.2293767842314603,11.891511744007843,1.3101349320428434e-32,1.0359814698567456e-31
2373,1500004A13Rik,136.34773338152374,0.7314652662264423,0.0719573069744329,10.16526739232109,2.8334349356411872e-24,1.741837885656247e-23
2382,Hcn3,42.527142873735166,1.0401267071718194,0.0962158699190771,10.810344572539051,3.075128046772547e-27,2.0732430019014286e-26
2384,Scamp3,13.722336676183776,0.5539918637819535,0.1652839483672616,3.3517584088140326,0.0008030005963593,0.0016132212557175
2390,Trim46,243.71646966277115,1.303035752376757,0.0451671277949446,28.84920551717257,5.184486439628756e-183,2.9431670902231264e-181
2394,Efna1,96.35325943534647,0.7825473143781946,0.0620650062901517,12.608510997643547,1.895401729308226e-36,1.6516530669191884e-35
2396,Efna4,96.48262392823176,0.9056344086269408,0.0680185218220127,13.31452646084778,1.9057693651057995e-40,1.8229280183898943e-39
2412,Ube2q1,79.23134388765702,1.825710378911111,0.0793645782365778,23.004096027182943,4.2414041617284776e-117,1.2877907967004165e-115
2418,Tpm3,31.644060649404487,0.7733775773962259,0.1089985718267125,7.095300098296264,1.2907109656513225e-12,5.011029340470315e-12
2421,Rab13,41.720590063968494,0.555899464337317,0.1026804660911857,5.4138774929561455,6.16743701219652e-08,1.815643450144611e-07
2422,Jtb,58.32121308018161,0.6027176875306158,0.0822313986431079,7.329532240433699,2.309574153360612e-13,9.30664932827023e-13
2443,Lor,630.369548639139,1.11325203442642,0.0344926316403564,32.27506807929128,1.5657224515904238e-228,1.234724474494023e-226
2450,Hrnr,11.2129250322727,0.9165134661476724,0.1968043872888344,4.656976802059688,3.2088658592741742e-06,8.26546174925071e-06
2462,Gm15234,12.22368123067029,0.9399403826064164,0.1779361167781476,5.282459793018539,1.274608147982945e-07,3.67110738771224e-07
2479,Gm16740,140.0174074184673,0.9662777903378408,0.0581564387254223,16.615147204937852,5.414178727638815e-62,7.889490540576024e-61
2480,Mllt11,27.907836036052053,0.5025265954655469,0.1264831798913268,3.9730705371047192,7.095202657511203e-05,0.0001610093644727
2492,Hormad1,93.6269434814446,1.2879997494009314,0.0741539300290163,17.369271580035452,1.410045549823534e-67,2.252454064374386e-66
2509,Plekho1,34.478914175267555,0.5032947560631889,0.1048045266833887,4.80222345341654,1.5691344583658306e-06,4.153535136755726e-06
2551,Pde4dip,62.24728556582447,0.526867996481477,0.0765417201096228,6.883409410278448,5.843676518221651e-12,2.2015476515254417e-11
2552,Sec22b,36.29897696205585,0.6935722333546666,0.1092907441989836,6.346120510369042,2.2081228910845055e-10,7.56797753113486e-10
2553,Notch2,29.99628100011924,2.3951920509865827,0.1389245718228824,17.240953270961008,1.308610713673779e-66,2.060204834499243e-65
2561,Tbx15,163.50711614806113,3.1324124534311384,0.0962134396355976,32.556911646594834,1.6715834164737888e-232,1.3487201751067216e-230
2567,Gm43466,118.67757544018065,0.5221406777430571,0.0759575191701525,6.874114418789915,6.237612912534307e-12,2.344384684918005e-11
2570,Vtcn1,177.68768138364783,0.945608022830452,0.0488629928097404,19.352233018399,1.9519904255416195e-83,3.9511369496329085e-82
2572,Ttf2,190.43545781088895,1.690020753092936,0.0631634412363097,26.756312196008448,1.0426699352230922e-157,4.832886072092567e-156
2573,Ptgfrn,264.0636207248751,0.6899669189388883,0.0414975988245605,16.62667090343861,4.467363723269022e-62,6.526170575786464e-61
2576,Gm42939,58.460711736580926,0.6488669729360235,0.0872220650024309,7.439252589559062,1.0125654957458643e-13,4.1541881967652825e-13
2581,Slc22a15,27.348461140881117,0.8270517426480213,0.1249834803123442,6.617288465492795,3.658471721565141e-11,1.314635982751284e-10
2591,Dennd2c,122.96178152465272,1.5591648524858406,0.0724699537466573,21.514638438109337,1.1356125164626537e-102,2.893487563875896e-101
2596,Hipk1,177.62420825227537,0.5260626545881276,0.0537184077513089,9.792968120416951,1.206996816201741e-22,6.9908742149431525e-22
2598,Dclre1b,251.0820823679925,0.8954598674429773,0.0601561808171874,14.885583746818108,4.0890191888388473e-50,4.769974994851635e-49
2613,Lrig2,84.40690970780571,0.6510828892022017,0.0799986989504172,8.138668475167819,3.996486432531877e-16,1.8257081401354014e-15
2615,A530041M06Rik,49.11893702880312,1.6913925390311106,0.1014824793368452,16.666842888386316,2.2834080909174014e-62,3.361084139232134e-61
2623,Ddx20,67.0940580348073,2.095662444085236,0.1220624569148964,17.168771603101174,4.5494632796315145e-66,7.123813660145376e-65
2632,Pifo,47.338225090704,0.9461324971504448,0.0966089439992162,9.79342551511712,1.2015473319011836e-22,6.961624634432789e-22
2637,Lrif1,35.23032544208673,0.7348670190960743,0.1121849002180488,6.550498486585503,5.7345337962315885e-11,2.0362969641549332e-10
2640,Lamtor5,122.16234605450944,0.9145416265958825,0.0644980301615149,14.179372987139333,1.229400906925239e-45,1.3072604640569288e-44
2643,Kcnc4,14.034810524668286,0.9097178313518922,0.2322669231575339,3.916691274783368,8.977259292218244e-05,0.0002015402227808
2655,Gstm4,1464.6555333293966,0.7561589004504927,0.0245385918242176,30.815089385211703,1.6454044914685465e-208,1.1470443790925531e-206
2660,Cyb561d1,139.35862190370327,0.6526932196571809,0.0601317494758448,10.85438599985138,1.90079933438242e-27,1.2894951654191051e-26
2662,Sypl2,126.69615412172584,0.6800483515685053,0.0614970971277456,11.058218734387836,2.0003050042411283e-28,1.4056982102384832e-27
2663,Gm40123,80.4760651770609,3.3515911944702266,0.1089199856553318,30.77113143474013,6.379009268660388e-208,4.4292180690921614e-206
2664,1700010K24Rik,21.22316093114375,2.3313257156965936,0.1826640742886273,12.762913149593212,2.64134946336199e-37,2.3486448187486098e-36
2666,Sort1,107.6750910500702,1.1627456947691888,0.066171769547425,17.57162764002939,4.063451124424327e-69,6.668345216239846e-68
2671,Tmem167b,42.657330938903776,3.488046486860724,0.1505182380477411,23.17358037206356,8.41112029592701e-119,2.6270430917099624e-117
2675,Gm27244,45.11800660175168,0.8567971892795792,0.103125866296602,8.308266587699057,9.711016756296652e-17,4.539796138109928e-16
2681,Ntng1,130.10460183443664,0.7766790611448195,0.0586207592965458,13.249215302992235,4.5594556997637686e-40,4.31625170752216e-39
2687,A930005H10Rik,49.79925026746299,2.6034870196660296,0.2902523600780511,8.969735918653448,2.9722618997183187e-19,1.5352869113304937e-18
2691,Cdc14a,267.7310358469712,0.81750541370463,0.0528044965969043,15.4817386092183,4.608478702596236e-54,5.91868583852964e-53
2707,Rwdd3,53.7286715013276,1.4203493534922529,0.0929108487647382,15.287228266407874,9.302588085165456e-53,1.1596960311034593e-51
2711,Slc44a3,54.74366525117795,0.6347667097354152,0.0862330262637039,7.361062660543464,1.8245189107234707e-13,7.393098250659998e-13
2715,Arhgap29,87.25772200105774,2.209720637498381,0.0883767786810277,25.003407800976483,5.613336614430599e-138,2.1885733896263194e-136
2716,Abca4,14.036292845422052,2.931697695301021,0.2299575690369614,12.74886366027728,3.1632245576688863e-37,2.801253942634825e-36
2718,Gm17494,23.233444237576236,1.5797855514388024,0.1464596707365825,10.78648848173469,3.987352217942781e-27,2.6737812410275793e-26
2724,Pde5a,137.68938682197677,0.7856734325422463,0.0530006608784824,14.82384218460226,1.027360352272957e-49,1.1889001473713874e-48
2728,Usp53,12.592387848828135,2.985903650819291,0.5412655776820139,5.516522339378228,3.457735546807025e-08,1.0352416270357815e-07
2730,Mettl14,73.49387457139957,1.9094730820162087,0.0833757332736304,22.90202445056187,4.4352970512140845e-116,1.319084590589745e-114
2748,Elovl6,186.5174175691745,0.6443006758375452,0.0494886837287942,13.019151597735233,9.52230042985034e-39,8.757501419072915e-38
2760,Gm42997,13.328142860929056,0.5721650345681428,0.1665952633437878,3.4344615992317657,0.0005937321893022,0.0012136482049214
2776,Tacr3,40.798492553322745,0.7082054227360515,0.1015862199403937,6.971471358532632,3.136431803548876e-12,1.1981967004000396e-11
2777,Cenpe,345.0894715355107,1.57698714319788,0.0567001834775522,27.81273439480517,3.042850127305578e-170,1.5551551911636836e-168
2784,Manba,81.30035292527815,0.5340265586109184,0.0737724391828238,7.238835593974145,4.5255321018059133e-13,1.7978339063203433e-12
2804,Unc5c,49.91906341949058,0.5218632402175797,0.1022660578577416,5.1029955700797975,3.343188313447528e-07,9.33585738291356e-07
2807,Gbp7,48.58446781966436,0.8569884106234493,0.0949456744250368,9.026092192331244,1.779116706328432e-19,9.239107853960645e-19
2808,Gbp3,56.934143755440495,0.5410729782696574,0.0816831737183118,6.624044508059545,3.49501454065546e-11,1.2574548599203828e-10
2834,Ssx2ip,146.92074196936423,0.5511729634834696,0.057901974375515,9.519070280901229,1.747352916348634e-21,9.704546407305288e-21
2837,Gng5,59.63893925442948,0.5667035176023149,0.1129534176349194,5.017143610775696,5.244536542961624e-07,1.4418959279182077e-06
2838,Rpf1,49.956182796859416,0.5689257779009402,0.0917868666727004,6.198335323174855,5.706346711558885e-10,1.911401316337656e-09
2859,Negr1,70.98469300651449,0.5771818020648865,0.0782890777667851,7.372443494407354,1.6752861008432149e-13,6.805800970977981e-13
2878,Impad1,97.44654758537332,0.5688147707156354,0.0641379229215025,8.868618514693708,7.405891802621976e-19,3.7706655663481096e-18
2885,Chd7,173.88484776315013,2.15831671701294,0.0621753849736552,34.71336314085476,4.952686005962046e-264,5.295424031405309e-262
2894,Dpy19l4,71.12959917894304,0.9326220747492864,0.0742817161657059,12.5552036610034,3.7222229239761496e-36,3.2258031386900225e-35
2897,Gm11831,22.375849685059084,2.0360544482458884,0.3286680092085233,6.1948665254917294,5.833444256755804e-10,1.952472950004612e-09
2902,Tmem67,256.5574140520356,0.9901086298087004,0.0471303112917856,21.00789497609933,5.5542900080944706e-98,1.3425820563255261e-96
2911,Necab1,118.55577858466656,0.9142049854301696,0.0574473823604911,15.913779668730465,5.0848800746665497e-57,6.8326360787423765e-56
2920,Cnbd1,191.81341548232172,1.825998734920498,0.0640755372067334,28.49759540882336,1.2546239141234209e-178,6.897661064776965e-177
2930,Usp45,85.11080736375042,1.825543432761416,0.0764092336105395,23.89166003242846,3.7394819353082017e-126,1.2704033366189347e-124
2931,Pnisr,31.043007777175447,0.5382632125279191,0.1286446266411498,4.184109562767729,2.8628602156449775e-05,6.775384008454736e-05
2940,Fut9,89.97121095996118,0.7883213932389183,0.066641115610064,11.82935468625118,2.7524969766539325e-32,2.15791800760795e-31
2942,Epha7,88.67614410391135,1.7447598489333882,0.0883529585393934,19.74761092075328,8.410345910981698e-87,1.770235610345278e-85
2963,Aco1,298.2583227158228,1.3192781344114326,0.0574631474707484,22.958682085470706,1.2067773508471673e-116,3.632420668491266e-115
2967,Dnaja1,83.33312001532354,0.6069249383506831,0.0743965467171857,8.157971910415064,3.4069672138992676e-16,1.5596696770117269e-15
2972,Nfx1,173.2020242548306,0.6541770679523854,0.0505216172324205,12.948458576511864,2.3971912465291604e-38,2.1839126526142293e-37
2996,Pigo,51.53394202813922,2.431834051188764,0.1253140609399048,19.405915289545725,6.878264762408457e-84,1.3987677745537288e-82
3006,Tln1,75.7964470169822,1.4391459625752503,0.0930091691901353,15.473162217299834,5.265563002314977e-54,6.74270624572707e-53
3027,Trmt10b,28.11299873667836,3.2095417814518017,0.282220707265725,11.372453185831812,5.735263623983024e-30,4.2121438870112153e-29
3033,Tdrd7,14.543080055248202,0.77165257811542,0.1582304840975079,4.8767630492737215,1.0784084728433242e-06,2.8990440945107903e-06
3037,Xpa,88.55127088087328,0.669248457385531,0.0673303875581883,9.939768381804605,2.794761968613901e-23,1.6617915929376686e-22
3040,Trmo,58.23246180399661,1.7856866394889637,0.0952103115001248,18.755181149539897,1.756183408674586e-78,3.2945925130657354e-77
3041,Anp32b,38.1361197504198,0.5912678123444686,0.0992378464600741,5.958087901296307,2.5520624613601233e-09,8.236545291960043e-09
3062,Rnf20,32.97632169522276,0.6018716877856481,0.1061818895565921,5.668308317915799,1.4421428574440266e-08,4.432745276813844e-08
3067,Abca1,1642.8477865324785,0.5971236981607884,0.0257821365113437,23.16036523575395,1.143041405537265e-118,3.550967132923967e-117
3078,Ctnnal1,68.63571276136592,0.597122483770948,0.0745964751725686,8.004701058456018,1.1975723877960258e-15,5.368130548999264e-15
3080,Frrs1l,45.88262490615204,0.6578054366233167,0.0887405891295842,7.412678269047213,1.2377390758585438e-13,5.060125877096574e-13
3086,Txn1,82.16948498792866,0.6684595965918524,0.0977277122469757,6.840020923671405,7.918161451588158e-12,2.9606890748397e-11
3087,Lpar1,154.67123119621266,0.6978516660477255,0.0510318868976895,13.67481605073318,1.4356988631285532e-42,1.4330675708249956e-41
3104,Slc31a2,35.11513652882854,0.6942223411215048,0.1219812060817565,5.69122378291792,1.2613206883179122e-08,3.8913607640298414e-08
3115,Col27a1,83.74056104472653,2.988490403106363,0.1061432631471052,28.155252764036256,2.066578332743861e-174,1.0783331491934136e-172
3134,Kdm4c,626.0896161369142,0.5997034244274986,0.0288989990447743,20.751702282087823,1.1832697317863814e-95,2.779248636869684e-94
3141,Zdhhc21,33.03466421617306,0.6333677873643236,0.1140367562532025,5.554067023425497,2.7909838658584906e-08,8.406717389246765e-08
3160,Klhl9,84.59416986288183,1.1977804167353994,0.0779301901734992,15.369915228857142,2.6050979268733184e-53,3.285213217767597e-52
3166,Gm12610,31.904474215807152,2.4126196128524287,0.1341089574283821,17.98999603841401,2.333745395224535e-72,3.9875014458797255e-71
3168,Tusc1,85.47188989721595,1.1048450016116036,0.0816499785067807,13.531479393100524,1.0195104544099912e-41,1.0010156732088635e-40
3171,Plaa,25.90380311571012,0.965521662744496,0.262085478240948,3.6839952721716416,0.0002296065008566,0.0004929878153171
3192,Angptl3,337.2882399587604,0.5008865960677457,0.0376739773261512,13.295293770855924,2.465031655854284e-40,2.35271476989203e-39
3195,Foxd3,114.4373302336138,0.6721302183941771,0.0580543423675099,11.577604550910122,5.352074499922012e-31,4.0607729379469245e-30
3196,Alg6,37.122350059976135,1.176334745739873,0.1062563714578143,11.070721968017688,1.7399314713481723e-28,1.2256881844242499e-27
3203,Raver2,54.82537094857764,0.5325026650575778,0.0827269641237878,6.436869413711007,1.219627747466028e-10,4.2426491782111645e-10
3205,E130102H24Rik,139.32156461116918,0.9715468504605436,0.0713685017575159,13.61310419211971,3.3471912707019666e-42,3.3107179038475525e-41
3206,Ak4,12.28125831104692,0.9883885169519032,0.2259383098504753,4.374594629861634,1.2165834016980513e-05,2.983342553087609e-05
3211,Pde4b,43.89660554368452,0.6208737711264999,0.0905809118721197,6.854355496034712,7.16347403305041e-12,2.6859945234079717e-11
3214,Mier1,15.654864429486144,0.5684267209985464,0.162799578028436,3.491573675327708,0.0004801840140438,0.0009931933297835
3220,Usp24,30.971580967502994,0.7266742427088475,0.1119361723612128,6.491862526475386,8.478160707293089e-11,2.9819855662301505e-10
3221,Dhcr24,30.15557567429903,2.154381848462989,0.1471560315830009,14.640119234581602,1.5579477799054295e-48,1.7608245076648396e-47
3234,Ndc1,173.88331940785798,0.7040826849854293,0.0526647184219838,13.369153127220056,9.157754656536943e-41,8.803163163492877e-40
3235,Glis1,782.0743922763437,0.9428422651606772,0.0383613556856344,24.577918280238244,2.176015563342108e-133,7.950440091808441e-132
3254,Gm17354,162.9566051296625,1.147932143047106,0.0543835772084683,21.10806611059699,6.706104178695651e-99,1.641488534077357e-97
3273,Foxd2os,470.46375993767856,0.9061309363236312,0.0379420419860366,23.881976005853964,4.714635782662506e-126,1.5985733933899251e-124
3277,Efcab14,22.94083483378469,0.8057639175943938,0.1245926223932206,6.467188041450498,9.984337614223183e-11,3.494818958439077e-10
3278,Atpaf1,29.61137462445595,0.5339125399932143,0.1118268503701608,4.774457460134997,1.8019236577140691e-06,4.743795393752386e-06
3287,Pomgnt1,32.42302234569518,0.7116502813235718,0.1111055695701421,6.405171982618739,1.5019997372552152e-10,5.194850450661617e-10
3288,Lurap1,58.64915631604253,0.8303100273147599,0.0870066079379525,9.543068589765996,1.386672760989854e-21,7.738086133917951e-21
3289,Tspan1,32.576423177007264,0.6472342905429814,0.1124075496468839,5.75792544696684,8.515394571335127e-09,2.652954890762041e-08
3290,Pik3r3,67.47653333672172,0.8984892082426269,0.0846828888036842,10.61004437774372,2.6762193210719645e-26,1.7580531597301996e-25
3296,Ccdc17,132.59147129563874,1.466556336393513,0.063367758674603,23.14357280528668,1.687407067801225e-118,5.2142075137659125e-117
3304,Hpdl,56.27420874729395,0.5064125855037767,0.1030036444362155,4.916453085476698,8.812630462579391e-07,2.385254289514422e-06
3309,Ptch2,137.75576520365289,0.9813328610288076,0.0630751467884563,15.558154217540489,1.400806305772785e-54,1.812416651596741e-53
3312,Kif2c,649.1595973382975,0.7615452459717053,0.0305987092856492,24.888149328862955,9.997930994295727e-137,3.829537172935954e-135
3314,Tmem53,32.2849837094323,1.1961536745741446,0.1205402156815026,9.923274716337673,3.2975599594059593e-23,1.9545881246950875e-22
3315,Rnf220,46.0025009881196,0.7712138160296923,0.0983475767682286,7.841716505605193,4.444288362635501e-15,1.9397710389183947e-14
3327,St3gal3,1281.423573067817,0.5817204274146341,0.0382967756440216,15.189801690405323,4.13167726686691e-52,5.0531137829443167e-51
3353,Ctps,156.10652916702125,0.7156577409522575,0.0508391358698224,14.07690608244708,5.2665500452330624e-45,5.519268441871426e-44
3358,Zfp69,126.80745178447016,0.5960601231682002,0.0607413838035225,9.813081063418792,9.890173099057192e-23,5.7474470413594115e-22
3360,Col9a2,377.07137968105593,1.1591898263382536,0.0360885850654737,32.12067816555273,2.2682074574164382e-226,1.7569030919046084e-224
3363,Cap1,81.10777318286046,0.6784517651309924,0.0745172915534905,9.104621907037252,8.656743080509545e-20,4.544268626720493e-19
3365,4933421A08Rik,112.03167374110966,1.7409671693608637,0.0843039859228916,20.651065905154635,9.548965041268807e-95,2.195506104739219e-93
3366,Mycl,38.30928225381464,0.9619987548504072,0.1014394725686516,9.483475519841162,2.459517366074245e-21,1.356041400061434e-20
3372,Gm12925,265.15153409761854,1.709086469302451,0.0552510907663958,30.933081059495255,4.2907334704057344e-210,3.0152783436383523e-208
3374,Akirin1,303.6741852551206,0.6491127274595041,0.0397932970388095,16.312112234038782,8.094461159734746e-60,1.146912756844367e-58
3391,9930104L06Rik,240.1076424315911,0.5233007709333604,0.0457896335648265,11.42836773726304,3.0172716211541544e-30,2.2376599920627489e-29
3402,Stk40,36.77264897221699,1.4419199759195631,0.1121469839150774,12.857411992563684,7.814960320473494e-38,7.04964433049752e-37
3405,Thrap3,554.7058621227923,2.115355520884782,0.0555630086692872,38.07129188189652,0.0,0.0
3406,Map7d1,118.56600500850227,0.9393067886651796,0.0682945559619755,13.75375790111526,4.835135231588536e-43,4.882197961536791e-42
3408,Col8a2,286.5524512447792,0.6068590421586804,0.0421479017795615,14.398321542377698,5.30154312773936e-47,5.818343427597077e-46
3412,Ago1,105.37690047569612,0.6727313773033116,0.0639790552579779,10.514868883116632,7.378336342164756e-26,4.7785078324506625e-25
3423,Zmym1,121.55959292366028,0.6034839202663985,0.0616814874524046,9.783874306404586,1.3205653922632692e-22,7.641040390559182e-22
3439,Tmem54,55.23859832239984,0.5085561835284628,0.0899054199659379,5.656568688752437,1.5442919141864908e-08,4.7392004719919295e-08
3440,Hpca,222.14622826149056,0.7033408766412841,0.0481781527034014,14.598751450086766,2.860358152264479e-48,3.2161497985590537e-47
3441,Fndc5,13.41437279824441,1.8876284072317004,0.1879693018519357,10.042216407861076,9.941484159397917e-24,6.00139196155133e-23
3442,S100pbp,219.7398827803381,0.7856823971680256,0.058705711876709,13.383406350954044,7.560156924292648e-41,7.283494465261044e-40
3443,Yars,25.24075327017794,1.010821721522445,0.1252241208084691,8.072100766181473,6.90988098933011e-16,3.133630129639478e-15
3457,Tmem39b,27.660595429825268,2.322056032980102,0.3068531725173384,7.567319620424965,3.8100366989271946e-14,1.596569357751939e-13
3464,Serinc2,98.37877414102368,0.8072658683135867,0.0689429809479629,11.70918137297976,1.1437859973041468e-31,8.855576348741302e-31
3469,Gm12971,166.0596408053146,0.7138129853366167,0.056840821075643,12.558104753389888,3.588250786772485e-36,3.111245508053277e-35
3474,Srsf4,482.6028102020759,0.6104187468095214,0.0346314511406617,17.626138284826634,1.5521304581136048e-69,2.566463911195817e-68
3480,Taf12,25.365798044595422,0.910246452536968,0.1577322612436301,5.770832455961685,7.888087401102154e-09,2.4658939412808673e-08
3482,Snhg12,88.77499787830061,1.1979344003812151,0.0706751218798698,16.949873852604114,1.9286715982485872e-64,2.935623459762128e-63
3488,Med18,42.79338873588916,0.8009928569526986,0.0936839697113694,8.549945731596068,1.2314639890295289e-17,5.983260217676786e-17
3490,Gm12981,141.40998228994874,0.7057297145231012,0.0553491051338766,12.750517154994736,3.096840043726979e-37,2.7438601058502183e-36
3495,Smpdl3b,110.36239200798504,0.7926887084580168,0.0767855967606302,10.323403631661908,5.522984984640887e-25,3.4711353159870676e-24
3502,Wasf2,10.801551096810064,0.7583300828437636,0.1983612437451707,3.8229750354760297,0.0001318511334024,0.000290322369291
3523,Crybg2,294.4052101050169,0.6082981969022793,0.0374481996793767,16.243723386181323,2.474388203483291e-59,3.4777127105086126e-58
3526,Sh3bgrl3,28.623833566786224,0.506122943355373,0.1177748101896704,4.297378552682761,1.728298967282897e-05,4.171277441047823e-05
3536,Stmn1,30.359150818377675,1.0191961402589282,0.2316768642885565,4.39921415281893,1.0864357605867442e-05,2.676618947625923e-05
3538,Mtfr1l,144.271912020079,0.8147711238215634,0.0543498834625027,14.991221174994651,8.379818456451331e-51,9.93493034415196e-50
3549,Ncmap,55.85240467608218,0.8304165883242983,0.0840088003757268,9.884876163095829,4.84180075625606e-23,2.8498109956106256e-22
3554,Srsf10,71.40636703414566,0.8850546591007816,0.0771937221385692,11.465370947031596,1.9691402548017653e-30,1.4684713889895238e-29
3563,Gm13008,10.49136978873896,1.2540363743095662,0.2054968296516357,6.102460930591706,1.0444764637618992e-09,3.4501773711983277e-09
3569,Hnrnpr,470.1595646847647,1.0739838919946008,0.039568328621058,27.14251345514329,3.10347149100751e-162,1.5066100597570722e-160
3579,Usp48,24.581807170525263,2.0426481445129547,0.1434182839540228,14.242592284591757,4.984325618097333e-46,5.339079709416123e-45
3593,Nbl1,25.273599159556397,0.730343850721792,0.1236082039659618,5.908538651066461,3.4515583696333e-09,1.1055644048147244e-08
3602,Igsf21,41.0938412461164,2.013001766483482,0.1184577966174969,16.993408825452935,9.189017046621905e-65,1.4097375800046353e-63
3604,Rcc2,389.3968544717064,0.6776401793777508,0.0382801292740096,17.702139262048835,4.0367759588137375e-70,6.71947768960896e-69
3624,Fblim1,224.35764678198368,0.5731903252316062,0.0557193983076448,10.287087489115308,8.057681369572832e-25,5.0459673341327834e-24
3632,Tmem51,58.7656331897958,1.1228048519285525,0.0803915019217922,13.966710722992312,2.4885732193929496e-44,2.5708864296135345e-43
3633,Kazn,87.81521456095768,1.6543420700511275,0.121588578358628,13.606064750355182,3.6856144166050346e-42,3.641320184387333e-41
3640,Vps13d,19.968350064640173,0.6896440160757826,0.1508707950730864,4.571090221548165,4.851933153819679e-06,1.2312098282581446e-05
3649,Gm13165,45.67356687254728,0.7164933969573771,0.1006534883087697,7.118415953547739,1.0917447590236502e-12,4.259442055129656e-12
3655,Gm21411,140.35000390408857,1.257413274585147,0.0948565108960661,13.255951148813484,4.167987302572873e-40,3.949955557870584e-39
3662,Zfp982,37.37915688754877,1.7928800424930946,0.117517116690745,15.256331102908096,1.4941663070671765e-52,1.8494552840601385e-51
3685,Angptl7,39.60224589670263,0.7226483697296392,0.0973257322454848,7.425049399134261,1.1273783112244845e-13,4.620872344313338e-13
3686,Exosc10,34.7229853285267,1.7315554863853668,0.1204666959283789,14.37372771819714,7.564745639657149e-47,8.276107156807581e-46
3688,Gm13203,80.44023465639036,0.6730691041222869,0.0743233071211517,9.055962795427568,1.3536822384435025e-19,7.06135110792977e-19
3698,Ube4bos1,87.86887304182633,0.848481724279153,0.0957043018410277,8.865659201908679,7.605276287925184e-19,3.870222275950844e-18
3703,Pik3cd,14.694048467453069,1.553475425861638,0.206288877792984,7.530582562093283,5.0514438555775965e-14,2.1071460870035025e-13
3705,Slc25a33,27.729402720515427,0.574412992263862,0.1175102247424892,4.888195844426517,1.01764269271019e-06,2.740762918954287e-06
3712,Rere,130.16739783103793,0.5035031922369555,0.0597041000539166,8.43331013753259,3.360226430414533e-17,1.6044390747743691e-16
3718,Camta1,465.10201338210464,0.5756030785774111,0.0329551159416206,17.46627381305774,2.588584530203967e-68,4.1888441218565224e-67
3745,Tprgl,313.980753601871,1.086907584700481,0.0402322865233312,27.01580443533004,9.638605643201694e-161,4.602236141088194e-159
3750,Pank4,101.98384031219248,0.5588053498293398,0.0627463003435978,8.90578961260393,5.300737499930156e-19,2.7123092527534573e-18
3754,Ski,36.22370291525592,1.8272536723726336,0.1218669295624798,14.993843522051002,8.055356225889229e-51,9.556756181402142e-50
3759,Cfap74,93.78983129852443,1.124018813811422,0.070997508091268,15.831806552512854,1.877522053460071e-56,2.500006766027836e-55
3766,Mmp23,25.706720118655983,2.2374351968069464,0.1489078760431533,15.02563367540438,4.9882032590580137e-51,5.930041364178926e-50
3775,Mxra8,75.64334227921118,1.1408374350851431,0.0796986954371969,14.314380289751796,1.77943251976326e-46,1.933413338805118e-45
3776,Dvl1,38.877309831736575,1.0166329656492294,0.0994785606255171,10.219618772695169,1.6197663281694107e-24,1.002460495999165e-23
3778,Pusl1,82.29129555343667,0.581789687466238,0.0701178780330493,8.29730881462239,1.064962891722304e-16,4.971918906224569e-16
3790,Noc2l,64.11245343418558,0.6211158504435669,0.0855357863009825,7.261473557488445,3.828958632341026e-13,1.527726443325078e-12
3819,Steap2,32.08802172449514,1.6015331629523963,0.1765651554894524,9.070493883761047,1.1847875113390633e-19,6.193304363412476e-19
3836,Sema3a,51.20521589796949,0.5198038565554656,0.0959475092011852,5.417585728729312,6.040918655028593e-08,1.7792991434821417e-07
3845,Gnat3,154.66742082186198,0.507157849693681,0.053134420630333,9.544808123948153,1.3635978794932529e-21,7.612038386870087e-21
3864,Reln,130.8034330952868,0.5962756759439543,0.0627164947030691,9.507477718055153,1.9534133261700664e-21,1.081107889758397e-20
3893,Nub1,26.04951658073377,1.867971029895175,0.1556899309938849,11.99802079665989,3.638943749719272e-33,2.913160848420187e-32
3905,En2,125.47996779167094,0.6682198812649508,0.0552725495377353,12.089543305918022,1.199516383336771e-33,9.73692199757487e-33
3906,Cnpy1,175.5791072100404,0.5306022589480909,0.0468859414957255,11.316873289117256,1.0826478148955959e-29,7.88153137761088e-29
3911,Nom1,48.95184393489829,0.7068550211402436,0.0910977580485517,7.759302053992543,8.539804000101616e-15,3.685777714555992e-14
3914,Tyms,127.76297346496928,1.1126981989152798,0.0568772730325816,19.56314252755896,3.188100913871021e-85,6.575410973602859e-84
3934,Atraid,242.2805143170757,0.523647041520166,0.0403297277516551,12.984145212799652,1.5050913350106192e-38,1.3754972095734173e-37
3946,Ift172,34.17522749244703,0.7844944537909859,0.1073841127841709,7.305498303717649,2.762410663818712e-13,1.1100597890023637e-12
3950,Gpn1,51.57246230846258,1.1277354598617035,0.0869223803471375,12.97405173855022,1.717082245667174e-38,1.5684124411681089e-37
3952,Slc4a1ap,71.29743372921943,0.5642641800729594,0.0729238117074412,7.737721971208765,1.0121387683515472e-14,4.3522216764941455e-14
3955,Babam2,58.0191736135582,0.7365528905443759,0.0848910291673722,8.676451419762843,4.083090432773685e-18,2.0238936308981735e-17
3958,Ppp1cb,85.66096316474196,0.574854841242494,0.0702957849118832,8.17765733696669,2.894154008316372e-16,1.32769981723974e-15
3960,Yes1,161.26503798765776,0.6417267722439477,0.0481610264005292,13.324607472171635,1.665062286123726e-40,1.5935587876202248e-39
3961,Pisd,217.7804512193158,0.8761707649600409,0.0438543718981199,19.97909734052312,8.372397848940602e-89,1.7991880358981112e-87
3965,Ctbp1,72.44572889388957,0.9057010534124952,0.0831682607336904,10.889984297165986,1.286624543686057e-27,8.790000998573343e-27
3968,Uvssa,52.00774788858631,0.713952444377426,0.0919765013293331,7.762335314549874,8.337960517961249e-15,3.604017259598925e-14
3981,Haus3,224.58992034091756,0.567764235923834,0.043395352381738,13.083526340087166,4.0901585222330104e-39,3.791663974759411e-38
3995,Msantd1,73.42426935749629,0.5883138001693047,0.0848752378644882,6.931512829555849,4.163636852362241e-12,1.5778182879532318e-11
4000,Trmt44,24.983473813138364,0.8571586268663038,0.1596166760774953,5.370106983371495,7.868994628745634e-08,2.300248882753756e-07
4001,Acox3,125.61166978916226,0.7685538666948007,0.0555049255660337,13.84658854790209,1.3339869308557041e-43,1.3564016470801176e-42
4003,Ablim2,31.070065924341453,0.8221627277220879,0.1113392533791913,7.38430250580201,1.5325465058678638e-13,6.234645309118844e-13
4030,Cpeb2,149.16467867350622,0.7651780893462623,0.0634673404754861,12.056249460174053,1.7978522235951888e-33,1.4526179208538223e-32
4032,Fbxl5,55.476864987961086,0.948487447261206,0.1644109595085484,5.769003782329303,7.974151499247052e-09,2.491246567738588e-08
4044,Qdpr,391.977884445857,0.7192671727075558,0.0372064181751806,19.331803704430744,2.9009677572123718e-83,5.865204880823342e-82
4053,Kcnip4,41.114580643518174,1.302082231376685,0.1066862687368253,12.204778054321812,2.931066525186737e-34,2.4221255287318372e-33
4074,Pgm2,241.8706793547116,1.4733262413349943,0.0589263956299244,25.002823023283604,5.696146438416718e-138,2.215902681444789e-136
4083,Wdr19,15.188817236456872,0.7015270295357365,0.1691534685334653,4.147281374824106,3.3644648341501524e-05,7.91094078920249e-05
4087,Ugdh,98.87611665674032,0.6710700808157168,0.0646914076385883,10.37340359889502,3.2764261916908877e-25,2.074911179825174e-24
4089,Ube2k,58.90165857317616,0.6093020143377458,0.0857326537373812,7.107000515861519,1.1859199154219372e-12,4.6175630665713855e-12
4090,Gm42726,11.042282541789923,0.8676867844852745,0.1933871466652767,4.486786218461075,7.2305561038970015e-06,1.810547870383864e-05
4099,Uchl1os,10.77947844077272,1.791526261465137,0.2066640718523915,8.668784300082518,4.3675846234749444e-18,2.1624507050545836e-17
4103,Tmem33,58.06483754387464,0.9745131983110248,0.0851765171588332,11.441101735749513,2.6055554684062617e-30,1.9364443796752377e-29
4104,Slc30a9,25.222672816957942,0.616431075529456,0.1315187396343174,4.687020855304863,2.772107279073164e-06,7.187189178769281e-06
4119,Nipal1,36.80041854711861,1.7553658332813462,0.1123632687660426,15.622238944795065,5.136963600345974e-55,6.716204173055487e-54
4121,Slain2,19.00699167357276,2.841211206365858,0.2007779382112419,14.151012963269755,1.8408636030208762e-45,1.9491233823479845e-44
4146,C530008M17Rik,30.18490262736361,0.6798167644407457,0.1178358098879767,5.769186506945796,7.965510916329698e-09,2.4892043078679216e-08
4147,Aasdh,25.001314618758872,1.319908087897193,0.1330716238026606,9.918779452594332,3.449484347656425e-23,2.0427323551123403e-22
4150,Srp72,22.894227502014637,0.5971119901874694,0.1291084476198576,4.624887071259543,3.7480254799927897e-06,9.60173277455745e-06
4159,Tecrl,28.533386384893326,0.6308848682264834,0.1148776439503009,5.491798460799043,3.978612622190908e-08,1.186503435652689e-07
4189,Ppef2,11.978145216116928,0.6202268585277555,0.1817231064202678,3.4130324467014543,0.0006424429268532,0.0013066279996729
4198,Shroom3,111.78221571847892,0.6356565064140773,0.0583295258138397,10.897679992167118,1.1823353022119629e-27,8.099740427260257e-27
4199,Sowahb,43.71269985594322,0.5124872525532037,0.0942490204948917,5.437587041883157,5.40069687051885e-08,1.5961225209327207e-07
4203,Ccng2,55.017058201923945,1.3579389114562466,0.1655280540401688,8.203678339181796,2.331413839517569e-16,1.0734975005313657e-15
4206,Fras1,167.67967766393704,1.1840919369328042,0.0617165164741124,19.185981396559896,4.8470336054266426e-82,9.566715931526108e-81
4221,Enoph1,157.7903186090869,2.8242516550276213,0.0862242155286022,32.754738766985504,2.5993777581235473e-235,2.1572359794560558e-233
4226,Plac8,11.9868499737726,0.8997048785842334,0.1853500178178962,4.854085741001552,1.2094340401009469e-06,3.241275788233016e-06
4227,Coq2,39.3830028556753,0.8779360390850851,0.0995958278616362,8.81498811681911,1.1969775688976844e-18,6.046644948043144e-18
4233,4930458D05Rik,283.655920293391,0.5457735587507851,0.0493255078370337,11.06473268463779,1.860166754930811e-28,1.3082722439440747e-27
4238,Gm29707,53.10050550018151,0.8666450055829209,0.0865279954888183,10.01577582708378,1.2993837739099381e-23,7.8061566396768e-23
4239,Arhgap24,37.84107189571744,0.5306858262231559,0.0974036094886134,5.448317870450101,5.0848423325592615e-08,1.505839119317635e-07
4247,Pkd2,45.28609330632858,0.5546843329571693,0.0909756016176689,6.097066939862263,1.080322889117578e-09,3.5645337583379693e-09
4254,Lrrc8d,90.9399623159825,1.2117338968064646,0.0799165153781804,15.162496651315498,6.264211368119125e-52,7.629117800389945e-51
4259,Tgfbr3,14.758862496854556,2.593306571909697,0.2122557492280321,12.217839004792452,2.496324303394054e-34,2.065809114888489e-33
4275,Pigg,34.698578549927625,0.6630861679420368,0.1288990934866445,5.14422677464943,2.686248900520702e-07,7.570495769449352e-07
4283,Vmn2r10,53.45096974466849,0.5881331017668177,0.0840183531669755,7.000055102222482,2.558618595102081e-12,9.81761445958588e-12
4302,Gm15788,44.12032511473616,0.930873922434328,0.095239201998194,9.7740626013643,1.454979352308504e-22,8.404832665572624e-22
4304,Pole,121.33797061862434,0.5989065824284505,0.0646871824157476,9.258504700038545,2.0731507259266566e-20,1.111377140924324e-19
4307,Noc4l,17.365931683055518,0.6441152963579653,0.1502263944732343,4.2876306698070055,1.8058902670472232e-05,4.3513141952300576e-05
4321,Crybb1,50.14634379729469,0.813374997413349,0.1056081307720779,7.701821739168587,1.3413993201865962e-14,5.74395758039607e-14
4323,Tfip11,140.79913382986987,1.050479354722555,0.0735742204191494,14.27781835455429,3.0087376432644853e-46,3.250854286845223e-45
4324,Srrd,1049.6912653532354,1.5986320955213162,0.0405779188481798,39.39660142508822,0.0,0.0
4325,Hps4,10.364317394031826,3.1268841020964997,0.2766146154708389,11.304117451545649,1.2520664809121033e-29,9.088302636125003e-29
4342,Mvk,10.378194990918937,4.2119909745770405,0.3725111609596573,11.307019536612476,1.2113468289079588e-29,8.803733333698042e-29
4357,Unc119b,60.00380773464376,0.9624252049036124,0.0907481155724971,10.605456640416373,2.810874917482521e-26,1.845119701012632e-25
4372,Pxn,18.321634563450985,0.632974529986521,0.1379859379683633,4.587239390521416,4.49145562755942e-06,1.1433988997532218e-05
4376,Rab35,28.8218092777228,0.8382576947593704,0.122414843913082,6.847680133910533,7.50571530240059e-12,2.8100882124648225e-11
4380,Prkab1,66.76881354880214,0.8475255390516419,0.0768713047051346,11.025252430703588,2.887073643952448e-28,2.0174787276184147e-27
4388,9530046B11Rik,13.620690317766613,0.9629963781546568,0.1931661064175183,4.9853278922193045,6.185682036053149e-07,1.6931689417988737e-06
4403,Tbx3os1,13.171923314041068,2.761616874126375,0.2263254271563538,12.20197354236539,3.033805277545395e-34,2.5034639383078197e-33
4405,Lhx5,74.85886119175572,0.5844942463866043,0.0853348587921937,6.849419506393705,7.415025706965111e-12,2.7785222107286162e-11
4416,Rpl6,16.802409944557276,0.5517969336696401,0.1591253496702478,3.4676871712339823,0.000524958015791,0.0010818219580473
4419,Gm42917,27.07476828777393,5.473472725165966,0.3435004567002214,15.934397228306326,3.6571014439241474e-57,4.925499533594284e-56
4423,Adam1a,214.19872208359843,0.5373748271795767,0.0460569870323935,11.667607062564077,1.8659818393037848e-31,1.4376804374618195e-30
4424,Mapkapk5,242.63125452820864,0.6625479790724674,0.0502708971427259,13.17955351366424,1.1506980724628973e-39,1.0810978979451952e-38
4431,Sh2b3,35.0978925614002,0.6271848118506473,0.106629768082024,5.881892300170726,4.056022477650841e-09,1.293947643062399e-08
4438,Vps29,39.00803303249622,0.6540232930389807,0.0978614784470481,6.683153610773068,2.338542161862668e-11,8.519254347186992e-11
4439,Fam216a,32.5650605864247,0.7436271639364047,0.1137946553517081,6.534816258620027,6.368768050461092e-11,2.2546189230842147e-10
4440,Gpn3,19.269523128841705,2.1567465027655786,0.1676795225887822,12.86231299724529,7.334850334667597e-38,6.630278611648697e-37
4443,Anapc7,150.69225093142848,0.5329769931128803,0.0611118053845389,8.721342623723594,2.7492215392446917e-18,1.3701296249916068e-17
4447,P2rx4,204.9706731099045,1.4380701693232754,0.0579131495461062,24.83149648385793,4.097775841082939e-136,1.552522551269423e-134
4449,Anapc5,18.76012108454774,1.0214881209030051,0.1489586783032712,6.857526748614903,7.0062909359165576e-12,2.6293203796544742e-11
4451,Kdm2b,67.03872875531899,0.7876983989062294,0.0769444085556505,10.237240284152962,1.350331575025023e-24,8.386877651295831e-24
4455,Morn3,10.608762826982362,0.5409108081213748,0.1839620932612737,2.9403384063103783,0.0032785396186206,0.0060688676020521
4456,Tmem120b,45.48713717137769,1.2806209018009451,0.099558651175693,12.862979627365672,7.271853138549001e-38,6.576743980209236e-37
4460,4932422M17Rik,26.265934203069524,2.267028288077031,0.1552220341777133,14.60506750917538,2.6072388179039404e-48,2.935333211784876e-47
4461,Setd1b,11.543553869786187,1.524091215166931,0.2182659321435531,6.982726072727368,2.895065615356182e-12,1.1076883324791997e-11
4466,Gm15747,176.31108212886113,0.5460230541860731,0.0521522855985422,10.469781868991296,1.1891670715239975e-25,7.641889278215425e-25
4474,Denr,21.85829671410852,0.6410284579766857,0.1420490840286293,4.5127250369843255,6.399997074801744e-06,1.6078874011769467e-05
4476,Hip1r,52.94240297910516,0.8051829944445382,0.0927389774903976,8.682250076866637,3.88015129728445e-18,1.924943831741344e-17
4477,Vps37b,11.155521808046393,0.7220182597581964,0.1935398467254239,3.730592288742111,0.0001910301501209,0.000413831380523
4482,Pitpnm2,223.95677273707736,1.562834839529063,0.1766622512534554,8.846456039365654,9.034249616485478e-19,4.5836652784893435e-18
4487,Kmt5a,49.974919296294246,0.5299945655892119,0.092112091752694,5.753800130955239,8.725931626224214e-09,2.714180552950841e-08
4494,Gtf2h3,10.271617398232344,0.905829743916548,0.1981102722842589,4.572351213655476,4.822816678916932e-06,1.2241778194023346e-05
4506,Dhx37,26.123905921053115,0.5399914076475294,0.1481107739587938,3.645861764234394,0.0002664972139722,0.0005677195263546
4507,Bri3bp,99.22529147097312,0.5971644954683841,0.068274765457719,8.746489152543392,2.2009342127935505e-18,1.1028718073768256e-17
4510,Tmem132c,469.8372668279823,1.2596431226760978,0.0382461547066095,32.93515733382764,6.901273783616828e-238,5.838611626256022e-236
4515,Fzd10os,18.45737422464235,2.666709947678352,0.197504902066066,13.50199372158534,1.522008415354945e-41,1.4860259194849291e-40
4525,Nipsnap2,59.65881247312336,0.6974054133072087,0.0787336779779014,8.857777652695871,8.162531774558489e-19,4.145005937267055e-18
4526,Psph,28.091029501910235,1.2786685129268045,0.1218442242857504,10.494289084462936,9.176587775861371e-26,5.9080004343447345e-25
4529,Phkg1,120.55102314689432,0.9698915787178471,0.0587746723040603,16.50186280410524,3.557467440926985e-61,5.102843009092633e-60
4534,Gusb,47.93862350911593,3.069096978198566,0.1411984983296701,21.736045457316703,9.362664053556321e-105,2.431781059990753e-103
4544,2810432F15Rik,21.588225342167384,0.810370064501114,0.131916423379218,6.143056669839782,8.094838653891885e-10,2.689226993138158e-09
4550,Gtf2ird1,34.7961190968202,0.6504313365970068,0.1028709570984061,6.322788811761571,2.56884280691101e-10,8.773229950782891e-10
4551,Clip2,13.008961351601272,0.8214394377508563,0.1683808781882238,4.878460348880078,1.0691715156918268e-06,2.875987216465065e-06
4558,Wbscr25,158.59107385548816,0.7156940540007382,0.0593282770525614,12.063287348909087,1.6506045480093746e-33,1.3355030669780586e-32
4586,Lrwd1,79.0661725067967,0.6309815603649133,0.0691166252989117,9.12922987249564,6.89882954920334e-20,3.6379062445844424e-19
4607,Epo,628.1372922930893,0.9707415501372187,0.0389310200282503,24.93491178584064,3.112986811614396e-137,1.200290578602117e-135
4623,Ppp1r35,71.86786324000359,0.566987304930079,0.070490155098236,8.04349634555234,8.731081231714896e-16,3.937006046735503e-15
4627,Cyp3a13,63.0805599792236,0.7943458734464017,0.0981624626129741,8.092155110026882,5.861819532671312e-16,2.663879812656992e-15
4628,Zkscan1,15.657349494536886,0.5012679321323268,0.153883475512098,3.257451331042482,0.0011241753410847,0.0022130179991006
4639,6330418K02Rik,18.08413810319583,0.6542127274724064,0.1983514324757601,3.2982505813380287,0.0009728927008519,0.0019335812510488
4642,Stag3,56.72889534028456,0.72355688023768,0.0843055264789434,8.582555740499396,9.278814493381189e-18,4.529724901698807e-17
4648,Prkar1b,578.2656126839091,0.6379102168590117,0.0298201850528705,21.3918933007294,1.5897361702109984e-101,3.986463593444213e-100
4665,Gm16122,144.7914843407406,0.6721328123769235,0.0697018229256991,9.642973227449223,5.264075528499503e-22,2.9864032653219184e-21
4673,Ttyh3,36.017396555247615,1.5091419324957245,0.110191892630226,13.695580468519529,1.0789464603568513e-42,1.0806826960401839e-41
4680,Foxk1,31.79285563001964,0.772682309650264,0.107326367528564,7.199370736595746,6.049107151013805e-13,2.389479588120322e-12
4692,Rnf216,19.835323380611097,0.6118723505922512,0.1491335104824057,4.10284951124005,4.080927037252752e-05,9.51979606548534e-05
4697,Zdhhc4,29.04400044526276,0.5863317303744688,0.1140293857383587,5.141935357959492,2.719226835712803e-07,7.659719620624329e-07
4709,Aimp2,67.00731782001664,0.5187025953006856,0.0762244513542355,6.804937078394111,1.010934114517229e-11,3.754984333659796e-11
4718,Baiap2l1,38.49242031502967,0.91782544374783,0.0968500353292148,9.476769323087357,2.6227756573282665e-21,1.4455956406045868e-20
4719,Gm15708,14.643128355972395,0.656146404444858,0.1928318824484634,3.402686299140501,0.0006672684614513,0.0013545899529615
4724,Kpna7,81.62415798493213,0.6299318095509205,0.0719398586580042,8.756367072467583,2.0164428667731922e-18,1.0112968714280053e-17
4726,Arpc1b,1251.0721829521628,0.7506188923820508,0.0246926694726878,30.39845056899572,5.758132057498345e-203,3.8896405231814416e-201
4733,Zkscan5,798.8628693974135,0.5228157713525761,0.0291304096042844,17.9474225887878,5.0269791689954e-72,8.547335898268472e-71
4768,B3glct,36.954172989464205,1.2653888581821866,0.1028623484033642,12.301769090669536,8.86118304256299e-35,7.4175167178572425e-34
4773,Gm43597,28.59434382544249,0.6512460836976101,0.1318408763399472,4.939637097210991,7.826809843955862e-07,2.125029474380165e-06
4780,Rfc3,325.31864207288567,0.7737280172189696,0.0447352404982429,17.295716052970782,5.066948348065111e-67,8.04251145811282e-66
4781,Gm20559,57.87261135136647,0.528266168878625,0.0910243782069964,5.803568003258502,6.491840581973865e-09,2.0407611411010196e-08
4787,Col1a2,280.63152008412743,0.5208853459386238,0.0402472094497524,12.942148115608733,2.602494448501505e-38,2.3672376434490723e-37
4792,Pon3,356.0542624954463,0.5196980374193176,0.0448377999897951,11.59062303542096,4.597758821273234e-31,3.496061986786646e-30
4796,Slc25a13,38.321093544346375,1.4911912599911366,0.1102162032352332,13.529691789586538,1.0446068537797916e-41,1.0245024337464383e-40
4799,Asns,739.5366700732101,0.8000373146304088,0.0330701000562582,24.192164924490715,2.6899794586971316e-129,9.33883705302263e-128
4801,Mios,16.01723914013552,0.6821903788261263,0.1621607182836817,4.206878127122696,2.589226826176142e-05,6.156213523410342e-05
4802,Rpa3,18.373634561068165,2.0716652622271203,0.1877410543693723,11.034694937587863,2.5993210002664916e-28,1.817855794247368e-27
4814,2610001J05Rik,154.36756083885737,1.2873542491312664,0.0617488901529075,20.848216801037506,1.5820945563025645e-96,3.7565046222399306e-95
4835,Cadps2,134.44029625074842,1.0631025655663895,0.0571499962824294,18.601970861251598,3.097093227434727e-77,5.69969807473415e-76
4845,Arf5,42.06360750391382,1.8407154162416852,0.124086930790944,14.83407966099861,8.820534542297155e-50,1.0221028989571464e-48
4846,Snd1,121.85250762333489,2.719315911494192,0.0949608282720257,28.63618568810721,2.382315900826279e-180,1.335016126032167e-178
4850,Impdh1,299.8400271899584,0.974744103967235,0.0402257711717674,24.231831375090238,1.0278782986782845e-129,3.5899525028787856e-128
4851,Hilpda,32.495788747255816,0.5501722265568229,0.1124984307237902,4.890488009629427,1.0058628614438324e-06,2.7115511135720204e-06
4857,Irf5,230.2186393866621,0.9554650268703928,0.0453375383984045,21.07447957306866,1.3639723316441798e-98,3.3246587127125554e-97
4868,Tmem209,105.42777064151711,0.5142906468662696,0.0704802464234999,7.296947342891123,2.943699313226408e-13,1.1807316831049442e-12
4869,Cpa2,17.163149859620134,2.0564446552749467,0.2007411352551835,10.244261360088355,1.2558039617670131e-24,7.805332184620364e-24
4874,Lncpint,247.88640568349683,1.111875172520207,0.0489801090898328,22.70054504127282,4.4247620030057244e-114,1.2809759499731523e-112
4882,Exoc4,230.54931883830656,1.3251506328906544,0.0457459242113298,28.96762183159601,1.6836121270781287e-184,9.651971102209748e-183
4883,Lrguk,16.10186129101949,1.772210914405672,0.1904315440986457,9.306288634028228,1.3237722051750946e-20,7.144844221675921e-20
4887,Akr1b3,116.9699181948335,0.864230087004086,0.0628144896892284,13.758451135714404,4.5313087798696105e-43,4.580722123872829e-42
4888,Akr1b8,46.32015702709681,0.5674342832975301,0.1028331823914336,5.518007612927861,3.4286458324651695e-08,1.0268850243719361e-07
4892,Gm13861,57.15193524089568,0.5294507841869764,0.080437492258142,6.582139364661565,4.637265933256792e-11,1.6574706867268122e-10
4899,Cnot4,118.15857616078736,1.1162112471584988,0.0624767503908457,17.866026004483892,2.1690689426627328e-71,3.6630361950316e-70
4901,1810058I24Rik,51.66103098982983,0.6945417788440881,0.0860728956283172,8.069227528295093,7.0744322085793655e-16,3.205751547871065e-15
4903,Mtpn,239.95803337822747,0.7322160818790294,0.0757573047882446,9.66528685155452,4.2343199544009115e-22,2.4108372481312998e-21
4914,Ttc26,21.195593759026792,0.8447866551485343,0.1338867878265779,6.309708888100122,2.795608107788798e-10,9.52715254253875e-10
4919,Hipk2,62.41458791272915,1.1310575303190675,0.0909579161102695,12.434954302909388,1.6883732324521353e-35,1.440282363934205e-34
4922,4930599N23Rik,18.96672222169843,1.7345382053478735,0.1603518051368627,10.817079382844604,2.8573815489056928e-27,1.9286772127935095e-26
4927,Mkrn1,154.46862233709584,0.5051852821364159,0.0590052049617343,8.561707097942216,1.1120843514407308e-17,5.409267674269901e-17
4933,Tmem178b,118.78090102476874,1.4460333604137192,0.0758732254530043,19.058546038870947,5.580412040336163e-81,1.0866527490388676e-79
4940,Casp2,50.75051826319872,0.7044235422897852,0.0906822143890706,7.768045222930557,7.97066064082111e-15,3.4469646066558395e-14
4942,Fam131b,55.84425468240264,2.524486920658157,0.1116459033989443,22.61154994319323,3.336163550479549e-113,9.547234541503708e-112
4944,Zyx,23.83361403933691,0.9524466318283212,0.1314554853021618,7.245392838792846,4.3118758586668813e-13,1.714910371174039e-12
4950,9430018G01Rik,44.490294739302925,1.341448304363692,0.0982984049908099,13.646694516448225,2.1124538048630328e-42,2.1001622881433503e-41
4969,Tmem176b,57.06507259788949,1.2597076658130977,0.1087027943331783,11.588549066660086,4.710442214226599e-31,3.5801825952700036e-30
4993,Hotairm1,94.4289405477523,0.6568154061897445,0.0653791890398318,10.04624584421786,9.543403159985816e-24,5.763077972010838e-23
5000,Hibadh,29.932436690338527,0.8713066096955873,0.1116288266269041,7.805390740222916,5.931747411228517e-15,2.57609005439548e-14
5006,Gm15527,43.62937482538304,0.5433689165887675,0.0911705597517772,5.959916425523264,2.5236696750901413e-09,8.150947942451999e-09
5016,Mindy4,26.272294808361703,1.3236171273893524,0.1247129148723588,10.613312412303468,2.5842182422982152e-26,1.6995379444065395e-25
5017,Adcyap1r1,101.45727944867552,1.9744733894426123,0.0720480600053925,27.40494871471666,2.3943008245824164e-165,1.1888283410490698e-163
5019,Lsm5,11.917591046338202,1.4538264361808295,0.2067851569912809,7.030613112343115,2.0562794661631797e-12,7.911001884391149e-12
5050,Tacstd2,142.46740964602128,0.7650579215986696,0.0622975379143316,12.28070879222768,1.1498641698927122e-34,9.611430576925753e-34
5065,Polr1a,65.05489130076775,0.6287572530403691,0.079966170308085,7.862790610303839,3.756686978694563e-15,1.6454270084113802e-14
5070,Tmem150a,90.21184136039966,0.6930084166111511,0.0705684546786224,9.82037115262334,9.200417726883946e-23,5.355540418975731e-22
5083,Kcmf1,12.730033566048464,0.6683177451816242,0.1662714312667279,4.019438216716424,5.833707687288239e-05,0.0001338641969375
5087,Ctnna2,18.9596504585798,0.982260462357558,0.1472138001267728,6.672339559957602,2.5175722050898297e-11,9.142789829194739e-11
5100,Aup1,32.333532582023835,3.594559760993592,0.1845399449415073,19.47849156524318,1.6713141871028516e-84,3.4187398653554574e-83
5120,Paip2b,737.2526690015444,0.7557356558158026,0.0337356946799718,22.401662778400333,3.791600804523797e-111,1.0589746605968066e-109
5127,Rab11fip5,19.948466275947045,2.308346987660429,0.1663426049045017,13.877064081001162,8.724494099494011e-44,8.90225311276239e-43
5134,Tprkb,253.7795539493162,2.472543835744889,0.1021314418256957,24.209428473209027,1.7700910637005908e-129,6.157514382869042e-128
5135,Dusp11,41.714082695286415,0.6194545910820131,0.1119017705988223,5.535699638773476,3.099884118177803e-08,9.311406482523743e-08
5143,C87436,249.9902482076182,0.7262040461634299,0.0450828085980956,16.108225479858547,2.233416449268227e-58,3.091658608248345e-57
5168,Gata2,55.00428674496118,1.0121713892377495,0.086654674583596,11.680516880382546,1.6031768073404395e-31,1.2379337792790953e-30
5188,Nup210,27.981834576146987,2.3337956211776505,0.1514192009308343,15.4128116304331,1.342417593579576e-53,1.6990307785697063e-52
5191,Wnt7a,19.93621288584121,1.3739792284792316,0.1460158113387335,9.40979758207019,4.97093284139224e-21,2.716632723731074e-20
5192,1810044D09Rik,11.013042458241369,2.0334133348387207,0.2268459108824537,8.963852718034614,3.135276649721443e-19,1.616615427554595e-18
5193,Chchd4,17.851316698133765,0.5359260035649489,0.1469569443291648,3.646823265218028,0.0002655024026227,0.0005656694221159
5199,4930590J08Rik,298.8427912717511,0.6978418914011538,0.0374260135567282,18.64590494906451,1.3632787955798074e-77,2.5222104935631516e-76
5228,Gxylt2,309.9681633290043,0.5441589620592587,0.0381129565293082,14.277532146864774,3.0211176249821267e-46,3.262208052551952e-45
5247,Grm7,113.8993147823201,0.536772795935349,0.0620300913894732,8.653425843999994,4.9976120343683576e-18,2.4687750151635976e-17
5249,Srgap3,148.03559447908052,0.6062804027488784,0.0554025539369738,10.943185100069304,7.163805474232125e-28,4.9465452379127364e-27
5253,Lhfpl4,56.29895453716495,0.5221306992181782,0.0903867773658411,5.776627007121297,7.621297826591569e-09,2.384203527586391e-08
5258,Ogg1,90.86836827025012,1.7099776275686092,0.0955974807137739,17.887266639258108,1.4820197384851264e-71,2.5052027160348e-70
5262,Ttll3,139.24007834944783,1.4427269430642806,0.0669381299354736,21.55314085492121,4.947439170115659e-103,1.266137589673652e-101
5278,Sec13,92.197536447654,0.6682407435061377,0.0703232638962112,9.502413660611396,2.0508071515913968e-21,1.1342896552819698e-20
5291,D830050J10Rik,48.86455182050869,1.1874426255790038,0.0997011282926822,11.910021941709148,1.0494964045089479e-32,8.317700471933581e-32
5293,Cand2,25.578141091179283,0.6152368925286319,0.1326870072051379,4.636753104073391,3.5392474279022338e-06,9.08290445788251e-06
5294,Efcab12,93.46601091340568,1.3929225663393918,0.0854697524484279,16.29725752604555,1.0322084172684472e-59,1.4589885073929034e-58
5302,Zfand4,11.944756737183935,0.5908604564301494,0.1751441897091216,3.3735658454411,0.0007420129753998,0.0014965631449217
5305,Zfp422,892.1927525831759,1.2178829521537764,0.0322866691670482,37.72092270814815,0.0,0.0
5308,Zfp637,93.31291669984026,0.913583761614007,0.0715315250998752,12.7717640626063,2.357501455921146e-37,2.0994652720385147e-36
5315,Zfp9,51.43589160378774,0.6150971684473479,0.0897777597470425,6.851331222570527,7.31658870196954e-12,2.7422259762994657e-11
5329,Slc25a18,48.67485042397043,0.6020184183729022,0.0924340251846916,6.512952532035839,7.368780223234754e-11,2.600184282861618e-10
5343,Gdf3,110.46248583305878,0.5183593844936206,0.0633020355266928,8.188668503006388,2.64131940812396e-16,1.213948171012246e-15
5344,Dppa3,62.24897385204896,0.8021199364187623,0.0796137018526647,10.075149349331689,7.115261319660163e-24,4.3147103089435393e-23
5359,Atn1,71.24314407234615,0.64741665648531,0.0867109051460792,7.4663810208719,8.243043709765136e-14,3.398622327271984e-13
5360,Eno2,60.938434399647896,0.6028904475443281,0.0838588581477343,7.189347206257143,6.510182831570054e-13,2.569863338360202e-12
5362,Tpi1,182.2978435734175,1.348149704978052,0.0539846061993035,24.972854298517493,1.2059335176511884e-137,4.660090763996654e-136
5367,Ptms,193.33244380071068,2.0678733806172063,0.0840634836052553,24.598949412178893,1.2963081825823852e-133,4.7662571742712677e-132
5376,Iffo1,12.447978630333004,0.8820459834491604,0.2560408031626029,3.4449430424923424,0.0005711797357653,0.0011701563929609
5389,Gm28809,29.944049566043457,1.4675635971151233,0.1235956954262739,11.873905414372135,1.6173716832496955e-32,1.2766102217244423e-31
5390,Ntf3,25.87841354131771,0.940803506475494,0.1249752684182566,7.527917470254136,5.1555959258774415e-14,2.149048691609473e-13
5391,Kcna1,16.131472962914767,1.688503509395476,0.1727997920241093,9.771444106598766,1.4930846480890077e-22,8.622093852516642e-22
5401,Tspan9,27.06792633918638,0.543730225793957,0.1166774157160943,4.660115434138429,3.1603209760792708e-06,8.150055337542103e-06
5406,Rhno1,156.2566424853804,0.5054087449000119,0.0519261611727077,9.73321989312882,2.1759395256442175e-22,1.2511472798722345e-21
5407,Foxm1,14.863869770271515,1.1917890961517992,0.2253256046405257,5.289186278022533,1.2286171710390382e-07,3.543329481527116e-07
5411,Fkbp4,116.01437153181232,1.003304259849584,0.0629569129479246,15.936363663184618,3.543845876672175e-57,4.78035185283612e-56
5418,Magohb,122.64764304171553,0.5423328060317323,0.0615328775573803,8.813707851156455,1.21073319584462e-18,6.112589263377762e-18
5420,Ybx3,36.34890721030753,0.9326380537695286,0.1079369386756178,8.640582781140195,5.592700030496638e-18,2.754155866953812e-17
5423,Gm17088,40.26832208777736,0.7770905670389703,0.1316477654441606,5.90280104198638,3.573811700064938e-09,1.143462278478644e-08
5444,Atf7ip,55.19507309958029,0.5185378098763287,0.0893098663740216,5.806052913624788,6.396275523498875e-09,2.0125345698418195e-08
5450,Smco3,23.44646185884455,0.5473892643357147,0.1241667782206678,4.408500181609775,1.0408893319720152e-05,2.5687651200238288e-05
5457,Plekha5,109.9017937557227,0.5599305102222437,0.0572728857085448,9.776537418974591,1.4198503741052998e-22,8.210070444561102e-22
5467,St8sia1,128.95274504751677,0.5149233892192651,0.0579937388914997,8.87894795303047,6.7495678576856525e-19,3.4405226271934935e-18
5474,Casc1,157.48496857146625,0.6455822357573977,0.0515805862903876,12.515992589206109,6.104002280840341e-36,5.25595611415442e-35
5507,Resf1,25.119490289368983,0.8475531775261403,0.1309132730647952,6.47415772048298,9.5342272542227e-11,3.3419652571720273e-10
5521,Prpf31,92.4230630817652,1.4172791521994768,0.0764643048818993,18.53517343011871,1.0744281865106335e-76,1.9710667825797182e-75
5529,9430041J12Rik,82.69597682307611,0.983999182064922,0.070182941879111,14.02048924879559,1.1680662040981186e-44,1.219715866088796e-43
5534,Rdh13,93.59557340687668,0.5795318965853397,0.0635470061506435,9.119735636506778,7.530780345339552e-20,3.965149240440414e-19
5536,Eps8l1,30.20530586797208,0.7218958972236259,0.1093836464852407,6.599669332847049,4.120758423392922e-11,1.4786200906504394e-10
5543,Ppp6r1,22.046008985687852,3.373297695229,0.2220116063955036,15.194240292192758,3.861139792357099e-52,4.7288787281236493e-51
5550,Tmem238,45.67067142517444,0.5015930375114974,0.0956173747905287,5.245835692627508,1.5557550677183437e-07,4.453629980321171e-07
5560,Fiz1,12.99557258369573,0.9947799045647886,0.2092408147077244,4.754234521378323,1.9919970190540776e-06,5.222886121268913e-06
5574,Gm3854,87.47182970037329,0.520516985133588,0.0717748192337918,7.252083539745469,4.104086062684436e-13,1.6348802720106136e-12
5612,Gm38948,64.15855014613474,0.7156977966547184,0.0816523190448625,8.765186402868606,1.8646787833481655e-18,9.365308886510613e-18
5617,Meis3,15.02045414608507,0.5253483959598676,0.1765248751454067,2.976058731253194,0.0029197893901714,0.0054394537137261
5641,Mill2,126.15410784051532,1.298615231117059,0.0631294916681845,20.57065876504633,5.027843834339975e-94,1.1454282659461056e-92
5649,Sympk,185.83066541040083,0.668701645236755,0.0520982015006162,12.835407480022983,1.038551042959254e-37,9.334640318047383e-37
5655,Fbxo46,17.036171780830507,0.6908980703013411,0.1482692279061002,4.65975361211762,3.165881106667698e-06,8.161978687426723e-06
5660,Vasp,38.71085056711669,1.0686358465874115,0.1058355975871859,10.097130558620254,5.688223226302159e-24,3.4577730864316024e-23
5663,Gm26802,79.38621204026471,0.6327310812232696,0.0725232923772583,8.724522294601176,2.6730662676249337e-18,1.3337016579492513e-17
5685,Gm20512,86.67974100706357,0.7439991285527738,0.066770511205613,11.142630408530245,7.778734337734084e-29,5.524359496252225e-28
5700,Zfp114,70.23865103556601,0.5246830292972646,0.0784008894525284,6.6923096531316615,2.1967539839651424e-11,8.019486475187369e-11
5704,Zfp61,60.28294439809337,0.5641022145093045,0.0790093752959057,7.139687061144711,9.354363768839245e-13,3.666018703920179e-12
5715,Gm5893,156.581816948683,0.587472497143224,0.0568787228416559,10.328510694213051,5.236730996110643e-25,3.294792339357988e-24
5728,Prr19,11.919292461726885,0.6330881543556681,0.1723901246972667,3.6724154325395975,0.0002402686738577,0.0005146125658096
5735,Ceacam2,36.5834816538216,1.5631535139633363,0.1184825569106157,13.19311090781568,9.613466992185927e-40,9.056405553503585e-39
5748,Mia,10.839578385209348,1.840063446125568,0.36104568203303,5.096483735144715,3.460202771468358e-07,9.64716267815558e-07
5751,Itpkc,18.704812450996503,0.5269688395122019,0.1432884637524992,3.677678060827213,0.0002353667652599,0.0005047338482774
5753,Numbl,454.196854211306,0.6433322947491703,0.0416934981819114,15.430038802267664,1.0280838500709332e-53,1.3049850938846489e-52
5755,Shkbp1,125.29338322147468,0.8042480359370922,0.0570958785309091,14.085921026711388,4.6357520854938514e-45,4.866981165420895e-44
5760,Prx,74.19059717268519,0.7553923567331482,0.074430706736697,10.148934355888793,3.350013285935895e-24,2.0536064561129366e-23
5770,Zfp60,522.2575712187629,0.6365653287366999,0.0332245095897685,19.15951015068497,8.062846166505632e-82,1.5877885083600019e-80
5773,Zfp607a,158.32342447682444,1.390795970789673,0.0599031565763421,23.217407066307217,3.037668784430195e-119,9.590668763595914e-118
5780,Dyrk1b,309.2483764432927,0.8032308551307563,0.041600062821306,19.308404859412143,4.564537645602017e-83,9.217933034478791e-82
5781,Eid2,358.5013285873728,0.9846611878443156,0.0339286226737746,29.021549071174498,3.518635205467319e-185,2.023853939303117e-183
5783,Selenov,20.32729975022569,1.0277513073869224,0.1384366505939726,7.423982760181496,1.1364995940278874e-13,4.657163161231606e-13
5787,Rps16,10.746606649025772,1.7913872237484123,0.2400874642330758,7.461394244263173,8.561166382512437e-14,3.523949166613764e-13
5788,Plekhg2,101.75044783182923,0.8305504812310056,0.0664505292988895,12.498779016420642,7.580663116087739e-36,6.517799545494676e-35
5791,Med29,41.897643061511545,2.198274616469773,0.127966907874051,17.178461627230863,3.8498570972393227e-66,6.039181772339056e-65
5800,Fbxo17,35.221817580070926,1.1550272042369747,0.1177334294559711,9.810528832585486,1.0143555873635744e-22,5.890766136811854e-22
5808,Ech1,192.9602780632366,0.6412552224818342,0.0599868769326583,10.68992511815061,1.13462548668554e-26,7.515869624460507e-26
5824,Kcnk6,105.28062646026028,0.5283142697384102,0.0620037306879986,8.520685189039275,1.586121293598022e-17,7.667939502032268e-17
5839,Zfp568,160.95809326588557,0.7043879190438731,0.0577485898525235,12.197491243383007,3.2054842704466093e-34,2.6426291327030996e-33
5841,Zfp82,17.1490408748848,0.5730275264794208,0.151376385738465,3.78544859347777,0.000153431550199,0.0003356351270076
5850,Polr2i,49.40685534958018,0.9199197830200976,0.0936344613331201,9.82458562715847,8.823615479681971e-23,5.139638054140955e-22
5859,Aplp1,134.1691543936722,0.625349001980302,0.0538477173702473,11.613287108913328,3.527875827399797e-31,2.688404893743929e-30
5873,Cox6b1,51.923724802954574,0.5791281932908606,0.0866865766306999,6.6807136214185565,2.3778149061730943e-11,8.653280055290184e-11
5876,Haus5,50.15934559051708,0.5807834369749796,0.0892533063704949,6.507136380630184,7.659686852979583e-11,2.7011943033939333e-10
5877,Tmem147,42.21448138806512,2.054588007766905,0.1133619110074898,18.124147603961603,2.055030370968808e-73,3.5707945468837863e-72
5878,Tmem147os,14.425578276841325,0.8924556767632662,0.1627253775100009,5.484428368945813,4.1480851840905526e-08,1.235352504927036e-07
5888,Fxyd5,47.14791328562124,1.2704242193185566,0.1026601877275989,12.37504282273018,3.567039987690265e-35,3.0133966507739183e-34
5897,Gm12762,48.93926377516797,0.7685573154116316,0.1030731408201503,7.456426662622688,8.890054188963e-14,3.655872213431976e-13
5900,Lsm14a,15.222562654050014,2.7451503473529915,0.2299747521443304,11.936746628734944,7.614359878666976e-33,6.062268796957883e-32
5904,Pepd,243.74192535929055,2.2300261765401963,0.0564276571338011,39.52009156170287,0.0,0.0
5908,AC150683.1,597.0581085662619,0.8606534608931526,0.0486073088740662,17.706256133680796,3.752151310507059e-70,6.251672374714822e-69
5909,Gpatch1,60.68047088647266,0.544281034169938,0.0896162016598118,6.07346689648887,1.2517781371858296e-09,4.118555668279146e-09
5920,Tshz3,55.04938197819927,1.0138309832970405,0.0937884477706118,10.809763967697515,3.094652862062326e-27,2.0855997710758783e-26
5921,Zfp536,47.367512842144045,1.106000907219224,0.1091486596012207,10.132977457167549,3.9445181977956756e-24,2.406197520167414e-23
5923,Ccne1,30.367347539577207,1.6184163376335452,0.1307295247352523,12.379883893183964,3.358282799452794e-35,2.8384167133299366e-34
5924,D530033B14Rik,38.371767123295946,1.3937514483454716,0.1097965389663707,12.693947017513544,6.388336543012397e-37,5.631559396642391e-36
5929,Zfp619,39.16950242257248,0.5808029952963195,0.1020075557369874,5.693725245155769,1.2429704972180918e-08,3.835426668823815e-08
5930,Gm37494,25.53810178000853,2.292195010413384,0.1575850284187274,14.545766393001951,6.213108758197238e-48,6.945609970356733e-47
5932,AI987944,73.53864913523886,0.6635145933395065,0.0722272592539094,9.186484440825462,4.058898127554188e-20,2.157976710403124e-19
5935,2610021A01Rik,15.122557762458449,0.7042275733623167,0.163555903466244,4.305730080282065,1.66435899701224e-05,4.024202081011282e-05
5944,Gm17768,46.194569835404415,0.5331016479945722,0.0987697400361716,5.397418762055451,6.76064682400809e-08,1.9842464272282417e-07
5950,Etfb,15.643774425039895,0.6686406775714951,0.154604030584342,4.3248592875897085,1.5262925579550565e-05,3.705283005995365e-05
5964,Emc10,22.55205936552247,0.9484947972960256,0.1383480989816624,6.855857104489345,7.088620768306245e-12,2.658499736389956e-11
5970,Kcnc3,231.3462309415756,0.6482247318705517,0.0441261935668026,14.690248115083946,7.444072873505942e-49,8.468361751923076e-48
5971,Gm44832,37.595613781387065,2.3096479755616093,0.1424197755124153,16.217185901688683,3.812676637223824e-59,5.328574854333344e-58
5974,Zfp473,562.0523110406051,0.6640500731643124,0.0478206747761219,13.88625476894962,7.674453679752222e-44,7.844596993004206e-43
5975,Vrk3,158.92525659114892,0.8350797155921063,0.0662483540802659,12.605290005851778,1.9744500609095095e-36,1.7196759451039947e-35
5983,Fuz,376.68854632536056,0.7369242058646486,0.0392803943658066,18.76061118434534,1.5856573451095339e-78,2.977891833035448e-77
5997,Rcn3,21.196554206052777,3.2297828178479344,0.2037326972633224,15.853041074076948,1.339393201252132e-56,1.7896873242938474e-55
5999,Fcgrt,629.0789193323711,0.5082753175218341,0.0291602431402461,17.430421107165806,4.848760921190278e-68,7.810000493022567e-67
6010,Slc6a16,10.830324606591464,3.4518310611718594,0.2993351206577968,11.531660747280071,9.13640329316425e-31,6.878152768607627e-30
6012,Hrc,23.78800804401096,2.6432727043147715,0.1694846563772523,15.595941017994964,7.757189573726116e-55,1.0096512314480861e-53
6021,Dhdh,12.934755008441757,0.6995777085013376,0.1841396059003645,3.7991702278317554,0.0001451813513102,0.0003183468282126
6022,Tulp2,241.63120033364692,0.5945296762770307,0.0416728325556,14.266601039989473,3.5338746015128685e-46,3.804099231325896e-45
6023,Nucb1,62.9737488902372,0.7422363488793536,0.0806992585357641,9.197560948474027,3.661665085020557e-20,1.9497555484796288e-19
6034,Car11,105.640463977541,0.6550429187299277,0.0641392641077296,10.212822486234074,1.7373610549950875e-24,1.0744758149912843e-23
6037,Fam83e,71.84215247613615,1.212856783010724,0.0797845682567876,15.201646252031214,3.4484466944635424e-52,4.232361196557085e-51
6042,Kcnj14,13.44767922882096,1.4754070755606583,0.1880669992842638,7.845114141107638,4.325598732775901e-15,1.8893868349578545e-14
6044,Grin2d,50.3293052940517,0.6652816346867695,0.0892507813032983,7.454070709207149,9.050345295937953e-14,3.7200334390944966e-13
6045,Kdelr1,43.85305338608488,1.0746617047213949,0.0953027062331122,11.276297884896904,1.71825780615563e-29,1.2435962228272554e-28
6047,Tmem143,30.51152512335221,0.931602225403795,0.1118305659453729,8.33047939557835,8.051564738982783e-17,3.778077563539343e-16
6048,Emp3,41.59848182314716,1.0035203053938395,0.1036798229451486,9.679031820152192,3.7020510334488273e-22,2.111235124703736e-21
6059,Gtf2h1,54.67072524290621,0.6876713299011211,0.0873922825208242,7.868787838757499,3.580938541611433e-15,1.5712134164955704e-14
6061,Ldhc,71.803333285937,0.561259046474952,0.0732415972380846,7.663118605271278,1.814716120965265e-14,7.730841495033646e-14
6062,Tsg101,47.29507939167298,0.6575545041382828,0.0883497454538616,7.442630431591608,9.869992623010576e-14,4.050252682689623e-13
6069,Gm2788,19.594786927908142,0.8835465596178814,0.1428194447579475,6.186458441393111,6.15308962692207e-10,2.056300019520572e-09
6073,Gm45235,45.98431308939497,0.9274439265589788,0.0981747298024121,9.446870171433783,3.4911339136971634e-21,1.9181425551044822e-20
6076,Svip,21.97404235928518,0.5919005013029085,0.1289872863387429,4.588828233415774,4.4574100481986766e-06,1.1350634471070503e-05
6078,Tubgcp5,205.7194225909736,1.0472048760059496,0.0451409850091932,23.198538441123493,4.7105418567684016e-119,1.4845447283862511e-117
6079,Cyfip1,32.993170643133936,0.50725487246428,0.1096364127995854,4.6267007421297,3.715367466431452e-06,9.519468421782907e-06
6084,Herc2,54.818880366637934,1.2492953240581406,0.0916302101256822,13.634098648737966,2.5107376586275054e-42,2.4932840976957357e-41
6085,Gabrg3,56.63342543042092,0.5817557017648882,0.0821030175460263,7.085679907425573,1.3836328914749634e-12,5.361039135754927e-12
6087,Gabrb3,30.293449576524942,3.5936826883562523,0.216313802699278,16.613284235737055,5.58499930384819e-62,8.131609679821741e-61
6094,Gm9801,202.23421485387385,1.2861497476255923,0.0522616770037492,24.609806293306,9.919860315483483e-134,3.6627823215730123e-132
6096,Magel2,28.98723410942787,1.606662551422113,0.13826727715403,11.619976790548115,3.2622486762281813e-31,2.4914316358152827e-30
6100,Otud7a,14.4558690878625,0.5861673207791955,0.1564933529085055,3.745637178097274,0.0001799364903509,0.0003910273832693
6105,Fan1,79.2803442728994,0.8092597893018774,0.0740662940705759,10.92615473012263,8.64339327020653e-28,5.9469821521184125e-27
6116,Selenos,26.588648594863272,0.7505692278537043,0.1192515884067016,6.293997739417313,3.0939233184136794e-10,1.0525257777340151e-09
6118,Chsy1,197.31284221865573,0.9094651150630544,0.047947690944474,18.96786054027633,3.1444623714791947e-80,6.042082713356053e-79
6120,Gm44752,44.36332171122014,0.697257532776572,0.093492853733085,7.457869825721534,8.793247894125748e-14,3.6186239503854434e-13
6123,Asb7,44.24540695999824,0.5232430974439869,0.0930932103782906,5.62063651385265,1.9025518586676635e-08,5.8008526579531215e-08
6127,Lysmd4,17.04165070230125,0.5792076366715185,0.1516515843303128,3.819331260067449,0.0001338139610396,0.0002944617037442
6129,Lrrc28,38.61472925167734,0.5457642984030538,0.0969577643711866,5.628886989531714,1.8137617937735075e-08,5.5378837669734916e-08
6130,Ttc23,89.49577041225857,1.39977111958816,0.0739981386784702,18.916301741998048,8.372736930308644e-80,1.5930137469587233e-78
6133,Pgpep1l,75.556325831068,0.9846278493807316,0.0758983751373053,12.97297666253688,1.741341696143187e-38,1.5897382441269494e-37
6135,Gm16158,20.02160830223898,0.5284938268421481,0.1345360161803606,3.9282702271609033,8.555904231167094e-05,0.0001924526315704
6143,Fam174b,14.912879579300736,0.5502907078872303,0.1548422176937255,3.553880305277551,0.000379591932048,0.0007954224109334
6146,Gm7580,85.08166689675797,0.985957492107514,0.0756071321883344,13.040535509950727,7.194990850364808e-39,6.63461907619883e-38
6151,Ntrk3,64.99760614737484,0.9304104918519348,0.0789479752264342,11.785108980735506,4.6581725281651726e-32,3.6388449493887325e-31
6163,Polg,79.56921681027467,0.6897961239154683,0.089831000403959,7.678820460793486,1.6056007331316594e-14,6.85675314310673e-14
6164,Mir9-3hg,108.74295982716632,0.5207668400763029,0.0625786105043542,8.321802543699304,8.663555144359947e-17,4.055558395270082e-16
6177,Sema4b,31.303169913287643,4.581685542584284,0.2380016820842494,19.25064353521009,1.39420319911427e-82,2.7832959168572157e-81
6186,Hddc3,525.9581906490392,0.7485321501227423,0.0445569297147883,16.799455324102052,2.4629528776517724e-63,3.671885607503429e-62
6192,Iqgap1,47.58615120685162,0.7589716514359428,0.0914993255040292,8.294833292541822,1.0873758952732791e-16,5.072480487907577e-16
6194,Zscan2,177.85957599832665,0.963101412052622,0.0491973885601893,19.57627102248198,2.4641260947061238e-85,5.088245210727289e-84
6203,Ap3b2,18.228491744923573,1.866089770524984,0.1635713544803954,11.40841424498102,3.7958615896446046e-30,2.8055248424226536e-29
6209,Btbd1,30.491292923578023,0.9698914799885718,0.1148788756293258,8.44273130874012,3.100071488573671e-17,1.4822509164022478e-16
6218,Gm16638,76.47779553381953,0.6470626826465097,0.0702397173436041,9.21220510443056,3.19492892376982e-20,1.7027896416960372e-19
6221,Mesd,206.925523711647,0.7294637602467019,0.0484308360198604,15.061969195567151,2.8807682092478054e-51,3.455335743342791e-50
6228,2610206C17Rik,62.82470862855811,1.6894768467251804,0.0920112243521752,18.361638578557184,2.664448211747965e-75,4.7971077928040846e-74
6238,Hikeshi,67.88006367800179,0.798850924449131,0.1045828070801501,7.638453649813662,2.1984606829095142e-14,9.3268677657612e-14
6245,Tmem126b,21.76089558713648,0.7450515754260175,0.1343894907908554,5.543972010322659,2.956861212503136e-08,8.889456134466907e-08
6248,Gm26944,137.97439341843076,0.6655367782070576,0.0560494496928733,11.874100135753528,1.6136103430209462e-32,1.2742184439587246e-31
6255,Gm32647,13.831893940678224,0.8852607317839105,0.1627822283287631,5.438313143103027,5.3787379477288146e-08,1.5902775343069973e-07
6271,Capn5,22.859137511090367,0.5551251106498951,0.1410496347199714,3.9356720898426687,8.296418890824271e-05,0.0001868329091992
6274,Emsy,21.08866359750589,1.6056827410032155,0.1606433184262433,9.995328512467436,1.5975664094247054e-23,9.55797713129206e-23
6276,Uvrag,152.81485014509235,1.3562103060136208,0.077982220975932,17.391275716963655,9.607186251711376e-68,1.5403315730894744e-66
6279,Map6,47.6170167807952,2.561334883912106,0.1191126241199758,21.50347121336365,1.444676734418152e-102,3.670237044816261e-101
6285,Spcs2,47.343387287242,0.9663062700998662,0.0888360769101293,10.877408184936234,1.4770302855710051e-27,1.006714267380973e-26
6292,Ppme1,17.676024858382775,2.818291980603496,0.2011014468687453,14.01427997901445,1.2748466004837632e-44,1.329624569313646e-43
6294,Gm10603,51.5311319962723,0.6459435072326544,0.1083994788387064,5.9589170921549295,2.5391486866556674e-09,8.199422514551598e-09
6297,Mrpl48,13.215861181821596,2.013372769973921,0.2418133980217629,8.326142333075852,8.351937774960252e-17,3.911786389196648e-16
6307,Phox2a,29.849905504020075,0.536766849137583,0.110771804074359,4.845699260953281,1.2616651065167415e-06,3.37554489965824e-06
6309,Gm10602,214.18584688824575,0.5983710911446793,0.0438735095827614,13.638550843896676,2.362078482619019e-42,2.3469956553639827e-41
6313,Tomt,21.46942420208862,0.9221313361031692,0.1367086100431984,6.745232328905881,1.5278235248576414e-11,5.6222357244972496e-11
6315,Lrrc51,31.86373670457106,0.6005550224717925,0.1176602006805056,5.104147528207426,3.322889800721535e-07,9.28279441245336e-07
6324,Rhog,61.99994435242734,0.7203380804657847,0.0833183843029724,8.645607887046916,5.3519604141020736e-18,2.6378384077197666e-17
6328,Trim34a,102.68043370784062,0.8371091854949809,0.0641535019399639,13.048534533288038,6.478152257154603e-39,5.979938428903095e-38
6330,Trim12a,27.30320699472877,1.182426052103158,0.1237596903330731,9.554209847494832,1.245305440655644e-21,6.962843509703742e-21
6344,Rrp8,51.92740279337162,2.003603138524142,0.0992631156280271,20.18476979941198,1.3324684254681462e-90,2.9395265467163107e-89
6347,Tpp1,22.147262267600404,0.6565311043034758,0.1410961623847401,4.653075556465178,3.270203508442167e-06,8.417236264234247e-06
6348,Dchs1,56.34232073649767,1.2682121919287723,0.0849103841093864,14.935890412355077,1.9248566590260034e-50,2.2559786048086874e-49
6349,Mrpl17,396.5690886226194,0.6569078933333565,0.0490320455623764,13.397521677892604,6.251606557176926e-41,6.039523230514383e-40
6365,BC051019,13.30427911240699,0.6976015233042386,0.1712861326647762,4.072726218120141,4.646603281891866e-05,0.000107644559347
6366,Tmem9b,19.283047422452448,0.8220708839513724,0.1355508103875456,6.064669636434015,1.3222515514705643e-09,4.343045616100452e-09
6371,1600010M07Rik,12.36657181703581,0.6660997547917875,0.1880632794417547,3.54189162695148,0.0003972686541054,0.0008305659913327
6372,Ipo7,77.88596039282496,0.5109115477868593,0.0701888130494953,7.279102261304484,3.360488863482456e-13,1.3440461088293284e-12
6377,Ampd3,27.16594619094704,0.6131582321189617,0.1188495898439545,5.159111048881343,2.481251154182437e-07,7.013176307994083e-07
6382,Usp47,36.923122590922986,0.7867975650467092,0.103126618266265,7.629432422725802,2.357894897452836e-14,9.986243565688465e-14
6386,Parvaos,72.05958351503696,1.0797195239049024,0.0825075391680505,13.086313502887789,3.942848132773743e-39,3.6570493484822123e-38
6395,Rras2,32.38073945497336,0.6856609326883347,0.105700253850435,6.486842819304285,8.765369765322167e-11,3.079275635356475e-10
6419,Arl6ip1,21.24680194268153,0.7998122306121601,0.1356339178637063,5.89684529658623,3.7051693956707035e-09,1.1844037459234968e-08
6422,Itpripl2,46.3947082122282,0.9338490616856536,0.0978384108142542,9.544810201982548,1.3635705428767817e-21,7.612038386870087e-21
6426,Tmc5,25.236556512546496,2.7984261349294988,0.177704418948245,15.747645171077693,7.128680928827345e-56,9.433458711283447e-55
6432,Thumpd1,294.1875210973087,0.5072643227202814,0.043361902865856,11.698387044718704,1.2989907193103642e-31,1.0043837735643755e-30
6436,Dcun1d3,287.8542467279436,1.651853705716567,0.0436263065423691,37.86370739664418,0.0,0.0
6439,Tmem159,33.341040880501275,0.5779418620420915,0.1065261059205304,5.425354255164852,5.7839708819535776e-08,1.706178594989515e-07
6443,Uqcrc2,53.923430377622566,0.5832204231533594,0.0857537677661512,6.80110551811309,1.038193423606684e-11,3.8513484432987e-11
6447,Polr3e,69.79680266238087,0.5135875670768221,0.0738639946985186,6.953151791655294,3.5721396758425376e-12,1.3589882180873988e-11
6457,Palb2,61.05186812734403,1.4520064255166607,0.0849655759898594,17.08934952303456,1.7814994647704384e-65,2.762275148756156e-64
6466,Slc5a11,19.070701538018625,1.5074394691054012,0.1536585933247788,9.81031673197228,1.0164899941620704e-22,5.901195076034832e-22
6473,Gtf3c1,593.174308316853,0.8055129136827394,0.0360512230104463,22.34356691447976,1.3945141403851125e-110,3.827337391910509e-109
6489,Sult1a1,55.0680791251532,0.9463154783186508,0.0947533838459542,9.98714177698527,1.7351273620754176e-23,1.0373859233705104e-22
6492,Coro1a,20.109388569166057,0.6395458189209499,0.1352235158667454,4.729545854666163,2.250226285963187e-06,5.88048338757931e-06
6506,Maz,412.5905383741821,2.0575605959079666,0.0619342424188205,33.22169635973002,5.233809778381161e-242,4.5836601415892903e-240
6508,AI467606,260.3174034334027,0.5829461649603328,0.0554387075265779,10.51514710513158,7.35659123028219e-26,4.766195983693606e-25
6512,Mylpf,93.64641364354728,0.6440043410745845,0.0707740278243907,9.099444540199563,9.079498628540648e-20,4.757591764828815e-19
6519,9130019O22Rik,88.69725923208904,0.6514965682439595,0.0789484129156212,8.252180685890018,1.5553003187626894e-16,7.214738875537969e-16
6525,Fbrs,119.54049759559288,0.5268175127942581,0.0639393990999879,8.239325364481841,1.7318438977754535e-16,8.02088106575355e-16
6528,Gm28198,61.9425107637786,1.403289265702703,0.090099140705905,15.57494616162008,1.077437318801402e-54,1.3981815035049019e-53
6537,Ctf1,153.54978499963858,0.5136479086284752,0.0541074945144942,9.493100969420782,2.2426159518293494e-21,1.2384128900025951e-20
6544,Stx4a,80.50012982190168,0.971524020350776,0.0707551562138751,13.730787582661854,6.640768777572917e-43,6.686038027472028e-42
6551,Fus,23.72337516385712,1.4763090457084698,0.1537037227294229,9.604901036179427,7.623112600180028e-22,4.293975643049048e-21
6567,Ate1,293.2083148243972,2.682178744822684,0.0583700519065792,45.95128250212094,0.0,0.0
6573,2310057M21Rik,25.845442086463475,0.7579984666595255,0.1291680712313406,5.868311413444785,4.402557728879261e-09,1.3993758179629356e-08
6589,Dhx32,78.96549866341367,0.6041759713575218,0.0724556097591858,8.338567205017899,7.519608929557068e-17,3.5323920330005548e-16
6592,Insyn2a,42.57669258474354,1.8086000997079588,0.1277420778948044,14.158217319725614,1.66155830613552e-45,1.761413513341231e-44
6593,Ptpre,72.86278520825248,0.5556560318477605,0.0725346179525042,7.660563294227384,1.8511932781618932e-14,7.880458341916334e-14
6595,Mgmt,131.08435174975182,0.5543123075916632,0.0604372112204884,9.171705583326936,4.655931525145898e-20,2.467870274338282e-19
6598,Glrx3,243.5385287439009,0.6848296861153786,0.0412272680644333,16.61108577568301,5.793501921081032e-62,8.421113551342805e-61
6605,Pwwp2b,112.81011162885108,0.5669233702292398,0.0598769146674364,9.46814600214456,2.8485449577043838e-21,1.569040503251327e-20
6608,Cfap46,56.61898965327295,0.5965498364253108,0.0915986896828611,6.512645961320234,7.383840505851552e-11,2.604971099918641e-10
6612,6430531B16Rik,45.7470685405219,1.0070012933622825,0.1024185616103516,9.832214761943144,8.1799707811024e-23,4.769505880664189e-22
6617,Fuom,270.1354983367504,1.016991241667598,0.0520495637742174,19.53890038500881,5.127496877806806e-85,1.0537973536134085e-83
6621,Cd163l1,38.53986739628287,1.347621204851418,0.1133533360718522,11.88867704782142,1.3553640470174683e-32,1.071260073080292e-31
6622,Olfr46,66.73118611354393,0.6111326060087516,0.0824807411052041,7.409397609912992,1.268743866380708e-13,5.182017366600181e-13
6642,Sct,38.79483101637448,0.508769896941465,0.0991036079485912,5.133717202358396,2.840748448386763e-07,7.992987400465693e-07
6643,Drd4,32.05218919788953,4.134901471920241,0.2259362649080786,18.30118539669809,8.096789475251955e-75,1.442851196060236e-73
6644,Deaf1,48.65231058636667,0.5118824492902837,0.0932844651391017,5.487327911748078,4.0805922327260884e-08,1.215459945854559e-07
6662,Mob2,10.155194902265752,2.564497144862269,0.2695923538588,9.51249955035978,1.8613531421838226e-21,1.0314678080120718e-20
6667,Tnni2,24.392009632586262,1.3004616296071905,0.1303015356937512,9.980401402664022,1.8571394908925025e-23,1.1095724047745812e-22
6674,Igf2,454.7727975533501,0.5364433740698162,0.0399440768364984,13.429860358661402,4.041729193346727e-41,3.917644960047094e-40
6675,Igf2os,243.3379342493946,0.9528460143395788,0.0469429666582599,20.297950516766484,1.3406063449743491e-91,2.991560484022145e-90
6683,Slc22a18,17.55853679983557,2.379042609948842,0.1967751453417948,12.09015806247526,1.190574508436934e-33,9.673348500251228e-33
6684,Phlda2,222.15525564492344,0.9297192056420812,0.0683484619177222,13.602635371096936,3.862602381952516e-42,3.8140189412276736e-41
6685,Nap1l4,144.02315094605237,0.9879870123499318,0.0580515345372976,17.01913687940769,5.923740523877138e-65,9.111999104159821e-64
6688,Tnfrsf22,270.1094533523185,0.5419184592969645,0.0439231899379115,12.337866627241874,5.663672662792111e-35,4.768429331745939e-34
6689,Tnfrsf23,40.16763317470669,2.5567317949853523,0.1386813633207569,18.436015725284395,6.753837430410505e-76,1.2273814258310146e-74
6692,Dhcr7,16.75343619167955,0.6815000642763837,0.1460360334747088,4.666656906936663,3.0613988191666072e-06,7.903134146116965e-06
6695,Ppfia1,24.438556953366756,1.3257375867138228,0.1279635122639022,10.36027820164644,3.758672051812368e-25,2.3759933449033716e-24
6698,Fgf4,13.837540768961109,1.0693030714584624,0.1734607633973074,6.164524187001594,7.069539121183626e-10,2.355341766468901e-09
6704,Arhgef18,104.32400689743493,0.525879633955245,0.0738629918148867,7.119663325758438,1.0819101332984232e-12,4.222017421210237e-12
6708,Mcoln1,18.78875302056796,0.8606213835615976,0.1584932678257858,5.430018545062644,5.6348196211681923e-08,1.6639043774605094e-07
6718,Prr36,14.086020187583276,0.6864608577154684,0.1576209673896989,4.355136686975638,1.3298391050314751e-05,3.247818935326311e-05
6721,Snapc2,65.15916794837717,0.5151649402627861,0.0770902198835053,6.682623827526711,2.3470149280295333e-11,8.548333576948529e-11
6729,Shcbp1,35.16082586335779,0.5313662745944798,0.103897815646671,5.11431613154906,3.148796324069551e-07,8.817034436999377e-07
6730,Gm31135,909.9959253911368,1.1883626286946398,0.0478291960211468,24.845967056799893,2.858888638223068e-136,1.0855056903475304e-134
6736,Tnfsf13b,305.31031798483826,0.593289107383172,0.050925875318202,11.650052231328402,2.2931822627331115e-31,1.7613741945752612e-30
6747,Sox1ot,16.56965179304273,0.5281822761424286,0.147655917689455,3.57711552918105,0.0003474066560164,0.0007311439682471
6748,Sox1,14.297931896733472,0.831970900554121,0.1708769869896896,4.868829414719961,1.1226126174612272e-06,3.014621370895881e-06
6749,4933439N14Rik,10.499620635733791,2.8395573484713834,0.2680300330399414,10.594176019253178,3.171213689152649e-26,2.075400382071062e-25
6750,Tubgcp3,102.73167232280406,0.7477262647563688,0.065131616925024,11.48023494667897,1.6582928692343377e-30,1.2393108115358507e-29
6793,Slc20a2,113.89018934180768,0.5970146380700153,0.0584473537065137,10.21457089516578,1.7063243608397996e-24,1.0556556961560537e-23
6797,Ikbkb,102.03248564673156,1.269025190806643,0.0746026070131737,17.01046708170066,6.868797602354229e-65,1.0556384886581085e-63
6799,Plat,46.41668428989802,0.9585385899893898,0.0943268117893641,10.161888987935354,2.9333721605374825e-24,1.8020024678832306e-23
6801,Kat6a,43.33145970587898,0.6289198573518607,0.0961464220808983,6.541271570383376,6.099794954508117e-11,2.161594682130286e-10
6803,Gpat4,447.5632729806832,0.7643906503695251,0.0381540197186093,20.03434123080613,2.764731929684012e-89,5.985558766525833e-88
6823,Ash2l,23.907370142537225,1.7418184570158148,0.1403053817136348,12.414480725841935,2.1809727983885237e-35,1.8577709643360312e-34
6824,Kcnu1,23.30605535501824,0.9167268560676816,0.1285728553601181,7.130018645848942,1.003553316787171e-12,3.9285550774858086e-12
6854,Tex15,62.81071436748184,0.6302694264798137,0.0755631228006794,8.340965845764995,7.368617808446822e-17,3.4642641263990083e-16
6858,Gtf2e2,593.5531859066801,0.805290431115524,0.0347224973118847,23.19218067416744,5.460534740530951e-119,1.717801434259448e-117
6860,Rbpms,27.271955730459823,0.6462562468150292,0.1210763319833205,5.337593534829396,9.418831616056215e-08,2.740423996738359e-07
6862,Dctn6,148.79388501764984,0.682523065377214,0.0517387415581511,13.191721422333025,9.792333126522864e-40,9.219923378122123e-39
6869,Mfhas1,56.57706830393656,0.5928620095925133,0.085103450316604,6.9663686652765895,3.252262173195736e-12,1.2410866029002689e-11
6872,Gm38414,86.39243003504107,1.5445794523393108,0.07459840607943,20.705260789281358,3.105495707624179e-95,7.20673491244663e-94
6877,Tusc3,48.92982550178037,0.5690743054584413,0.088689492576258,6.4164794377319625,1.3946177663095362e-10,4.830166619881278e-10
6892,Frg1,38.98898047009103,1.226535315262032,0.2306467023447015,5.317809891896805,1.050237150640593e-07,3.04500633195213e-07
6894,Triml2,96.99119618519887,1.3236658020803211,0.0771490332965433,17.157257136229436,5.547229614928028e-66,8.670593518292886e-65
6899,AY512931,10.57235633921352,0.7751423604193448,0.1993847488041497,3.887671274099034,0.0001012105684144,0.0002257355754193
6905,Pdlim3,600.2707083838104,0.6333507308195578,0.0371915040194658,17.029446577047956,4.967175235895127e-65,7.654105217610987e-64
6936,Sap30,59.88966429237546,1.4492138445517655,0.096487447622521,15.019713758222649,5.454273386488054e-51,6.479691655058883e-50
6941,Galntl6,108.97705775547144,1.1107775149492436,0.0738333443153657,15.044388483945127,3.757900460447302e-51,4.48887520388455e-50
6944,Hpf1,75.15406601061333,1.1593152605981751,0.0756018957669615,15.334473412832104,4.4990637077353185e-53,5.640984338015189e-52
6946,B230317F23Rik,97.13409697397589,1.4433413268444568,0.0710150295443244,20.32444872734421,7.816198371405496e-92,1.748661170948074e-90
6962,March1,57.75761921941192,1.7599243966363889,0.0965201614341138,18.23374899593117,2.7855478900793337e-74,4.908511511788003e-73
6964,Naf1,106.43056205831417,1.083307740004522,0.0634399583188778,17.076110525787676,2.235317758547057e-65,3.4597795644723014e-64
6966,Psd3,290.11734660785794,1.342941365777589,0.0521516751866907,25.75068511165125,3.1669744577521907e-146,1.3331891509590623e-144
6974,Zfp930,107.71088918525648,0.786246786258237,0.0621070860723097,12.659534297629571,9.908538839275252e-37,8.686419260105086e-36
6976,Zfp868,193.09125571738457,0.7181915903463564,0.0501584179538358,14.318465765952917,1.6778654967322138e-46,1.824194627389209e-45
6985,Cilp2,196.8461482957869,0.5791496369538189,0.0523882621592836,11.054950347330584,2.074515899207789e-28,1.4572617126720414e-27
6987,Ndufa13,63.3667101760025,0.6448876741303642,0.0791113980166365,8.151640475304829,3.5902031229195303e-16,1.6413971675299469e-15
6997,Tmem161a,63.29801503521968,0.5188294488824174,0.0787273340730161,6.590207263988212,4.3921299035943e-11,1.5727561117699088e-10
7011,Uba52,22.03691411586816,0.6281894747352231,0.1364703787221994,4.603119597212904,4.162090567367225e-06,1.0623449678980082e-05
7016,Ssbp4,35.1024761823863,0.9821023534571298,0.1152267268486724,8.523216620974813,1.5518216191261246e-17,7.508369566388143e-17
7021,Gm3336,210.97941192121863,0.6683717848819498,0.0713211957087943,9.371292478198535,7.164968897244075e-21,3.9010021224982737e-20
7023,Rab3a,1037.0288095463052,0.5452970390398373,0.0309792279510156,17.602021583690213,2.3768651669023305e-69,3.919016663081724e-68
7026,Pik3r2,175.33536592735678,0.7638736681497138,0.0549247566742272,13.907638638809884,5.692806731321185e-44,5.832700512255474e-43
7050,Plvap,380.6342502893444,0.817686727848296,0.0392533139632084,20.831024066266124,2.265648316783968e-96,5.364907454471601e-95
7053,Pgls,88.85042332027652,2.539658727341963,0.0934421966566341,27.17892791705527,1.1527394026408806e-162,5.611715728833874e-161
7063,Gm26586,303.5263498461593,4.069184092858918,0.1108387817889763,36.7126381865704,4.590771726984605e-295,5.839997785247277e-293
7076,Med26,199.4239345682396,1.3543413812059992,0.0518815772051225,26.10447588845231,3.24324046605474e-150,1.4166214246216044e-148
7077,Smim7,17.754035469369306,1.3277746435409985,0.153636498032822,8.642312605025273,5.508645984762682e-18,2.714296924581397e-17
7082,Hmgxb4,89.2437390317957,0.7848166917423305,0.0689416694998626,11.383778452651104,5.036910906888872e-30,3.7117667351060985e-29
7093,Gm45285,79.53258363424898,1.8367959579192188,0.0855854086295903,21.46155503993426,3.561896545925037e-102,9.009685486557554e-101
7115,Il15,297.80260248174443,1.967137472830955,0.0507376369327786,38.770774355084335,0.0,0.0
7145,Zswim4,156.85878172792087,0.6748077123852878,0.0550910299117137,12.248958014883764,1.7016821394641964e-34,1.4149292140544857e-33
7159,Gcdh,805.0052513251352,0.8021717797497412,0.0308419273189584,26.009132680130804,3.903898058894302e-149,1.6924660539902962e-147
7170,A230103J11Rik,18.77775416817148,1.2316779488690632,0.1592884349784102,7.732375228848242,1.055582608516784e-14,4.534556002275206e-14
7173,Wdr83,19.229460751338497,0.5964789793089013,0.1483143774340464,4.021720548125201,5.7774577128388285e-05,0.0001326083669423
7177,Orc6,263.64489356054065,1.576894107840519,0.0475470859576747,33.16489488428862,3.4545447211379906e-241,2.9953137014921847e-239
7181,Gm39214,11.751552666510833,0.5026960369665762,0.1744514662308573,2.8815810369936483,0.0039568547163334,0.0072467490538314
7189,Zfp423,79.68275077987067,0.6165174714647448,0.076965238147566,8.010336696193823,1.1439482337778873e-15,5.130398820967837e-15
7191,Tent4b,140.583695496353,3.370605659675713,0.0842853742159812,39.99039799050472,0.0,0.0
7196,Cyld,47.54713525772535,2.5430078557327978,0.1530785800632728,16.61243431106874,5.664704797446504e-62,8.24077422453236e-61
7201,Rbl2,509.1281826125257,1.6129047511645505,0.0470351153614122,34.29150197190298,1.0505119616777472e-257,1.089781099292844e-255
7205,4831440D22Rik,532.1169931890387,1.1409856622895151,0.0412651424459672,27.650108412530653,2.782426150807871e-168,1.3974675203538783e-166
7212,Gnao1,140.2581763171452,0.9299355840974646,0.0674710583514452,13.782733023892831,3.2377856176258294e-43,3.282613597672074e-42
7228,Arl2bp,10.146218471335306,1.4603516492945037,0.2060660006722264,7.086815120061334,1.372335176726862e-12,5.318447289303036e-12
7249,Gins3,20.15542737039899,0.8642177134259393,0.1890760370228631,4.57074162878418,4.860011863809827e-06,1.2330803139099965e-05
7255,Sap18b,45.713181371893576,0.7034828429403438,0.1306079866876517,5.386216117263328,7.195643512339109e-08,2.1097859208116757e-07
7267,Pdp2,46.61738570960981,0.81369249081169,0.0896631010749898,9.074998310968043,1.136792646585563e-19,5.945985067434932e-19
7268,Rrad,36.222046108961614,0.7110830973101269,0.1024918315295032,6.93794897308899,3.978333498366457e-12,1.5092380541909145e-11
7269,Ciao2b,202.40131437614204,0.7199094098070492,0.0455237503578505,15.813930182553614,2.494103211263952e-56,3.3155782430135884e-55
7274,Fbxl8,65.36780897833664,0.6968733221093784,0.0789254119631761,8.82951770254319,1.0512804675863972e-18,5.3183500694036965e-18
7286,Zdhhc1,116.80115668574436,0.8388880098173128,0.0856895275358695,9.789854535796747,1.2447483381034106e-22,7.207134231384133e-22
7290,Ripor1,117.66824478261448,2.712903149230819,0.27045659992753,10.03082620264306,1.1157899754889557e-23,6.717094194411578e-23
7293,Carmil2,24.5525343084966,0.7350737708424112,0.1273335288797751,5.7728217957145285,7.795487467129495e-09,2.4373834872108508e-08
7295,Pard6a,1159.2040111444403,1.4413035870213695,0.0401083521759568,35.93524811735765,8.604366323620449e-283,1.0132222722166024e-280
7311,Dus2,12.239526453827343,2.216654434933299,0.2310068807653269,9.595620821291174,8.341340955866101e-22,4.6924754738164746e-21
7314,Esrp2,75.8622865963361,0.7801436398997906,0.0754530854949893,10.339453115560111,4.6719602978003105e-25,2.941579626808663e-24
7315,1810019D21Rik,82.0435714642505,4.607857417857037,0.150771850013714,30.561788672341105,3.942720650282589e-205,2.6841302927001935e-203
7316,Pla2g15,184.42052729031744,0.6283946050412655,0.0542585122376688,11.58149346758174,5.114713214203439e-31,3.884061956302289e-30
7319,Prmt7,35.93408998298536,1.622364573665131,0.113027937847897,14.353659852207205,1.0106020176107524e-46,1.1042490258884133e-45
7324,Tango6,50.05364240762442,1.1662481970058636,0.0887871863612944,13.13532103900832,2.0661331456688936e-39,1.928686045137519e-38
7325,Has3,195.93624411486607,0.8995831421428486,0.0465940159051738,19.3068385428215,4.705065853415989e-83,9.490727742284013e-82
7330,Terf2,104.96111212569772,0.8304207492260519,0.0605524301132805,13.71407799278267,8.362262650026451e-43,8.414406089183659e-42
7331,Cyb5b,244.82840205662052,0.6238944323483511,0.0462649173747646,13.485259841589084,1.9099143339937035e-41,1.8605917838369067e-40
7335,Wwp2,468.9711206266937,0.9257187541314564,0.0391589866020618,23.64000793837486,1.4955072397147023e-123,5.002629591890179e-122
7342,Pkd1l3,784.2344886669961,0.5082918429605171,0.0300482267566876,16.915868183382585,3.4371394826651297e-64,5.199866918740267e-63
7350,Cmtr2,228.7496135348333,1.0329943074048809,0.0579750160122061,17.817921899105507,5.130738751057719e-71,8.631130787010998e-70
7351,Hydin,62.81986494322517,1.6866894779810064,0.0845138509041492,19.957550862212543,1.288754156175808e-88,2.7592638125100714e-87
7355,Cog4,27.02088641951741,0.8351275830831398,0.1482690375238688,5.632515035033518,1.7760035677323933e-08,5.427352302023524e-08
7364,Glg1,70.34026588918371,1.46064429636336,0.0931066818474684,15.687856847441449,1.8313488891157924e-55,2.4015612068856303e-54
7366,Mlkl,662.5300843354049,0.8676159845342417,0.0421031448789308,20.6069163486268,2.3791391533536332e-94,5.45574173219041e-93
7378,Cntnap4,29.664245084684413,2.990713001971193,0.1782897153334869,16.774456094548874,3.752794512028136e-63,5.5852863155957615e-62
7383,Wwox,23.985858947977334,1.0681788945543358,0.1276215026932595,8.369897486019436,5.766838104294773e-17,2.7236979534322314e-16
7385,Maf,18.85991101596216,1.2333514374929853,0.1538516470558144,8.016498107722885,1.0880260192190375e-15,4.8884035738461936e-15
7387,Cmc2,334.19332596410584,0.8013473567130351,0.0458195064409477,17.489218434637944,1.731151179625804e-68,2.809171579005448e-67
7389,Atmin,21.63822230912641,1.4942353459237765,0.1488046508556877,10.04159034903352,1.0004793307603169e-23,6.03751862066856e-23
7400,Mlycd,187.1032929909603,0.5886926185909629,0.0466843960657025,12.610051070650034,1.858725335336745e-36,1.6205035089669234e-35
7401,Necab2,14.7655400738961,0.5677445326004525,0.1608586617328606,3.529461991566925,0.0004164055134164,0.0008686994598781
7403,Hsdl1,15.091038424622216,1.66059109262085,0.1997484539848083,8.313411490770008,9.298938174242571e-17,4.349487238344056e-16
7405,Taf1c,82.06687603917119,0.564682103456929,0.0783553816806473,7.20667925221016,5.733283574438582e-13,2.2678090362077985e-12
7408,Meak7,24.211804915084027,0.6073786661646206,0.1226942933194764,4.950341615180936,7.408332690918361e-07,2.0145486368751004e-06
7413,Zdhhc7,221.28973969204043,0.6827204660029444,0.0513368211686807,13.298845749714143,2.350691531200255e-40,2.2448138085346876e-39
7419,Gm26537,11.57243672822733,2.844382761347346,0.2721942579270165,10.449826469557673,1.467935702231126e-25,9.419434248337286e-25
7428,Gm42047,60.47603753649697,0.6147342848289142,0.0779498921726824,7.886274986334723,3.1134015518504032e-15,1.3698652422531894e-14
7432,Banp,97.61042172125975,4.627817296320507,0.1413222940722174,32.746548070863014,3.399989315636058e-235,2.80829449255475e-233
7442,Aprt,12.65056564529264,2.03868999185504,0.2326778205659722,8.761857863788094,1.920583497858276e-18,9.64053260388077e-18
7443,Galns,14.7337909773545,0.8704968673481892,0.1628904460837213,5.3440633768095696,9.088576714859606e-08,2.646102823029957e-07
7455,Cdk10,165.67309583560672,0.604350206049718,0.051657581055283,11.699158065550003,1.2872428679632411e-31,9.957420640418717e-31
7460,Spire2,228.0416020179488,1.1039963714847727,0.0488717181915874,22.58967788193723,5.474536050668158e-113,1.5641018736236832e-111
7467,4732419C18Rik,21.94308792480253,0.7942977869870835,0.141969076912762,5.594864770975219,2.2079379461678723e-08,6.699154339452242e-08
7476,Abcb10,366.7023548047754,0.6025555413544705,0.0359016240935944,16.783517642088484,3.2217377737052087e-63,4.799012471806357e-62
7480,Gm15775,110.2156056769443,0.662965508096468,0.0612781216017748,10.818959373540366,2.799377173859054e-27,1.8909901312409145e-26
7486,Trim67,13.883734952204252,1.4462099965795014,0.1799662984840016,8.036004567311053,9.281528651517192e-16,4.176568069678327e-15
7488,Gnpat,49.62342969762312,0.7211025787584444,0.0906219580512248,7.957261068568337,1.7588933419928059e-15,7.83789137413721e-15
7489,Exoc8,39.870073612658224,0.9948340464450868,0.0974909903846265,10.204369065492264,1.8954907432404576e-24,1.1706099458963393e-23
7496,Ntpcr,24.36504230956967,0.6396515094150039,0.1216328431034507,5.25887164267771,1.4494201250238497e-07,4.158790572755294e-07
7497,Pcnx2,103.15432979028095,0.6795745169391355,0.0609688948221897,11.146249557599042,7.46884624338321e-29,5.308607354391623e-28
7509,Nrp1,34.161080500565966,0.9396531707506351,0.1053716750587366,8.917511942624532,4.768808440132723e-19,2.4444351027833264e-18
7513,2610044O15Rik8,42.21417388336554,2.5211195544229548,0.1189636436636449,21.19235319952968,1.123401382471229e-99,2.7771119565544083e-98
7519,Gria4,67.1300049712925,0.6817640001902742,0.0792432318913987,8.603435068431061,7.736502912796461e-18,3.790603676250119e-17
7525,Birc3,39.37203072407206,0.5413675841352112,0.1215798825573256,4.452772718216379,8.476846986895779e-06,2.110492704108852e-05
7533,Gm16833,84.19288770988699,0.5039834729792316,0.0709185755317197,7.106508685496868,1.1901517194058429e-12,4.633005174403625e-12
7542,Cwc15,129.24084412153098,3.11813706559328,0.0803341909961757,38.81456982297509,0.0,0.0
7560,Zfp846,10.234749065652414,0.531334788888253,0.1895742049525006,2.802779993308601,0.0050664217545261,0.0091557028554418
7571,Dnmt1,27.984474016520213,0.84410970713803,0.1157258702974723,7.294045013169946,3.0078487114757684e-13,1.206184706479514e-12
7579,1700084C06Rik,17.165987564204507,0.8160379969688992,0.1576994498704851,5.1746407336176015,2.283499375614869e-07,6.469976770966661e-07
7585,Atg4d,25.092269512288865,2.022828544454893,0.1492295345898936,13.55514878481626,7.386223143787058e-42,7.272717341803437e-41
7590,Ilf3,176.5854395303989,1.939362752925484,0.0602120422925347,32.20888511808428,1.3253552109419906e-227,1.0357977854841711e-225
7592,Qtrt1,47.98503780653585,1.2894400283830931,0.0930802472653509,13.852993156616664,1.2201965181734522e-43,1.2428746299665064e-42
7611,Ccdc151,49.224517551011104,1.213494848520955,0.101033176723126,12.010855125801378,3.116061201543223e-33,2.5014608300550567e-32
7612,Prkcsh,273.28464794786026,0.8063086506391092,0.0417928970234656,19.292959044844107,6.1547738344185706e-83,1.2386304663538895e-81
7613,Elavl3,39.83868763201465,0.986561185420542,0.1018752361907604,9.68401372413228,3.5259518922733963e-22,2.0127838053894776e-21
7617,Cnn1,57.364420244599614,0.7197890174780767,0.085350660950072,8.433315096401364,3.3600839859750536e-17,1.6044390747743691e-16
7630,Gm47772,78.71448269762797,1.031723307042698,0.0724869058445163,14.233236955316224,5.698193728164307e-46,6.085056390591149e-45
7631,Dpy19l2,79.61117891827978,1.4601980279180586,0.0751116988073002,19.44035418056793,3.517292002225771e-84,7.177911594237792e-83
7642,Jam3,17.169351752820173,0.9280195793558365,0.146192385227515,6.34793377173227,2.182259841927497e-10,7.482279072420305e-10
7644,Igsf9b,52.78799741743863,1.1636552945141836,0.0908108085057445,12.814061604137937,1.3678312903275972e-37,1.2262635662463664e-36
7646,Snx19,17.39095482364126,0.6420683037412002,0.1511707813502734,4.247304260824599,2.1635804656017156e-05,5.1795165322124576e-05
7648,Adamts8,311.014966357501,0.9308076889999708,0.043294919589766,21.499235887713574,1.5827232731157609e-102,4.0150947894994877e-101
7650,Zbtb44,82.22531746069453,0.6317240168432722,0.0688730887776093,9.172291065427654,4.630707033935696e-20,2.45524679608857e-19
7651,St14,19.835565773550343,2.496000605603213,0.19202916716255,12.99802859369995,1.255378343402844e-38,1.1509065633258687e-37
7652,Aplp2,38.15735415746396,0.608666028073555,0.0970908091672644,6.269038576297862,3.632841306895338e-10,1.233213056029839e-09
7653,4930517E14Rik,16.284427907375523,3.974393620689908,0.2787801967742891,14.25636995266104,4.091926554026816e-46,4.3993890181110026e-45
7658,Ets1,20.37226086688744,2.3054756198853066,0.1691859833709396,13.626871292467294,2.772123529133557e-42,2.7481552255824585e-41
7659,Kirrel3,10.354968203247871,2.3238516293716422,0.2501269197276647,9.290689830194308,1.5329155822539466e-20,8.248117557123121e-20
7661,4930581F22Rik,10.749423983903114,3.941280388026499,0.3510948988376884,11.225683999039124,3.050170364143397e-29,2.189389172417262e-28
7676,Gm26787,38.19012482009582,0.6467809480809666,0.1047979282851792,6.171695935829255,6.756133697226942e-10,2.2530787997564332e-09
7677,Ei24,79.0211949504774,0.8866887013022703,0.0847319625835305,10.464630751685402,1.2556513606595862e-25,8.066159938656568e-25
7682,Gm34885,77.66316319527913,0.7439376119449795,0.0739767866450531,10.056365593634869,8.611905904675782e-24,5.2095902848555894e-23
7688,Tbrg1,53.05173934673347,1.1389110759512882,0.0888705137433214,12.815398808661405,1.3444532911145069e-37,1.2059254738828422e-36
7697,Scn3b,68.54070406339915,0.7968488835147018,0.0777478398553502,10.249144992288374,1.193949732423511e-24,7.43148426309891e-24
7703,Hspa8,19.043669176123345,0.9173042140208748,0.1471078892832572,6.235588169269421,4.5008376021142846e-10,1.518401040062868e-09
7706,Gm48742,13.726054827268012,0.500033101707096,0.1656891432956953,3.017899011130243,0.0025453371178883,0.0047894769262101
7707,Sorl1,109.80437165452594,0.6272897831624554,0.0610520293616736,10.274675382965176,9.16524581540013e-25,5.7292648518935966e-24
7708,Sc5d,24.886183924656493,0.7822957964360663,0.1364329099580387,5.733922971200047,9.813391266886237e-09,3.0453665063976734e-08
7710,Grik4,217.82156414453712,0.6525016829688661,0.0493825582444671,13.213201303558888,7.362530097029289e-40,6.947167002221249e-39
7720,Rnf26,169.58408886482894,0.795349128796687,0.0556980296248679,14.279663646154926,2.9301223110906423e-46,3.167876652462017e-45
7723,Mcam,53.70219083177837,1.5146791373987445,0.0982653298581293,15.41417649119545,1.314356339257935e-53,1.664724002949658e-52
7726,Hinfp,73.00977176341175,0.6864102272494891,0.0761393891620897,9.015179065703045,1.965490999374535e-19,1.0194814624136726e-18
7741,Ddx6,70.05143813783039,0.5304801327797201,0.0833808915895825,6.3621307312333535,1.989739718530824e-10,6.838332442231354e-10
7742,Phldb1,324.8536773210363,1.1252186912972706,0.0459068291186395,24.510921640641023,1.1297819711078424e-132,4.0850290855741654e-131
7745,Kmt2a,34.9969250882701,0.5340818285553727,0.103808550381959,5.144873197730265,2.677015693948121e-07,7.546915159192468e-07
7751,Mpzl3,433.3660877903316,0.8890233508599066,0.0384139545465557,23.14323951683898,1.700497489208443e-118,5.245357564942432e-117
7760,Pcsk7,13.43813670227192,0.6817241039945535,0.1907809531438729,3.5733341969439025,0.000352464452578,0.0007412514154132
7764,Sik3,190.1653681154024,0.5035838397488721,0.0479853394078372,10.494535330235122,9.152693178437176e-26,5.894794409231453e-25
7766,Gm31816,11.606915163446,0.6425986530551593,0.1864396864392642,3.446683832867827,0.0005675123120724,0.0011631900005643
7771,Rbm7,10.921127758343498,1.524946701867632,0.2000078527069906,7.624434147101529,2.451071511797972e-14,1.0370787644480468e-13
7776,Zw10,23.121031993797438,1.0175024093925282,0.1618653955919297,6.286102138580006,3.255358123658019e-10,1.1067963593271935e-09
7785,Timm8b,70.03713346186764,1.0428063958757563,0.078371900613807,13.30587095258019,2.139849452789443e-40,2.044588610921843e-39
7787,Pih1d2,59.30408028874479,1.4233797275658595,0.0889503887553334,16.001950609580835,1.2383362938853471e-57,1.6860722601432676e-56
7789,Dixdc1,65.71943725299613,0.7032329183083964,0.1065647997129396,6.599110777693381,4.1363116600248266e-11,1.483895422208989e-10
7792,Cryab,49.55709127535481,0.5890192022582996,0.0866234612081216,6.799765260396616,1.0478975309779489e-11,3.885693227634828e-11
7837,Hmg20a,146.34140384189234,0.5421304788015925,0.0511285400241112,10.603284947036128,2.876938009435802e-26,1.8870634410405403e-25
7838,Lingo1,99.85315325661254,1.0579460608025564,0.0779282510676845,13.57589893662155,5.565664662143622e-42,5.486335052705827e-41
7847,Neil1,256.9760736238441,0.7145546234094944,0.0617601165210104,11.56983930181555,5.859230912537507e-31,4.433985077885526e-30
7858,Csk,19.143456029928974,1.2106132164524877,0.1435966676170508,8.430649795307215,3.4375104802507037e-17,1.640441748351842e-16
7864,Ubl7,12.620002206229447,1.3351955443686552,0.1811412003723841,7.371020737545098,1.6932649964226808e-13,6.874032694538664e-13
7865,Sema7a,15.172781437624268,1.4059446731024776,0.1855664057822237,7.576504309473237,3.549899179539103e-14,1.4915053736983485e-13
7871,Insyn1,117.32868542365172,0.5232912851782312,0.0667797041496155,7.836082711684845,4.648197509594042e-15,2.0262327713157822e-14
7872,Cd276,54.37325948583226,1.781095904313421,0.0975737680611681,18.25383952782132,1.928653993438136e-74,3.419387771886047e-73
7874,Neo1,431.4962885406744,0.5348018924728121,0.0315169301456972,16.968717765357113,1.3995467773241817e-64,2.139587827649635e-63
7876,Adpgk,43.376355922252,1.5454288369606592,0.1025235161507641,15.073896165325191,2.4050182643689013e-51,2.890666090442842e-50
7884,Senp8,19.917869936711583,0.5240958709070623,0.1484223783447758,3.5311108523650034,0.0004138182810024,0.0008637155690193
7885,Myo9a,44.166044347069295,0.9201810317686168,0.0977640172708946,9.412266981816884,4.855495411917674e-21,2.6560443828908104e-20
7888,Lrrc49,19.66722712182139,1.4398581994258797,0.1462722123631791,9.843689215904227,7.298435783301317e-23,4.265497613392869e-22
7891,B930092H01Rik,61.68530857659755,1.404197959839709,0.0840015346187776,16.71633698375095,9.965954681271525e-63,1.4769273655204094e-61
7896,Coro2b,17.306231598991737,0.7183986169600745,0.147299333501286,4.877134199346545,1.0763820813843724e-06,2.8940430290599884e-06
7909,Zwilch,132.6106582124617,0.790832463544324,0.0538221358090192,14.693442607898156,7.101241801224019e-49,8.083634363927641e-48
7917,Megf11,20.76099307261696,0.5141396892378206,0.1377150663635118,3.733358323196829,0.0001889434938905,0.000409514638916
7919,Dennd4a,88.42058522482425,1.8968991005719995,0.0775918592347747,24.44714070882653,5.397398058978033e-132,1.931537030223187e-130
7922,Hacd3,179.07094022370265,1.006514848443354,0.057199645321561,17.596522544589185,2.619208100822907e-69,4.310439922676262e-68
7924,Gm47350,20.72391694568336,1.3514690484069134,0.1597845462093209,8.458071074260602,2.7183642912884087e-17,1.3033191985852654e-16
7938,Trip4,248.971376720228,0.5024019487423825,0.0420633647657602,11.943931531396162,6.984212006799776e-33,5.56565371991342e-32
7948,Usp3,56.00250244226164,0.5036374779688517,0.0878413272920774,5.733491210739885,9.838416681535883e-09,3.052589031970934e-08
7957,Gm19299,31.99295378519049,0.7137861176589897,0.1094019949971856,6.524434199553234,6.825870738344583e-11,2.4139869161499474e-10
7959,C2cd4b,46.93977138548869,0.6490438745897975,0.0934349930152903,6.946475336960572,3.745253692697248e-12,1.4220540600507112e-11
7960,Vps13c,155.81073873234638,0.5235819822015211,0.0536890338655353,9.75212151354478,1.8065285308338757e-22,1.0425224912375093e-21
7962,Anxa2,17.509775716491323,0.6681946745212313,0.1466609777743272,4.556049500429538,5.212465761207776e-06,1.3196230866695107e-05
7966,Myo1e,27.63519328130505,0.5948817814242274,0.1184506700366896,5.022190091790658,5.108558490065139e-07,1.4051760947735992e-06
7967,Ccnb2,81.30587626349873,2.0823128467421443,0.1889996993051784,11.017545818312795,3.145174065396337e-28,2.1960774684185643e-27
7969,Sltm,215.2779174996711,1.0649390185680283,0.0469309892639439,22.691595367374816,5.423447753655529e-114,1.5648981366011356e-112
7971,Aldh1a2,45.54992086528507,0.6686834303616034,0.0890140322590198,7.512112566879537,5.818072597934826e-14,2.417100577754663e-13
7975,Tcf12,26.66539305110221,0.9407211959352544,0.1270665266320063,7.403375388229895,1.327657467975013e-13,5.417563650636508e-13
7988,Dnaaf4,25.43153162170264,0.5170641040520083,0.1275304483543989,4.054436495158554,5.025530030409138e-05,0.0001160065395628
7990,Ccpg1,68.2552337844964,0.555321371003113,0.078098804834416,7.110497685342273,1.156252419316922e-12,4.507082792184146e-12
7992,2310009A05Rik,34.89729105826295,1.8305273193052023,0.1309135193247846,13.982721790282252,1.9873958159067488e-44,2.0567894465334214e-43
7996,Unc13c,26.20264232991982,4.604368228675313,0.2691810114890521,17.105100405132326,1.3596726540433765e-65,2.1157477691667824e-64
8001,Myo5a,22.131524743070955,1.363339758449068,0.1524522398672772,8.942733538293513,3.796603898173939e-19,1.9541409550317605e-18
8003,Gnb5,154.50936126928707,0.7698066690874809,0.0520769728649599,14.782093250382571,1.9113236466401127e-49,2.192926169430144e-48
8007,4933433G15Rik,487.8534058196835,0.7749111217389368,0.0325470060040339,23.808983279226755,2.69576911939584e-125,9.105012444347036e-124
8013,Gm26903,16.832526754830592,0.5430316478808407,0.156902420593923,3.4609513723580667,0.0005382700324303,0.0011072910912649
8021,Fbxo9,60.18251340958418,2.068785877836699,0.0971924091640244,21.285467616564183,1.5479514937562388e-100,3.859470476850319e-99
8034,Col12a1,248.5578915064498,1.7284054911016504,0.0478413771539584,36.12783732248056,8.292919402339418e-286,1.0036736065553567e-283
8055,Ibtk,20.43737582982856,0.7487343131504564,0.1469431261038908,5.095402098775896,3.48001825165357e-07,9.699305627669669e-07
8057,Tpbg,47.94247100554107,3.473934798670025,0.2250444184079544,15.436662785266552,9.277813463094163e-54,1.1793853613041948e-52
8072,Zfp949,83.41759539312336,0.8894692661083645,0.0701199600782319,12.684965380984169,7.1645501062315044e-37,6.30943806222348e-36
8075,Mthfs,30.94757102537532,0.6369172405609647,0.1119730836179446,5.688128074905434,1.284394827410486e-08,3.9611454702017256e-08
8105,Slc25a36,49.57707158154544,4.592154072881451,0.1981447495081622,23.17575451421328,7.997077676367032e-119,2.5022095106593292e-117
8116,Faim,80.3600167557795,1.9433509062110343,0.0849788766869487,22.86863491229813,9.536997016871349e-116,2.8028800001692046e-114
8121,Esyt3,22.91536139315872,1.153794518509352,0.1443277096581687,7.994268884624049,1.3034501698985297e-15,5.833726132766199e-15
8126,Dzip1l,33.64636779865706,0.6177206090035906,0.1067503592106595,5.786590448699005,7.182941804096588e-09,2.2511114864555897e-08
8128,Nck1,35.35444742153047,0.7755428369009789,0.108152166134711,7.17084885692429,7.453415666511027e-13,2.935550920586535e-12
8150,Nphp3,32.78111600160916,1.167552326581457,0.1266698149165537,9.217289275670018,3.047056481208295e-20,1.625469860866182e-19
8157,Mrpl3,366.8385649286201,1.612826712754629,0.0904889346526435,17.823468901979304,4.6463820773901646e-71,7.823878922198628e-70
8168,Alas1,71.3342163247507,2.022304614476429,0.194828455722541,10.37992426196937,3.0601786322425546e-25,1.940079781837877e-24
8176,Rrp9,85.12667768780939,0.7177356074994489,0.0752487035945389,9.538179041154104,1.453621944229499e-21,8.104198094699843e-21
8177,Tex264,35.156723549134334,1.984448122040751,0.1252647261620247,15.842034568246689,1.59573077066121e-56,2.127803815691168e-55
8179,Dcaf1,20.565710159273717,0.9418687606253674,0.1384122506240237,6.804807785286387,1.0118424213788735e-11,3.756793719597574e-11
8181,Gm37612,50.52392897444029,0.8630221905581186,0.095757151534924,9.012613436432074,2.0120345473598249e-19,1.0433126477651601e-18
8182,Rbm15b,18.472246365809927,0.6461058477058138,0.143439936130421,4.504365138020904,6.65716580902625e-06,1.670810566240056e-05
8183,4930524O07Rik,21.23673920826849,0.626431190038989,0.1398649568083632,4.47882875263242,7.505371255539476e-06,1.8772045097810275e-05
8201,Gnai2,29.126079830662952,1.281067991836325,0.1395333381808481,9.181088967970808,4.267536550827425e-20,2.265447060853499e-19
8213,Gmppb,21.27827190594852,0.6510232125189298,0.1435757581247044,4.534353299067909,5.778024441248343e-06,1.4572997100155736e-05
8217,Dag1,362.61078436789336,0.54141206387249,0.0373647451687955,14.489917204751618,1.4031184649761226e-47,1.558543569636958e-46
8224,1700102P08Rik,10.7752833971699,0.6783333608946115,0.1819187587015684,3.728770830101113,0.0001924160381008,0.0004167300499591
8233,4833445I07Rik,67.61897528947429,1.1474026736510885,0.082851275411709,13.848944001759213,1.2909598470712922e-43,1.314185059273276e-42
8247,Ccdc51,463.4838280371904,0.50726089795812,0.03178423509068,15.959512522824944,2.446346364930855e-57,3.307596931576024e-56
8254,Smarcc1,201.7253087060062,0.5134678454876944,0.0493749142601286,10.39936682791024,2.4958609717786056e-25,1.5875133217575743e-24
8274,Mlh1,84.15527977383591,1.5917254620357784,0.0808075355726763,19.697735498989683,2.254820018974201e-86,4.723197510899323e-85
8275,Epm2aip1,82.02274427404618,0.7974897537164025,0.0675850109581662,11.799802092360872,3.9123048504304736e-32,3.060307402751449e-31
8282,4930520O04Rik,25.03891475303964,0.6568074978004405,0.1372075827058791,4.786962096755146,1.693247970073335e-06,4.467816142685554e-06
8284,Ccr4,21.730185602264346,0.817438243772409,0.1465694252010792,5.57714027090549,2.445047076136179e-08,7.394114253496674e-08
8289,Cmtm8,533.5020031079467,0.502149658745459,0.035503274647062,14.143756139041448,2.0409345923143632e-45,2.1583378686198253e-44
8291,Osbpl10,45.68731688410529,0.5039599597703445,0.0975779234602323,5.164692400691762,2.408346397681879e-07,6.814849978697806e-07
8295,Rbms3,43.24435917266187,1.1730909915418966,0.1113828537107897,10.532060837549349,6.14736682956123e-26,3.9872091219052142e-25
8296,Zcwpw2,38.40260590357846,0.5815677716603842,0.1147529197759669,5.067999775480951,4.020178796298526e-07,1.113889921492698e-06
8299,Gm17399,74.95660136129433,1.7017002854719263,0.107242834186082,15.86772951672675,1.0600683941025457e-56,1.4189609809845748e-55
8316,Exog,721.4404245775712,0.9162961755819624,0.0606725691932537,15.10231374352029,1.5634936666357525e-51,1.885714022292588e-50
8318,Wdr48,28.265899931225672,0.6561968384076456,0.1178489664735058,5.568117040340512,2.575068430978812e-08,7.773825154183046e-08
8321,Ttc21a,84.15425366628986,1.0367219076629588,0.0735375232035468,14.097862730478193,3.9144630205315944e-45,4.114671985634778e-44
8323,1700019L13Rik,78.39472109601454,3.1632691038443355,0.1270839677461301,24.891173607070996,9.271858009119629e-137,3.559249810196847e-135
8329,Entpd3,101.26211055383988,0.91158087579935,0.0646068944013736,14.10965322270572,3.3120261465177e-45,3.4919535197526e-44
8338,Ss18l2,62.70088555621401,0.7237309275030749,0.0810816903649254,8.925947698497279,4.41899279839509e-19,2.2704659932320056e-18
8348,A730085K08Rik,17.28155018054488,1.350580495293202,0.1964124617997434,6.8762464607272,6.145015086600639e-12,2.311077318283901e-11
8352,Gm35549,108.56354721547268,2.474518620235284,0.0745883953485271,33.17565163686211,2.417085680591943e-241,2.106248462067819e-239
8357,1110059G10Rik,17.372193393242362,0.6015366427779755,0.1667843923791733,3.606672268292477,0.0003101489805151,0.0006559466119807
8358,Kif15,12.21519433143518,0.5106366445273333,0.1838165400951769,2.7779689698377235,0.0054699841664273,0.0098208389875859
8373,2010315B03Rik,136.55335065058827,1.4539780075101845,0.062612709688371,23.221771022956226,2.744431204267346e-119,8.680571148452143e-118
8383,Armt1,155.57870884667005,0.7048669253138875,0.056199433103516,12.542242623970328,4.384105668054363e-36,3.7881107378706713e-35
8400,Ust,10.206223723784309,3.72030525574374,0.3649410858173939,10.194262581893216,2.1033465966916394e-24,1.29713816302696e-23
8402,Gm48749,39.72926942585418,0.820550529647117,0.0972490578626493,8.437619321783348,3.238664296354387e-17,1.5476677092641694e-16
8423,Adgrg6,32.07914842849057,0.6362397338334247,0.1148752275743026,5.538528604192729,3.0502343384983434e-08,9.165428284715365e-08
8438,Perp,92.53019065058676,0.5002986708390549,0.0761770993040035,6.56757313431546,5.1141896121880985e-11,1.8230741779753357e-10
8441,Ifngr1,15.14056032369168,1.658163035838961,0.18391365835743,9.015986363646665,1.9510669159169085e-19,1.0123011077880284e-18
8448,Mtfr2,28.49657759172912,2.715067916990156,0.160717787044258,16.893387887692157,5.03282420731529e-64,7.580990517293939e-63
8450,Ahi1,46.24935302210201,0.6091960125148987,0.0955518721400823,6.375552868517287,1.8230408552865119e-10,6.27408294350974e-10
8454,Platr6,14.995043329851566,1.7449214019160109,0.1719700540624575,10.146658448349829,3.429038413310062e-24,2.1002901580588916e-23
8456,E030030I06Rik,88.70153454695834,4.291805749720215,0.183158488352499,23.43219682759331,2.008035251313925e-121,6.516953139646011e-120
8464,Stx7,75.43033533991087,1.1091366178214734,0.0791950165553808,14.005131459829382,1.4501114880575876e-44,1.5088085381413516e-43
8465,Moxd1,11.077925403804816,0.530460471081717,0.1810383005738751,2.930100809608823,0.0033885205505291,0.0062604830016561
8466,Gm15270,132.96337297160133,0.6443162638624721,0.0573816059961864,11.228620263875028,2.950498135995176e-29,2.1195911588674327e-28
8478,Lama2,10.74185025879923,0.9671477275916552,0.1858782635085379,5.20312439623814,1.959655986981536e-07,5.572342069034787e-07
8487,Trmt11,34.381137762730695,1.059722670363302,0.1072622487365095,9.879735721059866,5.0967146752488844e-23,2.9978246156003225e-22
8501,Rwdd1,64.63343193899858,1.3167896897012394,0.0982382530028602,13.404042208109098,5.725769620889417e-41,5.537664425796936e-40
8505,Dse,51.76511124363826,0.689929796691596,0.0858030754503464,8.040851602001755,8.921624954741263e-16,4.020845092092856e-15
8510,Amd2,58.52367039064276,0.5078177110428354,0.0828944546716839,6.12607577978677,9.007291926528363e-10,2.984393226150881e-09
8517,Ccn6,28.864422752695837,1.970618895951812,0.1347039895296167,14.629254135925509,1.827798777064621e-48,2.0618043421800787e-47
8528,Wasf1,146.11198368877842,0.8327643640252824,0.0561126141947108,14.840947547651028,7.962327460879987e-50,9.238844406672198e-49
8531,Zbtb24,17.189818212655684,0.9068716853973414,0.1520688151354262,5.963561198196478,2.467989577413388e-09,7.982947727386884e-09
8541,Ostm1,41.11622809592675,0.9602256425947444,0.0967196223368991,9.927930024892293,3.147209220221756e-23,1.867537020429852e-22
8543,Sobp,19.051984181417343,1.201542596444667,0.1490831035756019,8.059549121442526,7.657636667206461e-16,3.462825423873228e-15
8546,Gm47889,33.75093125738538,0.6953222149173499,0.1126949907133032,6.169947843433913,6.83125228500882e-10,2.277258317198426e-09
8551,Crybg1,82.3469902040188,0.5040946257676967,0.0678120777175276,7.433699758728988,1.0560151776779997e-13,4.32938897120023e-13
8553,Prdm1,22.30140215960356,1.596253920188441,0.1504638515181086,10.608886480593169,2.7095892282036687e-26,1.7793037328234188e-25
8563,Dcbld1,67.91118941726016,0.6013284818449952,0.0754605872657136,7.968775537454846,1.6025422689623065e-15,7.14847879792042e-15
8565,Nus1,92.62617172959033,0.6527390082099013,0.0662530663721609,9.852208266758458,6.705424315349973e-23,3.928138990518296e-22
8568,Mcm9,37.77287972472466,1.5477736273756255,0.113055375535237,13.690402778709243,1.1586520756059722e-42,1.1585191264291958e-41
8584,P4ha1,112.2282111061658,0.7330372913205547,0.0596524714274042,12.288464732138465,1.0447128395139904e-34,8.74088111716266e-34
8593,Psap,49.46730517579636,1.067303188251776,0.0951876145301177,11.212626700652082,3.5354314634950105e-29,2.5345742305960944e-28
8599,Sgpl1,45.99758817520641,0.6592750970718837,0.1067363282508849,6.176670191635693,6.546763206073508e-10,2.185347426842541e-09
8605,Ppa1,76.40751668693544,0.7298752962619969,0.0732086325464524,9.96979824474765,2.0664818092995442e-23,1.232534051077086e-22
8616,Vps26a,12.409728555043351,0.7458055524500448,0.193709306133261,3.850127633707866,0.0001180562881994,0.000261367503905
8624,Slc25a16,29.490494507466654,0.6397101523206878,0.1228544000610549,5.207059348324286,1.918567451586815e-07,5.461743473743059e-07
8627,Hnrnph3,49.05107406471667,1.9198846139597452,0.1105533557571896,17.366136023735216,1.4892293681477504e-67,2.3767664311427654e-66
8632,Gm26789,61.29737710069339,0.8327200838750176,0.0919945259060714,9.051843853461936,1.4057422059533268e-19,7.328529813148244e-19
8635,Ctnna3,51.07825614464959,0.9253166438737156,0.0881689087024785,10.494817929482936,9.12534698949116e-26,5.879354799735746e-25
8639,Jmjd1c,81.73139314653696,0.644745734541226,0.0722570229021527,8.922949059419622,4.540336131355807e-19,2.331437186130495e-18
8642,Rtkn2,750.4068325263829,1.0949594379002272,0.0343814944970027,31.84734852045716,1.4324091435513812e-222,1.0806937902083754e-220
8644,Arid5b,10.220676464613955,0.7183430868376108,0.1878089058946986,3.8248616774349022,0.0001308455291011,0.0002882902504645
8645,Rhobtb1,45.9792915628985,0.5569040941112934,0.0931099605172304,5.981144133427439,2.215756973940846e-09,7.187085900212371e-09
8653,Bicc1,199.16622649164825,1.5198837452023646,0.0563774110448184,26.95909083150519,4.4630952418328135e-160,2.125213767067275e-158
8662,Rsph14,26.538571529758087,0.9028660802786777,0.1285626721664148,7.022770023868082,2.17512079660769e-12,8.360830446245881e-12
8666,Specc1l,161.4931538628429,2.428474409421083,0.0968520478792704,25.074063611419582,9.54278434515996e-139,3.7373403498302873e-137
8670,Ggt1,11.617355842466058,1.97738293293024,0.2215204435125523,8.926412847391182,4.400459273135416e-19,2.2616102687173108e-18
8676,Gstt2,74.73858238000663,0.7425410481484105,0.0745554958115582,9.959574945691593,2.2903984115325926e-23,1.3642195323373213e-22
8687,Ybey,1071.8713300306092,0.5065954360222389,0.0244091884618577,20.754292458917888,1.1212043228348372e-95,2.637024148227469e-94
8689,Lss,59.89284185642867,0.5014004709356304,0.0800306432014711,6.265106100339495,3.725716412106823e-10,1.263264311871551e-09
8707,Gatd3a,47.3883868393368,0.6844826040349344,0.0968795137949424,7.065297679793551,1.6027204271959245e-12,6.200268946763723e-12
8727,Hcn2,17.939274479841988,0.9690213510418956,0.1526420084585884,6.348326786493967,2.1766933073400174e-10,7.464661739535975e-10
8728,Polrmt,49.755791576606576,1.098035162047025,0.0960776820651569,11.428618368440358,3.0085764988539247e-30,2.232161397276552e-29
8733,E130317F20Rik,108.34580921904394,0.5781492136816234,0.0628775931017837,9.194836907095643,3.7556388422000963e-20,1.99857324402636e-19
8739,Kiss1r,19.89164418773941,2.545080941728841,0.179590845620664,14.17155163412182,1.374300220856034e-45,1.458666519432336e-44
8752,1600002K03Rik,56.16669235634341,0.6696116878743311,0.0902478262992887,7.419698793117733,1.1738698622202698e-13,4.806908824900107e-13
8763,Mbd3,94.56269573823285,1.2135424182997516,0.0665549358622289,18.23369525607877,2.788286892741636e-74,4.908511511788003e-73
8771,Csnk1g2,60.9031699412033,0.8360279845039347,0.0784161041394074,10.661432287144132,1.5420411839490882e-26,1.0191389364377972e-25
8772,Btbd2,13.563873114544457,0.7895759362736829,0.1746789356625175,4.520155411292155,6.179425131434896e-06,1.555162760875774e-05
8773,Mob3a,183.6972376117398,0.5956210518798166,0.0561316167550365,10.611150832857012,2.644712713133953e-26,1.7380110544682706e-25
8802,Cactin,98.16354184473624,1.0324502900749144,0.0737702526582971,13.995482635218972,1.6609824694648865e-44,1.7251252966528036e-43
8807,Dohh,39.59439414753167,0.7339949935027518,0.1106443825208341,6.633820685515072,3.2710717680471636e-11,1.179074224891954e-10
8827,AU041133,463.5464438970997,1.791070245166403,0.1041118886541284,17.203321045462374,2.507394124292016e-66,3.936834666501014e-65
8834,Nfyb,48.902705706624864,0.605186493790807,0.0919117149557508,6.584432616475089,4.566257578172279e-11,1.6334305638831382e-10
8837,Gm38560,204.7741680953789,0.6140694316872061,0.0507091108942228,12.10964698174516,9.389740521849696e-34,7.654087830439499e-33
8839,Chst11,23.12029746545057,0.5317842779750225,0.1367930812699665,3.887508586238548,0.0001012784062175,0.0002258290767093
8862,Rtcb,39.668537021426985,1.4225835316113236,0.1131611679489588,12.571304780567278,3.036704056741939e-36,2.6369545740358004e-35
8868,Nt5dc3,103.82513332642914,0.7830829813635706,0.0643342222749649,12.172106130647986,4.376423532532842e-34,3.5943595346363036e-33
8872,Nup37,26.11155358506841,0.9606564705418078,0.1237993883754854,7.759783656023582,8.50743841120171e-15,3.6736282614079145e-14
8874,Dram1,21.58440728053841,0.632047980433417,0.1313003551703528,4.813756822008438,1.481190335031274e-06,3.932092179577311e-06
8880,Arl1,14.614537465013932,1.593081160417909,0.1728564036898309,9.216211412546174,3.0778299098224624e-20,1.6413837107829217e-19
8881,Utp20,10.605096327558584,1.6468219267214728,0.2107999705689238,7.812249319944867,5.617629682682911e-15,2.444545570781468e-14
8890,Apaf1,67.02932987956403,0.7408240796489562,0.0741102429644489,9.996244108986836,1.5828697860629488e-23,9.473301727852016e-23
8892,Slc25a3,51.527355638631896,2.563493987438327,0.1567615035248885,16.35282853121735,4.152488053550388e-60,5.907719330389891e-59
8903,Ccdc38,479.9148185657224,0.7448438267795524,0.0415729729938984,17.916539836803864,8.761085713146143e-72,1.485293791913531e-70
8908,Vezt,235.6131488886852,0.6904831090973904,0.0484530033077287,14.250573998727775,4.4461168301205054e-46,4.768426099405548e-45
8914,Cep83os,39.06845219775693,0.6660787383714168,0.1071360679779043,6.217128843190215,5.06333995841438e-10,1.7038789108948794e-09
8922,Gm47599,31.727132321339692,1.5091660892683685,0.1197521447863719,12.602413860399723,2.047799557461706e-36,1.7826698645076228e-35
8932,Phxr2,100.52026452749207,0.8071263965698703,0.0751336870256247,10.742536783727855,6.425416322056003e-27,4.284376472857895e-26
8935,Gm34921,52.04607318301614,1.340878799309703,0.0912039219104535,14.701986178030966,6.259640104804832e-49,7.148952014845254e-48
8941,4930430F08Rik,18.75748343622267,1.068312153176789,0.1431631505250426,7.4622006379352195,8.50891806571603e-14,3.5040979217698253e-13
8962,Zdhhc17,39.69301509924184,0.7184941481944017,0.1097086463075198,6.549111418077475,5.7880437723204467e-11,2.054879341291521e-10
8964,Bbs10,124.899096898514,1.275805564792343,0.0619698364871952,20.58752511080067,3.5504749746192e-94,8.120430165047692e-93
8967,Gm30624,45.19537407902625,0.5956961836803104,0.0932791753133474,6.386164775569916,1.7009771667839374e-10,5.862098094267444e-10
8971,Caps2,46.650060333732085,0.5631672290416976,0.0880587148280487,6.395360528953755,1.6016898236551754e-10,5.534149533438223e-10
8975,Trhde,123.3877332260252,0.7874892127051853,0.061702772949669,12.762622732491126,2.651217469220089e-37,2.3562171368469003e-36
8978,Rab21,29.06408750190822,0.9669094948266408,0.1147892323529738,8.423346641551008,3.658799052782405e-17,1.7431806968805836e-16
8979,Tmem19,12.274827868741092,0.7314258686334666,0.1718424005400476,4.256375995300466,2.077671867926494e-05,4.981381938949365e-05
8989,Cnot2,37.82406087144088,0.6254710514676501,0.1009968342934935,6.192976798164301,5.903842260578998e-10,1.9752766925968663e-09
9000,Nup107,126.6054678397799,0.6443126205764222,0.0645303693563939,9.98464175864167,1.779426816624857e-23,1.0635065349841568e-22
9001,Rap1b,144.2330325006926,0.5653518546248452,0.0527608153857464,10.715373719898524,8.620837909829111e-27,5.723579546381019e-26
9003,Gm47958,716.788434010886,1.7923502711438335,0.0514971286678878,34.80485839711472,2.0535981993201038e-265,2.209266013441405e-263
9032,Gm48877,80.88895057601624,0.5258932431517079,0.069851290455204,7.52875486944605,5.1226448325274225e-14,2.136335346764487e-13
9033,Ppm1h,40.396931722697694,1.0049624028788242,0.1101090276239472,9.12697554928056,7.043962204762974e-20,3.713314377029919e-19
9042,Tsfm,74.68071274794121,1.258812986567394,0.0830982246153838,15.148494355851165,7.752229357816437e-52,9.415042038189887e-51
9045,March9,27.008682511579355,1.392505747906954,0.139692536967094,9.968361790400962,2.0965832749792172e-23,1.2496324663590217e-22
9050,Dtx3,59.66275715011263,2.508956641856273,0.1108889506988266,22.625848887961588,2.4127525904099983e-113,6.916028313431819e-112
9052,Pip4k2c,148.43811278158913,0.6218620054797888,0.0528196296522688,11.77331248957512,5.357857049498886e-32,4.177929872870988e-31
9053,Kif5a,145.65478437758054,0.6942231021256825,0.0561764320812381,12.357906623933498,4.415047654067332e-35,3.722566546448256e-34
9056,Ddit3,75.2481840017424,0.5658283412077337,0.0823105368099692,6.8743123679786535,6.2289584070882815e-12,2.341636909377364e-11
9077,Timeless,13.559690681509904,0.9934204364264444,0.1722983660098716,5.765698534654286,8.132030810322712e-09,2.538055747892268e-08
9084,Gm17201,36.94127924338979,1.3904858647343783,0.128835240366964,10.792744755036196,3.724953365949837e-27,2.500712144136123e-26
9097,Rab5b,53.52552342302335,2.240499453035784,0.1392357562305004,16.09140865602587,2.9309214665925295e-58,4.0379525153972025e-57
9113,Sfi1,52.98793722357946,0.5273269800279373,0.0945559152919503,5.576879864149857,2.4487085230612744e-08,7.403902175557233e-08
9117,Gm12592,677.0016539359241,1.0430611230708566,0.0445102174956632,23.434195152438544,1.9160095227369608e-121,6.229890664600701e-120
9122,Selenom,12.09161669763276,0.9142720600319348,0.2048407501175366,4.463330951030642,8.069526746219539e-06,2.012531656169349e-05
9140,Tbc1d10a,13.524059601331135,0.886550236070101,0.1728374150375978,5.129388424822524,2.906849993085252e-07,8.167109733917423e-07
9147,Uqcr10,390.5233392814468,1.3230141851565531,0.0492266800781421,26.875957977592776,4.195732851165338e-159,1.9870443513616712e-157
9158,Emid1,60.61549374037615,0.8370960850563227,0.083918250615771,9.975137457155297,1.9583010683036168e-23,1.1688106513149121e-22
9159,Kremen1,33.0698274024687,0.7695963159920547,0.114455445973696,6.723981628352767,1.7682473714897223e-11,6.48506211917569e-11
9161,Gm11963,911.1242040742076,0.5713138163687602,0.0363001084935803,15.738625587573573,8.220994010320298e-56,1.0862432419398191e-54
9163,Ccdc117,38.42001841988469,0.6716211951479357,0.0976203797292585,6.879928115528927,5.9882770475540826e-12,2.254075429476729e-11
9166,Urgcp,77.70706911724938,1.3144075047984407,0.0978174351172129,13.437354017956087,3.6526536525382977e-41,3.546431635456125e-40
9169,Polm,505.90028301349264,1.8964220683109947,0.0444406401128917,42.67314925018068,0.0,0.0
9174,Camk2b,101.85263396430857,0.5867825897711415,0.0646177057293687,9.080832925710771,1.0774710675075168e-19,5.637395906490845e-19
9175,Nudcd3,324.7115427506233,0.7361337304756046,0.0437459537796923,16.827470128616362,1.535230430381372e-63,2.298625080814996e-62
9176,A730071L15Rik,37.43906099821431,1.9307954643211565,0.1284523041024981,15.031224841093426,4.584497591637624e-51,5.453830991608226e-50
9185,Ccm2,23.03282266248316,0.7836377578301648,0.1397309821608113,5.608189005129186,2.0445468249903958e-08,6.219647768534233e-08
9206,Egfr,25.200041800528773,2.867448895027965,0.220511960267683,13.00359804314978,1.1671981770177167e-38,1.0717560500034122e-37
9212,Wdr92,12.076248696272286,2.071938420691084,0.2267652758146596,9.136929863920283,6.425041831541983e-20,3.390118953681916e-19
9214,C1d,19.996883579524876,1.3268126193828158,0.1426006743788231,9.30439231905802,1.3476072067026391e-20,7.266738365845792e-20
9217,8430419K02Rik,34.395716702320165,0.8967276677320953,0.1103928190059519,8.12306158866862,4.545684976959369e-16,2.071168569371186e-15
9218,Meis1,27.12451907670379,1.2953990426175184,0.1458671456334459,8.880677255951568,6.645450618836955e-19,3.3884410001489318e-18
9222,Rab1a,126.92324975299135,0.6033469401958103,0.0726024044888154,8.310288680435608,9.546953443961155e-17,4.464295804168367e-16
9224,Slc1a4,16.867003655339406,1.4528646495173303,0.1608784849413403,9.030820063025054,1.703900606158299e-19,8.859063175455499e-19
9241,Fam161a,13.285630281515225,0.6966296269051051,0.162207210684297,4.294689637817343,1.7493789228067905e-05,4.218065283159483e-05
9252,5730522E02Rik,10.459806128058249,0.5729110935697438,0.1895548875330128,3.0224021180670726,0.0025077717086213,0.0047213401034734
9259,A630052C17Rik,23.88044974733271,2.015397183945317,0.1920265954566957,10.495406530288736,9.068649767897036e-26,5.847148655379563e-25
9271,Gm12100,40.47701461102167,0.6459862830434723,0.0998622400571789,6.468774210087761,9.880109648790131e-11,3.4611166021932545e-10
9276,Chac2,24.899396877300244,0.6356817281047664,0.1256611868721574,5.058695878397862,4.2213348318996817e-07,1.1672128105719123e-06
9286,Ubtd2,1196.6954825841074,1.8138892187183853,0.0436311977711352,41.57321621636493,0.0,0.0
9289,Gm12111,55.145254822197465,1.8278986211867931,0.0997061921497724,18.332849563054605,4.525626463642475e-75,8.131197732820727e-74
9293,Ranbp17,10.403070318407773,3.2804155779445163,0.2921322373724463,11.229214575734192,2.9307208542419766e-29,2.1062516720713063e-28
9304,Mat2b,90.64074714823268,0.5406563941876356,0.0636779378293333,8.490482145271066,2.0578157110161878e-17,9.90707519657186e-17
9318,Clint1,12.23898932221599,1.0492406667424388,0.209785333360626,5.0014967678353806,5.688692096367913e-07,1.560316743083097e-06
9325,Fndc9,283.9147783644234,0.5966641022205759,0.0417075260324594,14.305909723732196,2.009921798136584e-46,2.1797708212771864e-45
9331,Irgm1,45.72963421709232,0.623459214213575,0.0896387455323679,6.955242518297493,3.519560453182809e-12,1.3401551142248195e-11
9333,Olfr56,81.65057558775963,2.865760580727563,0.1125438085328074,25.463511659036936,5.002216177010568e-143,2.02740984960326e-141
9335,Mgat1,108.59492690914472,0.7364295001943753,0.0609524727965905,12.08202828213343,1.3143693905891717e-33,1.0664259655115494e-32
9341,Rnf130,41.36779767393511,1.0434794668482308,0.1094119050232898,9.537165691668667,1.467892002734038e-21,8.178523600910743e-21
9342,Mrnip,94.21597057416268,0.5500682907206155,0.0683323859217911,8.049891472400635,8.286748532748519e-16,3.741488430796404e-15
9345,Ltc4s,385.8665089306202,0.6620663042930254,0.0381123258842547,17.371448446985053,1.3575539884919552e-67,2.1705918267374128e-66
9350,Adamts2,17.934282970867013,1.5865226507666947,0.1682000799580324,9.4323537251739,4.009879952855815e-21,2.1983072607225903e-20
9354,Zfp2,221.7404479147499,0.6415072557760124,0.0473941755927705,13.53557157082118,9.642948363755135e-42,9.478697353836686e-41
9364,N4bp3,30.803720195050364,0.5782300085133486,0.1061080497138773,5.44944525954966,5.0527171513494366e-08,1.4965797843935753e-07
9366,0610009B22Rik,71.35621538400702,1.8793559884427289,0.0821145326767731,22.887008269783685,6.259098688579817e-116,1.848874100755407e-114
9374,Skp1a,20.04178153060403,0.6915156156791578,0.1348379663959266,5.128493362534486,2.92070194049661e-07,8.204705580105564e-07
9377,Vdac1,54.51825854734722,0.9888965341897418,0.0828907759365229,11.930115540805534,8.245896501908507e-33,6.55908189115753e-32
9383,Shroom1,91.33178004975473,2.5417907218865063,0.0946187181594272,26.863508313479063,5.865274199897165e-159,2.770189668179073e-157
9401,Lyrm7,343.3537064640565,1.0474660169228882,0.042796089698114,24.47574122570006,2.678191648751172e-132,9.623819392667097e-131
9409,Atox1,41.297490500171776,1.9878182820391237,0.1098053419534679,18.103110893106628,3.011674417475245e-73,5.222633009727221e-72
9412,Gria1,30.19952425133964,0.53831362518772,0.1170814637554451,4.597769859728836,4.270373212386498e-06,1.0895046749446916e-05
9430,Gm12258,55.43967720308297,1.6435572681616486,0.1011854056567139,16.2430269216655,2.50264623778916e-59,3.5145945714898854e-58
9460,Rasd1,200.907973453508,1.950617599781384,0.0650945857671359,29.96589619234025,2.7314542581390045e-197,1.7310467203944212e-195
9465,Drc3,39.46611112860327,0.9681179237780694,0.1012731113401658,9.55947645892168,1.1835389106083385e-21,6.619613650218909e-21
9489,A530017D24Rik,38.44445941970237,2.9556479349283364,0.1386556734009918,21.316458695351116,7.987909886419209e-101,1.994459792270974e-99
9492,Specc1,83.70241712830484,0.7359484724166533,0.0705669923725726,10.429075232951194,1.826572949489653e-25,1.168631180752778e-24
9501,Trpv2,19.04797562179841,1.79484357512283,0.1555719318159243,11.53706555014386,8.580258547082623e-31,6.465056029336616e-30
9503,Lrrc75aos2,55.72942444256513,0.9703731571326676,0.0857187639564931,11.32042871762808,1.0396225017661265e-29,7.574640869891327e-29
9507,Zfp286,46.96366345417725,1.1270967536032273,0.1196389852580904,9.420815055993703,4.4759986210505284e-21,2.451530608663375e-20
9513,Cox10,99.78272819316147,0.7916921033631881,0.0761121505824956,10.401652000426628,2.436715337823849e-25,1.5515920682350764e-24
9522,Gm12296,48.28817949801381,3.233848319857263,0.1340742057869189,24.11983946410052,1.548096899739704e-128,5.332061811988845e-127
9523,Shisa6,66.8458251477072,0.8987236380884609,0.0848317422964944,10.594190497082351,3.1707230641620903e-26,2.075400382071062e-25
9525,Tmem220,54.14963509122326,0.8855029661878033,0.0994378036027748,8.905093778268983,5.334093491955444e-19,2.7285759136424854e-18
9526,Adprm,70.60267237403983,0.8236749881211214,0.0765142951828073,10.764981709015332,5.037155614481154e-27,3.362219381431541e-26
9527,Sco1,158.38352813222633,0.7270514838947366,0.0498463317437917,14.585857343159237,3.4555343011045745e-48,3.87785265934646e-47
9536,Ntn1,138.12579205057224,1.0357417298765634,0.0565489949767925,18.31582913722212,6.187724822621186e-75,1.106047879062995e-73
9546,Aurkb,57.6318239814538,1.0491515018462776,0.089426696182412,11.731972069126035,8.739837776962347e-32,6.7847613709086765e-31
9548,Borcs6,153.67789641945464,0.6505112627179125,0.0644634513456176,10.09116404938091,6.0448385475676454e-24,3.6719918510633997e-23
9552,Aloxe3,78.61062744650442,1.146735209843276,0.0963228451952814,11.905121858873946,1.1130059554133035e-32,8.813024893658815e-32
9563,Wrap53,80.30299916271066,0.7263493361275548,0.0715543965892785,10.151009172738782,3.2795438801399994e-24,2.0118229758211865e-23
9566,Sat2,39.53245664264231,0.8042540311277638,0.0999190793443643,8.049053658270372,8.343666366021305e-16,3.766211277571077e-15
9568,Sox15,155.96538455657043,1.0176507554734917,0.0701600527206928,14.504703403299304,1.131253920105803e-47,1.259775930965108e-46
9572,Senp3,221.2652046913361,0.567184525880131,0.0474537624690004,11.952361548794972,6.310614745836563e-33,5.031170804686167e-32
9589,Ybx2,50.2383205833191,1.2959089147706455,0.096026153506229,13.495374618817593,1.6650665254800092e-41,1.624791680070862e-40
9591,Elp5,403.9041944763424,0.5052368419989505,0.0435834110571692,11.59241164800572,4.502731219683952e-31,3.425298982830725e-30
9621,Gm19967,1162.1297390457285,1.7490128874213946,0.044914028207759,38.94134989030548,0.0,0.0
9626,Mis12,40.93510516039214,0.6818704801986198,0.1043830831999205,6.53238493533154,6.473052497166067e-11,2.2906062724997002e-10
9630,Gm43951,62.14433373114921,1.009012265329425,0.0940466020635343,10.728854027578516,7.451449856001503e-27,4.96231823043157e-26
9636,Smtnl2,173.42246330007293,0.7977995117967966,0.0554545728858814,14.38654145688884,6.286175021635725e-47,6.885949608866589e-46
9644,Ncbp3,102.75180286650864,0.6289001382339009,0.060410749824389,10.410401129965791,2.2228304618886893e-25,1.4185093112338367e-24
9648,Emc6,28.91543279150741,0.6251276830449338,0.1173659277048497,5.326313141042061,1.0022628450448181e-07,2.909299943944219e-07
9662,Tsr1,148.48141790633417,0.816702679221513,0.0514628960048687,15.869738056409554,1.0266846875643059e-56,1.3753313401130455e-55
9663,Srr,34.95201265213223,0.5666691273202445,0.1065636931702712,5.317656609505833,1.0511220224399509e-07,3.0470649712381004e-07
9687,Nxn,132.60637775463726,0.6695745058072515,0.0602941903249362,11.105124759098585,1.184518100052422e-28,8.361191351848363e-28
9692,Nsrp1,83.10298803433186,1.279604250019716,0.0715100304320578,17.89405265650777,1.3120916581654797e-71,2.220110040631843e-70
9717,Supt6,25.92488445651518,0.7789009475762241,0.120975521737006,6.438500420519043,1.2065962669037252e-10,4.1998321828636147e-10
9721,Spag5,62.04968434240325,0.6649471827541553,0.0783036668655862,8.491903500452722,2.0327977450468693e-17,9.789333821684673e-17
9722,Aldoc,99.09401786010126,0.591923192639996,0.0644059193219922,9.190509177902165,3.909861873235302e-20,2.0800083249922118e-19
9737,Nf1,85.71504402764248,1.1309606487847514,0.0746402360231723,15.15215799201976,7.331905357493814e-52,8.916988595282777e-51
9743,Crlf3,156.928523329437,0.8782799537526462,0.0520187809958879,16.883901101451688,5.9106636251795075e-64,8.880262556864522e-63
9749,Rhot1,12.697831860010576,1.3692618125440137,0.187251269776954,7.312430052810973,2.6235385730363493e-13,1.0554716124394618e-12
9755,Myo1d,37.34617951146943,3.64981071201821,0.1735707742893308,21.02779530115029,3.65233271136312e-98,8.852970026931356e-97
9759,Zfp830,135.73952227411957,0.5689269900609076,0.0531559689998706,10.702974675568267,9.8562349482812e-27,6.533832737871616e-26
9760,Gm11423,26.9836752387953,1.038943719197143,0.1255077156766137,8.277927086762622,1.253379292425946e-16,5.832815569666058e-16
9764,Fndc8,13.57650913554954,0.7122602463137634,0.1637011682986625,4.350978393839492,1.3553140840470368e-05,3.3063289273196744e-05
9765,Nle1,15.827769580366434,0.7298060505843191,0.1629636772851307,4.478335680333279,7.522724345724618e-06,1.88100487657516e-05
9808,Dhx40,12.074715546918924,2.042695016934033,0.2014788399970608,10.138508922147018,3.727455060751294e-24,2.276974651201316e-23
9811,Smg8,112.313444947989,2.236926988496413,0.1321457486599369,16.927725720884958,2.810304450845937e-64,4.270094679105754e-63
9813,Ska2,175.0543559452834,3.5729305182026554,0.1081823545881798,33.026925063739,3.3364870263155963e-239,2.8504066615013826e-237
9825,Mks1,825.8130020218646,0.5293197282043928,0.0395730751354061,13.375754256984925,8.379929134651104e-41,8.059900935910567e-40
9830,Vezf1,79.64017136745673,0.8406463083047333,0.0730142610448999,11.513453622269488,1.1286604844907565e-30,8.474922414349379e-30
9831,Cuedc1,124.1516379791978,1.386627874009977,0.0686194617726064,20.20750146081052,8.4098737723892e-91,1.859990864279175e-89
9835,C030037D09Rik,28.189088382010706,0.7596103802674998,0.1336941998542576,5.681700336256651,1.3336217820075241e-08,4.10642410191292e-08
9836,Akap1,56.390811718160606,0.5997680322305208,0.0854274165777855,7.020790938754476,2.20615753948994e-12,8.476391886735156e-12
9840,Elobl,44.31439004354288,0.7458830372810408,0.0917596903871131,8.128656865932426,4.340731345070903e-16,1.9788194057519148e-15
9846,Tmem100,46.02145466203245,0.6983961055545168,0.0956216296039173,7.303746113169208,2.798642402618422e-13,1.1238419307104576e-12
9848,Mmd,26.9060229184834,0.8388555762616539,0.1408215880093794,5.956867751028213,2.571181404309102e-09,8.293642330982607e-09
9861,Luc7l3,13.403033648281646,1.1908087196113837,0.184404631264917,6.457585752825583,1.063864714714626e-10,3.7171279567053927e-10
9865,Rsad1,22.48073127929869,0.6818467874605854,0.1350757147924732,5.047885835793331,4.4672594577513153e-07,1.233059832589324e-06
9869,Mrpl27,27.18659569013302,0.7794106239489292,0.1190427114444577,6.547319146981816,5.857909286387411e-11,2.0784129284030903e-10
9875,Pdk2,18.780875592867453,0.8005560509435128,0.1915180192780542,4.180056027946019,2.914372815960173e-05,6.890746090971901e-05
9888,Zfp652,49.076321694688026,2.39138903172656,0.1196971755305371,19.97865882070433,8.446256279669082e-89,1.812824562094492e-87
9912,Pnpo,47.59500099588927,1.0858409011644845,0.1116865957200932,9.722213253645918,2.4245325386261207e-22,1.3908740317042805e-21
9913,Sp2,14.564015625659607,0.5203746040253033,0.158064803644098,3.2921598738514217,0.0009942107622244,0.0019734743922605
9923,Npepps,16.617214487185656,0.5584965473352435,0.1498721305458636,3.726487007965322,0.0001941670755923,0.0004202612758846
9927,Arhgap23,115.93320583169402,0.5417159930933013,0.0569350637936481,9.514628719073068,1.8236292792709508e-21,1.0112062067812323e-20
9939,Lasp1,23.567094679226145,1.0574085764637222,0.1324325748007009,7.984505157096181,1.4108712413250413e-15,6.306402665763738e-15
9949,Pgap3,129.75750350400014,0.6210904414920635,0.0574653003562146,10.808095279099932,3.151455220266104e-27,2.1222396282379309e-26
9951,Grb7,184.3959088181037,3.1923352442175825,0.0894686119253308,35.681063733076115,7.774825282992927e-279,8.85618660339874e-277
9956,Nr1d1,18.27688958162548,0.9488741912767312,0.1671306745529702,5.677438889148957,1.3672634813402992e-08,4.207781732791582e-08
9970,Gm11940,33.87190923860683,2.6983035112506912,0.1531435259727644,17.61944224616173,1.7471902349176016e-69,2.886258901814593e-68
9986,Cnp,15.192749638635863,0.5521147141938109,0.1756228861386167,3.143751514014149,0.0016679700881953,0.0032120864858638
9991,Kcnh4,195.6471833404738,0.5200725557377797,0.045556751378774,11.4159271677149,3.4817118290194854e-30,2.575520957391833e-29
10003,Retreg3,26.4714524292346,0.5073149588070313,0.1268743060641811,3.998563417169736,6.372810684094651e-05,0.000145451639655
10010,Coa3,21.14402649492193,0.8018064520667026,0.1299325900961641,6.170941805079689,6.78844065563352e-10,2.2634196239981063e-09
10014,Aoc2,39.242574141143024,1.060208599220501,0.1066701066383724,9.939135083222206,2.8125852184410405e-23,1.6718190718618845e-22
10016,Gm28156,50.973372348268256,0.5071178290172977,0.0873556107954392,5.805211873623277,6.428466160932981e-09,2.022297982901444e-08
10019,Rundc1,174.0203728362947,0.6432521491114884,0.0552249461252647,11.647854715012713,2.35308024970047e-31,1.8065851362017532e-30
10023,Rnd2,69.34920177467386,0.5140638384437564,0.0807120720691483,6.369107188864424,1.9013170263238866e-10,6.540890867503494e-10
10045,Slc25a39,15.67428585244839,0.9569838445334669,0.1708392377538626,5.601663043663573,2.123049585234864e-08,6.449452356889177e-08
10051,Fzd2,195.17604122339395,1.308645688381876,0.0549599749074185,23.81088584167517,2.576170610887362e-125,8.717961438164066e-124
10056,Eftud2,17.602682241871438,0.5827018151955149,0.1481256772287634,3.9338339314094593,8.360155540343859e-05,0.0001881952864338
10057,Ccdc103,20.032020968518783,1.964879216547724,0.1623047152254097,12.106112960543928,9.803065953214154e-34,7.987275990304641e-33
10063,Plcd3,55.821009878256135,0.5024473248633069,0.0855644912380463,5.872147634998068,4.3018537229757694e-09,1.3688644638309605e-08
10069,Arhgap27os2,222.02044579152405,0.691994644452757,0.0609282583182134,11.357532014761317,6.80396845260096e-30,4.986524902940688e-29
10084,Gm11639,134.3291839729833,0.5569653886607843,0.0648046870895137,8.594523230880764,8.361121333628898e-18,4.0897452316161777e-17
10085,Mettl2,278.65636988481526,0.7061312145626321,0.0527530774824144,13.385592808268386,7.34093139461753e-41,7.0801191115326125e-40
10089,Tanc2,36.026713119107185,0.5307735980479233,0.1090966268118227,4.865169653351772,1.1435867014524798e-06,3.0695254940572645e-06
10093,Taco1os,19.24092002155681,0.6507324998199914,0.1428444348919518,4.5555327396003085,5.225297580087713e-06,1.322679538500634e-05
10102,Tcam1,37.78516277492072,0.9923910303847928,0.1168603592435747,8.492110043204036,2.029187347144904e-17,9.774648171929624e-17
10104,Ern1,30.490152202334944,2.536315267431378,0.1401807525165834,18.09317771447497,3.6067744134223404e-73,6.235998460032198e-72
10114,Bptf,59.47244258415039,1.12823189895062,0.1118575425165926,10.08632832053557,6.3500427727381835e-24,3.854703777195439e-23
10119,Gm11712,186.99774437701663,0.5843231519591767,0.0535046952079534,10.920969639918946,9.151354756144656e-28,6.2890303899877396e-27
10123,C330019F10Rik,190.9934071483115,0.6396715206554171,0.0479249599152047,13.347356404412432,1.2272746948629602e-40,1.1771570380886996e-39
10138,Sox9,13.957732900948182,0.8078000497672992,0.1616063114197249,4.99856746107691,5.775780009157122e-07,1.5829579179051788e-06
10157,Mrpl58,11.001129042673371,0.8445502179599527,0.190233268346402,4.43955058597891,9.014692467318546e-06,2.239921019681033e-05
10158,Atp5h,17.073637438924507,0.6506728470222405,0.1485814087914067,4.379234604887341,1.1909686454746032e-05,2.922996979767833e-05
10200,Rhbdf2,12.042228261790692,2.092783212311176,0.2267371503887602,9.229996975453384,2.706395434491224e-20,1.4459552309108846e-19
10206,Mettl23,321.85357349213604,1.4822825972310127,0.0462074792749185,32.07884568668943,8.698087296392497e-226,6.707533867324267e-224
10208,Mfsd11,58.98053962428831,0.5910452173805575,0.0771502655079697,7.660961546781736,1.845461126419209e-14,7.857976181586609e-14
10210,Snhg20,56.04150169981211,0.8251925474340847,0.0827794634162434,9.968566035330944,2.0922769098190278e-23,1.247492370315635e-22
10232,Tbc1d16,62.58364465161275,0.530397695477487,0.0897266591654445,5.91126093861916,3.394987187455445e-09,1.0882441917044971e-08
10243,Chmp6,130.9958291432313,0.5894690257585921,0.0537154532701293,10.97391886082045,5.101242524427422e-28,3.5363744914765755e-27
10245,Baiap2,51.78022115432182,0.5452028091410199,0.0988660097102037,5.514562696917975,3.4964824758654396e-08,1.046662600298572e-07
10271,Mafg,106.6051839146638,0.8355426844898443,0.0765574166362185,10.91393520317086,9.888119666703208e-28,6.781981485686877e-27
10281,Rfng,288.8534202992651,0.6273016581942104,0.0429491813130648,14.60567207606795,2.5842124498244886e-48,2.911289888528843e-47
10301,Gm48512,10.73505612199431,1.4459367608129656,0.1995083437341505,7.247500198486485,4.245338295489377e-13,1.689989854129485e-12
10310,Cenpo,54.85413174139818,1.831632378198472,0.0959229447998991,19.09483056446364,2.787603616673802e-81,5.446452447465361e-80
10332,5033421B08Rik,41.01053523940077,0.8667513086646409,0.1028405111208486,8.428111638283431,3.512878469176126e-17,1.67503272122576e-16
10353,Pqlc3,169.4651476031715,1.7396735292900989,0.0657289433181188,26.467389272794545,2.3016578815188994e-154,1.0392044963500358e-152
10365,Gm48693,59.94679523604575,0.5059680623920617,0.0871425169299529,5.806213547845653,6.390145138497113e-09,2.010968751782732e-08
10376,2410018L13Rik,84.50615589541749,0.9216044448842252,0.0711129303567252,12.95973095555424,2.069721728977273e-38,1.887551559006589e-37
10381,Rrm2,49.38028678066598,1.5561160748495413,0.125502165705079,12.39911730691804,2.6421806553495516e-35,2.2440508996799212e-34
10384,Kidins220,39.29572938354658,0.5515023063470373,0.1134247617168501,4.8622743217551525,1.1604464827065917e-06,3.1133407174585096e-06
10398,Pxdn,133.40123230244072,0.6120279146420873,0.0559726108475021,10.93441784071075,7.891081945885456e-28,5.4401019047821096e-27
10412,Nampt,66.9537526197072,0.6856533335751782,0.1347324797405771,5.08899810124018,3.599602171156032e-07,1.0011788483706885e-06
10418,Atxn7l1os1,18.49178817946573,0.6405532599323221,0.147350944328828,4.347126941398249,1.3793239773489973e-05,3.363489334999066e-05
10419,Atxn7l1os2,28.987621070808117,0.744493775205882,0.1136347765920759,6.551636721902946,5.690984974331589e-11,2.0212448773721403e-10
10425,Ahr,234.85857593810144,0.5860507162513419,0.0448791830451584,13.058408742905256,5.6904810907365126e-39,5.258414870061291e-38
10428,Bzw2,19.901257788436947,1.1143587386639386,0.142829289447963,7.802032363046463,6.091801861958923e-15,2.6449407785306452e-14
10431,Dgkb,17.210504759138235,1.9993907329462488,0.2061659930472213,9.697965718760896,3.075696132167504e-22,1.7569069875914537e-21
10435,Lsmem1,170.29494315224426,1.691987878634717,0.0877841487822387,19.2744123182414,8.809528668528604e-83,1.7627148752596612e-81
10439,Zfp277,10.440335479409464,0.7491150779563756,0.1949015063734238,3.8435571478914063,0.0001212637449418,0.000267957974749
10442,Gm47376,59.15860237209636,0.7914144781011863,0.0823143375030623,9.614539849412544,6.941903860726558e-22,3.916591145508011e-21
10447,Gm47096,16.361289078554474,2.2226815698927425,0.1838073023479601,12.092455204445852,1.1577437341010419e-33,9.410987778877311e-33
10451,Gm15902,17.420801052364805,0.74148324140638,0.1510607505753449,4.908510242285264,9.1770837370285e-07,2.4796622537819024e-06
10453,Prkd1,72.27550343716574,0.6705964834907308,0.0747588207390163,8.970131910343913,2.961595413824331e-19,1.530230799648101e-18
10454,Gm48779,19.210595083769807,2.284432087563377,0.1874522200108622,12.186743306806402,3.6574762047813843e-34,3.0095606844631718e-33
10463,Nubpl,87.85193836111902,0.5422987898200349,0.0709442477012312,7.644013537275461,2.105532560497524e-14,8.943509983999719e-14
10464,Gm35188,115.3300874120314,0.5064993549727994,0.080967052569999,6.255622983619317,3.9593218692940856e-10,1.3403858107625742e-09
10467,Akap6,131.1176874947997,0.6763639971210161,0.0611870601945955,11.054036506574258,2.095749482701631e-28,1.4703994357698882e-27
10472,Snx6,141.385387827104,2.2489855836404797,0.0874874937940761,25.70636654576064,9.92191007226518e-146,4.1368193478334345e-144
10477,Srp54c,42.86638464942234,1.7063309491426386,0.1119272905307324,15.24499468406343,1.7774742216418544e-52,2.1923440010455932e-51
10480,Psma6,11.483055168983684,1.0697059947940455,0.1966157828505125,5.440590675303751,5.3104202041020246e-08,1.5710406266693277e-07
10487,Prps1l3,73.47885450484215,1.1931504904843429,0.0820193884189466,14.54717614315596,6.086410306527002e-48,6.808341387814672e-47
10489,Gm16246,11.632750239784588,2.029626423151956,0.2099380711435418,9.667738738840894,4.1341140525263497e-22,2.355323298706415e-21
10493,Sec23a,68.89694882011008,0.9935208391059764,0.0778533045988997,12.76144724009592,2.691534945579583e-37,2.390829308438378e-36
10506,Mis18bp1,40.253757482115766,1.3249753822152623,0.1056235421973464,12.544318763137912,4.270712086111879e-36,3.691962809362988e-35
10522,Vcpkmt,87.94818997286694,0.8193609471271173,0.0752339012036475,10.890847530413495,1.2744863125121326e-27,8.711166172692507e-27
10524,L2hgdh,29.78661541757692,0.5596880882446768,0.1145464424995822,4.886123706955964,1.0284059543146268e-06,2.7684675582013157e-06
10553,4930447C04Rik,72.58743452602766,1.8927796154023813,0.0913913430818636,20.710710134842056,2.7733790309856655e-95,6.44459330026909e-94
10555,Six4,26.76205267128749,1.2732301333251494,0.1247714044822754,10.204502695215073,1.892883450102363e-24,1.1694141357101732e-23
10559,Gm48653,41.08434134947342,0.9018885071542706,0.1261618938783635,7.148660181209778,8.762895634579158e-13,3.439633899086612e-12
10572,Sgpp1,23.685019323111064,1.3788262051500066,0.1326824763313568,10.391923962186016,2.6985387578786117e-25,1.713926146950016e-24
10591,Gm35240,12.9090599416626,1.0532637950365182,0.1759530009110902,5.986051897851614,2.1499579283602207e-09,6.982755642091302e-09
10593,Gphn,170.85446070485665,0.5391245445579845,0.0553926666177968,9.73277831662959,2.185408699489096e-22,1.256177533466226e-21
10599,Pigh,94.07729361584866,1.0492764918701458,0.0791119215554995,13.263190568997173,3.784454357668551e-40,3.592345890274919e-39
10604,Zfyve26,127.54842262504629,3.9960700342935818,0.1070215843857154,37.338916791694906,3.836483973730193e-305,5.264743519225969e-303
10611,Dcaf5,50.038651812174976,1.3475257835793522,0.0991847985763421,13.586011192452707,4.8478998676515334e-42,4.781505313719915e-41
10614,Galnt16,38.864386417560695,0.8134622105699143,0.1083152566332157,7.510135098737875,5.90663750290482e-14,2.4521409814346164e-13
10621,Smoc1,122.10847811852744,0.5929127419273537,0.0548113573722286,10.817333675953918,2.8494665447582358e-27,1.9240799280142016e-26
10628,Med6,26.99301009992427,2.2242262717945214,0.1455851106706484,15.277841680021126,1.0744054566577584e-52,1.335573345123496e-51
10632,Pcnx,1374.786604992341,1.5179805315239878,0.0303590888263712,50.000859386972216,0.0,0.0
10634,Rgs6,63.929525636105765,1.929223965445191,0.0911418037384439,21.167278749295114,1.912883782737394e-99,4.7020787821646406e-98
10641,Numb,151.05162270662763,1.8958760751837629,0.0601383838331249,31.52522489537693,3.919895018881013e-218,2.8825287083990844e-216
10647,Elmsan1,27.054462471638104,1.0094330569770362,0.1207332219217658,8.360855785254703,6.226492250622239e-17,2.9368148022691313e-16
10650,Zfp410,87.83329420053938,0.7429214644128118,0.0666007427330422,11.154852542571284,6.780514073149575e-29,4.8252674261678545e-28
10658,Abcd4,326.5015298363262,0.719390677351501,0.0417751134360042,17.22055592867615,1.8619113771304377e-66,2.928645440490006e-65
10677,Jdp2,22.23704374756488,0.8421336226144721,0.1376680432784362,6.117132215725917,9.52743169257259e-10,3.1519377285147143e-09
10690,Tmem63c,58.31651256445658,1.347677401441459,0.0916830583873928,14.699306776471747,6.512297043657037e-49,7.432633456244587e-48
10693,Tmed8,11.395953834354874,2.219533926598863,0.2250657903697842,9.86171164863464,6.100050868765321e-23,3.579518065348216e-22
10698,Sptlc2,55.831365579395126,0.8999642937234431,0.0874568622172114,10.290379404285678,7.786893738725291e-25,4.878144646962774e-24
10699,Alkbh1,53.69240916387535,3.3161349129837183,0.1337882096008998,24.786451084710635,1.2550798798596372e-135,4.714123307369345e-134
10702,Adck1,67.8869822603128,0.5486918139066927,0.0784019474587756,6.998446233688253,2.5881664497594785e-12,9.926620793663776e-12
10708,5430427M07Rik,27.737338190553736,2.039383008711848,0.1481981184116337,13.761193668109035,4.3626374332409385e-43,4.4127710497111474e-42
10711,Gm8378,28.061589251123603,0.8535743424269467,0.1215706351563139,7.021221377427469,2.199370492239662e-12,8.452178376792245e-12
10721,Ttc8,46.47130443209156,0.7556299557180993,0.0901597757302523,8.381009708574,5.24755712325417e-17,2.482476263411337e-16
10723,Gm20682,11.656593463047598,0.6771463759692343,0.1741390281330018,3.888538848695373,0.000100849529632,0.000225016720321
10725,Gm26839,101.48178242133014,1.2888101136350365,0.0840965449182573,15.325363424713498,5.176421532977585e-53,6.485598452676733e-52
10726,Gm19951,36.23377223817772,0.5602769841999099,0.1024123368250226,5.470795819815884,4.48019214874497e-08,1.330393402084296e-07
10736,D130020L05Rik,18.95882484935381,1.289871309251544,0.2282106224156614,5.652108984226773,1.584910418439418e-08,4.8604291347109244e-08
10745,Chga,71.73171861976985,0.5456490206286554,0.074017833150964,7.371858880491273,1.6826508532260013e-13,6.83412702633949e-13
10746,Itpk1,60.226592105534216,0.6159144821394111,0.0875635371121366,7.033915057024835,2.008174073300608e-12,7.732756904437251e-12
10757,Ppp4r4,357.7505241687677,0.8244275964178979,0.0349840711636191,23.565799205074832,8.64637261926927e-123,2.853957992587592e-121
10758,Serpina3m,107.35128386288858,2.158246789206174,0.084056701319403,25.67608239829869,2.162732388254397e-145,8.952992888954307e-144
10761,Clmn,41.7658769991406,0.5846135171647422,0.1067671508068147,5.475593501811676,4.360476402911388e-08,1.2961689024379957e-07
10763,Snhg10,208.03177139829893,2.4718283704388004,0.0700226336828004,35.30041988474865,5.785884641373068e-273,6.54781802141882e-271
10765,Tcl1,16.198440620511565,1.786885363924529,0.1724455260866354,10.362027966018733,3.6905307129444137e-25,2.333765212815502e-24
10767,D430019H16Rik,37.369377578768656,1.4935617324478454,0.1087295408219823,13.736485238111898,6.1384215123041065e-43,6.187415275675879e-42
10768,Atg2b,37.40131275032297,0.5511959857332833,0.1065437035153222,5.173426186128537,2.298399451870427e-07,6.509019442183587e-07
10770,Vrk1,37.32272886083281,0.5458899405326504,0.0987755437421159,5.526569835523907,3.265523093531333e-08,9.792074410540964e-08
10781,Slc25a29,34.19161030269121,0.6408690502041323,0.1015464146464551,6.311094807585154,2.7706838696039416e-10,9.44405994121993e-10
10800,Zfp839,68.06269909707738,0.8406198959871977,0.077987023912621,10.778971344374582,4.326973371700839e-27,2.897060773031203e-26
10802,Tecpr2,52.88720298041871,1.45681185150389,0.0898439215993035,16.21491833360914,3.9560310596421043e-59,5.5244959380963604e-58
10808,A230087F16Rik,80.30409663951636,0.7993779843374745,0.0706936504470221,11.30763483400152,1.2028838202911879e-29,8.74587368378591e-29
10853,Dnah11,114.3977868377596,0.5420892072493603,0.060511546355309,8.958442477512378,3.2929668808771744e-19,1.69641817321689e-18
10873,Wdr37,21.431285087639537,0.5666578425055392,0.1336416607405344,4.240128709607303,2.2339165798114157e-05,5.339829673975223e-05
10876,Larp4b,75.64939906930621,0.7687214787736091,0.073918157300398,10.399629899451918,2.488980247559009e-25,1.5837147774537576e-24
10890,Lyst,43.21318672623796,2.947425034632471,0.1338881196150359,22.014089398724124,2.1106837787990697e-107,5.624617262524494e-106
10894,Ggps1,44.37283581019452,0.8127654382376179,0.0946356180098584,8.58836720602332,8.821394924299639e-18,4.3124620123616857e-17
10909,Pou6f2,13.35312254593712,2.113475829746756,0.1937509893222133,10.908206647822512,1.0531336359813016e-27,7.217464808447554e-27
10913,Epdr1,10.407985651199867,1.9106431225752492,0.2203189261241525,8.672169732247957,4.2396305409663356e-18,2.1002922418408548e-17
10918,Olfr1369-ps1,35.98240653856745,0.6494230615549956,0.1015601723883165,6.394465923826109,1.6110947202209454e-10,5.56443891874963e-10
10940,Hist1h2br,19.470582942784027,0.562991542345467,0.133818984194397,4.207112658452232,2.5865421424328475e-05,6.150669458087005e-05
10943,Prss16,43.67327646121136,1.2528016423487196,0.11651256123854,10.752502811982794,5.7675042925450616e-27,3.848241378655258e-26
10944,Gm11290,48.43566688218849,0.5470352297843546,0.0922776330068135,5.928145444996003,3.0637507916327837e-09,9.842405308124636e-09
10946,Hist1h2bk,15.535366440503834,1.875735431754496,0.1820339336652381,10.30431740932429,6.73682258407257e-25,4.2233576976696684e-24
10955,Hist1h3g,461.4791084092275,1.2200321068478064,0.0526574151651271,23.169236526744346,9.303535256897821e-119,2.900572673653224e-117
10959,Hist1h3e,80.83289530603517,1.4033753130654236,0.0810664149941376,17.311426848799336,3.857363308547465e-67,6.13937239647171e-66
10968,Hist1h4c,124.51044988195866,0.5953554969809102,0.0588576776000921,10.115171397452109,4.73188063059192e-24,2.8804476294081727e-23
10972,Hist1h2ab,18.756971861139416,0.5488842539698571,0.149899512303046,3.661681385995433,0.0002505653616939,0.000535941718655
10979,Cmah,107.47144437387952,0.9192491870916768,0.0629164685290896,14.610629117981388,2.402888029268527e-48,2.708766660678647e-47
10991,Nrsn1,163.22774656715274,0.7370946432648936,0.0579421148056414,12.721224376041024,4.507414904405873e-37,3.985551849517278e-36
10997,Sox4,79.11701395053802,1.4417901724694238,0.0792078663502558,18.20261343859272,4.920335406479132e-74,8.635609815117656e-73
10998,A330102I10Rik,132.5151810945496,1.1163868957419223,0.0599517773317758,18.621414500587484,2.154473136403593e-77,3.9775590912332434e-76
11011,Nqo2,38.29244557613989,3.553716938599505,0.1726652288742681,20.58154361343511,4.016845747498563e-94,9.16303503761845e-93
11016,Psmg4,13.50853172964282,2.418054137664907,0.2285125305452634,10.581713536212154,3.6227137123173727e-26,2.367328630606193e-25
11021,Prpf4b,51.3788846544098,0.5206633259497024,0.1122399490091804,4.638841433428626,3.5036773216228477e-06,8.99426842852305e-06
11023,Gm16984,13.772227065915796,0.6617576642412427,0.2022943743308428,3.2712608367396774,0.0010706910758457,0.0021154068778868
11034,Cage1,15.509733739367125,0.8396209756797279,0.1560204930646364,5.381478799274709,7.387640557831171e-08,2.163532173447852e-07
11054,Edn1,55.16268051799137,0.6347426381707137,0.0858639590732068,7.392422210924814,1.4417785122422922e-13,5.870868203588474e-13
11059,Sirt5,36.07706380527797,0.9115494048453786,0.1026072254539906,8.883871489675155,6.457287971272984e-19,3.2963566128689392e-18
11061,Ranbp9,10.091507925619831,0.6727957812166687,0.20037793874544,3.357634006163661,0.0007861262739037,0.0015815085653462
11064,Dtnbp1,26.35015893167841,1.2236420758464048,0.1250180984465928,9.78771946662698,1.2713087616111356e-22,7.358475289723968e-22
11065,Mylip,23.1697058317215,2.4511766321346165,0.1602451940658109,15.296412765601849,8.078848518365372e-53,1.0078609304085305e-51
11067,Atxn1,49.71417479485213,0.560084633989896,0.0927806775077287,6.036651693379154,1.5734483831309636e-09,5.1477489058018475e-09
11072,Gm47523,17.694378087544965,0.689408687596184,0.1480509376938453,4.656564141605187,3.2153013852227275e-06,8.280814621200191e-06
11077,Kdm1b,69.2387049727541,0.7802559240432714,0.0723496873561876,10.784509962039817,4.0740889248166894e-27,2.729843205755681e-26
11083,Ptpdc1,15.88434201798874,2.573103698569227,0.3918228010065866,6.567008586429795,5.1336087785829515e-11,1.8292482885533362e-10
11086,Fam120a,13.338334985004565,0.6810382006847966,0.1730578518863908,3.935321011218174,8.308556666643641e-05,0.0001870820744008
11090,Susd3,68.6502459142814,1.1587210478864995,0.0799817017310384,14.487326761101349,1.4570390385448958e-47,1.6163765985843693e-46
11111,Nfil3,32.67802400349377,0.5091070821698556,0.1050381662966908,4.846877093530282,1.2542007299970846e-06,3.3566047792366693e-06
11114,Gm2762,478.0539848475389,2.508784334052815,0.0467369291638761,53.67884409470149,0.0,0.0
11143,Txndc15,29.096905262566487,0.5176666345231232,0.1127109976701457,4.592867113447969,4.371974770431965e-06,1.1141957507942672e-05
11145,Gm47071,35.32689170800758,0.5161388886932924,0.1093987259368144,4.7179606917122525,2.3822050625898595e-06,6.209552771584815e-06
11149,Slc25a48,225.36807635123785,1.249044417661916,0.0684223030829434,18.254930941856628,1.8904971164763416e-74,3.355151094292228e-73
11165,Isca1,206.25845357092757,3.400904222220924,0.0790092412627247,43.044385287944976,0.0,0.0
11167,Tut7,61.71499099314931,0.712485671490657,0.0885509792409578,8.046050733689773,8.550855609106706e-16,3.856736841498749e-15
11172,Tpbpa,60.87834237617408,2.592129797266379,0.1218482446848555,21.273427483264783,2.0011122749474587e-100,4.982197818254902e-99
11175,Gm48228,39.87031432122644,1.0457001201418783,0.0990217727126841,10.560304986419716,4.551804999806404e-26,2.967783671403891e-25
11184,Fbp2,13.6079170512403,0.7586330187771735,0.1852085777825564,4.096100881827646,4.201668923637397e-05,9.792282161159742e-05
11192,Habp4,53.17203145535697,3.4380758634732804,0.1463833384737334,23.486797741603613,5.565087917208667e-122,1.82652264069892e-120
11194,1810034E14Rik,10.408760937209069,1.4047860076353254,0.2119369400974628,6.6283207023245225,3.3952719448295375e-11,1.2220735120712348e-10
11199,Cntnap3,70.72937908027622,2.534542395735551,0.1348210314236566,18.799310233513197,7.650479963590398e-79,1.4414331330319294e-77
11213,Gm10767,71.02891010029556,0.7520391645407742,0.0887047492318647,8.478003388240507,2.2909129814553098e-17,1.1020157725863411e-16
11218,Zfp457,44.39976910267051,0.5193540855827861,0.0884544578183009,5.871429189579335,4.320541320746898e-09,1.3743090735166442e-08
11224,Zfp874b,357.85598783253835,0.5133446128999131,0.0358983438100309,14.29995254423048,2.1895881524209252e-46,2.3716682610560523e-45
11225,Gm48899,20.36928774962801,0.8142899036345593,0.1391577810280794,5.85155855187322,4.8698777996542805e-09,1.5428509415083587e-08
11230,Zfp738,13.667035405152031,0.7655416731151115,0.1629082429199501,4.699219998900137,2.611570084832637e-06,6.7861105469603686e-06
11237,Gm10037,16.5873218191165,1.2241437251953236,0.1742320174744807,7.025940139702624,2.1262961140029885e-12,8.174958895840302e-12
11238,BC048507,85.3757957496122,0.8194151111558876,0.068095056412171,12.03340087121844,2.37185339649382e-33,1.9084331022204198e-32
11242,Srd5a1,30.53720223544417,0.5339372058217589,0.1169744591617016,4.564562295463678,5.005375577660578e-06,1.2683001681807002e-05
11250,Mrpl36,211.71485741400656,0.7571136007566669,0.0496355457170185,15.253455760779003,1.5614554003707725e-52,1.9300031714653772e-51
11252,Clptm1l,19.762505448994546,0.6076799570950315,0.1409961356460678,4.3099050503089344,1.6332465503080505e-05,3.951717461997599e-05
11254,Slc12a7,10.907632387179506,1.3032225696280364,0.220645440805619,5.906410596428911,3.496419014864727e-09,1.1195221493856784e-08
11261,Pdcd6,14.858056213148645,0.7156401417444787,0.1751318644279516,4.0862931716169175,4.383198657816733e-05,0.0001018131230286
11268,Gm47469,229.35470287433185,1.1559887788466574,0.0897830745187455,12.875353011054452,6.19551614857047e-38,5.612029908382856e-37
11271,Cast,19.748329213860533,3.415386730760262,0.2230739897711224,15.310555633422366,6.500621363957595e-53,8.127175690893324e-52
11277,Gpr150,53.531695721789305,1.7557822102974925,0.0969675825744984,18.106898859199216,2.8114689362149408e-73,4.880306834696614e-72
11283,2210408I21Rik,105.57597719603496,0.5553402452540405,0.0621100765795988,8.941226220230616,3.848755910232994e-19,1.980065141831051e-18
11297,C130071C03Rik,141.3996991386956,0.8622256320405238,0.0582436668342225,14.8037662960791,1.3850498985683692e-49,1.5964715365244404e-48
11305,Gm29680,25.22849305460749,0.5039084445203292,0.1238687464517545,4.068083830303358,4.740132923757144e-05,0.000109694644264
11311,Ckmt2,12.235553781538387,0.9740951009948126,0.181186756599139,5.376193709068477,7.60769431389333e-08,2.225732692673039e-07
11315,Ankrd34b,44.52904361377605,1.348003812236814,0.1083177045564505,12.444907485408278,1.4905698557751262e-35,1.2752897126386302e-34
11316,Fam151b,141.66355472695307,0.5813193536729895,0.0592570995545677,9.81012162327778,1.0184573338536054e-22,5.910647490642902e-22
11321,Cmya5,22.7271934543975,0.8665858576976475,0.1282476936644323,6.7571262526180025,1.4075553347541078e-11,5.1862313687303576e-11
11346,Nsa2,199.3090236378088,0.8266892450392531,0.0453131260128817,18.24392439409805,2.3124384296583584e-74,4.085879720257436e-73
11371,Taf9,27.426870341567646,0.7886996610503612,0.1258529603120943,6.266834400196212,3.6846162965008814e-10,1.2500582599847646e-09
11374,Mrps36,13.8413848873372,0.8684070949589114,0.1960836717703986,4.42875782118034,9.477737360381432e-06,2.348279879396184e-05
11387,Cwc27,1052.5458607733754,1.115786099496818,0.0291206033748038,38.31603642053086,0.0,0.0
11393,Ipo11,34.6426158560265,1.4757760467961685,0.1222141933366428,12.075324530687665,1.4260053750005862e-33,1.15538919923339e-32
11396,3830408C21Rik,75.73918430962392,0.5687242727434767,0.099068893824806,5.740694690194196,9.428894982804797e-09,2.9281322480456522e-08
11397,Gm32004,23.51116352282478,1.1694268594023194,0.1312499422155569,8.909922851483804,5.106808678634033e-19,2.6153823582496013e-18
11399,Ndufaf2,21.389783065670905,1.4623720364494532,0.1423066560772796,10.276202651092529,9.021218461074992e-25,5.6412556634235725e-24
11418,Gpx8,50.40664182727841,0.9120094938346002,0.095496774849981,9.550160152186349,1.294959481643424e-21,7.235830024392944e-21
11421,Gm34586,13.76883189940263,0.9865319840474516,0.1677678995780988,5.8803381727277575,4.0942912381461655e-09,1.3054392187781078e-08
11422,Arl15,370.1896422383178,0.6799917199071975,0.0360105922578246,18.883102922569783,1.5708084370522332e-79,2.975657547928948e-78
11433,4933413L06Rik,261.5246734774136,1.8221544105301228,0.0794493966207651,22.93477972183716,2.090644293382532e-116,6.249699613219685e-115
11435,Fgf10,44.91699253987712,0.8151090863551139,0.0921942875832116,8.84121031489529,9.46872299286956e-19,4.799909956943883e-18
11443,Gm41077,134.24821897162704,0.5085932110742417,0.053852598238477,9.444172198006562,3.582245778873875e-21,1.9669621749909862e-20
11446,D830030K20Rik,72.14675395850114,0.6920556042090402,0.0802357091654058,8.625281827850097,6.3935010606116964e-18,3.140528085804415e-17
11454,Gm3248,58.20213698506032,1.5110759935753069,0.1019657081293665,14.819452748351091,1.096743065432771e-49,1.2675091607667332e-48
11472,Gm3848,15.462765430566598,1.1765835395636897,0.1725629908842699,6.818284346686887,9.213414791847582e-12,3.4310126707760616e-11
11479,Atxn7,89.68404958684874,0.8609243760775003,0.0719089925594459,11.972416041926731,4.9563998535042454e-33,3.958759699673327e-32
11494,Nkiras1,18.43313103275961,3.399300457715647,0.2345565629773185,14.492455101520044,1.3522185253569096e-47,1.5039224288398354e-46
11512,Ppp3cb,23.92699406096295,1.2452086263947837,0.1416276353485751,8.792130316446118,1.4675040998233301e-18,7.391809668127455e-18
11514,Usp54,14.292748800891063,0.649409154762508,0.1586496012755346,4.093355101691349,4.2517581348207536e-05,9.90372103363487e-05
11515,Synpo2l,51.60082286815477,0.5028606363467993,0.0834430630908641,6.026392341316817,1.676599018673832e-09,5.476994882370673e-09
11522,Camk2g,10.877590451343904,0.9534039407318252,0.1847773642568883,5.15974423905272,2.472874291637643e-07,6.992901696359053e-07
11523,Gm30108,35.44792674689148,0.6779647785396281,0.103616367167158,6.543027873636105,6.02855885357636e-11,2.137219766072596e-10
11534,Zfp503,44.895321641507785,0.5645707246538825,0.093125670227765,6.062460793818355,1.340544924621198e-09,4.401472672625892e-09
11535,Lrmda,18.51234531542033,0.7581356569980131,0.1376822953733107,5.506413551157104,3.662176700464439e-08,1.0941953632040843e-07
11541,Zmiz1,290.0119582783575,0.5422205473451911,0.0418894373244532,12.944087626325455,2.537600530617812e-38,2.310438661465316e-37
11554,Dnah12,116.20960230932502,0.570244118423881,0.0592058850058232,9.63154453932737,5.883832836832911e-22,3.3304137278442344e-21
11556,Appl1,66.82579380415805,2.8018981822085904,0.1363884037763093,20.54352206367915,8.794765766665671e-94,1.995770544029288e-92
11561,Ccdc66,13.3863128583318,0.5430993121873295,0.1758056810805735,3.08920228771459,0.0020069473794745,0.0038305857988701
11568,Chdh,17.371222985528547,0.7242909328462919,0.1509773319511078,4.797348870099549,1.6077943260899907e-06,4.250059080099554e-06
11577,Glt8d1,20.14491181824417,2.7531302393676333,0.2028214625971897,13.57415632504062,5.699619545388037e-42,5.615204603562617e-41
11578,Gnl3,10.659958026633976,0.6184550707006682,0.1902115785690435,3.2514060150979702,0.0011483573587543,0.002257244882505
11587,Mettl6,83.76026127354837,1.793891841607163,0.0821102001859955,21.847368993665214,8.234213123250994e-106,2.164492704555329e-104
11618,Ghitm,21.43054401201984,0.5285507662542093,0.1267314139832167,4.170637331673788,3.037489380488754e-05,7.17211284692562e-05
11627,Gm32857,46.33858342340364,0.5407142546968167,0.0909174672329752,5.947308819230972,2.725868456799392e-09,8.779603671243727e-09
11630,Ero1l,31.916292318649692,2.795699350280341,0.1518751500424304,18.40787877081462,1.1358505333726876e-75,2.0556181823072896e-74
11658,Armh4,31.618259909769822,1.2867599732944082,0.1156289155884032,11.12835804734868,9.13017857556629e-29,6.465694929498955e-28
11661,Parp2,97.27151497514458,0.5739501399195526,0.0684764410555528,8.381716851404763,5.2161193906838645e-17,2.468944289539337e-16
11685,Mrpl52,53.48581630537576,0.7784999426423702,0.0972560201312083,8.004645281516698,1.1981153009020669e-15,5.369183199825462e-15
11701,Slc22a17,10.892432813105987,1.1015895798215405,0.1896437367356943,5.808731671201044,6.294788114041046e-09,1.9813178120192765e-08
11718,Tm9sf1,116.7909344770138,0.7670873895951226,0.0825079950874877,9.297127978709671,1.4429049685425166e-20,7.768596784602712e-20
11724,Gm49067,35.643557873511824,1.045310560031654,0.1085134173668096,9.633007469465037,5.800640126042614e-22,3.285458437330863e-21
11739,Parp4,322.3466978944923,1.1110280763706415,0.0438019760486957,25.36479347725052,6.1719037313929985e-142,2.467062803456816e-140
11741,Gm16973,41.97661275701208,2.28697990654456,0.1218362175080156,18.77093653530485,1.3056339495599271e-78,2.4546481632071638e-77
11742,Pspc1,321.233175172807,0.6949362438940357,0.036188726573473,19.203114054956416,3.485548644775669e-82,6.895135275953502e-81
11744,2410022M11Rik,107.25582631144574,0.7612726589783172,0.0622242421545196,12.234341996289348,2.0374926739501072e-34,1.69092487245726e-33
11747,Ift88,10.445346627066543,0.8291019181967153,0.1946946225438754,4.2584736412525865,2.058274838126396e-05,4.936913553381066e-05
11760,Cab39l,15.71659060884457,0.946931392583218,0.1624651088838803,5.828521576654492,5.592056767179513e-09,1.7665101565779332e-08
11763,Mtmr6,446.0706031859549,0.8768678753827954,0.0425790674459046,20.593872247127727,3.1145435333987023e-94,7.1327548883143994e-93
11766,Tnfrsf19,42.815442091474566,0.5556737152452547,0.0979415337549953,5.673524744214183,1.3988888399798972e-08,4.302829986440107e-08
11767,Gm41168,15.088003186414516,1.2411912622800672,0.1781386265846043,6.967558277938005,3.224888812075084e-12,1.2309102544205994e-11
11782,Fdft1,131.22509309713274,0.5850997256336711,0.0557335687283311,10.498156478830436,8.808351882133072e-26,5.687734590656361e-25
11784,Gata4,23.54779330178209,4.313464471717346,0.263172773908583,16.3902382744793,2.2456264313268495e-60,3.200063568697002e-59
11788,Gm15918,66.97761653334425,0.5876475405274046,0.0812724595766999,7.230586395294454,4.809129296035185e-13,1.9078876706419575e-12
11808,Ptk2b,63.30859022984959,1.0955490504806409,0.0802289074489596,13.655290659138196,1.8773875472924204e-42,1.8685956695723758e-41
11821,Gnrh1,36.0635981431194,0.6982138683107871,0.1084279730891531,6.43942562438839,1.1992646399340783e-10,4.1759808481061166e-10
11825,Slc25a37,143.5142848247603,2.547977409094865,0.0974926661916791,26.135067473540197,1.4569714911398964e-150,6.395994747502798e-149
11834,9930012K11Rik,10.85285207704633,0.5079897075706185,0.1802143809423936,2.818807827178897,0.0048202367236186,0.0087425419522557
11836,Sorbs3,17.464503780851498,0.9387100442114624,0.1445441260111921,6.494280121343549,8.34313836338405e-11,2.935087109347139e-10
11850,Fndc3a,68.43610617048925,0.7330537438744552,0.0765742756090548,9.573107130872714,1.0374012004276359e-21,5.81531943424022e-21
11856,Med4,27.159299173271947,1.0480359539238984,0.1214708861519605,8.627877733704862,6.2500839687638e-18,3.0709462477478294e-17
11879,Gm6994,111.5442175544415,0.7715881829015815,0.0630414535791821,12.239378045629,1.914943874715541e-34,1.5899781728700548e-33
11886,Rgcc,20.35329848397214,0.803597581572586,0.1406500794475119,5.713452738378821,1.1070663026651627e-08,3.422126910757087e-08
11911,Uchl3,54.56605966712946,0.8113443216353369,0.082811325614263,9.797504334305623,1.1540160767129742e-22,6.690682696258722e-22
11925,Gm10076,54.34271056689568,2.3251208477440084,0.139562624191065,16.660053945108217,2.5579364058636632e-62,3.752501319982485e-61
11966,Fbxo4,14.407594392236213,0.6944445357498452,0.1677368098327503,4.140084316866839,3.47178188796872e-05,8.15118075488601e-05
11975,Ttc33,18.629449641955077,1.0758093142898315,0.143140924300508,7.515735416318065,5.659190205789467e-14,2.3538989715154854e-13
11976,Ptger4,233.89905821301863,0.9704483744067912,0.0431365752216886,22.497112239890093,4.429808652384807e-112,1.2492347118731785e-110
11981,Egflam,1245.825249005692,0.7337223091733236,0.0458603877961185,15.999042843580654,1.297546038160896e-57,1.7653108784596485e-56
12012,Gm49127,125.21118845872476,0.9807187634600366,0.0554687845040773,17.680552624836178,5.921297015960077e-70,9.82822518039545e-69
12028,Dap,275.98755873730937,1.0909388199702117,0.043234925610969,25.23281362356343,1.7488706192058635e-140,6.895773111203573e-139
12032,Cmbl,63.8989498614661,1.6352307186762818,0.0958579854196003,17.05888885019194,3.002113546849756e-65,4.634263498184016e-64
12039,Gm41290,25.69704707982005,0.530523032784732,0.1217624630847539,4.357032695827255,1.3183758012497011e-05,3.221628360092512e-05
12053,Polr2k,203.2537115685404,1.020722040435919,0.0455569698860002,22.405397966329385,3.4866480975512724e-111,9.769341325421794e-110
12062,Zfp706,12.628076678795676,2.850983283497849,0.2393628379759965,11.91071808642137,1.040770642408485e-32,8.252297887122418e-32
12071,Klf10,896.406408889974,1.0574303750063336,0.0352657890985211,29.98459419275196,1.5585168238884093e-197,9.913077082747152e-196
12073,Azin1,35.992339584509615,0.8080643863880806,0.1021679329957081,7.909178180418173,2.5909355789107104e-15,1.1437392418757816e-14
12074,Gm49077,24.27883022792936,1.130701702913286,0.129570641621323,8.72652700306772,2.626126682547232e-18,1.3119745755816775e-17
12076,Gm26704,71.46372570656402,0.7846137603606775,0.0796700488781853,9.848290184437364,6.971991053152663e-23,4.0829254057239463e-22
12083,Gm33301,14.880044196943423,2.199379285581468,0.1917788801313665,11.468308106058998,1.9034436810312307e-30,1.420694495632218e-29
12084,Zfpm2,111.20535891913612,0.5556387088526542,0.0608904188209046,9.12522396153883,7.158808573479754e-20,3.771575447962671e-19
12088,Angpt1,29.21505097700461,0.6267653381488174,0.1145250795050264,5.4727343640159525,4.4314412032859725e-08,1.3165897935708818e-07
12106,Dscc1,45.81620149069169,0.5216425202186452,0.1245367449664657,4.188663517414954,2.8060208996387497e-05,6.648087580057657e-05
12120,Gm29394,213.65208318120335,1.938236578204904,0.0494894083378985,39.16467469102111,0.0,0.0
12121,Atad2,66.34971502196292,0.8140287029581468,0.0744750650093946,10.930218091860151,8.264954515412808e-28,5.69109550749168e-27
12136,Myc,206.101494927813,1.041908360641296,0.104213991075518,9.997778128334833,1.5585460868901392e-23,9.340557497359473e-23
12160,Mroh5,60.33471762743885,0.5807630185407358,0.0812159371894548,7.150850419739324,8.624192642241634e-13,3.387478687603949e-12
12168,Mafa,296.1914427108922,1.249096903356363,0.0452976823004879,27.575293920565755,2.2017901712613257e-167,1.0995071376717018e-165
12181,Fam83h,15.62469505559796,3.26625831356767,0.245337415164838,13.313331402685264,1.9365063273260954e-40,1.8513127960855288e-39
12187,Parp10,34.75174696804475,0.5905304375971973,0.1064698096740026,5.546459032897006,2.9151288999761848e-08,8.767017509712674e-08
12199,Dgat1,193.7377301576525,1.2628218041688308,0.0739357974640733,17.079978136199284,2.0919721424892866e-65,3.2407902666047366e-64
12205,Kifc2,12.587570542105375,0.6231910003367647,0.1901528990651219,3.277315273133646,0.0010479928008159,0.0020726757299841
12215,Gm49527,30.489681990120825,0.5662398485748317,0.118681667109459,4.771081013317698,1.8323981610064733e-06,4.819655169034231e-06
12220,1700109K24Rik,17.899129276957396,1.057039881896075,0.1593360160529143,6.634029820006541,3.266437932741579e-11,1.177647502933807e-10
12231,Card10,67.26001141972054,1.6781444908864227,0.0863600877698395,19.431945175401957,4.143581232389307e-84,8.446120902699513e-83
12261,Gm16576,57.58088123013339,0.5846431619376719,0.0990683820618752,5.90141021554708,3.6040754285558323e-09,1.152933674171642e-08
12263,Nptxr,15.005488332081685,0.5735499597570768,0.1539975744211473,3.724409049382505,0.0001957732748803,0.0004233697275858
12264,Cbx6,69.08626077947744,0.9509510921357828,0.0806424630681738,11.792188084977816,4.2826757217133647e-32,3.3470167030502478e-31
12270,Rpl3,17.668322592331727,0.6689898879889864,0.1524078673648073,4.389470829531885,1.1362681833583076e-05,2.792678310473641e-05
12272,Tab1,71.23053139097868,3.005971404936607,0.146414274377911,20.530589778274425,1.1477338976592256e-93,2.601132167542911e-92
12276,Fam83f,48.00190269785905,0.6566172572103749,0.0867462800206026,7.569399599088575,3.7495312068566183e-14,1.5727275541058278e-13
12282,Dnajb7,99.645390177438,0.7330556062243359,0.064118965319424,11.432742287284944,2.8690254016043903e-30,2.1304377801091316e-29
12283,Rbx1,377.0264333802537,1.3644552066942004,0.0476528401126325,28.633239980432773,2.5922473391473496e-180,1.4480027764955131e-178
12291,Aco2,136.48360423581832,0.6649635423194393,0.0576985327037966,11.524791206270724,9.89517888827743e-31,7.436532025222037e-30
12312,Rrp7a,16.173287356039328,0.5964865079330296,0.1597005799114298,3.7350303190122527,0.0001876925732006,0.000406955233359
12313,Poldip3,286.37316268373604,0.670818762558859,0.039636800314082,16.92414012340277,2.986770765376925e-64,4.5342718553126353e-63
12335,Fam118a,123.9910557523698,1.2599818724880198,0.0601287729726454,20.954724505374944,1.6990927380912772e-97,4.078758710668703e-96
12337,Fbln1,11.185636261212538,0.8420725981971663,0.1921929153130853,4.381392502556177,1.1792322038172576e-05,2.8962315174925544e-05
12343,Gtse1,170.82708504689973,0.9842436491826776,0.0613176433965324,16.051557017899636,5.574778562862533e-58,7.644157418848797e-57
12350,Zbed4,93.71125470715408,0.7475743481267682,0.0643373690067898,11.61959774960448,3.276753890395114e-31,2.5014133509332482e-30
12362,Ncaph2,11.38690779042206,1.517611310602709,0.2028714490272337,7.480654956030714,7.395311183072085e-14,3.054919619671665e-13
12383,Pphln1,12.29671958618423,0.5412165325345958,0.1826567181521104,2.9630256034923868,0.0030463122905767,0.0056618460701899
12390,A130051J06Rik,29.26323503125038,0.5476527170101821,0.1211673649294916,4.519803804670226,6.189696591660905e-06,1.5575228443468995e-05
12392,Gm49173,127.35957590723991,1.7112654854736091,0.0702462979155943,24.36093482861985,4.43986576383517e-131,1.5727231815471412e-129
12395,2610037D02Rik,60.067194720982265,1.306961373028563,0.1008473812020392,12.959794864778642,2.067998114899334e-38,1.8869670757311834e-37
12405,Slc48a1,11.28488862648674,1.7575554554355493,0.203573147762349,8.63353283453335,5.9485570386598484e-18,2.925266706257445e-17
12407,Col2a1,42.18917924451024,0.749587920030427,0.1034241182436271,7.247709071734009,4.2387985333522123e-13,1.6877720091218264e-12
12412,Ccnt1,55.850935535844414,0.785954332259171,0.0828072088972056,9.491375723517386,2.280050043477407e-21,1.258287275418754e-20
12426,Tuba1b,49.505986456104345,0.5309331738422869,0.1019101374934705,5.209817069242048,1.890269119263876e-07,5.382063422730083e-07
12429,Tuba1c,26.805795926845494,0.8900779242987183,0.1202878006990749,7.399569358869853,1.3662684657485457e-13,5.571204216440256e-13
12430,Prph,254.22544126672085,0.6268842798651995,0.0392361809190054,15.977199237593126,1.8423994807423506e-57,2.4968381143373004e-56
12450,Gm17058,45.2429790131311,0.591698857838871,0.092031351938124,6.4293183287874704,1.2817744893947148e-10,4.4481811631165047e-10
12465,Csrnp2,769.4027185940777,0.5294459702619383,0.0536124685526444,9.87542608193936,5.320635482996293e-23,3.126471307372236e-22
12498,Prr13,372.70719107584495,0.920771101395067,0.070789874234272,13.007101811593374,1.1149082419584803e-38,1.024281541426062e-37
12500,Map3k12,322.41595327014164,0.7234501747911137,0.0450141435150792,16.07161923560237,4.034094801056839e-58,5.540284018346619e-57
12502,Atf7,63.33753796685839,0.6887539284991429,0.079252148934772,8.69066565079537,3.6032201421307114e-18,1.7901060614895677e-17
12518,Gm49504,1598.2042097483195,3.779611046613628,0.0827364586619397,45.68253352560177,0.0,0.0
12521,Zfp597,40.50615082066782,0.7968811011368835,0.1042833576428156,7.641498309503108,2.1470834693857074e-14,9.11555924590843e-14
12532,Glis2,53.94809056935657,0.7875281817985015,0.0879274214946909,8.956570867326667,3.349322007145377e-19,1.724940423774516e-18
12565,Emp2,10.017765393658614,1.6840399153020686,0.2143379381244053,7.856938113889218,3.936372135756272e-15,1.721101193727052e-14
12586,Gm15738,111.38616644753728,0.5429791619364365,0.0627310703909477,8.65566550279668,4.900438451664266e-18,2.4214585011512568e-17
12602,Abcc1,308.91732007260657,1.242365815742532,0.0567475006825683,21.892872827862902,3.0375504603108977e-106,8.020974154893687e-105
12622,Ppil2,57.48406659476189,1.1289782246237752,0.0845386357959886,13.354582954807336,1.1138017851740075e-40,1.0689062506614869e-39
12627,Ydjc,13.701105626652208,1.401738483388278,0.1778179732441087,7.882996627477975,3.1962169886560605e-15,1.4052388919853131e-14
12629,Hic2,24.35517175912155,0.5511523645214416,0.1214969899391032,4.536345837026008,5.7237293527084e-06,1.4446510522665025e-05
12630,Tmem191c,23.00556116642012,0.563537897046507,0.1277377589643263,4.411678282252376,1.0257244539788948e-05,2.533851989219586e-05
12631,Snap29,114.94965283198997,0.521439595077354,0.0797029358455078,6.542288430730907,6.058451113081432e-11,2.1473802318239415e-10
12633,Aifm3,71.71499033002956,0.568596553652101,0.0885408853449439,6.421853039270179,1.346253622311063e-10,4.666042925035458e-10
12645,Dgcr6,14.51540363564973,0.9177602950694914,0.1908999619363593,4.807545720598134,1.527944821142611e-06,4.052506824360588e-06
12646,Prodh,30.38450596264999,0.6791680954324326,0.1111460976441693,6.110588764049703,9.926424838530655e-10,3.2814440835719323e-09
12655,Cldn5,29.187226067059832,0.5015140772851984,0.109418815144451,4.583435459642988,4.573981066913551e-06,1.1640536032823082e-05
12661,2010309G21Rik,78.03804563330313,0.6428018949618822,0.0736844413496096,8.723712675135692,2.6922572114186293e-18,1.3425081167554752e-17
12662,Gm43388,40.91022396151279,2.9464589411445354,0.1492172326541095,19.746103641893185,8.665092238638852e-87,1.8216553381785037e-85
12670,Abcf3,257.74901021562044,0.5800097130024651,0.0411319487911701,14.101197002534835,3.733821845008782e-45,3.927160356959146e-44
12689,Liph,21.911486001163453,1.2703724309273,0.1433262251995442,8.863503027158075,7.753879088332542e-19,3.9443842601126544e-18
12698,Kng2,120.98954561844918,0.6066585453546192,0.0562790235862053,10.779478866142195,4.3031672018995705e-27,2.8822289775059846e-26
12718,Lrrc15,10.957254129620877,0.5447060556663942,0.1826265765288575,2.98262205873592,0.0028579066577454,0.0053321482958128
12724,Xxylt1,61.22145011464592,0.6042738239763663,0.0949807046407884,6.362069288301189,1.9905360457080732e-10,6.839720466206685e-10
12725,Acap2,30.35047992039265,2.8518638089129844,0.1842104681064083,15.481551283315872,4.6219186780879986e-54,5.931575752703803e-53
12732,Ncbp2,53.773402479763945,0.9043781507837084,0.0848785607638512,10.65496566677026,1.653056496974037e-26,1.0916812667398075e-25
12735,Cep19,78.92733952434327,0.682231559064924,0.0801969860507464,8.506947613133821,1.7857216726728925e-17,8.623318734093424e-17
12741,Tctex1d2,70.50616304135971,0.6035518597407734,0.0737947980968764,8.178785975516073,2.8671784560133195e-16,1.3160175436239172e-15
12760,Ccdc14,23.60578722174774,1.5962106272981975,0.146848561934756,10.86977363801073,1.6059880312276747e-27,1.0920467970439295e-26
12761,Mylk,156.44907806589745,0.927265321368962,0.064880069616742,14.2919902343891,2.454919723953104e-46,2.6574124813077448e-45
12773,Gm15564,173.16745844712673,0.5441761510021964,0.0481550583047478,11.300498227172598,1.3047563927150528e-29,9.466816990940027e-29
12784,Stxbp5l,12.14305707393922,0.6788233132716304,0.1812390567766114,3.745458210524253,0.0001800648203176,0.00039124419505
12786,Ndufb4,217.21393755772075,0.73231449537887,0.0578197153494666,12.665480813122429,9.185582765491528e-37,8.064802843173114e-36
12792,Cox17,77.47868723473991,1.768610695400996,0.0983015391358827,17.991688746157223,2.2635348627841951e-72,3.875136108900093e-71
12794,Adprh,10.703338089857306,1.038440544380942,0.2457992266510855,4.224751064229419,2.39205044331864e-05,5.702962397559132e-05
12795,D930030I03Rik,64.19092296815977,2.523609659381835,0.1015329166202245,24.85508880653147,2.278202556010823e-136,8.688077493688539e-135
12799,Tmem39a,74.87215388619629,1.7076097495795857,0.0848923341769087,20.115005272691228,5.4533275503198025e-90,1.1894942746805194e-88
12807,Qtrt2,536.7558072103403,0.8097562432792329,0.0337995724066808,23.957588384141125,7.701961295459984e-127,2.62680589935962e-125
12817,Nepro,41.52536157928614,2.0263420955960947,0.1105446476105481,18.330531051444066,4.722715647708681e-75,8.467848591385483e-74
12853,Lnp1,25.88721004918777,0.5745683191158824,0.1444510683257135,3.977598267534613,6.961485640052724e-05,0.0001582634643032
12857,Tbc1d23,124.45438932151784,1.0950676744888326,0.0740705975920083,14.78410746083926,1.855000014483606e-49,2.1297062089868436e-48
12873,Epha6,64.10803148173859,2.757215144123648,0.2807405400968634,9.8212219124902,9.12309243989962e-23,5.312303877132329e-22
12874,Arl13b,276.735884484979,0.7020938615370546,0.0420014661587037,16.715936983822743,1.0033053243768378e-62,1.4843467905975833e-61
12880,Cggbp1,60.04220842938868,1.345086388140234,0.0863079384885845,15.584735444910908,9.244527268169124e-55,1.2005485933655104e-53
12886,8030451O07Rik,37.06741356308469,2.260183918423345,0.2326195647871676,9.716224516589016,2.571394489761655e-22,1.4727000712312236e-21
12887,Robo1,13.601264429810737,3.472922173517736,0.2715262995185916,12.790371244609188,1.855852507733175e-37,1.657806125308753e-36
12891,Usp25,20.161416398382663,0.5548153479487155,0.1356185478007833,4.090999033286439,4.295189221955918e-05,9.992865807001434e-05
12892,Mir99ahg,14.597372224367884,1.384436409358288,0.1888226723412437,7.331939497478934,2.2684551105042939e-13,9.147301172112176e-13
12904,Gm49226,79.05684539796879,1.253366754706727,0.0790647396298606,15.85241108203643,1.352890206774395e-56,1.80537293443064e-55
12905,Adamts1,54.35074661021718,0.8218105556480484,0.0840556320263036,9.776983836025147,1.413603659752553e-22,8.176662655880349e-22
12927,Olig2,17.253218353150714,3.1416857651206853,0.2889246838899921,10.873718793500109,1.5380131912082115e-27,1.0470505428272152e-26
12930,Il10rb,62.51792202837381,2.014779137537194,0.0949407337018499,21.221440565904704,6.054051871758026e-100,1.5008537129587318e-98
12944,Slc5a3,757.971559292116,0.7788576788031897,0.0300215288923691,25.94330493944824,2.1638151962806102e-148,9.334398821974869e-147
12947,2410124H12Rik,399.2596919981624,1.2127205679895412,0.0339612627564946,35.708936286758735,2.8725511860212058e-279,3.293606715130104e-277
12958,Ripply3,102.41155130354178,1.535365602588468,0.0915769181927671,16.765857957313674,4.337082985556737e-63,6.4493756205019465e-62
12968,Wrb,24.147434438211636,0.596293338221143,0.1263455488145257,4.719543694384494,2.3637427081246653e-06,6.166039203292421e-06
13003,Rps6ka2,219.5158457723937,1.1913730196378534,0.0572641189043016,20.80487821053957,3.9095187944951766e-96,9.232397500062592e-95
13028,Pnldc1,20.94132769860207,3.478452045199855,0.2201440393554199,15.800800491281692,3.0719088508535858e-56,4.0774735302876085e-55
13031,Acat3,80.57395563900442,0.7201154583914905,0.0727306292451438,9.901130594708444,4.115953484069371e-23,2.425865313505614e-22
13040,1600012H06Rik,56.89243133490441,4.515841898711809,0.1950515590577164,23.15204205763644,1.386501856203871e-118,4.291998996433582e-117
13044,Gm3448,164.68621723595234,1.1267949576746392,0.0696650469905774,16.174466340732437,7.635649512367545e-59,1.0611969673169184e-57
13049,Tbp,535.2789863593506,1.3259647336107194,0.0328979644788258,40.30537313225413,0.0,0.0
13061,Lix1,128.64778550608688,0.5678808646438429,0.0567161976646257,10.01267517970504,1.3407705024537938e-23,8.046469806048457e-23
13063,Spaca6,15.145956877740415,3.0263791442528136,0.2394458872720804,12.639094280262007,1.285259071711958e-36,1.1250374234955302e-35
13067,Zfp160,24.863426759327982,1.050913296506614,0.1245757113397766,8.435940563407893,3.285497387422915e-17,1.5696175566887762e-16
13078,Zfp229,118.61472400866862,0.5988660882979877,0.0656766203745136,9.118405985006838,7.623734574401833e-20,4.01287967872773e-19
13099,1520401A03Rik,19.18070988022176,0.6012244817559759,0.1432353947085951,4.197457499796997,2.6992829250940364e-05,6.405651255247667e-05
13101,Paqr4,23.671631975889145,0.5439576864047113,0.1266873737612257,4.293700865801641,1.757191906286003e-05,4.2357317486517925e-05
13102,Kremen2,46.75608528925876,0.5110048077637276,0.0871496838514963,5.863530252553565,4.531282436842917e-09,1.4389794152568945e-08
13103,Flywch1,36.96483537269648,0.7244111288209539,0.1009761866692331,7.174078886479454,7.279562846918969e-13,2.8690235480801407e-12
13104,Flywch2,72.9007004899311,0.588291562521835,0.07879425931826,7.4661728863475965,8.256085823208096e-14,3.4031945063119843e-13
13113,Tbc1d24,10.79306263254784,0.6253225359311522,0.1923578029604481,3.2508301005066507,0.00115068599743,0.0022611518280764
13118,Abca3,41.82880060417333,0.5214538998203531,0.0943248828889133,5.528275083410074,3.233946885167286e-08,9.699058047615809e-08
13126,Traf7,28.441376040150796,0.6272725852106684,0.1114514879406745,5.628211850743213,1.8208736884574595e-08,5.558624389987145e-08
13127,Rab26,19.245016977304484,1.154301040415021,0.158637548249248,7.27634190741152,3.429936350134871e-13,1.3710305208750122e-12
13138,Noxo1,67.79520812818765,0.5289571287654086,0.0730932178228705,7.236747054251322,4.595741185109555e-13,1.8248935378010783e-12
13149,Nubp2,15.881511449180987,1.112318217673194,0.1632713256105073,6.812697903407055,9.578515068562435e-12,3.5639274255957754e-11
13156,Cramp1l,51.44601814278983,1.389358066218019,0.0920329608040226,15.09630956214214,1.712537322132117e-51,2.0640456742820566e-50
13166,Cacna1h,421.7517835049338,2.714248563186042,0.0482543763655501,56.24875436425287,0.0,0.0
13172,Haghl,110.26221481981015,0.6574054532973411,0.0648506134014352,10.13722798931601,3.77664346998871e-24,2.3054060383524779e-23
13176,Wdr24,87.16532674929344,0.629843367260214,0.0715922627851922,8.797645761665846,1.3971626202154894e-18,7.039534589510133e-18
13178,Stub1,48.26066747820244,0.5111469569657622,0.089279923048956,5.725217266209763,1.0330145130473432e-08,3.2028779458084154e-08
13180,Rhot2,35.39991593399318,0.7149844356965874,0.1075555931637191,6.64758023888401,2.979505681830099e-11,1.0768731858758808e-10
13181,Wdr90,292.8176999854456,0.9669435330104688,0.0466521724261289,20.726656074624803,1.991566419427292e-95,4.64645509474951e-94
13188,Capn15,110.98597956655674,2.5956386694501425,0.0958996000637431,27.066209532937133,2.461849502776895e-161,1.1852241197346885e-159
13195,Arhgdig,36.11823378480699,0.9726310335224942,0.1063298462996786,9.147300286518275,5.837407854580509e-20,3.087536998167803e-19
13199,Gm34455,12.202426903993898,1.7932600494923412,0.3703883638473866,4.841566918747019,1.2881927886924923e-06,3.443875428951183e-06
13200,Dusp1,31.897405191312718,3.043733605418709,0.1602273523652195,18.996342138144264,1.828525896800534e-80,3.5251713859999686e-79
13203,Atp6v0e,39.74113119399347,1.4191667973258988,0.1075089959541667,13.200446946141314,8.721603974559027e-40,8.220665985322593e-39
13207,Gm20468,17.4637768671836,0.5871361325458688,0.1581329904255677,3.7129262588772094,0.000204876595767,0.0004419593156365
13223,Hmga1,13.64940886627293,1.0819025685592598,0.1783752784699814,6.065316773934747,1.3169382821734272e-09,4.327224808016307e-09
13224,AI413582,42.74482960346139,1.573321606647578,0.114230492575966,13.773219139375426,3.6937977953434396e-43,3.7405873316237935e-42
13227,Gm15458,46.42519420327485,0.7432448613084436,0.0964610990183668,7.705125370455556,1.3071489857439655e-14,5.5986710551845257e-14
13228,Ilrun,186.29212953608592,0.8440897619058118,0.0536981064860333,15.719171813355404,1.1177519645619757e-55,1.4724248857434707e-54
13238,Tead3,16.45805401343362,0.6618351244136399,0.1539866155189901,4.298004227075309,1.7234287742519012e-05,4.161085236412746e-05
13250,4930539E08Rik,80.90214101580274,0.7004787344275475,0.0694503493002546,10.086036160871824,6.3689635436492476e-24,3.864843197726988e-23
13255,Trp53cor1,49.48329298807713,0.7579880291290717,0.0996748482409596,7.604606804082297,2.857713849321542e-14,1.2059137279897297e-13
13257,Cpne5,33.4751302455275,0.5545806638118428,0.1086532258445202,5.104134364178311,3.323121089011736e-07,9.28279441245336e-07
13261,Fgd2,62.55493821926556,0.9638216998493342,0.0840843169815156,11.462562038307484,2.0340719902407432e-30,1.5143018644133136e-29
13280,Gm50218,28.00258186825665,0.9292285235217024,0.1230836082333558,7.549571684313688,4.3669198332951005e-14,1.8242252841482986e-13
13290,Cbs,28.80253064802252,0.5417321244097077,0.1220281363914947,4.439403406700441,9.02085900402048e-06,2.2411337237643463e-05
13295,Gm17276,14.939385497467514,2.0817864675393407,0.1982129020383002,10.50277981973687,8.387315065356731e-26,5.4259141410184525e-25
13306,Zfp811,67.2103349308896,0.6592388405985687,0.0761577687802524,8.656225768650778,4.8764229386921764e-18,2.4109588361851702e-17
13310,Cyp4f13,32.57314535349506,4.972051312946164,0.2880330696172666,17.262084938902813,9.077337751169771e-67,1.4329695862987929e-65
13340,B3galt4,10.196559820649224,0.9237590381948428,0.1951906907875722,4.732597822506699,2.2166441684167222e-06,5.797070013080227e-06
13358,Pbx2,177.05926537803992,1.1157858774560645,0.0596533193172909,18.70450614024165,4.54927693616886e-78,8.488736450058982e-77
13367,Dxo,14.598800818440251,0.7800615980462617,0.1603508772840551,4.864716746540863,1.1462083788464227e-06,3.076088639749839e-06
13369,Nelfe,59.664270489108574,1.495448314073176,0.10306479587202,14.509787764292838,1.0504507852625708e-47,1.1705406832196984e-46
13384,Csnk2b,72.06305637576816,0.8519270491964358,0.0842584388359793,10.110881010444889,4.943768240378283e-24,3.0073295948800253e-23
13415,Mrps18b,179.6774040770529,0.5034334691425058,0.0541013291312344,9.305380796122758,1.3351304527662058e-20,7.203917501798586e-20
13425,Gm7030,15.51170527471078,0.6348398702703046,0.1572746118972286,4.0365057183237045,5.425320395202532e-05,0.0001248712148013
13433,Ppp1r11,28.024753873306903,0.6575245269724737,0.1215609993417869,5.409008897037323,6.337448189191862e-08,1.8644336097440207e-07
13436,2410137M14Rik,47.443134806422464,1.6398262297026924,0.1010948901704575,16.220663843026664,3.6027958377840257e-59,5.043335410514057e-58
13439,Mog,26.971412525262465,2.2877387609601345,0.145520476240755,15.721078023241253,1.084623952205169e-55,1.4298658274607935e-54
13450,Mmut,69.51349505013461,0.9512431629663796,0.0881173613689951,10.79518437896715,3.6273371948480095e-27,2.437995859306252e-26
13462,Enpp4,10.15873204385714,0.5476178018358281,0.1854869701813933,2.9523249061661634,0.0031539088148163,0.0058524619702533
13470,Tmem151b,46.34098708453676,0.8998255574349633,0.0893651647870526,10.069086310970818,7.567783595396955e-24,4.584335505755236e-23
13471,Nfkbie,26.454843430274646,2.6682431961250264,0.169224203648532,15.767503339337908,5.206768300537763e-56,6.895925771690738e-55
13506,Gnmt,166.03975067266478,0.8084962078312439,0.0563249152086302,14.354148689554767,1.003501869884468e-46,1.097178832393131e-45
13509,2310039H08Rik,15.828804164361408,4.459024605642691,0.3257039310251471,13.690423052641684,1.1583288289734453e-42,1.1585191264291958e-41
13515,Guca1b,39.02850890803772,0.6204703308965704,0.112572374370296,5.511745971134912,3.55291461809288e-08,1.062642800139398e-07
13521,Med20,96.90990462214678,3.771197744444357,0.1104319005552395,34.14953220476317,1.358699386605549e-255,1.392906641750677e-253
13536,Kif6,79.33168240711059,0.9242303024318392,0.0754149471913326,12.255266851636277,1.5743026346454363e-34,1.3096394423198409e-33
13539,Plcl2,39.60856888996116,0.5305081741910234,0.0977990518604148,5.424471547517651,5.812624768703986e-08,1.7135256436234306e-07
13541,Satb1,81.14201886787961,1.4837032158356496,0.0927078148469282,16.004079249256627,1.1967052215744644e-57,1.6306629086473626e-56
13544,Rab5a,45.54888843601554,0.7341825442406192,0.0911223821865601,8.057104375711825,7.812294042154467e-16,3.531845929096447e-15
13547,Sgo1,12.477824334582804,0.5576948288265441,0.2006316338949545,2.7796953949871064,0.0054409909033574,0.0097748262512847
13581,Ranbp3,233.98671579358043,0.5696912210041198,0.0542114652043848,10.508685180455894,7.87842458150004e-26,5.100489732777961e-25
13584,Nrtn,400.68395052501074,3.844008280392471,0.0857948493950579,44.80465094928996,0.0,0.0
13585,Dus3l,55.85600347537466,1.186977538266501,0.097634864227126,12.157312325495312,5.245625030752232e-34,4.29756990420681e-33
13597,Dennd1c,1451.9144779356045,2.36051542513482,0.0455726027527146,51.79680954242207,0.0,0.0
13599,Gm11110,91.5791893797052,1.2455912938580946,0.0805021152091381,15.472777213643974,5.297155092686106e-54,6.7781805400391665e-53
13615,Ankrd12,79.16367207076723,0.7759403612978901,0.0783499556403501,9.903520109949891,4.0187549429479904e-23,2.3693796057407843e-22
13616,Ndufv2,72.3933041520172,0.7135690887239282,0.07949620991196,8.976139736903024,2.804331591911517e-19,1.4498336097251237e-18
13626,Epb41l3,142.66659654753488,0.5473774012636287,0.0570040032164097,9.602437905730367,7.807548722491802e-22,4.3950245198833045e-21
13639,Myl12a,49.68099753146537,0.6147267886789403,0.0917212233311969,6.702121563067453,2.054150338690013e-11,7.513060252400746e-11
13681,Rmdn2,27.330833536063054,0.6900152536025564,0.115819538261582,5.957675742448007,2.5585051785624673e-09,8.254281423914603e-09
13709,Lrpprc,40.255436514577376,0.9771542609515956,0.1161375178694035,8.413769115079628,3.970418665245582e-17,1.889581007588749e-16
13715,Prkce,300.96874619161866,0.5040734216468239,0.0416822426734615,12.093241373688365,1.1467156248840725e-33,9.325692912029686e-33
13718,Gm50012,514.7921963856065,0.5609448516663242,0.0400636879709394,14.001328386772856,1.5298422595012482e-44,1.5898682706373136e-43
13719,Pigf,140.16326074142918,0.9674495453303562,0.0608606551857532,15.89614082164573,6.739036907855645e-57,9.048377136371969e-56
13732,Msh6,124.10097007543828,2.850592894183408,0.0935959640081021,30.456365553718182,9.866015299437859e-204,6.690463604614902e-202
13736,Gm10184,28.434584412213905,1.5100769442942017,0.1518127777547391,9.946968671726724,2.5998184912571998e-23,1.5474602686349204e-22
13740,Gm20939,35.12487821726907,0.6263758060175351,0.1145042426080778,5.4703283629540085,4.492025437590337e-08,1.3336800566665146e-07
13755,Gm28529,13.671637854685148,2.0265345127802785,0.2118983556951266,9.563710422066697,1.1360893603083141e-21,6.356264966758683e-21
13769,Rbbp8,14.022887274290465,3.0570219732768087,0.2468650717726208,12.383371820589222,3.2154438733800573e-35,2.720327952682895e-34
13806,Zfp397,87.91853732230622,0.789175118080349,0.0711788695300662,11.08721061869349,1.4473055066527132e-28,1.0203738013731183e-27
13816,Tpgs2,59.50287283223721,2.8721317131522124,0.1097157690889095,26.1779299092799,4.7406766210645417e-151,2.09296739071202e-149
13822,Slc25a46,483.6771226017218,0.674803060556661,0.0432073719451975,15.61777609183343,5.509398108031047e-55,7.197735399307728e-54
13828,Iws1,13.999022171019131,0.7043493903499337,0.1815980923711182,3.8786166812287215,0.0001050521362457,0.0002338547235267
13838,Epb41l4aos,13.284476146173889,1.2129776549107938,0.180534639040364,6.7188084312152165,1.832165898499736e-11,6.711010357094029e-11
13842,Reep5,85.61159461955225,1.0102032337338154,0.0840997110442228,12.011970328918396,3.0743177394212134e-33,2.469087998278014e-32
13844,Fam13b,148.38766595143144,0.5752681510324452,0.0523459306071231,10.98973968674011,4.281591786165242e-28,2.9752624262076493e-27
13845,Nme5,177.5177481922973,0.7173492397148872,0.056877558135832,12.612166612387796,1.809491589448496e-36,1.5783693403858052e-35
13849,Cdc23,52.68697816372728,4.301071238508773,0.1790863569581317,24.016744276697263,1.85899333925925e-127,6.352654101296119e-126
13860,Ctnna1,69.80984526442528,1.5802003681343937,0.1049588320794398,15.05543017988607,3.1802396587833654e-51,3.806676976186572e-50
13866,Gm50163,26.262992302521425,0.7821633972743254,0.1880532539474053,4.1592654253836026,3.1927271833266625e-05,7.522353569151963e-05
13883,Sra1,11.719544336622834,0.567942416695972,0.1849743384326948,3.0703849058642523,0.0021378306445282,0.0040657041109601
13885,Slc35a4,87.25703046815103,0.6919825806057008,0.0687740271734799,10.061684752882076,8.158997223182431e-24,4.937326514084146e-23
13907,Pcdhgb5,178.0324787108659,0.5227033280413999,0.0510802229260747,10.232988387655952,1.4109689480445788e-24,8.754135573699152e-24
13914,Pcdhgc4,12.213347545940842,1.3990308082194725,0.2179565479051364,6.418851930194764,1.373058759875045e-10,4.757389277753932e-10
13916,Diaph1,93.00913943119448,1.091328058002739,0.0715342068676938,15.256030726966836,1.5010584761277267e-52,1.8566676452770774e-51
13934,Tcerg1,37.59267964491199,0.5404184007231521,0.1010760948110624,5.346648994832405,8.959752956612833e-08,2.609904304326399e-07
13937,Eif3j2,157.2154698604246,0.5306295586787216,0.0534147692374403,9.934135563142782,2.957297676298096e-23,1.7566388514834084e-22
13940,Dcp2,14.810773948488944,0.5931121680985341,0.1546623645441041,3.834883617917272,0.0001256237633334,0.000277170647851
13942,A930012L18Rik,12.726098215653156,1.359179681395405,0.1849104500484136,7.350475222138834,1.9750339138099224e-13,7.989993279916279e-13
13960,Gm50223,32.92813013220785,0.7073677517248006,0.1090828325394522,6.484684484783296,8.891766346679948e-11,3.12241998569289e-10
13966,Hsd17b4,494.7099829630539,0.7376114113206986,0.0622987955706035,11.839898421226456,2.427467889341813e-32,1.9039563625314636e-31
13968,Prr16,2075.647662646322,0.5632862974449206,0.0495877609931219,11.359381552295757,6.661453766008875e-30,4.8841319408499225e-29
13969,Srfbp1,1045.4220888414636,0.6041513555737327,0.0563445059689744,10.722453683530436,7.985626848495178e-27,5.311965828838701e-26
13971,Sncaip,625.3111062943129,0.5104152521995553,0.0618219123536264,8.25621907779135,1.5035953193955392e-16,6.982323268432045e-16
13976,Gm19466,42.62373965187835,0.9733443334825096,0.0947657389690981,10.271057283686716,9.515602054639724e-25,5.941881497967077e-24
13986,Gm15345,12.696981037941343,0.7877112262858001,0.1763983209811762,4.465525646187177,7.987240321608862e-06,1.993150405569863e-05
13990,4930511M06Rik,128.11621366458877,0.6321744446014719,0.0564615614324453,11.196545553524071,4.2394399370268234e-29,3.0330443030584357e-28
14008,Csnk1a1,221.73019432911784,0.7175742534445501,0.0456890428367522,15.705609242208364,1.3844130093634275e-55,1.818202707399082e-54
14012,1500015A07Rik,37.82842626105488,0.6581856364060887,0.1076769208320418,6.1125971222073625,9.80226135824793e-10,3.2410132982649394e-09
14018,Fbxo38,96.19748122357863,0.8742418156313891,0.0696823731311504,12.546097045029777,4.175907328781071e-36,3.6117971675432505e-35
14019,Spink10,12.82117273199714,1.957007106044276,0.1956000524673924,10.005146120144929,1.4467794997851205e-23,8.676694123281168e-23
14021,Spink13,26.338317747376934,0.6806975711398814,0.1339532482133071,5.081605561784801,3.742579325442131e-07,1.0396186242238678e-06
14030,Fech,37.39525208902866,1.151771150375409,0.1133482624335647,10.161348093452077,2.9496935320241816e-24,1.810752338010477e-23
14035,Alpk2,22.56088713864312,0.5116464534963807,0.1225921356590063,4.173566687177555,2.998678337311393e-05,7.085271971619165e-05
14054,Prelid3a,58.41472063366438,0.5245118811304327,0.086749040368093,6.046313352918108,1.481977340855744e-09,4.858521650946935e-09
14081,BC031181,103.95632680420196,0.687347398588158,0.0617109134820815,11.138182208042291,8.177132180183913e-29,5.7978462016373175e-28
14082,Dym,80.3402949805512,0.9804847512566937,0.0698257399814953,14.041881282125097,8.638850904880229e-45,9.031667280759006e-44
14084,Smad7,11.21946214047647,1.1115161089987464,0.1848268847490622,6.013822667128983,1.8119872441835046e-09,5.909302711757135e-09
14115,Tshz1,115.26864392538792,1.0881845240699648,0.0677080680849656,16.071711316654632,4.028106272865286e-58,5.536422407215789e-57
14123,Rttn,105.89747767346992,1.0257872223689672,0.0635529747407289,16.14066417117018,1.3211201550195905e-58,1.831701039115467e-57
14135,Gm48683,657.3576049611206,1.5601186153766364,0.0484439895470011,32.20458574872297,1.5223914113971416e-227,1.184474889188812e-225
14139,Chka,12.28103381180838,0.8598132842579013,0.1713811484960068,5.016965353560663,5.249402963908119e-07,1.4430062279966986e-06
14151,Aip,1312.7614976134964,0.7596463277286161,0.0395134959382317,19.224984013464887,2.2870959388088507e-82,4.544983810896312e-81
14159,Gm50152,323.1977123737725,0.7382080116101788,0.0454491160098557,16.242516387999633,2.5235643997748662e-59,3.5411175812621866e-58
14161,Rhod,80.73978085337806,0.5440648360094312,0.076392272773554,7.121987817042393,1.0638146248177974e-12,4.155123550274445e-12
14179,B4gat1,108.6723242345436,0.7977751713026676,0.0665055481923707,11.995618305333895,3.746092458439195e-33,2.997561954347029e-32
14188,Gm42064,40.12350907491688,1.0259973279352423,0.1028473464647788,9.975924155579516,1.9428426985005507e-23,1.1599815878543198e-22
14199,Fibp,302.61467796905833,1.2228051296421008,0.0405001375182664,30.192616731007146,2.960870493781944e-200,1.939926728031268e-198
14226,Tm7sf2,267.6162426766708,2.5561980825893467,0.0509554749850221,50.16532734393533,0.0,0.0
14235,Atg2a,11.18298267190836,1.3349403168698804,0.3428427460708587,3.893739424762323,9.871068161821052e-05,0.0002205268246689
14236,Gm14963,45.715586655938026,3.026528790222762,0.2817334032774167,10.742527350378134,6.426073043407469e-27,4.284376472857895e-26
14278,Snhg1,19.649316139867427,1.0828922703115451,0.1471135873522674,7.360926273373586,1.826384239873976e-13,7.398936432478767e-13
14281,Nxf1,29.146749837897087,1.098369009967725,0.1137820213950544,9.65327383448529,4.761097363159275e-22,2.705458260356696e-21
14293,Ints5,70.0363743456931,0.60046531047075,0.077703993674945,7.727599085609992,1.095938541961735e-14,4.7055966763510997e-14
14299,Tut1,26.96811757660135,0.7587838632045384,0.1191924433658925,6.366040008721458,1.939708558916293e-10,6.671648068836224e-10
14301,Ahnak,16.192500999176442,0.5029466480932118,0.1597131244830508,3.149062731826936,0.0016379503036945,0.0031581146025875
14304,Gm50321,10.314444451108374,1.7390867272075143,0.2314364890136426,7.514315199903501,5.720959796608187e-14,2.37805831201607e-13
14311,Fads2,13.157734531378688,0.6228958922192296,0.1702505470027745,3.658701268132068,0.0002534966179563,0.0005418124917515
14316,Dagla,31.06417814909809,0.8133043605998942,0.1164062787358426,6.9867739904778015,2.812788047915707e-12,1.076680652296836e-11
14320,Tmem216,29.061074012899084,0.9438300221339356,0.1303602948296327,7.240164832147878,4.4813975505868423e-13,1.7811128052822686e-12
14347,Rfk,34.13734549806927,1.3878128143189876,0.1181352831758411,11.74765723677376,7.260388366340607e-32,5.638772212503748e-31
14359,1110059E24Rik,54.2995118933891,1.3506832153059412,0.0909324422567881,14.85369997532549,6.583263839272238e-50,7.659086928627274e-49
14364,2410080I02Rik,212.5984812513492,1.0768237746542506,0.0547149493168593,19.680613581825043,3.161516293489666e-86,6.598671372806933e-85
14375,Kank1,39.99933820181524,0.6204707017897096,0.1094892822204003,5.666953780377432,1.4535853176053894e-08,4.4663407819511154e-08
14398,Gldc,36.33438257082028,0.5074110228358879,0.1046012419438087,4.850908205358275,1.22897418759102e-06,3.292017043836581e-06
14407,Pten,104.08420064120064,0.5697244470086696,0.0694804591642699,8.199779533144602,2.408282918173254e-16,1.1083061710568653e-15
14430,Fra10ac1,10.467515154551045,2.7517009795797382,0.2808777164061263,9.796793475780763,1.162163791631413e-22,6.735680266229551e-22
14455,Mms19,29.00013745053652,0.6267030855860795,0.1137691575295869,5.508549937386135,3.6180160950536034e-08,1.0811862912310392e-07
14461,Marveld1,30.602516586004448,0.7022429905392876,0.1281211057465002,5.481087494895196,4.227193507902228e-08,1.257622541067259e-07
14478,Cwf19l1,10.486939643405568,1.603857699733449,0.2118040748104726,7.572364701522479,3.664908393416211e-14,1.5387141286547273e-13
14489,Twnk,87.01252191887176,0.8458673752687933,0.0774221170384481,10.925397129721109,8.715829387997144e-28,5.994454403078699e-27
14493,Btrc,191.7119434350995,1.4028828735484522,0.0574023114473994,24.439484023809445,6.510289613606043e-132,2.325027200531273e-130
14542,Mirt1,423.052371023935,1.5664413389184078,0.0378672687672913,41.3666311279216,0.0,0.0
14546,Smc3,17.944028266732882,0.8856337931823001,0.1466679749572495,6.038358363101712,1.5568999860381263e-09,5.095521682004219e-09
14550,Shoc2,211.94551109993168,2.438427955969308,0.0551869095977091,44.18489771839897,0.0,0.0
14559,Nhlrc2,18.73765225422553,0.6807317008326126,0.1384071703570588,4.9183268401231,8.728708284628201e-07,2.363273698687281e-06
14560,Adrb1,18.94788637271557,1.066749632508747,0.1444112294509938,7.386888378169718,1.5030467294911661e-13,6.11606313368481e-13
14562,Tdrd1,11.015313470038189,0.8028038116842975,0.2027255475149858,3.9600525021393898,7.493328723195229e-05,0.0001696463146113
14565,Ablim1,63.879773107734245,3.736893159481655,0.2060972970740785,18.131694168402827,1.7915359141437618e-73,3.11605667781412e-72
14567,Fam160b1,17.587836673580334,4.551017182857036,0.3157401731227331,14.413804673148084,4.237113786883433e-47,4.658953885034982e-46
14569,Gfra1,46.14942730633168,2.0659269457045637,0.1141368870679241,18.100431847901252,3.161791451453829e-73,5.477505110928165e-72
14578,Cacul1,96.62304887690216,0.9788973261751092,0.0724579927530496,13.509859837152453,1.3678161346463123e-41,1.3377272499784471e-40
14602,Pim2,181.6825328412326,1.2920388298908945,0.0658165052329704,19.6309242691855,8.416957800230229e-86,1.7442418613842143e-84
14607,Hdac6,48.14068045094312,0.6598848840487734,0.1055585805301512,6.25136185741231,4.068889081689182e-10,1.3761420321303914e-09
14615,Rbm3os,19.31203102464521,0.901941002594042,0.1396690327716407,6.457702073935875,1.0630475573385279e-10,3.7150176116494616e-10
14619,Ftsj1,12.69051249007808,1.1472429232095245,0.1795003052983729,6.391314606972557,1.64465601681259e-10,5.678103221277697e-10
14625,Tspan7,26.55336694288033,4.765715302433883,0.3339502355688662,14.270734962398643,3.3304997963665404e-46,3.587388779423737e-45
14626,Atp6ap2,10.121879850957566,1.419662405897894,0.2673875121411637,5.309381857550632,1.0999765773292509e-07,3.186038190077145e-07
14641,Slc9a7,15.027856179227634,1.0159163289896036,0.1626587818008109,6.245690012812691,4.2193324587858915e-10,1.425916736314146e-09
14642,Rp2,108.9548215039837,0.8398212133108381,0.060777062504095,13.81806192515889,1.983381023194684e-43,2.013183719990504e-42
14644,Ndufb11,62.16495259192178,0.5860905918367183,0.0806124668968772,7.270470863848753,3.58236575498732e-13,1.43130376840713e-12
14662,Gm14569,20.26222983236691,1.1321841627007756,0.1422730392169301,7.957826506921549,1.7508762135894809e-15,7.804161291671988e-15
14664,Akap17b,14.126639104349492,2.0778368665886493,0.1972018458200609,10.536599482362831,5.857886322504563e-26,3.8036975718557943e-25
14678,Rhox1,27.379734387882785,0.7666803753785861,0.1210152027580825,6.335405452414364,2.367179403965535e-10,8.101964385764206e-10
14679,Rhox5,27.50632146575404,0.6444778893333808,0.1131312441451422,5.6967276741564445,1.2212876691654673e-08,3.770522851765415e-08
14716,1700013H16Rik,53.7609891985766,0.5479465801168747,0.0857967110358196,6.386568593382446,1.6964935561293502e-10,5.847802550676881e-10
14727,Rbmx,18.849725329311838,3.3103388737731856,0.2140866364871949,15.462613305016756,6.203005090747541e-54,7.919851481432102e-53
14763,Dusp9,19.80571079567325,2.7886345847046625,0.2450877976239115,11.378104547594964,5.375537065475141e-30,3.952947678358682e-29
14779,Dnase1l1,96.22693432771466,0.7815697853026111,0.0619573301311013,12.614645977301052,1.7534381364158928e-36,1.5310080080889868e-35
14795,4933407K13Rik,1005.0414021413123,0.5630628478785326,0.0307266458103298,18.324904428365524,5.237332701622179e-75,9.380907946954918e-74
14796,Pls3,14.80078162287458,1.182787291909124,0.18671378018592,6.334761637471882,2.3770847492770367e-10,8.134269195052071e-10
14849,Ogt,16.034663868791885,1.6418077198082537,0.1723688765741127,9.524966179740298,1.6509567067855561e-21,9.175023432990647e-21
14872,5330434G04Rik,64.49396628758028,1.899772383884172,0.1041163795097313,18.24662356518657,2.200992481657308e-74,3.898261887228004e-73
14876,Atp7a,75.34710612624805,1.7507151529160692,0.1216650384290697,14.389632186215344,6.011476031874926e-47,6.5891826593406435e-46
14901,Trmt2b,21.80855926047796,0.8559722949830452,0.1372665287480603,6.235841343042199,4.4935635665098745e-10,1.516240577679266e-09
14929,Tmsb15b1,106.49296439107891,0.8678724430303679,0.0645668765614994,13.44145000112754,3.4559759011310435e-41,3.357343812982822e-40
14930,Slc25a53,23.72638389847043,1.081410024367165,0.1278938876693633,8.45552546782276,2.7783331062983904e-17,1.3313387235790031e-16
14940,Ripply1,115.89791307781844,0.8600814421137272,0.0612938893721951,14.032091141925273,9.918326295175736e-45,1.0363104956374265e-43
14984,Foxr2,101.14683207217156,0.545970975579199,0.0628766918590646,8.683201349125829,3.847823571275136e-18,1.909449578592912e-17
14985,Rragb,31.747735929958875,0.6645940908650467,0.1152151425416969,5.768287711179342,8.008100606326984e-09,2.5011680531732384e-08
14986,Klf8,21.693387845973422,0.8702930591951551,0.1450744986368246,5.998938940839091,1.986110160268511e-09,6.465059371154204e-09
14987,Ubqln2,65.06383938607037,2.674642267395908,0.10827008766864,24.70342755777233,9.825250568957716e-135,3.651054731680065e-133
15011,Rbbp7,38.40335857622304,0.6855709747524918,0.1019505565255954,6.724543721155401,1.7614352562532586e-11,6.46143835949943e-11
15021,Piga,20.46823286282557,1.4327872781592754,0.1430934974216328,10.012944710810228,1.337121648585559e-23,8.027335890991775e-23
15043,Gm15247,20.995528667338743,1.6187505293615223,0.1733186008182913,9.33973919544062,9.657170065773746e-21,5.2317426144328516e-20
15074,Gm29018,261.4947743573305,0.52629064078221,0.0401434831082866,13.110238575027129,2.8769199358341484e-39,2.6788452545539e-38
15095,Fcgr3,76.7414176404721,1.074128660065813,0.0813384291974247,13.2056725297545,8.136971836253632e-40,7.673763266354345e-39
15111,Hc,11.928250794195211,0.6390613706157896,0.1796628577116039,3.55700326019313,0.0003751095027043,0.0007869550128973
15115,Gm13617,161.98407513045876,0.5484422378675212,0.0592237022446304,9.260519303607811,2.0344032344522884e-20,1.0912766872894578e-19
15138,4930591A17Rik,99.41431497206078,0.5953730985181874,0.0653825975022953,9.105987239147026,8.548537938594069e-20,4.488819499663074e-19
15154,Tnfaip8l2,122.54351032318736,0.6882233800546358,0.0590970144315311,11.645653958576888,2.4146229684435653e-31,1.8522028650543343e-30
15158,Gm43465,58.20089812678079,0.8872677447702412,0.0867696017203767,10.22555972573835,1.5234529556777007e-24,9.438584469090285e-24
15160,Gm43062,25.40999713958697,1.5655806165214663,0.1453966098731238,10.767655572489792,4.8930197621140715e-27,3.2722773758297796e-26
15170,Gm11827,31.65979541489737,1.637743177377111,0.1248487319455601,13.117819875745663,2.6031631073483327e-39,2.4286898626802323e-38
15181,Gm12718,125.96150689456448,1.0842174630008177,0.0591467973948716,18.33095806967268,4.685784085925328e-75,8.410282703347746e-74
15198,Padi6,89.34197180511904,0.5039144526050584,0.0654669301536465,7.697236626528914,1.3904027776556846e-14,5.949408202549293e-14
15204,Gm13110,11.45342081534903,1.2945102250077674,0.1891002079972078,6.845630889136205,7.613956631862116e-12,2.8493887949343558e-11
15221,C330018A13Rik,12.146290298062238,1.5462290155583518,0.1953322547111846,7.915891913727115,2.454868160598656e-15,1.0855986374755992e-14
15234,Card11,59.084256450744064,0.907245894199643,0.0849491159227052,10.679874467735964,1.2644252386455655e-26,8.369313733047822e-26
15238,1810059H22Rik,53.36236902910905,0.9006814797731792,0.1030962406477301,8.736317387660334,2.408327218289568e-18,1.2043709256915522e-17
15242,Gm15594,47.498554504957234,2.295497873599569,0.1264017200537883,18.16033731679248,1.0636913309535123e-73,1.855656908494276e-72
15277,Obox6,26.0187748935498,0.512308885379059,0.124371774166268,4.119173251433819,3.802341860404123e-05,8.897316587422537e-05
15315,Nkx1-2,46.08049086351484,0.9690462325035516,0.0935104815340418,10.3629691196786,3.654387000109736e-25,2.311747972338021e-24
15328,Gm34474,25.336093892462497,0.5121932210421606,0.1433682955573375,3.5725696469434416,0.0003534954262225,0.0007433299092914
15341,Gm45425,10.500940555141275,0.9589910288017294,0.21854562245656,4.3880587404231655,1.143668906415262e-05,2.810074961371096e-05
15346,Ces4a,34.22127656375692,1.0680632197501811,0.1160859245094662,9.200626383115774,3.558691707925779e-20,1.8955036395394402e-19
15353,Gm27045,41.172132219286176,1.7228758878758186,0.1069707947202037,16.106039899789742,2.3137522216039872e-58,3.1977853860518864e-57
15369,Gm48284,10.54650510228317,0.5764249361728788,0.1869860197721733,3.0827167553767056,0.0020512028805355,0.0039094886047652
15390,Gm35715,160.7539885548925,1.4076888690128566,0.0563445793862443,24.9835722326205,9.22296429500224e-138,3.571951594073312e-136
15428,Meikin,42.8882088439232,2.2934385737016045,0.1191416291565762,19.24968283493557,1.4202974848023273e-82,2.83214468708638e-81
15442,AU040972,11.530154766234824,0.6594452448171952,0.1852474440982065,3.5598075213798843,0.0003711267094423,0.0007789950972131
15464,Gm11773,12.563717565746714,1.7097342910148643,0.1980779197122349,8.631624834806143,6.0486498866427415e-18,2.972810779030166e-17
15499,A330048O09Rik,11.151115587293967,2.8957918895904475,0.2589013387687333,11.184924355208327,4.83317415944781e-29,3.452154067658051e-28
15506,Gm48223,15.309474037690016,0.7752461176558447,0.1705369953751393,4.545911671250537,5.469797318078442e-06,1.3821607606128907e-05
15574,Apod,47.51367717274626,0.81501171315845,0.0949481066381191,8.583759508388603,9.182183082658096e-18,4.485064090935126e-17
15584,Dnajc28,15.002049431722252,0.5102194305146897,0.1638693094950491,3.113575275851788,0.001848353530672,0.0035453560788633
15628,Cd5,24.598916630058454,0.5510967386258246,0.1377562189138333,4.000521667704427,6.32029994386995e-05,0.0001443267654897
15663,Gm28417,13.279860621395652,1.9884717893104435,0.2082037695253693,9.550604169383934,1.2894210871908389e-21,7.207193940847318e-21
15676,Pantr2,42.66551361998075,1.8013357079308632,0.1053292678754487,17.101948435271886,1.4352467957026636e-65,2.231354251160216e-64
15686,Gm28777,56.99006432852107,0.7946192255448865,0.0844768669614664,9.40635293573738,5.1365071461233714e-21,2.8053602802456325e-20
15694,Gm29112,10.49260226169336,0.6851236952183141,0.185968729941846,3.6840800893384498,0.0002295300693444,0.0004928844318056
15711,Ecel1,21.550521830470924,0.6309064611648348,0.1370488286976987,4.603515894006534,4.154174770753577e-06,1.0607905920101588e-05
15724,Gm15389,61.96953295345246,0.5284967473533941,0.080127766435757,6.595675517513889,4.233238849710676e-11,1.517106450190369e-10
15725,Cdh7,50.03391217757237,0.8769704317971131,0.1084393458624031,8.0871977308853,6.105310788401016e-16,2.7723646800482778e-15
15734,Chit1,75.14425955937878,2.697910775090942,0.2656777254876042,10.154824873404069,3.1537587574120437e-24,1.9353418177527145e-23
15746,Gm29282,15.579822068140466,1.4876749135151044,0.173463213575777,8.576313575934167,9.796224535028348e-18,4.772955023664357e-17
15750,Tnr,10.306024342221766,0.7347406733390276,0.1942555054295285,3.782341569750644,0.0001553599750994,0.0003395552603503
15757,Gm16701,12.802560852203728,1.6466725216542537,0.190949589651369,8.623598116448989,6.488253453321495e-18,3.185275526323577e-17
15764,Ifi204,29.75770799710432,1.9689005338355965,0.1340820930862772,14.684291455449436,8.127936559587747e-49,9.234268472000993e-48
15787,Gm13179,22.42069754257297,1.3538408531358814,0.134399321199171,10.07327150953075,7.252473683936715e-24,4.394857836010051e-23
15788,Gm13199,27.663639310982468,1.2949552823185666,0.1234382413939516,10.49071396104658,9.530548075257308e-26,6.133618606188493e-25
15790,Gm13388,66.80441052932386,1.6852761336469937,0.091445269551785,18.42934185559626,7.640691537708088e-76,1.3871038762414222e-74
15828,Hoxd11,17.63587668595873,1.2600634560776325,0.1652494520946,7.625220175352148,2.4361821906284432e-14,1.0312796506745813e-13
15907,Hey1,1455.054050452198,4.263995608607045,0.09195337762713,46.37127769136987,0.0,0.0
15909,Mir124-2hg,74.92282384511057,0.8221702578209021,0.0753568200130312,10.910362959566584,1.0284490057109002e-27,7.051065803119422e-27
15931,Gm30173,17.51216110989233,0.6577714920394158,0.1564666589359867,4.203908337484995,2.6234521299193404e-05,6.234186490351004e-05
15941,P2ry13,10.718068649278244,1.6623863952762576,0.2074938726318702,8.011737282602155,1.1309926821258503e-15,5.077522015478959e-15
15949,Rarres1,58.2656116644898,1.2515271218532338,0.0934970035414781,13.385745793425532,7.325831134897867e-41,7.069467609025473e-40
15967,Gm15998,10.588823776405428,2.143675053917093,0.2425080523170799,8.839603606705117,9.605879626003271e-19,4.868021812212416e-18
15976,Gm31305,13.05173175889276,5.677981950148105,0.5408503736580785,10.498249103064651,8.79971461938271e-26,5.685371886524523e-25
15994,I830077J02Rik,328.5595147044733,0.8953665592480547,0.0391499090614929,22.870207893502347,9.199388066609829e-116,2.708225257176961e-114
16001,Gm12522,20.35117430551662,0.5473546057267872,0.1314928744280095,4.162617998182522,3.1461946439882184e-05,7.418061362553982e-05
16048,Phf24,11.148794025134896,1.617155732240824,0.2085698400922836,7.753545438426278,8.936179419819356e-15,3.854943933876528e-14
16056,Col15a1,41.73203130668903,0.5637560935015122,0.0958698318700191,5.8804326919635805,4.0919537984841135e-09,1.3049326770353362e-08
16060,Svep1,14.560664058064583,1.8266512524497764,0.202964475399986,8.999856989012285,2.260118946044197e-19,1.1709082339969757e-18
16082,Gm12737,16.341126536185346,1.3994812665903915,0.1623516350297691,8.620062658031006,6.69174854247251e-18,3.283327522472154e-17
16112,Gm13032,17.82028225698429,0.829617994563763,0.1454944374229483,5.702059881176667,1.1836822863694792e-08,3.65571768329741e-08
16121,Tnfrsf25,27.09376751201453,0.9796299279816068,0.1297542875607932,7.54988483538646,4.356432876919175e-14,1.820280800262464e-13
16127,Hes5,36.91649984375736,1.2165673991106016,0.1098102202030846,11.078817589662089,1.5895787542069287e-28,1.120225577368312e-27
16129,Tmem88b,14.114375598474844,0.7199598023528417,0.1610866249462678,4.469395287119536,7.84410489181688e-06,1.9582733140608016e-05
16142,Gm21847,62.78010058140659,1.645605499458525,0.0853017095391651,19.291588742462032,6.320099266273955e-83,1.2704347175619663e-81
16159,Slc2a9,11.200786321781584,0.5940672797691593,0.1867506883242571,3.18107143325584,0.0014673144448979,0.002845483047255
16178,Gbp9,2064.620593247316,2.180676563845221,0.0473338051288267,46.07017242560891,0.0,0.0
16192,Gm42903,21.633406290882714,2.494221107317441,0.1824588466650621,13.670047536231872,1.5329501259792422e-42,1.5292647278515302e-41
16210,Ache,17.610193642305482,0.9743957867450588,0.15149993561192,6.431658091532506,1.2621940906019848e-10,4.3828488963959744e-10
16233,Asb15,11.656021319458564,2.6219907437944205,0.2353696962830065,11.139882428372433,8.022518669398568e-29,5.692852417356607e-28
16237,Plxna4os3,26.693491822033007,1.4345862541773016,0.1290821047465935,11.11375009722376,1.075460641761862e-28,7.600619653132899e-28
16263,Tacr1,219.80593534070604,0.5049958127886024,0.0445215637211489,11.34272407751742,8.059593820530613e-30,5.899311260151512e-29
16283,Cntn6,313.93586933280005,1.2417542555800012,0.0500206595335876,24.824827724356435,4.836953705045197e-136,1.8246413240590408e-134
16298,Slc6a13,69.0098853654728,0.8339664667873972,0.0785858832478912,10.612166362713443,2.616118988784401e-26,1.719868794286478e-25
16308,9330179D12Rik,15.507875884906491,0.7984534746978796,0.1649377015587664,4.840939743624321,1.29226555800936e-06,3.453704055357633e-06
16312,Olr1,25.106484129144896,1.0729376398811523,0.1584689362992283,6.7706495981974815,1.282054400568244e-11,4.735829608542466e-11
16315,Art4,185.68361470839957,0.7487220809692929,0.0525584971858418,14.245500177105187,4.78112451595642e-46,5.124565686598308e-45
16331,Gm44877,1141.7790164896765,1.0069833288475838,0.0437673715753054,23.00762628879789,3.909950835967111e-117,1.1913046008607486e-115
16366,Slc7a10,17.960277040345957,0.5886524932336306,0.1712748044032576,3.436889011694205,0.0005884366753592,0.0012032470231328
16395,Gm29683,22.06109966504791,0.5949082208986121,0.1329214163417669,4.475638593625775,7.618326012824096e-06,1.903543881741912e-05
16399,Gm44532,26.10884643844825,0.5286557081110039,0.120933911561996,4.371443057475173,1.23428042070485e-05,3.0224868866157266e-05
16414,Prss23os,10.31991587110996,1.2514947471646507,0.2092347668902393,5.98129443669924,2.213713027977968e-09,7.181792749739395e-09
16420,Gm45188,21.90698207769096,1.0023681142423018,0.1501939374494965,6.67382539710934,2.492201069243976e-11,9.054425731662292e-11
16425,Olfr545,42.86991577471209,0.6760435054536942,0.0989688810755117,6.830869442061122,8.440152103184935e-12,3.1518099604522616e-11
16447,Gm45502,20.256583912065324,3.3178528050137155,0.2147457891376414,15.450141389674169,7.527814714122727e-54,9.590259856559277e-53
16458,4933417O13Rik,14.035988037358155,1.380826052850711,0.1767611243788353,7.811819808813379,5.636810983056565e-15,2.451668126097075e-14
16460,Gm26793,63.90934057258631,1.186649379897997,0.1233871162012877,9.617287577757754,6.7589954193732475e-22,3.818339454419349e-21
16527,Gm33023,23.103915306315344,0.6301171125502975,0.1277251628395264,4.933382730088783,8.081757252358275e-07,2.191859094212574e-06
16560,Gm20735,16.302921069909104,0.9675750954579968,0.1670134752486159,5.793395377335072,6.897746158694766e-09,2.164456608817652e-08
16561,Cdh15,18.345342806839685,0.5046401338643836,0.1525204318048085,3.3086723391277046,0.0009373947244161,0.0018681435399799
16568,Gm17571,12.142344211856916,1.378735303826922,0.1929584701161433,7.145243756322538,8.983632787171004e-13,3.5238971914205768e-12
16589,Scn4b,13.991659408773645,2.424848919419625,0.211164337038053,11.483231275850589,1.6018007758173516e-30,1.198119481585614e-29
16609,Gm10646,24.40476259564423,0.6601013424684044,0.1343155478737833,4.914556452457041,8.898368315775499e-07,2.406591604707253e-06
16614,Mlip,40.76163300578271,0.553973075753736,0.1027415298579508,5.391909936708672,6.971270837839599e-08,2.0450312769208643e-07
16619,Gm36278,21.80461235160171,0.8023202639267722,0.1297157716111789,6.185217525681572,6.201689249893107e-10,2.072144176517198e-09
16651,Clec3b,81.02441482418264,0.532823341006866,0.0738616046479587,7.213806734181094,5.440896424109577e-13,2.154599929092972e-12
16658,Gm48748,17.070507483606082,0.5551615645335364,0.1429151078768847,3.884554773675743,0.0001025175797781,0.00022844602741
16716,Grin3b,21.75520610640265,0.5734365772624549,0.133016413418971,4.311021192973093,1.6250232834804156e-05,3.932912898833035e-05
16725,Lum,14.544419319083612,1.86684648411406,0.1949596229714746,9.575554443840948,1.013122391993358e-21,5.682876423450351e-21
16729,Gm47956,24.78060630359855,4.564333630649546,0.2676418758269191,17.05388447359877,3.2705709008269738e-65,5.0442043946559744e-64
16735,Gm48903,13.657866192468337,1.0121682102978145,0.1699472148181595,5.955779924847937,2.5883444871042972e-09,8.345914472017335e-09
16744,Vmn2r87,1973.1245663271327,0.5155016926428303,0.033727328006856,15.284391711612615,9.716599389486622e-53,1.2104424171549168e-51
16747,Sun3,11.790797959590044,3.426910563293469,0.2793740651524112,12.266387581194891,1.3724091927000803e-34,1.1455147227192053e-33
16898,Gm10432,21.00313626391533,1.2447714729720307,0.1419105353492065,8.77152263508102,1.7626626391792022e-18,8.865709805372333e-18
16903,Gm28875,22.03105477352362,2.4117539698305235,0.1610431405854173,14.9758254903836,1.0564786066275901e-50,1.2491390201021464e-49
16908,Cyp46a1,12.79021383375895,3.048551188669726,0.2496700060733854,12.210322083196756,2.7380311424049182e-34,2.263681534622055e-33
16966,Gprin1,14.973944570496284,1.4760015222134963,0.187725293462467,7.862560739629909,3.763589676875308e-15,1.6480362032307253e-14
17003,Gm30551,21.212911333440548,1.3347621107279095,0.1535604231181999,8.692097114765723,3.558097273138529e-18,1.7686970700587072e-17
17029,Nrg3os,21.968208132431023,1.1478692093487268,0.131855514734289,8.70550777995047,3.1615607765912632e-18,1.572928381799387e-17
17047,C1qtnf9,25.122320612825327,0.8642336101868703,0.1349231677261216,6.405375924327274,1.4999932784723758e-10,5.188940622710713e-10
17053,Adam28,50.52929182053467,7.474219865689064,0.4844404442052842,15.42856290198971,1.0518638731315022e-53,1.3341982227755329e-52
17055,Egr3,32.26906413924665,1.1829873907285573,0.1154315070304329,10.24839249839014,1.2032799706232572e-24,7.486884444134997e-24
17068,9230109A22Rik,15.785676871919412,1.4163110336723723,0.1727872858275397,8.19684751044705,2.46773163725527e-16,1.135365020435186e-15
17083,Tg,31.39405656646206,0.6844258248002417,0.1144008529927318,5.982698615400401,2.194706382106863e-09,7.122782649414974e-09
17119,D930007P13Rik,23.350482436399087,1.9178968065577775,0.1510186190028875,12.69973741794783,5.932843158232083e-37,5.235321041097152e-36
17122,Gm15835,41.37995328323802,0.7386512796037185,0.1010622755206539,7.308872433341968,2.69393365115471e-13,1.0832920090522446e-12
17137,A230028O05Rik,26.37607338840416,1.0603732943694553,0.135831627025232,7.806527224859648,5.8785276225270245e-15,2.554250296818773e-14
17167,1700029J03Rik,16.736500400701043,1.0020179339639286,0.1578939386039785,6.34614566476259,2.2077620673493377e-10,7.56797753113486e-10
17177,Gm5091,55.10359472463429,1.319459877176961,0.0881913671215178,14.961326944380994,1.3138004437997693e-50,1.5450009537477988e-49
17190,Gm49874,98.8300907947555,1.3959309152887809,0.0735283768555655,18.9849276563096,2.272490005311367e-80,4.371407926331844e-79
17238,Gm10309,37.0016487085251,1.9815258240824831,0.1221086827848577,16.227558752506706,3.220139163379076e-59,4.511301072296667e-58
17259,Pcdhb22,10.710718464395423,0.5601549923364924,0.187651572674539,2.985080190657499,0.0028350399091496,0.0052940185938776
17288,Ap5b1,55.84959510066721,2.880021678749203,0.1983389632932679,14.520705518112171,8.958344222489124e-48,9.988869040917496e-47
17330,Gm50358,13.763380033966614,0.7843457952013487,0.1671714025411835,4.691865853121147,2.707246244962724e-06,7.02738867399618e-06
17375,Asmt,20.273694760667127,1.64347623572152,0.1640225403159042,10.019819425770486,1.2473062271247202e-23,7.501053459741071e-23
17398,4930558J22Rik,10.420401546013688,6.319378782957585,0.7242017592732292,8.725992034732672,2.638572578187259e-18,1.3176230055199869e-17
17420,Oit3,15.744174477167387,0.575314991600965,0.1605001407217671,3.5845139388275964,0.0003377065300294,0.000711932914643
