,gene_name,baseMean,log2FoldChange,lfcSE,stat,pvalue,padj
2,Gm19938,564.5987298237088,-0.5077505129415866,0.0818162471782682,-6.205986346883601,5.435489738872374e-10,4.879468723428492e-09
6,Atp6v1h,436.63015845414407,-0.9153269852037342,0.0528288494043414,-17.326271450623604,2.9803505755711434e-67,3.827361658994913e-65
39,Trpa1,319.2674774095333,-0.505938721902529,0.0661522139723438,-7.648099610302474,2.039711903357249e-14,2.8288601277971144e-13
40,Kcnb2,67.02697543508813,-0.8435989764675764,0.1075641727200349,-7.842750565871706,4.4078301267752696e-15,6.476238098055927e-14
58,Mcm3,58.499912720764165,-0.5312607699834333,0.1197112952326016,-4.437849986930489,9.086190641458782e-06,4.549315034561341e-05
71,Sdhaf4,58.9728142148452,-0.7716559410903863,0.1210925010684997,-6.372450269681648,1.8603175216576798e-10,1.760186820407601e-09
89,Cfc1,246.1970530598332,-1.0170487371565375,0.0637231490310164,-15.960428080249178,2.410722363637803e-57,2.633479371654464e-55
109,Gm38115,114.3122888007798,-0.534968421811649,0.0803195761275308,-6.660498568396701,2.7290022620328843e-11,2.7841118892770897e-10
110,Vwa3b,25.812646931562742,-0.8612647798314834,0.1685536397503657,-5.109737061193392,3.226074709187963e-07,2.054988823652749e-06
114,Coa5,12.566374706310311,-1.2637058186782029,0.2737518804089548,-4.6162452538786845,3.907451437910803e-06,2.0941400299449965e-05
116,Mgat4a,413.9790139763743,-0.6039732667139865,0.0779294820366221,-7.750253831151549,9.170904210360408e-15,1.314157764317659e-13
121,Txndc9,589.3559327920564,-0.6210600377808707,0.0421146210665278,-14.746898394260551,3.221324731836869e-49,2.723233465512143e-47
134,Rnf149,93.64854729691588,-0.5176495917158253,0.0942141325689175,-5.494394286729384,3.920536857832861e-08,2.8392247765528285e-07
157,Gm17767,64.4574232910678,-0.6737084183498113,0.1156390611850092,-5.825958905632716,5.678558908682973e-09,4.5232195322336016e-08
179,Ankrd44,125.09479669504358,-0.5864776752048588,0.0861439094057218,-6.808115387968495,9.888554101034577e-12,1.0568941908621643e-10
207,Fam126b,167.64487429782918,-0.7947141784507298,0.0782764213012541,-10.152663666012495,3.2244044009802398e-24,8.93643414129993e-23
211,Trak2,38.1504106863909,-0.5248667407070863,0.1402525652834324,-3.7422969030648248,0.0001823458922117,0.0007214498929158
212,Stradb,464.3669243141109,-0.5719764733736848,0.0441471772753889,-12.956127858542574,2.169241762167245e-38,1.2671234085048458e-36
217,Fzd7,122.30184303655084,-0.6232179927190981,0.0838662985066165,-7.431089768078051,1.0770658170025145e-13,1.395953639401641e-12
218,Gm973,61.00492253607755,-0.7082875806102562,0.1320513103720298,-5.363730042623495,8.152071308597625e-08,5.615982621807445e-07
222,Ica1l,69.19032087213606,-3.174495113316024,0.2704599605188224,-11.737393983295718,8.197355660335655e-32,3.5269594443433944e-30
233,Ino80d,87.08778729600408,-1.1133001811020438,0.1099290808262557,-10.12744009805402,4.174346716586309e-24,1.1418704847663657e-22
241,Adam23,401.57743088415367,-0.6268336285416881,0.0625144843126867,-10.027014306098632,1.159703932038208e-23,3.077239629129144e-22
248,Mettl21a,51.70568849175899,-0.6405558176436963,0.1675638905591182,-3.82275569937129,0.0001319685137414,0.0005375560064582
260,Kansl1l,56.842694587582365,-0.5148593301108503,0.117056916259721,-4.3983674486051,1.0906820713262067e-05,5.398218442459777e-05
294,Nhej1,239.32937571047484,-0.573423297064999,0.0635859404103934,-9.018083138568633,1.9140904118108192e-19,3.779429929330213e-18
298,Abcb6,138.12376165139798,-1.1153106186945785,0.1791063133061781,-6.227087131138591,4.751868823282401e-10,4.2886635844463425e-09
313,Obsl1,277.6003569769033,-0.618803257725832,0.0606145473931346,-10.208824190542732,1.810453954602114e-24,5.101719745104081e-23
320,5730419F03Rik,92.99886739471008,-0.5519861523863748,0.105634667871399,-5.22542611728916,1.7375449162146904e-07,1.1454043152617452e-06
352,Psmd1,65.76342103982478,-0.5436195476168884,0.1075653786764085,-5.053852404055321,4.329862648848022e-07,2.7108775341112864e-06
370,Atg16l1,43.20213690779456,-0.7144825052599025,0.1447698126054477,-4.935300339215998,8.002751248393625e-07,4.784302922946907e-06
376,Hjurp,39.32313611433582,-0.6516511957028975,0.1745394581021589,-3.7335465732996735,0.0001888022621958,0.0007438455402623
391,Scly,29.034215658185264,-0.8112480700237262,0.1662807520292161,-4.878785187844153,1.0674123959575162e-06,6.267741269526455e-06
449,Vps4b,62.962970424868935,-0.6487296493888697,0.1327348896459437,-4.887408661876974,1.0217187055364398e-06,6.031008344996325e-06
455,Nifk,155.85226199579853,-0.6522385219148041,0.0740936267156333,-8.8028964274897,1.3332959675899206e-18,2.5061495042195797e-17
463,Epb41l5,137.0728254834509,-0.8819466254012691,0.0769294594490976,-11.46435490015151,1.992386546202578e-30,8.01864087721674e-29
472,Ccdc93,1623.895801710093,-1.3626343213101442,0.0579216396361698,-23.52547907603141,2.2380933054243952e-122,7.240662245606654e-120
503,Il24,38.96265693473195,-0.7118138129564684,0.1388784734444742,-5.125443816467802,2.968376760993532e-07,1.8980236507105352e-06
527,Rbbp5,136.4058594887169,-0.5461734894220724,0.0822830148052703,-6.637742804084631,3.1852301000324606e-11,3.2260762175103003e-10
530,Mdm4,77.4952967144389,-0.6338746654232892,0.118280625625432,-5.359074337589544,8.364943316510086e-08,5.750855799495267e-07
538,Zc3h11a,622.2402366314157,-1.5797541718547248,0.0687078500650301,-22.99233887189789,5.5611076370089494e-117,1.7324909958778063e-114
550,Kdm5b,65.12565132487798,-0.5786183175288744,0.116802504883529,-4.953817712264391,7.277138345038419e-07,4.389505140859853e-06
567,Lad1,748.465687426833,-0.6842794933536677,0.046999361921144,-14.559335816127843,5.09504151256489e-48,4.081613493613292e-46
591,Dennd1b,267.11030285042807,-0.7608173673416605,0.0591090046333874,-12.871429185121416,6.518472071109313e-38,3.755488207269588e-36
593,Zbtb41,36.908611634684846,-0.5793686695750521,0.159848211133863,-3.624492670048504,0.0002895292309811,0.0011022290682951
602,Uchl5,198.99419174036416,-0.5359792414846323,0.0778544343495076,-6.884376541463136,5.804116491259266e-12,6.332208283557369e-11
609,Ptgs2,14.15982239226042,-0.7475274630288821,0.2390624511735267,-3.126912902295473,0.0017665225272854,0.0056316483753122
614,Gm20631,109.27869748755504,-0.5586066902963998,0.0851424523451749,-6.560848024810933,5.3502628120541794e-11,5.338521428658804e-10
621,Edem3,536.8720880450583,-0.529994993898858,0.0617401147212365,-8.584289101046277,9.139985733609656e-18,1.6185471578580552e-16
659,Astn1,201.0859413469552,-0.5344824286993659,0.069454778630634,-7.695401802974354,1.4105022127826924e-14,1.9856802280873002e-13
670,Zbtb37,12.06432713723291,-1.5071093865434413,0.2708779762918878,-5.563794470021578,2.63970828807918e-08,1.9494210943966658e-07
678,Suco,337.3598868567428,-0.5171268722741904,0.053000711837395,-9.75697975266301,1.722073407604782e-22,4.279237952161779e-21
680,Pigc,230.85950909621792,-0.5814969007213483,0.0704401655744225,-8.25518929405377,1.5166167449004028e-16,2.4940413977966254e-15
687,BC055324,34.79681758412574,-0.6558514129734634,0.1488474629534618,-4.406198130353889,1.0520074436934092e-05,5.217547531030137e-05
709,Gpa33,28.240875776392983,-0.8779032684559734,0.198776541627741,-4.416533567125178,1.0029633187259804e-05,4.996402697935199e-05
710,Mael,18.22898741886382,-1.6290599730379351,0.2792996996939236,-5.8326592360220015,5.45509031297564e-09,4.3658888836912086e-08
712,Tada1,220.3258921315441,-0.5266215595021011,0.0643379619837391,-8.185238438780509,2.717650314564597e-16,4.379217551908067e-15
714,Fam78b,37.67269946507425,-0.6127666433591005,0.1431203584040862,-4.2814778427888935,1.8565621184784555e-05,8.880564264760607e-05
721,Pbx1,454.93262827416936,-0.5102224817609559,0.0463115659879737,-11.017171863578346,3.158264391836872e-28,1.1162076021821785e-26
745,Ufc1,98.62209673950494,-0.5502849768342034,0.0927783409138345,-5.931179318514291,3.0076651522841926e-09,2.4827257535268393e-08
748,Nit1,131.41560575937888,-0.542778902407665,0.0809928234615534,-6.701567857617874,2.061950633720653e-11,2.125502175924176e-10
760,Copa,150.34186024004998,-0.9358797029736154,0.0887093638320285,-10.549953945625257,5.082199981179794e-26,1.565894693834939e-24
769,Igsf9,322.46356284014803,-0.6002292767085798,0.0601438093555223,-9.979901225752132,1.8665249657612612e-23,4.898681669111029e-22
817,Lefty2,52.882113729140826,-0.5837339399870198,0.1247955637774304,-4.677521558603587,2.9036305512183274e-06,1.5890623540385793e-05
844,Rab3gap2,56.4556799831515,-0.5342204238667075,0.1162974125152988,-4.593571020304784,4.3572463397655e-06,2.315286013072489e-05
859,Cenpf,224.6357684064577,-0.6707176702157794,0.0586691417264463,-11.432205252688052,2.8868279565766825e-30,1.150831912641932e-28
873,Atf3,318.63769052254065,-0.5222430191838462,0.0616097856510154,-8.476624511275816,2.3182161924738278e-17,3.9876637020436816e-16
878,Ints7,154.53138044420635,-0.5257587460969597,0.0901671654270905,-5.83093350674409,5.5118146789131095e-09,4.402908753245737e-08
886,Gm26879,23.60317628063525,-0.6101826112491996,0.1837089039198082,-3.321464546517319,0.0008954635807855,0.0030581371943879
896,Mir205hg,223.32557702929012,-0.751837858115147,0.0648230041418036,-11.598318653520954,4.202535975717634e-31,1.7586881273506905e-29
905,Acbd7,39.01708911445104,-1.386686591165199,0.2797833650491375,-4.956286771808824,7.185314111275102e-07,4.335672141104055e-06
908,Suv39h2,212.1582287439747,-0.5491064460903669,0.0634419184086618,-8.655262322827177,4.917792760208244e-18,8.90549274542339e-17
914,Prpf18,218.3779380777488,-0.7540505984979502,0.0629493105852932,-11.978695103836731,4.5949925411907066e-33,2.129519546017941e-31
942,Fbh1,109.81191794608432,-0.5862531319576415,0.0925958324981156,-6.331312286323165,2.4308478044717435e-10,2.268117172192354e-09
947,Gm13270,94.87414651143102,-0.5276809834581245,0.0907715218784964,-5.813287830124295,6.125759909398965e-09,4.861021648859376e-08
964,Skida1,43.34844513638363,-0.6375015941776693,0.1348440061842822,-4.727696930825675,2.270807853012743e-06,1.265798559020324e-05
979,Apbb1ip,185.5333989894116,-0.519193202789406,0.0649699243644821,-7.991285319599965,1.3353909755523277e-15,2.0441567226311933e-14
994,Pnpla7,594.1255355961773,-0.7043069891970261,0.0562876203829119,-12.51264459939476,6.366861825649006e-36,3.433003733746578e-34
1008,Uap1l1,77.81815582443204,-0.8222978833315134,0.116267838788237,-7.072444898792648,1.5222743858180268e-12,1.7661532408701148e-11
1020,Camsap1,807.3662099930137,-1.0557104459396802,0.0428339295506672,-24.64659341354392,4.003021602579419e-134,1.6425081078095992e-131
1046,Brd3,59.92346944153247,-0.9058803544365268,0.1186927487396932,-7.632145721245582,2.3087824932506837e-14,3.1784490903401185e-13
1073,Zer1,12.994810276175675,-1.1508380442820498,0.2696053502518296,-4.268602396825914,1.967015275309544e-05,9.358342187933386e-05
1081,Sh3glb2,137.3849102691417,-0.6895700876266927,0.0865764421330622,-7.964869780244249,1.6539786015842145e-15,2.5112709399324225e-14
1082,Miga2,44.42657047963832,-0.6794954300007056,0.1373848316995473,-4.945927593278441,7.578212571422181e-07,4.556407079665309e-06
1102,Abl1,32.56898663196533,-0.8161983432527847,0.1795778715242867,-4.545094205231179,5.491068970804056e-06,2.8661574091168676e-05
1112,Ciz1,57.65053452678223,-0.5780823488137753,0.1205165007697979,-4.796707049418795,1.6129522524576583e-06,9.179531712819754e-06
1132,Ralgps1,139.02863337535467,-0.9705325570914932,0.0945776479207684,-10.2617540024314,1.0478586426553155e-24,2.977723977261888e-23
1171,Rpl35,377.77909871137,-0.7406135947789851,0.0504094562435486,-14.691957620030236,7.258609678281104e-49,6.015349291513447e-47
1175,Ppp6c,10.592324662615187,-1.285826169618908,0.2872055184692853,-4.477024593649715,7.569053302776516e-06,3.848116763753681e-05
1194,Gm13522,54.494790168698586,-0.7242976198040438,0.1301173154874047,-5.566496796301912,2.5991155762521397e-08,1.9202864004958165e-07
1228,Ifih1,886.6665315259254,-0.6530816490811373,0.0384286402266905,-16.994659327746422,8.995143398055432e-65,1.0886712042121331e-62
1229,Gca,16.947450292913388,-1.644661744463382,0.264779704694723,-6.211434318047863,5.250313633806632e-10,4.720792424453714e-09
1240,Gm13630,63.872550747798,-0.9555452697934094,0.1177024751574151,-8.118310753579859,4.727171187765894e-16,7.467155013313205e-15
1251,Bbs5,44.87607960562772,-0.7136863322512556,0.1520247573497456,-4.694540183408158,2.6720708379215005e-06,1.4711534959906257e-05
1292,Gm13708,61.194518561384974,-0.6718235174716036,0.1136250952915133,-5.912633258946822,3.3668125870835804e-09,2.7602284674711048e-08
1296,Atf2,77.36188371132381,-0.7124271903455098,0.1274434754609598,-5.590142514308234,2.2688332353602597e-08,1.688128328990077e-07
1349,P2rx3,681.198672342334,-0.7161812633493773,0.0578520816374704,-12.37952452320248,3.373353413350044e-35,1.7407952292266193e-33
1365,Gm13778,127.21629850357522,-0.6821758219026571,0.1030171794164014,-6.621961752080813,3.544627853098658e-11,3.5750164492013617e-10
1395,Hsd17b12,39.98617530752018,-0.5892225021470182,0.1508635404396315,-3.905665347836624,9.396647976128142e-05,0.0003933311990604
1409,Fjx1,149.1675215960055,-0.6297586075269034,0.078001200266629,-8.073704063196708,6.819705067131607e-16,1.0642662184077459e-14
1412,Pdhx,41.42315503392472,-0.5172251854786362,0.1453149569840212,-3.559338943585208,0.0003717894511763,0.0013837641453848
1427,Depdc7,450.95410269431176,-0.6081248594688811,0.0524236221757161,-11.600206819561947,4.110835793958776e-31,1.7246032559044514e-29
1477,Eif2ak4,12.058137325388502,-0.9566588354454856,0.290704297976033,-3.2908314122151614,0.0009989175914166,0.0033683685388659
1499,Chp1,369.4584813135105,-0.5758170804659652,0.0593531965583216,-9.701534438842826,2.9699795981759827e-22,7.272775368284507e-21
1520,Stard9,188.53277476742525,-0.6458705014819861,0.0753200872138832,-8.575010005603616,9.907818256680995e-18,1.7508322114721048e-16
1524,Lcmt2,61.99955961729529,-0.5147589236457676,0.1237323359009411,-4.160261906458133,3.1788285185364854e-05,0.0001458342846123
1531,Pdia3,59.091981706773865,-0.5198155684466289,0.1126724062675045,-4.61351262182591,3.959202087348671e-06,2.118500531662426e-05
1569,Slc27a2,250.4698130458492,-0.5568459778010975,0.0606044325666139,-9.188205453273314,3.994493855783955e-20,8.431539540257651e-19
1580,Itpripl1,22.83533176031302,-0.5898685275462879,0.1881332833308398,-3.1353757139771,0.0017163413838234,0.0054841426590809
1586,Gpat2,177.26625385022973,-0.8064246698140743,0.0875765286518093,-9.2082283030456,3.3155190856811875e-20,7.060376908660079e-19
1592,Mall,34.54998364398725,-1.0333839713432311,0.1915605200284733,-5.394556097413132,6.869316382588898e-08,4.785197080923107e-07
1594,Mtln,497.1720144535486,-0.553673276978097,0.0453689809564567,-12.203784729251234,2.9670539094580754e-34,1.4510101139189885e-32
1614,Pdyn,37.09874202865659,-1.279711654864876,0.1595792174097603,-8.019287696961756,1.0636012774756878e-15,1.64306375491033e-14
1616,Snrpb,183.88368270454689,-0.6568642896399235,0.0724193487998097,-9.070287161179904,1.1870375690644274e-19,2.4011373355606968e-18
1625,4930473A02Rik,279.91756595785523,-1.0444959424214038,0.070515155887645,-14.812360963728793,1.2188289903015649e-49,1.0461408216246541e-47
1633,A730017L22Rik,37.31294404104452,-0.525945904105889,0.1397887437171083,-3.762433870714585,0.0001682678087144,0.0006690544424492
1635,Gfra4,253.6112393217212,-0.8815739127420487,0.0599591292299515,-14.70291386923066,6.174456310308672e-49,5.142221708332811e-47
1646,Gm14280,60.179102331350094,-0.8615904240703735,0.1172017097099903,-7.351346889071288,1.962194470063787e-13,2.496974097570581e-12
1647,Prnp,106.68482162845046,-0.702512012440162,0.0892612235916884,-7.870293327522528,3.5381070375616688e-15,5.2534487813680455e-14
1672,Mkks,86.31471427954966,-0.510462864335118,0.0977085689357327,-5.224340811611641,1.7477661127757065e-07,1.1507894056839809e-06
1690,Rrbp1,24.019548711128685,-0.6018442368928401,0.1809979171662597,-3.325144544840273,0.000883727060893,0.0030241945373074
1704,Naa20,471.0475540034772,-0.5794820446424336,0.0456280643457343,-12.700123333121578,5.903659624985826e-37,3.2886511877859787e-35
1735,Nsfl1c,88.6913177117944,-0.6807168319795103,0.1009858349602462,-6.740715985043634,1.5760802407847505e-11,1.6458347542347518e-10
1736,Gm14167,33.199298327761475,-0.7653021329138467,0.156320417920039,-4.895727270287327,9.794282378689111e-07,5.8017328329819335e-06
1738,Sdcbp2,34.97312276798376,-0.6722299878964639,0.1523492852458754,-4.412426266467588,1.0221861111041204e-05,5.084635407186464e-05
1753,Id1,32.06277795668795,-1.1500757757507387,0.1618277361056728,-7.106790241443802,1.1877273474026465e-12,1.3953308076365027e-11
1757,Ttll9,153.21158016087622,-0.566523403055496,0.0851335148245356,-6.654528527608998,2.842096274812154e-11,2.8907246451732076e-10
1769,Cdk5rap1,55.009385495979934,-0.5436020648533281,0.1299940136048361,-4.181746911098562,2.8927787512598463e-05,0.000133548893887
1795,6430550D23Rik,216.96364237881167,-0.5586489123612822,0.0667585688961737,-8.368197844835784,5.850610310615429e-17,9.803637835568805e-16
1799,Cpne1,64.52945322567585,-0.6781204867467954,0.1124482147919967,-6.030513583529646,1.6343943198477495e-09,1.3879563676324429e-08
1819,Samhd1,39.02316529690275,-0.9384491901155808,0.1399614052306736,-6.705056930293754,2.0132786091095596e-11,2.0778764442362039e-10
1821,Mroh8,146.4527922739396,-0.9300161858112598,0.0818442621701071,-11.363242347744436,6.3734396172231e-30,2.4934970855940517e-28
1885,Ube2c,313.10929628898936,-0.5857870296178721,0.054898086604035,-10.670445289705526,1.3995406349821348e-26,4.46764176514316e-25
1902,Trp53rka,212.10109870931785,-0.5451907430218113,0.0649066480799221,-8.399613277679904,4.479514115780392e-17,7.573755373846584e-16
1916,Kcnb1,66.07678600097465,-0.7136291594543606,0.1159911346974109,-6.152445713338555,7.62970918658316e-10,6.730707794750315e-09
1920,Spata2,64.15242031986618,-0.685610500019921,0.1165579013493344,-5.882145200650832,4.049828093764003e-09,3.289727572254555e-08
1924,Ube2v1,442.56175082216,-0.5171165047884204,0.0476509922925463,-10.852166553293555,1.9475339455381014e-27,6.539593526105287e-26
1931,Dpm1,42.11789567488773,-0.5860469181938466,0.1389857572403446,-4.216596936478968,2.480167000937864e-05,0.0001158995818243
1965,Ctsz,142.0818350425164,-0.5029707424926237,0.0928531181391385,-5.416842778924583,6.066063630979193e-08,4.250286899790211e-07
1988,Gm14406,275.7331009255823,-1.4677222845403108,0.0645145472806715,-22.75025318173532,1.42675154289709e-114,4.0681764756199573e-112
1990,Gm14325,19.343505963915163,-0.5998650530550358,0.1995105619057776,-3.006683191731637,0.0026411486095716,0.0080976932857342
2009,Cables2,11.650887792123669,-1.1044808213415085,0.2619707261343284,-4.216046722621876,2.48622270830324e-05,0.000116085830202
2019,Nkain4,96.910253378372,-0.5912586723357446,0.094377531575492,-6.264824502882874,3.732455252771045e-10,3.407004596710108e-09
2036,Pcmtd2,504.8481912565079,-0.5934982221585472,0.0574343777395565,-10.333501389182624,4.971214239809865e-25,1.4295852505354082e-23
2038,Zfhx4,92.99372449084876,-0.7339694304233035,0.0966913518715254,-7.590848780339058,3.17816686992982e-14,4.3362774738709947e-13
2058,Snx16,14.734515277952688,-1.0622490214001434,0.2298570834816236,-4.621345600102278,3.812590304314755e-06,2.047213746871597e-05
2060,Lrrcc1,80.91296503963301,-0.7604552191898057,0.1028279602364582,-7.39541285698072,1.4096958411194946e-13,1.8130973344918389e-12
2082,Ect2,158.33705393802197,-0.6937827606460895,0.0784823199981406,-8.839987919094725,9.572895323005548e-19,1.81356777048336e-17
2117,Gm43140,52.07508382204184,-0.5156607752573602,0.12163143295385,-4.2395354780783885,2.2398279387846725e-05,0.0001056071340083
2125,Dcun1d1,25.133004630671422,-0.5816516253014343,0.1935050904833444,-3.005872475233404,0.0026482003473781,0.0081122104923279
2137,Adad1,41.926152720697935,-0.6541037150494607,0.1416305584574877,-4.618379833938159,3.867478389678254e-06,2.0740385383983828e-05
2138,Cetn4,32.72249384096445,-0.6217712377278611,0.1539430013741879,-4.038970477238697,5.368632113791091e-05,0.000236306902277
2146,Slc25a31,54.699046329936166,-0.5302731792175434,0.1169091939710712,-4.535769696169127,5.739378342113175e-06,2.9818888773739942e-05
2158,Gm31266,587.3051172599129,-1.0359059308061866,0.0623578696480924,-16.61227262336207,5.679995612301004e-62,6.682137495506279e-60
2163,Pcdh18,192.3177134104174,-0.7040582553968137,0.0743261139743071,-9.472555710906546,2.7307902832136347e-21,6.284553342613266e-20
2190,Nbea,97.14503285360516,-0.5051347735546486,0.0920807535699243,-5.485780187181667,4.116485166949345e-08,2.97217295981068e-07
2197,Serp1,91.7790239534428,-0.9317932428997078,0.1172183053043237,-7.949212714520769,1.8770052015088903e-15,2.8422014855971244e-14
2208,Aadac,150.16024850110924,-0.7224389746259885,0.0783654822409015,-9.218841688553066,3.0032683088927436e-20,6.41167293915008e-19
2223,Ssr3,28.146259776766943,-0.6920523105141761,0.2075026747070926,-3.33514886731492,0.0008525374608174,0.0029323732781297
2281,Gm15535,41.6095647427418,-0.6124635590619331,0.1343495305447297,-4.558732409251123,5.1463292760232604e-06,2.697933855111852e-05
2297,Hdgf,948.2602184130432,-0.5251893823300906,0.037114398346268,-14.150556272802945,1.852857974273554e-45,1.3671328816317545e-43
2305,Mef2d,103.13950496347223,-0.870049722973516,0.0987441114845955,-8.811155519985075,1.2386238637422313e-18,2.3360279439165426e-17
2321,Ubqln4,39.98143770439808,-0.5271855033862894,0.151580882514553,-3.4779155170552283,0.0005053291658607,0.0018278117732264
2324,Khdc4,999.0792061901972,-0.5341808156440203,0.0374646961615065,-14.258244971244922,3.9834685440288444e-46,3.0051072339101905e-44
2327,1500004A13Rik,226.0973740232779,-0.5169546880538435,0.0722498442253024,-7.155097614353079,8.36134025999139e-13,9.961956600129966e-12
2367,Hax1,71.48788067491228,-0.5883488128618246,0.106443767795028,-5.527320434529997,3.2515875159866995e-08,2.3741951728057399e-07
2371,Tpm3,52.81900706552712,-0.5779268773630675,0.1245403630692602,-4.640478501268436,3.476033398363364e-06,1.879694948912468e-05
2379,Dennd4b,27.51057954230847,-0.8778367629142484,0.1723309260384676,-5.093901501569706,3.507690535346896e-07,2.2234317210301742e-06
2387,Chtop,166.09852127042709,-0.5350158281183139,0.085446049742248,-6.261446020409536,3.8142385261648317e-10,3.4797686944507036e-09
2394,S100a6,294.3588102087771,-0.6008503408759437,0.06770132713579,-8.875015694608248,6.992355293735229e-19,1.3291795831243813e-17
2407,S100a10,46.70027868545661,-0.528720944062879,0.1315351311629275,-4.019617720287766,5.829264946801887e-05,0.0002542538869589
2415,Gm15234,23.797284974814485,-1.0876250558653733,0.1906850962567737,-5.703775896574494,1.1718212116149106e-08,9.022218875513795e-08
2421,B230398E01Rik,1298.0601592110795,-0.6096605283245671,0.032325528114217,-18.86003304170097,2.4306797167791157e-79,4.215600502615986e-77
2452,Prpf3,22.655946484614013,-0.6651186319351742,0.1903224517909509,-3.494693482961941,0.0004746064690593,0.0017270188525694
2461,Plekho1,66.29814626006089,-0.6449687911012103,0.1191830260924276,-5.4115826074178575,6.247016412615182e-08,4.369794474404375e-07
2469,Hist2h2ab,702.4549625019786,-0.6784090719955465,0.0415254394377498,-16.337191879992968,5.366836024941764e-60,6.141923976026891e-58
2473,Gm20633,261.6206378865902,-0.6998648839206983,0.0697208636777569,-10.0380983109361,1.0365314250350025e-23,2.754750104796816e-22
2498,Acp6,41.29469730274101,-0.7866605011087733,0.1622174739791953,-4.849419004081298,1.238236166314677e-06,7.185909151362979e-06
2499,Bcl9,57.26475519416068,-0.7487470037105609,0.1236297590122799,-6.056365471327894,1.3923147620538163e-09,1.1938282997977244e-08
2500,Chd1l,72.42620628506674,-0.5234711837286358,0.1209800551093101,-4.326921352909447,1.5120792062728286e-05,7.34344933231172e-05
2518,Gm43466,223.6635054922663,-0.6093443200241134,0.0989334453451185,-6.159133727714448,7.3143942872759e-10,6.469508680065325e-09
2553,Phtf1,69.4468455033338,-0.7653466843006068,0.1088023125773098,-7.034286920664369,2.0028261215905094e-12,2.2952005342995326e-11
2555,Gm42699,160.35137443619607,-0.5862900193223817,0.0723864005141508,-8.099449829775242,5.520828840178466e-16,8.671979792560442e-15
2561,Gm43260,174.0764934991239,-0.6027076343780534,0.0776869390691483,-7.758159113999711,8.61709998485728e-15,1.2390211371389233e-13
2573,Ddx20,57.46523455355373,-0.5739515850520732,0.1384214479396918,-4.146406453587563,3.377340716709039e-05,0.0001541149761912
2575,Gm43848,13.55309926247556,-1.5002612570768112,0.2799474945656561,-5.3590808498018365,8.364641833913374e-08,5.750855799495267e-07
2577,Gm43328,39.26452913669214,-0.5880869927250798,0.1763114981952243,-3.3354999460892163,0.0008514617035194,0.0029298711880359
2612,Sypl2,215.65567557143544,-0.5275288287935798,0.0635242812226418,-8.304365175651194,1.0035454978270003e-16,1.6649552179431588e-15
2628,Fam102b,75.52889608810382,-1.1040082626229264,0.3284998088504562,-3.360757701766294,0.0007772898124918,0.0026983793882688
2654,Ptbp2,28.68746328385806,-0.9352875430527726,0.1685687364523899,-5.548404542481294,2.8828821163029373e-08,2.122482531403252e-07
2668,Gm17494,25.61981639685547,-0.519643738492911,0.1699381409268571,-3.0578405510306843,0.002229381651669,0.0069724646822881
2674,Pde5a,234.1312977805265,-0.6333963598360901,0.0614454797543193,-10.308266163249622,6.465724901844001e-25,1.8530304944415948e-23
2676,4933405D12Rik,327.8552304655061,-0.6211230247222289,0.0501970146548749,-12.373704472122578,3.6269938100459786e-35,1.865960760440474e-33
2702,Pla2g12a,101.2894179871032,-0.6213345328978375,0.0925486824734535,-6.713596739489613,1.8988462623461933e-11,1.9645935222293975e-10
2707,Ostc,398.1995743831523,-0.6049417008371427,0.0580020650370586,-10.42965798632573,1.8154055100905492e-25,5.3486106648429615e-24
2749,Tspan5,95.66352399192444,-0.5541944479795163,0.1315967398885167,-4.21130833825372,2.538959157314904e-05,0.0001183510942186
2755,Gbp7,77.06761845520643,-0.5433614991721255,0.1131194065288178,-4.803433078776813,1.5596803294733578e-06,8.90346188759087e-06
2778,2410004B18Rik,229.4100203952408,-0.8944806769106638,0.0619361808593127,-14.441973407150574,2.816606804603356e-47,2.2245904353916555e-45
2786,Rpf1,110.336837624718,-1.0128667157068298,0.1395139966760673,-7.259964876918904,3.871908495373405e-13,4.782460838301527e-12
2803,Tyw3,164.29665944816392,-0.555069345995691,0.0736226656929807,-7.539381259440215,4.722065422185397e-14,6.344992539730426e-13
2853,Runx1t1,65.73976927222526,-0.6877232292360893,0.1161845173464631,-5.919233000601046,3.234464656526518e-09,2.6608019030193454e-08
2864,A530072M11Rik,1294.7371413243156,-0.7312042319910469,0.0538614395147241,-13.575653353846162,5.584351376759695e-42,3.788126742388239e-40
2874,Nkain3,14.826994565354411,-1.2533118308288724,0.2424010357741217,-5.170406251880685,2.335856333698822e-07,1.518983807569203e-06
2892,Casp8ap2,62.08527868043549,-0.5617939383669011,0.1106841886825321,-5.075647615561929,3.8617840967752644e-07,2.435037251126321e-06
2913,Dnaja1,151.4582354281444,-0.6080140971546114,0.0777567243097537,-7.819440730714303,5.305853629079522e-15,7.748296493229582e-14
2920,Nol6,350.7376220477424,-0.5703301770941819,0.0603486097044126,-9.45059347493932,3.369149732792839e-21,7.732497401742691e-20
2936,Galt,61.26384441976467,-0.5608160653329222,0.1237533777814495,-4.531723298279036,5.850445047582933e-06,3.033971548566205e-05
2939,1700022I11Rik,48.9761324781269,-1.3161128121509356,0.1368118041670216,-9.619877613368857,6.590953692224614e-22,1.5749945165382766e-20
2988,Trim14,187.4538296281752,-0.6624939664152154,0.0730496008603734,-9.069097689958667,1.2000665830269322e-19,2.423615861496048e-18
3018,Gm12514,234.89257466307757,-0.5248998031676392,0.0617381561017662,-8.502032394722304,1.8629980339621242e-17,3.2343876083947167e-16
3026,Epb41l4b,171.3427957377106,-0.5985630128147892,0.0761661628932824,-7.858647332063257,3.883038070199255e-15,5.730206092540532e-14
3050,Fkbp15,34.442266151961135,-0.6106634641844995,0.1522140555629656,-4.011873029241307,6.023889831921448e-05,0.0002621311397889
3138,Foxd3,200.44651589260937,-0.5904113142470757,0.0630286595500229,-9.367346830190687,7.437864606317727e-21,1.677308261019881e-19
3167,Ttc4,1001.9471915675792,-0.5461883365888295,0.0334676207313284,-16.31990337686457,7.124828671844823e-60,8.09871572611118e-58
3175,Yipf1,824.1163307707991,-0.5689144221030443,0.0380357629118601,-14.957355355836638,1.3945887347195756e-50,1.2347982254835484e-48
3199,Txndc12,75.68722489594211,-1.444537328182549,0.1217211675208493,-11.867593431808952,1.7441281631962752e-32,7.845312323382604e-31
3223,Faah,47.40999534334316,-0.612404221960305,0.1322864748667235,-4.629378948810088,3.667640511862731e-06,1.974422922594135e-05
3237,Ccdc17,177.86996165092668,-0.8335775067106543,0.074963701742935,-11.119748455981435,1.0055509935361807e-28,3.693533703986719e-27
3238,Nasp,105.62837638890986,-0.5904557913368863,0.0870731109433404,-6.781149598767674,1.1922334180807315e-11,1.2638275231488436e-10
3256,Rnf220,77.38869232340562,-0.5911362539841959,0.1001365648322778,-5.903300707132409,3.562999740271417e-09,2.9097254675041773e-08
3290,Foxj3,148.2892863784001,-0.7062162515955386,0.0769096422274047,-9.182414989103885,4.215298313538069e-20,8.875339615600868e-19
3330,Cdca8,196.4906967335652,-0.5128660972473207,0.0660972223885104,-7.759268524670576,8.542061811652953e-15,1.2292823426641372e-13
3341,Lsm10,13.616063704082068,-2.409272478449527,0.2975550307236254,-8.096897144001924,5.637870133486653e-16,8.839318663154331e-15
3349,Adprhl2,58.48039352158108,-0.5566358821570679,0.1203352391314695,-4.625709693807382,3.7331789019555113e-06,2.0071354639692417e-05
3362,Zmym1,211.47249966485973,-0.5016566906713449,0.0669511999205038,-7.492870796445761,6.738322663759831e-14,8.849242948667575e-13
3380,Fndc5,13.896174782904849,-0.74427790865028,0.2533027458403323,-2.9382938830020837,0.0033002402253286,0.0098877900820486
3383,C77080,860.7021915670737,-0.6141900737250383,0.0337973857850117,-18.17270949983992,8.490040829872837e-74,1.3224810822310253e-71
3417,Taf12,38.75689207622696,-0.5186075603289425,0.1558338441996323,-3.327952044002557,0.000874869250821,0.0029987623077756
3426,Sesn2,2021.6786716561885,-0.5647724924873451,0.0297440486853126,-18.987747715939737,2.15369684080424e-80,3.8138570476683916e-78
3435,Stx12,548.1416181398218,-0.6574762736879675,0.0426077184848293,-15.430919492252656,1.0141498308428144e-53,1.009529148181578e-51
3446,Tent5b,62.86449473927771,-0.7706610064189958,0.1219801372972922,-6.317922110062284,2.651035620694782e-10,2.461278821575514e-09
3450,Gpn2,56.33833988443679,-0.5050781824003255,0.1125636326716992,-4.487045863857521,7.221753275838309e-06,3.689388258713267e-05
3466,Grrp1,105.5884653351713,-0.9262150104403336,0.0965390877633282,-9.594196836736312,8.457320013253158e-22,1.995476782369676e-20
3489,Ifnlr1,145.10122887506398,-0.775477921661141,0.0850642168220502,-9.116382312475748,7.767387540685513e-20,1.6052918992254594e-18
3504,Htr1d,174.82470510728098,-0.7432662490369275,0.070874104614317,-10.487134237273771,9.898517751297804e-26,2.9683202162225128e-24
3542,Mfap2,178.74293880119097,-0.657369706038736,0.0774774168389532,-8.484662148780247,2.163463907155303e-17,3.736750853190314e-16
3580,Zfp600,31.120694369670485,-1.049663315769143,0.1959817983799903,-5.355922460380448,8.512100975983378e-08,5.849635405186616e-07
3599,Zfp984,97.22416310708348,-0.577051099880855,0.0942192906479297,-6.124553644084713,9.093817269942971e-10,7.955553194604817e-09
3614,Disp3,57.36780712696391,-0.6371502940674604,0.1174135642848579,-5.426547587991325,5.745451194841101e-08,4.040791197776415e-07
3630,Ube4bos1,157.3486163777418,-0.8141342701882066,0.083000133623121,-9.808830837368877,1.0315680065993117e-22,2.5862993405395258e-21
3638,Spsb1,60.04012602207209,-0.5407405715886323,0.111117426096153,-4.866388563758796,1.1365595966022608e-06,6.625205160651363e-06
3681,Pank4,182.585303919986,-0.5270814468444683,0.069038554998256,-7.634595580075265,2.26530380347672e-14,3.123705400482693e-13
3707,Cptp,188.8316445923988,-0.6501836286730102,0.0720615922017102,-9.022609809301144,1.8366076482847921e-19,3.634970643187653e-18
3721,Cdk6,140.60282972795346,-0.8667792636114974,0.1071301038776496,-8.090902857719827,5.922407570316601e-16,9.276784223038748e-15
3725,Gm43017,149.60302156549034,-0.5097908434664904,0.0798726259203231,-6.382547682544351,1.7416577006169315e-10,1.6554825583557932e-09
3741,Gm43728,88.11883658715935,-0.617625657627831,0.1217283125553071,-5.073804480343991,3.899397242721436e-07,2.456912352595608e-06
3743,Gm8773,50.66272138049883,-0.5679682384942472,0.1263815116528799,-4.494076950545039,6.9872360416333125e-06,3.5771841731100795e-05
3751,Slc25a40,182.0226373611076,-0.8675120071051039,0.0821631546235342,-10.558406758844429,4.644782732252908e-26,1.4337464202695535e-24
3777,Gsap,104.24831905705042,-0.5467798389050627,0.0969773998461877,-5.638219211613118,1.7181769940577774e-08,1.2985126491929017e-07
3786,Psmc2,252.59590756458385,-0.8387581351671509,0.0743332076074055,-11.28376081383563,1.5785034648491857e-29,6.10463535382939e-28
3803,Kcnh2,26.48712063947019,-0.7291374494431567,0.1857723071861891,-3.924898497989709,8.676631531239637e-05,0.0003654656290687
3813,Chpf2,162.5482562561474,-0.6750313636118596,0.0710915570345005,-9.495239544187626,2.197056515586974e-21,5.09105809390078e-20
3814,Smarcd3,268.38858185700127,-0.7041740697096535,0.0571895418804162,-12.312986720230883,7.711562883700812e-35,3.907578987725867e-33
3816,Wdr86,11.577183830185446,-1.4328625568067586,0.3655317567137854,-3.9199400065496977,8.857101430955378e-05,0.0003725075434324
3840,Hadhb,51.97711448938431,-1.272329695904826,0.1375361822363544,-9.250872571977762,2.2266739397239348e-20,4.814824638557295e-19
3862,Snx17,70.28280287588568,-3.0628538211791145,0.192059879625953,-15.947390090758084,2.970541522997848e-57,3.2240916155737278e-55
3869,4930548H24Rik,155.5739878463312,-0.5159785587304689,0.0814209492735104,-6.337171985027911,2.340207224246194e-10,2.1908350658594168e-09
3919,Lrpap1,19.34394475398088,-1.0283907623751842,0.2174312223389769,-4.729729021032293,2.2481971224333847e-06,1.2540258683918048e-05
3921,Cpz,23.758151557765665,-0.715661408184392,0.1967951714603973,-3.6365801196926735,0.0002762817354756,0.0010572992802335
3922,Trmt44,43.59426555884289,-0.7703919454920694,0.15631240665645,-4.928539979460933,8.284638335515975e-07,4.944039401148821e-06
3960,Tapt1,758.2021543726418,-0.7327714829231826,0.047429206188489,-15.44979437376761,7.568451204013361e-54,7.670123771392575e-52
3994,Pgm2,293.7581220460227,-0.6120539209400692,0.0768591652504279,-7.963317308298007,1.674872282924515e-15,2.5407012097059616e-14
3996,Gm31363,66.80490963358812,-0.8542261777894401,0.1099673236634337,-7.768000068855791,7.973501829120962e-15,1.150413561503447e-13
4000,Fam114a1,77.00016840546206,-0.670276977435578,0.1094868455455534,-6.121986381977735,9.241592407280486e-10,8.07643163987946e-09
4004,Rpl9,179.46744211163366,-0.845364310949056,0.0909450910212796,-9.295326459690436,1.4675513972865382e-20,3.239976004796777e-19
4024,Bend4,32.480549113579464,-0.5129042804316073,0.1607830976347775,-3.190038554902588,0.0014225381439692,0.0046423587189126
4027,Gm15478,73.72915073880458,-1.45485946190393,0.1316053143926786,-11.0547166626036,2.0799252940259563e-28,7.476620346452706e-27
4066,Aasdh,36.71863658516948,-0.8744178536309662,0.1482154508818563,-5.8996403440284455,3.642947909317481e-09,2.9706889325471636e-08
4069,Srp72,45.06161022976572,-0.779812648100636,0.1353726230756516,-5.760490048751183,8.38700751544722e-09,6.556441795184415e-08
4106,G3bp2,1091.2754990295016,-0.5728930176017367,0.0667173375266407,-8.586868703700532,8.937166863691624e-18,1.5842988213686427e-16
4172,Lrrc8d,145.4256928476206,-0.9377126153379294,0.0900527779388754,-10.41292269711452,2.1647172453077268e-25,6.3444317452633955e-24
4181,1700028K03Rik,120.519732703034,-0.6446685571925975,0.0890896200925479,-7.236180337539928,4.614975894070228e-13,5.6752733527736434e-12
4208,Zfp932,797.9055252356626,-0.590104998580574,0.0401017362006011,-14.715198255474236,5.149509643787399e-49,4.309960235693304e-47
4212,Gtpbp6,23.736202020152923,-0.5953817763927046,0.185137823343676,-3.21588406755481,0.0013004335479841,0.0042795762084774
4240,Tpst2,127.2258983945154,-0.5618517702207199,0.0828091930769402,-6.784896088755369,1.161700940909922e-11,1.2345732740952378e-10
4242,Srrd,1162.5936186243648,-0.5421259277879101,0.0624413838683289,-8.68215747637975,3.883312486399477e-18,7.070234411114546e-17
4246,Crybb3,142.40541396236702,-0.5539863924560612,0.0925827901627913,-5.983686508928592,2.1814298373085293e-09,1.8303338729696458e-08
4250,Ficd,268.78394551666446,-0.5484858138161482,0.0599015197576005,-9.15645906874598,5.3628126953088104e-20,1.1207279251326721e-18
4272,Hnf1aos1,75.77474537962107,-0.6666072467694805,0.1058493748349492,-6.297696588278583,3.0210110073752143e-10,2.781744289932853e-09
4325,Rita1,49.42122135054796,-0.5106243877373895,0.1248418574936562,-4.090169739450861,4.310576075999283e-05,0.0001931721399215
4353,Vps29,79.19486623524885,-0.91308456722815,0.1043103871223415,-8.753534450574222,2.067727283619848e-18,3.843687966004056e-17
4366,A930024E05Rik,40.61695297478306,-0.6362365542562888,0.1418340207049351,-4.485782403221053,7.264685345094656e-06,3.707943008511148e-05
4381,Gm15747,345.86572400491247,-0.726423431177734,0.0638366224710351,-11.379415186123564,5.2953632457895374e-30,2.0862739082884635e-28
4410,Tctn2,30.79383817694358,-0.6357925270284835,0.1547652215482439,-4.108109823822997,3.989104185775818e-05,0.0001795310318815
4422,Bri3bp,182.0264738780641,-0.6239491923828603,0.0868573264974889,-7.183610382031491,6.789417172891102e-13,8.15263134186631e-12
4444,Phkg1,179.03041465462468,-0.5057553324852357,0.0776267314956081,-6.5152212741798845,7.258258176165105e-11,7.157425398454018e-10
4473,Wbscr25,353.8373119276632,-1.1681662832589996,0.0542299101639665,-21.54099609840764,6.430904774354827e-103,1.6147330002831527e-100
4512,Fis1,290.7111906961981,-0.6662796494135628,0.0622474760728635,-10.703721523321716,9.777089711627836e-27,3.138930920204487e-25
4518,Ufsp1,71.41731711075269,-0.6772235509687815,0.1085717587394433,-6.237566369298858,4.444305701384874e-10,4.019707248085901e-09
4524,Pop7,113.33163667741373,-0.7410887408225407,0.0841644887933783,-8.80524258445738,1.3056987048166065e-18,2.459772599230657e-17
4525,9130604C24Rik,782.7095565179524,-0.5362390887789421,0.0359362389983756,-14.921959106604918,2.372053179994643e-50,2.078388054533848e-48
4536,Agfg2,386.3469271981589,-0.5113366432564854,0.0539791616215101,-9.472852632315108,2.723036770671548e-21,6.275294190822938e-20
4546,Zfp113,34.55783951633442,-0.5541635698809896,0.1797922505470511,-3.082243913154457,0.0020544641873736,0.0064674870928494
4549,Ap4m1,418.3080705619639,-0.5887032402504012,0.0478330261378101,-12.307463854666194,8.257744612206037e-35,4.171772901235501e-33
4554,Map11,25.343472815578448,-1.5424508403435506,0.4056086907883668,-3.802805204556997,0.0001430668473973,0.0005768968297614
4587,Ttyh3,42.08960419631586,-0.564348270192694,0.1544403277010599,-3.654150950035966,0.0002580344337514,0.0009935713616388
4606,Rnf216,35.162557095552096,-0.5564860935860357,0.1504304302516132,-3.699292042542489,0.0002162017080488,0.0008427157864933
4624,Pms2,862.5130417204844,-0.6881977778758095,0.0656571864449493,-10.481682434760328,1.0486145205675548e-25,3.133364490143512e-24
4633,Gm15708,27.045908897042604,-0.7060098896626511,0.1889661703327844,-3.736170809935512,0.0001868437737645,0.0007373382139433
4668,Slc7a1,123.27793791952384,-0.7338867632818554,0.0831867431028929,-8.822160069112423,1.1227260502488833e-18,2.122204532959209e-17
4695,Samd9l,79.54224300277328,-0.5657300922745877,0.1223552684440094,-4.623667615370968,3.770138238736853e-06,2.0257117722858537e-05
4709,Slc25a13,50.39000888263085,-0.8100779701788473,0.1303271339363458,-6.215727651729871,5.108734664702672e-10,4.598407879309419e-09
4727,2610001J05Rik,298.963103129874,-1.4150087596696694,0.0730333826706556,-19.374821594265416,1.2589709308118064e-83,2.4067804510280703e-81
4737,St7,21.3243069444348,-1.2663322641815564,0.2053054463277101,-6.168040287446768,6.914153037625391e-10,6.128387594940567e-09
4745,Fam3c,173.80964645139738,-0.5037212090533065,0.0665428111147153,-7.569881713967942,3.735642197888349e-14,5.064037767532288e-13
4746,Ptprz1,20.057145442877403,-0.599038228120122,0.1995592694012789,-3.0018060795540418,0.0026838308211487,0.0082016504821407
4747,Aass,94.03785401138944,-0.5826224759414793,0.1066957559967671,-5.460596539183179,4.745373614013114e-08,3.402873840943846e-07
4777,Ube2h,16.727335743558797,-1.019896910705474,0.2148604663164794,-4.746787197246484,2.0667319145064173e-06,1.1597275182702286e-05
4788,Mkln1os,546.1685998486474,-0.612030257554241,0.0420064300825916,-14.569918375612684,4.3641213860193356e-48,3.512804501292024e-46
4827,Ttc26,38.93646081799469,-0.8652934218199828,0.1516053984607115,-5.707537004655035,1.1462270608423497e-08,8.841347017217261e-08
4829,Fmc1,276.2133079472291,-0.6725115503984102,0.0541760385239675,-12.413450091979136,2.2092370865495108e-35,1.1506500156972885e-33
4830,Luc7l2,44.11672612167291,-0.5886500929181409,0.1494597392501428,-3.938519469333133,8.198594248057252e-05,0.0003465451031031
4831,Klrg2,194.0352673976357,-1.3701957143841976,0.0896537279029227,-15.283198439532246,9.896200008179478e-53,9.459305269182008e-51
4856,Fam131b,38.4443774036316,-0.6439047363313262,0.146462378455954,-4.396383174433897,1.1006955844769968e-05,5.4413757912596285e-05
4894,Gsdme,114.0082141387848,-0.50745757302822,0.0870725792554395,-5.827983704715152,5.6101055036695155e-09,4.479297811496548e-08
4900,Hnrnpa2b1,98.33842085920996,-0.5930335196590044,0.1022138625517397,-5.801889341172449,6.557183260400872e-09,5.1813759506681016e-08
4913,Hibadh,49.589659191322696,-0.6649997435598325,0.1232936414466626,-5.393625622190047,6.905001098528734e-08,4.80518037079952e-07
4915,Jazf1,12.678788987878304,-0.8138103451501257,0.2567732161689667,-3.169373960774036,0.0015276769966274,0.0049385299988977
4928,Gars,52.28250597023342,-0.6394723666767409,0.125152499052577,-5.109545326842384,3.229350120057201e-07,2.0562966339788902e-06
4933,Avl9,76.02134993544676,-0.7400067622403897,0.1148707786744433,-6.442080142397676,1.1784701985829468e-10,1.1407021950955648e-09
4948,Hpgds,29.519122094909783,-0.5298764735025239,0.164665194661072,-3.217902086674485,0.0012913189128855,0.0042554080453424
4953,Vmn1r32,41.41668513668005,-0.8630548312700698,0.1438644167160037,-5.999084770028903,1.9843275412894357e-09,1.6707878992548642e-08
5062,Nfu1,149.78550753094285,-0.5022818719135264,0.0736206426759956,-6.822568421795343,8.942701248809799e-12,9.606836724695227e-11
5079,Ruvbl1,69.26512842699033,-0.6598069242037956,0.1130673344874974,-5.835522055901607,5.362240242740461e-09,4.2977116533407715e-08
5114,A730049H05Rik,156.4907459384963,-0.6739449370102187,0.0723485143148788,-9.31525606838368,1.216587203622093e-20,2.7072283765257243e-19
5119,Lrig1,94.01642769399444,-0.6285783586693335,0.0928318405430574,-6.77115044786584,1.2776232809306431e-11,1.3467077979383588e-10
5132,Shq1,151.6772270996829,-0.5504111411415847,0.0890493217339852,-6.180969494476484,6.370912783269641e-10,5.66479205882374e-09
5138,Cntn3,51.03056648972599,-0.6969448613153367,0.1238893029727051,-5.625545100281058,1.8492308174901663e-08,1.3931755504987497e-07
5191,Tsen2,356.74858147552663,-0.5240431157559196,0.058326502653911,-8.984648348717341,2.59562990788602e-19,5.053967817172049e-18
5229,Slc25a18,101.19351555267528,-0.9147156221040648,0.0946367228580442,-9.665546253922432,4.2236057807557154e-22,1.0267878619892107e-20
5259,Eno2,123.39861757965414,-0.8493527870214387,0.0823652914351998,-10.312023089114664,6.2178416626241e-25,1.7850298684355846e-23
5264,Gpr162,11.737830035443377,-1.6066090389721464,0.347697789685528,-4.620705355720634,3.824375875354515e-06,2.0528868969715697e-05
5265,Lag3,98.33222001227055,-0.5563700871544638,0.1026496484343263,-5.420087605175005,5.956983678860105e-08,4.179079917825836e-07
5303,Tulp3,130.3663860448444,-0.6833433204093662,0.0787840112326772,-8.673629454981803,4.1856080888796665e-18,7.604156034473287e-17
5314,Clec2g,300.2107912300239,-0.6196845940870862,0.0552168429110316,-11.222745840169743,3.153250238776184e-29,1.1947551524083723e-27
5352,Dera,25.937051946578872,-1.4500039634708315,0.3454138839135083,-4.1978740027540775,2.6943245720641116e-05,0.0001250389580023
5435,Dnaaf3,511.27680650543687,-0.6749478038862556,0.0433465366460755,-15.570974202557508,1.1464767252054779e-54,1.190566540008133e-52
5443,Cox6b2,28.624539595666057,-0.8142833195442745,0.1662521048069073,-4.89788276960475,9.687479867033469e-07,5.7438330658332e-06
5455,Zfp524,330.5420698491537,-0.5196130312391758,0.0553971333288805,-9.37978194926347,6.61093037466177e-21,1.4928279421870464e-19
5493,Zbtb45,33.29532303630271,-0.7075455873485229,0.1566702458609145,-4.516145254387698,6.297547530528534e-06,3.24880840558361e-05
5499,Pla2g4c,152.28751545161748,-0.5593174619412989,0.074905123094495,-7.467012119260566,8.203621533018114e-14,1.068185178405292e-12
5582,Gm16175,49.111869499061264,-0.5276909319116995,0.1336564896022084,-3.9481130582003576,7.876960529246959e-05,0.0003337886825781
5601,Pinlyp,12.423567207730482,-1.1153502186644684,0.2770586470139071,-4.025682759536766,5.681023710981657e-05,0.000248303096622
5606,Tex101,100.20486335538769,-0.6859943384989514,0.0989587502772306,-6.932124108046574,4.145679956263553e-12,4.608899930063257e-11
5621,Prr19,22.14568249657318,-0.6909717180513021,0.1861729187230406,-3.711451282982909,0.0002060743328306,0.0008054805997235
5675,Selenov,30.17065970166505,-0.5749778136873688,0.1614578477167846,-3.5611636214545928,0.0003692149020808,0.0013757037204223
5686,Gmfg,52.2552744332428,-0.8245711905351346,0.1245036030898004,-6.622870102324652,3.522905875435199e-11,3.5552396846098594e-10
5699,Gm44702,15.952228958965758,-1.81497269624258,0.2416980703515637,-7.509256046614678,5.946431928853859e-14,7.876915302292006e-13
5710,Gm16282,119.16722458423732,-0.6871053856829743,0.0865880221176182,-7.935339887422693,2.099196435408177e-15,3.1644069563505165e-14
5715,Kcnk6,194.67825602867623,-0.5750687633377105,0.0672751148750479,-8.548016074083298,1.2522228191939429e-17,2.194390050760385e-16
5765,Haus5,90.40779269802655,-0.5625291393094838,0.1004003782401139,-5.602858765772368,2.1084502228248893e-08,1.575064746828735e-07
5775,Fxyd5,68.56878488036847,-0.7964176369581596,0.1285674157975845,-6.1945527334237855,5.845076970944883e-10,5.222078060658829e-09
5795,AC150683.1,1104.2957488367597,-0.9006307188778552,0.0347408940916754,-25.92422395639101,3.551777792515868e-148,2.29813683859594e-145
5814,Pop4,777.3101782582854,-0.6757761209625722,0.0346856878071578,-19.48285196821488,1.5348674237065282e-84,2.9679396171281516e-82
5822,2610021A01Rik,28.16934868428996,-0.7687351321716739,0.165173813153168,-4.654098113354173,3.2540184073278323e-06,1.7653128560617906e-05
5827,Zfp976,840.8022588344184,-0.5968125457291888,0.0403031437263579,-14.808089160024467,1.2988026377886015e-49,1.1091247094171394e-47
5841,Ctu1,181.44553817473783,-0.7032865704617278,0.0865857963661862,-8.122424230960556,4.569627852699422e-16,7.231876704229763e-15
5845,2410002F23Rik,62.08187789262078,-0.6370162296758679,0.1195879128809938,-5.326760993895639,9.997958140304753e-08,6.826122150744596e-07
5856,Kcnc3,447.6347373461337,-0.7965212289122255,0.055250623275654,-14.416511193697422,4.074228548703569e-47,3.202838639011222e-45
5879,Rras,165.21128038492017,-0.5944868704182201,0.0782696893744757,-7.595365142870827,3.0692572509085185e-14,4.191080741236527e-13
5880,Prr12,306.3727322180907,-0.5606840255397767,0.0531854583473066,-10.542054970711186,5.527761605823816e-26,1.6846654618618487e-24
5904,Ftl1,40.19684302038502,-0.5059945224270266,0.1333428652581731,-3.7946876381225225,0.0001478294487573,0.0005939658028288
5906,Dhdh,25.40983934391112,-0.8781329910034753,0.2006464264850513,-4.3765194645462495,1.2058942724940184e-05,5.9335359304378094e-05
5908,Nucb1,105.35781180047324,-0.5472829199970188,0.0855373342808058,-6.39817600815538,1.572439720518347e-10,1.5021665768472543e-09
5954,Htatip2,107.21089429048293,-0.5889672346646639,0.0939247090970804,-6.2706314485989845,3.5958683425941006e-10,3.2876789743185087e-09
5977,A330076H08Rik,24.440507255045127,-0.7065119363875405,0.1861767894940723,-3.794844342882145,0.0001477361130264,0.0005937625005844
6022,Gm44686,33.82414267673263,-0.7089407400851885,0.1595313971546565,-4.443894761342252,8.834483027620203e-06,4.431201788123276e-05
6026,Slco3a1,303.29316640768315,-0.5129130684195325,0.0550468849937203,-9.317749196490317,1.1883437904840875e-20,2.6478817996442134e-19
6031,Agbl1,82.64525521172318,-0.8238711797681278,0.1005802608418378,-8.191181578497426,2.5867398873820933e-16,4.176269205895293e-15
6069,Fes,87.73445546487181,-0.5281663481519793,0.0950678638849246,-5.555677034999973,2.765377721066757e-08,2.038648089461265e-07
6084,Ap3b2,18.956098450176302,-0.7244515808633627,0.2467720269009906,-2.9357119198685586,0.0033278321470096,0.0099598150167483
6099,Gm16638,130.63228157725408,-0.5013101900348156,0.0878730736592638,-5.704935188436601,1.1638736558151376e-08,8.965131186711566e-08
6109,2610206C17Rik,74.12331997444012,-0.8061859841210124,0.1151380237758244,-7.001909166781163,2.5249777315766258e-12,2.873998672416345e-11
6155,Emsy,31.48326907014989,-1.218114833786456,0.1701178962433061,-7.160415574645262,8.043285317875165e-13,9.603420078255066e-12
6167,Xrra1,32.759082187485305,-0.7502126496177933,0.1570275244716719,-4.777586936697415,1.774113541596011e-06,1.004912865665646e-05
6176,Ucp2,102.02986030470218,-0.5556531679405655,0.1032749865468124,-5.3803267036854034,7.435078209981275e-08,5.140991398541512e-07
6206,Stim1,40.48940232977127,-0.5205151350547714,0.1435821359014663,-3.625208190327915,0.000288728757178,0.0010996793937075
6210,Trim5,142.91996168341927,-0.5241349651417884,0.0754433388091548,-6.947398848129798,3.720826631727799e-12,4.153647407137144e-11
6211,Trim12a,37.22464371431185,-0.5503140688545854,0.1649911936324559,-3.3354147984437126,0.0008517224928043,0.0029301692221775
6240,Ric3,48.87522299416239,-0.5784253528420971,0.1275055973556921,-4.536470279249861,5.720354652656846e-06,2.9738419753289905e-05
6247,Tmem9b,32.45466364731826,-0.6507943556210921,0.1648098438396251,-3.948759008924089,7.855738733533134e-05,0.0003329732746642
6275,Rras2,63.83663654780902,-0.8788777226494177,0.1098766021970077,-7.998770485035546,1.2566770987587905e-15,1.9289305504032052e-14
6290,Rps13,43.74083058854541,-0.9506607884108372,0.1453083113818329,-6.542370352875031,6.055132251583168e-11,5.99914545750198e-10
6320,Uqcrc2,101.87610430951533,-0.6786397170096367,0.090105858060844,-7.5315826475053935,5.0128965933200294e-14,6.730403782076843e-13
6321,9030407P20Rik,791.7546442341469,-1.3311367725771015,0.0460316661878431,-28.91784901170165,7.122214747694162e-184,7.48856366877868e-181
6324,Polr3e,147.43539568144723,-0.8711555028837146,0.080875173930376,-10.771605927347697,4.687526531947194e-27,1.5253048132871885e-25
6327,Otoa,12.21087858233067,-0.8411795866295837,0.2746586507096835,-3.0626364196288054,0.0021939644725606,0.0068693587049856
6329,Cog7,275.4255669190471,-1.1807935816203263,0.0711132345136459,-16.604413927955196,6.47494542233667e-62,7.564444919442348e-60
6337,Ern2,169.82164525623426,-2.2432986028680517,0.1821360674665101,-12.316608314168924,7.373049194804656e-35,3.747335546954645e-33
6378,Sez6l2,503.454112835156,-0.8245327352341832,0.0440244535596117,-18.7289714821268,2.874150385019033e-78,4.835183192717519e-76
6392,Zfp747,155.8795327358446,-0.8719498817627055,0.1550256114873945,-5.624553732746318,1.8598815666800573e-08,1.400572408068872e-07
6400,1700008J07Rik,341.80640660329186,-0.7673134585387824,0.0666238096386657,-11.517105711911515,1.081840919302064e-30,4.4607376925045645e-29
6406,Rnf40,33.89783378764972,-0.7321491859605361,0.1779522963299693,-4.114300298788745,3.8835559783999865e-05,0.0001752966520649
6418,Stx4a,125.84452705976528,-0.6282108415884036,0.0884041748951153,-7.106121880937483,1.1934902671042928e-12,1.4011225934051304e-11
6449,Bub3,147.2256775679131,-0.7281614618568325,0.1180857762097957,-6.16637740148443,6.987220707988763e-10,6.186632314236578e-09
6455,Zranb1,71.03181945778472,-0.6573220795032609,0.1109249557210538,-5.925826836985608,3.107298922427757e-09,2.5607338740771216e-08
6476,Pwwp2b,219.7783665692004,-0.7319870656359456,0.0613307620038506,-11.935072086500202,7.769155702533157e-33,3.551644195209655e-31
6478,Nkx6-2,152.96207945336985,-0.7875582764443185,0.0761548615156629,-10.341536453090908,4.571485178682368e-25,1.3191439993305912e-23
6487,Caly,79.10154453212147,-0.5024343741483638,0.1058696027145196,-4.745785015394762,2.0769922309284355e-06,1.164319903395837e-05
6488,Fuom,430.7387554616653,-0.7244584725375296,0.0513911854537502,-14.096940285401866,3.965956375107174e-45,2.8758312111391383e-43
6502,Ifitm5,384.3781741737344,-0.6330251374811543,0.0598422786854588,-10.578225819381675,3.760106710419081e-26,1.1627991762753714e-24
6515,Deaf1,88.56282073882144,-0.5142678671811166,0.1018580480471331,-5.048868273453929,4.444350420942356e-07,2.780487435162263e-06
6549,Phlda2,349.87685114378223,-0.6078885196131529,0.0808038223500045,-7.523016881306215,5.3526509307419824e-14,7.129663231027108e-13
6550,Nap1l4,231.7390964148686,-0.7185605634136276,0.0624865788532366,-11.499438385022223,1.3277654028557996e-30,5.434792547991026e-29
6573,Pnpla6,373.4443212335235,-0.5284714037643974,0.0489199361988752,-10.802781950000751,3.3392987039570046e-27,1.101510237189582e-25
6591,Zfp958,34.047289688508265,-0.5777101603118737,0.1545418863744361,-3.738210875154924,0.0001853344672918,0.0007318971228286
6598,Tnfsf13b,561.264396316051,-0.6218679247892261,0.0428511745139384,-14.512272576961616,1.0130773226255159e-47,8.039150848362762e-46
6609,Sox1ot,30.295945009767784,-0.5527112593513711,0.1689167399315506,-3.2720928640663067,0.0010675450516193,0.0035782646749136
6615,Gm15347,21.808183651091408,-0.7487205799511542,0.1938576334832339,-3.8622187143118536,0.0001123619027563,0.0004636409835834
6657,Plat,83.63236527287422,-0.9396973625150392,0.1077473467785041,-8.721303963491296,2.7501605358017487e-18,5.073020909407106e-17
6667,5830408C22Rik,22.46699499106873,-1.3309547907862056,0.2111240142313372,-6.304137384048714,2.8980335410886977e-10,2.678770234161272e-09
6673,D830025C05Rik,42.06455073959216,-0.585992243396786,0.1354141876244924,-4.32740655670261,1.5087531940486943e-05,7.331529457966836e-05
6676,Bag4,15.650404732267248,-1.3092677021092702,0.2395884260989376,-5.464653378409066,4.6381220004306555e-08,3.3316450219148125e-07
6747,Triml2,129.0331122502259,-0.6485903825982259,0.0909527745042257,-7.131067591215613,9.959339389895114e-13,1.1799011729310246e-11
6758,1700029J07Rik,50.265011081902365,-0.5928445177329819,0.1560513384269895,-3.7990351361859744,0.0001452604998825,0.000584901242107
6759,Ufsp2,93.92466114242696,-0.567351029813103,0.0900298390342291,-6.301810998433499,2.941877735248605e-10,2.710361946335558e-09
6784,Asb5,47.54830210083127,-0.7032770341811002,0.1645981346605381,-4.272691398547839,1.9312765614947624e-05,9.209145576538092e-05
6815,Naf1,176.48103823545128,-0.8849622117451972,0.0703892156952967,-12.57241188161624,2.99447054603262e-36,1.6250315482550567e-34
6830,Zfp866,64.63685093787045,-0.6660773138955246,0.1204930242468283,-5.527932575840029,3.240265260080042e-08,2.367983599927305e-07
6844,Nr2c2ap,64.91216195474722,-0.5076877962318357,0.1150571167568841,-4.412484951318402,1.0219089958553673e-05,5.084635407186464e-05
6849,Armc6,24.938142210822203,-0.7845220331261802,0.2081758491134235,-3.768554500761217,0.0001641956375774,0.0006542546686321
6854,Upf1,27.23245243080387,-0.6284630994591621,0.1678861281870991,-3.7433890830979046,0.0001815547650262,0.0007184887819421
6902,Pgls,63.63767201428977,-0.7624324320390717,0.120952541094051,-6.303566879559931,2.9087261207496855e-10,2.685702498867836e-09
6943,0610038B21Rik,305.29754938580504,-0.5639642934566075,0.1550877443013777,-3.63642076294998,0.0002764526291478,0.0010577126632144
6968,Ndufb7,77.86936629453929,-0.5015042659419651,0.1046491621258976,-4.792243490097252,1.649265673668787e-06,9.370346649148936e-06
7000,Dand5,15.047376400499374,-1.1303576109213789,0.243489850777603,-4.64231920678212,3.4452005886381683e-06,1.8636208843299004e-05
7005,Farsa,57.656783769947566,-0.6772624702605757,0.1177450013688107,-5.751942438211856,8.822384096216995e-09,6.871248502345303e-08
7014,Asna1,220.50503640119732,-0.9795023487640186,0.0871967753312895,-11.23324050737614,2.8001676083946895e-29,1.0681909223588178e-27
7024,Orc6,292.27223516363875,-0.5201131311099058,0.0637611457808753,-8.157211178377372,3.4284864601978543e-16,5.4878618192110835e-15
7067,Mt2,18.504493251061614,-0.928265715332528,0.2041163798834392,-4.547727702512727,5.422823481829462e-06,2.8340527938744035e-05
7128,Tmem208,34.028909312412935,-0.6066485506158361,0.1534373871937746,-3.953720548237081,7.694527221169625e-05,0.0003268813925296
7151,Nrn1l,23.06878232385261,-1.3156490488421526,0.2485405472275602,-5.293498640435369,1.199981345215651e-07,8.117123510479654e-07
7157,Gm45752,53.59286595552186,-0.8346533022729797,0.1419757084377748,-5.878845835369027,4.1313691016439074e-09,3.3543447102777725e-08
7162,1810019D21Rik,15.71638887902978,-0.7482318717858505,0.2328760473199992,-3.2130048598673246,0.0013135406692759,0.0043193304689659
7200,Sf3b3,14.09120772161043,-0.930286648506193,0.2502275195674788,-3.717763138579658,0.000200994585554,0.0007880120047391
7219,Chst5,137.38863129531916,-0.7217341665320266,0.076893782357171,-9.38611867445376,6.225205233277628e-21,1.4076159628955585e-19
7227,Nudt7,109.6738875167758,-0.5131224970543599,0.104408795728218,-4.914552394513261,8.898552614527788e-07,5.291634875722904e-06
7236,Gcsh,39.221048952260645,-0.5637856782795382,0.1486620000833065,-3.792399388973689,0.0001491987048777,0.0005989797418452
7244,Mlycd,328.5243562204631,-0.5078542276647672,0.0600569385859046,-8.45621238149426,2.7620235644816208e-17,4.731723261229563e-16
7284,Piezo1,32.82548852918284,-0.6220973062118905,0.1523875164279719,-4.082337718955696,4.458494359786745e-05,0.0001990585207396
7292,2810013P06Rik,36.53578627269907,-0.7775318915152578,0.1473866275979477,-5.275457510543408,1.3242529219659976e-07,8.87919765095017e-07
7311,4732419C18Rik,36.858079002030046,-0.6047615341595115,0.1518547040548371,-3.982501154136936,6.819379355476772e-05,0.0002928833773224
7313,Rab4a,876.3589860105147,-0.6390138577454685,0.0384052028964368,-16.638731462209098,3.652744606475565e-62,4.327473416530875e-60
7326,2310022B05Rik,43.26695125321753,-1.072461858278287,0.1777827581944055,-6.03242895526207,1.6151335808449716e-09,1.3729859641513372e-08
7420,1700084C06Rik,29.674886997873728,-0.6941668315706355,0.1650108805462851,-4.206794299094256,2.5901870496811476e-05,0.0001204054068438
7431,Ilf3,169.81065642005566,-0.6431379635949755,0.0784212672911834,-8.20106567784681,2.382653050240668e-16,3.8615965572445815e-15
7432,Gm16853,105.05668712266232,-0.6035226506496667,0.0966394335697133,-6.245097144679558,4.2353679806833116e-10,3.839124895390231e-09
7459,Acp5,179.48332324446832,-0.5108580388254566,0.0882155079076394,-5.791023040532948,6.995897817271645e-09,5.515088518273706e-08
7480,Vps26b,46.96692392045755,-0.7602198921779948,0.1366828083370432,-5.561927658841958,2.668108989769073e-08,1.9686665585475927e-07
7484,Igsf9b,75.70317355220918,-0.6406317363694776,0.1063304912503815,-6.024910905950308,1.692028042942117e-09,1.4347272059685098e-08
7489,Gm29724,18.145293809826462,-0.7288723830715352,0.2115710999939661,-3.445046998821305,0.0005709601068262,0.0020406334984358
7508,Rpusd4,11.93106795605232,-0.9903771566476706,0.2880688467741268,-3.437987716263604,0.000586054283326,0.0020896971615927
7544,Hspa8,29.996596063852145,-0.6032836330632813,0.1579096804563728,-3.820434765745449,0.0001332166375227,0.0005417218982463
7570,H2afx,56.95926192374009,-0.7691932998596845,0.1203796572734474,-6.38972827537156,1.6618078625476774e-10,1.584840911090679e-09
7580,Cxcr5,269.2090604228816,-0.5209957042054753,0.054841792354097,-9.499975873172811,2.0993893680189123e-21,4.8714520466458156e-20
7582,Phldb1,485.3187234962345,-0.6937482081619724,0.059064503359924,-11.745603005149256,7.438997173933939e-32,3.2254188004404814e-30
7591,Mpzl3,672.7844525447717,-0.5252162466146975,0.0521235196050171,-10.076377239961808,7.02693377778034e-24,1.8893847176225795e-22
7615,Zw10,38.67933259700852,-0.8426023523045751,0.151007472901356,-5.579871883923226,2.4069580576652988e-08,1.7869486056532797e-07
7629,2310030G06Rik,40.60272063090626,-0.5950144408522963,0.1394383773878441,-4.267221492382112,1.979226284960953e-05,9.40579768132715e-05
7654,Elmod1,44.10424503867222,-0.5800383562588322,0.1504053732033395,-3.856500229381123,0.0001150219901843,0.0004736878680221
7701,Sema7a,25.653585739546408,-1.274428589543475,0.1998505426785623,-6.376908325904592,1.8069854872418982e-10,1.714546917759191e-09
7712,Adpgk,50.64373982701426,-0.5989103100214797,0.1558279975029885,-3.8434063173403312,0.0001213383303623,0.0004975869278542
7723,Thsd4,47.76843180784288,-0.6716009928872688,0.1482503851943581,-4.5301804241978285,5.893333633222166e-06,3.054329997279621e-05
7757,Hacd3,359.351903687321,-1.2146059971385186,0.0633530980649024,-19.17200633020675,6.34152552165238e-82,1.1596030853343259e-79
7805,Aldh1a2,92.40730269802852,-0.9209402785669492,0.0933100404931981,-9.869680408445236,5.634384018442051e-23,1.4318314553210065e-21
7817,Rfx7,56.09416896183063,-0.5549819004122549,0.1172500414761527,-4.73331943788806,2.2087745625772303e-06,1.2336724590384043e-05
7823,Ccpg1os,499.8414323047136,-0.576472942251403,0.0463950298018623,-12.425316778830098,1.904704390549023e-35,9.951193155964665e-34
7825,Pigb,140.1279017041265,-0.5800101823081404,0.0782313824587743,-7.414034676094196,1.2251386422770609e-13,1.5805603818272237e-12
7851,Gclc,1796.1352747385122,-0.501884728955718,0.0466380869893045,-10.761263193981652,5.244627175521464e-27,1.7032888604980229e-25
7895,Snap91,84.46776082777865,-0.6181602666932925,0.108331444548082,-5.706194256635493,1.1553014164898012e-08,8.90317715511128e-08
7947,Gm1123,70.69219789764458,-0.5272684260753709,0.1162381431969276,-4.536105030360703,5.7302651070661445e-06,2.978073830589241e-05
7948,Pik3cb,53.40792142064513,-0.5899637605412962,0.1254859129710255,-4.701434181520579,2.5834053839559354e-06,1.42680987440219e-05
7965,Cep63,21.266450124148594,-0.7537220427752102,0.1947317593041832,-3.870565569111143,0.0001085831457584,0.0004494041455268
7972,Trf,147.28415100371495,-0.6140732673744613,0.0812152028042737,-7.561063029718217,3.997884461186452e-14,5.415169910671472e-13
7985,Mrpl3,431.3765636959791,-0.7005903544749447,0.0690357183479931,-10.1482300936369,3.3742722918256426e-24,9.336411639043223e-23
7995,Ppm1m,65.91503428337424,-0.5402880977588987,0.1124169957487266,-4.8061068894470855,1.5389764073581589e-06,8.797213761803025e-06
8011,Dock3,110.234355480502,-0.6900222153955745,0.0880901904260697,-7.833133429024431,4.7585883422362505e-15,6.979401192802131e-14
8025,Hyal3,152.15084716779626,-0.6793894690782201,0.0777489695165568,-8.738244034649775,2.367616311288613e-18,4.3817831908480013e-17
8027,Sema3b,42.1936780451727,-0.641232596454735,0.1473614462533857,-4.351427138901348,1.352542688052775e-05,6.612561941619249e-05
8028,Gnai2,44.089779349660944,-0.890773587919665,0.1610817340706371,-5.529947843304475,3.2032601357743943e-08,2.3439950093141643e-07
8039,Gm38134,33.485637329088526,-0.5861870482546244,0.1541889228572857,-3.80174553004166,0.000143680256843,0.0005788153641931
8047,Tcta,64.86961778180583,-0.5562418131467665,0.124708628437958,-4.460331415027102,8.183300874476822e-06,4.136648756349867e-05
8064,Arih2,481.5091978153956,-0.5116783027427981,0.0479979016432468,-10.660430669364256,1.5587395730715746e-26,4.947674686374171e-25
8098,Tdgf1,48.944738396334685,-0.5035977391433465,0.1289043614297833,-3.906754849545304,9.35439745898961e-05,0.0003916601006784
8103,Trank1,114.20457940501772,-1.0746794297388946,0.0934115310005375,-11.504783384106082,1.2480229821211612e-30,5.123087521513254e-29
8111,Ccr4,35.58658732874746,-0.5905797300933818,0.1507260772397852,-3.9182319404083454,8.920085400551924e-05,0.0003748753352322
8123,Zcwpw2,71.30416253187117,-0.6253945086097965,0.1103799496737739,-5.665834333664215,1.4631083637241566e-08,1.1157693564338844e-07
8145,Wdr48,49.6017139908711,-0.5755551303965712,0.1323905585797433,-4.347403142421934,1.3775887279216692e-05,6.729144938973937e-05
8149,Csrnp1,170.5689976217126,-0.5683758658421085,0.0775684464211529,-7.327410720025872,2.3464188108230455e-13,2.965725293349068e-12
8162,Gm34655,28.233214497424463,-0.5488349569253357,0.1639874217352432,-3.3468113049025603,0.0008174683481257,0.0028250349261544
8253,Cited2,218.5459161385565,-0.7022112187353784,0.0702406365695224,-9.997221737026075,1.5673252507524568e-23,4.126308715713393e-22
8287,Gm15270,233.6868686171047,-0.5653851750022401,0.058561349744367,-9.654578958139952,4.7008633259372635e-22,1.1346144007495347e-20
8308,Trmt11,50.88562849262675,-0.6096540144445787,0.1378032802493402,-4.424089276695558,9.684996672073905e-06,4.8347388431542807e-05
8311,Ncoa7,41.375340925814726,-0.5068285847474857,0.1539774378812834,-3.2915769460864155,0.0009962735807187,0.0033608001701287
8322,Gm48045,44.45686783766641,-0.5262620767617316,0.131726670039025,-3.995106508088474,6.466517560128043e-05,0.0002790821572961
8325,Dse,90.5810003804964,-0.6011046198148243,0.0936854862681322,-6.416197895311498,1.3971980171516262e-10,1.3416131416975918e-09
8369,Cd24a,82.8385702965576,-0.6726860847500239,0.0966691491141994,-6.958642865009093,3.43566225048261e-12,3.858354208268955e-11
8388,Mcm9,43.39830200022988,-0.5703293492571032,0.1489776495084784,-3.8282880092335287,0.00012903770616,0.0005265101457022
8403,Sowahc,901.4713332506884,-0.698072904658928,0.0383052671840356,-18.223940360605592,3.3326892647920505e-74,5.289229386943084e-72
8449,Mypn,338.10450501920445,-0.6108808533156416,0.0520229523925398,-11.742525658794465,7.714756860669613e-32,3.336384438741514e-30
8466,Ank3,12.259130193502877,-1.2331465957114107,0.2632029093325085,-4.685155642233257,2.797472678042716e-06,1.5339596760988464e-05
8467,Ccdc6,53.872239380648175,-0.8321321463646877,0.1385336890813993,-6.0067132542449295,1.893219112494838e-09,1.59887676352915e-08
8522,Pfkl,197.6149394504972,-0.6047674941519124,0.0696513345787755,-8.682784009944868,3.861973419820265e-18,7.046635449201337e-17
8527,Pwp2,91.26364820763692,-0.6604353420461927,0.0917154975065258,-7.200913258952781,5.981058937687382e-13,7.233598454975903e-12
8532,4921516A02Rik,65.42894569090744,-0.6202748717012213,0.1172825423587257,-5.288722935456329,1.2317330008503985e-07,8.315186305500102e-07
8537,2610008E11Rik,114.18283049203582,-0.7587362325121039,0.0829966591526957,-9.141768358605797,6.143932527381577e-20,1.2792002092591618e-18
8546,Hcn2,27.740570845887063,-0.6088980171925045,0.1712436603444321,-3.5557404926278338,0.0003769159823986,0.0014006754079727
8547,Polrmt,72.63614942147142,-0.6097079607082583,0.105184580288377,-5.796552679458012,6.7691928172436316e-09,5.34137573942259e-08
8565,Polr2e,116.85846177777064,-0.6816255305268841,0.0838759769749991,-8.126588268892009,4.4154199887536997e-16,7.014221951917232e-15
8571,1600002K03Rik,101.474237950796,-0.6611841381777595,0.0936397721940036,-7.060932792616289,1.6538857745751437e-12,1.9135708655899343e-11
8601,Sppl2b,300.59417340148553,-0.713921650418954,0.0721105770471678,-9.900373560344336,4.147230253188832e-23,1.0651733518991712e-21
8623,Hmg20b,336.59032168036515,-0.5844224719887036,0.0547940224635858,-10.665807066402,1.4711621481037926e-26,4.687378942717823e-25
8624,Mfsd12,1955.783251735394,-0.8139062111842299,0.0396287480888551,-20.53827714565444,9.797685887251792e-94,2.2578968449484504e-91
8625,4930404N11Rik,219.39088756587384,-0.5059883442901204,0.0792531364533072,-6.384458293183494,1.7200525158267315e-10,1.6366766670674835e-09
8634,Tle2,51.91784280510146,-0.5128117125256078,0.1220406870833625,-4.20197333185547,2.645983106923992e-05,0.0001228633006011
8643,Zfp781,502.9156622928942,-1.2904471903381955,0.134867675228066,-9.568246714092194,1.0873391182292937e-21,2.551228170986249e-20
8645,BC024063,47.77427093868072,-0.5298064452956337,0.1348911691667993,-3.927658486231244,8.577689542266971e-05,0.0003617489894549
8663,Appl2,217.88910154770403,-0.88246972609599,0.0632693063455378,-13.947833113207938,3.2430961043385013e-44,2.3118053289528224e-42
8733,Plxnc1,110.8225106837258,-0.7467855476511208,0.0827496992060398,-9.02463156744156,1.803010491384265e-19,3.575391747631619e-18
8748,Poc1b,142.05372971899388,-1.074878658730561,0.0983848525289674,-10.92524541228625,8.730407678321382e-28,3.003510191664634e-26
8751,Dusp6,108.95263824627264,-0.973279376473877,0.0903425916314656,-10.773206290607352,4.606734173485043e-27,1.5019203294678075e-25
8758,4930430F08Rik,28.10329272582907,-0.6434182961788824,0.1789120550101766,-3.596282520718263,0.0003227972140638,0.0012164913826604
8771,Ppp1r12a,875.7885633520493,-0.5434379863050971,0.0363012143221024,-14.97024263384539,1.1490128885609373e-50,1.0227430594846903e-48
8776,E2f7,200.25905056589752,-0.8084410417082657,0.0693248498537251,-11.661634225159796,2.0016323760059606e-31,8.503399358976839e-30
8805,Cnot2,77.5796811523632,-0.9059119525463228,0.1081932031739562,-8.373094852268775,5.612439434324879e-17,9.441806860364744e-16
8847,Rxylt1,114.44401973048934,-0.7390432920020171,0.0923848021411856,-7.999619795392165,1.248039756852182e-15,1.9174221762122606e-14
8859,Eef1akmt3,61.9016938040974,-0.5647917314323858,0.1240378885886591,-4.553380727927234,5.279060715222105e-06,2.764932702745376e-05
8879,Nab2,43.98984019847592,-0.6447809550344915,0.137089547768706,-4.7033560583506295,2.559195408751088e-06,1.414367423174098e-05
8899,Gm17201,48.79205253020292,-0.7035066900341054,0.1333874800821691,-5.274158336305119,1.3336672777144073e-07,8.935198969728983e-07
8904,Myl6b,51.56225576976088,-0.5161512470034839,0.1313753457270048,-3.9288288388297374,8.536056636047497e-05,0.0003600854583456
8912,Rab5b,44.28476057944496,-0.6891938104645848,0.145497519149234,-4.736807984730597,2.171106930340197e-06,1.2142464058880697e-05
8923,Rdh5,312.37112597710365,-0.7138319596187851,0.070205219176813,-10.167790486074653,2.761005808841012e-24,7.702885691895912e-23
8925,Itga7,198.63736934667597,-0.5195906277243995,0.0675653227886694,-7.690196779634619,1.4690890084658586e-14,2.0664284606539414e-13
8962,Uqcr10,540.0354053135377,-0.7355397816401091,0.0536350537981902,-13.71378845647634,8.395707956945756e-43,5.741503860150342e-41
8964,Cabp7,19.64883153734869,-0.7036958112732131,0.2113117568724282,-3.3301309008473376,0.0008680516493855,0.0029766067871205
8970,Rasl10a,766.6487291015808,-1.0201122707951555,0.0405099021116003,-25.1818004394298,6.340087949244524e-140,3.3331031115668943e-137
8981,Urgcp,108.31306031616852,-0.7434270433248967,0.092508056200891,-8.036349198716985,9.255473352083296e-16,1.437717711930723e-14
8996,Purb,32.987816461078,-0.5020839199723642,0.1543393241944889,-3.253117263489304,0.0011414638144384,0.0038048039925297
9005,Upp1,126.20969747341871,-0.7974858235504622,0.0826387071731264,-9.650269841222778,4.902655151213844e-22,1.1816241777775144e-20
9019,Egfr,25.05589483800212,-1.8201727305644837,0.2831297588151918,-6.428758100813312,1.2865066526210438e-10,1.2402808834982134e-09
9023,Cnrip1,37.22814216903783,-0.516549177222656,0.1428864138817225,-3.6151035160714544,0.0003002276337412,0.0011390909973903
9025,Wdr92,13.113971184526456,-1.078120328273139,0.3472351242988775,-3.104871174683248,0.0019036191535392,0.0060287245896065
9034,Rab1a,221.07754724852077,-0.5039343621293056,0.0683622950734406,-7.371524925954226,1.6868721565893517e-13,2.1580418471713055e-12
9038,Aftph,35.959083779276426,-0.5369878160458553,0.1499919744338711,-3.5801103230533444,0.0003434491718725,0.0012879726746347
9061,Papolg,133.2714386303611,-0.6577263260096139,0.0807051554386709,-8.149743624611812,3.64696611010716e-16,5.820959285610318e-15
9097,Sh3pxd2b,16.982246194561725,-0.9009364241898568,0.2160080754922879,-4.170846030346779,3.0347086122515345e-05,0.0001396414195402
9117,Nudcd2,280.9749747342252,-0.5652887289008964,0.0572865696754021,-9.867735703218784,5.744671678166091e-23,1.4576562841898665e-21
9132,Gm12166,134.03246457408594,-0.8823998443846831,0.0795668528805763,-11.090043308726775,1.402198623356626e-28,5.0948568986454695e-27
9145,Zfp62,315.54593379214487,-0.6230663820802936,0.0567010529211043,-10.988621021680997,4.334985399057865e-28,1.519322070173968e-26
9149,Gfpt2,33.046738052153124,-0.5684272561172206,0.1487934660233239,-3.820243397167168,0.0001333200442371,0.0005420113833256
9159,Rufy1,61.46885656351536,-0.5667617367461334,0.1160869537033863,-4.8822173264557,1.0489955145164092e-06,6.168210954459822e-06
9183,Tcf7,16.285482763589645,-0.7836574506901074,0.2374838927484288,-3.2998341134665945,0.0009674199432005,0.0032746289143789
9187,Fstl4,28.524312913716667,-0.7163885176404841,0.1787681077645658,-4.007361976354048,6.140072214400547e-05,0.0002666350925732
9195,Rad50,82.39860790396209,-0.8622144351785324,0.1037803963775521,-8.308066506527918,9.72740079343116e-17,1.6154399165635977e-15
9228,Gm12248,15.200382691520009,-0.8862367987598944,0.2438245675572698,-3.634731346552,0.0002782704562664,0.0010639417922206
9261,Gm16062,114.22016961523832,-0.5538236785891222,0.091628766103291,-6.044211901367409,1.501420770971655e-09,1.2834553673809022e-08
9269,Drc3,59.23667486814784,-0.5364938007185512,0.1251269295714834,-4.287596623331663,1.8061669978590224e-05,8.65673715241662e-05
9286,Mapk7,37.82464460925139,-0.7493889805024799,0.1659432481200536,-4.515935351345693,6.303789524466935e-06,3.25103161159127e-05
9289,Slc5a10,24.939926910061715,-0.6483351240011368,0.1946626708667595,-3.3305570149343207,0.0008667241189444,0.0029744797741744
9301,Trpv2,20.546137517492305,-0.7223813163732107,0.2180405729562759,-3.3130591549035744,0.0009228145958453,0.0031419773215759
9332,Usp43,180.5384620166829,-0.6855212247459632,0.0729627166977906,-9.395500274275308,5.694655166199516e-21,1.2893833628664124e-19
9344,Rangrf,47.14399227332893,-0.8617743774909952,0.1250680012531722,-6.890446547926556,5.561752224592849e-12,6.083573320827404e-11
9347,Aurkb,85.5339195074651,-0.593146268344574,0.1013134863641346,-5.854563786431396,4.7826363030958645e-09,3.855212770818482e-08
9377,Zbtb4,17.926136421382324,-1.1242443973178788,0.2110865294401647,-5.325988353210196,1.0040556481816434e-07,6.852425220835614e-07
9413,Gm12319,31.76964736217792,-0.6358274374065703,0.1536045308511396,-4.13937944332358,3.482465463481441e-05,0.0001585105965696
9431,Med31,29.792663913465077,-0.7628963841683718,0.1648818246878501,-4.62692832040564,3.711288874286815e-06,1.9966425561921035e-05
9458,Mnt,158.97223816804092,-0.6179741617091887,0.0822020640182191,-7.517745072340545,5.572903036359604e-14,7.405446112217821e-13
9495,Abhd15,15.352164800372943,-1.1114309014264865,0.2336989379742868,-4.755823501212374,1.9763908977879034e-06,1.1131176455803784e-05
9511,Rpl23a,157.16572399139807,-0.5891908877572493,0.073409904858351,-8.026040748780833,1.0066879610160161e-15,1.5594393709182727e-14
9535,Omg,280.614862881623,-0.8330211414540798,0.0613960151957177,-13.56800011855137,6.199041079519082e-42,4.1882115695080126e-40
9540,Crlf3,247.9654629881527,-0.5559755993085932,0.0563514691361038,-9.866213034584138,5.83251440079891e-23,1.4754945829269185e-21
9563,Unc45b,156.20138956723136,-0.5284747666192233,0.0775387917947914,-6.815617762240174,9.385955088992375e-12,1.0057319902045779e-10
9604,Dhx40,12.005512353322278,-0.8491731140145684,0.2640251718034906,-3.2162581628640816,0.0012987394294014,0.0042748372961886
9611,Trim37,85.49041228265905,-0.5596532367777567,0.0976784822412964,-5.729544767037208,1.007005119799814e-08,7.81044127726707e-08
9615,Mtmr4,76.66763028889021,-0.662366633190261,0.1021355872758867,-6.485169869353062,8.863186807386675e-11,8.689125388150702e-10
9626,Cuedc1,151.48320870174837,-0.513773064275296,0.080278100179022,-6.399915582575695,1.554628803838477e-10,1.4876860277004947e-09
9693,Gm11536,12.408373589663055,-1.275597791556946,0.2780716854145027,-4.587298378313845,4.49018720184728e-06,2.38066244237872e-05
9695,Skap1,24.127611914001868,-0.6221328181597705,0.1797977653748845,-3.4601810365251318,0.0005398123346647,0.0019421007070285
9720,Srcin1,80.01052413147762,-1.1918482904602772,0.1109806417579914,-10.739244895152671,6.658675740815993e-27,2.1500748941986078e-25
9729,1700001P01Rik,273.1037958848267,-0.7761803359457545,0.0629350347390208,-12.333040557845424,6.013401560033165e-35,3.0655592255890282e-33
9730,Lasp1,33.59988282314945,-0.5004860939337669,0.1569262000629497,-3.1893086924490675,0.0014261349852372,0.0046522918085411
9733,Gm11630,184.64497649474413,-0.5015261670744152,0.0704654600297128,-7.117333327036243,1.1003515585637826e-12,1.295396379966306e-11
9760,Krt12,33.4470649506189,-0.6262427208797006,0.146663701257755,-4.269923065551895,1.9554040602190517e-05,9.313636043336666e-05
9769,P3h4,23.852509395042347,-0.905613364344433,0.18542272920023,-4.884047216058932,1.0393017035003128e-06,6.119766383614198e-06
9776,Nkiras2,577.304148612805,-0.6082762883422131,0.0495897896161724,-12.266159889975397,1.3762728011773843e-34,6.890784920894982e-33
9798,Coa3,34.09808268104476,-0.5245898442503235,0.155568030692126,-3.3720928517023085,0.0007459929396779,0.0026026211580676
9825,G6pc3,21.17693772250596,-0.6791565834271562,0.1938765985560055,-3.5030353765514755,0.0004599883672198,0.0016775166489789
9835,Fam171a2,27.862936077869733,-1.1214674786769847,0.1723517463164649,-6.506853006396546,7.674143697379977e-11,7.549831545089087e-10
9858,Plekhm1,61.1759157743145,-0.5372461458379585,0.1379333626613179,-3.89496881299932,9.821136531297736e-05,0.0004088616180797
9863,Wnt3,21.662431400329,-0.8042047139869618,0.2276205369053283,-3.533093827651613,0.0004107266749213,0.0015142789507347
9864,Nsf,12.893905305216103,-0.93694355594486,0.2518083707401312,-3.7208594503468486,0.000198545921845,0.000778950103358
9912,Cep112,50.85053080800607,-0.7138310116281721,0.125837365602912,-5.672647454180757,1.4060740145553496e-08,1.07568812926533e-07
9928,Cpsf4l,148.02518955706145,-1.289797874953864,0.0951845154167628,-13.550501037973644,7.869117537509922e-42,5.295286573341178e-40
9961,Recql5,264.152490720018,-0.504890903325553,0.0616083819371951,-8.195165778582682,2.502480248569694e-16,4.0441138541486994e-15
10008,Timp2,236.56501500477893,-0.6273345782295833,0.0567552084182956,-11.053339344752631,2.112093266021398e-28,7.573624939030765e-27
10018,Gaa,122.80456291652226,-0.8321929306921899,0.0904494101074704,-9.200645197170354,3.5580686339757365e-20,7.557751089567402e-19
10019,Eif4a3,72.36752758358845,-0.6115813393795091,0.1035503029589874,-5.90612795813581,3.50241973145688e-09,2.863032417021336e-08
10034,Gm11769,1110.296786259286,-0.5692596743541725,0.0364777555302811,-15.605666140330769,6.661082601383111e-55,6.960210720687458e-53
10035,2810410L24Rik,29.433135341545,-0.5384444473858712,0.177798430458668,-3.028398203498432,0.0024585389168125,0.0075889908619333
10043,Oxld1,109.90911212518324,-0.6138226896504276,0.0868491647753434,-7.067686732949357,1.5753768280167536e-12,1.8265034030134973e-11
10102,Sf3b6,45.810370301969655,-0.6434222338131602,0.1331022152905716,-4.834046018005962,1.3378563854632387e-06,7.721014741903281e-06
10116,Sdc1,163.9241721717795,-0.8923115943187852,0.0788432716841521,-11.31753636370399,1.0744918599023145e-29,4.1746366187382525e-28
10125,Fam49a,439.46513327326807,-0.693136892473718,0.0474060708290507,-14.62126854961704,2.0553470177987457e-48,1.6866879453867462e-46
10143,Gm49692,14.378481323040448,-0.8494860812462709,0.2342408443455696,-3.62654977452628,0.0002872334722246,0.0010949759128112
10159,Taf1b,57.4458479104532,-0.514908452360213,0.116929254836546,-4.403589615618411,1.0647427136500396e-05,5.276043202278237e-05
10163,2900060N12Rik,467.4303449979608,-0.6971393763348961,0.1378652093503722,-5.056673685985402,4.2663231601523996e-07,2.6740817631610955e-06
10189,Dus4l,70.50676697669836,-0.66845409508204,0.1101863685223603,-6.0665770552769365,1.3066505117596152e-09,1.1249632323097242e-08
10192,Nampt,117.81205822488911,-0.6176107103373566,0.1240685375328297,-4.977980095670354,6.425126162486653e-07,3.917720095379231e-06
10199,Atxn7l1os2,53.80226323982,-0.792923977476496,0.1216298383882436,-6.519156713383722,7.070375494569377e-11,6.98443493512276e-10
10232,Nova1,119.7201500580081,-0.5501167473633127,0.0897454173916262,-6.12974749410037,8.801865435420824e-10,7.712176157296071e-09
10233,Prkd1,122.8544648517384,-0.5121643595605104,0.0844555380898896,-6.064307577028186,1.3252333202453332e-09,1.1392130887321021e-08
10254,Srp54a,24.753817800489635,-0.6437696773772307,0.1946944081139976,-3.306564803855537,0.000944475012566,0.0032056260656833
10286,Rpl10l,54.96780760082666,-0.5500227733261248,0.1267449103416579,-4.339604421538227,1.427394285025552e-05,6.954258342596254e-05
10305,Cdkl1,60.15554968959368,-0.817748039790138,0.1327821257583878,-6.158570177420743,7.340465524434017e-10,6.489156674595558e-09
10345,Rhoj,135.14634342464552,-0.5856736989418153,0.0757848596541433,-7.728109567196319,1.0915537874970364e-14,1.5496379212711091e-13
10374,Plekhh1,289.52573581968375,-0.696063871693796,0.05506076387593,-12.64174019202234,1.2427269295556052e-36,6.854555782266866e-35
10390,Galnt16,68.62803910096827,-0.7473848670304192,0.1124244064030076,-6.647888042666372,2.973283208505604e-11,3.0168602784493225e-10
10395,Gm20337,235.18104051983468,-0.5742176886186493,0.0624466922054867,-9.195325938628285,3.738594439787372e-20,7.931194736512355e-19
10396,Slc10a1,15.908846198020498,-0.7089992138312362,0.2288891200815716,-3.0975662520724563,0.0019511677743543,0.006168858385259
10397,Smoc1,213.47366240468472,-0.5023191665205642,0.065585638332237,-7.658981132057709,1.8741392673756878e-14,2.605673131823239e-13
10398,Slc8a3,156.19181929861594,-0.6741753653416434,0.0800995576697395,-8.4167177067488,3.8717914398376707e-17,6.585960302567155e-16
10400,Gm28370,16.564451879851898,-0.8696877403218262,0.228485388971868,-3.806316649984588,0.0001410517718646,0.0005698640629393
10410,Rgs6,59.10016661668084,-0.5377040748773582,0.1193048187002132,-4.506977008434927,6.575775567742447e-06,3.381971029536264e-05
10434,Abcd4,576.6421511139206,-0.6514837607808551,0.0482807033494311,-13.493667564570195,1.7040812421194808e-41,1.1286519187470878e-39
10452,Fos,119.86767093177215,-0.7235818659795452,0.1030520333513995,-7.021519541610463,2.1946811262834587e-12,2.506525498130796e-11
10473,Ahsa1,11.862691083787782,-0.9238806754262968,0.2677852014862749,-3.450081148243173,0.0005604180678122,0.0020072201734737
10474,Sptlc2,92.34044127425464,-0.6965850710006642,0.0954422083161496,-7.2985011903040435,2.9099093289635764e-13,3.642366416752548e-12
10487,Gm8378,50.17334374014586,-0.8131155975030419,0.1315190403064718,-6.182493391133951,6.309695349923297e-10,5.613326540019018e-09
10505,Kcnk13,29.560890458548183,-0.6060203174447945,0.1603775699896542,-3.778709937330314,0.0001576429194555,0.0006297855222038
10519,Rin3,76.70259644534485,-0.5393645687462845,0.1290827186290537,-4.178441347336832,2.9351366614445257e-05,0.0001353558225205
10521,Chga,127.99217136689543,-0.5017383075377884,0.0857000512632881,-5.854585850787247,4.7820014365703884e-09,3.855212770818482e-08
10550,Ccdc85c,254.8144708165902,-0.5711606995987052,0.0598557329896438,-9.542288951628516,1.3971396142091989e-21,3.2689957899640274e-20
10555,Slc25a29,59.58875866388842,-0.5460357642179952,0.1130513199851861,-4.829981324318421,1.3654585699423763e-06,7.86412513596049e-06
10584,Exoc3l4,231.6072980954763,-0.6445424207423452,0.0611113851464789,-10.547010498901804,5.243909806088544e-26,1.6098228953983136e-24
10589,Mark3,207.13569007319228,-0.7027087178111254,0.0702623462059679,-10.001213391753188,1.5054103165900426e-23,3.9695168896542764e-22
10592,Trmt61a,32.339425624850804,-0.7060868766855085,0.1727507907187517,-4.087314875652631,4.363946501169339e-05,0.0001951998723455
10595,Zfyve21,668.4304555056302,-0.5354629133816778,0.0415849487640089,-12.87636342707512,6.11496044620217e-38,3.535119573417839e-36
10603,Siva1,36.64670588293612,-0.6677902756536933,0.1445636184069715,-4.619352247906166,3.849398783323771e-06,2.065659831957123e-05
10609,Jag2,20.23652365223609,-0.8287668908138144,0.1904560689652736,-4.351485858741133,1.3521804415452224e-05,6.612561941619249e-05
10616,Tedc1,86.43351583975026,-0.5056224192442382,0.1002341012319982,-5.044415154418783,4.549106331090355e-07,2.83863560118446e-06
10618,Zfp386,48.63500797374337,-1.3052780013982437,0.1348358243672578,-9.680498543495416,3.649320592846958e-22,8.897466714994837e-21
10620,Esyt2,82.8695245840519,-0.8775177014828899,0.0982788815051844,-8.928853157904516,4.304477844751746e-19,8.304384264020487e-18
10633,Gdi2,16.09108185219111,-0.7605362479334921,0.2300977758629346,-3.3052742256254164,0.0009488351477169,0.0032175476093615
10656,Lgals8,797.5178127678355,-0.5794607404829789,0.0463283342165533,-12.507696429886645,6.776086852200207e-36,3.6419843167592364e-34
10672,Gli3,10.36473841546508,-1.0621956762985725,0.2804510999925549,-3.7874541277490814,0.0001521987727614,0.0006099189981339
10694,Nkapl,33.8520242946928,-0.8719706606517749,0.1944311385371837,-4.484727432098104,7.300719875209802e-06,3.72294666446361e-05
10702,Hist1h4k,212.8552513029065,-0.9151403804693056,0.0638541763383574,-14.331723200375505,1.386374110756373e-46,1.0649758751257744e-44
10721,Zfp322a,15.108783583767142,-1.540551202611411,0.2472868487211861,-6.229814527453378,4.66987705560896e-10,4.219191283915658e-09
10738,Hist1h1c,37.83009507551566,-0.6937955519123342,0.1404379208505228,-4.94022944593993,7.803069532031733e-07,4.676559983518698e-06
10750,BC005537,11.011988071110071,-1.0487849179189748,0.268976365954495,-3.899171268067494,9.652248493659844e-05,0.0004030274917072
10761,Gm11361,84.95528256740657,-0.5055260190464779,0.0953833656894214,-5.299938992428988,1.1584138231831609e-07,7.861232653251437e-07
10790,Eci2,154.22002578682623,-0.6041663541066086,0.0858829084386075,-7.03476821046984,1.995925196237489e-12,2.2888513685278307e-11
10808,Slc35b3,20.75814034200677,-0.844812713670525,0.2092828106067978,-4.036703784802307,5.4207440869117984e-05,0.000238310208322
10827,Ranbp9,21.00826210334046,-0.9784990032859668,0.2309166709745545,-4.237455005549561,2.2606770487475514e-05,0.0001065006160489
10830,Dtnbp1,35.99627144625784,-0.5925578697514189,0.149031517124446,-3.976057421844631,7.006721364557122e-05,0.0003000103678186
10853,Ninj1,39.56680153443138,-0.6543237943088892,0.1703103197460342,-3.84195036028711,0.0001220605255651,0.0004999815489611
10889,Tspan17,14.74118297068247,-1.4297704653816323,0.2811648391303379,-5.08516808077429,3.673006467232221e-07,2.321224184757613e-06
10893,Rab24,46.618814120089326,-0.847993252983203,0.1382452375394065,-6.133978052889413,8.570834777477003e-10,7.521499919744165e-09
10914,Slc25a48,319.9659081226755,-0.7181584379876795,0.0661140612735552,-10.862416014895956,1.740815878289106e-27,5.857149104091526e-26
10932,Tut7,104.5178339511526,-0.5458694677532635,0.1051618240469762,-5.190756937702231,2.094408870337982e-07,1.368851609389894e-06
10948,Fbp2,24.360295140678613,-0.7122682159767589,0.1825903573899802,-3.900908164911917,9.583250246433486e-05,0.000400444656969
10961,Cdk20,145.41335306328614,-0.6820869548755052,0.0841080085164413,-8.109655274291413,5.076357248911802e-16,8.003707403790371e-15
10984,Gm48900,160.82413290049396,-0.5453988434574534,0.0756485055734865,-7.209644649591152,5.609807770267365e-13,6.813992499581797e-12
10999,Gm10037,30.1838582143476,-1.2231534132308963,0.1662029306840808,-7.359397383647049,1.847423090684981e-13,2.3580575610465426e-12
11017,Nkd2,71.49407927596303,-0.9521023062014052,0.14022100162062,-6.790012160784588,1.121240932601802e-11,1.1950670741378338e-10
11048,Gm38604,197.1441872047032,-0.5948006098927159,0.0743653520162755,-7.998356677751466,1.260906755740078e-15,1.933658555315892e-14
11079,Serinc5,20.419925202502952,-0.7964285860447254,0.1976676694570544,-4.029129236117993,5.598383652062165e-05,0.0002450093865209
11089,Wdr41,37.44133029314234,-1.050089466845883,0.1490216188758671,-7.046557907283185,1.833978233630358e-12,2.1108540319844948e-11
11104,Nsa2,330.32142063229577,-0.6175697408077399,0.0576713167830344,-10.708438358206765,9.29159148517482e-27,2.9887656511490638e-25
11168,Dhx29,2346.410300494016,-0.521748871078871,0.0365344063532623,-14.281027753234088,2.8733242569321718e-46,2.1773844132599065e-44
11175,Arl15,628.6211319948972,-0.5167416539080117,0.0406112224895219,-12.724109796038167,4.3439735119440995e-37,2.4523042413233425e-35
11214,Flnb,110.42526495018836,-0.547669935506051,0.1152473321504398,-4.752126797964762,2.012880708073029e-06,1.1313963298333636e-05
11260,1810062O18Rik,41.478085009270345,-0.5245430267704034,0.1505640004664717,-3.483854209142186,0.0004942486363634,0.0017904273922358
11261,Usp54,25.33655459052052,-0.5898098579680933,0.174919166735495,-3.371899540660272,0.0007465167267639,0.0026039085412295
11295,Slmap,174.54494516418063,-0.832936671634633,0.090592629753596,-9.19430944769069,3.7741087009087525e-20,7.996452226119389e-19
11322,Glt8d1,14.135151884451451,-0.9877370339607155,0.2356401630455666,-4.191717664741697,2.7685039658388183e-05,0.0001281985747792
11361,Ghitm,47.539188574886566,-0.9851899003453058,0.1336703279925103,-7.370296124361322,1.702494413247309e-13,2.176372607451328e-12
11370,Gm32857,93.81110490472877,-0.793911472204642,0.0930548387591695,-8.531651688305255,1.4427288188901822e-17,2.5177413817624e-16
11371,AC160336.1,19.92196073856322,-1.949805950795774,0.3194465800222529,-6.1036995627248505,1.03641020154232e-09,9.01060920958473e-09
11376,Fermt2,20.03097708430087,-0.6828928461533075,0.2005289215746313,-3.405458129385858,0.0006605314168913,0.0023286538894395
11407,Osgep,141.09440232752831,-0.7443733061365685,0.0752385088351214,-9.893514872387986,4.441536110790868e-23,1.137290136862021e-21
11420,Gm26590,78.44192890763884,-0.7715811787541935,0.1340962732374831,-5.7539345436374,8.718992753380734e-09,6.793868230204915e-08
11421,Chd8,177.00901122418458,-0.5677016708155034,0.0732888522913145,-7.74608488285444,9.476917153042083e-15,1.3568525724734214e-13
11484,2410022M11Rik,188.0325783291049,-0.681626062577401,0.0767384586706454,-8.882457041558245,6.539950603748248e-19,1.2488262089314049e-17
11487,Ift88,23.344281838018837,-1.2753738307698144,0.2033543883239668,-6.27168088813504,3.5717102906459036e-10,3.2691448432827e-09
11498,Phf11d,15.975227860313604,-1.0822065271325536,0.2318729816953534,-4.667238585625348,3.052747759657706e-06,1.6625566707905986e-05
11499,Setdb2,59.61238386107456,-0.6961229917137212,0.1212146772563335,-5.742893579146568,9.307222460366854e-09,7.23546226667059e-08
11526,Gm15918,122.39916054033696,-0.6037313704148796,0.0835978971872383,-7.221848763284949,5.128549261923447e-13,6.270173272771668e-12
11571,9930012K11Rik,21.13647781596396,-0.6701612189916629,0.1893622658120032,-3.539043093500959,0.0004015802906675,0.0014834838010321
11573,Sorbs3,28.81950729526742,-0.7205861638255242,0.1604585682497423,-4.490792680537839,7.095859451811827e-06,3.629481409481009e-05
11592,Med4,45.7504046546888,-0.8769856737317034,0.1332199138463701,-6.58299235010051,4.6107287599015876e-11,4.617041067132405e-10
11597,Lrch1,346.81818248251903,-0.5312501185533315,0.0553132929153055,-9.604384236656625,7.661449059051459e-22,1.815331796062291e-20
11604,Gtf2f2,19.663933030390723,-0.8023264005002221,0.2205392615980276,-3.638020707453922,0.0002747413402362,0.0010516435874391
11636,Rpl36a-ps1,23.38928045450549,-0.7573226946016213,0.1839027016755619,-4.118061821286766,3.820722121740093e-05,0.0001726921231972
11644,Tbc1d4,986.1574569300464,-0.5479220151760199,0.0361559171067307,-15.154421710797092,7.08361606341871e-52,6.620426279716276e-50
11651,Scel,31.70156566807508,-0.5715392001255605,0.153042563953476,-3.734511402326641,0.0001880799704777,0.0007418685447471
11657,Gm10076,48.89156624729102,-0.9733763544396012,0.1790533754244139,-5.436235715369159,5.4417955342275314e-08,3.853001947487785e-07
11666,Gm4675,17.694003955766025,-0.7111942437246639,0.2189291032532759,-3.24851393970172,0.0011600952444726,0.0038617711693331
11707,Ttc33,28.611201846433683,-0.7061799696615145,0.1648826889808214,-4.282923659400379,1.8445347076926563e-05,8.825542487916256e-05
11713,Egflam,2116.119093600215,-0.574051064311522,0.0452812133409842,-12.67746648016486,7.883915355532774e-37,4.377264291291349e-35
11722,Spef2,157.96506501994068,-0.6560420280315056,0.0738845976095167,-8.879279975221849,6.729453378625094e-19,1.2821018594406566e-17
11733,Sub1,54.75283482148964,-0.6535222394803362,0.1230423508012374,-5.311360155464161,1.0881005072737881e-07,7.398995486607491e-07
11746,Gm2824,74.93768454509208,-0.5179000996506377,0.1027682435625038,-5.039495487102004,4.66760634850959e-07,2.906111828311504e-06
11767,Cpq,16.71805580553691,-0.6811072813334559,0.2085283244875164,-3.266257871717712,0.0010897895970793,0.0036441125803352
11781,Rgs22,67.93792359026708,-0.7147647613780193,0.107469790704209,-6.650843522579089,2.914179788714217e-11,2.95867511077485e-10
11785,Ankrd46,28.664378547267884,-0.9373428391302338,0.175494636932293,-5.341148057372639,9.235978283049605e-08,6.339325281752079e-07
11787,Pabpc1,39.47643829508326,-0.5527905496839048,0.1362614740981856,-4.056836705623643,4.974183358076965e-05,0.000220096492985
11803,Gm49077,33.98195597536974,-0.5450404216063299,0.1488417951575016,-3.661877505774357,0.0002503735766502,0.0009665063515344
11831,Taf2,73.51089649827767,-0.5271726868925172,0.1048267674262919,-5.028989253753284,4.93072020885506e-07,3.0619972710804237e-06
11867,Phf20l1,109.50103854243424,-0.991543282543717,0.0883476393966409,-11.223200634621788,3.1370714093577707e-29,1.1913081787725912e-27
11870,St3gal1,97.87969127580476,-0.5914140920856794,0.0948540273254022,-6.234991900310137,4.5180146795837987e-10,4.084178450007429e-09
11919,Fbxl6,15.951704807187854,-0.8714432040326817,0.2232535590779941,-3.903378775378184,9.48590721250904e-05,0.0003966726747105
11941,Eif3d,45.33427470340058,-0.532227644636422,0.1332340314558179,-3.99468243076406,6.478102475374044e-05,0.0002795104332988
11950,Cdc42ep1,92.29775114547049,-1.1671046508144391,0.0949314033728176,-12.294189376206186,9.732822125120571e-35,4.8876198988329346e-33
11953,Pdxp,63.07437140301172,-0.50544421086612,0.1133714733463595,-4.458301510486195,8.261164550786326e-06,4.173500637774125e-05
11967,Tmem184b,62.87965647932805,-0.6219285578151411,0.1521263552005973,-4.08823676209853,4.346644089886477e-05,0.0001946329345865
12013,Mei1,64.10539004419783,-0.5299085852851907,0.1103295389871156,-4.802962018603864,1.563355489315249e-06,8.918389079942501e-06
12019,Naga,67.7856288104396,-0.7388533487460857,0.1195959319130926,-6.177913721036864,6.49541922876208e-10,5.767160543929042e-09
12022,Tcf20,82.41023689517556,-0.7442741898651158,0.1074501256111926,-6.926694460630652,4.307875910953692e-12,4.774136788535834e-11
12027,Cyb5r3,14.941040170611608,-0.7080822495715711,0.2307650280929164,-3.0684122954994075,0.0021519948654379,0.0067454834397732
12028,Gm49463,233.56506355181148,-0.6622915844473056,0.0761362774543072,-8.698764985519233,3.3551556143963462e-18,6.155265310904005e-17
12054,Gtse1,262.37800924789553,-0.6061981453467989,0.0627239023375949,-9.664547688440948,4.264997568882588e-22,1.0353543160362448e-20
12073,Syce3,19.990609139949363,-1.4993493282585193,0.3931471379540502,-3.8137103987610823,0.0001368958757819,0.0005552071644841
12083,Slc2a13,417.9993539798847,-0.6222705199749415,0.0764938320001604,-8.134911060196812,4.122408832648542e-16,6.561143215860589e-15
12101,Gm49173,134.92773916131105,-0.5781979415314499,0.0780992431983731,-7.403374448364621,1.3276668689746353e-13,1.7089012805478416e-12
12111,Pced1b,48.77804424164834,-0.5450157377128341,0.1246984583987307,-4.370669410924982,1.2386620826826748e-05,6.087645988013625e-05
12155,Cox14,41.47123789310722,-0.9233247579813014,0.1498455527373678,-6.16184291835207,7.190316011670811e-10,6.363108167508577e-09
12157,Gm17058,80.63623380374347,-0.5407291742415781,0.1012766951871342,-5.339127360370958,9.339502048090345e-08,6.405154625153846e-07
12190,Spryd3,144.80928677624271,-0.6842841761750965,0.0792355446966924,-8.636075877240245,5.817687846571095e-18,1.0489920969224599e-16
12196,Rarg,645.7461356676256,-0.7387439476147262,0.0664529768825935,-11.116792388697796,1.0394209054903894e-28,3.8096248133038825e-27
12206,Map3k12,543.4883955126674,-0.5510480564709039,0.0497977952838234,-11.065711912147815,1.8399596843187253e-28,6.642412396844189e-27
12220,Nckap1l,359.166656655854,-0.7045771850484578,0.0654775346508569,-10.760594283298005,5.2828376586093605e-27,1.7123926383580976e-25
12255,Alg1,11.642646175263506,-2.1351882946492227,0.3018338976101666,-7.074050699921464,1.5047526773964488e-12,1.7470292817005147e-11
12259,Abat,40.48684141635172,-0.512640328959052,0.1384429560494803,-3.702899328267963,0.0002131494801342,0.0008313966390674
12264,Rpl39l,12.259095079823084,-0.8129709986115191,0.2603621809876899,-3.122461931788614,0.0017934529767592,0.0057056088177043
12323,Ccdc116,2140.35998660564,-0.6728362617987078,0.0490089907533655,-13.728833249897168,6.822331158494057e-43,4.684574574667163e-41
12380,Liph,29.29478063484049,-0.5934262924280926,0.1641401973739282,-3.6153623665762167,0.0002999277904296,0.001138723813676
12405,Lrrc15,22.393083367500463,-0.823769520781362,0.1867028859965412,-4.412194896637125,1.0232793600733592e-05,5.08856892536628e-05
12411,Xxylt1,111.51687944166504,-0.6058538162784537,0.1213858944244961,-4.991138543328061,6.002442321654265e-07,3.667965389654548e-06
12445,Kalrn,37.01981093819619,-0.5219358690777487,0.1487655171150462,-3.508446575520018,0.0004507317516333,0.0016473300581638
12467,Golgb1,25.615965028282325,-0.569858535145265,0.1748111016068192,-3.259853235333855,0.0011146987869278,0.0037207495421602
12501,Sidt1,88.8958686381353,-0.5656002662744165,0.0974281925526548,-5.805303900806118,6.42493617584207e-09,5.0840405120503834e-08
12533,Trmt10c,13.872215768014025,-0.7472228022484818,0.2430406045088919,-3.074477220620737,0.0021087182427455,0.0066209344900538
12554,Cpox,51.50560829471677,-1.513796702883487,0.1680043959799816,-9.010458887420196,2.0519606517587721e-19,4.032725939782455e-18
12591,Adamts1,89.89659519915193,-0.6038284676313657,0.0934898326935679,-6.4587608110342565,1.0556380675872848e-10,1.0277198617488942e-09
12614,Gm49625,162.57968282760694,-0.7202735869787174,0.0821460523546378,-8.768206947659264,1.8153394761827384e-18,3.381999557898362e-17
12629,Rcan1,24.12787820521313,-0.7407339649734337,0.1786168808058412,-4.147054643612441,3.367797067803878e-05,0.0001538323379627
12650,Wrb,43.311716057621744,-0.5716168748010304,0.1340923080114542,-4.2628610341482265,2.0182604150492936e-05,9.57777008811686e-05
12694,Sft2d1,168.43916936471894,-0.5389239970169277,0.0713609822450435,-7.552082105124879,4.283542903138962e-14,5.783470486316754e-13
12711,Tcp1,406.2225741655908,-0.9285040767310332,0.1337573712891538,-6.941703980738472,3.873983352853138e-12,4.316027943380685e-11
12712,Acat3,143.82996728784215,-0.6789682375470262,0.0830462445822595,-8.175784961287322,2.9394583749529684e-16,4.718559946739866e-15
12743,4930549P19Rik,43.40335584461541,-1.1697287354257848,0.1468148775286343,-7.9673719388394035,1.6208427986097808e-15,2.465410343672002e-14
12780,Flywch1,65.84105204970585,-0.6801119107515716,0.1101847447579372,-6.172468904345119,6.723175406668649e-10,5.965399781982419e-09
12801,Mlst8,168.63812734773597,-0.5041238634223266,0.0714852973756606,-7.052133542553762,1.7619497589978545e-12,2.030224712028829e-11
12815,Noxo1,142.2275405304722,-0.8641655620108025,0.0792014023609007,-10.910988142268229,1.0214000728187154e-27,3.499595402246283e-26
12831,Jpt2,39.88937162590779,-0.7760850326427944,0.1363589909188539,-5.691484128865663,1.2593986416518616e-08,9.656728964680617e-08
12864,Rab11fip3,200.4708078466197,-0.8455390240767493,0.0628119197996624,-13.46144213986107,2.6371833866639304e-41,1.7330209419471602e-39
12870,Fam234a,66.4007643738225,-0.5702957644924275,0.1675476130690217,-3.4037832831285537,0.000664594595037,0.0023409704506507
12876,Gm17218,624.5156303395223,-0.7256930867568859,0.0450071729278549,-16.123942908392586,1.7319728894453125e-58,1.904377772492712e-56
12934,Fgd2,93.08018334123084,-0.5075477753935355,0.0941184729580251,-5.3926477921065645,6.94269541688755e-08,4.826320867698316e-07
12947,1700097N02Rik,31.24038817897572,-0.6550980011645869,0.1867136680963121,-3.5085701429563745,0.000450522416698,0.0016469227762085
12956,Pde9a,20.354050930563627,-0.7173571720509803,0.2160554487615892,-3.320245687682529,0.0008993825953374,0.0030698682327642
12957,Wdr4,243.91040246652216,-0.6722524671430679,0.063039927710449,-10.66391557793046,1.5014022351883995e-26,4.77468616305755e-25
12971,Gm26549,467.8572326163962,-0.5528499579207463,0.0439473291455823,-12.579830644300255,2.7261367664760586e-36,1.4842006091400235e-34
12985,Zfp955a,82.4724787850223,-0.7139246363426547,0.1105891554345175,-6.45564778515183,1.0775696461492037e-10,1.046648623393075e-09
13012,H2-K1,38.33919755235889,-0.874619165463896,0.2023888495993786,-4.321479010307004,1.5498679753076323e-05,7.509628153398703e-05
13037,Dxo,25.771205238028195,-0.7246657822392012,0.1848328055244762,-3.9206556443425207,8.830837782820296e-05,0.0003715887544281
13075,Flot1,42.12059686180462,-0.637624558659618,0.1362687669310432,-4.6791687708033525,2.8804027681160726e-06,1.5768635134401787e-05
13096,Gm8909,62.32724265058148,-0.6324133597100683,0.1152065596184179,-5.48938673114378,4.0333166377278316e-08,2.915878203545136e-07
13117,Cenpq,84.61331547910727,-0.5612005485536476,0.1069987376488713,-5.244926817690988,1.563443717423186e-07,1.0350969562459765e-06
13153,Yipf3,93.4561005829842,-0.5053243419509356,0.0929238136094768,-5.438049971502679,5.386686828711837e-08,3.818804573089728e-07
13156,Abcc10,28.20696753585733,-0.6774173730475973,0.1670526448581066,-4.055113126900749,5.011004513155952e-05,0.0002215509301572
13176,Bicral,102.08538945351246,-0.6666299559386526,0.0946040944273981,-7.046523302965955,1.834434164394776e-12,2.1108540319844948e-11
13192,Mdfi,52.27540889703632,-0.9733895648722688,0.1239034764366103,-7.856031104746763,3.964966486346394e-15,5.840860875639699e-14
13205,Satb1,103.5039162038737,-0.7372271794354605,0.0986453144502714,-7.473514414180387,7.808088210899682e-14,1.0190494024202122e-12
13225,Plin5,151.99839988188702,-0.6613697509751257,0.0767133682350922,-8.621310290382798,6.619227622635044e-18,1.1858920798252323e-16
13231,Plin3,37.6840023859052,-0.5781467378067745,0.150427135330219,-3.843367332214508,0.000121357615466,0.0004975869278542
13239,Lonp1,11.296454244560683,-1.135020066983,0.2834605696636925,-4.004155034083319,6.223953948410803e-05,0.0002699989099384
13258,Gm11110,130.76716641752787,-0.7279555715685357,0.0873746518126741,-8.33142743880946,7.987338605278322e-17,1.330405914421755e-15
13265,Efna5,146.60221368389622,-0.5286387526069922,0.0738318354447153,-7.160038070607525,8.065465896398325e-13,9.623073246461632e-12
13288,A930029G22Rik,132.05735859520232,-0.903005429079831,0.084791058022503,-10.649771923357518,1.7479278423827956e-26,5.527328964737927e-25
13308,Wdr43,48.47857760468708,-0.638066684688089,0.136254527047371,-4.682902641952258,2.8284087202407134e-06,1.548903642597966e-05
13326,Ltbp1,22.738252048761133,-1.7384980136163397,0.2354562287117356,-7.3835295125904175,1.5414747822419345e-13,1.976541940675005e-12
13334,Sult6b1,1015.9250234541012,-0.6187910711793161,0.0328406908146136,-18.84220629439267,3.404729501823455e-79,5.844669837671018e-77
13354,Thumpd2,37.50120338427773,-0.5723737726843253,0.1417976523998533,-4.036553236229159,5.424222164622283e-05,0.0002383795440842
13383,Stpg4,410.5847344797309,-0.6489478701804136,0.0500536548841261,-12.96504464424672,1.9311793593249438e-38,1.1319940892656282e-36
13386,Epcam,87.57190298430685,-0.9336396395960652,0.0990741667454941,-9.42364362240298,4.3570023667299925e-21,9.9169475981197e-20
13398,Gm20939,64.08399527488065,-0.6403152234965723,0.1582144614826983,-4.047134613965705,5.184842668959496e-05,0.0002286958789195
13463,Galnt1,64.60344731850184,-0.5562072399535166,0.113651903449053,-4.893954461597279,9.8829716451815e-07,5.848091170836735e-06
13464,2700062C07Rik,402.7265583489012,-0.6412865082295806,0.06177989866945,-10.380180641939027,3.051971552758963e-25,8.882926891360559e-24
13481,Iws1,23.93014911612311,-0.5630665010912047,0.1774162436500922,-3.1737032049991325,0.0015050750623059,0.0048776493494842
13493,Apc,76.08561457211677,-0.5145011072316859,0.1035368784655166,-4.969254577276466,6.721078012759839e-07,4.07919598039443e-06
13495,Reep5,124.87837854799236,-0.5113365441005417,0.0823838351969267,-6.206758193257996,5.408872412114271e-10,4.858166609129652e-09
13556,Pcdhga7,1213.3852577660086,-0.6716550230166338,0.0322319403280156,-20.838181511301663,1.95110612378166e-96,4.558813655608176e-94
13564,Pcdhga12,197.91070176176456,-0.6244907157557781,0.0687882278620044,-9.078453322108604,1.1012861457639265e-19,2.245689312749883e-18
13565,Pcdhgc3,181.278433023136,-0.5513190992659562,0.0710950302459502,-7.754678454438956,8.856759812536791e-15,1.2723934272101321e-13
13600,Gm4107,30.685034346606678,-0.8737866425482652,0.1620988595589383,-5.390455213107533,7.02794299335212e-08,4.877520007308693e-07
13618,Hsd17b4,2275.1304472833435,-2.5199659484661936,0.041271996567203,-61.05752466719032,0.0,0.0
13622,Lox,94.01081158579952,-4.001071458353111,0.1617437932292546,-24.737094255493428,4.2688677284689046e-135,1.8414144050264716e-132
13625,Snx24,399.20219344578015,-3.4795445452990927,0.077107117028794,-45.12611389684985,0.0,0.0
13626,Ppic,2509.0927164703057,-2.9541675711091058,0.0461747135950476,-63.97803778529442,0.0,0.0
13627,Prdm6,580.3687342721403,-3.3212325664756386,0.0637320886017293,-52.11240741270042,0.0,0.0
13628,Gm19466,205.7647708101421,-2.781908416619257,0.0974671642686292,-28.54200630021449,3.5299290892534395e-179,3.299110948250589e-176
13631,Zfp608,438.9106647605664,-4.135145969200578,0.0867183233974119,-47.68480071103389,0.0,0.0
13642,4930511M06Rik,235.98680932297628,-0.6682243121350352,0.0586519950877474,-11.3930363517102,4.5292637915499684e-30,1.7928424650645906e-28
13653,Slc6a7,29.392960702218232,-0.5801751606194455,0.1625343880243535,-3.5695532968230355,0.0003575904638044,0.0013356448429357
13686,Alpk2,41.98997178321779,-0.5656084141954726,0.1452091393172247,-3.895129582442061,9.814624535207844e-05,0.0004087928411879
13727,Cxxc1,62.88913569150554,-1.0995378105321472,0.1507335868887216,-7.294577361473364,2.995980419241922e-13,3.747314393524673e-12
13746,Setbp1,23.90699780837068,-0.6768001772274403,0.1917155776558021,-3.530230487803856,0.0004151977897049,0.0015287529910714
13764,Cndp2,20.677384460885936,-0.8914010150885104,0.1929747848696457,-4.619261608145596,3.851080573253856e-06,2.0659033317554085e-05
13769,Rttn,167.0404006255853,-0.715785539852833,0.0711915972331747,-10.054354273137196,8.789575839288353e-24,2.350827255077074e-22
13776,Tesmin,2828.700327108053,-0.5678550324136176,0.0298511970391701,-19.022856325275303,1.1030718578640204e-80,1.97414658136664e-78
13819,B4gat1,176.74947953278587,-0.53795752145834,0.0765680158814562,-7.025877780236775,2.127246099665872e-12,2.434466743855712e-11
13826,Gm50203,257.980566778921,-1.313721712969626,0.0808981089704859,-16.23921411375526,2.663140206759964e-59,3.0068461542498576e-57
13831,Eif1ad,77.74834173862456,-0.5355671421846308,0.1036401753258894,-5.167563066162099,2.371659520763359e-07,1.5410748597065272e-06
13858,Dpf2,68.1719839358858,-0.5746808261552706,0.1140316752187985,-5.039659595043221,4.66360591577089e-07,2.904696124435901e-06
13860,Pola2,63.34358705848066,-0.7519083152895163,0.1381404843343398,-5.443069921991015,5.2370077952845137e-08,3.723676337281123e-07
13861,Capn1,89.8506820476596,-0.9735827000119216,0.1209532775501249,-8.049246119919765,8.330557288954597e-16,1.2952399747881996e-14
13876,Ehd1,18.543617850228543,-0.7581839812919899,0.2165629527151015,-3.5009865343377347,0.0004635392647264,0.0016900999242507
13884,Nrxn2,39.54328691658812,-0.838961609481767,0.1558726642033948,-5.382352407777058,7.351865191782747e-08,5.085543919463863e-07
13887,Prdx5,19.965089758707183,-1.2226064999060484,0.2186117140503393,-5.592593723612271,2.2370232659802553e-08,1.665933705338018e-07
13890,Catsperz,12.386380590506985,-0.7492098551879812,0.2425191217408461,-3.0892815783350085,0.002006411785743,0.0063316198596052
13892,Gpr137,21.796103572746738,-1.0848289249097005,0.3652426638204246,-2.970159382703078,0.0029764527897022,0.0089913566674737
13918,Stx5a,1524.153725304456,-0.9631192965774904,0.0353050679880015,-27.279916212165556,7.343089111011382e-164,5.882513719740214e-161
13941,Gm50321,12.11375721149158,-0.8438920596636429,0.2644955023500578,-3.190572437586323,0.0014199124104363,0.0046346888786904
13949,Gm10143,32.011410551947534,-0.9496495615608872,0.1559664986695312,-6.088804773216375,1.137567322959055e-09,9.824073446683873e-09
13961,Vps37c,643.462059832103,-0.5060285028795479,0.0496277770873044,-10.196477307241665,2.05594688411098e-24,5.764532405233168e-23
13981,Rfk,44.40358373596007,-0.682505953799708,0.1633540157213222,-4.178078823382254,2.939817797403332e-05,0.0001355345431781
14026,Ric1,202.8017449054929,-0.5155650914863191,0.0665781701655024,-7.743755801709613,9.6522308023202e-15,1.3784336060053716e-13
14031,Uhrf2,733.1794039748014,-0.6095965567656895,0.0405046293842172,-15.0500465263662,3.4499158847670794e-51,3.1203190822277728e-49
14039,Minpp1,13.526401017025298,-1.2321065916208886,0.2554053212239201,-4.824122636586222,1.4062087936582316e-06,8.08221747034931e-06
14090,Mms19,53.42976054881681,-0.6551849024529556,0.1190616988097672,-5.502902352332365,3.735893622864914e-08,2.7160301822582736e-07
14127,Btrc,289.9108602416194,-1.0253135168779106,0.0575192494805836,-17.825571893527876,4.474912512909736e-71,6.489780448679351e-69
14141,Cuedc2,34.26222076696213,-0.7357020323421459,0.1643433554999767,-4.476615620412168,7.583560641550282e-06,3.8543275127734255e-05
14166,Xpnpep1,214.24700984525785,-0.6894660241578916,0.0679757743674464,-10.142819711489391,3.566533931870386e-24,9.836032841943525e-23
14167,1700054A03Rik,140.91126956722394,-0.7248857421230921,0.0744384209456376,-9.738059095214762,2.074791618980859e-22,5.140533049501472e-21
14200,Slc18a2,55.51022201442319,-0.6382330233498056,0.1206074537159507,-5.291820726544344,1.2110457756178266e-07,8.188674872676326e-07
14220,Ccdc22,14.466421192281848,-0.7919098956652686,0.2337245034848183,-3.3882193944491896,0.0007034796928587,0.002463496851158
14221,Prickle3,48.26840686995065,-0.7206567336619892,0.1322110942505091,-5.450803790312128,5.0142668426667146e-08,3.578914344258894e-07
14280,Gm14569,29.82857429682568,-0.6702228337188495,0.1757986987972261,-3.8124447922786593,0.0001375989701888,0.0005577897531295
14313,Slc25a14,50.1187087357535,-0.5609042503788946,0.1338607690071423,-4.19020639534027,2.78700828699608e-05,0.0001289489560289
14333,Zfp449,17.447184596517495,-1.430270500756011,0.2952904302973386,-4.843606002794672,1.2750364721264718e-06,7.383799852180252e-06
14337,Slc9a6,397.3835935193418,-0.536946644730471,0.0461441954113406,-11.63627710796552,2.695254897412282e-31,1.1363978230367625e-29
14434,Eda2r,148.715347083046,-1.0884106698307383,0.1647662144468536,-6.605787924937805,3.954085981554077e-11,3.9808251626381945e-10
14449,Snx12,99.2091454093731,-0.6302857278843483,0.0892109154781719,-7.065118931982783,1.6047848822199118e-12,1.8580382707216498e-11
14470,Slc16a2,20.145268658441992,-0.7477668292639973,0.1970175763310948,-3.795432078645356,0.0001473865427689,0.0005930360700793
14480,Cox7b,98.58116387292766,-0.537905422172285,0.0936174203707861,-5.7457834240874,9.149635717545984e-09,7.119533842565963e-08
14481,Atp7a,81.42588866533912,-0.6818327862779486,0.1414064041542069,-4.821795663047864,1.4227164659471546e-06,8.163151127772504e-06
14498,Chm,69.07347314492297,-0.6223126737099114,0.1075921658479284,-5.783996156276772,7.294660950623458e-09,5.7398541240569896e-08
14508,Rpl36a,55.47066555586481,-0.6118101278224914,0.1231548106561428,-4.96781347446272,6.771204513653495e-07,4.1034572598412365e-06
14528,Glra4,203.60072162223412,-0.5982678600614587,0.0656705410259236,-9.110140570111804,8.227529945794564e-20,1.694146098875177e-18
14556,Rtl4,37.92200029832314,-1.0235456497343756,0.1697608930054435,-6.02933709650994,1.6463356991007143e-09,1.3973917994940122e-08
14586,Rragb,55.16290556740816,-0.5607031278309647,0.1378673751317415,-4.066974708811097,4.762740972530553e-05,0.0002114078928255
14606,Ppef1,23.77699622320506,-1.1912069539813193,0.2028707889411328,-5.871751966849071,4.312135756393795e-09,3.49436704382528e-08
14622,Mospd2,23.95762556176001,-0.9374724202152888,0.1846159393655081,-5.077960350754183,3.8150828263710906e-07,2.4092018914429757e-06
14638,Amelx,65.1855851740644,-0.7036366363586558,0.1180647094494203,-5.959754101288822,2.5261777032279637e-09,2.10385581690119e-08
14643,Gm15247,28.25263270363724,-1.0034967868268825,0.1848362421660807,-5.42911268410884,5.663491864577145e-08,3.986482160576624e-07
14646,Kdm5d,56.92552960233682,-0.9175583747790064,0.1338646448598154,-6.854374250496716,7.1625343876658205e-12,7.758874179246756e-11
14677,A630095N17Rik,10.185066330651477,-1.1370698951657534,0.2857072884712987,-3.979842100807939,6.896105682143641e-05,0.0002958765261175
14686,Cfh,61.72448805505304,-0.6237312090409484,0.1135348939342728,-5.49374018354248,3.9350929899715525e-08,2.847314811625437e-07
14694,Gm34882,53.397326515348965,-0.9089589520971568,0.1323500147142842,-6.867841715464916,6.518048239816357e-12,7.088114126595383e-11
14726,Capn3,15.503015198017549,-0.740275565716331,0.2330139750053437,-3.176957801347984,0.0014882868953362,0.0048278924875127
14727,Tgm3,472.0473445738929,-0.8635932712284912,0.0439795499958354,-19.636246194203157,7.579826531054398e-86,1.5180407349039065e-83
14744,Gria2,27.199089795578782,-0.516647421624114,0.1728607072853575,-2.988807750110817,0.002800682932976,0.0085185118389904
14745,Gm16048,30.60823613150824,-0.5411204371095143,0.1539009683037994,-3.516030100872051,0.0004380513173879,0.0016051704013108
14750,Ctss,14.250772671484418,-0.9090221691086536,0.2361768044613043,-3.848905362158839,0.0001186468312183,0.0004874226230978
14756,Ptpn22,40.42755228126634,-0.7204939211913814,0.1524713168808723,-4.725439091959255,2.2961865280787118e-06,1.2795212309330297e-05
14760,Clca3a1,78.40217100206706,-0.6503331212603559,0.1058856869935513,-6.141841638142863,8.15701602943943e-10,7.177064888245791e-09
14768,Cga,48.74167071650176,-0.8814399331085674,0.133715587215537,-6.591901149772229,4.3422969175358165e-11,4.3612215548480624e-10
14769,Platr9,69.66875235021662,-0.6557595253329158,0.1042780415669604,-6.28856771261695,3.2040831003296687e-10,2.945480327696504e-09
14792,Klhdc7a,47.49326981157061,-0.5360709005448648,0.133222120794393,-4.023888055139161,5.724513565957057e-05,0.0002500090646939
14811,Lrcol1,88.57086329475383,-0.5854506863610321,0.0947654502592347,-6.177891676338876,6.496326000562048e-10,5.767160543929042e-09
14854,4930417O13Rik,14.62032748844226,-1.326148440569356,0.3366553413149967,-3.9391872868831888,8.175809049398554e-05,0.0003456688505605
14923,Gm10638,45.28446263892481,-0.5044260312623723,0.138723683315512,-3.636192603934179,0.0002766974786214,0.0010584087500793
14935,Capn9,137.51219693696794,-0.7439570979387167,0.0917929445263557,-8.104730726064794,5.286246267271634e-16,8.326827804710739e-15
15021,Ikzf3,50.295759927436265,-0.7794445536610408,0.1260260908738465,-6.18478719967021,6.218629976139437e-10,5.5381689829853785e-09
15187,Cd5,44.82408512208004,-0.5592842825614864,0.1290772502547646,-4.332942338464802,1.471296546461793e-05,7.155716045425482e-05
15229,1700066B17Rik,18.9261771533138,-1.3170935099870411,0.2210632743926227,-5.957993310312583,2.553539674722974e-09,2.1245399578568052e-08
15242,Gm28777,91.34382491320248,-0.5005109937587697,0.0925405895688695,-5.408556354466327,6.35347962360043e-08,4.442418441721946e-07
15248,Gm10558,82.20803512398388,-0.5660235044285308,0.0996715317862552,-5.678888387532392,1.3557290276605987e-08,1.0381169518586373e-07
15316,Gm37885,14.028369079314857,-1.0352271990548916,0.2454723027810886,-4.217287194222084,2.472589798622469e-05,0.0001155775998394
15477,6430573P05Rik,18.747541059162742,-1.035762508527098,0.209573217068207,-4.942246547611102,7.72274673632741e-07,4.63502562772872e-06
15496,Celf3,26.071814597920916,-0.720401844974496,0.1745512076664219,-4.127166203004612,3.672609637188085e-05,0.0001665794336112
15538,4933401H06Rik,24.011862219069272,-0.9531150681153664,0.1937641276066694,-4.918944904240159,8.701195462140126e-07,5.179766852780727e-06
15575,Gm16731,28.41371925328267,-0.6897025696486145,0.1907796633973796,-3.6151786692904255,0.0003001405499895,0.0011390909973903
15580,Svep1,18.39999876060789,-1.1164713857395274,0.2081670835745625,-5.363342592728513,8.169584596607658e-08,5.625743825981606e-07
15608,Gm12840,13.950369262517052,-1.1555979496776834,0.2632257413670859,-4.390140355103511,1.1327752147982828e-05,5.590107784849373e-05
15682,Gm33050,18.181367888128317,-1.48198887578422,0.2288267004407786,-6.476468318292973,9.38943199939122e-11,9.188971176600261e-10
15686,Gm16226,14.231867230936976,-0.8022529500110044,0.2308945363964931,-3.4745428043969477,0.0005117247127817,0.0018469737917029
15688,Nkx6-1,101.53644177579154,-0.514461931451447,0.1011095468866174,-5.088163752017956,3.615471271825835e-07,2.28572240533356e-06
15712,Pitpnm2os2,51.99110250004659,-0.9999492467464332,0.1332575897974371,-7.503882129839214,6.195501892158463e-14,8.187504189456543e-13
15729,Gm15411,26.921743311855348,-0.7004439659899115,0.1730765845156439,-4.047017497774809,5.187436492526371e-05,0.0002287503122248
15761,A730020E08Rik,41.42032230351988,-0.819471006655711,0.1421932735588366,-5.76307856304209,8.259332466244511e-09,6.462639538587507e-08
15799,Slc6a13,148.85741587132722,-1.2063506224656375,0.0828983890886881,-14.552160008501906,5.658764044054669e-48,4.5117245266887066e-46
15802,Gm15884,47.51592436767555,-0.6219929513840016,0.1347882276027568,-4.6145940372264365,3.938644154990982e-06,2.1095132320730115e-05
15824,Gm44877,1775.9437412934774,-0.6601518333771723,0.0394318703536483,-16.741580540221385,6.523284192273346e-63,7.783064536639326e-61
15891,A730056A06Rik,13.788639332277786,-0.8873802901772094,0.2569432287032815,-3.4536044972096054,0.0005531479529999,0.0019849846444791
15927,Pagr1a,16.06239254655139,-0.7259466452331295,0.2335998103033556,-3.10765083366466,0.0018858072628713,0.0059801952089132
15947,Gm26793,89.08494275930227,-0.5955313653459172,0.1332243063108003,-4.470140485900495,7.81682355354371e-06,3.963303877072508e-05
16041,Gm20735,37.00862671001415,-1.4395176053701897,0.1587077062623383,-9.07024390479639,1.1875089242028768e-19,2.4011373355606968e-18
16161,Smpdl3a,12.976569418705816,-0.9943318250130389,0.2435435948355774,-4.082767299564327,4.450257897954991e-05,0.0001987435322996
16243,B430319H21Rik,86.042178047208,-0.5703266381571064,0.0959032694966075,-5.946894627792447,2.732772024078158e-09,2.2647006778850672e-08
16249,Aipl1,102.75524442955852,-0.6929082359360749,0.1974423578728353,-3.5094203867963785,0.0004490844813731,0.0016420230884894
16267,Abcc3,173.7109458014171,-0.6962527364358775,0.0749721756245577,-9.286815150230408,1.589739965216997e-20,3.4959732594569335e-19
16279,Zpbp2,55.21413580496962,-0.6096155917309369,0.1348890393444579,-4.519385672057451,6.201932738245361e-06,3.203411558351296e-05
16355,Gm10432,29.652891313820447,-0.6919528918957882,0.1656517780502168,-4.177153424130617,2.9517993292251952e-05,0.0001360496441522
16417,Hrh2,27.807716933308377,-0.6876597428282399,0.172332932386575,-3.9902979268390233,6.599035110329938e-05,0.0002842180431671
16486,Gm10101,26.381401468750315,-0.8254203543392857,0.1806306785973322,-4.569657606055611,4.885216722412001e-06,2.5754936045483265e-05
16562,Gm15835,70.57668000380731,-0.5944239856732448,0.1060570473507896,-5.604757067271108,2.0854725749494435e-08,1.5585919648322744e-07
16587,Nr1i2,216.56384346081188,-0.6153085467582836,0.0612653487683304,-10.043337043342712,9.829150915793156e-24,2.624695331053782e-22
16596,Pou1f1,42.79668447112676,-0.6020113267815248,0.13342903528309,-4.511846507053476,6.426568943335047e-06,3.3113068708644866e-05
16627,Gm10503,10.886586217272257,-1.585082419888444,0.3094348316056389,-5.122508063050128,3.014981991314293e-07,1.9256280197372947e-06
16803,Gm16538,19.287805461337527,-0.778594943499761,0.2215556515064927,-3.5142183835330605,0.0004410500551732,0.0016158068550043
