,gene_name,baseMean,log2FoldChange,lfcSE,stat,pvalue,padj
11,Gm26901,20.60450948930201,-0.934344049781013,0.212298122888526,-4.401094258716647,1.077063199350598e-05,5.295282850058048e-05
17,Mybl1,40.21228280390884,-1.1375661030684487,0.1556203381691192,-7.309880677885478,2.673797132724424e-13,3.3171795677862386e-12
23,Ppp1r42,138.96092960119665,-0.6842598542206024,0.079503387306214,-8.606675481449837,7.520997735433453e-18,1.4187558147143795e-16
45,Rdh10,431.3832355178442,-0.6516174515759969,0.0558464448255068,-11.668020294075768,1.8569418120102203e-31,8.360066900050138e-30
62,Tram2,192.24008048293263,-0.636750276774324,0.0695849789334328,-9.150685773483652,5.657326084197541e-20,1.2685773047337953e-18
64,Gsta3,22.809384313163463,-0.8290666187616039,0.1981857504121058,-4.183280669965674,2.8733229279673675e-05,0.0001304345241833
75,Adgrb3,66.635911897233,-0.6750870803741345,0.1145497056596585,-5.893398647220471,3.783321909247039e-09,3.038485844171369e-08
83,Bag2,702.514984034665,-0.5023418647798201,0.0405083462519665,-12.400947243197631,2.5825249881514666e-35,1.4458829004176224e-33
91,Cfc1,979.3470530660531,-1.0281261996741735,0.0371653615610104,-27.663559736568352,1.917106703854696e-168,2.790668325244486e-165
107,Fam178b,77.39188399916192,-0.5638283391678306,0.1085934574911318,-5.19210228861048,2.079327044702903e-07,1.320788538795284e-06
112,Gm38115,156.48999595108165,-0.5247726452649415,0.0768631582366791,-6.827362514158564,8.648994741326302e-12,9.173080761474672e-11
139,Map4k4,41.86307598902265,-1.0759941255105077,0.14166159779479,-7.595524420592693,3.0654841266615056e-14,4.109583785458418e-13
162,Gm17767,32.026629175395755,-0.5367966044506223,0.1728756847368674,-3.105101826596815,0.0019021352920736,0.0059322441138981
191,Rftn2,789.0030139812777,-0.7575943443756175,0.0584935413948087,-12.951760592885778,2.296265799972044e-38,1.554696550151615e-36
211,Orc2,1076.2476110614732,-0.6841454809417719,0.0367036250247666,-18.639725108354508,1.5302512083719236e-77,4.176629391850119e-75
229,Ica1l,13.687712844451442,-1.629334542992524,0.2662129369113581,-6.120418345916257,9.332999954020151e-10,7.9876944241462e-09
236,Gm11588,85.71555710806855,-0.6568511108046718,0.099323629643526,-6.613241110520428,3.7599528976205857e-11,3.7746469664158846e-10
237,Pard3b,1965.9459515933495,-0.7284134820425842,0.0475931363275342,-15.305011147608942,7.0789863576869005e-53,8.896095949357897e-51
239,Nrp2,142.43057137248576,-0.5616513639156243,0.0798208402318233,-7.036400046459327,1.9727004377699094e-12,2.2405156857584378e-11
245,Gpr1,40.24075788541578,-0.514920713501941,0.1483621093210604,-3.4707022962826426,0.0005190991656605,0.0018506502294408
247,Gm11608,156.05343412435235,-0.5181972446728412,0.0768777235690424,-6.740538359040482,1.5780083548317958e-11,1.6378282793940468e-10
252,Klf7,245.1683665397335,-0.6180293675747494,0.0622577618207368,-9.926944841902364,3.1784503302278786e-23,8.869196544476132e-22
260,D630023F18Rik,628.7595891515324,-0.8038263670004892,0.0485815941224371,-16.545903474773937,1.7137430610633852e-61,2.934868999083844e-59
298,Ttll4,10.03391001249493,-1.3425956340234937,0.303824204281608,-4.418988398893562,9.916396972162214e-06,4.907071453533415e-05
299,Cyp27a1,19.280589485572957,-0.7053153432460277,0.2258638415708017,-3.12274571414713,0.001791724761973,0.0056190032571175
326,Sgpp2,218.22860309273383,-0.5469499102162874,0.0685855731429629,-7.974707874441758,1.5274166165606113e-15,2.3404310050948036e-14
342,Mff,65.79919785809678,-0.530690724591785,0.1159652713586786,-4.576290111462488,4.732940919715364e-06,2.4452828153087247e-05
357,A630001G21Rik,27.0559859656434,-0.698477631056197,0.1821323476291027,-3.8350004277032017,0.0001255640759524,0.000509726534682
361,Psmd1,71.24210191718556,-0.6600967284637126,0.1227427191989792,-5.377889073759431,7.536422313691868e-08,5.092697291124548e-07
377,Kcnj13,71.29503460829997,-0.9602287331415228,0.1113336290282888,-8.624786073375343,6.421257316794389e-18,1.2245253581852011e-16
401,Scly,13.469238348896198,-1.2422448228638627,0.2573115123035474,-4.827785635173607,1.3805958687299296e-06,7.786970821754734e-06
410,Ndufa10,21.37158614087971,-1.2029265317576598,0.2040291775890654,-5.895855416231059,3.727452548259452e-09,2.999131327176237e-08
435,Dtymk,146.93837036809484,-0.6076908523192195,0.0784806230639057,-7.743196073053404,9.694835855282436e-15,1.3734743935123571e-13
443,Ppip5k2,301.069113133463,-0.8205774614144558,0.0578288759198697,-14.189752928130313,1.0603164263847336e-45,1.0232932229883165e-43
448,Cdh20,97.9728340734108,-0.6584833105382097,0.0922817425466065,-7.135575167597699,9.638326987818149e-13,1.1276778018969016e-11
449,Rnf152,11.200132546318068,-0.8206780195099102,0.2746259897529728,-2.988347971902125,0.0028049000600994,0.0083610911689107
457,Bcl2,92.92497797571411,-0.5409872426206213,0.0957572433053901,-5.649569932744393,1.6084974013076762e-08,1.1785751932064805e-07
459,Vps4b,102.13409246267923,-0.5231424118739353,0.0974707530335614,-5.367173183670854,7.998025231270534e-08,5.375509993837386e-07
460,Serpinb8,488.341910665465,-0.6452990787344927,0.0456104023361754,-14.148068109074323,1.9195854273769372e-45,1.822354252468497e-43
461,Dsel,4886.268409415986,-0.9527011806956897,0.0483660552603093,-19.697723446086066,2.2553567832621884e-86,7.5762639019276745e-84
465,Nifk,80.53085328328538,-0.7845825276396375,0.1135520511725606,-6.9094527094657066,4.865270212081415e-12,5.2852325910844615e-11
470,Gm29456,121.79930545466075,-0.6215997535845298,0.0856585643395665,-7.256714589803212,3.9660532084801497e-13,4.824444111819726e-12
471,Inhbb,66.93485503246707,-0.7261355962614456,0.1107993875751777,-6.553606587119087,5.6163811851425954e-11,5.542765341359937e-10
474,Epb41l5,157.85177439001012,-0.781673338940778,0.0749295458465243,-10.432110993196902,1.7691351332451722e-25,5.6807449462365205e-24
483,Ccdc93,2554.016015229056,-0.5014736902297044,0.0268518822608629,-18.675550762436128,7.827832382751164e-78,2.1704218422523386e-75
490,Nckap5,79.21692622097491,-0.6273087710084171,0.1107643984433455,-5.663451251705904,1.4835833171226444e-08,1.0930085779628154e-07
500,Ubxn4,80.9006631181695,-0.6299449778655848,0.1048513101408058,-6.00798384893451,1.878445486187845e-09,1.558057253216015e-08
508,Cd55,25.52470043263397,-0.6168466299839682,0.180030152841438,-3.4263517541267503,0.000611747594187,0.0021423430182958
511,Pfkfb2,79.95769603905099,-0.6124033604975659,0.1069824817549711,-5.724333091283048,1.038408391268033e-08,7.818820858888405e-08
513,AA986860,116.42692653464054,-0.5835771337242196,0.0881832198435745,-6.617779831122169,3.6463354425421225e-11,3.67113472681993e-10
522,Gm29488,318.9032166923891,-0.569499133834519,0.0515750663425818,-11.042140596614686,2.39264173244961e-28,8.873602076948999e-27
533,Gm29695,15.228436424751814,-1.0447826836768648,0.2741362868044565,-3.811179818095793,0.000138305111444,0.0005561495595543
548,Snrpe,129.53195581045108,-1.2056138332495954,0.115348031466292,-10.451967128731706,1.4351711079762244e-25,4.651125958094376e-24
549,Zc3h11a,19.030436079261985,-0.6255537997175066,0.2056112160357001,-3.0424108751386987,0.0023469130501347,0.0071309579335107
561,Kdm5b,104.97552894208212,-0.503496781030445,0.0930046812558686,-5.413671379027216,6.174544056229223e-08,4.209872582912259e-07
579,Lad1,1044.049569816406,-0.8035957360236097,0.0372699877085503,-21.561470379536825,4.1326681972327017e-103,2.062555659121738e-100
586,Gm26781,273.2269448024998,-0.9068592167799052,0.06108742508954,-14.845268325693208,7.465549696155709e-50,8.468066369639476e-48
593,Gm19705,11.63888350536844,-1.1980171120916134,0.3407037980618126,-3.516301018382724,0.0004376045365292,0.0015836080472534
602,2310009B15Rik,20.321640010200728,-1.0628062663008002,0.2159076669823152,-4.922503592185328,8.544399570505945e-07,4.981761405126764e-06
614,Uchl5,281.69056996039853,-0.8511494083317014,0.0660952872542815,-12.877611153381666,6.016920503300778e-38,3.9217749011812686e-36
622,Odr4,276.2219040827136,-0.5310985095397147,0.0586811326543633,-9.05058381657232,1.4220596679431003e-19,3.1081892403056013e-18
627,Gm10138,646.444111094894,-0.6625927081737708,0.0406647045890669,-16.294049467948557,1.0878175211809478e-59,1.7118915729719632e-57
628,Ivns1abp,49.45110641703466,-0.9806024800733044,0.1345987385598746,-7.2853764497733025,3.20773325248264e-13,3.945963693969489e-12
630,Trmt1l,328.0345907246177,-0.7094186165239823,0.0554450828811736,-12.794978015351925,1.74901960690732e-37,1.1150319158196009e-35
635,Tsen15,17.882319606003556,-0.725373433632403,0.2362370107765183,-3.0705325607028224,0.0021367738633998,0.006559783101207
638,Arpc5,17.800085159336057,-0.8050591560508495,0.2351092401048025,-3.4241919019940923,0.0006166306061092,0.0021585778411856
648,Dhx9,70.88180218641472,-0.7150222189178688,0.1084916309322892,-6.590574892953003,4.381267185931823e-11,4.370758149849063e-10
673,Cop1,589.1372107263087,-0.5249986894599538,0.0487294205072868,-10.773751955072964,4.579503872593229e-27,1.587197889810685e-25
680,Rc3h1,81.48468568824107,-0.9161927546154034,0.1082004151554346,-8.467553043112193,2.5060181314099678e-17,4.526900177814822e-16
691,Suco,468.7958450373987,-0.6795067338381076,0.0480528126601451,-14.140831643798622,2.127551271051663e-45,2.008868410958403e-43
693,Pigc,414.7348002561272,-0.506745053832221,0.0489179244542775,-10.359087379225658,3.805757908508228e-25,1.1999815730292733e-23
699,Kifap3,63.62183936713557,-0.6761802034641774,0.1255437852110981,-5.386010962846153,7.203857081631497e-08,4.878361400093466e-07
700,Scyl3,122.49562996852087,-0.937636501107663,0.087368857067693,-10.731930490760403,7.20744874654321e-27,2.4637908944152016e-25
708,Atp1b1,25.395913355689142,-0.7108664390359599,0.1933146630317313,-3.6772504883360857,0.0002357615008388,0.0009043218921066
729,Uck2,69.32383442946299,-0.6536035803418219,0.1192008541992357,-5.483212219682337,4.176714699652548e-08,2.897492151450783e-07
731,Tmco1,113.36832856044693,-0.5163116017010925,0.086667578598756,-5.9573788728015,2.56315554799008e-09,2.09808814959188e-08
733,Mgst3,67.25096043995607,-0.6103723061736414,0.1248194137803252,-4.89004304448874,1.0081392986601448e-06,5.810022193663943e-06
738,3110045C21Rik,88.4816396451188,-0.6578949677630812,0.1015671365189474,-6.477439359928694,9.329224625794614e-11,8.998503355239111e-10
753,Fcer1g,520.736320616267,-0.7261121213774083,0.0584398892456431,-12.424940066626526,1.9136979245936487e-35,1.092433834862806e-33
756,B4galt3,83.46734122176115,-0.6622659914038379,0.1070402789238672,-6.187072736188189,6.129168893398922e-10,5.3936686261910524e-09
759,Ufc1,315.2549426207525,-0.89550834029384,0.0550861817322422,-16.256496858806504,2.009011132982756e-59,3.1333398634770346e-57
763,Pfdn2,179.96491999030437,-0.7352065615388107,0.072228575757798,-10.17888770234315,2.4636121008098304e-24,7.445393802239813e-23
766,Tstd1,421.8997971466421,-0.8315811721796901,0.0511974162077442,-16.24263944893968,2.5185063298017763e-59,3.8932096078741084e-57
773,Copa,109.7645200922084,-0.6985616411353823,0.0879188307995091,-7.945529243085462,1.933634306663959e-15,2.9320072976394134e-14
778,Casq1,646.1378932854341,-0.8585412252259436,0.0396417337523383,-21.65750949717989,5.164077711537813e-104,2.6531208666218383e-101
788,Olfr420,302.59434281768324,-0.5505285988912578,0.0532990307758947,-10.329054597747811,5.207124955142195e-25,1.618470795665905e-23
790,Fmn2,321.6360487647254,-0.5825219478803679,0.057365989257921,-10.15448274170454,3.1648393467795154e-24,9.466337963963112e-23
791,Rgs7,23.58939640415599,-0.6540892832748648,0.1885955273432554,-3.468212064670984,0.0005239336570867,0.0018643457164374
793,Kmo,70.70127188959036,-0.5859844678370164,0.1141377731429276,-5.134009992495864,2.836330269964791e-07,1.7631678703112088e-06
805,Adss,613.3048060128382,-0.5727260763646179,0.0415934051009407,-13.769636676167774,3.8816031027421254e-43,3.2755479709516635e-41
820,Cdc42bpa,213.0002178574516,-0.8217018542357487,0.155811748946083,-5.273683530245782,1.3371240479337797e-07,8.725021617223482e-07
830,Lefty2,38.384821795566026,-0.9023196458915584,0.1569917739399741,-5.747560036085462,9.054045652936418e-09,6.912415623491843e-08
837,Cnih3,1574.3243789368407,-0.5553793751026421,0.0308497441848618,-18.002722219497993,1.8547439709535104e-72,4.3198223579487886e-70
845,Capn2,206.1434784840505,-0.6639753664685905,0.0841650532998785,-7.888967456633797,3.0469695852891293e-15,4.5452147494304455e-14
870,Ush2a,247.90389017203933,-0.7689350204946275,0.0693103437696324,-11.094087529710505,1.3402065996525815e-28,5.0454157074851924e-27
873,Cenpf,292.89628015134593,-0.5440339158361851,0.062970170688344,-8.639549645319407,5.6435037807452e-18,1.0797450607016116e-16
880,Angel2,11.430244106028573,-0.9716265160983492,0.2907764180022731,-3.3414900794697653,0.0008332999432705,0.0028393283188937
888,D730003I15Rik,117.75425052464396,-0.9750842134654624,0.0866757404647318,-11.249793866626634,2.3213393276596626e-29,9.21571713080886e-28
892,Ints7,268.0043639799884,-0.8595825999975024,0.0757635754107529,-11.345591801037196,7.799676383241435e-30,3.205758754410856e-28
900,Gm26879,73.1742151985588,-0.8539324045195428,0.1089779883035234,-7.835824626723577,4.657756038316687e-15,6.83711617456436e-14
911,Mir205hg,261.1197594505754,-0.7892747125056602,0.0579223362967512,-13.62643088949313,2.7888988522949718e-42,2.2764712687798394e-40
912,Plxna2,56.34014175824695,-0.577588329693394,0.1204049798667754,-4.79704685248466,1.6102194817036943e-06,8.989234230233345e-06
918,Fam171a1,18.09133524854745,-1.2938989545671291,0.2303198465574497,-5.617835257824325,1.933647302756725e-08,1.4003711063248122e-07
930,Prpf18,170.20810459953077,-0.6989038817844497,0.0739280385249591,-9.453840460659457,3.2662187492825037e-21,7.968478926322175e-20
949,Taf3,43.62151464632917,-0.6167055487471722,0.1400324917067845,-4.4040175335771234,1.0626434901723486e-05,5.2332270894645006e-05
952,Itih5,78.47944128467043,-0.5438197672460643,0.1037151339747793,-5.243398397174189,1.5764563550638354e-07,1.020664922544665e-06
955,Pfkfb3,108.15042786829147,-0.5342710228001152,0.0888547855200879,-6.012855916233454,1.8228304285422667e-09,1.5140847325618792e-08
959,Fbh1,221.6449231368773,-0.948721495873382,0.0666920186354343,-14.22541280478373,6.3727186850069935e-46,6.21891899383811e-44
962,Mindy3,22.60882087645712,-1.0391636896456833,0.26336043118552,-3.945785192437131,7.95388973332904e-05,0.0003347916767754
965,Gm13270,63.925900327830455,-0.6397208868977805,0.1179693091612829,-5.422773867592794,5.8681209235111026e-08,4.011911400856827e-07
966,Cubn,198.13200848337445,-0.5331802571910151,0.0708791624585235,-7.52238371189864,5.378645138521396e-14,7.037765788740957e-13
984,Dnajc1,173.77486988237771,-0.643922700429235,0.074624156294766,-8.628877462757968,6.195702556588399e-18,1.1840977271169164e-16
997,Apbb1ip,245.38694552030307,-0.5743466425894133,0.0693303368849172,-8.284203833349064,1.1890181371031962e-16,2.018442062091218e-15
999,Abi1,972.6052459580068,-0.5727886826130433,0.0350379567866424,-16.347662225310117,4.5199083234438775e-60,7.243464091185105e-58
1008,Arrdc1,780.4848346687419,-0.9461957901181712,0.0460304168651399,-20.555881405339814,6.818076127069168e-94,2.769724506689401e-91
1012,Pnpla7,325.6152372747552,-1.2099242886052513,0.0589163008945619,-20.536324756209,1.0199489331071152e-93,3.9592151030033526e-91
1015,Tor4a,308.3617249228555,-0.6527613967767861,0.060009646765249,-10.877607717477744,1.4738013943666556e-27,5.243251070630701e-26
1019,Ndor1,22.382029077034595,-0.6168837619228005,0.1973478368458579,-3.125870401126457,0.0017727965939784,0.005565638192598
1028,Sapcd2,195.82001662475108,-0.9428833499126086,0.0731384055525956,-12.8917679130229,5.008238510806129e-38,3.276550947818782e-36
1039,Camsap1,479.41298598835874,-1.2773619363245703,0.0436641313099259,-29.25426197667636,3.9633668206412703e-188,6.923209162296171e-185
1050,Sec16a,512.6321244977536,-0.5135283257588513,0.0417092811616312,-12.312087656673656,7.797964330103914e-35,4.204161756736272e-33
1054,Agpat2,26.104169858137897,-0.5939025113042113,0.1818830955133972,-3.265298018091325,0.0010934896126429,0.0036189989681027
1065,Brd3,48.85366908526113,-0.5140589986282565,0.1381394149759897,-3.721305745486225,0.0001981952970599,0.0007736481450376
1067,Gm13421,366.8759236203805,-0.5610745552486692,0.0525768142480558,-10.671520579423786,1.3834364650786973e-26,4.665225515829091e-25
1103,Gm14471,156.94372645776943,-0.6210992406406614,0.0745303931827781,-8.333502804922539,7.848499244972515e-17,1.3560591969453996e-15
1104,Sh3glb2,112.05752985809195,-0.7836235336865,0.0922328304320521,-8.4961453531863,1.9599054291980144e-17,3.5886402554749387e-16
1105,Miga2,117.88346746536502,-0.8100722226377082,0.0881147189311938,-9.193381451630907,3.806822227059179e-20,8.613674956252557e-19
1114,Tor1a,47.85173008673462,-0.5663506535553652,0.1341297998078788,-4.222407357399915,2.417067580627408e-05,0.0001114019432675
1137,Ptges2,26.51628834381188,-0.7166820756426062,0.1827122740437205,-3.922462677417688,8.764847384077543e-05,0.0003659281885876
1139,Naif1,70.70108070375774,-0.6514878269548863,0.1123528128278725,-5.798589377134536,6.6875058134425275e-09,5.2127332239720694e-08
1172,Phf19,30.54725546494852,-0.7579659363867743,0.1732925229951642,-4.373910214279272,1.2204058929527105e-05,5.9414855457352136e-05
1196,Rpl35,728.7018830801161,-1.0869464540760774,0.0434382442202894,-25.022799000894665,3.4533281007691857e-138,3.351263070235341e-135
1209,Epc2,49.48817664269021,-0.903751984364994,0.1348698822445907,-6.700917723988308,2.0711463763532964e-11,2.1319260401967816e-10
1213,Mmadhc,1099.9927902417248,-0.8476060717718681,0.0514485131077549,-16.47484097347229,5.563466329052209e-61,9.16817262602679e-59
1255,Dpp4,46.81837300329305,-0.8269264981623449,0.1366025569856409,-6.053521371853002,1.417132610082983e-09,1.1889756211781725e-08
1267,Galnt3,329.0905371935874,-0.9879696957061072,0.0621275661470592,-15.902275865233962,6.110397386415954e-57,8.82119186329867e-55
1270,Gm13630,143.2736724281313,-1.0779492304131657,0.0866659157066625,-12.437983509707465,1.6255599203461154e-35,9.371379765216485e-34
1278,Nostrin,16.884242195776242,-0.7105942708185956,0.2342335531939531,-3.0336997459548423,0.0024157472929829,0.0073133923247531
1279,Spc25,119.54564266280607,-0.5290898670507702,0.084750919430781,-6.242880556392028,4.295849519660169e-10,3.846227545331822e-09
1280,Lrp2,84.22225791953771,-0.6442199484722336,0.1020599428552355,-6.312172341562173,2.7514556813230206e-10,2.511098633299401e-09
1281,Bbs5,38.9045200499757,-0.7227945840244162,0.1504696269326999,-4.803591254650335,1.558448122413579e-06,8.728108945918691e-06
1283,Fastkd1,122.03173699944308,-0.5339521890226566,0.0839251658059995,-6.362241693474092,1.9883023880100406e-10,1.8396009594152223e-09
1306,Platr26,1974.566672694036,-0.5971305210757877,0.0320752975052721,-18.616523228744427,2.360510376885043e-77,6.343599271296605e-75
1323,Gm13708,74.65780483999153,-0.5487742853543528,0.1087782515764842,-5.044889740376994,4.537829696515736e-07,2.7494557453602804e-06
1330,Hoxd8,128.77288172186633,-0.6571583597575034,0.0868923360552359,-7.562903583806967,3.9416978341630294e-14,5.220134781437436e-13
1336,Ttc30a1,114.63720074874708,-0.6390557207829208,0.0845722933590779,-7.556324836428535,4.1461761748238373e-14,5.478472422225626e-13
1348,Cwc22,57.99780706303965,-0.5790661102018484,0.1221911273197974,-4.739019296272813,2.147550554024685e-06,1.1719279311997251e-05
1355,Dnajc10,88.67491326630032,-0.5017841231730021,0.0963527958189264,-5.207779586551833,1.911137473883781e-07,1.222847963142926e-06
1388,Fnbp4,133.1329818259148,-0.5315955786318227,0.0946972515771106,-5.613632600508491,1.9812264747243622e-08,1.4325941619993548e-07
1397,Gm13778,104.4256194725082,-0.765184616774307,0.0989166555693286,-7.735649900112173,1.0287620543211718e-14,1.452741759489267e-13
1399,Slc39a13,139.97063011749117,-0.9413303615533892,0.079069318627293,-11.905128030639974,1.1129236105009791e-32,5.40015267450864e-31
1411,Dgkz,48.34272518591494,-0.6953053188286875,0.1376570328351259,-5.050997428235039,4.395089892908118e-07,2.667596603520465e-06
1428,Hsd17b12,22.87955410084117,-0.942781531276354,0.2050713304426621,-4.597334640787125,4.279300119232783e-06,2.226051652256053e-05
1433,Gm10801,3972.3185307553167,-0.6876827868183173,0.0327846159110264,-20.975776830346486,1.0916906171796764e-97,4.767412925223646e-95
1473,Gm14015,639.4466857599309,-0.5343421053436964,0.0426206375375516,-12.537168287848948,4.674003588179116e-36,2.7582937391321893e-34
1499,Actc1,77.17664459307433,-0.7270299119220228,0.1079218924799836,-6.736630494659512,1.6210171192837482e-11,1.67947372714404e-10
1500,Zfp770,233.30961420211884,-0.7389801419182136,0.0651179911827521,-11.34832522465693,7.559680358606117e-30,3.129206078296958e-28
1529,Ppp1r14d,352.13361798515496,-0.6575603306618107,0.0510048372985626,-12.892117012602274,4.985615790648042e-38,3.2740126553022563e-36
1537,Oip5,65.6715230449462,-0.5025824955845877,0.1264185004882286,-3.975545459277024,7.021812868910645e-05,0.0002984355892801
1543,Tyro3,421.1972659051917,-0.689397930322513,0.0472920587648435,-14.57745651866197,3.9080786470090265e-48,4.137352594300222e-46
1551,Tmem87a,281.3542857283797,-0.7603575852728928,0.0926254613405734,-8.2089478882825,2.2313504147266853e-16,3.691025477693725e-15
1556,Stard9,786.9698669527226,-0.5792459267059745,0.0429317347006764,-13.492255338493171,1.7370439011817668e-41,1.3250079854079958e-39
1562,Zscan29,237.1404209002149,-0.6595732907885005,0.0690046391884846,-9.558390545118144,1.19602127800686e-21,3.014732999166498e-20
1600,Eid1,50.729771084591206,-0.6064580956503627,0.1296715832223118,-4.676877389633142,2.912762945422623e-06,1.5602619788605452e-05
1611,Usp50,82.24402420452635,-0.7670184465907902,0.1014398535010841,-7.561312641116865,3.9902186573489405e-14,5.28038935655843e-13
1613,Sppl2a,173.5339078156574,-0.8385670040506494,0.0842094062629515,-9.958115622287467,2.3242622491907706e-23,6.54842144659103e-22
1623,Gpat2,59.60597949921394,-0.543046455661311,0.1385028916698941,-3.9208311762587615,8.824407070631776e-05,0.0003680629004531
1632,Acoxl,30.74818399009633,-0.5897297250592194,0.1732069709185537,-3.4047689993754653,0.0006622004418709,0.002301953695244
1661,Pced1a,149.9712915086263,-0.5236711343859949,0.0912977201362207,-5.735862117965828,9.701756637994593e-09,7.361871631298416e-08
1664,4930473A02Rik,37.28833335376458,-1.008542990108677,0.1542174497572794,-6.539746258909147,6.162329486973976e-11,6.050790976866858e-10
1674,Gfra4,95.16430096592669,-0.636127309614753,0.0987246983507362,-6.443446475316672,1.1679047020172794e-10,1.1148065210293899e-09
1686,Gm14280,41.2062775981455,-0.5652336991682434,0.1432115041112713,-3.946845630006599,7.918757685513718e-05,0.0003333932495795
1695,Gpcpd1,243.86298391762952,-0.6251112287888096,0.0635918718501302,-9.830049196570856,8.357793652294764e-23,2.274048902153971e-21
1702,Bmp2,117.63909391787864,-0.654354104117061,0.0883859601855645,-7.403371561990812,1.3276957403290346e-13,1.6990614792723498e-12
1724,Flrt3,58.23906705130105,-0.7093211816452512,0.1213906368109659,-5.843294015747137,5.117857150022318e-09,4.043361768276339e-08
1726,Snrpb2,1214.4402276166288,-0.5883582172511694,0.0342860956949894,-17.160257104956727,5.267991823896004e-66,1.0339469795484874e-63
1729,Bfsp1,608.6665487059411,-0.6238801905701186,0.0490694808283372,-12.714220326737834,4.930022117813279e-37,3.075629512641513e-35
1731,Rrbp1,20.014922209793827,-0.8493492732589126,0.2099147360500094,-4.04616316720407,5.206394963438621e-05,0.0002263447168276
1776,Nsfl1c,52.74282030521357,-0.6100954144992925,0.130152257186902,-4.687551546825495,2.764930726540653e-06,1.4870015372910135e-05
1787,Trib3,139.05291783472032,-0.6527043076854233,0.0790853822359236,-8.253159929584813,1.5426039698223092e-16,2.581054228434492e-15
1788,Gm14164,29.60645327825253,-0.6350664294486519,0.1792334165835828,-3.5432367554768893,0.0003952476916944,0.0014410742388892
1795,Id1,48.47639811027644,-0.853748580560382,0.1414858702280066,-6.034161426752745,1.597902711975845e-09,1.3348715721087548e-08
1798,Tpx2,23.898933457918908,-0.7957401248692667,0.1878751661891087,-4.235472633292587,2.280714804426008e-05,0.0001057312266552
1803,Pofut1,119.2753792529405,-0.834344062000662,0.0998601292251555,-8.355127000881996,6.536235175092072e-17,1.1360692143135158e-15
1814,Cbfa2t2,84.68481052754792,-0.623799819030007,0.1028451444417821,-6.06542800261342,1.3160271466506735e-09,1.10840704906914e-08
1815,E2f1,22.577883000933664,-0.5855633477185602,0.1882783538027788,-3.110093836554023,0.0018702791757238,0.0058422812306052
1827,Pigu,23.47712314115721,-0.8523126628823962,0.2176101776189749,-3.9166948541108906,8.977126063575353e-05,0.000373540824389
1832,Gss,301.4985670377204,-0.5242488465275406,0.0606358494778127,-8.645856387636963,5.3403245931086745e-18,1.0251075823343111e-16
1834,Trpc4ap,133.15360864251736,-0.7226581688370171,0.0802271645431336,-9.007649378515476,2.1052018923196785e-19,4.551196368198037e-18
1840,6430550D23Rik,93.66560692908118,-0.5764129798449348,0.0948056501190394,-6.079943327440735,1.202250326611158e-09,1.0155178290736804e-08
1841,Ergic3,81.11678171870743,-0.7476749328352634,0.1142911146901648,-6.541846536908467,6.076383992778218e-11,5.969756782106295e-10
1842,Fer1l4,282.264426732287,-0.6098859667623465,0.0697957023864419,-8.738159312238963,2.369392164480679e-18,4.740955593258706e-17
1844,Cpne1,65.02577100147931,-0.8228420635745459,0.1203360168987526,-6.837870196974044,8.037917432523068e-12,8.556145137800911e-11
1849,Scand1,92.17771076406268,-0.6258942369590665,0.098251737478662,-6.370312149390704,1.8864386613139782e-10,1.7499899381748574e-09
1852,Epb41l1,29.83165738163517,-0.5177561944175357,0.1718573634950024,-3.0127088178714656,0.0025892722859355,0.0077753839248276
1854,Dlgap4,164.61457936762412,-0.6111275060440448,0.0748885774607518,-8.160490247852934,3.3366750378759614e-16,5.391770542240267e-15
1855,4930405A21Rik,28.663243840513875,-0.5592647050967983,0.1819015940362329,-3.0745453774605105,0.0021082364733435,0.0064858532434597
1867,Rpn2,26.4308396480131,-0.6527757018294684,0.1805958607560713,-3.614566242529582,0.0003008508887899,0.0011279809670277
1892,Lpin3,59.48395201204842,-0.5957409469044443,0.1181885312717501,-5.040598613876174,4.640779127818654e-07,2.8098831821399046e-06
1896,Ptprt,128.73876836367435,-0.6063561307320451,0.0956986953951342,-6.336096100667167,2.356598331607514e-10,2.160895520027299e-09
1901,Ift52,26.61277238033708,-0.6936127682056841,0.1965356378048913,-3.529195905397375,0.0004168244429587,0.0015137399936804
1958,Prex1,360.6619954376336,-0.70478085144641,0.0526360628073566,-13.38969546460656,6.946498374117624e-41,5.207786849746208e-39
1966,Kcnb1,72.57557380819819,-1.0287916000330912,0.108778936107142,-9.45763616422743,3.1498312722685704e-21,7.69528009286537e-20
1970,Spata2,280.2734880703128,-0.7431665688035262,0.0681840885376564,-10.899413407764383,1.1600270957458e-27,4.135378226221966e-26
2009,Rab22a,1315.0620287394877,-0.6186403827449886,0.0411268206320519,-15.042261308739583,3.8806411363529025e-51,4.611363222436224e-49
2041,Gm14406,46.99958727401363,-0.9225206612009084,0.137520005992833,-6.708265132339988,1.9695184800858678e-11,2.0321056591931447e-10
2042,Gm14322,19.78552571015133,-0.6806099179578492,0.2209976626334784,-3.079715458740535,0.0020719844221939,0.0063889539076581
2074,Nkain4,181.0934452865801,-0.5304329767920032,0.0714864367351901,-7.420050586056,1.1707560978259633e-13,1.5048394052114737e-12
2093,Pcmtd2,612.5132238907446,-0.6243953712728835,0.0542463206259819,-11.510372760172457,1.1697170290096331e-30,5.133823382598059e-29
2095,Zfhx4,59.77078491919334,-0.9574916628278524,0.1359641451043557,-7.042236481485282,1.891783915614559e-12,2.1528131229938183e-11
2111,Gm9833,155.134890004749,-0.5787510915358559,0.0790424176511344,-7.322031748703091,2.442443458112013e-13,3.0474715947357602e-12
2117,Lrrcc1,98.33136463186489,-0.6981651647383679,0.1018699309751604,-6.853496002746928,7.206666660756541e-12,7.704164824363233e-11
2120,Car13,274.63765554969723,-0.535190956130579,0.0623036478642971,-8.590042067781841,8.693748860211969e-18,1.6329290869912114e-16
2132,Hltf,216.16272849903535,-0.6976071826674932,0.0690904430451393,-10.09701417331657,5.694976090535323e-24,1.6607653146823212e-22
2139,Ect2,244.5610186441808,-0.9764747605557011,0.0651528271781482,-14.987450320240349,8.86932093945855e-51,1.0468195822328511e-48
2168,Actl6a,49.528366516615634,-0.8196490790091264,0.1315202639044902,-6.232112487276895,4.6018682983086765e-10,4.1096848381828205e-09
2176,Gm43140,32.35089580523641,-0.5667279172506214,0.167973420765254,-3.37391424588914,0.000741074501015,0.0025492845605604
2197,Cetn4,16.285172294934902,-0.995345136637562,0.2259423083530094,-4.405306575351293,1.0563437360091196e-05,5.208075749536354e-05
2217,Gm31266,117.17439943564612,-0.6479587354964166,0.110727715122182,-5.851820700729074,4.862206423238402e-09,3.851837723407184e-08
2230,Rab33b,230.0582049059619,-0.5477798226800241,0.0627251182481825,-8.733021761914271,2.4795736091066197e-18,4.944428288113519e-17
2245,Exosc8,13.280999132493896,-1.6894697014718674,0.2666232757034419,-6.336542438069134,2.3497848117389456e-10,2.1557794690890703e-09
2251,Nbea,91.80341837294978,-0.7000656052789247,0.0970196635522317,-7.215708441433998,5.365390504340894e-13,6.441418648098057e-12
2261,Siah2,90.07899711620664,-0.5382741895719142,0.1014629515181866,-5.305130409846512,1.1259247317104749e-07,7.40777898814259e-07
2262,Med12l,37.50071976228408,-0.5081641503623067,0.1572991038228908,-3.2305597299172693,0.0012354808697365,0.0040361660431192
2268,Gm8298,135.7911076724457,-0.6723689022894757,0.0790467269438333,-8.505967650845651,1.8008717581149384e-17,3.3148185322183083e-16
2280,Vmn2r2,178.30921270522478,-0.600121081104093,0.0725382096618202,-8.273171944853782,1.3044137151215027e-16,2.2014974662553053e-15
2281,Vmn2r3,65.10272612381414,-0.6493333584383898,0.1161413981924432,-5.590886355289623,2.2591341046475252e-08,1.625311142503417e-07
2282,Kcnab1,57.30356514871501,-0.7688548664496407,0.1199807239571623,-6.408153252385366,1.472928165937371e-10,1.3855201509205164e-09
2283,A330015K06Rik,86.6470499577276,-0.5473984960136388,0.1019460854614801,-5.369490094060265,7.895957370822808e-08,5.313042502062127e-07
2293,Rsrc1,14.277786316041954,-1.0824405763199048,0.2463583767250857,-4.393764038832798,1.1140473374353017e-05,5.464807326683473e-05
2297,Mfsd1,1303.307818723728,-0.6842471989003853,0.0331801693152831,-20.622173214324537,1.7358352708728848e-94,7.39550500283111e-92
2306,Nmd3,61.4182830290404,-0.5338874482264989,0.1384994045958896,-3.854799591263684,0.0001158244696803,0.0004733789977484
2325,Gask1b,175.85202426090555,-0.5996597513453519,0.09654191439222,-6.211392793694963,5.251701482980719e-10,4.670912500239674e-09
2341,Arfip1,338.0797753478636,-0.5277472288442705,0.0647140000517788,-8.1550704395032,3.489764236470009e-16,5.628735150753289e-15
2352,Gm37876,162.02656169234157,-0.8554096230310281,0.0777924290164886,-10.99605236455232,3.992290493535433e-28,1.4589399652944974e-26
2377,Bglap3,187.50418231345165,-0.5801846334407902,0.0685449125760269,-8.464298977656082,2.5769798052649385e-17,4.6454781463744e-16
2379,Slc25a44,443.81110008465777,-0.8904796620573072,0.0485052956631729,-18.358400869070337,2.82813281372949e-75,7.159684636264743e-73
2393,Gm43713,122.01532766385807,-0.8385605763709294,0.0883458280841542,-9.491795985795214,2.2708747081050557e-21,5.586991464954803e-20
2401,Clk2,128.66357085056714,-0.7364796802158865,0.0843043615888252,-8.735961773933996,2.4159166988746422e-18,4.828516349650143e-17
2437,Tpm3,168.40687007145965,-0.5268713407768431,0.0902558724185555,-5.837529754668071,5.298043537445519e-09,4.1803857062215357e-08
2460,S100a6,381.6168119593464,-0.6101428911600182,0.0525803908071675,-11.604000689109482,3.9325465172026925e-31,1.7479318718192532e-29
2473,S100a10,33.08849225439909,-0.6603783175085804,0.1609812644931571,-4.102206052286609,4.092295808645148e-05,0.0001806525731246
2484,Cgn,58.53803578935767,-0.6097377135302771,0.1236652120264419,-4.930551636461058,8.199773819861402e-07,4.801664401117633e-06
2502,Gm128,66.6232791112032,-0.8412017658118247,0.117840215025857,-7.138494830709907,9.43584183981132e-13,1.1047271129880974e-11
2529,Plekho1,143.68636299501608,-0.6759794996344073,0.0774193784203522,-8.731399210726595,2.515411233597521e-18,5.004465082970558e-17
2530,Vps45,142.65898718257887,-0.535405988322984,0.076921533551533,-6.960417500832746,3.392657910672524e-12,3.755573408341422e-11
2537,Hist2h2ab,744.1864253518763,-0.5640831230669533,0.044096036330077,-12.7921502704814,1.8138483502719688e-37,1.1521564720927546e-35
2555,Lix1l,258.0105763662603,-0.7591736484540591,0.0596686985338726,-12.723147430860966,4.397820122109655e-37,2.763349708381708e-35
2566,Acp6,17.134403656104485,-1.1332164012064665,0.231027883174638,-4.905106628838599,9.337659933018076e-07,5.4135494095572425e-06
2583,Wdr3,148.076486634442,-0.6332741401007953,0.0852352020684107,-7.429725333349035,1.0882341359146928e-13,1.401863855911346e-12
2596,Gm42939,137.2620060626145,-0.5194980147226838,0.0819246329043283,-6.341169881461099,2.2802692692553687e-10,2.0964075576501462e-09
2605,Tspan2,306.6051321796845,-0.5265367540633119,0.0677670299364453,-7.769807154852724,7.860570824366424e-15,1.1254791078691205e-13
2607,Sike1,460.9853087680633,-0.606873381332658,0.0469718620636709,-12.919934502703626,3.474370905826496e-38,2.316424083319741e-36
2622,Phtf1os,268.8278424719478,-0.5026260735418808,0.0572829775353674,-8.774440421354686,1.7175577781448744e-18,3.488639449841241e-17
2623,Phtf1,82.11648586480854,-0.6836066526769531,0.1073200384897474,-6.369795075523196,1.8928092951499472e-10,1.7549677689850994e-09
2625,Gm42699,166.14383395531146,-0.5964898739478371,0.0765852376086237,-7.7885750906212605,6.776909215750129e-15,9.74313170211714e-14
2631,Gm43260,108.10296046992876,-0.7752955282069373,0.0936596070802694,-8.277800349327567,1.2547136080777591e-16,2.1217170673671146e-15
2649,Gm43331,46.63389295645611,-0.5789245792103929,0.1466545196186241,-3.9475399784192766,7.895833614843032e-05,0.0003325082487562
2666,Ahcyl1,97.22026564482816,-0.5539800610579372,0.0981634969827716,-5.643442604282571,1.6668311043641057e-08,1.2187612277535452e-07
2675,Gstm4,6232.944985517932,-0.9513077835532532,0.0405206232637168,-23.477126138014704,6.986861126715714e-122,5.306369137455222e-119
2685,Psma5,847.2486706618662,-0.527372270023654,0.039810299742254,-13.24713135640898,4.687818309871474e-40,3.383752489125409e-38
2725,Ptbp2,48.940539527180825,-0.8643677854194795,0.1397443081550136,-6.185352354105652,6.196390703751192e-10,5.444595211927859e-09
2748,4933405D12Rik,568.9001878012302,-0.5232841863932814,0.0442887436213119,-11.815286314454736,3.254383401276729e-32,1.5253712337878432e-30
2776,Pla2g12a,149.0933327861484,-0.9349177027580974,0.0793901004587236,-11.776250405983273,5.174406952538604e-32,2.3975209720674888e-30
2781,Ostc,560.6657560074198,-0.7428069335937938,0.0426420241705615,-17.419598343237176,5.858695914598287e-68,1.2039964733670928e-65
2783,Gm42997,20.7030396257378,-0.6444661304232591,0.2049978929285034,-3.143769534489937,0.001667867383538,0.0052798672445889
2830,Gbp7,107.63421323421856,-0.6232363297436688,0.0926735596252871,-6.725071662981759,1.7550604305020815e-11,1.8151211130852786e-10
2853,2410004B18Rik,361.0906990511007,-0.9154993157370904,0.0545238313410721,-16.79081042581568,2.849274333911587e-63,5.078686129057918e-61
2857,Ssx2ip,520.6724711234925,-0.5724555513539613,0.0688903045274459,-8.309667888402126,9.597028732038338e-17,1.6419284808153348e-15
2863,Adgrl2,172.50130871255786,-0.5441955220393976,0.071027674331025,-7.661739275077063,1.8343173820956712e-14,2.522980789798991e-13
2892,Wls,373.5031488696483,-0.5321425811521578,0.0556609875423814,-9.560422921835023,1.17276468848368e-21,2.964667666922274e-20
2929,Runx1t1,338.4367824779348,-0.624848210996362,0.0556003197452251,-11.238212547330232,2.6468732082678886e-29,1.0398647173688243e-27
2943,Cnbd1,379.0950067957387,-0.5278298257872329,0.0572537719926304,-9.219127533731283,2.9952737017013173e-20,6.848356154622855e-19
2968,Casp8ap2,59.353514195333766,-0.5043518418596855,0.1176024026121529,-4.288618520176103,1.797878554757363e-05,8.495905895901346e-05
2996,Chmp5,865.2000658416393,-0.7693693763146883,0.050049035847198,-15.372311639800756,2.510495517565016e-53,3.1777779493351964e-51
2999,Nol6,71.20052506352344,-0.5670190531788386,0.1189822548436527,-4.765576630934783,1.8831430721737828e-06,1.0370347788376934e-05
3042,Clta,848.6083713730972,-0.5609430907854327,0.0361586135064371,-15.513401549137685,2.815592590591605e-54,3.6979527347709905e-52
3068,Trim14,21.019182828352637,-0.7568376163082191,0.2247655688083302,-3.367231112491325,0.0007592702876544,0.0026036382773357
3088,Rnf20,62.58282387204738,-0.5250833120338633,0.1213137224472625,-4.328309291326274,1.5025836128572952e-05,7.198883858856618e-05
3139,Pole3,905.5081170966477,-0.7090100194453127,0.0391073372040339,-18.12984647219032,1.8527569236346183e-73,4.373507830006691e-71
3145,Atp6v1g1,30.63997588075181,-0.57491547327975,0.1690900646981655,-3.4000547241258894,0.0006737236796658,0.0023378238451335
3197,Caap1,709.1209506339928,-0.6847749875301796,0.0469101654319688,-14.597582021390862,2.9098389421184047e-48,3.1183476466824723e-46
3214,Kank4,20.482852350727057,-0.6505750193059598,0.2132899941904819,-3.050190055914924,0.0022869659460513,0.0069682053280351
3223,Alg6,184.74718615087497,-0.5228480125288377,0.0713205233466615,-7.330961524040917,2.285072685895387e-13,2.8613368944244176e-12
3244,Dab1,147.13491839446215,-0.7289996957883995,0.0855122123747169,-8.525094551336158,1.5268504523919446e-17,2.825320307455772e-16
3246,Prkaa2,41.67376006641474,-0.7920078815388911,0.1528758777391322,-5.180724998945715,2.2102514331791693e-07,1.39785199256965e-06
3247,Plpp3,290.7789081605924,-0.5717187640598855,0.0638858429790173,-8.949068172234353,3.5849571678720157e-19,7.627531279949862e-18
3268,Czib,537.3360636937657,-0.7204650414799179,0.0459787114271746,-15.669535293981806,2.4435944865934287e-55,3.334742850922969e-53
3282,3110021N24Rik,164.25340204270378,-0.5384553004848903,0.074206239277827,-7.256199825312825,3.981168154258015e-13,4.839460356198956e-12
3284,Txndc12,20.249689277219524,-0.6858180178848521,0.2131536039325907,-3.217482628638737,0.0012932085789889,0.0042066606066626
3297,Skint11,119.1930636532089,-0.5900899465025522,0.0899985737877863,-6.556658863216709,5.5026695174511355e-11,5.433613970086855e-10
3308,Faah,59.34620861652225,-0.5744634258242178,0.1221960498511668,-4.701161997657918,2.586851817467191e-06,1.3976841183890162e-05
3319,Tmem69,69.47748457693774,-0.5639030615262943,0.1163375158567883,-4.84712998531325,1.252603606826294e-06,7.113289923290541e-06
3322,Ccdc17,111.695278903197,-0.9913482238904182,0.0875525228090478,-11.3228972973463,1.0107518669754848e-29,4.1060031656576205e-28
3323,Nasp,109.09996381016262,-0.5951665818797132,0.0902913402089135,-6.591624185693044,4.350407014408368e-11,4.3424519844391636e-10
3326,Mmachc,11.689157335338717,-1.027021103079233,0.2661578757186931,-3.858691388733165,0.0001139957777477,0.0004665600388234
3363,Gm12868,324.80374719106607,-0.569154524811718,0.061611554971939,-9.237788675694668,2.5164390685586214e-20,5.791456870827668e-19
3414,Maneal,115.8795487733274,-0.8373083904607552,0.0854182660644376,-9.802451267614217,1.0988602163769829e-22,2.9530600399497133e-21
3517,Sesn2,1637.2372986903686,-0.547968724051068,0.0281396779428468,-19.47316970592275,1.854341633500348e-84,5.784221366782871e-82
3526,Stx12,656.7651926758004,-0.66215720746218,0.0424433807524331,-15.60095345195189,7.171502314733488e-55,9.636292494904966e-53
3538,Kdf1,787.6002274800455,-0.5802497441310096,0.0449339733152646,-12.913386048900575,3.7829292971526573e-38,2.503038218282676e-36
3546,Gm12974,242.8379034595571,-0.5380718939642198,0.0594972404642831,-9.043644541585588,1.5153342316880958e-19,3.3046015429622537e-18
3576,Srrm1,130.87151793281188,-0.5620143528318964,0.0845626752639504,-6.646127869981026,3.0090387326963636e-11,3.0559237548104705e-10
3585,Fuca1,71.74992830905545,-0.6463134816247805,0.1219734185927309,-5.298805994630848,1.165624035316614e-07,7.651680063476367e-07
3586,Hmgcl,162.6893403514777,-0.5843577368032685,0.07763103658399,-7.527372588552827,5.177148477705673e-14,6.784278290214756e-13
3593,Id3,219.6344850966868,-0.7541181405632089,0.0647379285719886,-11.648783907638151,2.3275659065246364e-31,1.0425108014146757e-29
3601,Ephb2,35.55778670517711,-0.5038044002127842,0.1509503449476821,-3.337550506342981,0.0008452035920382,0.0028734948123247
3610,Ece1,28.458579592170363,-0.5150358936118242,0.1746509708357673,-2.9489437771069547,0.0031886197850816,0.0093974709643674
3614,Pink1,130.97747224414977,-0.5925402090016305,0.0839533837662923,-7.057966962369632,1.689562138137372e-12,1.9289719888224585e-11
3625,Emc1,200.1342638229241,-0.5198615615910892,0.0670014729674206,-7.758957207461266,8.56305349075956e-15,1.2210564765435758e-13
3631,Rcc2,729.2030998112201,-0.6053017328891052,0.0406232525242268,-14.900375899938492,3.277304962327828e-50,3.842145173284732e-48
3636,Mfap2,79.32281875421118,-0.6298244342748655,0.1034933678505574,-6.085650195327693,1.1601950249393934e-09,9.809432088887378e-09
3637,Crocc,268.77850047081466,-0.7824512741640388,0.0590952282907456,-13.24051529701208,5.119635446280085e-40,3.6802383529061934e-38
3643,Arhgef19,78.68926985719402,-0.73797111377807,0.104366075825649,-7.070986505336308,1.5383610091648206e-12,1.765577536668271e-11
3667,Platr16,49.20583434122385,-0.7839740650653867,0.1423278027987256,-5.50822853756867,3.624626494801089e-08,2.532599024447417e-07
3668,Zfp990,80.39310520115141,-1.1376743490301453,0.122089379350472,-9.318372778063814,1.1813815180118883e-20,2.7699828666619684e-19
3673,Zfp600,10.443647364031497,-0.9898822962780376,0.2982643009758011,-3.31880916703588,0.0009040218679506,0.0030550307582437
3687,Zfp982,260.4990480364869,-0.5575512694334365,0.0618371511521733,-9.016444953315748,1.9429198790884674e-19,4.221259259691212e-18
3707,Disp3,79.88382116375683,-0.696027056678391,0.1090686981553665,-6.381547304130396,1.7530755112533991e-10,1.634083406113894e-09
3718,Dffa,124.482144705411,-0.8395073226120915,0.0857704490077512,-9.787838729120132,1.2698104445414597e-22,3.396791553637093e-21
3723,Ube4bos1,301.47583479195055,-0.6156860234081651,0.0601489927559239,-10.236015520767426,1.3675284835397167e-24,4.1908750088546963e-23
3728,Pik3cd,22.101734808848917,-0.9781557818569866,0.2109062012750368,-4.637871129172732,3.520161481677614e-06,1.857709388578386e-05
3731,Spsb1,73.35920980648886,-0.8172684262793442,0.1079296537993269,-7.572232445022823,3.6686425989453566e-14,4.869593382855432e-13
3733,Gm13067,48.84926280920234,-0.8354358770094781,0.1317687225768885,-6.340168293898365,2.2951431288137327e-10,2.108972129096175e-09
3751,Tas1r1,472.5225938918562,-0.5050487629859649,0.0510129892328698,-9.90039538127164,4.146325439611393e-23,1.1460128604293008e-21
3762,Ajap1,517.3358093455732,-0.5514537296267414,0.0444449402623783,-12.407570498942375,2.377581498912973e-35,1.3354210168170997e-33
3771,Megf6,1305.9383841061629,-0.8188395004262549,0.0322588770353883,-25.383385154045456,3.8479095412108586e-142,4.200955241616955e-139
3800,Dvl1,48.11537163099219,-0.5435591685266729,0.1312596356308522,-4.141099172752163,3.4564546512406174e-05,0.0001546550969463
3815,Cdk6,91.3949987910518,-0.7163334807172334,0.1013650679293529,-7.066867268480371,1.584703934083695e-12,1.816378498725327e-11
3819,Gm43017,127.90615508996623,-0.5564177076000398,0.0890322458832222,-6.249620034631679,4.1145242199896145e-10,3.6914488482166715e-09
3838,Gm43728,41.01202880579569,-0.8276255042726833,0.1440672667998074,-5.744715802950108,9.207549904567902e-09,7.02040513893462e-08
3848,Slc25a40,27.990317398759053,-0.5354956240270208,0.1823844825884872,-2.936081054851885,0.0033238745897393,0.009753307800028
3849,Rundc3b,303.5183471009541,-0.5087485012695854,0.064976616543899,-7.829716724721548,4.889704214435974e-15,7.153547170667304e-14
3851,Abcb1b,39.1828140234234,-0.5380582391786988,0.1572203758746401,-3.4223187432634066,0.0006208948000028,0.0021704603494995
3878,Fgl2,54.74586499139618,-0.6541427900196578,0.1291001956330014,-5.066938797515204,4.0426418985467366e-07,2.460518072606773e-06
3887,Reln,280.2430432335568,-0.6396397700699419,0.0570864676701198,-11.204753003219038,3.864301266658059e-29,1.5101032332434668e-27
3913,Chpf2,142.34624932598135,-0.8159908924842457,0.0828280438059384,-9.851625789884247,6.744405020441727e-23,1.8436817980763077e-21
3914,Smarcd3,243.9073552176544,-0.688450508217028,0.0625556413895779,-11.005410430205048,3.598734991090685e-28,1.3206450173187415e-26
3920,Galnt11,418.8248041433032,-0.7470412560212081,0.0526458355068081,-14.18994016961894,1.057489162348904e-45,1.0232932229883165e-43
3922,1700096K18Rik,66.26123296747797,-0.5952381922884471,0.1197899554562312,-4.969015891369412,6.729355546596912e-07,3.987394256714887e-06
3933,Nom1,91.28185209933386,-0.597064009530139,0.1048547192526591,-5.694202547922015,1.2394986978735629e-08,9.233076014693132e-08
3962,Snx17,67.6578266732635,-3.2747627037191167,0.1612665993552265,-20.3065155265394,1.1261596795716829e-91,4.185480272927269e-89
3987,Ctbp1,224.74696547300965,-0.5035149241264457,0.0631972589055726,-7.967353851197591,1.621079968856775e-15,2.4751948115787342e-14
4020,Hmx1,16.594498399751224,-1.0022720606068685,0.2519872875665839,-3.977470729915424,6.965219340700754e-05,0.0002961023398475
4060,Gm42716,13.309956090495607,-0.9305865276705126,0.293460891783769,-3.1710751031050406,0.0015187587156635,0.0048456031498102
4061,Tapt1,686.350942550965,-0.5988953779869168,0.0502008073685981,-11.929994941904871,8.25785117984127e-33,4.06332801153429e-31
4062,Gm42982,111.44021416071898,-0.7559512524939285,0.0902416246717256,-8.376968557956177,5.430834794193194e-17,9.515127601300574e-16
4073,5730480H06Rik,182.9908841293132,-0.5037026769979951,0.0780030178608682,-6.457476785019208,1.0646307720651886e-10,1.0218115563975115e-09
4077,9230114K14Rik,13.124296036246038,-0.7983747741401496,0.2590381841749357,-3.0820736976792,0.0020556393685668,0.0063475178522407
4088,Gm40304,89.15866042197842,-0.6037121780968892,0.1085776535062966,-5.5601881105478,2.6948403186648256e-08,1.92372172809306e-07
4097,Gm31363,39.25464742730463,-0.7140644039702851,0.1459029023667835,-4.894106918964554,9.875314296176425e-07,5.700660612214466e-06
4098,Gm3716,17.7337712851065,-0.9493340649474312,0.225883970660975,-4.202750917515387,2.636906963665836e-05,0.000120769509285
4101,Fam114a1,48.625881081355125,-0.5610320080353572,0.1437631394407647,-3.902474655309829,9.521421071555976e-05,0.0003949627205309
4113,N4bp2os,135.00609100275338,-0.6136064208024379,0.0783889699650463,-7.827713785192543,4.9682137205420575e-15,7.262322784136292e-14
4117,Rbm47,112.76634459403398,-0.6685894160618622,0.0878273380490086,-7.612543325505118,2.6875405939833252e-14,3.633588165301914e-13
4121,Uchl1,540.0008012008567,-0.6012448109067284,0.04504827648222,-13.34667733945452,1.238510972200498e-40,9.128400701433883e-39
4125,Slc30a9,58.36054084120135,-0.5398633694916147,0.1233522859563806,-4.376598011994029,1.2054599862805707e-05,5.875272053668809e-05
4130,Kctd8,62.757603190336845,-0.5817669309903613,0.1140640897303809,-5.100351323238658,3.390236009087597e-07,2.083033507096101e-06
4152,Rasl11b,119.13944898573205,-0.578275401366083,0.0875193698046756,-6.607399055279636,3.9113070161451855e-11,3.9220844407591335e-10
4154,Fip1l1,106.6269729273438,-0.5205260814858053,0.0896688232562927,-5.80498396859776,6.437216280163881e-09,5.0266112642781696e-08
4159,Kdr,260.11866359465085,-0.5539708281081517,0.0694303367799919,-7.978800821081314,1.4776179127731032e-15,2.2720976848873743e-14
4168,Aasdh,30.554580980728293,-0.733202738429655,0.1672166952049514,-4.384746017920011,1.1612118167138956e-05,5.672272934663962e-05
4171,Srp72,36.71252979316222,-0.6938195063007107,0.156090760546859,-4.444974858665152,8.790214637654447e-06,4.384565085395428e-05
4182,Cenpc1,49.42499179918961,-0.6935057134495177,0.1437462288888587,-4.824514137241961,1.403449630832249e-06,7.903113523977345e-06
4185,Tmprss11d,182.0681241613252,-0.5657982854196164,0.081062559637858,-6.979773251020998,2.956568551103345e-12,3.295809792640283e-11
4200,Gm9958,26.16493426948852,-0.7025724352877174,0.2367498713108423,-2.967572617453591,0.0030016136996716,0.0088868115433667
4201,Afm,1357.134683874911,-0.5174317636743874,0.0323526889652084,-15.993470101691562,1.4190158000835022e-57,2.0656139996548846e-55
4230,Paqr3,258.87699289492247,-0.6114195217465803,0.0642242965374885,-9.520065687129597,1.7306962978696958e-21,4.306524634072343e-20
4256,Gpat3,186.71439666904053,-0.5666492316588735,0.0702920312436002,-8.061358046335647,7.545147654138945e-16,1.1852395613534091e-14
4264,Gm42620,156.82418256894928,-0.6148532661662292,0.0802731000047232,-7.659518146552843,1.8663197883503992e-14,2.562961797398174e-13
4269,Pkd2,139.95567726791066,-0.6249896998628177,0.0824051096238612,-7.584356148733834,3.34142158756821e-14,4.4589726731582506e-13
4274,Lrrc8b,33.20355098079065,-0.5231334260968905,0.1645267299364285,-3.179625744090482,0.0014746537362083,0.0047230017352562
4276,Lrrc8d,226.1137690844723,-0.8722697683725198,0.0864308880053949,-10.092106982842443,5.987041288083697e-24,1.7430272870041004e-22
4288,A930041C12Rik,33.62284372755273,-0.5166865653087986,0.1604389992414734,-3.220454925246349,0.0012798731770138,0.0041687161394886
4290,Evi5,223.81757128478765,-0.7039654838460881,0.0787697124616772,-8.937007154730685,3.998524897236129e-19,8.476484575839889e-18
4315,Gtpbp6,15.615940918813104,-0.7649660252761147,0.2374655556891992,-3.2213767721215163,0.0012757631127765,0.00415687932363
4320,Gm43138,135.28182279416748,-0.6501368314934494,0.0795162463798567,-8.176150926285969,2.9305487957618814e-16,4.7752636533925866e-15
4353,Ficd,210.94677528842445,-0.7374668919160122,0.0659977740428473,-11.174117651865524,5.459018231761871e-29,2.1050359927685733e-27
4392,Cox6a1,1982.9120787732995,-0.8021533841929923,0.0414376838863296,-19.358065146532567,1.7431052330092333e-83,5.341853019334261e-81
4424,Fbxw8,30.38918544437342,-0.6871877826420413,0.1854700929061186,-3.7051137025627208,0.0002112959272595,0.0008198394618768
4438,Rasal1,294.60801675201856,-0.6020143867427082,0.069147896782526,-8.706185072209447,3.1427353515595838e-18,6.154405955273857e-17
4440,Oas1c,911.4621485071168,-0.8609895077902159,0.058153930245004,-14.80535372523996,1.3527353229878406e-49,1.4955430773387087e-47
4447,Erp29,176.2952163521084,-0.5041435637852653,0.0686287045828896,-7.345957742453986,2.042909161715947e-13,2.5636161808084887e-12
4449,Adam1a,591.3054732180898,-0.5806243876550673,0.0429427565819962,-13.520892319672226,1.177389460930175e-41,9.268719103863522e-40
4455,Atxn2,81.98012422766215,-0.556159802625134,0.1047520161823653,-5.309299265962592,1.1004751072161808e-07,7.253776433335503e-07
4465,Vps29,79.10351922118278,-0.7649628852192115,0.1096390279779668,-6.977103859156244,3.0132695751833367e-12,3.354735050306089e-11
4478,A930024E05Rik,36.28314298287318,-0.6572348955905316,0.1527410186808691,-4.302936442788375,1.6854921260676373e-05,7.996245643169335e-05
4494,Vps33a,1012.0508188109574,-0.8994017941970913,0.0369970357902395,-24.31010417419359,1.532823072473111e-130,1.3387676714980152e-127
4508,Mphosph9,102.95230947238208,-0.5420706406018446,0.092243227960314,-5.876535899579107,4.189405867481248e-09,3.3433436237867e-08
4513,Rilpl2,23.80269526130612,-0.6381030960197078,0.2099322249213204,-3.039567156775763,0.0023691837539897,0.007184878787273
4520,Tctn2,30.241219822687096,-0.628847913032219,0.168039896233138,-3.742253638146488,0.0001823772980539,0.0007168691814596
4532,Bri3bp,326.5710390190335,-0.5154133965030565,0.0623754415265488,-8.263082134395498,1.4195848940092682e-16,2.384356627745567e-15
4544,Adgrd1,310.5737707790491,-0.5125025330381935,0.0548048832105128,-9.351402703835776,8.649292698536772e-21,2.0500114634740891e-19
4549,Nipsnap2,112.68415587877315,-0.716693910500602,0.0899377003289565,-7.968781810956018,1.60246093181223e-15,2.451119751041684e-14
4552,Sumf2,2995.4160007093637,-0.5661464160893974,0.036290520938675,-15.60039375147275,7.234653398798117e-55,9.646940883221796e-53
4563,Tmem248,215.52323545286103,-0.6292978284024867,0.0710133597101157,-8.861682237980974,7.881598027455225e-19,1.6389970755189033e-17
4568,Auts2,380.2025017554956,-0.664033622425031,0.0607579871734497,-10.92915768472335,8.362100132433752e-28,3.005538376817958e-26
4583,Wbscr25,769.4950225958519,-0.6941662072902736,0.044729974419002,-15.51903877225068,2.5788511316523477e-54,3.412679664219941e-52
4606,Zp3,20.26163283934049,-0.6377703900669645,0.2110051946767742,-3.0225340709925432,0.0025066786310302,0.0075598519210699
4633,Epo,1945.2393870996327,-0.7816917826688073,0.0334728934413088,-23.35297915130701,1.285377318232669e-120,9.355404581203443e-118
4635,9130604C24Rik,983.6900794031122,-0.7801242903318398,0.0330312753845364,-23.61774655231918,2.5330288986789188e-123,2.0112249455510622e-120
4659,Ap4m1,444.0950108937032,-0.5624972341263601,0.0473830047691076,-11.87128669588072,1.668810246181355e-32,7.986514350766003e-31
4671,Zfp68,19.816455907003597,-0.6290238620105021,0.2021418432518626,-3.1117944305413165,0.0018595393821848,0.0058149720601514
4686,Mafk,52.37895489234262,-0.6646036400662867,0.1333223543392268,-4.984937772515342,6.198175781035786e-07,3.687809239761394e-06
4694,Mrm2,142.1642298226279,-0.6015461463292042,0.0783469563652509,-7.677977221282419,1.616202207062771e-14,2.242400329862787e-13
4695,Snx8,54.2368310531228,-0.5759146211758139,0.1266623142703427,-4.546850612145028,5.445462055384116e-06,2.789481852887089e-05
4700,Ttyh3,14.37531692856514,-0.7159842046855561,0.2389021887180292,-2.9969763296334464,0.0027267188435657,0.0081461133503346
4714,Tnrc18,69.92357679630729,-0.5864319513777293,0.1188206112905664,-4.93543960940965,7.997042347414831e-07,4.6908104675836896e-06
4729,Daglb,21.29698316639021,-0.6460653733669612,0.2004767151961701,-3.222645446553603,0.0012701266350025,0.0041416038940125
4737,Aimp2,190.37808716060948,-0.7918429834665419,0.0688462821728946,-11.501608488864738,1.2947972328102714e-30,5.668550892914742e-29
4738,Pms2,1595.567018866453,-0.6014607579539533,0.0353387147937769,-17.019882060336514,5.848832063430382e-65,1.1105152009130644e-62
4742,Lmtk2,60.70806446993085,-0.7374287139321606,0.1252572165768887,-5.8873151909733865,3.925197013486553e-09,3.148087301725579e-08
4745,Bri3,60.43436172790479,-0.9365108897784096,0.1234653987621252,-7.585209290764445,3.319507976087726e-14,4.433116615160581e-13
4757,Ptcd1,49.41538684344215,-0.822870302969197,0.1315114162390074,-6.257025637026992,3.923889297649559e-10,3.529479827566554e-09
4761,Zkscan5,3198.311281160731,-0.6364391720458927,0.0226320009546363,-28.12120648640722,5.393007279164756e-174,8.564095559313632e-171
4784,Slc7a1,89.4116072114034,-0.5554133058382934,0.104337305749042,-5.323247536928016,1.019308866501835e-07,6.752099840748597e-07
4785,Ubl3,31.55488211832227,-0.6381318732356545,0.1637202883154704,-3.8976957578162015,9.71123137976982e-05,0.0004018853109258
4806,D730045B01Rik,95.0784270662658,-0.5890837335503417,0.0933612964298193,-6.309721009424523,2.7953891728814533e-10,2.547201777354889e-09
4818,Sgce,504.4999324126741,-0.6846808123984972,0.0443186821768281,-15.449033652821026,7.658299625220246e-54,9.909272433581281e-52
4823,Pdk4,402.4615846005682,-0.5405913480568503,0.0495973431583149,-10.899602955167978,1.1576131783560812e-27,4.135212065342337e-26
4824,Dync1i1,133.05485546528095,-0.857489297096026,0.0857397208170915,-10.001074052075662,1.5075302557485353e-23,4.274925082372632e-22
4825,Slc25a13,503.68628669986725,-0.667398992680889,0.0479909630666475,-13.906763899570796,5.76284248322315e-44,5.162324743432922e-42
4842,2610001J05Rik,101.76190356281629,-0.5020021546095614,0.1051965589222639,-4.772039691721483,1.823695521820914e-06,1.0090691598089236e-05
4849,Cav1,1925.369671952656,-0.7820993014167082,0.0309783316287651,-25.24665662402824,1.2324817284123335e-140,1.2664112254062729e-137
4864,Cadps2,234.4903870555641,-0.6750467606682115,0.0832297381252017,-8.110643814026483,5.035225367734861e-16,8.017804623846176e-15
4896,Tmem209,232.8735199746772,-0.7905844703410329,0.066699241368953,-11.85297544791914,2.0768323859195736e-32,9.804894085741382e-31
4914,Akr1b3,346.0290424628114,-0.5038511892800535,0.0622759404559633,-8.090623531190793,5.936006240181602e-16,9.409270145507459e-15
4930,Mtpn,1213.3059006797796,-0.6104005521792046,0.0536511854275867,-11.377205318288173,5.4312399910939596e-30,2.264269693661797e-28
4938,Atp6v0a4,71.93766432364411,-0.6797313618918379,0.1102025326537269,-6.1680194231802,6.915065184835888e-10,6.035208870355508e-09
4942,Ttc26,94.27394299112107,-0.5829748019101307,0.1003270912412943,-5.810741592298649,6.219670460471061e-09,4.867616648902711e-08
4954,Rab19,63.44950173621832,-0.5016006244777196,0.1162351767471747,-4.315394345454992,1.5931823827311562e-05,7.59544483120847e-05
4971,Clcn1,81.34832428539112,-0.6291718444389864,0.1002863420340101,-6.273754049435918,3.5244510188217803e-10,3.181081523667395e-09
5016,Hnrnpa2b1,56.50532300092336,-0.692868462898162,0.1290053727404402,-5.370849664472644,7.836652108313624e-08,5.275169134027837e-07
5024,Hoxa3,26.51382598945198,-0.5929499465392898,0.1919699468337637,-3.0887644463055164,0.0020099072820669,0.0062239071801358
5066,Hpgds,43.59494180380211,-0.5525893306893678,0.1387476841149536,-3.982692282139592,6.813895634280866e-05,0.0002905886937002
5070,Mad2l1,1059.2750069353187,-0.5175922247626319,0.0396420156451734,-13.056657597723587,5.822868513883426e-39,4.068554688020628e-37
5097,Usp39,122.90352447203912,-0.529302125170455,0.0923232573159889,-5.733139628716153,9.858840658578153e-09,7.468093175370476e-08
5103,Vamp8,75.28811926646283,-0.514589509062863,0.1088931999681005,-4.72563492682379,2.293974553208176e-06,1.2483223518828787e-05
5112,Gm15402,34.034938427168235,-0.7970587418546412,0.1605687610899248,-4.963971425352513,6.906610935117904e-07,4.085167982641535e-06
5115,Tmsb10,40.21961258454359,-0.7875662682692645,0.1439881940238165,-5.469658631449992,4.509031962946882e-08,3.1193572407428174e-07
5118,Reg2,70.01821758500954,-1.3091138951272363,0.1318580377597582,-9.928207012396213,3.138480568144915e-23,8.77167657029686e-22
5154,Gm44012,247.45311797405068,-0.816530847712327,0.0606296620874594,-13.46751440795539,2.4290625130956684e-41,1.8368339384742483e-39
5184,Nfu1,228.4457283211096,-0.5513138584262353,0.0644358524974757,-8.55601093269982,1.1684022427796154e-17,2.1712394017951407e-16
5185,Gfpt1,32.63128296656579,-0.5570969785379861,0.1606871069769689,-3.4669675060976366,0.0005263655163299,0.0018718552197173
5212,Txnrd3,537.8742229416698,-0.7421982889172167,0.0479034700517523,-15.493622656466965,3.830825903446934e-54,4.993796035926197e-52
5223,Chchd4,33.77118565557275,-0.5763085445221403,0.1656682597052434,-3.4786901579548624,0.000503870804898,0.0018010262369469
5224,Tmem43,20.528500846642974,-0.7114438223257838,0.2059444494135314,-3.4545423503850894,0.0005512276349047,0.0019507383157449
5242,Lrig1,63.89094280480072,-0.6265541166618499,0.1151803002320644,-5.439768045399024,5.3349985446918654e-08,3.6646384026220013e-07
5250,Frmd4b,51.56390161110903,-0.7417649009692738,0.1365587823050409,-5.431835935035959,5.57771932173434e-08,3.821352805404457e-07
5262,Cntn3,65.76601143816053,-0.7825246685871043,0.1307141669782078,-5.986532957193263,2.1436116937565776e-09,1.7670886770429402e-08
5271,Gm44040,87.56141509343385,-0.5266915564906167,0.0995985306382878,-5.288145850297766,1.235624405067569e-07,8.092946047139217e-07
5324,Plxnd1,591.6547609406325,-0.5700236700324096,0.0442949833153958,-12.868808776236374,6.743413120533223e-38,4.362738532943494e-36
5325,Tmcc1,704.2819355800491,-0.5793214471855901,0.0436207556674961,-13.280866833246314,2.9891369407284688e-40,2.1665661444250995e-38
5344,Cacna1c,37.47382562209592,-0.6715275126472702,0.1925732975904799,-3.4871268293661277,0.0004882397599556,0.0017516065161029
5361,Gm43915,27.28207002167477,-0.581611465127581,0.1968707857019486,-2.9542802049264343,0.0031339930789866,0.0092489594701367
5382,Lpcat3,238.28019175887235,-0.7425786122281622,0.0862889465998053,-8.605721143776686,7.583843320117153e-18,1.429067692727146e-16
5388,Eno2,325.65168298071154,-0.6966213241797767,0.0515920654946942,-13.502489530127804,1.5117983970415339e-41,1.1633521761903751e-39
5421,Rad51ap1,258.6569593056238,-0.5251943133969594,0.0587970292576384,-8.932327364630074,4.171389921495874e-19,8.810863258608213e-18
5434,Rhno1,369.3745728705167,-0.5598318027043506,0.0500506893336326,-11.185296549515432,4.8129376187714573e-29,1.8724363992138043e-27
5472,Atf7ip,178.8691601660395,-0.5168201876046346,0.0695428356256687,-7.431681250194416,1.0722594258439704e-13,1.3823046236636517e-12
5502,Casc1,506.9455917975451,-0.7947598296857316,0.0444161997318941,-17.893467574512794,1.3259436077600077e-71,3.0475767026778696e-69
5508,Itpr2,20.59837372960152,-0.7322295954626062,0.2023266201583829,-3.6190472360454153,0.0002956896670227,0.0011100595537401
5597,Zfp444,58.10617359100405,-0.5103685106315892,0.1249310498203179,-4.085201488065831,4.403858468844958e-05,0.0001933800898285
5617,Zfp329,62.58979650470153,-0.5401342860831385,0.1224357138078325,-4.411574607478499,1.026215810020723e-05,5.0695525366068976e-05
5622,Gm29638,51.46168669913726,-0.6280257359089655,0.1307815522717536,-4.8020972759520255,1.5701237968286864e-06,8.779424610436457e-06
5623,Zfp324,31.876780542686674,-0.5162551903051931,0.1689597655825846,-3.0554918712458585,0.0022469169352795,0.0068617386408152
5678,Dmwd,544.2568670763455,-0.5036182381838186,0.0500690720046063,-10.058469590518587,8.429855453091386e-24,2.433929174456204e-22
5708,Clptm1,77.02335548781207,-0.6553959570527255,0.1069586095724176,-6.127566164825484,8.92334961063225e-10,7.648335181478122e-09
5718,Gm16175,44.60532558470717,-0.6838587157167371,0.1505864217842902,-4.541303974247695,5.5907354037777815e-06,2.859706179595616e-05
5756,Erf,30.975161108163014,-0.8846688591598116,0.1715262811861836,-5.157628633011321,2.500970300079796e-07,1.5674630426414195e-06
5757,Cic,140.7468823664236,-0.554481966585465,0.0862228364035498,-6.430801742479405,1.269326324351404e-10,1.203723791192743e-09
5763,Cxcl17,1039.084254530855,-0.506396912424026,0.0341829898887076,-14.814295474817827,1.1842439777179868e-49,1.326049602742166e-47
5764,Ceacam1,83.65499703180785,-0.5120829006877824,0.1078081005973298,-4.749948267806377,2.034686923967492e-06,1.1148654701337564e-05
5788,Sertad1,34.15558733176224,-0.5947598643119061,0.1642241148748464,-3.621635377759025,0.0002927465422956,0.0011006665090014
5798,Zfp607b,203.8771032183233,-0.5454345789747486,0.0646301625594885,-8.439319311207148,3.1919101235616025e-17,5.730347999832895e-16
5812,Selenov,62.63008258539786,-0.7419410276271732,0.1236840930196431,-5.998677837329819,1.989305793223474e-09,1.6453216664785823e-08
5814,Timm50,846.7658225782627,-0.5240450255146687,0.0399821626222641,-13.106970487455651,3.003585706787557e-39,2.115590126055042e-37
5825,Pak4,194.9856020339274,-0.5485061992847421,0.0695961026839589,-7.881277516006167,3.240506936124433e-15,4.8092757145472895e-14
5827,Gm44618,560.8808219833311,-0.6666091570258537,0.0484713447299791,-13.75264418058452,4.910159690190233e-43,4.1235898782809124e-41
5830,Mrps12,198.63454898834968,-0.5608089418622524,0.0677138054806734,-8.282047329658877,1.2107545047232491e-16,2.053345600825797e-15
5835,Hnrnpl,121.6538300924001,-0.730528533508032,0.0894469447133592,-8.167171453972813,3.157040636770097e-16,5.134747285204847e-15
5838,Lgals4,164.63774115280106,-0.5664565609526155,0.0731081873675268,-7.748195945618865,9.320723718686547e-15,1.3236943245367206e-13
5854,Kcnk6,108.30696673037998,-0.5252826704572747,0.0975220725069619,-5.386295194042103,7.1924800143014e-08,4.875368292193125e-07
5866,Zfp27,26.493999419213928,-1.513729169369083,0.4978929248477456,-3.040270495572873,0.0023636575878644,0.0071731012412814
5902,Upk1a,26.629837089959164,-0.7794491720821792,0.1775131887836083,-4.390936681512387,1.128634061849622e-05,5.530148609365833e-05
5919,Hpn,85.43271301725999,-0.552206679436616,0.1004574371101358,-5.496921833982364,3.864779032028328e-08,2.693975281887097e-07
5936,AC150683.1,747.146242213634,-0.5855547204392232,0.0415887106617654,-14.07965553925078,5.0656097116116633e-45,4.731875424729012e-43
5941,Slc7a9,118.72610759875268,-0.5152887610788203,0.0921773462199975,-5.590188720002773,2.268229572037857e-08,1.6311829627154093e-07
5943,Nudt19,19.58075058919554,-1.0988230462223518,0.2142969730049923,-5.127571476227773,2.935035642851348e-07,1.81999299287637e-06
5951,Ccne1,29.04975190285705,-0.7690769233031503,0.1700746363269901,-4.521996576988128,6.125905058413364e-06,3.1133927716137514e-05
5952,D530033B14Rik,65.24781377542432,-0.8541837221013957,0.1184464595344435,-7.2115597668244735,5.531455935534535e-13,6.622582061817496e-12
5955,Pop4,984.9098454880752,-0.5144898807790133,0.0391924156086405,-13.127281714822043,2.297567434198036e-39,1.6381186914518897e-37
5957,Zfp619,164.66243278188855,-0.5190680512548425,0.0730634959896422,-7.104341836153414,1.2089728380802586e-12,1.4060144830616482e-11
5961,AW146154,53.20401624876853,-0.5409317139453317,0.1408304491619201,-3.8410139083160497,0.0001225271712057,0.0004980927685877
5968,Zfp976,1889.0581471909456,-0.6777770757749881,0.0248713414087139,-27.25132772844822,1.602721346927152e-163,2.1535643452402683e-160
5983,Klk10,321.0359467103823,-0.8041165102692794,0.0660515767326652,-12.17406987154646,4.2723663070439245e-34,2.234421995552193e-32
5986,2410002F23Rik,59.30372788502547,-0.5007599406605892,0.1195419262269048,-4.18899005952177,2.801986720363609e-05,0.0001274612084148
5988,Clec11a,101.78216176581978,-0.505195418724095,0.0967269705970632,-5.222901281883356,1.7614130433585124e-07,1.131983474510622e-06
6012,Cpt1c,209.67000150899975,-0.6572936163000211,0.0649531880337052,-10.11949738262179,4.527344991669597e-24,1.3313747864391334e-22
6020,Prr12,434.13255146511136,-0.690880348873155,0.046409537758094,-14.886602673664036,4.0271923676975198e-50,4.6587414754265084e-48
6045,Ftl1,60.65463101704484,-0.6843796900510447,0.1210602018826817,-5.6532178156639,1.5747154335497874e-08,1.1552763205899909e-07
6047,Dhdh,40.34401114222158,-0.54077538568418,0.1586255949303023,-3.4091307012704264,0.0006517024811909,0.0022695253073054
6048,Tulp2,771.4080284951488,-0.907746406190651,0.0405376195903813,-22.39269141511304,4.637245253549874e-111,2.793220692724455e-108
6049,Nucb1,94.17648096374852,-0.5336822904923876,0.0973358454489886,-5.482895720796687,4.184196799898192e-08,2.9015303573093134e-07
6050,Ppp1r15a,67.24835649315222,-0.5173976192071589,0.1126423667377639,-4.593277238320833,4.363387596025339e-06,2.2670926391246468e-05
6055,Fut1,110.95080135208671,-0.7108225277760035,0.0895824236323149,-7.934843677522358,2.1076061591463967e-15,3.1847460543226003e-14
6060,Car11,310.8335967688481,-0.5319807505708817,0.0557600799255899,-9.540530631964533,1.4210333281215033e-21,3.556247876164243e-20
6067,Cyth2,174.85739775991686,-0.6174349043701247,0.0745661646290176,-8.28036291583446,1.2280045817083012e-16,2.080580410599477e-15
6092,Tmem86a,343.76371804924474,-0.5643080149559028,0.0557262969042766,-10.126422287223525,4.21801148877975e-24,1.244598389966295e-22
6096,Htatip2,53.97334409274431,-1.0593019544477205,0.1340442526714032,-7.902628671775273,2.7308219566876718e-15,4.0945920978043137e-14
6101,Gas2,34.710493253423806,-0.7896483390226054,0.1931545882453439,-4.088167649528462,4.3479389683292506e-05,0.0001910686739591
6103,Luzp2,152.15355575166396,-0.5340553432772238,0.0794278482902809,-6.723779565643508,1.7707025081266173e-11,1.830214876447086e-10
6110,Herc2,110.1134253489774,-0.9269724613254472,0.0897924897747568,-10.323496582517588,5.517639027533565e-25,1.711938162219473e-23
6112,Gabra5,685.3978796449902,-0.8629746053954374,0.0435660338534833,-19.80842709477989,2.5182891009055083e-87,8.797894802923484e-85
6137,Tjp1,15.801143534772203,-0.7683510918448543,0.2305392397475032,-3.332843001852467,0.0008596343589028,0.0029185797825686
6147,Gm10974,217.0182549568708,-0.7341696115736163,0.0652716269227516,-11.247913468473811,2.3713543776613427e-29,9.371678341400075e-28
6150,Lins1,93.02207922196638,-0.7885905015080804,0.1017491596921883,-7.750339205687056,9.164740187681114e-15,1.304724381405165e-13
6162,Arrdc4,230.07589377986548,-0.5617821074450343,0.0627020101317436,-8.959554984994414,3.259913732294788e-19,6.944411350698214e-18
6218,Gm44649,79.40962021115129,-0.5523217377171306,0.1125995799511479,-4.905184708120215,9.333946165918672e-07,5.413192949079262e-06
6221,Nmb,38.41106455600825,-0.5864000305634602,0.1518483117884241,-3.861748765310694,0.0001125783028612,0.0004612677994243
6261,Ccdc81,66.2346807551294,-0.7065360719043201,0.1158294041328316,-6.099798899889647,1.062019925184927e-09,9.018650487666652e-09
6266,Sytl2,84.91479146637164,-0.5337703845157389,0.1050796216252093,-5.079675547553396,3.780800180219901e-07,2.3108123704717014e-06
6275,4632427E13Rik,496.52588007282327,-0.5328470241061111,0.0467239829978301,-11.404143866135229,3.986801950441164e-30,1.6821607843069142e-28
6276,Ddias,697.6261888922453,-0.5737271169678162,0.0477568968115933,-12.01349240155277,3.01823959781272e-33,1.5106764840857476e-31
6277,Prcp,178.41094548316826,-0.6172592296849344,0.0768484578139938,-8.032161571530379,9.577013059122397e-16,1.4910094841065062e-14
6287,Aamdc,154.84957169100196,-0.5469160852796595,0.0778365651131652,-7.026467374099919,2.1182808265157275e-12,2.3949598367363576e-11
6309,Xrra1,35.053749720795224,-0.978916294704555,0.157022049800538,-6.2342600669654535,4.539184516516048e-10,4.057854408111684e-09
6316,C2cd3,153.72818808755824,-0.6867027375549641,0.0799942348531207,-8.584402848728226,9.13094744491931e-18,1.7113668451486106e-16
6318,Ucp2,136.1711208370941,-0.6612086850573856,0.0799456435323656,-8.270728157810101,1.3314331654827908e-16,2.2427651431681187e-15
6327,Arap1,40.19455521961711,-0.7217786224813907,0.1532077141078241,-4.711111491249188,2.463694005538116e-06,1.3352716999298731e-05
6334,Folr1,93.53554920369808,-0.5154972680781792,0.0962786288053939,-5.3542232006663,8.59247434619135e-08,5.744100339811346e-07
6340,Il18bp,796.1073701252916,-0.6379219019630699,0.0472154218689028,-13.51088006233022,1.3489912318728602e-41,1.0426627804581914e-39
6344,Art1,27.925131039988127,-0.5278101148017809,0.1798738193616925,-2.934335395083004,0.0033426279660587,0.0098050420337722
6352,Trim5,232.6370158338562,-0.6672924951649718,0.0617025308954974,-10.81466976281949,2.933472693986724e-27,1.024838020371202e-25
6357,Olfr655,89.81592081360078,-0.5953462196252859,0.1103917741697396,-5.393030632063896,6.9279136576602e-08,4.701507217249742e-07
6365,Timm10b,817.5520399753267,-0.8640887345418883,0.0375568313022094,-23.00749835865557,3.9214979082252405e-117,2.634643286956865e-114
6369,Taf10,218.18289731063783,-0.8589182016688425,0.0656784544052376,-13.077625066651178,4.4203629314143935e-39,3.1009999873874146e-37
6375,Platr28,154.0319899177654,-0.5569642135566372,0.0851969736792435,-6.537370865466903,6.260966199922089e-11,6.130412420416986e-10
6389,Tmem9b,44.24239616458277,-0.8764103036251644,0.1425643851469639,-6.147470160388989,7.872850486748803e-10,6.808925451909074e-09
6402,Ctr9,315.95110352172503,-0.5208937270623333,0.0587920909883994,-8.8599285772148,8.006571885588281e-19,1.6610308515137302e-17
6404,1700012D14Rik,252.59452739207623,-0.5564995421413198,0.0591470485341327,-9.4087457604951,5.020923013977016e-21,1.213077222795996e-19
6414,Btbd10,259.97162842593906,-0.9748433948621577,0.0603814463756897,-16.14475063741833,1.2364719347909685e-58,1.830397606519376e-56
6416,Gm5600,100.5512841914432,-1.0447904271355664,0.1064061088827808,-9.818895156541522,9.336112747835e-23,2.5245080105136494e-21
6418,Rras2,86.16745728847908,-0.9366747411268004,0.1047061298129257,-8.945748857304915,3.694362601557453e-19,7.850745246229389e-18
6421,Psma1,111.27140861578864,-0.5600937974369373,0.0998973017173451,-5.606695954828659,2.062254671460629e-08,1.4891882844594574e-07
6425,Calca,37.36718765813436,-0.5488664794071169,0.1508056972178553,-3.639560636851929,0.00027310362368,0.0010339345683665
6437,AV356131,3274.8888593748043,-0.5368272432543286,0.044777296059898,-11.98882671557974,4.0662380448213825e-33,2.0294013190554263e-31
6438,Nucb2,126.5977506026882,-0.5081659208838372,0.0845276346444546,-6.011831787572385,1.834386129306725e-09,1.522958978456743e-08
6440,Xylt1,204.7685251617846,-1.104145389509658,0.0689534323544767,-16.012914104601084,1.0383072256456592e-57,1.5241303039981829e-55
6450,Knop1,108.79526269125412,-0.5936706173703917,0.1038193062870476,-5.718306532784617,1.075909231369012e-08,8.079958062576914e-08
6457,Lyrm1,412.8956185950871,-0.5334459661276403,0.0509874501970875,-10.46229933180913,1.286941020065752e-25,4.1862729494429355e-24
6464,9030407P20Rik,852.2810831998106,-1.3210612962417254,0.0357453501359562,-36.95757045929369,5.504924263601426e-299,1.6026669506098287e-295
6467,Polr3e,121.39507421414206,-0.5854074807924742,0.0880111787325513,-6.651512787613175,2.9009564292882543e-11,2.9513050033085167e-10
6472,Cog7,43.70595960770793,-1.00083356791542,0.2083394304218851,-4.803860536091236,1.5563525435226193e-06,8.719168130292853e-06
6473,Gm44987,339.65619160604496,-0.6650967065377378,0.0539194852842507,-12.334997321126227,5.869087610162191e-35,3.18388889361221e-33
6477,Palb2,262.76095343578345,-0.859051547651611,0.0662719728097674,-12.9625165998529,1.995903140589408e-38,1.3565928427943886e-36
6480,Ern2,18.695816650002847,-2.147889732607469,0.2464271542015758,-8.716124404255016,2.8788697398618627e-18,5.68227080405729e-17
6484,Gm45847,207.30136297623312,-0.853538953874447,0.0659517673389908,-12.94186628066042,2.6120606279572187e-38,1.7616785733265136e-36
6498,Nfatc2ip,67.64094960096696,-0.7676492433570578,0.1131800157017156,-6.782551129699318,1.1807205389500086e-11,1.240964282453595e-10
6508,Sgf29,21.199326041686582,-1.0327911953131506,0.2155186091992222,-4.792120732175166,1.6502753941587543e-06,9.195218687452987e-06
6514,Gm9967,503.1309155489553,-0.920677295052782,0.0469756138613668,-19.59904766268429,1.5754474513959932e-85,5.003621105633675e-83
6516,Aldoa,700.5053953642257,-0.955307186093375,0.0523854968294985,-18.236100522300227,2.668286439743539e-74,6.473559379088908e-72
6522,Sez6l2,344.4757930218963,-0.7682127712405288,0.0568209414867965,-13.519888110601586,1.1935719470148454e-41,9.34946850693064e-40
6555,Zfp629,909.2481175068976,-0.5608865383896183,0.0356631147052837,-15.727357047322602,9.822636178503829e-56,1.3617603870325788e-53
6564,Stx1b,15.459148484476206,-0.8428927146937064,0.234948963109363,-3.587556648638455,0.0003337912281268,0.0012399505779687
6571,Prss36,11.618788564078134,-1.161374053740555,0.2848672279419773,-4.076895970557581,4.564089993156696e-05,0.0001996632206372
6581,Inpp5f,2778.961704162793,-0.5502211731377623,0.0271141753455434,-20.292749682619345,1.4902289795368973e-91,5.42319162803136e-89
6588,Nsmce4a,110.78584010708134,-0.530537059611999,0.0901863499864782,-5.882675811711451,4.036861553613419e-09,3.227272202220558e-08
6592,Htra1,1133.0345021038945,-0.8192161043950804,0.0475437579598641,-17.230781485271986,1.5602902226309836e-66,3.132775817117014e-64
6604,Zranb1,62.127928595487454,-0.9016289443988073,0.117195513976394,-7.693374206971923,1.4330459520569652e-14,1.9993967005216506e-13
6624,Lrrc27,349.1158288402674,-0.8124560827982321,0.0578848220075226,-14.035736046534716,9.421315816882093e-45,8.661660246805073e-43
6625,Pwwp2b,226.8724039540268,-0.587737276606236,0.0695445938382575,-8.45122883272794,2.8825265267432235e-17,5.185579131735389e-16
6629,Kndc1,17.495009535313788,-1.0856862129878542,0.2198377627096649,-4.938579248651184,7.869379759767492e-07,4.620582374575413e-06
6637,Fuom,473.5015724322422,-0.5707864477685186,0.0450804387854281,-12.661510472099046,9.662218626298668e-37,5.922092454883687e-35
6647,Ric8a,20.741367439100674,-1.439981610769616,0.263557163561714,-5.463640567798236,4.664675692577333e-08,3.220654347744698e-07
6650,Pgghg,297.1275584694016,-0.6489632506361785,0.0589404755837013,-11.01048548063692,3.401657386389217e-28,1.2535896883005665e-26
6651,Ifitm5,331.3563738418757,-0.9835493216354236,0.0555835840183873,-17.694960463687618,4.585520995940275e-70,9.650588043022256e-68
6653,Ifitm1,20.208154583773005,-0.9734320640792952,0.2130223732167076,-4.569623600470466,4.886009415693927e-06,2.519150309130505e-05
6673,Cracr2b,16.514324771555533,-1.0470255657575274,0.2261155576279352,-4.630488838279625,3.6480344899727535e-06,1.922288581322596e-05
6689,Tnnt3,273.74666918946144,-0.7607342433359382,0.0605392082293214,-12.565976093613411,3.248410654364803e-36,1.9300420853892646e-34
6697,Trpm5,623.1182326838676,-0.9896362939049724,0.0683286735185787,-14.48347001256928,1.5411619285576626e-47,1.602441462383646e-45
6716,LTO1,36.85098524322005,-0.5420735322705407,0.1684224629963762,-3.218534645715304,0.0012884740421282,0.004192821268237
6717,Ccnd1,91.40700945269786,-0.5026329312330478,0.0966124917855254,-5.202566686188633,1.9655479410154027e-07,1.254446161258935e-06
6747,Gm31135,1213.9397782202657,-0.6093494961268093,0.0342738789895196,-17.778830820787388,1.0310781091064102e-70,2.2798572670722494e-68
6755,Irs2,784.102660685623,-0.7361984449110048,0.0397932476522369,-18.50058711831781,2.0423697370752337e-76,5.3247932189895806e-74
6764,Sox1ot,38.197389343310725,-0.6365992020864052,0.1481406918050821,-4.297260896580788,1.729216255469367e-05,8.194777414687712e-05
6815,Plat,46.72387187064824,-0.5261438000606087,0.1400831420897895,-3.7559394528955137,0.0001726924439175,0.0006822170617131
6833,D830025C05Rik,39.68223450421147,-1.0154721817835914,0.1645409583858648,-6.17154653616523,6.76252204082125e-10,5.912299049502784e-09
6847,Rnf170,89.76352084952843,-0.8584672579405676,0.1006212317420236,-8.531671130219681,1.4424863282042492e-17,2.677720635608058e-16
6848,Gm45250,294.05074795311464,-0.7016518911650063,0.0623796439955796,-11.248090662632304,2.3665960700172528e-29,9.371678341400075e-28
6850,Gm39149,260.1241537569056,-0.7173702816548205,0.0632150307674648,-11.348096693864658,7.579461547057514e-30,3.129977170307344e-28
6856,Rab11fip1,97.64557837935956,-0.5981473056211349,0.0970846251287467,-6.161091983698908,7.224500884342187e-10,6.287871522057265e-09
6882,Ppp1r3b,1003.8040351990048,-0.5336480789701152,0.0448975347373639,-11.88591048688494,1.4010004095361938e-32,6.741783788919624e-31
6920,1700029J07Rik,30.05208097695389,-0.7881595847054559,0.2056658787849698,-3.832233082909692,0.0001269853417562,0.0005148978527851
6921,Ufsp2,170.43944207982662,-0.5558422471880803,0.0716590010056589,-7.756768017798417,8.712108013124529e-15,1.241297738770467e-13
6923,Lrp2bp,4298.166672534305,-0.5607542641713877,0.03250868863481,-17.24936586863537,1.1313423684328598e-66,2.2979405223006043e-64
6933,Rwdd4a,18.312441222102706,-0.7308235382643509,0.2319667681120145,-3.150552746035773,0.0016296182829633,0.005171906280306
6960,B230317F23Rik,100.59635290186672,-0.5137589257613145,0.0905437381001776,-5.674151924155056,1.393773993481691e-08,1.0303192601835879e-07
6961,Nek1,211.99740015255497,-0.6768457057596253,0.0683305583492295,-9.905461364743218,3.94146628522665e-23,1.0911177982621097e-21
6966,Ddx60,112.76874431712488,-0.6080131499606546,0.0874913804186598,-6.949406296382766,3.668266759735965e-12,4.0452830655977166e-11
6971,Msmo1,160.41218715228305,-0.5657030267556822,0.0754122228990273,-7.501476617565384,6.310288781401463e-14,8.22597943533737e-13
6979,Naf1,181.4757422755136,-0.8239240019750239,0.0777155532097977,-10.601790348848088,2.923295669650837e-26,9.726500715706824e-25
6986,Gm15716,118.16879086341196,-0.6688565504615761,0.0890872146840983,-7.507884861293837,6.00903189392105e-14,7.8567192457345e-13
7000,Cilp2,377.1833369895571,-0.5251637969729971,0.0490559509270837,-10.705404483007486,9.601044828562379e-27,3.2756064661196803e-25
7014,Sugp2,55.45963069042079,-0.9067343330051624,0.1250986609965793,-7.248153783436229,4.2249076712047933e-13,5.114392737394687e-12
7018,Upf1,28.79460759216336,-0.9629357432948622,0.1992922215775641,-4.831777857020324,1.3531919477606442e-06,7.642275119134476e-06
7036,Pde4c,234.41894659104415,-0.7300334321793892,0.0740504937056986,-9.858589668298304,6.292703144376281e-23,1.7256034305488988e-21
7136,D830024N08Rik,60.25867743746016,-0.7189490280098987,0.1206753837859869,-5.957710723215324,2.5579577573413303e-09,2.0948151010425862e-08
7151,Rfx1,304.0667157336904,-0.6240989308120757,0.0648998569095678,-9.616337547272284,6.82169037534491e-22,1.7421240859141062e-20
7223,Mmp2,91.8387661881401,-0.5901236876269093,0.0982330742300514,-6.007382872339945,1.885419186967474e-09,1.5630993050758347e-08
7234,Mt1,52.78180738554912,-0.702091582387768,0.1266370216417913,-5.544125827388156,2.954263428060661e-08,2.0969148135458606e-07
7252,Gm31224,65.66278422572645,-0.6055809721481221,0.1202023034442204,-5.038014703513068,4.703853161900652e-07,2.847086175747768e-06
7256,Usb1,37.83464705749331,-1.1301567906774064,0.1550878701784604,-7.287202986132502,3.164559417335958e-13,3.901095547073008e-12
7257,Mmp15,132.0228505102564,-0.5390446025244775,0.0915695608357851,-5.886722592141346,3.939290907392181e-09,3.1579409623830484e-08
7273,Cklf,385.8885864186756,-0.709858355017737,0.0652900015950277,-10.872389916924089,1.5605848071090966e-27,5.529471685716368e-26
7302,Gm38250,171.9200810173333,-0.7589797121757133,0.0783584336058536,-9.68599903353626,3.4581088776779e-22,9.042851178933763e-21
7362,Marveld3,117.39151433196535,-0.5176675995993375,0.0861990319202803,-6.005492034737621,1.907525299928214e-09,1.5799265973990537e-08
7377,9430091E24Rik,20.357837969418405,-1.11558230743843,0.2145379135493007,-5.199930814010036,1.993627213917914e-07,1.270046687553542e-06
7380,Mlkl,2155.683293887204,-0.6886144140315053,0.0410075470780417,-16.792382453917547,2.7747884591704097e-63,4.996907711833888e-61
7387,Chst5,79.12053781127936,-0.7220170922877097,0.1100749644148854,-6.5593216052865815,5.405311452904917e-11,5.349573963702156e-10
7391,Terf2ip,295.2600365680078,-0.6619625293993171,0.0587116347822982,-11.274810041550763,1.747553983535256e-29,7.001438757888497e-28
7394,Adamts18,42.56133278561254,-0.5611423274710746,0.1456699524301911,-3.8521487658203815,0.000117085851041,0.0004780868737691
7395,Nudt7,69.556544810701,-0.9290642213005011,0.1178481051648215,-7.883573690057374,3.1814840033026437e-15,4.733744682256437e-14
7449,Cyba,149.07889269270458,-0.5821029478777007,0.079234812115427,-7.346555539624546,2.0337973773162025e-13,2.5540167208453935e-12
7453,Piezo1,28.29566184161625,-0.5474591102571233,0.170354020844299,-3.213655348689965,0.0013105688100846,0.0042544166464519
7482,Rab4a,2749.206405486616,-0.8010251324207718,0.0364202070886767,-21.993975225632784,3.2887753156206536e-107,1.7408584004018662e-104
7483,2810455O05Rik,175.69519831519696,-0.5857241196433873,0.0811670773013589,-7.216277080776204,5.343013566017487e-13,6.4189656788991375e-12
7512,Pcnx2,142.43725795684125,-0.6593510625875729,0.0852822077406579,-7.7314023646368355,1.063682408125033e-14,1.499629080317036e-13
7528,Gm32856,26.4684599414154,-0.7929609116700947,0.1774329521304742,-4.4690735410128095,7.855911963301572e-06,3.948980436689262e-05
7533,Gria4,135.10856286214295,-0.5529114914779187,0.0800034305348878,-6.911097283969658,4.809190929083965e-12,5.2308186269762576e-11
7565,Taf1d,48.88308398210212,-0.5630699836324313,0.1306430300144215,-4.309988704106716,1.6326288521612566e-05,7.766547055978438e-05
7573,Zfp426,210.45142591792836,-0.5543803595961145,0.06512483485542,-8.512579891017959,1.7010548329802393e-17,3.1410175288053723e-16
7574,Zfp266,170.91482848363674,-0.5269169652440413,0.0735100799832755,-7.167955270405388,7.612616451902248e-13,8.99710312461627e-12
7576,Fbxl12os,101.1956383773214,-0.5642775903893482,0.0919804861059114,-6.1347532969069976,8.529144750452568e-10,7.3537561945165594e-09
7589,Icam4,286.0875502740143,-0.5154033044181443,0.0561266309571535,-9.182865524417412,4.197693869861616e-20,9.47355510578071e-19
7612,Timm29,135.88427890797257,-0.7228653705173675,0.0824648919154612,-8.765734771815529,1.855624077013547e-18,3.751625159406556e-17
7629,Gm16845,332.8092171419718,-0.5040573749120478,0.0527895501440721,-9.54843095908916,1.316753573429913e-21,3.304748767338178e-20
7633,Acp5,359.0035929628425,-0.6654702715867082,0.0530572829022903,-12.54248682150254,4.370614461032735e-36,2.58799638662101e-34
7653,Thyn1,1780.203798664225,-0.6552516654962915,0.0414243132249005,-15.818045357536873,2.3363398126008027e-56,3.3451790038123616e-54
7654,Vps26b,63.14285658389229,-0.5247853736778728,0.1166944575814462,-4.49708910392425,6.88901226392083e-06,3.48500626197999e-05
7663,Gm29724,11.994551388225869,-1.0855190330427087,0.2841695550451543,-3.8199694997946585,0.0001334681772807,0.0005386834844594
7688,Chek1,334.24553201975,-0.7506186102231159,0.0664817359278466,-11.2905988351112,1.4603827862904892e-29,5.864360117453395e-28
7693,Pknox2,29.84563325190712,-0.5907766384109912,0.1710334369360852,-3.454158724716285,0.0005520123827356,0.0019531197694198
7696,Robo4,11.743178149481782,-1.2735881509093068,0.2805981945561293,-4.538832307613246,5.656659729833423e-06,2.890887424246057e-05
7704,Olfr920,219.36591156908827,-0.7277348679451032,0.0814734882622158,-8.932167794300739,4.1774125968388173e-19,8.812927927727108e-18
7718,Mir100hg,26.231844579816386,-0.8776923490924176,0.2045044487939187,-4.2918007616395535,1.7722993965756226e-05,8.383028935657454e-05
7722,Tbcel,1838.7195979797716,-0.6123657336214133,0.0362385275472625,-16.89819578962644,4.638844877469625e-64,8.529614981014674e-62
7735,Gm10687,14.921618667204823,-0.93482572535419,0.250230186764369,-3.73586311644516,0.000187072415597,0.0007330150192125
7743,H2afx,79.24456120783488,-0.9759157177752822,0.1038933659026042,-9.393436330575366,5.8073983266195675e-21,1.3915450475910922e-19
7745,Vps11,92.73089680839144,-0.525346469473205,0.105094842434415,-4.998784500781284,5.76928360646633e-07,3.451296097183351e-06
7753,Cxcr5,207.43431469349056,-0.6446207462238899,0.0678505211017826,-9.500601259301954,2.0868186565634648e-21,5.163250466409434e-20
7789,Zw10,31.78875135735251,-0.7371764091710665,0.1742336537478404,-4.230964531329548,2.326913652829408e-05,0.0001075874210895
7792,Ncam1,45.62126515134183,-0.6378400832754479,0.1403330901447824,-4.545186617193314,5.488660312950532e-06,2.810786231211372e-05
7795,Plet1os,75.71397070616851,-0.504178367965653,0.1103809184051016,-4.567622513479202,4.932873647253078e-06,2.5409825747372867e-05
7797,Il18,72.13537580731928,-0.6189108286501726,0.1151196543990418,-5.376239460421136,7.605762415603623e-08,5.133595744813141e-07
7804,2310030G06Rik,55.25057137597791,-0.8238187075920046,0.1243004720728553,-6.627639411611775,3.410974438147567e-11,3.4440983517665723e-10
7814,Arhgap20,251.2809411462488,-0.5100385401249913,0.0631733215198274,-8.073638172799123,6.823388057145529e-16,1.07573052872038e-14
7832,Cib2,34.28795232025792,-0.6447839496652578,0.1643275431346393,-3.92377283421662,8.717293878872663e-05,0.0003643782949895
7841,Chrna5,131.84122245630286,-0.9449925404149492,0.0861392060990492,-10.970527628596043,5.296242676386284e-28,1.915419608097632e-26
7843,Fbxo22,149.15059040424973,-1.0025939817101717,0.0772912602473475,-12.971634548352162,1.7721056752451823e-38,1.2139271347130529e-36
7891,Adpgk,51.97898570448761,-0.6820860841792393,0.1432766726211589,-4.760622030794631,1.929971958231916e-06,1.060149376301733e-05
7903,Thsd4,84.52109727092606,-0.6648078667339878,0.1147436517614121,-5.7938531372204425,6.878961824193112e-09,5.3547996945189524e-08
7914,Fem1b,29.94268701727777,-0.7127770330256972,0.1752319861316316,-4.067619438441277,4.7495865579625376e-05,0.0002072072377484
7932,Megf11,101.6191024240694,-1.0178847159966022,0.0979569694523277,-10.391141352040009,2.720775425382537e-25,8.656922610306402e-24
7937,Hacd3,241.58690321232444,-0.6869868120886937,0.0614893071578786,-11.17245979573003,5.561894332322168e-29,2.139981722400961e-27
7949,Pif1,62.72204629957098,-0.9116649806045,0.1296732949301313,-7.030475944146476,2.058302107451864e-12,2.3331876192711982e-11
7951,Oaz2,383.85276847603416,-0.7005839381320231,0.0587599292160212,-11.92281793867452,9.001163611798641e-33,4.404266833918731e-31
7957,Snx1,28.564803153883044,-0.6285700844416244,0.1704472407693366,-3.687769198283812,0.0002262287051537,0.0008711999606759
7968,Rab8b,34.73454646697467,-0.7298450566035636,0.1541263750777733,-4.735367689243831,2.1865831611306995e-06,1.1928555483644928e-05
7977,Anxa2,47.33082242332131,-0.5106229793713285,0.1345017145577877,-3.796404983015609,0.0001468095951372,0.0005872383805489
7986,Aldh1a2,82.68930100212071,-0.7834194791609712,0.0999458496657551,-7.83843933270795,4.561805284677422e-15,6.707543325988655e-14
7987,Polr2m,29.49729271631931,-0.505003427008042,0.1670973460858802,-3.022210937739811,0.0025093561903834,0.0075653147969655
7996,Tex9,25.48802285172528,-0.5525140218082026,0.1841996935004102,-2.999538225653845,0.0027038919273124,0.0080862154059738
8004,Ccpg1os,503.2009865669423,-0.9061462021886556,0.0482497562059755,-18.78032706155794,1.0940411289549019e-78,3.082372651707134e-76
8030,Gfral,16.08782183730165,-0.938583772534593,0.2504552947199301,-3.7475102037038495,0.0001785985736329,0.0007026486225722
8038,Gsta4,269.16840952941214,-0.7721597799449185,0.0677903014796077,-11.390416668632096,4.667523680233328e-30,1.955211118616685e-28
8079,Snap91,26.66472434712058,-0.6168583423684546,0.1923261363792172,-3.207355765480413,0.0013396121682972,0.0043358060692637
8115,Rasa2,73.13888249248285,-0.6790214465353561,0.1113326018950741,-6.0990350982302814,1.0671063966862596e-09,9.05744146613974e-09
8155,Srprb,104.45002467962006,-0.6272578301532453,0.0899583348617036,-6.972759457114814,3.1078376124590057e-12,3.453416502190453e-11
8162,Tmem108,37.35859751030949,-0.5229275318313371,0.1558909706961068,-3.3544440033716243,0.0007952464687554,0.0027189988874965
8180,Ppm1m,236.7681281769929,-0.5122847517884391,0.0890676220555607,-5.7516383615684,8.838270326483674e-09,6.756538558556535e-08
8195,Rbm15b,42.56754327640338,-0.5648056132867504,0.1575637618020533,-3.584616201257706,0.0003375742457929,0.0012516975006393
8220,Camkv,136.54089484039108,-0.5226397249183082,0.0794413425720409,-6.578938723805625,4.7381797373685006e-11,4.710672945495331e-10
8227,Apeh,74.76122905707304,-0.7297589601556108,0.1040278472971686,-7.01503471537734,2.298918674564393e-12,2.5891367767434437e-11
8232,Tcta,104.40149247393867,-0.5681254439775087,0.0965254558180146,-5.885757691200449,3.962344795854538e-09,3.1735093486468167e-08
8234,Gm37401,1335.5198927907015,-0.775360350754453,0.0394212563637187,-19.66858548597792,4.008062486156761e-86,1.3209968963808737e-83
8288,Trank1,29.966402571675246,-0.946638161335283,0.1812155108512022,-5.223825250326263,1.75264191053982e-07,1.1267997384361272e-06
8296,Ccr4,19.41897008193497,-0.865249422576676,0.2077998144443445,-4.163860419656042,3.129114492049141e-05,0.0001410200514631
8307,Tgfbr2,30.665455103496605,-0.6014787586783539,0.1639960994176815,-3.6676406378815622,0.0002447989090233,0.0009344727584835
8359,Ano10,51.23785783031108,-0.6104404021613333,0.1319862041018235,-4.62503188356259,3.745407829119184e-06,1.9700326395379075e-05
8363,9530059O14Rik,260.3883673498902,-0.5843995215631771,0.0604170882983861,-9.672752163708417,3.936468888579383e-22,1.0232475974063194e-20
8430,Phactr2,100.26851208131924,-0.5758344802263741,0.0937207269372123,-6.144152942946666,8.039135445236553e-10,6.944986051305248e-09
8436,Adgrg6,36.79414553813357,-0.6448764432935142,0.1570423938716876,-4.106384444320264,4.0190037408092e-05,0.0001776865536432
8440,C330004P14Rik,66.1837810046989,-0.5207394803615214,0.1215883546848822,-4.282807195731122,1.8455007864491077e-05,8.703349821191417e-05
8442,Cited2,32.53679543421979,-0.5010698980333206,0.1658219393564919,-3.0217346388411035,0.0025133076876158,0.0075759203946977
8444,Heca,441.8948034113923,-0.5081304903334725,0.0481053196157364,-10.5628752577137,4.428843659882703e-26,1.4652091108111943e-24
8453,Tnfaip3,169.1552799980356,-0.761058492892367,0.0787760777331168,-9.661035618842751,4.413791507639972e-22,1.1439185468168404e-20
8477,Stx7,100.20267767992392,-0.7589096072148026,0.1038955274526391,-7.304545497021054,2.7820552369164284e-13,3.4465915516635574e-12
8478,Moxd1,16.402283315500426,-0.7631312644989615,0.2261859855296652,-3.373910468908665,0.0007410846690248,0.0025492845605604
8479,Gm15270,195.0311733127665,-0.573595971473254,0.0704926531764053,-8.136961025397218,4.0532312595556356e-16,6.501546707246818e-15
8503,Ncoa7,20.71640562590406,-0.657621855558238,0.2121834854810554,-3.0993074417045205,0.0019397362121773,0.0060387296657126
8512,Zup1,4260.411802393451,-0.5516275547538604,0.0268242529255165,-20.56450765975016,5.707620841030013e-94,2.373826686931245e-91
8515,Gm48045,46.223908692716485,-0.6006345026503915,0.1511018820943749,-3.97502992236224,7.037040807342778e-05,0.0002990100433535
8522,Gm47512,47.773948310352,-1.073818375513905,0.1374246961015357,-7.813867565117398,5.545936704040041e-15,8.066313267791126e-14
8541,Mettl24,1364.5559094006185,-0.5391223947948575,0.0397241841014335,-13.571641733867647,5.898588146451508e-42,4.770210080658099e-40
8595,Ccdc138,69.55889339337661,-0.843194305198989,0.1142144953521724,-7.382550722647402,1.552853424143811e-13,1.968450189618584e-12
8598,Sowahc,1006.1392961776946,-0.8252465305974309,0.0387687252237471,-21.286398400635047,1.5175182887567569e-100,7.363335963334176e-98
8613,Pcbd1,1329.9292392068303,-0.5102714454086904,0.035438123112153,-14.398941044191442,5.25423982553092e-47,5.3988859571984774e-45
8623,Aifm2,16.746893478489163,-0.7327033434739422,0.2198110945110261,-3.333331946250732,0.0008581249449402,0.0029140214887669
8630,Supv3l1,432.5410866035468,-0.7074815175803304,0.0523365010682349,-13.51793687273695,1.225650664036767e-41,9.557886517586715e-40
8666,4930533K18Rik,112.95926822093207,-0.5106880574931401,0.0942653352296965,-5.4175594480064735,6.041806394858322e-08,4.124199847807158e-07
8678,Rab36,212.66434244363128,-0.5291071070858303,0.0628764558753962,-8.415027528497703,3.928026565815158e-17,6.958901425117563e-16
8683,Snrpd3,41.061168673228174,-0.5407042040530639,0.1553184942727977,-3.481260918634608,0.0004990590880591,0.0017852885828828
8700,Pcnt,19.306439602592643,-1.065260318055069,0.2078564775720916,-5.124980132916959,2.9756912170375534e-07,1.8438940822707335e-06
8706,Pcbp3,54.87694947932389,-0.5983842633512177,0.1296689579128281,-4.614707120215235,3.936500342206742e-06,2.0593826887591308e-05
8722,Gatd3a,126.86282129871528,-0.5993375618013941,0.0900413878623937,-6.656245267091339,2.8091133679930345e-11,2.8628700298776156e-10
8723,Pwp2,35.24425246698217,-0.8038902258353517,0.1577461999281362,-5.096098835988292,3.467241574335405e-07,2.1281017505443027e-06
8743,Polrmt,66.54448717119766,-0.5790978042596877,0.1321577020232142,-4.38186950434388,1.176652810767142e-05,5.742881055736362e-05
8761,Polr2e,77.55473113593642,-0.9637332577315648,0.1081596161244203,-8.910287335181959,5.090047490080006e-19,1.0699512582035807e-17
8767,1600002K03Rik,172.49745509693375,-0.577087951902379,0.0775389052737347,-7.442559962190489,9.875260943600177e-14,1.277785616020799e-12
8786,Csnk1g2,130.60180407271423,-0.7755018564974652,0.0867773282244014,-8.936687408628893,4.01010719702089e-19,8.490733638492231e-18
8821,4930404N11Rik,920.2556413700806,-0.5755071247351747,0.0473435408166772,-12.15597977691703,5.331869367681449e-34,2.780211764616703e-32
8828,Tle5,33.54971966757308,-0.6055200084949953,0.1600952072062773,-3.782249444324733,0.0001554175009979,0.0006198248647103
8829,Tle2,110.62996975970285,-0.754757909793959,0.0892331260653333,-8.458270410042031,2.713722665636009e-17,4.8869389199309075e-16
8848,Nfyb,86.71601219826393,-0.5686716923644254,0.0996052880246433,-5.709252025090579,1.134737552626745e-08,8.485272075892115e-08
8859,Appl2,202.55457784785563,-0.870033618627419,0.0684843889376208,-12.704115961666703,5.60997936721011e-37,3.4873708037874095e-35
8890,Dram1,73.45162970025065,-0.5243736980646869,0.1073536426878816,-4.884544994800437,1.0366796818992854e-06,5.966629549725442e-06
8912,Cfap54,84.8444990964251,-0.8167546466012969,0.1075786539262873,-7.5921627273839585,3.14609562486933e-14,4.2079631221452886e-13
8924,Vezt,811.4412089889001,-0.5063128767843872,0.0418860283443737,-12.087870270765269,1.22419055881043e-33,6.234449178221746e-32
8931,Plxnc1,91.56557255370195,-0.6150843492999493,0.0942419053691994,-6.526654431383918,6.725497007990116e-11,6.566851969567991e-10
8944,Dcn,42.586736452582784,-1.2713038730659698,0.1410568212432264,-9.012707516454242,2.010308746079781e-19,4.362245115095853e-18
8962,Slc6a15,21.936688199696967,-0.6556695357994331,0.1996130285561497,-3.28470311052366,0.0010208988488804,0.0034091112774314
8965,Ccdc59,378.732754440673,-0.5289594700373155,0.0599189723733796,-8.827912914479787,1.0664704062521225e-18,2.1994220845822988e-17
8974,E2f7,92.73658579949162,-0.7361050722804158,0.1011992465425792,-7.27381969163873,3.494623727686393e-13,4.2777916801139386e-12
8977,Zdhhc17,50.52211920573352,-0.5849403284082941,0.1370652460461474,-4.267604993109304,1.9758278583479493e-05,9.265439202583082e-05
8980,Nap1l1,39.5965485020448,-0.9158955542268088,0.1532900562089077,-5.974918248960662,2.3020559419454013e-09,1.895019471908684e-08
8983,Gm20758,91.68478175108042,-0.6043913955125724,0.0979885967185972,-6.167976843757219,6.916927042850772e-10,6.035208870355508e-09
9004,Cnot2,132.6889087375398,-0.8596004834759196,0.0848667016895799,-10.128831053433789,4.1153970021809405e-24,1.2163748702892837e-22
9009,Cct2,821.9901856907378,-0.5191507366355586,0.0468583220343125,-11.079157641526391,1.5835535497498775e-28,5.923236275595474e-27
9027,Helb,67.50722440492032,-0.6944562259183327,0.1112099643471595,-6.244550387144063,4.250209049825516e-10,3.807315470889851e-09
9028,Irak3,189.9243382658244,-0.6168737801715106,0.0711984553048748,-8.664145556670167,4.5491186480990694e-18,8.76254774714515e-17
9041,Tbk1,61.22818324010085,-0.929714127968308,0.1510367357439194,-6.155549664054077,7.481754459754315e-10,6.495590800347335e-09
9050,Mon2,90.23443285469226,-0.8597267975199868,0.1090573502713197,-7.883254043685309,3.18963661412988e-15,4.741835946861339e-14
9058,Eef1akmt3,15.264246726026592,-0.8550782361806064,0.2397315223695642,-3.566816027065639,0.0003613449734245,0.0013293963765331
9066,Slc26a10,21.87538393078329,-1.028772129727494,0.2115573867497688,-4.862851378214135,1.1570672603317522e-06,6.600800425694007e-06
9074,Arhgap9,20.14259842369026,-0.6552007884468174,0.1993618322683366,-3.286490603501936,0.0010144415832943,0.0033881960950258
9092,Spryd4,33.71832230685531,-0.6072724293589489,0.162838996096982,-3.729281338711247,0.0001920266588521,0.0007507434370702
9098,Cnpy2,101.34799998145036,-0.5398934390027649,0.1072961931568275,-5.031804233852356,4.858852876366208e-07,2.931759656109324e-06
9116,Cdk2,392.8711729356429,-0.5631668148867869,0.0522849502034456,-10.771107416100657,4.712979082251509e-27,1.6302241308667201e-25
9141,Selenom,60.18673445323896,-0.8075277613136751,0.1237477359861736,-6.525596245283228,6.773154834257574e-11,6.609690985743647e-10
9152,Gal3st1,155.22814999162728,-0.5124096156127628,0.0770535244071798,-6.650047737011966,2.929979738407129e-11,2.9773639366198797e-10
9156,Rnf215,73.62457632720388,-0.51490855155463,0.1119844631360412,-4.598035630434802,4.264930687491018e-06,2.2205606333559792e-05
9159,Tbc1d10a,19.48868683732804,-0.6537916442342145,0.2133296399531263,-3.064701390664084,0.0021788742346928,0.0066737813662307
9174,Rasl10a,748.3965812460765,-0.8370507988643358,0.0426923981636262,-19.606553739524987,1.3593657882004902e-85,4.397296590423363e-83
9211,Upp1,244.74482443867785,-0.8354412096663892,0.0622264612313618,-13.42581906691057,4.2683876256327886e-41,3.213801510541101e-39
9233,C1d,42.47451766034448,-0.5037804151229026,0.1471374700751959,-3.4238757460315234,0.0006173484095708,0.002160657587334
9269,Papolg,37.46024333316211,-0.6410685188851946,0.1527147754449057,-4.197815941630808,2.6950152538563918e-05,0.0001231650712784
9273,Fancl,106.50939883615106,-0.6571868631417268,0.0899759792136801,-7.3040256842440305,2.792830304136647e-13,3.4574882886363534e-12
9330,Ccnjl,5354.5172875049975,-0.512366740581505,0.0343901285061564,-14.898657342608733,3.3626905988389084e-50,3.915965292034537e-48
9355,Flt4,41.51015264197473,-0.6811042052228429,0.1526320137168637,-4.462394150720625,8.104896735044882e-06,4.067116810335076e-05
9357,Gfpt2,48.12258913031845,-0.5275008976844294,0.1322432878683791,-3.9888670811742646,6.638960671519549e-05,0.0002835436797313
9370,Zfp354c,34.20236105720143,-0.5361665073751333,0.1624569622734065,-3.3003602915632086,0.0009656077682925,0.0032393386780361
9379,Phykpl,295.153265363714,-0.7576649341477895,0.0547816332892067,-13.830637910116245,1.6653706999669788e-43,1.4401334350011478e-41
9406,Rad50,85.69157458397376,-0.7306134930196854,0.1034468773524933,-7.06269257920791,1.6330675369671438e-12,1.868135149688413e-11
9408,Gm12216,29.826080080696745,-0.8102378829743594,0.1692089821152693,-4.788385775067221,1.6812821521175338e-06,9.356048624781485e-06
9423,Tnip1,60.77012932155763,-0.5350758279271949,0.1207968889129636,-4.429549740413651,9.443003249927294e-06,4.6820999366940096e-05
9428,Atox1,72.7541308518348,-0.7670212172059155,0.1102225696759373,-6.958839913286506,3.430860970899363e-12,3.7931281156982105e-11
9439,Larp1,49.90146447547683,-0.6801529129995973,0.1369838743835832,-4.965204233419683,6.862880942932681e-07,4.061002856068702e-06
9444,Irgm2,120.20130201908673,-0.6533751166686564,0.0847224822787742,-7.7119449182185775,1.2391461588143834e-14,1.7385867551943496e-13
9474,Flcn,26.162951970170973,-0.5575224934391545,0.1779740422109069,-3.132605668294403,0.001732620478228,0.0054601144711684
9502,B9d1,161.66516177370616,-0.7105362418390699,0.0812480267055315,-8.745273831871355,2.2247543517798827e-18,4.46689758814839e-17
9522,Lrrc75aos2,168.3840290665364,-0.6347803171085807,0.0781034312036852,-8.127431885202874,4.384808720883359e-16,7.0140877963727576e-15
9544,Tmem220,159.03033661907676,-0.5390898662385415,0.0783157814571082,-6.883540663305372,5.838292218875475e-12,6.279759142815073e-11
9624,Tm4sf5,70.15737069971348,-0.5650769629740777,0.1435119240792769,-3.937491372925399,8.233789118549122e-05,0.0003459724972989
9626,Pld2,65.79286730836468,-0.5338098863269785,0.1195170262586923,-4.46639196972285,7.954980294334179e-06,3.995330528505734e-05
9664,Emc6,132.3434189656755,-1.0853952984190236,0.0883451866086299,-12.285845331079958,1.079110927701558e-34,5.764498374645509e-33
9667,Shpk,172.11222962522623,-0.5129719514224579,0.0747393259393529,-6.863481105498706,6.720241700134447e-12,7.206211296374986e-11
9705,Abr,414.8022205948593,-0.5905880754721814,0.0477163980718396,-12.37704645231224,3.4791195536266005e-35,1.9293098527856974e-33
9715,Abhd15,22.13301125272096,-1.1591847868198115,0.2024047109216531,-5.727064264173717,1.021834680639396e-08,7.716994466670546e-08
9723,Dhrs13,235.0237304496233,-0.650286001186256,0.0635945598982414,-10.225497310254012,1.5244347163370043e-24,4.655389095275314e-23
9737,Spag5,206.1475902646501,-0.6294878282140254,0.0684244398450869,-9.199751282424632,3.587792330643803e-20,8.149747260297264e-19
9749,Lyrm9,31.69411242219464,-0.5516238347722179,0.1709006614913744,-3.227745463115477,0.0012476994230277,0.0040737969198968
9754,Omg,65.18793433923926,-0.557344453835628,0.1194393608411823,-4.666338214725756,3.066148559987617e-06,1.6354040624691206e-05
9782,Unc45b,115.99895546038294,-0.6343293007566784,0.0874612379055229,-7.252690631270174,4.085725946516911e-13,4.959656763985921e-12
9831,Trim37,139.04644841880508,-0.5741435552879871,0.0804828922079929,-7.1337341332642605,9.768192704089661e-13,1.1421070291501887e-11
9836,Mtmr4,98.0296486918056,-0.8106310231386661,0.1009616538676217,-8.029098098982653,9.819182167970187e-16,1.5259917625454025e-14
9851,C030037D09Rik,56.095810587414185,-0.578905938553388,0.1244797288355473,-4.650604110153488,3.309641163471864e-06,1.7577625978572974e-05
9881,Cacna1g,22.60125278762141,-0.7479274389227322,0.2138845297171004,-3.4968748787581623,0.0004707425669698,0.0016937036374521
9883,Rsad1,31.318338704743717,-0.745407351278284,0.1630441594003767,-4.571812655047866,4.835231535727022e-06,2.496511135206028e-05
9904,Phb,1393.1714258045083,-0.6469508585469574,0.0400005622140203,-16.1735441388421,7.750832782219574e-59,1.157192709741979e-56
9906,Zfp652,129.97390909104098,-0.8488507394566412,0.0924462991129084,-9.182095417577568,4.2278296370581944e-20,9.529255238726778e-19
10006,Cnp,31.549384369906296,-0.7348307632280228,0.1604909043334153,-4.578644293145938,4.679992723508662e-06,2.419358179764703e-05
10012,Ghdc,350.0267101033093,-0.6657371101869468,0.0737941713488072,-9.021540563687182,1.8546254864240329e-19,4.0344455786868e-18
10022,Psmc3ip,96.56183612289472,-0.5454491884119762,0.0982600517479878,-5.551077764653692,2.839137463686629e-08,2.0201243672373946e-07
10032,Becn1,46.41755458376254,-0.8166628436771678,0.1450138948271411,-5.631617884966423,1.7852688283128436e-08,1.2993781622070317e-07
10044,Nbr1,233.2259344052552,-0.5128870313318206,0.067054231106808,-7.648839198750382,2.0280164782975856e-14,2.778462105325665e-13
10056,G6pc3,33.66313473246953,-0.5406509107956162,0.1568528859692868,-3.446866198569533,0.0005671293833157,0.0020025502461613
10057,Hdac5,44.43713282546775,-0.5920922706497034,0.137594359770438,-4.303172540193857,1.6836962654664122e-05,7.989895779724881e-05
10062,Ubtf,40.70656409368282,-0.5899411118218526,0.1435486389949926,-4.109694915619723,3.961821869012475e-05,0.000175513833142
10095,Nsf,41.358706191685584,-0.6642402508245522,0.1490575132014847,-4.456268164937667,8.339869881153126e-06,4.1718455636879385e-05
10197,Galk1,104.9207081263693,-0.900523696548162,0.0921613538070295,-9.771163935305331,1.4972198483858794e-22,3.998996377921184e-21
10198,H3f3b,48.336876892250736,-0.9211184448293184,0.1661187870309015,-5.544938422033934,2.940576392379483e-08,2.088048309840846e-07
10207,Evpl,74.26552672651583,-0.632392898736235,0.1074367216958182,-5.886189458821225,3.95201260308646e-09,3.1666860619593705e-08
10214,Gm11739,250.2783056839258,-0.6450417176012607,0.0622453518114603,-10.362889739222233,3.657421903942007e-25,1.1552955844133631e-23
10217,Rhbdf2,18.066814732620617,-0.7163355812241844,0.2181362768523352,-3.2838901972692023,0.0010238480403869,0.003416347195698
10220,St6galnac2,147.6129739141348,-0.5967783726280508,0.0756907875308101,-7.884425464395263,3.159859467748253e-15,4.70557759442681e-14
10249,Ccdc40,26.51758046349165,-0.6756788074375382,0.1786029547016905,-3.7831334233304417,0.0001548663435977,0.0006180501005176
10267,2810410L24Rik,36.0859499365072,-0.7395325817836016,0.1522298625069571,-4.857999406981032,1.185777646954497e-06,6.757965395432677e-06
10273,Faap100,28.57895736538498,-0.6817833306111258,0.1918153308569551,-3.5543735089639985,0.0003788807152849,0.0013863192992453
10277,Hgs,192.43384372219495,-0.6872251917265922,0.0675182816830703,-10.178357247780914,2.4770765573136783e-24,7.473156010907658e-23
10325,Adcy3,55.80563817723982,-0.8995330165616293,0.1288156112884218,-6.98310560004679,2.887252181323469e-12,3.2205952173281194e-11
10336,Sf3b6,69.5923523358995,-0.6316789091192274,0.1139940472032508,-5.541332417059873,3.0017876341382294e-08,2.124603986755534e-07
10343,Gm32828,11.07544933528169,-0.9476888694342512,0.2966490188764297,-3.1946469030090223,0.001400020133054,0.0045112620705015
10359,Fam49a,441.68861764131583,-0.6879600277150529,0.0502256744464503,-13.697377592182317,1.0525764822557533e-42,8.797323441169136e-41
10370,Pdia6,99.5141744750382,-0.6063919972487933,0.0969298405396571,-6.2559888046106815,3.9500508350929945e-10,3.5511831182400636e-09
10372,Odc1,126.3055191487498,-0.5338389917354817,0.0862300891965643,-6.190866746276674,5.983427721638416e-10,5.2760482302665254e-09
10377,Gm5784,26.5787127321463,-0.8174783933936288,0.1783646825563631,-4.583185312682662,4.579458548972094e-06,2.37159744836776e-05
10394,9030624G23Rik,162.96855776008584,-0.6153716444795543,0.0737878034147481,-8.339747437942547,7.444937421365054e-17,1.2888817331655578e-15
10395,Taf1b,37.44309824700348,-0.7282413512798939,0.1556891981782238,-4.677532929717102,2.9034695897703167e-06,1.5567159850861845e-05
10399,2900060N12Rik,43.31072816328907,-0.7415021035881215,0.1394716925114126,-5.316506096944701,1.0577867980917602e-07,6.985791980743617e-07
10422,Lamb1,959.9468396549812,-0.5851363978252911,0.0360410718451118,-16.235266263443602,2.8401290017676284e-59,4.3518748599014854e-57
10436,Atxn7l1os2,37.745879930970816,-0.6756603297394029,0.1485557783148396,-4.5481928566080505,5.410853984912267e-06,2.7733802056469333e-05
10454,Gm7008,28.46286789401,-0.5788987677286558,0.174285400244882,-3.3215562916645127,0.0008951692327705,0.0030280434078304
10470,Prkd1,194.95416480553237,-0.8084493340982273,0.0692116290294248,-11.680830886880596,1.5972651022460402e-31,7.20956765013794e-30
10506,Mipol1,130.31592612747968,-0.515920645323298,0.0817547895795891,-6.310586180654817,2.7798056558684405e-10,2.535647268757698e-09
10509,Gm17529,11.255662215893958,-0.9144653890056308,0.282952070386251,-3.2318738214472726,0.0012298134765585,0.004020659144399
10514,Mia2,27.27528078847158,-0.5310648743155788,0.1770835890164504,-2.998950254313203,0.0027091153556882,0.0080990633293107
10519,Togaram1,87.05472492949575,-0.5716253435864608,0.1072468943871609,-5.329994372824403,9.821580980856805e-08,6.52332230317896e-07
10524,Rpl10l,56.38673589955646,-0.7467942174437596,0.1290919340279699,-5.784979697352386,7.252108832746017e-09,5.6227180244299796e-08
10526,Rps29,23.593595493525687,-0.8893306230111218,0.1991942782977804,-4.464639399338768,8.020371642990982e-06,4.025857812062255e-05
10538,Arf6,565.1909478350062,-0.5422350402618581,0.0473217363028059,-11.458477279704256,2.1323066652079677e-30,9.219587333626923e-29
10543,Cdkl1,35.696722005670004,-0.5946372722350745,0.1583724512856369,-3.7546761915214666,0.0001735657170956,0.000685162925701
10555,3110056K07Rik,107.14926485546718,-1.0624124022079475,0.0921186562965147,-11.53308618384768,8.986346032281107e-31,3.9740124681490216e-29
10564,L3hypdh,18.57545827858169,-1.2497484662840506,0.244716118326096,-5.106931553313951,3.274322855842742e-07,2.0189153422471238e-06
10565,Ccdc175,255.1822689227842,-0.6579554106413974,0.0612902172401422,-10.735080413623775,6.965829846431299e-27,2.385865014852195e-25
10573,Mnat1,26.56372484971439,-1.153692913784278,0.1989559711619717,-5.7987348007014425,6.681710040443579e-09,5.2105406690387696e-08
10585,Rhoj,140.77949908578577,-0.5690303398455279,0.0805849744528473,-7.061246140600119,1.6501599179239344e-12,1.8864524506737752e-11
10586,Ppp2r5e,18.961932509582148,-0.666938063324445,0.2189164639059799,-3.046541367536802,0.0023149062302236,0.0070447355452172
10630,Galnt16,47.3065750594976,-0.5233802438175625,0.1341956634943488,-3.900127844590171,9.61419066413914e-05,0.0003982468165074
10635,Gm20337,117.71730115234848,-0.6804395333157957,0.0960471231772147,-7.084434294407022,1.3961343294453965e-12,1.6118753778421798e-11
10638,Smoc1,195.02973268916568,-0.5592303919881322,0.0713664588343199,-7.836039522241226,4.649795743096443e-15,6.831171744357332e-14
10642,Synj2bp,105.41400504237475,-0.578164780350371,0.098920827721386,-5.844722427705443,5.074136323699247e-09,4.0124496741683325e-08
10650,Sipa1l1,365.04275779138027,-0.8949743971792352,0.0615539291917959,-14.539679414949848,6.79099385752237e-48,7.103298245700643e-46
10659,Gm46367,541.6529596084576,-0.505360375732929,0.0538779317509755,-9.379728569921925,6.614278028572426e-21,1.5805500492900565e-19
10671,Bbof1,40.72203915930367,-1.0341517110830545,0.1510978012790007,-6.84425386954177,7.687548662996742e-12,8.203182653954005e-11
10717,Sptlc2,52.34637398267203,-0.6339382522284338,0.1303935778602549,-4.861729102240269,1.1636479920748525e-06,6.636174706354397e-06
10754,Gm36756,85.38480136746928,-0.6372874956322216,0.1081133221734528,-5.894625036216927,3.755331473263173e-09,3.018781876436314e-08
10782,Syne3,123.91691773916364,-0.5279406590220096,0.0867299751663579,-6.087176411723388,1.149193253931163e-09,9.721117559162011e-09
10783,Snhg10,240.2409855616821,-0.5323058735354198,0.0607000636762858,-8.769445059797844,1.7954899888967085e-18,3.638470896293237e-17
10798,Evl,86.0519920723059,-0.6158838162085529,0.1032530264226196,-5.96480159029635,2.449314789242132e-09,2.0067838057449142e-08
10851,Siva1,46.6179535881464,-0.7335854852601408,0.1418537975872387,-5.171419431397264,2.323224387552588e-07,1.4640001299339324e-06
10855,Clba1,79.66678428566956,-0.6383916405789672,0.1138278836384799,-5.608394184034151,2.0421249327152177e-08,1.4752621308796286e-07
10857,Jag2,19.29722215689008,-0.9403202444227512,0.2170572996459455,-4.3321291011938365,1.476743025513945e-05,7.080907814899146e-05
10885,Akr1c19,109.05982910391776,-0.6979993815313473,0.0987837217926519,-7.065935245854124,1.5953780312747505e-12,1.827413996741465e-11
10899,Gm47802,191.09986895343096,-0.5456121370900121,0.0789469796221974,-6.91112110559582,4.808383295521696e-12,5.2308186269762576e-11
10905,Lgals8,163.18782362939564,-0.5638362971755096,0.0736506175463726,-7.655554236466532,1.9248029194538304e-14,2.639125384381437e-13
10906,Ero1lb,486.69454808706143,-0.5620126512949756,0.0450971329338484,-12.462270098619664,1.1990803579932344e-35,6.9818452311419414e-34
10931,Gm47661,42.90451611338164,-0.5358241430924895,0.1407435029920223,-3.807096822955026,0.0001406077064722,0.0005647586609927
10971,Zfp322a,17.670112199614454,-1.1474755583815588,0.2482793768383443,-4.621711126368279,3.805877344401753e-06,1.9976281686301027e-05
11011,Gm11361,63.14421241148336,-0.8255690876147448,0.1232365262585683,-6.699061655491485,2.0976208388312116e-11,2.15790581935828e-10
11015,A330102I10Rik,276.6711251739822,-0.5084696577967907,0.0592975811422808,-8.574880256527662,9.918993998195153e-18,1.8570738173684126e-16
11053,Dsp,3087.467275262506,-0.5046901130873543,0.037007940736748,-13.637346554281764,2.4014035135153468e-42,1.9786658761361356e-40
11091,Kif13a,255.08185405750828,-0.8437444376135939,0.0596305845315698,-14.149524849398304,1.8802338592914054e-45,1.794750002956408e-43
11096,1700026N04Rik,79.65216717947622,-0.5607319838497865,0.1028746121975441,-5.450635213798379,5.01902258279032e-08,3.4557464121474693e-07
11124,Gadd45g,11.974494650009811,-1.2509339177485963,0.285212656427784,-4.385969169167405,1.1547047735403842e-05,5.643643812032297e-05
11142,Uimc1,170.16166172465162,-0.766744858331869,0.07715037094935,-9.9383171966243,2.835770050724557e-23,7.951080456830909e-22
11151,Prr7,40.90759101674305,-0.800920242355902,0.1575603644046559,-5.083259647070445,3.710119775456791e-07,2.2692007086022136e-06
11161,Txndc15,46.81168685892406,-0.5047602056197453,0.1522975623967473,-3.31430259077164,0.0009187202681986,0.0030999045093478
11163,Gm47071,106.78541212914074,-0.5565047579492733,0.0890375372208453,-6.250226312627444,4.098583550662687e-10,3.679036868601018e-09
11206,Ercc6l2,34.304546847996896,-1.424767788502811,0.1788280663172249,-7.9672493129540465,1.6224513735159437e-15,2.4751948115787342e-14
11207,Slc35d2,103.36264304232272,-0.7732017757727659,0.0892316715818346,-8.66510468834667,4.5109829044319e-18,8.71657625825403e-17
11211,1810034E14Rik,22.82368002882693,-0.5880589484270687,0.1962700274606586,-2.996172956387558,0.0027339132114861,0.0081662099825991
11217,Mfsd14b,201.98486529532235,-0.6702442958659425,0.0798291664623713,-8.395982641029725,4.6201390278419465e-17,8.143752627481648e-16
11238,Zfp429,330.8246465940897,-0.5531513723016869,0.0602702082911026,-9.17785731932414,4.3975418958327765e-20,9.89900281396997e-19
11255,Gm10037,11.76882012595584,-1.010796911260479,0.2824229939530227,-3.5790177602486994,0.000344888032088,0.0012755672548198
11275,Brd9,56.22422073269636,-1.0453143275024104,0.1340574728615731,-7.797508823561031,6.314122390666107e-15,9.115296687616161e-14
11278,Pdcd6,68.98385224563695,-1.0656391530485652,0.1149991703421578,-9.266494270158312,1.9236465052304624e-20,4.468385259756079e-19
11304,Gm38604,198.2404372184488,-0.9716864052582505,0.068508684908323,-14.183404725379582,1.1607540035688526e-45,1.1140687326560832e-43
11312,Cetn3,173.84546010528177,-0.5492809613281847,0.0765372866319726,-7.17664533849216,7.144269901376712e-13,8.455020774881327e-12
11350,Wdr41,11.659241447520296,-0.9694204610782392,0.2728297824708997,-3.553206150364609,0.0003805661054671,0.0013916116245134
11353,Gm48730,820.3713790213982,-0.689851454901558,0.0469560942451769,-14.691414735211175,7.317002990729634e-49,7.938721008823929e-47
11358,Sv2c,62.261017962131234,-0.8989658432820146,0.121717270886196,-7.385688462589134,1.516665390150243e-13,1.923973205166626e-12
11366,Nsa2,206.816191442585,-0.538443171657532,0.0659543594624275,-8.163875383616892,3.244436195921334e-16,5.2632948090103135e-15
11371,Ankra2,34.911887327741454,-0.9395648436271388,0.1642054148393876,-5.721887092128749,1.0534731240959706e-08,7.925094113569515e-08
11390,Ccdc125,45.11106964412645,-0.7510948190527844,0.1405592202583044,-5.34361828183526,9.110932935707325e-08,6.069785527114247e-07
11415,3830408C21Rik,149.38445930557782,-0.7935024028089012,0.0871798768886349,-9.1018986390923,8.876625866910595e-20,1.96523321474264e-18
11436,Gpx8,113.27784354610878,-0.5285265895744297,0.0866434712007832,-6.100016334175358,1.060576268183386e-09,9.010771523651452e-09
11452,Mrps30,72.51464507807042,-0.6702460973454955,0.1086810158379743,-6.167094521316609,6.955618346782432e-10,6.062911241596584e-09
11453,Fgf10,130.1001188616376,-0.8431148533166763,0.0875842162100215,-9.626333257295345,6.189891935708004e-22,1.587739094463251e-20
11468,Gm3173,34.89817592435288,-0.8197195537827535,0.1552060529590697,-5.281492172208814,1.2813595839175653e-07,8.367397836213844e-07
11489,Ptprg,56.53125254649965,-0.6619983080276606,0.1512489260405081,-4.376879395826991,1.203905449294781e-05,5.869333069573328e-05
11496,Thoc7,277.25611479171766,-1.6637477499917688,0.1204991913704647,-13.80712792401,2.3085356653458093e-43,1.9802956911630262e-41
11515,Gm2237,1481.0923052539658,-0.6563187871184999,0.033197643768827,-19.770041262229277,5.393183944027166e-87,1.8472183751816968e-84
11530,1810062O18Rik,11.17152317058853,-0.9535853411174864,0.2959333478376665,-3.222297683195114,0.0012716693894878,0.0041450869370357
11537,Chchd1,91.42935942273218,-0.6084821312411404,0.1017993750170255,-5.97726784805284,2.269109504942652e-09,1.868779105720804e-08
11561,Zcchc24,46.64273105342266,-0.8900343976390067,0.1436313423312512,-6.196658634480739,5.767439900803455e-10,5.0984635722284806e-09
11567,Slmap,36.58928630019738,-0.8624084347403259,0.1517167247338869,-5.684333327475933,1.3132392385500598e-08,9.740833553712293e-08
11579,Ccdc66,35.157675720684345,-1.0532595078355986,0.1629651451211584,-6.463096799334235,1.0258162414185571e-10,9.861837151953415e-10
11591,1700087M22Rik,120.73367795489722,-0.6053158790186093,0.0981099543831665,-6.16977026260312,6.838928678734922e-10,5.973120308007082e-09
11595,Gnl3,24.09796648940142,-0.6271188063102526,0.2137819976922454,-2.9334500242299884,0.0033521761624789,0.0098280988932834
11596,Pbrm1,32.679151400446955,-0.504520132963119,0.1647387855148168,-3.062546147748198,0.0021946263346804,0.0067126129949567
11625,Glud1,168.72860410748686,-0.7312938673987974,0.0734956238855304,-9.950168850022806,2.517556931526632e-23,7.070206508023664e-22
11635,Ghitm,57.02550494897106,-0.7540211136376552,0.1334813161845398,-5.648888812238039,1.6148825686887917e-08,1.1827575978975185e-07
11639,Prxl2a,52.09604676339528,-0.6793976324609776,0.1305685074848,-5.203380551317621,1.956955548992617e-07,1.2498756683657415e-06
11664,Wdhd1,219.61042418595693,-0.5392580918911375,0.0636418809302667,-8.473321089959772,2.3849401545455056e-17,4.326078361329272e-16
11667,Gm49189,152.48760107241233,-0.5499371740502753,0.081547942590252,-6.743728371094586,1.5437302413580235e-11,1.6041570408115379e-10
11677,Slc35f4,29.87339714656281,-0.6593872866822686,0.1684254516469841,-3.915009757933315,9.040055170621372e-05,0.0003759801993343
11681,Parp2,629.0750536158146,-0.5519189943237743,0.0433462776603305,-12.732788698690886,3.887035679205766e-37,2.4512180232623216e-35
11684,Osgep,175.22001255976042,-0.6020015883781026,0.0703382676650308,-8.558663844907176,1.1418311789235389e-17,2.1241221547855567e-16
11686,Pnp,29.806806557953117,-0.7894595619517435,0.1755099341796026,-4.4980904678812905,6.856652166741542e-06,3.47064619091977e-05
11699,Chd8,83.36765598270381,-0.7211474337630128,0.1043281119425155,-6.912302162243314,4.76850775452918e-12,5.1930357516281614e-11
11712,Psmb5,29.26361863688568,-0.9196592874109092,0.1755079919990614,-5.239985239052973,1.6058944207870058e-07,1.0374172981622569e-06
11721,Bcl2l2,65.485692208431,-0.5593967824725833,0.1167714962087278,-4.790525090752175,1.663454197285536e-06,9.262740809111809e-06
11740,Ipo4,40.35387533105119,-0.6810027939887767,0.1461365567918394,-4.660044063846489,3.1614169835454886e-06,1.68467455364773e-05
11747,Gm49067,56.618811413805545,-0.5683151517185268,0.1229348231597408,-4.622898029308271,3.7841576822835503e-06,1.9886181225670595e-05
11770,Ift88,40.82983556593518,-0.5552757226432102,0.1548843753127313,-3.585098377560923,0.0003369511670089,0.001250183301893
11789,Tnfrsf19,133.22177766604025,-0.6107224906569583,0.0858767342862405,-7.111617549653493,1.1469071555969193e-12,1.3365026146742486e-11
11802,Fam124a,378.4654193026328,-0.5158169129007306,0.0601677500084707,-8.5729799240974,1.0084108877438074e-17,1.8859658872707523e-16
11848,Nefl,32.88404782538964,-0.7468296727164488,0.1760371837945859,-4.24245410326439,2.2108876583128227e-05,0.0001027668590085
11850,Loxl2,45.57020426895106,-0.5490633430036386,0.134519182567162,-4.081673204708222,4.471263752907988e-05,0.0001960934854024
11879,Med4,21.140953782201105,-0.8069565889587885,0.2059017658691163,-3.9191338916041127,8.88677392883132e-05,0.000370310512855
11884,Lrch1,241.00467708717665,-0.8328042417486551,0.0646898232618738,-12.87380610667836,6.320891864467605e-38,4.104585096227513e-36
11901,Enox1,37.97907062762122,-0.5240588265721846,0.1537946399302427,-3.4075233493825543,0.0006555529948146,0.0022814050163724
11912,Kbtbd7,54.08941783642773,-0.6579199663821972,0.1404590018595503,-4.684071207056372,2.812322353935654e-06,1.5092364632426424e-05
11934,Commd6,40.14909831396793,-0.6901817463963796,0.1725605312433678,-3.999650102044443,6.343620307826454e-05,0.0002719272626677
11947,Rbm26,185.4312150830201,-0.6437475586628612,0.0670137837275276,-9.60619626076158,7.527864148710677e-22,1.9168619671964735e-20
11957,Gm4675,16.595371873650972,-0.8288611214917049,0.2442135772866711,-3.394000983486445,0.0006887944521212,0.002383963045305
11965,Hs6st3,138.7681845214466,-0.8130305005741839,0.0925167083620368,-8.787931552781025,1.523387341430558e-18,3.112342699427951e-17
11993,Plcxd3,31.041095234092285,-0.7039287934386208,0.1623829774084254,-4.334991294488337,1.457658908785344e-05,6.995160939192964e-05
12018,Dnajc21,86.66628515471116,-0.6097336966392544,0.1024805189939877,-5.949752232178156,2.685486981761783e-09,2.191036272648988e-08
12041,Gm2824,45.23161993484805,-0.8952690738644125,0.148888910623384,-6.013000364607437,1.821206271407052e-09,1.5134553353443568e-08
12073,Gm48960,49.24728951236269,-0.6430997562486429,0.133934979301235,-4.801581779485988,1.57417195981103e-06,8.799243454073302e-06
12079,Gm41293,21.780967647787943,-0.672790236735649,0.2193912899211275,-3.0666223667198502,0.0021649217548407,0.0066391947355265
12089,Gm16137,11.533298772640782,-0.9482406382239476,0.305902508388904,-3.09981321571387,0.0019364271607478,0.0060295026103285
12090,Ncald,99.72867300803124,-0.6644146692323709,0.0995779820066029,-6.672305020082794,2.5181649811860616e-11,2.5768779081053375e-10
12129,Taf2,55.15404011051067,-0.5177249668627033,0.1279498323292363,-4.046312194692921,5.203083169758053e-05,0.0002262570495626
12157,Lratd2,76.38009752065521,-0.5033783798835543,0.1139171099877812,-4.418812766032658,9.924457818615224e-06,4.90966947537725e-05
12165,Phf20l1,142.58761126676143,-1.436447824414377,0.0837501204416679,-17.151591148037376,6.115481365298458e-66,1.1869469832114828e-63
12168,St3gal1,69.31717233860219,-0.771282674242878,0.111068760169322,-6.944190905409166,3.8063548722961536e-12,4.192270296927441e-11
12196,Pycrl,81.45487936632976,-0.6837419642477885,0.1071770046754464,-6.37955843530333,1.775993100595695e-10,1.6527995461484072e-09
12204,Scrib,51.04637009857088,-0.731654831065834,0.1405453862192064,-5.205826037751844,1.9313551707628602e-07,1.2353318243458674e-06
12224,Cpsf1,25.24611066191804,-0.6522564041447468,0.1893411076347878,-3.444874767516714,0.0005713240233692,0.0020153247254067
12243,1700109K24Rik,98.71952151052788,-1.3551470899688869,0.1049315144917929,-12.914586209225808,3.724408136379944e-38,2.4736867424442912e-36
12255,Cdc42ep1,67.11099066546464,-0.9495545467024088,0.1225573118662974,-7.747840844765877,9.346818553356375e-15,1.3263219048743234e-13
12261,Triobp,58.98149299406323,-0.5491634475368596,0.11899017283545,-4.61520001568777,3.927169147628285e-06,2.055116556943406e-05
12293,Rpl3,83.59048418707997,-0.526243279170699,0.0989873436406207,-5.316268320940659,1.0591692956343041e-07,6.992278630438406e-07
12294,Syngr1,665.9587673506264,-0.7983703947847767,0.0437286736318213,-18.25736589924379,1.8080597099856536e-74,4.44833619915907e-72
12299,Rps19bp1,189.0467953328492,-0.6075629271691954,0.0705521242739745,-8.611546901264806,7.208123814235669e-18,1.3626786448816955e-16
12333,Tcf20,14.940345418320984,-0.9091250284079097,0.2385833895680756,-3.810512668353663,0.0001386789051862,0.0005575243074324
12339,Gm49463,22.75565316449861,-0.9426117950102944,0.1947596901867755,-4.839871095021382,1.2992337293104734e-06,7.354184959039323e-06
12346,Mcat,23.16908114731627,-0.9705876199302298,0.1902242405256588,-5.1023340518965545,3.3548988952459695e-07,2.064225921174941e-06
12365,Cdpf1,34.77808460783611,-0.6268786863592324,0.1705401115199978,-3.675843065727816,0.0002370652276643,0.0009085246592453
12372,Tafa5,335.53107781327327,-0.5994917291519299,0.0533261670902211,-11.24198047344497,2.536276485792122e-29,1.0000830170161804e-27
12378,Panx2,17.77352109003691,-0.6442163400179434,0.2180734773377978,-2.954125131962042,0.0031355683820834,0.0092520453544313
12390,Mapk8ip2,42.7673671998486,-0.6335318766295855,0.1398828209270502,-4.529018448662658,5.9258325376937656e-06,3.016096817262083e-05
12452,Tuba1b,54.78772359002367,-0.5502878549165937,0.128532298176808,-4.281319658344721,1.857882542536494e-05,8.754651268688286e-05
12475,Cox14,39.51577685240726,-0.684126110173672,0.1595223833867433,-4.288590075256639,1.7981087758843188e-05,8.495905895901346e-05
12499,Galnt6,154.23669791237015,-0.577551624719729,0.0933387629176361,-6.187693158408061,6.105101660753282e-10,5.375197369457577e-09
12526,Pcbp2,334.6445432904307,-0.6654437937576382,0.0523280590160287,-12.716768140660536,4.771920266951339e-37,2.9876667821901786e-35
12548,Naa60,21.586436536674075,-0.8403414858670443,0.1998362241358363,-4.205150940481301,2.609079742682237e-05,0.0001195577254595
12563,Hmox2,756.5968761080734,-0.5871912201151712,0.0423712824024092,-13.858235739444671,1.1342801156283162e-43,9.906802529897716e-42
12582,Abat,37.24332419301823,-0.9105740238143516,0.1594225220375876,-5.711702538488647,1.1185147234252017e-08,8.378308399996322e-08
12585,Usp7,32.7831680437893,-0.7065819491768075,0.1618013205260325,-4.366972697624703,1.2598046800170446e-05,6.119651877235187e-05
12611,Gm15738,181.26518324202104,-0.5253575616023879,0.0718037805727373,-7.316572434096277,2.543847387409693e-13,3.167207851979509e-12
12616,Pla2g10os,1435.8509948150484,-1.00689743638474,0.0391114065341,-25.74434226769258,3.72972600637469e-146,4.653632419953792e-143
12660,Lztr1,260.6232832419153,-0.6142632243355991,0.0665403566425072,-9.231438713738362,2.6702087447372792e-20,6.137263993825105e-19
12662,Gm49785,19.1322881249974,-0.8306187503969863,0.2067469860501007,-4.017561591904917,5.88034684324993e-05,0.0002533117106236
12720,Tbccd1,23.03631628003716,-0.5846791315178741,0.1879301131413043,-3.1111519157031253,0.0018635903914612,0.0058234699388274
12769,Gm34680,161.81966430666893,-0.6047957003301665,0.0726458692772652,-8.325259320965126,8.41443323746459e-17,1.4481115250446449e-15
12820,Maats1,2768.399267372509,-0.5667817943837602,0.0268031612581759,-21.146080080791588,2.998472306257064e-99,1.3783503748867997e-96
12827,Poglut1,145.46871986311777,-0.6164697256680095,0.0779786768791967,-7.905619206940813,2.6660500039033997e-15,4.003304565042429e-14
12830,B4galt4,1824.630021491908,-0.6263729655940805,0.0324249757520801,-19.31760783364342,3.819448846999264e-83,1.150312628610054e-80
12844,Sidt1,83.40038591385087,-0.6422743536105124,0.1026471446468693,-6.257108815058514,3.921797879361699e-10,3.529416041045345e-09
12948,Hunk,252.1605239338434,-0.6743910009626426,0.0592107414957819,-11.389673291132228,4.7075145347680686e-30,1.9672455476872878e-28
12977,Rcan1,76.13615704276002,-1.4506558963490093,0.1149732116474901,-12.61733820915384,1.6945251206382642e-36,1.0206884416313516e-34
12979,Clic6,34.30092820991624,-1.0324866653727984,0.1574431703372042,-6.557837111393706,5.459379361855376e-11,5.396968799823979e-10
13000,Wrb,64.45073444697884,-0.5619614431864297,0.1225273456296554,-4.586416528478336,4.509185619870392e-06,2.3372835135874185e-05
13011,A630089N07Rik,220.6715918417113,-0.5674231959156085,0.0646218028488957,-8.780677277642758,1.6249317533742701e-18,3.315923816348336e-17
13015,Tiam2,295.1649886933575,-0.778432688002802,0.0565087527633571,-13.775435661492306,3.582155723487404e-43,3.037528940673688e-41
13021,Snx9,99.8062889928221,-0.5222642669269727,0.0976028742788131,-5.350910726615165,8.751268834528356e-08,5.836852386465876e-07
13031,Rsph3b,765.4697829596604,-0.5711522878143911,0.0407829889015647,-14.00466967227302,1.4595678166728092e-44,1.3279026365437828e-42
13044,Sft2d1,250.5258914581969,-0.6044145705049626,0.0603478677876994,-10.015508296519444,1.3029042691304221e-23,3.7248988172128e-22
13059,Gm49958,519.9230234746333,-0.6473398942128773,0.047276677990452,-13.692584202798962,1.1243810441048879e-42,9.308382975556486e-41
13063,Acat3,137.3040547741129,-0.6583173415884139,0.0783065474580762,-8.406925895192405,4.208968222897501e-17,7.433999688328974e-16
13091,Riok2,527.688859536261,-0.5066568166213459,0.0458046717098434,-11.061247634975729,1.933885664259457e-28,7.21818691950517e-27
13099,Zfp677,139.10785964721242,-0.5028178958440898,0.0801581191796313,-6.272825522730817,3.5455415134614185e-10,3.197393864591846e-09
13130,1520401A03Rik,35.233251218851976,-0.5728172009068276,0.1532344870746759,-3.738174165895671,0.0001853615244415,0.0007269054976119
13152,Eci1,7922.706371448737,-0.5649784138622196,0.0318310959831214,-17.74926047666726,1.746385348517088e-70,3.766155465172407e-68
13157,Traf7,62.78627873834226,-0.6518161100824998,0.1176911117707377,-5.538363095356235,3.0531177308961565e-08,2.158462622575313e-07
13167,Syngr3,57.16040414148672,-0.6545301895327638,0.126703223264126,-5.165852712115522,2.393452167739534e-07,1.5039144771969131e-06
13186,Jpt2,28.715708723512225,-0.9414930250661152,0.175970410878987,-5.350291678943512,8.781258421533972e-08,5.854619164402879e-07
13207,Fbxl16,27.758478592441985,-0.6125722257423145,0.1854016932627011,-3.3040271367659133,0.0009530660633427,0.0032040334862339
13222,Rab11fip3,157.1102018551294,-0.9326113136186728,0.0792262383399153,-11.771495569654087,5.47452652562834e-32,2.529868501314176e-30
13234,Gm17218,492.2024462055783,-0.6742346546290239,0.0466595136710751,-14.450100345709137,2.503209078394837e-47,2.587340602449765e-45
13236,Crebrf,12.100102895724628,-0.9179802892284432,0.2792767901096132,-3.2869909771884225,0.0010126407825383,0.0033828283016599
13244,Zbtb9,33.02022624236722,-0.5209448856652829,0.1711016765128213,-3.0446509717644203,0.002329504796955,0.0070829921311072
13274,Tead3,116.01251558985904,-0.7008596007134947,0.0935282337596484,-7.493561810592764,6.702924470582854e-14,8.718293719444621e-13
13297,Fgd2,156.33533875984466,-0.5891409404783797,0.077415876986762,-7.610079009750435,2.7392841392119292e-14,3.694966435811119e-13
13320,Wdr4,271.546382786357,-0.743084554473676,0.0664433074052696,-11.183738189630551,4.898231986043597e-29,1.9013848073824343e-27
13323,Gm50105,3629.376485914484,-0.5705037067034624,0.0298592862840712,-19.10640801243143,2.233216740661249e-81,6.611835597605204e-79
13324,AC166172.1,450.1119639373128,-0.765507582708803,0.0469135427525941,-16.317411514748013,7.421647728808143e-60,1.178557659334733e-57
13334,Gm26549,685.2543699976968,-0.6364737144328997,0.0385657005883399,-16.503621215825483,3.455352574227688e-61,5.803663342943196e-59
13352,Zfp81,613.6623773317448,-0.5911889173132033,0.04959698905697,-11.919854986239756,9.327074184165251e-33,4.550986923156387e-31
13382,Gm50333,55.86070696005875,-0.9763535360617426,0.125318374896303,-7.79098465703568,6.648898873570941e-15,9.58275293098492e-14
13400,Ppt2,4783.970178565315,-0.5202262747694535,0.0304127568226876,-17.105528374243594,1.349721908510397e-65,2.5908727799845726e-63
13403,Dxo,51.82980430770221,-0.9010486010549504,0.1325649251519531,-6.79703624485979,1.067932380641236e-11,1.1271687507577707e-10
13433,H2-Q10,484.1450518979233,-0.5571503383081653,0.0467474190483055,-11.918312275859437,9.501377026487884e-33,4.623121278515052e-31
13454,Prr3,2601.670390983473,-0.6084859182553269,0.0341659402972017,-17.80972257640933,5.940351782653231e-71,1.3476112329790471e-68
13468,Trim26,35.31624671342123,-0.6250977789205946,0.1526289621569047,-4.095538422635577,4.211883628277364e-05,0.0001854630280281
13480,AY036118,10.72172335924486,-1.0217174206916502,0.3201908692655792,-3.1909636368930823,0.001417991257414,0.0045615969216406
13485,Cenpq,83.9280113228253,-0.8797013629468783,0.1044305445555142,-8.423793696481571,3.644858322243769e-17,6.47694660965963e-16
13491,Tnfrsf21,4522.581699430085,-0.9427326401988272,0.0425210779214496,-22.170948768993203,6.551487836728643e-109,3.576293422874248e-106
13497,Enpp4,37.65567024005345,-1.181440448447819,0.170473166470022,-6.930360202205645,4.197704080224369e-12,4.605872793552718e-11
13500,Supt3,5293.582064080909,-0.6772014028028577,0.0217115905676936,-31.19077806351593,1.4210096086372244e-213,3.10277448045938e-210
13531,Cul9,120.1550863589395,-0.5583415433306851,0.0864056068441975,-6.461867044547931,1.0341894791796344e-10,9.936865688839302e-10
13536,Cul7,22.462816564860614,-0.8586396210022615,0.2362107222095869,-3.635057769479241,0.0002779183515504,0.0010510235472794
13564,Mdfi,25.416449899659487,-0.7598310157253052,0.1809529969410466,-4.199051845341105,2.6803495155896744e-05,0.0001225342720186
13565,Foxp4,91.8446898919082,-0.5681345331029162,0.0987791458718492,-5.751563531840852,8.842184004969211e-09,6.756573499510157e-08
13571,Lrfn2,50.04868609217919,-0.5938863310030601,0.1332173212769992,-4.45802636856952,8.27177286607953e-06,4.1401526769248486e-05
13595,Sh3gl1,133.74258282736156,-0.6173438790692719,0.0797990898484706,-7.736227070277836,1.0241048725212371e-14,1.4473352680583312e-13
13605,Plin3,57.8344755096641,-0.9208485383066312,0.1242083434477621,-7.413741402113693,1.2278523045142633e-13,1.5747521332786457e-12
13610,Safb,148.71353299852848,-0.5904840567936952,0.076928096391849,-7.675791869149391,1.64399871203043e-14,2.2773488899086085e-13
13612,Rpl36,214.72695734447933,-0.5306350302529255,0.0642979471243311,-8.2527522881384,1.547876767201747e-16,2.587398217175131e-15
13614,Catsperd,34.033494086877155,-0.5111867072441652,0.1593394210488669,-3.2081621978994903,0.0013358613645279,0.0043261582788307
13627,Gm17949,45.75432598885046,-0.9456681866536466,0.1480481887173928,-6.3875701205559485,1.685423323469313e-10,1.5743836692172172e-09
13631,Dennd1c,951.6018636641533,-0.5921771117948768,0.0497591935127276,-11.900858313618114,1.1713614027850734e-32,5.65230413918499e-31
13640,Efna5,140.29393094057667,-0.5560941445625002,0.0820602168496495,-6.776659457059129,1.2298631092077264e-11,1.2910606244976301e-10
13644,Man2a1,20.117929032611983,-1.0070401606506556,0.2066583884787728,-4.872970161354448,1.0993283204311288e-06,6.291961697670694e-06
13649,Ankrd12,113.18052648280572,-0.6696007524685211,0.0904826223970064,-7.40032433554528,1.3585227410557726e-13,1.735967464576608e-12
13663,A930029G22Rik,228.7407475687519,-1.2320932498797954,0.0724931473626483,-16.995996100379323,8.792400777538659e-65,1.6514586750757555e-62
13682,Wdr43,70.82031259657018,-0.7062397670780821,0.1229735339659891,-5.74302245614416,9.30013877521703e-09,7.078641574095474e-08
13700,Ltbp1,18.559506720269123,-2.2361184485019607,0.2442457744444174,-9.155198093348512,5.425816999122561e-20,1.2197962849507449e-18
13705,Heatr5b,19.08954418885412,-1.7079220363587078,0.2651661045058456,-6.440951567099921,1.1872675835244273e-10,1.1326701337523044e-09
13729,Thumpd2,74.44158957193913,-0.9014807740140768,0.1173912687591932,-7.679282995597399,1.59981468647235e-14,2.223195142664997e-13
13745,1110020A21Rik,91.86089220679878,-0.5420549110803347,0.0954958945939197,-5.676211667374099,1.3771036379435585e-08,1.019290099474495e-07
13755,Cript,675.3897725387843,-0.6517570987811175,0.0453768608855191,-14.363203757647073,8.806035996561335e-47,8.94324632487985e-45
13761,Calm2,44.1820601554926,-0.5677476566120948,0.1415098810026452,-4.012070765584787,6.0188450513940376e-05,0.0002588948174285
13763,Epcam,16.15378780085681,-1.287130101427696,0.2363827729048876,-5.445109580576727,5.177350277071614e-08,3.561951738475265e-07
13771,Nrxn1,50.5884951235685,-0.5345886148954828,0.1275104029944274,-4.192509805798715,2.7588515332994597e-05,0.0001256954057998
13775,Cul2,57.29293612276378,-0.8661662647695093,0.1277076767234199,-6.782413453855161,1.1818466367413298e-11,1.2414009050269124e-10
13797,Thoc1,172.4023025221395,-0.5308179087282522,0.0754038177758727,-7.039668870693445,1.92697214472863e-12,2.1914289989661267e-11
13811,Ttc39c,103.02281135512348,-0.5479208836562529,0.0978324720083887,-5.600603484794607,2.136068412362981e-08,1.5399439961682436e-07
13814,Gm49970,478.6429561106189,-0.8398864775746988,0.0622068257723408,-13.501516387420928,1.5319027855314171e-41,1.1736525376167891e-39
13827,Gm16090,148.02589062888902,-0.5829298945055792,0.0806088915019289,-7.231583062913472,4.7739595630755e-13,5.739265357729032e-12
13837,Dtna,35.189733580133144,-0.8210051708242316,0.154253596440085,-5.32243778927466,1.0238580393192673e-07,6.779663468851009e-07
13843,Galnt1,69.81696524757432,-0.688135787461049,0.1128336275146272,-6.098676455047427,1.0695029377678175e-09,9.073374121868984e-09
13886,2010110K18Rik,42.42287358221896,-0.6587039114307043,0.1564929975807035,-4.209159014230079,2.5632295430382253e-05,0.0001177037162402
13896,Sil1,937.474978448875,-0.6077159725500385,0.0332763699158493,-18.26268833069397,1.6401320994797314e-74,4.09283250195885e-72
13937,Pcdhga7,1085.289631513967,-0.5266115836284808,0.0379824621364622,-13.864598396399014,1.0380546032316862e-43,9.11192854736236e-42
13946,Pcdhgc3,164.96203994807115,-0.5018198224876305,0.0738967945558496,-6.790819892848883,1.1149805199052412e-11,1.173989133315537e-10
13986,Eif1a,237.51211742585696,-0.931466376158746,0.0739006889668529,-12.604298947423093,1.999425047064532e-36,1.196094408291892e-34
13989,Lvrn,43.150339363400455,-0.6554073069776711,0.1418254553034198,-4.621224769386426,3.814811878601696e-06,2.0017162479848134e-05
13998,Dmxl1,323.7009478441452,-0.5482929897326944,0.0553467743118767,-9.90650307176145,3.90060066799734e-23,1.0832383540314397e-21
14001,Hsd17b4,3307.073464454283,-2.9239449996827327,0.0431765852450358,-67.72061716063814,0.0,0.0
14005,Lox,106.36852111488896,-4.360321697962154,0.1715494343241902,-25.41728986247845,1.6241884567837725e-142,1.8914215975399293e-139
14008,Snx24,457.350616692826,-4.127666512440181,0.0797285319887785,-51.77151026712913,0.0,0.0
14009,Ppic,2936.669793196535,-3.419840956294708,0.0493328350166395,-69.32180068591684,0.0,0.0
14010,Prdm6,714.1583184573079,-3.407271569865965,0.0577659731157464,-58.98405905910676,0.0,0.0
14011,Gm19466,368.9122118549454,-2.6283962338512894,0.0764768325344582,-34.36852896159124,7.44743841054178e-259,1.8584550593620545e-255
14014,Zfp608,567.5514654540253,-4.533084027723349,0.0808325808035774,-56.07991211784652,0.0,0.0
14023,Megf10,163.86186215219888,-0.6414461814546248,0.0735553259169389,-8.720594647068342,2.7674450323209297e-18,5.4809217488188216e-17
14070,Nedd4l,30.8742741866364,-0.7487704369524332,0.1700519863890029,-4.4031854778784005,1.066728914663099e-05,5.250386216211613e-05
14074,Gm41760,124.22135147295042,-0.6142189849527502,0.1147664723475013,-5.351902627911721,8.703423092147782e-08,5.811597651897456e-07
14076,Sec11c,51.93417052064861,-0.588121504586632,0.1305197050410823,-4.505997806243244,6.606176962011665e-06,3.348714427522338e-05
14092,Spire1,30.478238376122366,-0.5199329927901761,0.1739383382671685,-2.9891799471578326,0.0027972733499983,0.0083397799757248
14099,Fam210a,47.66537278755933,-0.703450998000723,0.1360780708689253,-5.1694662740942965,2.3476349502202242e-07,1.4774955018591065e-06
14102,Ccdc68,269.019286168724,-0.6436712755064328,0.0591854373511485,-10.87550087173499,1.5082511915859535e-27,5.354904840370619e-26
14114,Gm9925,55.86154896032362,-1.000722608494507,0.1390814088610246,-7.195229158876772,6.235594742111677e-13,7.414797069789434e-12
14115,Ska1,3577.1195725425414,-0.8082531635054377,0.0265791019589949,-30.40934809431765,4.132688690268306e-203,8.02108956017853e-200
14122,Dym,286.52302925427284,-0.5244255543943223,0.064652879784236,-8.111402866267843,5.003865242038273e-16,7.975138508022314e-15
14125,Ctif,33.33370655185518,-0.8962791526788125,0.1649681849021837,-5.433042457309284,5.5401219037428164e-08,3.802548110592516e-07
14140,Pard6g,16.802577694981245,-0.8772012710827402,0.2643411108381461,-3.318444370235863,0.0009052035127603,0.0030584322941774
14158,Cndp1,84.21887497873459,-0.5645906541939709,0.1182020188022343,-4.776489098198876,1.783822193495426e-06,9.895143244197554e-06
14195,Coro1b,88.79295145804178,-0.8007215085862984,0.0984166309217502,-8.136038605334313,4.0842162610495623e-16,6.545237582386582e-15
14228,Gm50203,28.012177702475515,-1.1907990743483727,0.1745965687974772,-6.8202890958850215,9.085748386416632e-12,9.61877895841974e-11
14244,Mus81,113.26839098640563,-0.5656880327861604,0.0950399302477504,-5.952109090479369,2.647088263318005e-09,2.1617268716053728e-08
14249,Rela,66.59060532606811,-0.5568849623280941,0.1213128062495722,-4.590487843323283,4.422112142528634e-06,2.29555586643953e-05
14260,Dpf2,99.58263310710426,-0.6070314455981736,0.0927530776462518,-6.544596265725138,5.965632710752828e-11,5.864247168904354e-10
14262,Pola2,47.83370863022338,-0.7220989503885665,0.1348721085273706,-5.353953150677002,8.605314935420969e-08,5.750483599538389e-07
14263,Capn1,73.39799962925976,-1.2916593650138428,0.1567820517709484,-8.238566535032335,1.7428613251659721e-16,2.8939450216729268e-15
14280,Ehd1,51.15868087362212,-1.7319758286194682,0.1457779527623837,-11.8809174899209,1.4872589940297735e-32,7.137208820800023e-31
14282,Men1,13.455392585484685,-1.1408006170564902,0.2676652896771128,-4.262041665666283,2.0256766199543743e-05,9.476304016433586e-05
14286,Pygm,157.2140961940983,-0.958942825666252,0.0769919982425101,-12.455097251090487,1.3119147007715893e-35,7.613463785075789e-34
14288,Nrxn2,105.8964675117122,-0.8156626583056817,0.0960879946490298,-8.488705184086356,2.0895205395566784e-17,3.8099942364275637e-16
14292,Trmt112,28.9018297565056,-1.219101973694759,0.1893129860357806,-6.439610928033988,1.1978014742743587e-10,1.141472785195008e-09
14294,Catsperz,27.972500596452885,-1.45313385890243,0.2055797596340989,-7.068467545096802,1.566539778118419e-12,1.7967378098603114e-11
14295,Kcnk4,162.22576752826984,-0.6950937963138638,0.0801913948259412,-8.667934980088495,4.400278698447186e-18,8.530973174747552e-17
14323,Stx5a,191.80698996022832,-0.6011198841311896,0.0748116258115911,-8.03511322752263,9.349252560260326e-16,1.4594525801843376e-14
14337,Ganab,149.4269265893535,-0.9059592806895982,0.0867458620314476,-10.443832817767891,1.5636697393708272e-25,5.039517160023913e-24
14344,Ahnak,31.53304887229758,-0.6436052004206276,0.1742541733349159,-3.693485143587469,0.000221201438936,0.0008537222128444
14351,Fth1,259.03862536083227,-0.826404377097241,0.0597138916155907,-13.839399086852922,1.4743391986575328e-43,1.281281448863173e-41
14370,Vps37c,175.33363858988716,-0.6295232518351979,0.0730255603420369,-8.620587762512717,6.661130796497976e-18,1.26750144611358e-16
14375,Ms4a10,103.0818799722439,-0.7287681639365308,0.1004139079447482,-7.257641683834553,3.938973107704143e-13,4.794841968318883e-12
14400,Rorb,245.10576666781444,-0.5259165586994424,0.0654937403398183,-8.03002784648872,9.745054457241642e-16,1.5158202249251736e-14
14412,2410080I02Rik,389.1421447538504,-0.7039816600758472,0.0689275758019273,-10.213352956135186,1.727885838206123e-24,5.258311815641909e-23
14427,Gm35554,61.92490433868587,-0.6441151796609583,0.1163502224479054,-5.536002992597233,3.094522803660848e-08,2.184045427650412e-07
14445,Il33,86.25610740762579,-0.5293260621376602,0.0994795963275692,-5.320951046028377,1.032261797969144e-07,6.827546038214694e-07
14450,Asah2,1145.4954573422388,-0.5564393318658446,0.0334114545794605,-16.654148670555404,2.8233316048257384e-62,4.9317956473096e-60
14475,Ide,58.482894915505696,-0.5855300428159432,0.1244333796995688,-4.705570516766828,2.5315697784094285e-06,1.3699337326287451e-05
14484,Fra10ac1,30.3023147920046,-0.5248907654238654,0.1666267776246809,-3.150098519015697,0.0016321541359032,0.0051780727290152
14487,Slc35g1,11.362277598783802,-1.026762024989779,0.2764352943035025,-3.714294253115456,0.0002037715796014,0.0007932877094891
14489,Noc3l,18.78884640841872,-0.7068425584110901,0.2160532953381793,-3.2716120219536498,0.0010693621455881,0.0035465384391747
14494,Sorbs1,162.25605046241145,-0.6616812694329477,0.073110122508497,-9.050474089358078,1.4234894620130988e-19,3.1081892403056013e-18
14503,Slit1,2400.3644437920784,-0.5747104652041474,0.0253455208609784,-22.67503076210058,7.902659126855882e-114,5.112727763996983e-111
14510,Mms19,57.73743501831571,-0.5320915909034172,0.1203290648255913,-4.421970632570336,9.780475259589456e-06,4.842555040660676e-05
14520,R3hcc1l,271.54939698582854,-0.6799695596891783,0.0579903792765465,-11.725558069667317,9.427765440304148e-32,4.288651216438356e-30
14525,Gm34517,851.793608347201,-0.5070426852726715,0.046207743106779,-10.973110807445702,5.147050280706321e-28,1.8692032079704368e-26
14587,Sfr1,36.47945226291919,-0.6874885636599787,0.1557317751102711,-4.414568338241695,1.012117408046462e-05,5.0041513964776674e-05
14594,1700054A03Rik,52.74688547883199,-0.7026716363440666,0.139315774216708,-5.0437334917369006,4.56535062232382e-07,2.7651714518291437e-06
14672,Tbc1d25,106.3916939420428,-0.5138607564379404,0.0907532286930085,-5.662176033165497,1.4946537725886503e-08,1.1002364980859057e-07
14676,Fthl17c,117.75627491189304,-0.5125726352339346,0.0925917490967293,-5.535834890627857,3.0974926364136e-08,2.1852585368688517e-07
14703,Araf,1626.5882255984154,-0.5606801715613773,0.0316578494030285,-17.710620971863584,3.472205398313001e-70,7.396644377772136e-68
14707,Uxt,34.20713056411967,-0.8508430320454907,0.166789042153964,-5.1013125386263205,3.37306014236207e-07,2.0736311798163158e-06
14726,Upf3b,82.60733176866617,-0.6197325813399248,0.1041327464826454,-5.951370748136452,2.659059700168704e-09,2.170488544044249e-08
14738,Mcts1,45.78667334637655,-0.8770740989022354,0.143592806209202,-6.108064338713569,1.0084670273526899e-09,8.588933219793656e-09
14751,Slc25a14,40.38714198567328,-0.7073524238679662,0.1437616703704786,-4.9203130573336775,8.640589505836616e-07,5.036163413011478e-06
14772,Zfp449,23.866989074451237,-0.7621844655346331,0.1937000373646653,-3.934869997467902,8.324174110249296e-05,0.0003492833854379
14809,Zfp185,10.064990386500854,-0.9431910733202586,0.300281851200453,-3.1410192442520675,0.0016836096924245,0.0053229491596873
14815,Zfp275,344.2395052400447,-0.6688920429926722,0.0564525329291213,-11.848751655350794,2.1842028626578559e-32,1.0284004206174511e-30
14828,Mecp2,19.793246192990548,-0.711491246354603,0.2080049111313083,-3.4205502287657827,0.0006249459398198,0.0021833111353547
14830,Emd,637.7845036849434,-0.6129168939814503,0.0483451082905679,-12.677950585975417,7.83538157585143e-37,4.836340825688084e-35
14875,Zc3h12b,122.51622448181006,-0.61897858916821,0.0877816683999911,-7.0513422728278,1.7720001435671588e-12,2.0204502942448515e-11
14915,Slc16a2,37.23956008816901,-1.1816835600340692,0.1612564753924642,-7.327975866755743,2.3365478107397537e-13,2.9236975041548724e-12
14926,Cox7b,205.53886108670648,-0.57936377626206,0.0762342163875558,-7.599786601290921,2.9661946903590816e-14,3.9795306337321383e-13
14955,Rpl36a,64.18960093226534,-0.556565179767979,0.118651537040608,-4.690754065642626,2.721999957977775e-06,1.4652664180571887e-05
14989,Rnf128,485.8228996521125,-0.7356571248016516,0.0467002830827492,-15.752733736070164,6.577533492006173e-56,9.265835083739017e-54
14998,Tmem164,30.458556525537634,-0.7672999861562068,0.1808016588529244,-4.243876914759822,2.1969088342342992e-05,0.000102171468361
15005,Rtl4,40.37637785258448,-0.5729729701541414,0.1508618346235056,-3.797998158938384,0.0001458694068141,0.0005841464461783
15035,Rragb,67.7973980526858,-0.6599602827518893,0.1112345157887753,-5.933053046278336,2.9735272528199995e-09,2.4203902167875e-08
15040,Sat1,184.84989306505167,-0.5362672395622091,0.0674658575403161,-7.9487204211663265,1.884478006508109e-15,2.8624401580594475e-14
15074,Fancb,305.2841711039692,-0.6109619651547646,0.0603913251540175,-10.116717319856996,4.657758318561571e-24,1.367423904346782e-22
15090,4933400A11Rik,1473.699671530255,-0.5203378093164377,0.0314886051503838,-16.52463825664553,2.438987165593773e-61,4.1363327969506825e-59
15098,Uty,34.734181634654135,-0.5784868517716509,0.1558550577405991,-3.7116976513811215,0.0002058738157536,0.0008007714137402
15101,mt-Nd1,28.383844435431943,-0.6121332459149426,0.1750249537483149,-3.497405557353767,0.00046980702523,0.0016906858501686
15120,4933424G06Rik,36.74627232618144,-0.8230656149141684,0.1572989986310157,-5.23249112885248,1.672406818607735e-07,1.077595068514936e-06
15121,D930019O06Rik,24.377956945137743,-0.6069018946654511,0.1889044627706304,-3.2127451398665845,0.0013147289766521,0.0042671285329172
15139,Cfh,141.0937582304527,-0.654248455597642,0.0799708075587217,-8.18109102021052,2.812853273866533e-16,4.6006480325749626e-15
15150,1810059C17Rik,143.06890687241852,-0.5298746584788531,0.0858446721065729,-6.172481593511519,6.722635669218305e-10,5.880370549319247e-09
15165,Gm13617,213.6921750833565,-0.560197019967638,0.0735441046840457,-7.617157382965113,2.5932307897058793e-14,3.5087959283177614e-13
15205,Tnfaip8l2,189.31112462024612,-0.6150264298957998,0.0750830584142259,-8.191281001138215,2.584603620786219e-16,4.251210550649122e-15
15217,Clca3a2,178.64843380227416,-0.7635116428482472,0.0803170054163942,-9.506226469598932,1.977043510262273e-21,4.905539209838264e-20
15259,Dnajc5g,123.37114807812806,-0.5411083236237415,0.0943629701500145,-5.734329078064293,9.789909244381068e-09,7.422314873300717e-08
15277,Oas1g,15.994421865577731,-1.4889441642558856,0.2406244176854574,-6.187834878014014,6.099617066832327e-10,5.37307669810525e-09
15319,4930417O13Rik,35.394271870972155,-0.6770838967910607,0.1906695420220525,-3.5510857665601896,0.0003836453760948,0.0014022844590133
15409,Gm46102,211.77631782874747,-0.5548873297955901,0.0687675095676614,-8.06903337468733,7.085689673687328e-16,1.1160759893595152e-14
15431,Gm26713,27.589072772923583,-0.9375984837923462,0.1765464683774307,-5.31077450831753,1.091603258679466e-07,7.198235455875014e-07
15471,Gm16170,72.2511786756477,-0.5244954018352757,0.1111752597800383,-4.71773488879627,2.384849828744709e-06,1.294950475862996e-05
15526,Papln,11.76021723517108,-0.9344187585736272,0.2698401746325478,-3.4628600424160814,0.0005344663231191,0.0018968016522237
15732,Gm28777,445.12130167756897,-0.7205970828194717,0.0670707517457882,-10.7438348917078,6.3356777198868355e-27,2.1742950571902406e-25
15813,Gm37885,26.871129928619126,-0.7415512703433024,0.1805593341356285,-4.106967240952939,4.008880598544957e-05,0.0001773287573952
15861,Nron,22.31304508748482,-0.9490605777172696,0.2612509667032139,-3.6327543193186367,0.0002804119781678,0.0010593071874211
16242,Gm15903,54.84386111358047,-0.8650710451804907,0.1266432841225883,-6.830769204809295,8.446052196004951e-12,8.973258705768531e-11
16250,Gm16120,80.66902019480953,-1.0403903349209689,0.1202339522729465,-8.653049452779769,5.014128431622173e-18,9.635511049898362e-17
16287,Hoxa13,1369.9260207741315,-0.587204710179386,0.033081671451267,-17.750152408242254,1.7188692753886933e-70,3.7531510628112105e-68
16289,Prr15,246.74841704069257,-0.6430619555405429,0.0634433766486647,-10.135998263485826,3.824470248166208e-24,1.1342248946513974e-22
16299,1700040L08Rik,13.3493457303684,-2.0502928252463977,0.2814101342223328,-7.285781767996062,3.198103081781117e-13,3.936889685169313e-12
16310,Emx1,176.25190388258596,-0.9248895315013868,0.0720650800667427,-12.834087336679625,1.0564052431188198e-37,6.784296612793949e-36
16317,Gm44170,12.590105558101593,-1.1626328643630484,0.2725912579756472,-4.265114270344339,1.997999171226507e-05,9.361869507238364e-05
16319,Cfap100,97.72615771269064,-0.7628930982301688,0.0991074917758025,-7.6976329898042275,1.3860980025715654e-14,1.9385396244131392e-13
16339,Slc6a13,299.10758978737744,-1.482477542003118,0.060056379315542,-24.684763865201365,1.5589412661989078e-134,1.4332413704190804e-131
16343,Gm20531,23.43170695907981,-0.7917949000650212,0.1877598721397438,-4.217061350977662,2.475066532224625e-05,0.0001139848726203
16371,Gm44877,3053.1354817286874,-0.5901556543621038,0.0278060198661305,-21.22402476885769,5.730270282330859e-100,2.7053070619393364e-97
16470,Mfsd13b,15.077933792134704,-0.7689301377126411,0.2359319596570953,-3.2591181747068427,0.0011175910472504,0.0036910721144583
16502,Smim38,21.249401288989567,-1.6421804956741344,0.4797634681871787,-3.422896082269943,0.0006195775876202,0.0021675908873522
16685,Gnat1,36.434183875442905,-0.7500422961352187,0.1688948285589462,-4.440883729447318,8.959019424933567e-06,4.4598504221926347e-05
16713,Gm48159,31.915364463844963,-0.9575709544062916,0.1741645424494643,-5.498082106374442,3.839441624232342e-08,2.678409196968472e-07
16807,Gm12239,17.65621323124304,-1.383119609681669,0.2681989053211976,-5.1570665735016,2.508486344107091e-07,1.571109338790343e-06
16812,B430319H21Rik,178.8113082495911,-0.7125891338056068,0.077463167672855,-9.199070412599648,3.610596605409492e-20,8.190896299128964e-19
16838,Abcc3,125.91684629321612,-0.7978115147857527,0.0820317872628631,-9.725638577509486,2.344297938178042e-22,6.176500208762298e-21
17144,1110013H19Rik,639.3741177597512,-0.5414442968722855,0.0428068146246891,-12.648553778631404,1.1395312635361728e-36,6.935655787961625e-35
17157,Gm15835,132.36190336752682,-0.6441388485403088,0.0812715717463812,-7.925758474936716,2.2675795196077533e-15,3.423515907390513e-14
17186,Nr1i2,287.7152357530579,-0.5970764402633445,0.0558401960887414,-10.692592112579046,1.1024597627901944e-26,3.746647302805275e-25
17415,Spry3,60.8413248328532,-0.5678400055636026,0.1369850839468259,-4.145268880398858,3.3941519484012934e-05,0.0001521402264169
