,gene_name,baseMean,log2FoldChange,lfcSE,stat,pvalue,padj
1,Gm1992,201.2008151448897,-0.7237342813316628,0.134837071376677,-5.367472564795322,7.984764936381354e-08,3.559161579633101e-07
12,Gm30414,215.6106445952764,-3.8482389474952936,0.208714910312716,-18.437776878180404,6.537440244293206e-76,3.125789751588144e-74
17,Mybl1,256.2293297163055,-2.2720019275185046,0.138932358575508,-16.35329559516331,4.120775642313291e-60,1.4551252703911797e-58
22,Tcf24,279.1760519404722,-0.6347342960457608,0.110644856840026,-5.736681434397626,9.65496130266867e-09,4.720475840453694e-08
23,Ppp1r42,704.4828646265163,-0.5873715178571994,0.0722402155663791,-8.130810702211745,4.2642881753522513e-16,3.558427140798008e-15
26,Prex2,10.09914205094755,-2.047709683693125,0.6556297217597836,-3.123271590245852,0.0017885262590665,0.0044341626867293
31,Lactb2,21.137724676489373,-1.9383642819262856,0.46745846264413,-4.146602183565423,3.374456175466482e-05,0.0001113440361712
40,Rpl7,30.49438475130664,-1.020061818221206,0.3379811466845344,-3.018102720307396,0.0025436267005074,0.0060895158888217
41,Rdh10,63.88013583302683,-0.8985956778454987,0.2427722774756214,-3.701393285877681,0.0002144188324263,0.0006284394334735
42,Stau2,137.33420025866732,-1.4995796393732748,0.1748464267499506,-8.576552962777082,9.77586677358906e-18,8.937603613193417e-17
49,Jph1,103.2982757996618,-1.102442906062195,0.196528304654724,-5.609588440703496,2.028083346251488e-08,9.575090830692398e-08
53,Gm28756,105.54815617891056,-0.7354306562075384,0.1855944865619889,-3.9625673684110394,7.414807463507355e-05,0.0002327272157916
56,Mcm3,149.02480310201176,-1.3490024556065434,0.1606594103389867,-8.39666006964788,4.593573901558394e-17,4.0505534815803574e-16
58,Tram2,739.7848435975553,-0.5994874514096119,0.0705055483245375,-8.502698945764768,1.8523283441564083e-17,1.666770729785625e-16
63,Gm29107,138.4653389926692,-0.5393983119330984,0.1552004602619148,-3.4754942802541624,0.0005099128663679,0.001402647577381
67,Sdhaf4,37.96240366643631,-2.259706967720315,0.3532289992266281,-6.397286102408908,1.5816281023566935e-10,9.025480453626261e-10
74,Khdrbs2,257.2710078699204,-1.1021851798333382,0.1199627928967,-9.187725237294446,4.0123623380819646e-20,4.213801538684169e-19
84,Cfc1,1229.9580996622997,-2.237781757395884,0.0716178385524484,-31.246150437185733,2.5181944361295622e-214,5.874260839189505e-212
87,Hs6st1,22.52795130342844,-1.148891178724013,0.3996030778159374,-2.875080905290744,0.0040392398167207,0.0092735067429515
88,Uggt1,66.27798015003816,-1.7361851942833395,0.2533198979757991,-6.85372609162035,7.195078916231658e-12,4.566176215758557e-11
98,Cox5b,289.41785316453985,-0.7660070568897043,0.1114282425419323,-6.874442595659201,6.22327116211671e-12,3.980618313749434e-11
101,Gm38115,429.468010532044,-0.6543604600344501,0.0920103214944154,-7.111815820295403,1.1452603285453453e-12,7.666273051427885e-12
102,Vwa3b,112.50485086894024,-0.7370170712579945,0.1732016803895865,-4.2552535841465575,2.088122207110252e-05,7.095283491650726e-05
106,Unc50,442.5276706322316,-0.5572951085354201,0.0933855158165625,-5.967682500465237,2.406470573334984e-09,1.250000706716107e-08
107,Mgat4a,909.3041991472378,-3.5171335498503704,0.1034717788970745,-33.99123497576024,3.0018935002254264e-253,9.833436665844822e-251
114,Rev1,14.308119880448954,-1.7459068435028686,0.5395024710497217,-3.236142440841503,0.0012115690934186,0.0031125175642039
117,Gm16152,49.164441348980425,-0.8842009826689091,0.2733663645575752,-3.234490768825668,0.0012185985988589,0.0031274452455463
121,Rpl31,83.90583243282799,-1.17062343081308,0.2058001660912957,-5.6881559089402085,1.2841855482040134e-08,6.201794447976473e-08
128,Gpr45,305.09658310255475,-0.715106902337596,0.1119777289338475,-6.386152935465016,1.701108802660871e-10,9.69292047585743e-10
139,Bivm,313.9682486714863,-0.7128509763094518,0.1075171995527785,-6.630111082455458,3.354343442727562e-11,2.0292130312076048e-10
140,Ercc5,201.23135741135545,-0.631361492341265,0.1295492568299556,-4.873524617512709,1.096246002476131e-06,4.352192742166713e-06
142,Col3a1,21.30426881942706,-1.380404573561845,0.4300081832402148,-3.210182102024584,0.0013265090616455,0.0033768077898635
144,Wdr75,1784.5038269299846,-1.1120558028836105,0.0496202062798118,-22.41134985640023,3.0504957044818518e-111,2.2798753333108053e-109
148,Tmeff2,1066.7398103108355,-0.7898461155567439,0.0611553847432403,-12.915397701656143,3.6853497385782627e-38,7.37836730496111e-37
154,Gls,18.779232681782293,-1.3647631800266478,0.4433047936981349,-3.078611373997397,0.002079677780429,0.0050839503187495
162,Pms1,293.26718942600144,-0.6216862499679044,0.1107943030494212,-5.61117523967449,2.0095713465649988e-08,9.49351348625797e-08
164,Osgepl1,199.9707546945397,-0.8162869457708174,0.1344298316312251,-6.072215786225916,1.261572502115809e-09,6.67692342474218e-09
174,Coq10b,179.33451966420307,-2.206677641831022,0.1621267731077275,-13.610815780344696,3.4536708751845654e-42,7.995897262307003e-41
177,Rftn2,505.2358301464606,-0.8397761473709585,0.2086347699971538,-4.025101604025132,5.695072080236695e-05,0.0001820247659275
180,Boll,449.3794207742294,-0.5059309060798045,0.0903490945282598,-5.599734106040837,2.1468083435335327e-08,1.0113911033366669e-07
184,4930558J18Rik,619.8447578109862,-0.8485868536068447,0.0764441535153439,-11.10074236660251,1.244062190455686e-28,1.8346342417869484e-27
190,Sgo2a,84.20823417570769,-2.047607749643876,0.2301255807994163,-8.897784168673649,5.697267306356021e-19,5.583394490684742e-18
193,Bzw1,303.7308479467473,-0.7801691045253148,0.1088759647110191,-7.165668810338958,7.740770522271227e-13,5.229350722285555e-12
196,Nif3l1,248.8196959812288,-0.7679713030036774,0.1217725874930232,-6.306602485946821,2.8522713821011116e-10,1.596276633908714e-09
197,Orc2,2676.3161507384007,-1.0798404634310674,0.0443777223662199,-24.33294017479894,8.787710443861938e-131,8.617553502783337e-129
204,Stradb,1205.350409836792,-0.7478674249264671,0.0572379926872738,-13.065926840106432,5.1552888146974946e-39,1.0611073073674149e-37
207,Als2,966.2922164057268,-0.517288533211712,0.0647741868911081,-7.986028972950681,1.3935494783825798e-15,1.1238914494069252e-14
209,Fzd7,507.6941422143391,-1.479152199117636,0.0972166661899026,-15.215006408759848,2.811919182594521e-52,8.341485112760165e-51
216,Cyp20a1,134.9915028684022,-0.602055655807318,0.1596590960977434,-3.770882276815215,0.0001626714037552,0.0004852720271684
219,Ctla4,197.74795575852667,-1.0815414950398472,0.158364258224839,-6.8294544941088855,8.523812864317657e-12,5.3827983125116756e-11
220,Gm11588,271.6767303559291,-0.662193071801284,0.1162439609675491,-5.6965804183680815,1.2223424907209178e-08,5.908692303654396e-08
222,Pard3bos1,50.93267076743526,-1.3101413860353823,0.2749962329421988,-4.764215756769148,1.895895609696092e-06,7.3100948677388e-06
223,Nrp2,176.5274171895661,-0.5438730019754807,0.1518886260225855,-3.580735544309998,0.0003426283094481,0.0009696885022544
227,Ndufs1,258.57596614224605,-0.6936657596724655,0.1253822146379435,-5.532409534123401,3.158613611565068e-08,1.4669687832173693e-07
231,Gm11608,111.19580774152598,-2.5522751703233264,0.2193622837730294,-11.634977200383837,2.736632491445255e-31,4.435073035609594e-30
232,Adam23,828.6929420069104,-0.8147287280981897,0.0696639976557071,-11.695118791843315,1.3499816665877552e-31,2.2040633869337304e-30
235,Klf7,653.8119314480283,-1.772226412557097,0.0833528820952232,-21.26172926489196,2.567784803871136e-100,1.6680850143628694e-98
243,D630023F18Rik,1681.520371318992,-1.185509114543004,0.050954036580122,-23.266245308727672,9.742443172407412e-120,8.064228767870135e-118
248,Kansl1l,59.882509394338456,-0.7514785107381001,0.2350693952500042,-3.1968368742297457,0.0013894347820926,0.0035218534581986
250,Lancl1,126.22320458571797,-0.6263153295360523,0.1636153210750428,-3.8279748218004,0.0001292019694807,0.0003909578463296
253,Ikzf2,266.0068751312163,-0.6673799075468219,0.1153790735996105,-5.784237008721092,7.2842182686283326e-09,3.609521225098224e-08
256,Atic,474.7376925768206,-0.9752888549743188,0.0909896071355993,-10.718684096754837,8.317827890991462e-27,1.1578777414982329e-25
257,Fn1,253.74580099629975,-1.1289141269567942,0.1229507445777706,-9.181840507218048,4.2378518064122124e-20,4.4415225603487e-19
263,Tns1,195.85446133560916,-0.5003933382602994,0.1304637922176127,-3.8354958855223726,0.0001253112042948,0.0003800810286296
275,Plcd4,125.77753977864228,-1.8049726300144893,0.1817382352440464,-9.931716501982589,3.029940843115516e-23,3.644450720359881e-22
283,Nhej1,372.74506251079146,-1.3849748371340995,0.1129916634154112,-12.257318772644943,1.5349506003982159e-34,2.744726996949005e-33
291,Tuba4a,383.7238874656942,-0.7618348670805154,0.0951178053115041,-8.009382308449606,1.1528600455849305e-15,9.336892825789369e-15
293,Gm28294,897.436192191169,-0.5201037417121293,0.0655358194648652,-7.936175147561322,2.085115087246504e-15,1.6667929326711926e-14
299,Obsl1,571.3525710798218,-0.5557771717594872,0.0803319431897447,-6.918507752846672,4.564258185355237e-12,2.951336372185184e-11
300,Tmem198,144.4102202606533,-0.8352782176787461,0.157366782622924,-5.307843267535096,1.1092996264351497e-07,4.875471609647606e-07
304,Sgpp2,256.9966361139637,-1.1391102955766943,0.1200355352017414,-9.48977562071276,2.315320993808477e-21,2.5626658533914673e-20
306,5730419F03Rik,148.79860941882347,-0.7472902891331447,0.1647319777028736,-4.536400883142608,5.722236343605904e-06,2.0832241841134195e-05
307,Utp14b,1553.1217970327116,-0.9036492305404574,0.0577334676674533,-15.652086511510204,3.2150324507771206e-55,1.0290777466146475e-53
313,Dock10,153.95245085755295,-0.7292265104207233,0.1594080479481999,-4.574590303355873,4.77152772653009e-06,1.754117499466506e-05
316,Rhbdd1,18.951228771815995,-1.5596974020084755,0.4693473584127617,-3.323119591602812,0.0008901674260993,0.0023419374046864
319,Gm28941,70.48903710097457,-0.8083169030022556,0.2253400701062559,-3.587097947653541,0.0003343787444367,0.0009472693341922
327,Dner,22.326801206225092,-1.7806524376481565,0.4340223680844883,-4.102674351800984,4.084018819673301e-05,0.000133356423643
334,Cab39,510.2644146544077,-0.6919237993847289,0.0832081879504447,-8.31557346011199,9.130966480825816e-17,7.946882981277236e-16
335,Itm2c,95.74484518102317,-0.7540504763368007,0.1886602511720969,-3.996869884631669,6.418555720813862e-05,0.0002037527502631
351,Gigyf2,21.40885850676443,-1.7048958052482457,0.4364917867104204,-3.905905808897423,9.387307506403718e-05,0.000289923743969
356,Sag,1157.4773207428063,-0.8855880724765675,0.0647417296785114,-13.6787830179104,1.3594895509002204e-42,3.220107865486122e-41
359,Gm20528,585.0868771458747,-0.7332829322186015,0.0787864046799032,-9.307226737884726,1.3121356701565402e-20,1.4058205134119757e-19
360,Dnajb3,151.66013495454578,-0.6648905821188568,0.1552467095941098,-4.282799834258664,1.8455618668542545e-05,6.322712617287073e-05
381,Asb1,295.105215460028,-0.6958866068866328,0.1097510515630115,-6.340591702550592,2.2888438627814796e-10,1.291753669772128e-09
386,Gm29481,427.6143015726187,-1.1171929148641158,0.0937983445825358,-11.910582429107434,1.0424653557833624e-32,1.765654193359807e-31
387,Gm29480,563.2867330189625,-0.913636487121674,0.0828689609195482,-11.025074732246985,2.892781298524917e-28,4.2215413148900116e-27
391,9430060I03Rik,134.66554650588128,-0.539119909919781,0.1553661716046336,-3.46999545880361,0.000520467164508,0.0014278532545912
401,Hdlbp,73.9826184658898,-2.01881053670832,0.244339790917477,-8.262307703251452,1.428828033768735e-16,1.2296387036279177e-15
409,Dtymk,268.64947301406465,-0.9617675275984598,0.1198469497804862,-8.02496458491476,1.0155523704209236e-15,8.246542349683831e-15
411,Fam174a,262.6635564770475,-0.52267004977706,0.1145864940822965,-4.561358246999649,5.082378210984299e-06,1.862611162492604e-05
420,Cntnap5b,26.02135986811992,-1.4443573426750145,0.3798481408433807,-3.8024599500950376,0.0001432664320459,0.0004304703332902
426,Tnfrsf11a,471.19500528935714,-0.8897271817717209,0.0897311238113088,-9.915480203309215,3.565377988246228e-23,4.265156138853063e-22
428,Zcchc2,148.86353997787594,-0.7217977721317353,0.1511165027911946,-4.776432479575578,1.7843242779485993e-06,6.904110727141652e-06
430,Bcl2,82.9185460954604,-1.3445740931036587,0.2186028508878983,-6.1507619303335135,7.711159419095803e-10,4.151084280293671e-09
433,Serpinb8,979.1854078285228,-1.3209935744718588,0.0669529469130817,-19.730178212868967,1.1875098873582556e-86,6.648328082097346e-85
444,Inhbb,21.295976115495375,-2.973733409723124,0.5318125777764054,-5.591694393834732,2.2486434936018288e-08,1.0558132121834022e-07
449,Tmem37,172.68018080909272,-0.904550099227696,0.1426276061435976,-6.342040813031624,2.267412251936665e-10,1.28106712039695e-09
450,Dbi,1099.2592094294723,-0.8690808555492875,0.0609044858490068,-14.26957051577275,3.386578198519428e-46,8.88241191557157e-45
455,Ccdc93,870.9202401242884,-2.4643069691221404,0.0801473604865232,-30.747200583561483,1.3328201363270979e-207,2.931442688413143e-205
464,Acmsd,72.73891169539267,-0.6205176533702613,0.2134382083221172,-2.90724729301413,0.0036462482068366,0.0084506454000388
471,Lct,14.050066936149216,-1.7136960654008224,0.5958412698617389,-2.876094946894958,0.0040262858090675,0.0092451448644898
473,Dars,125.8304434030103,-1.4010407072366502,0.1825066864825335,-7.676654122865435,1.6329755766119372e-14,1.2246123710432241e-13
478,Cd55,10.884808762825513,-2.3855699501304923,0.6831113542176294,-3.492212412224793,0.0004790371366368,0.0013243411304833
493,Pm20d1,401.9079060444065,-0.7344223388869652,0.098950222815367,-7.422139313999692,1.1524349722267745e-13,8.191546090675633e-13
495,Rab29,39.59915186214105,-2.2748763656121738,0.3459828945554676,-6.575112242283029,4.861647990908888e-11,2.9034108792875577e-10
501,Gm29695,76.04380848183406,-2.5092040760117302,0.2734416934357022,-9.176377034842169,4.45839194036106e-20,4.666308790876878e-19
502,Nuak2,106.90798262962404,-0.5544513055918203,0.1756035784352311,-3.157403229093773,0.0015918106119715,0.0039901524229753
503,Tmcc2,471.8156933976102,-0.7287840187149557,0.0881666749370763,-8.265980533291986,1.385511627999074e-16,1.1936954126845969e-15
508,Mdm4,122.32277602457624,-0.5078032390887147,0.1635304566753764,-3.1052517641820843,0.0019011712628796,0.0046915263284653
510,Gm28609,44.45719122044798,-0.8967574617393702,0.2788120370694416,-3.216351313828038,0.0012983179051591,0.0033132608101822
524,Klhl12,170.68269947038402,-0.9669930579270632,0.147027605643616,-6.576948959306201,4.801995188492032e-11,2.87224234351295e-10
527,Kdm5b,86.27573438043014,-1.1420783441319302,0.2039671235105974,-5.599325638735068,2.1518724555448073e-08,1.0131568295280689e-07
529,Ube2t,257.2320205600483,-0.8919019019814143,0.1182948001715314,-7.539654327055174,4.7121885092717176e-14,3.43507832806569e-13
533,Gm26642,147.37336217899647,-0.7613101423962317,0.1527693100274642,-4.983397138203784,6.247753338801868e-07,2.5467410750382195e-06
538,Shisa4,214.49722625902663,-0.9719556626695643,0.1341886623971511,-7.243202557552278,4.3821167425187523e-13,3.0173107946251656e-12
539,Ipo9,322.1936628304737,-0.7105391000656102,0.1048700701029748,-6.775423143780794,1.2404267022074836e-11,7.738091372441822e-11
540,Nav1,91.79564247219749,-0.5980121716006823,0.1908109119980478,-3.134056461125245,0.0017240767873119,0.0042930432180906
547,Kif21b,293.6803324812184,-1.3418424007007974,0.1145818867476223,-11.710772433485364,1.122522706922191e-31,1.840506879209165e-30
551,Gm26781,611.7035719929958,-0.934149193084954,0.0774670886808588,-12.058658831666808,1.7460300914040598e-33,3.013663597226111e-32
553,Ddx59,455.7149273642733,-0.60762584255184,0.090513632950088,-6.713086446181025,1.9055014581514482e-11,1.1697408472767026e-10
571,Kcnt2,125.94795463370704,-0.5577594334193559,0.164792444474815,-3.3846177547575453,0.0007127743842084,0.0019086956111172
574,B3galt2,213.44828773549025,-0.5078466087958649,0.1271560038254915,-3.993886198978317,6.499906966552581e-05,0.0002061226934233
577,Gm29170,442.373269527038,-1.1311531109306767,0.0910582732494318,-12.422299155971912,1.9779422335766238e-35,3.633937783788271e-34
581,Pla2g4a,332.73089981630875,-0.6238339292025111,0.1045806956369612,-5.965096382300536,2.4448968154935167e-09,1.26910422695004e-08
587,Hmcn1,82.88594404580344,-0.5928457561276829,0.2053375505973413,-2.887176526665741,0.003887160742582,0.00895372932268
589,Gm10138,2587.663938167725,-0.5823667154790548,0.0435829793633463,-13.362251135332674,1.004788094826057e-40,2.2068070624738917e-39
590,Ivns1abp,31.95950884531032,-1.893032633830412,0.3625310863592038,-5.221711199559734,1.772772914806367e-07,7.643128478397877e-07
593,Rnf2,326.0982626508812,-1.35051198175606,0.1100108210306832,-12.276174008185864,1.2161480001420563e-34,2.1873615198816706e-33
599,Apobec4,444.47866857304734,-1.036503411895512,0.0909467587919766,-11.396815297907605,4.336952376548064e-30,6.717476739369617e-29
603,Nmnat2,15.057311831376625,-2.559884373857363,0.588821710763022,-4.347469407233895,1.3771727250969633e-05,4.804656985178528e-05
605,Lamc2,315.3751656580668,-1.4938914008276758,0.113804005999585,-13.12687886253427,2.3098198688470755e-39,4.871505027502681e-38
608,Shcbp1l,50.83691877539281,-2.060088731774062,0.2962239955390365,-6.954496471581696,3.538234953184699e-12,2.306294044844692e-11
611,Rgs16,737.3263394468626,-0.8381453780175647,0.0737333780475927,-11.36724506880136,6.0878833428997576e-30,9.36354165307539e-29
627,Abl2,78.86554197236495,-1.0215480698698514,0.2095189511105431,-4.875683390238423,1.0843240504888311e-06,4.312435929296228e-06
629,Ralgps2,128.38785139409822,-1.2816684866665158,0.1763842421312191,-7.266343473659242,3.693487405472092e-13,2.5545791596877056e-12
631,Rasal2,710.9271441772635,-0.8859383725213954,0.0740739331992129,-11.960190775056736,5.742982872638848e-33,9.802545932056288e-32
632,Astn1,349.99792150028503,-0.6791652943096445,0.1019656797676668,-6.6607244305844,2.724811252119925e-11,1.656186104920583e-10
640,Rc3h1,336.5244929917155,-0.7059017590220732,0.1021723377156023,-6.908932249225398,4.883150844711657e-12,3.146964855804967e-11
650,Suco,804.5525301801978,-0.935804184499662,0.0696654277312314,-13.432834836096696,3.8825894308469033e-41,8.650701429423867e-40
652,Pigc,683.5098510329516,-1.0018039717198584,0.0759970356287554,-13.182145374901962,1.1118345599431292e-39,2.370887103169586e-38
658,Scyl3,320.2481834131499,-1.387996208171281,0.1115405566354807,-12.44387019429454,1.5100598188340735e-35,2.790982109336062e-34
662,Slc19a2,220.5491086721295,-0.745365500349548,0.1258222845379902,-5.92395459267389,3.142902721652944e-09,1.6134755019195977e-08
679,Gpa33,294.00166301774703,-1.4196955148649928,0.1242669531864726,-11.424562029251854,3.1524089900426777e-30,4.912397652904562e-29
687,Aldh9a1,75.72324265749684,-1.2809700869965586,0.2208034625398509,-5.80140398280832,6.576194969235139e-09,3.2702550951661574e-08
690,Pbx1,761.7255061151345,-0.70720711730468,0.0688144114087565,-10.277020508158971,8.945015645226523e-25,1.1381608336686574e-23
691,Nuf2,225.33589776447013,-0.5581025934672303,0.1257092851389409,-4.439629044508398,9.011406847663768e-06,3.19897670801548e-05
694,Uap1,355.64199321084266,-0.5429142949939493,0.0994562238329414,-5.458826748800488,4.79291157853695e-08,2.189663699203409e-07
696,Nos1ap,15.305016035677,-2.0008059152160222,0.5352780096998193,-3.737881771638745,0.0001855771709455,0.0005488179262153
700,Gm26620,137.06964457257746,-1.0622647021060965,0.163902820317658,-6.481064206505625,9.107790037170104e-11,5.31149755349511e-10
712,Ppox,377.4289014489476,-0.552503573522539,0.0978988413259431,-5.64361708514037,1.6651419388377837e-08,7.932093221023056e-08
714,Ufc1,368.56332423681664,-0.8441646344005739,0.0985379562992752,-8.566898138588476,1.0630985261835265e-17,9.696365467489083e-17
715,Gm20045,147.34852986977384,-0.5713884993556818,0.1587394484990513,-3.599536881086597,0.0003187844197361,0.0009063721008785
720,Usf1,83.95881133614475,-0.8522972288270533,0.2080262422656271,-4.097065925647791,4.18419770000439e-05,0.0001363881882352
721,Tstd1,1372.7862271828556,-1.0362306190935675,0.0579068991420013,-17.894769612036843,1.2953141246352929e-71,5.814185499383373e-70
725,Slamf1,92.62575358968144,-2.807195842257706,0.2522179860618801,-11.130038289850503,8.959701132732586e-29,1.3276569647694988e-27
729,Copa,197.54041317369044,-1.0064398361906597,0.1393625939386366,-7.221735816956808,5.132811653464333e-13,3.5153366644455897e-12
742,Cadm3,2551.3854132413867,-0.5968174396656081,0.0429896351621191,-13.882821694460471,8.051098331936789e-44,1.9706631147615068e-42
744,Spta1,236.0200073645325,-1.1520553122131754,0.1261117304119958,-9.135195500446413,6.528870347068571e-20,6.759817610186128e-19
764,B230369F24Rik,210.7715998736186,-1.194560800236644,0.1326261857429118,-9.006975459222138,2.118174545068533e-19,2.1314650520179826e-18
767,Efcab2,1468.1595904404028,-0.9124417785717532,0.0546402893927948,-16.699065629254743,1.3313330728846722e-62,4.9871542555066705e-61
771,Cnst,172.8581651841023,-0.5801640630797912,0.1445634299530233,-4.013214567946531,5.989742016306783e-05,0.0001909672149162
777,Itpkb,225.83431352732416,-0.5620551740569504,0.1241779950289808,-4.526205902469088,6.005207248823172e-06,2.178001667912404e-05
786,Ephx1,285.6669536378583,-0.8742770108008712,0.1109711471490686,-7.878417347767399,3.315536974027527e-15,2.6164022169209532e-14
788,Cnih4,47.954619169406136,-1.6840870658938203,0.2898340240006359,-5.810522321182435,6.227822811376773e-09,3.1110824141452567e-08
790,Cnih3,3516.7499089741755,-0.6469898467674948,0.0371485760348797,-17.41627582602411,6.208926097266801e-68,2.611820387801084e-66
804,Dusp10,973.2031437859736,-0.5575321579955237,0.0643900375719071,-8.658671108444425,4.772957658271102e-18,4.429442803299692e-17
823,Gm26574,291.27184572845573,-3.63557599069026,0.3583105155284457,-10.146439563260984,3.4367352877055236e-24,4.319345019552183e-23
829,Spata45,335.37210323042063,-0.7040972626063492,0.1034991494985628,-6.802928004892697,1.0251388720137204e-11,6.428059444190766e-11
836,Ppp2r5a,254.55577800220843,-0.8563745112557656,0.1178170999834949,-7.268677563577236,3.6302374699703564e-13,2.511961172479263e-12
838,Ints7,793.7413320965561,-1.3825857741191945,0.0772439177239317,-17.89895974800928,1.2014513079680325e-71,5.40863869516837e-70
844,Traf5,600.1311643565011,-1.3839934901772268,0.0835441363852083,-16.566015881663546,1.2269036013111628e-61,4.5082118963691316e-60
845,Gm26879,36.22535850149402,-2.005420683629804,0.3567507442665783,-5.621349684224552,1.894713155615672e-08,8.970173352970137e-08
854,Plxna2,136.1622217333978,-1.0788814124909027,0.16291073735598,-6.622531025278057,3.5309991674753805e-11,2.1302219115380468e-10
879,Cdc123,302.3589753282757,-0.5322595154463893,0.1099935724162441,-4.839005623275709,1.3049035502622166e-06,5.132931798629813e-06
883,Echdc3,67.0947969494688,-0.8798651760545443,0.2249622054263071,-3.911168875621508,9.185051875642488e-05,0.0002839619652156
895,Rbm17,741.2353051531653,-0.5154741573485543,0.0720857571611823,-7.150846126176691,8.624462424769988e-13,5.808496215737477e-12
906,St8sia6,219.92291475270187,-0.5336499709674282,0.1236533654276078,-4.31569305956214,1.5910292860400293e-05,5.498425788523522e-05
907,Hacd1,20.18607508554669,-2.484532392827861,0.5016444917277645,-4.952775189996868,7.316248241129265e-07,2.9665777698295013e-06
913,Arl5b,83.58999659415235,-1.806931451802056,0.2269268916014956,-7.962614915534967,1.6844105243880193e-15,1.352800439931035e-14
919,Commd3,119.98614125882015,-0.5693389746197931,0.1729896855768505,-3.291172954741656,0.0009977055170927,0.0026039454384065
927,Enkur,23.964538162508703,-1.6827454960692407,0.4206432918646003,-4.000409678732961,6.323291867207405e-05,0.0002010603089374
933,Abi1,2947.231306363619,-1.3905858872688692,0.0442740861014097,-31.408573495650085,1.5453527341476122e-216,3.776547729355022e-214
935,Mastl,234.734049740401,-0.7220729278204687,0.1238118446663142,-5.832018170527465,5.476095386880999e-09,2.7597369746782284e-08
946,Pnpla7,2349.231632148568,-0.586735346691171,0.0538795127224074,-10.889767131230188,1.289696198111851e-27,1.845368277521381e-26
948,Nrarp,34.59546802701539,-1.0731923694007095,0.3408879354503661,-3.14822631661298,0.0016426446219445,0.0041095477087192
951,Tubb4b,60.20811061718509,-1.1619764824907757,0.2467289824185018,-4.709525695363306,2.482939119678107e-06,9.471588376254742e-06
957,Anapc2,300.75665849262845,-0.620007121861331,0.1102693315167192,-5.622661471991644,1.880376649775525e-08,8.913263208110835e-08
962,Sapcd2,520.250444691234,-0.5436020077095111,0.0828589437387492,-6.560571293588602,5.3602019533475005e-11,3.1826231926850665e-10
971,Tmem141,47.1269866482176,-2.41557396289076,0.3237896722180244,-7.4603181328903805,8.631381877728383e-14,6.198169561077713e-13
974,Ubac1,376.16689950124857,-0.8709040206710318,0.0973465378088536,-8.946430353600345,3.6716344828958354e-19,3.644647614356176e-18
1004,Mrps2,168.39291780070113,-0.5001122054424813,0.1391004237321244,-3.5953320056420752,0.0003239781392444,0.0009197800906891
1006,Gtf3c5,182.81513196874928,-0.9355153078140204,0.1477148333696804,-6.333252297504484,2.4004655126469283e-10,1.3517764093896162e-09
1013,Trub2,162.5542029468751,-2.131658639205259,0.1834992460579732,-11.61671606286492,3.3891448760257833e-31,5.46379837814586e-30
1024,Lrrc8a,408.6805053363788,-0.6783228730920353,0.0975236672118982,-6.955469297705793,3.513903052984659e-12,2.2923750594810088e-11
1027,Gm14471,398.4238417688615,-0.5840897596356838,0.0927859788911078,-6.295021797648566,3.0735666602017136e-10,1.7157589666593761e-09
1028,Sh3glb2,405.25748195633287,-0.7525094933182134,0.0959124380226208,-7.845796737444366,4.302132814465383e-15,3.375924404256322e-14
1029,Miga2,165.27404238388434,-0.9759289014586654,0.1670657577229019,-5.84158546168005,5.170634119013937e-09,2.610924332447969e-08
1032,Ptpa,44.57350334322606,-2.3205290046348117,0.3327901006006389,-6.972950819289953,3.103611476861299e-12,2.038532521235348e-11
1039,Tor1a,155.36694092746248,-0.6137879643802996,0.1541762372869976,-3.981080192259064,6.860279798733004e-05,0.0002166051588172
1062,Naif1,166.4684256206551,-1.2896749476264175,0.1554790503226706,-8.294847086793455,1.0872497246420746e-16,9.414677593132385e-16
1067,St6galnac6,18.500986145313345,-1.992149775907737,0.5116655082240176,-3.893461145783416,9.882403684785646e-05,0.0003040557296781
1070,Cdk9,439.1875195053362,-0.7809895605720096,0.0918480120730053,-8.503064388059267,1.8465042096198604e-17,1.662501684871776e-16
1075,Stxbp1,15.690761545765454,-2.993540855887028,0.6433486287260711,-4.653061687276303,3.2704235607228698e-06,1.229583422243939e-05
1077,Lrsam1,387.3394067924726,-0.8927124684550887,0.0953534738431191,-9.362138918229965,7.813856666248602e-21,8.460065909533298e-20
1081,Ralgps1,208.9319077038897,-0.99767141711412,0.146271731823713,-6.820671394774454,9.061600373187592e-12,5.7106999322798274e-11
1082,Angptl2,70.20128352960899,-2.120623308160509,0.2537644962242786,-8.356658790780127,6.451956755828864e-17,5.660075567677561e-16
1085,Lmx1b,175.9865432770371,-0.5088753679945068,0.1473863893422034,-3.4526618791983164,0.0005550843049533,0.0015139199218887
1090,Rabepk,831.0308033226601,-0.5640013853928599,0.0689660075163799,-8.177961951167111,2.886848885315582e-16,2.432727172321768e-15
1093,Cutal,461.00482590072073,-0.9345417030882498,0.0930626888322458,-10.042066426565947,9.956614532077675e-24,1.226336298686943e-22
1095,Rab14,2053.51926635116,-0.5494738739092628,0.0472441189284474,-11.63052431439047,2.883211535407197e-31,4.6677102838201064e-30
1096,Gsn,54.811552928467,-0.7848634034314272,0.2480356233444145,-3.1643172575319567,0.0015544724635256,0.0039048226543385
1102,Rbm18,3125.911460607864,-0.8355919182096861,0.1533982666771763,-5.447205736477928,5.1167267434246674e-08,2.3299948222941785e-07
1110,Gpr21,124.25971320846328,-0.5643532988884713,0.1686017262259166,-3.347256944049733,0.0008161552365702,0.0021660965389131
1116,Rpl35,1325.3915482192065,-0.7151815604728566,0.0542274285738038,-13.188557511988426,1.021205976861762e-39,2.1867158859198446e-38
1119,Scai,619.9540740227955,-0.75662805772389,0.0768673919171646,-9.84329035827393,7.327437936792521e-23,8.578953192004383e-22
1120,Ppp6c,52.08825459948875,-1.0100008572263326,0.2585953704377475,-3.905719021638376,9.394562310326812e-05,0.0002900896135776
1123,Arhgap15,130.54525878586847,-0.5015376289221047,0.1595973349745465,-3.142518820894427,0.0016750094425301,0.0041816840241924
1128,Lypd6,14.295282146689985,-1.8796086883163965,0.5500131026191695,-3.417388930128529,0.0006322488636249,0.0017071384609557
1129,Mmadhc,3390.210228785258,-0.7086214410479438,0.0392476115587022,-18.05514814546269,7.186885318402906e-73,3.3228013922561904e-71
1133,Nmi,135.64053100997168,-0.9236301490311126,0.1606114876080762,-5.750710380598382,8.886924045939748e-09,4.3615901374334826e-08
1146,Kcnj3,17.197730161452224,-1.7542790183527792,0.4834899532142385,-3.628367056420391,0.0002852195579244,0.0008184977285749
1150,Upp2,397.8676438185816,-0.6603722379817546,0.0931902240433739,-7.086282330155087,1.3776262220189625e-12,9.193729221588183e-12
1152,Tanc1,665.4448001831282,-0.5672010030652261,0.0729824549794659,-7.771744636773478,7.741239427509815e-15,5.959206111297056e-14
1161,Itgb6,104.82120798605963,-0.694125876803312,0.1799557184783957,-3.8572037758646927,0.0001146915437813,0.0003499387649738
1162,Rbms1,224.43292590658788,-0.9055141908353572,0.1378078160362176,-6.570847843618513,5.002956358139456e-11,2.9808636257707067e-10
1168,Ifih1,1610.468764035811,-0.986450167708041,0.051075771120813,-19.313465975378485,4.138451336480431e-83,2.19708954401561e-81
1169,Gca,24.99742700080857,-2.234912604485457,0.4522691087921645,-4.94155484210284,7.750200919431715e-07,3.128528929092047e-06
1171,Fign,240.40842486623737,-0.8799489151707403,0.1228307047239965,-7.163916523543573,7.840415733631091e-13,5.292022824856829e-12
1177,Gm13630,216.13995293000625,-1.316464826537905,0.1368099699872056,-9.622579601918046,6.420054034182496e-22,7.289317987483311e-21
1179,Scn9a,402.8511542173625,-0.765998119830931,0.0976834409259407,-7.84163736013023,4.44709102226388e-15,3.4843467368333186e-14
1201,Tlk1,927.1300401639896,-1.041789506065153,0.0647733104184313,-16.08362301286225,3.3236009244495665e-58,1.144746304984911e-56
1204,Dync1i2,236.51137016833303,-0.9020557613005906,0.121753034538391,-7.408897566459876,1.2735362175853886e-13,9.023176993071624e-13
1211,Itga6,321.9631530478739,-0.7798982519017681,0.106390635570277,-7.330515958677594,2.2926832608512337e-13,1.6030041545897184e-12
1219,Gm11084,231.0001246632925,-0.5417463595606523,0.1245804648323882,-4.348565887031512,1.370306522899649e-05,4.781785862774931e-05
1223,Cir1,93.46175045222296,-2.4801535856947825,0.2357002945495524,-10.522488274503909,6.805223146864429e-26,9.094897184819856e-25
1231,Atf2,107.12594996456636,-0.6847611789126808,0.1798045168213695,-3.8083647230785136,0.000139888840181,0.0004210613066328
1233,Lnpk,64.74683842739456,-1.9464047011046144,0.2589945595825978,-7.515233927081284,5.6809262622900903e-14,4.117869149445303e-13
1239,Ttc30a1,377.61668974038463,-0.5633208087668939,0.0957456482637867,-5.883513444025162,4.01647453765827e-09,2.0448955681807778e-08
1243,Osbpl6,311.81120858596154,-0.5107257211788138,0.1035526525176561,-4.932039003942783,8.137566203193934e-07,3.2780211738454687e-06
1255,Neurod1,305.0791992738004,-0.5634969191948547,0.1062469145660435,-5.303654430779566,1.1350709348065833e-07,4.977371720957606e-07
1257,Pde1a,217.65452413161827,-0.5983367816468901,0.1259668909535625,-4.749952762329158,2.0346417028692462e-06,7.819606504586848e-06
1269,Ctnnd1,30.134788940862137,-1.2384529088897385,0.3492716189559883,-3.5458160402256893,0.0003913993375168,0.0010976291804024
1276,Serping1,325.62754948988544,-1.807353763803992,0.1156036592016777,-15.634053249568428,4.2677066073036656e-55,1.363186948673179e-53
1281,Slc43a3,30.62157623401976,-3.0581254542066105,0.4678845705581297,-6.536068181429101,6.315713241777486e-11,3.7255448685979375e-10
1285,Olfr1124,563.0244788283447,-1.1395811056529594,0.0835010575684107,-13.64750505967333,2.0890927408945265e-42,4.895536048525438e-41
1287,4933423P22Rik,71.47155541181273,-0.7287109439659873,0.2174970287296829,-3.350440915087942,0.0008068302004737,0.0021443048103736
1298,Gm13778,74.48309739406263,-0.731504922739077,0.2158880661478742,-3.3883527505315043,0.0007031377151551,0.001885977049221
1300,Slc39a13,486.1084334936515,-0.7577972703362955,0.0894844251547338,-8.468482297628158,2.4861100942135187e-17,2.222772997126094e-16
1301,Madd,125.8170880307766,-0.7337279337570815,0.1679669438375921,-4.368287693955578,1.2522446699141374e-05,4.383710536152356e-05
1304,Arfgap2,48.57781682745883,-4.262695879639002,0.4813264016981384,-8.856143906920636,8.28299352751959e-19,8.030539568620376e-18
1326,Mir670hg,114.83958888054518,-0.975960211146524,0.1756441988690662,-5.556461399980836,2.752985651064449e-08,1.2840038498572628e-07
1328,2810002D19Rik,101.09337057808877,-1.1574999494647995,0.1950707310646648,-5.933744868578439,2.961018389929169e-09,1.5251869900083472e-08
1331,Gm10801,12597.05149082946,-1.4125332529174006,0.0321059930360395,-43.99593718630054,0.0,0.0
1344,Cat,177.09048388616088,-0.6133852048481687,0.1399148312623741,-4.383989883802405,1.1652518659048144e-05,4.09407068175959e-05
1352,D430041D05Rik,172.1275805594399,-0.6069782653916599,0.143389563911899,-4.233071423277342,2.3052125515195102e-05,7.788249384067233e-05
1356,Depdc7,541.594867583762,-0.6056387875574684,0.0829473731127853,-7.3014824319266625,2.8461424533254536e-13,1.9782938695891053e-12
1361,Wt1,357.59175267652745,-1.1626268281896366,0.1042395114544942,-11.15341785439182,6.890766049993933e-29,1.0280061444351415e-27
1366,Dnajc24,2899.6167024739298,-0.5584021027512496,0.0551997579417474,-10.11602448221845,4.69083449265881e-24,5.866782116082457e-23
1372,Lin7c,561.8475063571534,-0.8985243233662612,0.08056853345879,-11.152298357594496,6.978030234185576e-29,1.0400169746904272e-27
1374,Lgr4,12.3692724246119,-2.602433203549781,0.6589731012806513,-3.949225239227824,7.840454996965893e-05,0.0002451993604169
1381,Lpcat4,558.3662577163686,-0.6981848725268559,0.0831373196154922,-8.397971882614703,4.542559267406781e-17,4.007864898624344e-16
1383,Slc12a6,20.05312429744312,-1.26088159261919,0.44259483772325,-2.848839356340633,0.00438790298756,0.0099994307869262
1390,4930533B01Rik,36.09195901320846,-3.8079502812006254,0.4953042474265552,-7.688103425289677,1.4933207556837162e-14,1.1220676600540017e-13
1393,Actc1,163.02875363951978,-0.658865789265211,0.1437906690617089,-4.5821178353544845,4.602903863269141e-06,1.6949607242021454e-05
1395,Dph6,301.8239057706855,-0.5715248846073919,0.1096818110159549,-5.210753536192567,1.88075166182161e-07,8.090542773234286e-07
1398,2700033N17Rik,1801.8312060743028,-0.9355684695001956,0.0519420345205349,-18.011779440990605,1.5748359141959758e-72,7.194710307110162e-71
1408,Bmf,238.04461100691435,-0.5320120940815412,0.117369316025455,-4.532803905632016,5.820584541985442e-06,2.1157825987282868e-05
1417,Knl1,54.85808029423439,-1.4852316906450256,0.2701265705330486,-5.498280630869354,3.835122522398648e-08,1.765716099128277e-07
1423,Ppp1r14d,1015.7124644640572,-1.157317995556474,0.065381682209717,-17.700951649489262,4.122812559126428e-70,1.808399491746737e-68
1425,Vps18,357.3211341775116,-0.7656390545331218,0.0984966956174212,-7.773246094539054,7.649991069466643e-15,5.89485798325868e-14
1435,Rpap1,416.8569700746852,-0.5060291925191482,0.1041543248543116,-4.858455884832135,1.183047606649656e-06,4.67390324659433e-06
1442,Pla2g4e,40.85764205817318,-2.83138384711314,0.4073002586225033,-6.951588630679809,3.611953685169263e-12,2.3533490874678787e-11
1448,Stard9,455.6822364883708,-0.9457638349370048,0.0913038523198372,-10.358422026093663,3.832320425447328e-25,4.979105929973592e-24
1453,Zscan29,719.0223431536424,-0.9784471794634398,0.0723847227810287,-13.51731611134774,1.236034796137677e-41,2.806783439725026e-40
1455,Trp53bp1,770.591038278471,-0.6390766354012013,0.0686222709038234,-9.312962497217407,1.2431556291658806e-20,1.3337717119608292e-19
1459,Pdia3,116.2501747813394,-0.753682342240266,0.1727979157627344,-4.361640236883025,1.2909101234428426e-05,4.513934194986601e-05
1461,Mfap1b,555.97012326363,-0.518625161080511,0.080504285301277,-6.442205643334665,1.1774958488553642e-10,6.787243013469556e-10
1462,Mfap1a,541.8973444904294,-0.9348674467365682,0.0816079722188174,-11.455589709175538,2.204577015159697e-30,3.470518172331155e-29
1467,Spg11,50.01167377715706,-2.5159742040261674,0.3294034114256849,-7.637972518671938,2.2066894445966863e-14,1.6420585156602505e-13
1470,Trim69,1046.293652488793,-0.8038859835234373,0.0641896789188014,-12.523601879054985,5.546003840499163e-36,1.0412960381503063e-34
1478,Slc30a4,252.96253082702387,-1.785950804711014,0.1298794392695912,-13.75083550371595,5.0344741733255755e-43,1.2054551224342229e-41
1479,Bloc1s6,771.1591499295961,-0.783427228092631,0.0720202550244132,-10.877873562473038,1.4695102908755756e-27,2.096810049890673e-26
1481,Sema6d,282.4150557767262,-0.7193931398841227,0.1124134672986227,-6.399528074097014,1.558579226346666e-10,8.89725093393892e-10
1483,Myef2,211.1142811086884,-0.5374195938064739,0.1300068622856783,-4.133778666433336,3.568471488315978e-05,0.0001172933113452
1485,Dut,20.032174312871728,-1.7483104498447035,0.4559847534874421,-3.834142340228164,0.0001260031646968,0.0003820292878441
1486,Fbn1,71.14435903099495,-1.2747367859234109,0.2358575325003066,-5.404689739649309,6.492066859780056e-08,2.9208609401862576e-07
1493,Fam227b,28.52397306129133,-1.3910260592174375,0.3579848334383972,-3.8857122684690726,0.00010203029595,0.0003131695447461
1494,Dtwd1,33.02008285734588,-1.5252553991662523,0.3470567714604035,-4.394829678003481,1.1085964015384416e-05,3.905709427479599e-05
1497,Gabpb1,227.6306394469321,-0.7431257318836002,0.1301337626695345,-5.710476025892796,1.1266060753918664e-08,5.4569904154947076e-08
1498,Gm27003,2083.0877119655765,-0.6403062729580861,0.0485152185822377,-13.198049842292438,9.003583942358098e-40,1.9306292253000734e-38
1502,Sppl2a,55.98310014602572,-1.189146182722118,0.2545096840113162,-4.672302302922373,2.9784215019133324e-06,1.124746726123995e-05
1510,Tmem127,38.21561863667733,-0.8954587552885291,0.3123429454252041,-2.866908852605932,0.0041450237243382,0.0094937199137029
1512,Gpat2,103.95988733938212,-1.0481241275859656,0.1938960560677931,-5.4055979726555305,6.459253163763532e-08,2.908647607759677e-07
1515,Zfp661,601.8315467753358,-0.5216193764870795,0.0764001216624625,-6.827467877493774,8.642647056896919e-12,5.455604513652519e-11
1524,Gm39929,105.54182025092976,-0.6722729215632544,0.1783274244352649,-3.7698796115753783,0.0001633263120522,0.0004871313251367
1528,Zc3h6,170.6696591301895,-1.5357511113816082,0.1556779133275709,-9.864926106442253,5.907793238208476e-23,6.932651272519643e-22
1530,Ttl,479.0115274795917,-1.1879448402508972,0.0893841066147695,-13.29033633877149,2.6339159985880654e-40,5.7276512308279466e-39
1532,AI847159,120.9767659651519,-1.1498636313197277,0.179021071447001,-6.423063061937617,1.335591287505691e-10,7.666951328276515e-10
1533,Slc20a1,243.7923717268168,-1.1886322521458097,0.1235539580311648,-9.62034944963878,6.560789180540773e-22,7.443619029005581e-21
1535,A730036I17Rik,372.7067927138685,-0.520089731725862,0.0957069305663273,-5.434190906012044,5.504562383649848e-08,2.496266346352668e-07
1540,Stk35,389.66409164937846,-0.8071481925625289,0.0967045768916397,-8.346535588144512,7.029446705184759e-17,6.15616390631539e-16
1541,Snrpb,19.00058360526984,-1.6514078979247158,0.4861339373018206,-3.3970224483616422,0.0006812337822248,0.0018312677238209
1543,Nop56,53.15952279187838,-5.303360736775134,0.6220367739213878,-8.52579937250682,1.5175810158500402e-17,1.371971657077347e-16
1545,Ebf4,1044.7983195244444,-0.7160304102950019,0.0654936358876275,-10.932824244535004,8.0309308314864736e-28,1.156634341268155e-26
1550,4930473A02Rik,2650.6233761446606,-0.8642269810620705,0.0499399808051981,-17.30531263985016,4.2894640293697705e-67,1.7705251527125196e-65
1552,Ubox5,351.04406081238494,-1.272622444876635,0.1053891633946456,-12.075458271844404,1.4236887090449716e-33,2.4739403345887566e-32
1554,Lzts3,3963.698010616065,-0.5134330565647337,0.0356091796984609,-14.418558947790755,3.955144559980936e-47,1.0535191288142992e-45
1555,Ddrgk1,693.4071749170554,-0.5643584896173077,0.0752411625975933,-7.500661474831589,6.34965826600792e-14,4.591973948134119e-13
1559,A730017L22Rik,125.05059573453596,-1.0532304143874196,0.1722616394983879,-6.11413206941686,9.708388077410264e-10,5.177358602002371e-09
1562,Adam33,21.03376227565829,-1.3613602315970772,0.4260826003812533,-3.195061779990428,0.0013980091098936,0.0035418377910024
1564,1700037H04Rik,256.8278184522138,-1.0363747960297849,0.1339200346008902,-7.738758424894368,1.0039232333706007e-14,7.663064998003853e-14
1574,Prnp,117.34554274614544,-0.681113309034098,0.1705617791684678,-3.9933525104786023,6.514560676914301e-05,0.0002065023186777
1576,Rassf2,84.35392809705421,-2.074625879714279,0.2329889658371303,-8.904395417440215,5.367779058919903e-19,5.280659833299094e-18
1582,Gpcpd1,112.48806196956376,-0.9675269390137716,0.1789741243682469,-5.405959897437706,6.446221947563242e-08,2.903628821084953e-07
1583,Shld1,658.3285844721521,-0.7963693630489188,0.0759136808585358,-10.490459085140964,9.556293065749676e-26,1.2705413474981175e-24
1584,Trmt6,439.5567426677053,-0.8948187090834009,0.0947496134325766,-9.444035460051236,3.586925592017637e-21,3.938966220734917e-20
1585,Mcm8,2473.280010421048,-1.047783724447916,0.0449499589988035,-23.310004008586656,3.5098093519799307e-120,2.9367948251675557e-118
1591,4930545L23Rik,656.4852608347602,-0.5444259341528979,0.0729788426491135,-7.460051631272486,8.648858181778638e-14,6.207823802641673e-13
1593,Plcb4,1408.9316919823352,-0.5610446596718203,0.0539101159692092,-10.407038634312354,2.302736002921976e-25,3.0172700851903612e-24
1599,Btbd3,414.1068775408264,-1.118217291946501,0.0953506281406058,-11.727424493707131,9.222217998128752e-32,1.5169366271281013e-30
1602,Ism1,385.5410927745136,-1.061603127665948,0.097207295249484,-10.921023210668777,9.145958217627598e-28,1.3147635174471944e-26
1607,Macrod2,247.11414016148748,-0.8283227735510859,0.1230160838536119,-6.733451005778909,1.6568546918673585e-11,1.0195417600315687e-10
1609,Kif16b,13.120817733390142,-3.460470906557523,0.7564305285653944,-4.574737237430735,4.76818036091121e-06,1.753609374962138e-05
1610,Snrpb2,2343.213676239505,-1.4694471422905475,0.0463185896048036,-31.72478166602364,7.074799227459013e-221,1.8153934817659832e-218
1613,Dstn,13.596308872966771,-2.3837416463194425,0.5999527070624904,-3.973215918952683,7.090871611844196e-05,0.0002231624270972
1615,Gm5535,417.81974294621,-1.6041197928376336,0.1067300611380809,-15.029690564519774,4.691923357065938e-51,1.3426924164570108e-49
1617,Mgme1,252.29100604019612,-0.7135655395398803,0.1187259592100897,-6.01018971998534,1.8530634401250393e-09,9.691183348584385e-09
1620,Dzank1,95.99633921378928,-0.646426807005651,0.1881930859453105,-3.434912625820401,0.0005927449104447,0.0016085457169928
1622,Rbbp9,390.8126154414158,-1.097711523341787,0.0974353115974233,-11.2660544246755,1.930273615876535e-29,2.9250484832711747e-28
1626,Slc24a3,377.8887959763495,-1.0153273599847443,0.0975495840467265,-10.408320752022892,2.2719377428500737e-25,2.9819909197715034e-24
1627,Rin2,182.41676351253568,-1.3095428472749404,0.1487844266975777,-8.801612348426387,1.3486433694470013e-18,1.2920792355946504e-17
1630,Cfap61,56.74499436015869,-0.718812250999739,0.242997236961959,-2.958108742249889,0.0030953290919055,0.0072778996180479
1634,Kiz,456.8266590931485,-1.2972063349210867,0.0924871905499802,-14.025794569033575,1.0839130993586897e-44,2.7267853068180373e-43
1635,Xrn2,367.93055199627344,-0.7841956554297788,0.1038124321363295,-7.553966700249832,4.2219816638667756e-14,3.0894310692439577e-13
1645,Gm14124,14.570678299470725,-1.6621040892089134,0.5830588661751277,-2.850662575654382,0.0043628240482962,0.0099466961420952
1646,3300002I08Rik,56.98058503880378,-1.1735093397338534,0.2527291409395542,-4.643347954933794,3.4280829238588417e-06,1.2852011485747054e-05
1649,Apmap,1176.142277748129,-1.6363464045065217,0.0614179233846295,-26.642815554979062,2.1678793583908405e-156,2.9023191827639468e-154
1650,Acss1,60.26067512646943,-2.103914970740565,0.2760817305615734,-7.620623669885817,2.5245296319530288e-14,1.8713364570798666e-13
1652,Entpd6,79.40280914810775,-1.3581685402468138,0.2253575626781587,-6.026727144659722,1.6731311106897243e-09,8.773680715319822e-09
1653,Pygb,27.817211534086766,-1.3393934613996188,0.3696504193979183,-3.62340576694382,0.0002907491604181,0.0008332788670508
1654,Abhd12,409.2578575661796,-1.528179253355818,0.1007712089991697,-15.164839923359542,6.044609512749567e-52,1.7658976861156041e-50
1656,Ninl,150.817497347913,-2.577538393586962,0.1914606764295282,-13.462494971053166,2.5998685878609675e-41,5.8179617410911995e-40
1661,Snph,276.5072937352166,-0.9257519680727744,0.115325833339107,-8.027273172617532,9.96630035792409e-16,8.105713698394046e-15
1662,Rad21l,102.96970240974947,-0.6651728997673589,0.1861312757005153,-3.573676144774402,0.0003520042565421,0.0009942134532604
1666,Csnk2a1,96.34302241869209,-0.9384022162843052,0.1947474351580322,-4.818560077686351,1.4459798682940496e-06,5.664708919148903e-06
1688,Dnmt3b,1858.452347329008,-0.7669986324366141,0.0484703254247649,-15.824086711097893,2.1225665756852437e-56,6.997652034100643e-55
1691,Cdk5rap1,56.62888538744229,-1.2133664778872748,0.2548826594902312,-4.7604904951714815,1.931230298605416e-06,7.442370344608159e-06
1695,Pxmp4,211.69778826936357,-0.5362634661055481,0.1267114046380611,-4.232164165785494,2.3145336363495057e-05,7.814596461674778e-05
1700,Eif2s2,157.2126161411984,-1.1533853013128237,0.1535290667664604,-7.512488192657923,5.801397609874481e-14,4.2032149459589413e-13
1703,Dynlrb1,14.728180225904907,-1.5665730162249236,0.5131800014076143,-3.052677446369561,0.0022680958914886,0.0054948236578062
1709,Myh7b,783.433460189252,-0.5685670728620124,0.0685156652389988,-8.29835149200867,1.055659561753228e-16,9.156582880424057e-16
1711,Procr,1924.82833639406,-0.639237529773241,0.0468893736997888,-13.632886927984714,2.5527840059477232e-42,5.945939872249796e-41
1713,Eif6,200.7667165347152,-1.6324731926516045,0.1487753143485211,-10.972742351781374,5.168072883393289e-28,7.49224577332609e-27
1718,Fer1l4,1094.758637112652,-0.7601669383555506,0.0622999056210801,-12.20173499104526,3.0427075588815286e-34,5.3783611454121714e-33
1720,Cpne1,149.145985813842,-0.734657396355566,0.1536954002214647,-4.779956949244897,1.753327349516616e-06,6.791000722806999e-06
1724,Phf20,84.30392365229234,-0.7471843581291255,0.2003747277230369,-3.728935113822851,0.000192290653397,0.0005671469156515
1732,Myl9,239.70134056419303,-1.1294281650632476,0.1350095594127539,-8.365542188093047,5.983911420597107e-17,5.255464930491332e-16
1749,Platr27,485.2423758698383,-0.9847413151880288,0.0899911653596334,-10.942644327948052,7.20667426925618e-28,1.0388947289276044e-26
1758,Actr5,330.1938214255677,-0.716181294553767,0.1078516202681166,-6.640431481449762,3.127662034980764e-11,1.8950603971099503e-10
1788,Serinc3,102.51112108337344,-1.460415754485912,0.2024757007838416,-7.212795159281944,5.481484331736149e-13,3.746032229629288e-12
1792,Rims4,151.6831290411735,-1.0103118275925185,0.1551336240047179,-6.5125264369624505,7.389720290264426e-11,4.3358282617725264e-10
1799,Matn4,158.50138039569435,-0.6106669916283568,0.1490529071689559,-4.096981422416319,4.185724794826263e-05,0.0001363881882352
1802,Dbndd2,16.052287428300257,-1.7312146153463197,0.5410566040249535,-3.199692236390254,0.0013757440698422,0.0034909368919987
1815,Pltp,11.81630356483808,-2.74529098355698,0.6867036224844631,-3.9977814207891305,6.393895180046467e-05,0.0002030117760197
1854,Kcng1,47.21602144961404,-1.0908836079272413,0.2763269802418983,-3.947799838337447,7.88727042529781e-05,0.0002466133539152
1865,Fam210b,14.439466297264325,-2.1686605710998865,0.5801510712447252,-3.7380962969644855,0.000185418931282,0.0005484553056712
1866,Aurka,48.7057756957901,-1.0079107518737758,0.2692834139967285,-3.7429366217334894,0.0001818821158149,0.0005386145518537
1871,Gcnt7,689.7173300599037,-0.8687411733532601,0.0752051791394241,-11.551613642761051,7.244727559466002e-31,1.1594576455877189e-29
1874,Rae1,13.389256795208029,-2.035701489858297,0.588690772478013,-3.4580149460968963,0.0005441711944672,0.0014857350079831
1890,Gm14391,1268.9875842226445,-1.71343485694284,0.0601713691824927,-28.47591604150125,2.328373296875869e-178,3.896482095510966e-176
1900,Gm14410,1627.314100215625,-0.9887996506284856,0.0521882669807757,-18.946780719749214,4.6943783792284206e-80,2.3696606402164184e-78
1911,Zfp971,108.80961324176492,-0.947455617331823,0.1816532246056485,-5.215737950089557,1.830868593596016e-07,7.882565119408351e-07
1916,Cdh4,441.4586413683234,-0.9712886342224692,0.094114792744055,-10.32025472195308,5.707154583684664e-25,7.334503503373046e-24
1929,Slco4a1,105.430821055209,-3.465988556675842,0.2776657128595926,-12.482594703468092,9.290881845943829e-36,1.7296543760598691e-34
1930,Mrgbp,66.47932504662845,-0.7149270125619914,0.2272544990608326,-3.1459311719527987,0.0016555896197489,0.0041385708370929
1934,Gid8,1048.7589843389762,-0.8035173571162904,0.0626598320723642,-12.823484049371997,1.2113263741791357e-37,2.400203456481592e-36
1936,Gm27032,12.461205627854332,-1.6157405549058037,0.5580319168949602,-2.8954267775510387,0.0037864335511564,0.0087453049070599
1938,Nkain4,340.98728103069107,-0.6890234088335206,0.1003083488502114,-6.869053441029383,6.462929379465509e-12,4.1253424845046007e-11
1953,Tcea2,500.1444577439633,-0.5391815594492515,0.0877777661930748,-6.14257553858542,8.119404323368315e-10,4.36285547078393e-09
1954,Rgs19,125.42663085213684,-0.6069688171183435,0.1753313877150668,-3.4618377520899792,0.0005365004770822,0.001466352093939
1976,Ralyl,217.1219520579021,-0.5927250878538604,0.1245612673518442,-4.758502385654193,1.950345880033894e-06,7.510636610555737e-06
1980,Car13,374.346019799026,-0.5909895341058703,0.096042145505287,-6.153439523832139,7.58202971598351e-10,4.084427204593496e-09
1981,Car3,956.3405193631776,-0.8405098777734341,0.0664883410517865,-12.641462615509928,1.2471223835148651e-36,2.4000870270743584e-35
1996,Tbl1xr1,43.80458506867552,-1.2243560411209222,0.2879139537553491,-4.252506782499682,2.113908121190394e-05,7.179732943712179e-05
1998,Nlgn1,57.72247351655654,-1.4716039312187268,0.2571587656546383,-5.722550143186938,1.0493685838514082e-08,5.1029939093418455e-08
2000,Nceh1,271.3893075897313,-0.925016792116774,0.1180645000877778,-7.834842746372095,4.694298490518287e-15,3.670564731336696e-14
2009,Lrrc34,18.939934398556016,-1.9286819546009373,0.4976466021973811,-3.87560559257263,0.0001063598436572,0.0003260036139651
2011,Lrrc31,599.1658193843795,-0.697845679165756,0.0776939717133607,-8.98197973119902,2.6593783054927126e-19,2.660415100153724e-18
2013,Gpr160,128.67469221065363,-0.5386169116497685,0.1596404443532482,-3.37393768748182,0.0007410113967964,0.001979974221638
2019,Zmat3,1408.1575336118235,-0.5938063270561689,0.054828736388908,-10.830202666795302,2.476066843418437e-27,3.49738762580461e-26
2021,Mfn1,540.9783594008105,-1.2922159043396362,0.0883705358914938,-14.62270078260349,2.012555997833212e-48,5.53309145404288e-47
2023,Gm37640,1756.3442713159482,-0.6887674459925754,0.0498744277201956,-13.810032064060623,2.2173287338172458e-43,5.3507826310110214e-42
2025,Mrpl47,1048.101030678449,-1.292524548987399,0.0667304407842711,-19.369339296977287,1.4004304885770415e-83,7.486467986851433e-82
2027,Pex5l,11.908559116586622,-1.8210430127516275,0.5865384734482733,-3.1047290078785,0.0019045342899891,0.0046983191681897
2032,Fxr1,1505.61691025606,-0.8075125109632115,0.0518004620181971,-15.588905571528258,8.660455603382724e-55,2.749203597312998e-53
2035,Sox2,2752.9279175336483,-0.6445402586810278,0.0421638836442247,-15.2865486519127,9.400152625607364e-53,2.8433153207043413e-51
2036,Gm38509,462.66551067280346,-1.669312806052787,0.0953746591683678,-17.502686988436807,1.3666692404732492e-68,5.7964847455443925e-67
2037,Gm6639,2354.1863706795816,-0.9648306691075288,0.0452707431081856,-21.31245486299678,8.701154116160675e-101,5.700551862655734e-99
2039,Dcun1d1,221.83533036357187,-2.6427010628233663,0.1598736724151393,-16.52993280820585,2.2339252575143758e-61,8.150121626704108e-60
2042,Acad9,2125.2673275813418,-0.9115178312789802,0.0460088963202722,-19.81177346515377,2.3563639640159823e-87,1.3288856992670353e-85
2043,Zfp267,9969.66730790958,-1.0118919722380473,0.028714672691758,-35.239544016411145,4.9612125988167844e-272,1.9095707292845805e-269
2047,Bbs7,546.562847008047,-0.5509926312243306,0.0821859206923674,-6.704221679121508,2.0248268029873298e-11,1.2400251972471335e-10
2049,4932438A13Rik,393.5073905313853,-0.5037813681205376,0.094118361818326,-5.352636386648679,8.668192296672073e-08,3.8504180207606243e-07
2051,Adad1,54.72896843929211,-2.7194966447743703,0.3187523126155749,-8.531692279999758,1.4422225817138446e-17,1.3061446392980206e-16
2055,Nudt6,154.86771943016743,-0.6725091885400514,0.146317716908012,-4.596225274365432,4.302135618476472e-06,1.5899107052823754e-05
2059,Hspa4l,1969.2343133487475,-0.8068822783347159,0.0475847264824184,-16.95674931814187,1.7157782822411597e-64,6.704599602381953e-63
2060,Mfsd8,117.55601190255298,-2.025375355846597,0.1924361356739828,-10.52492219693032,6.631620971403151e-26,8.886025802934981e-25
2061,Abhd18,243.1847955016325,-0.670560571053602,0.1205606472524452,-5.562018671395293,2.6667175224387792e-08,1.2464111407245734e-07
2069,Gm31266,390.3421292463242,-0.8118428101917354,0.213465603976458,-3.803155145693959,0.0001428648207009,0.0004293474096254
2070,Sclt1,64.344578101299,-1.8753986735070347,0.2549722487334303,-7.355305068779215,1.904915572576198e-13,1.3379598611032456e-12
2071,D3Ertd751e,113.41514956564178,-0.6474254024427969,0.1862786642227857,-3.4755746458890657,0.0005097601044396,0.0014024779428079
2072,Pabpc4l,245.9866414749188,-1.1764605845602345,0.121431364799295,-9.688276060346675,3.3818865537450465e-22,3.8769564692076496e-21
2076,Mgarp,73.84257890529649,-0.9506106908195328,0.2272501149408823,-4.183103234367244,2.875567329971819e-05,9.564103394306788e-05
2078,Naa15,671.7817845149808,-0.7881716029118777,0.0788649249486811,-9.993943485329575,1.6200552463389922e-23,1.9732888111261969e-22
2082,Gm37229,208.4340167989081,-0.5923538550455745,0.1275021517303327,-4.645834184025409,3.387049844952657e-06,1.2709485599047313e-05
2083,Gm20089,445.4263924744869,-0.6049754904551435,0.0883486124979775,-6.847594697302041,7.510197798652201e-12,4.760271935284038e-11
2084,Foxo1,110.91540035173198,-0.5468961932438587,0.1830689900723597,-2.98737756202016,0.002813819788897,0.0066802728557994
2086,Lhfp,1334.983287094163,-1.2129935829478435,0.0575309688333756,-21.084184875470832,1.111112329634486e-98,7.098209720768691e-97
2087,Gm43803,3070.2633409581995,-0.5796750277681991,0.0443251090525933,-13.07780263056755,4.4100509846639136e-39,9.138242928652168e-38
2092,Trpc4,521.6757003113337,-1.1416432586734686,0.0855815411434619,-13.339830568833882,1.3576775358470246e-40,2.964936644241247e-39
2093,Supt20,36.04095164011641,-1.8389859213699855,0.3368417735786907,-5.45949482996762,4.77491240108685e-08,2.1820881961155585e-07
2095,Alg5,204.46988771598544,-0.7599446895203403,0.1325970562661439,-5.731233489791864,9.970290832758214e-09,4.863833892938703e-08
2100,Nbea,268.2171827042408,-0.9425128233960856,0.1202520791581976,-7.837808959262675,4.584758272446219e-15,3.5885581272283684e-14
2102,Wwtr1,30.913623105326185,-2.686718834007723,0.4294853253435345,-6.255670858739316,3.9581073588672574e-10,2.1936292619553747e-09
2103,Commd2,101.354573618273,-0.8843217271530743,0.1928945905005941,-4.584481736155013,4.551138641124735e-06,1.677102214426913e-05
2110,Siah2,113.35086157379504,-1.1766994932790096,0.1785064385282633,-6.591916252324424,4.3418551082723846e-11,2.5980256994543973e-10
2116,Igsf10,546.5018976895689,-0.9382198340938922,0.0818664608180385,-11.460368809386276,2.0862451189139836e-30,3.287597732937532e-29
2123,Mme,294.31299038494166,-1.5026847448836012,0.1194081892738566,-12.584436243625378,2.5717219134928758e-36,4.888176614831643e-35
2124,Plch1,534.0613545036109,-0.7285790323722765,0.0812991524870238,-8.96170513571547,3.1969579197764936e-19,3.181665425525462e-18
2125,E130311K13Rik,88.38057694939408,-1.5848964445735003,0.2106862890284949,-7.522541936077986,5.3721377765747794e-14,3.901388358874778e-13
2128,Vmn2r1,452.1517171844576,-0.9314475338724592,0.0942584769419909,-9.881843671691152,4.9906130487545813e-23,5.8922912959068655e-22
2129,Vmn2r2,149.23472133662625,-0.9489825161161796,0.1551050396303196,-6.118321612102372,9.456606387042958e-10,5.048332591363154e-09
2131,Kcnab1,263.0949154697308,-1.010458076614975,0.1174608632620595,-8.602508516905807,7.799236405453337e-18,7.164501413983269e-17
2133,A730090N16Rik,70.05193795711641,-1.2239371196603286,0.2285523827628854,-5.355171120355887,8.54754846303065e-08,3.799020096328518e-07
2135,Tiparp,330.70386949712696,-0.7862488934630516,0.1037928569320585,-7.575173443560953,3.586481554350353e-14,2.6356787594643456e-13
2137,Ccnl1,843.494874542543,-0.8393745768998745,0.0669212482258322,-12.542721469679163,4.357689699503667e-36,8.211871556127107e-35
2138,Veph1,137.92595652092766,-1.3028060423380374,0.1670271792065609,-7.799964344287164,6.192466953247691e-15,4.817545286114272e-14
2144,Lxn,345.0853908674944,-0.6086959675301675,0.1024676882989528,-5.940369863271211,2.843797324045226e-09,1.4677540597050054e-08
2146,Schip1,222.54928721517487,-0.5609079318479645,0.1314644695047759,-4.266612370330127,1.984635520140255e-05,6.767541188943382e-05
2162,4921511C10Rik,1234.504583426898,-0.6760100238167513,0.0683352421088524,-9.892553285169068,4.4844174981079644e-23,5.315018614385697e-22
2186,Arfip1,733.9005088830113,-1.1089297554064197,0.0721095633203142,-15.378400649585112,2.285230089108158e-53,7.036680490381841e-52
2197,Gm37876,711.0125660601938,-0.801957226349829,0.0718574877280479,-11.160384974561303,6.371506713016274e-29,9.523856053747431e-28
2203,Pear1,447.71756166340623,-0.848807906067637,0.0924059958049001,-9.185636696776182,4.090998964403131e-20,4.293457399860301e-19
2209,Gpatch4,199.10223747539808,-1.033038202965482,0.1349170382304378,-7.656840207246885,1.905634964466143e-14,1.4235398308064404e-13
2210,Naxe,129.1957765900812,-1.168133423617215,0.1798539585945595,-6.494899710550769,8.308874280774795e-11,4.856622187805951e-10
2213,1700113A16Rik,66.8123190411659,-0.6865856845207181,0.225414823076137,-3.0458763765008223,0.0023200320379347,0.0056082922367785
2214,Tsacc,245.33690060499796,-0.712524455289782,0.1230548969912982,-5.790297442125912,7.026188604279741e-09,3.486148880164063e-08
2219,Bglap3,331.22018573221413,-1.7941624669475194,0.1124668945356049,-15.952805261992188,2.7238188047546033e-57,9.156313169869402e-56
2221,Slc25a44,2741.765716753947,-1.2793119560282924,0.0422802470072714,-30.257911118832222,4.105685593188677e-201,8.542045323342278e-199
2224,Lamtor2,63.35802643120946,-0.7536371511581355,0.2354000771661093,-3.201516160193668,0.0013670640682949,0.0034719228108685
2225,Ubqln4,84.69982172427571,-0.9689813217362976,0.2011481294134032,-4.817252462461779,1.4554848439346677e-06,5.697595895555082e-06
2226,Ssr2,4457.002107766133,-0.8035555277414587,0.0359072354917197,-22.378652010867256,6.353632337031411e-111,4.725629152702204e-109
2227,Arhgef2,2179.204830903173,-1.0245043452699796,0.0475487021326614,-21.5464208131612,5.720155782753217e-103,3.845743162937491e-101
2228,Khdc4,688.4889480156644,-0.6638398135171147,0.0746873956068921,-8.888244236164745,6.208209833501067e-19,6.060976448736995e-18
2233,Gm43713,494.0448318036635,-1.6921784273578937,0.0944562241814288,-17.914948877350895,9.015193470433219e-72,4.082291725611465e-70
2238,Fdps,444.0894431947347,-1.156603595189527,0.0949125125185346,-12.185997025035697,3.691113797766159e-34,6.502103893639334e-33
2239,Pklr,120.961136292746,-0.5125737706753292,0.1645574421479992,-3.1148622875064627,0.0018403080687116,0.0045544740437042
2240,Hcn3,119.34649315782474,-1.0603378128692051,0.1743493831513472,-6.081683764540533,1.1892695619158234e-09,6.298633419708961e-09
2245,Mtx1,95.87284350087556,-0.7564771348995003,0.1857189974941229,-4.073235076144749,4.6364584705881394e-05,0.0001501849665751
2246,Thbs3,268.10122873114136,-0.5529544447916772,0.1124776286181012,-4.916128225543769,8.827259176882524e-07,3.5401011275666406e-06
2251,Efna1,473.4668472979533,-1.1342128366974862,0.0927533868534926,-12.22826330308581,2.1958316378114608e-34,3.8993107146188285e-33
2255,Adam15,389.52491599869,-0.9378137295647152,0.0986891857320896,-9.50270004365612,2.0451733892009617e-21,2.26855111672464e-20
2256,Dcst2,109.46374960552224,-0.6724535534672941,0.1769804142179023,-3.799593059146951,0.0001449338819177,0.0004352256770052
2257,Zbtb7b,38.58320249475916,-1.0301490270117588,0.2996910951251534,-3.437369490680263,0.0005873937146539,0.001595538749261
2258,Gm15417,256.65067176569056,-0.5864095533936884,0.1163301469206336,-5.04090787226261,4.633284926099867e-07,1.914494222282167e-06
2261,Pbxip1,215.2020507916477,-0.7557445204963408,0.127852085420105,-5.91108481346287,3.398619725978694e-09,1.7395328890015952e-08
2266,Ube2q1,159.3860103023118,-0.929888130207946,0.1531306784636676,-6.07251361737142,1.2592341662634415e-09,6.666839485485538e-09
2270,Ubap2l,253.1664272339267,-1.2010222502483263,0.1237892057420465,-9.702156525271128,2.9519231461775336e-22,3.3890983414279865e-21
2279,Crtc2,114.29618535054637,-0.6313271849740443,0.178520374137781,-3.536443322075886,0.0004055535120417,0.0011340177754076
2284,Ints3,145.4418766299183,-1.27888084170336,0.1618646868589801,-7.900925560233824,2.7683995732370152e-15,2.197024733482324e-14
2286,Snapin,941.9093753268044,-1.0351729461167591,0.0685077750765917,-15.11029872097634,1.385104074730851e-51,4.004988360683538e-50
2287,Chtop,205.55615986455183,-0.5842344639257137,0.1273234822112837,-4.5885837693020415,4.462632260459491e-06,1.6460633991862557e-05
2297,Sprr2a3,1198.3958406042325,-0.5017793540952435,0.0578882644794669,-8.668066983995097,4.395181474327124e-18,4.088713835573438e-17
2299,Crct1,67.33341637860407,-0.704127014710299,0.2274300470588105,-3.0960157807478303,0.0019613992258104,0.0048269984783533
2300,Flg,972.0454771098088,-1.3219041152639273,0.0657955293737373,-20.091093237583607,8.829641907921188e-90,5.168865658340479e-88
2302,Rptn,462.4139959900156,-0.8186985572707912,0.0877952086937066,-9.325093811520004,1.1088545625623984e-20,1.195512944342485e-19
2304,S100a11,45.5189405534534,-0.8881442024527861,0.2778079616234166,-3.196971739984589,0.0013887853195041,0.0035207868893603
2305,S100a10,140.9431825936361,-0.6759979768918232,0.157495742357623,-4.292166675571746,1.7693804728595462e-05,6.071326438105951e-05
2311,Gm43773,145.25809761011473,-0.5366978375035916,0.1533688190069818,-3.4993934293721027,0.0004663179699774,0.0012931252640081
2317,Pogz,375.9071964941136,-0.9552908239638188,0.1024170986131901,-9.32745446706873,1.0844401126655139e-20,1.1700098090117906e-19
2318,Psmb4,194.65435205924567,-0.5459950359539885,0.1357664378139681,-4.0215759118769085,5.781007095044256e-05,0.000184618098393
2319,Rfx5,315.8990792074723,-1.7777908969209195,0.117004650430259,-15.19419006324519,3.864100363786185e-52,1.1375083977218377e-50
2326,Scnm1,795.3192140870509,-2.145595915865551,0.1609224147047221,-13.33310788184805,1.4857668282047479e-40,3.2400660179943766e-39
2327,Sema6c,2958.8734991113106,-1.5300127371749044,0.0457839015993551,-33.4181378984192,7.475222512069044e-245,2.3976776207461454e-242
2328,Gm16740,667.2250479641406,-1.234784949634698,0.0785766184887779,-15.714406822063056,1.2050374314890331e-55,3.8894667285545386e-54
2329,Mllt11,127.77941763326304,-0.8342861495892653,0.1662924132240879,-5.01698263567214,5.248930971823698e-07,2.15960826408866e-06
2331,Gm128,334.1345178402653,-0.8375785644834182,0.1052771232059161,-7.95594084429113,1.7777533142559625e-15,1.425535938869e-14
2334,Mindy1,170.07124489567389,-0.6639175682094578,0.1428781836548495,-4.64673857986102,3.3722407251737137e-06,1.2660087345714336e-05
2336,6330562C20Rik,477.6005719708146,-1.3058968929243746,0.093511235992374,-13.965133484396164,2.5442831458229693e-44,6.328236399529957e-43
2340,Arnt,956.503354979616,-1.3889065617227645,0.0700421114867787,-19.829592972578155,1.6537251495757213e-87,9.360570736348458e-86
2348,Prpf3,19.24220449612553,-2.528197214439498,0.5173559643998917,-4.886765377049604,1.0250612828009784e-06,4.084328030539302e-06
2352,Ciart,22.28850096639113,-1.197444503440909,0.4087935811779191,-2.929215522392817,0.0033981871108541,0.0079258428660369
2356,Anp32e,160.67311046458147,-0.7397424858986154,0.150162464948791,-4.926280919475349,8.380948240676222e-07,3.373413833031402e-06
2357,Plekho1,222.23561899035408,-0.5630169385872744,0.1318685761664833,-4.269530732450383,1.9588465888742596e-05,6.685524735603657e-05
2359,Otud7b,434.9017023412839,-0.5325080207005284,0.090175518266369,-5.905239370264059,3.521350793943011e-09,1.7993600007815e-08
2361,Gm17690,93.30504759157208,-1.0652919625292308,0.1976640034753314,-5.389408004488685,7.069015438621761e-08,3.170246481008466e-07
2362,Sf3b4,29.72598504921905,-1.2138240624065255,0.3549258922172895,-3.419936637542942,0.0006263572312452,0.0016924176785279
2363,Sv2a,109.7025514869606,-2.4630906399510364,0.2145772978650957,-11.478803510237022,1.6859745317015602e-30,2.667075656951945e-29
2381,Polr3gl,553.8701550849577,-0.7726884680423507,0.0873529305882404,-8.84559296223968,9.104355158897404e-19,8.793641908807054e-18
2382,Lix1l,696.1467222483665,-0.8476548616585848,0.0741464169793503,-11.432175635602936,2.8878129388664063e-30,4.522967243823722e-29
2388,Nudt17,248.87922657118,-1.5207402559185412,0.1297492752537328,-11.72060693938088,9.99533037045678e-32,1.642349054253496e-30
2392,Gpr89,28.27298850322496,-4.1279003557675376,0.6238486516819364,-6.616829810625462,3.669835738477674e-11,2.2122471037432366e-10
2397,Prkab2,60.386666774332106,-1.0225642585224923,0.244704496969421,-4.178771829641835,2.9308754413972727e-05,9.733338717806818e-05
2399,Sec22b,152.95838537480032,-0.8556182409965664,0.1495494183284054,-5.721307715939474,1.0570724555402351e-08,5.1388340781488663e-08
2410,Gdap2,87.13916312363959,-1.7965436643129682,0.2193416069112529,-8.190619598405066,2.5988477606882584e-16,2.1984538529426608e-15
2413,Gm43466,48.02327708488699,-1.651963803298726,0.2878571457444936,-5.738832013449596,9.533172105664348e-09,4.6667529588886584e-08
2420,Gm42939,231.1489041860384,-0.9901081357871394,0.127816838406709,-7.746304384690282,9.460557390348029e-15,7.228523155424232e-14
2422,Gm42937,467.1916368082614,-0.5325710112097604,0.0938523817308067,-5.6745604255128415,1.3904523138507216e-08,6.681461867679687e-08
2423,Gm42941,1725.7400614510263,-0.721727324059997,0.0496193744070947,-14.545272540896896,6.25811079630936e-48,1.6933193992966422e-46
2434,Ampd1,10.212915051599069,-1.8736311767556544,0.6387807668842183,-2.933136490465528,0.0033555633877008,0.0078347367177801
2440,Hipk1,916.0775112817591,-1.2103893908363017,0.0677571301943388,-17.86364604529003,2.263580826314452e-71,1.0130840233121308e-69
2443,Ap4b1,148.2453676933863,-0.8580661118865891,0.1575595682559,-5.445979075627847,5.1521193339623e-08,2.344724483171255e-07
2446,Phtf1os,760.9745896576045,-0.7647225962940726,0.072667075481728,-10.523646248655766,6.722074747301516e-26,8.999396766039492e-25
2449,Gm42699,50.650381556888725,-1.788760413277338,0.2847540381654441,-6.281773648590212,3.347319682111826e-10,1.8618256439954362e-09
2462,Mov10,44.0889872059804,-2.4633929875063094,0.3518237584747568,-7.001781227583177,2.5272851090108696e-12,1.6678131820973573e-11
2468,Ddx20,283.4812066766429,-0.5216136214011485,0.1135182968844069,-4.594973988486593,4.328032544034396e-06,1.5990974093581368e-05
2469,Inka2,108.43392370479285,-0.5524683994853594,0.1766952010996296,-3.1266746128201293,0.0017679548183202,0.004388815282628
2474,Gm43331,135.81768040242082,-0.5608488085841914,0.164685047729753,-3.4055842732276465,0.0006602263291339,0.0017774277154669
2477,Pifo,163.57607411790823,-1.4940860052231832,0.1542381095023829,-9.686879656678492,3.4284309203267087e-22,3.927390063195685e-21
2480,Cept1,995.5188976905334,-0.6545720179998001,0.0626328623577006,-10.450935712653418,1.4508663099906766e-25,1.917385211040039e-24
2494,Gstm7,35.62757997395108,-1.572131731086429,0.327288170872081,-4.803509173268864,1.5590874283378727e-06,6.073813270923555e-06
2499,Gstm4,7455.756057561016,-1.1677245060470791,0.0373638440904542,-31.252793562143435,2.045691457447273e-214,4.84545625828588e-212
2503,Amigo1,250.51301812747596,-0.527724862181401,0.11899220710181,-4.434953137140133,9.209231956672636e-06,3.2646865117414675e-05
2508,1700010K24Rik,89.13846738790687,-1.4179404333022343,0.210198064840531,-6.745734954210782,1.522543345574312e-11,9.414087288539001e-11
2521,Fam102b,309.83474962770083,-2.5379821600429437,0.1433569730924237,-17.703932395438347,3.9102518569418365e-70,1.7200639311279003e-68
2530,Extl2,31.47200756747593,-1.1858114341460029,0.3447030390285197,-3.4400956762318886,0.0005815085790276,0.0015815061089401
2539,Agl,75.45247529085015,-0.9997873051228208,0.2146005207228982,-4.658829819028214,3.1801196575177505e-06,1.1973862129406526e-05
2540,Frrs1,486.44597470145374,-0.5576245448828201,0.0841223777610487,-6.628730187189471,3.385868135564265e-11,2.047479411435484e-10
2548,Tmem56,81.36977062048524,-1.777052786199626,0.2299349375021282,-7.72850270387108,1.0881887318143707e-14,8.285733785862537e-14
2549,Alg14,65.3356082740446,-2.0232136713579547,0.2595875703797906,-7.793954342258701,6.494402210476201e-15,5.0447939673305557e-14
2551,Slc44a3,190.5205509502468,-0.7634769636952476,0.1336540884977175,-5.712335269925435,1.1143626795189361e-08,5.4036937996452086e-08
2557,Gm17494,105.05189666551044,-1.9272192184711576,0.2056735584756387,-9.370281881418556,7.233907351375113e-21,7.837666261912121e-20
2561,Fnbp1l,146.26998835610826,-1.0682683433459583,0.1568454453573652,-6.810961841524676,9.694834673931204e-12,6.094800924452626e-11
2577,Larp7,185.3284737141348,-0.6138585635293791,0.1385985408530125,-4.429040592717295,9.465320823825304e-06,3.352382779011143e-05
2578,Zgrf1,651.5342479607154,-1.5899381712027756,0.0855599646211441,-18.58273525758167,4.4332273235434036e-77,2.153122014929787e-75
2580,Alpk1,319.21669399026206,-0.67938137317711,0.1042062624526061,-6.51958296159118,7.050313644807662e-11,4.141420407304799e-10
2586,Elovl6,836.9935319200795,-0.519708657950378,0.07171486152521,-7.246875290523759,4.264963205786651e-13,2.940589946990205e-12
2591,Pla2g12a,372.946021323635,-0.7361511539939242,0.0987736794006199,-7.452908087063768,9.13048960238224e-14,6.538279903175673e-13
2616,Slc9b1,487.8277547947469,-0.8697396962853665,0.0870640186905875,-9.989657143857452,1.6916583377406944e-23,2.0588752385656704e-22
2620,Manba,380.9682034223579,-1.478792240131189,0.1017346238309453,-14.535781275296504,7.188863301159515e-48,1.9417498137658233e-46
2624,Gm43403,706.6963333106017,-0.7100913608369707,0.0716847739666215,-9.90574876008689,3.930149763165354e-23,4.690588042921998e-22
2627,Gm40155,100.34251968065756,-2.3327081441901085,0.2258714935091557,-10.327589851862172,5.287235476622548e-25,6.80621048478936e-24
2634,Eif4e,322.20918372513967,-1.4137942025569974,0.1094157943159836,-12.92129908113703,3.413294144524093e-38,6.842588105350643e-37
2655,Odf2l,638.3881327301892,-0.6419475287190912,0.0772681959919732,-8.308043438542011,9.729291512095077e-17,8.453282851027982e-16
2657,Ccn1,198.4739531532285,-0.9251122632952996,0.1342632704100464,-6.890285485151394,5.568053151876396e-12,3.5793631033941116e-11
2665,Ssx2ip,1063.0726422411224,-0.914122143105875,0.0607285031505035,-15.052604554411696,3.3190534980353883e-51,9.551429468365015e-50
2669,Rpf1,30.77122381662834,-2.1394253010535564,0.4109716146107148,-5.205773890442743,1.9318976773616735e-07,8.301282902779884e-07
2675,Miga1,459.5659215311584,-0.763700017430759,0.0886832383735407,-8.611548601935295,7.208016861655304e-18,6.633271225465933e-17
2688,Zranb2,218.35539925306043,-0.7096173917607664,0.1282438135636952,-5.533345991838575,3.1417885187298754e-08,1.4609174277971958e-07
2690,Cth,432.9878974573057,-0.6551619718198018,0.0952055789569105,-6.881550209534714,5.920469938449948e-12,3.797981465515641e-11
2697,Wls,529.4929700244451,-0.6565400671796702,0.0930787174268716,-7.053600278661855,1.7434675628061898e-12,1.1575000688643419e-11
2699,Tmem68,430.4290756606606,-0.8000438357397363,0.091054666024486,-8.786412280339283,1.544121532270155e-18,1.4738558655196096e-17
2700,Tgs1,620.5543625939546,-2.8290869853733653,0.1090752623020512,-25.93701748375409,2.5477541368688875e-148,3.0886002119081408e-146
2701,Lyn,690.4528884833375,-0.6419031792119094,0.0718202916467831,-8.937629804802677,3.9760651367820114e-19,3.9316312682014036e-18
2702,Rps20,1288.017667682055,-0.6569948326145393,0.0556783735682012,-11.799820837255178,3.9114334708029446e-32,6.489270443586437e-31
2715,2610301B20Rik,271.14382399681193,-2.1030161908202007,0.1391782837824815,-15.11023224073488,1.386502205926426e-51,4.004988360683538e-50
2720,Dpy19l4,140.4919351349515,-1.0932747245856242,0.1581343904168262,-6.913579783017868,4.725736935212828e-12,3.04934810790179e-11
2724,Rad54b,316.29652326291614,-0.7173422628785805,0.1079607535531851,-6.644472544601064,3.043048228334672e-11,1.844518524544906e-10
2728,Tmem67,739.2477437145208,-0.900380106976479,0.0728924859643679,-12.35216627700985,4.7417181168359556e-35,8.629254388511393e-34
2737,Necab1,186.70533241841773,-0.8190693422134602,0.139974934655556,-5.851542951093269,4.870334703194066e-09,2.4673798318649505e-08
2744,Mmp16,750.3862049935415,-1.6406173939727915,0.0794044663431652,-20.66152534647704,7.689651423482563e-95,4.75461338618223e-93
2748,Rmdn1,545.7235329148426,-0.7904243735079939,0.082774718172388,-9.5491037717802,1.3082309015375589e-21,1.4680410320752374e-20
2790,Dnaja1,119.70930732142814,-0.7284334960378867,0.1746505255180837,-4.170806207866021,3.0352390329442325e-05,0.0001005606631185
2794,Nfx1,1266.07474312648,-1.296473455125244,0.0587656716993057,-22.06174825600708,7.367962841370886e-108,5.401769328845056e-106
2795,Aqp3,261.5233262209575,-0.7709578601079059,0.1190518003568329,-6.475818574747465,9.429929930179995e-11,5.48896790945373e-10
2799,Dcaf12,143.59331914739462,-1.1703030767568778,0.1616649147836343,-7.239066548998359,4.517833210170507e-13,3.107978556916225e-12
2812,Galt,184.9161549611698,-0.5800548146197931,0.1360458030502084,-4.263672980824852,2.010936894326513e-05,6.848127499458302e-05
2815,1700022I11Rik,660.7456982152112,-1.8390617882657088,0.0826006482812399,-22.26449581853212,8.163567871619207e-110,6.013698131648293e-108
2828,Gba2,267.2339398868166,-0.5534955170748814,0.1157580051236197,-4.781488040363128,1.7400235697967945e-06,6.741168314190097e-06
2837,Clta,313.9563442351633,-0.8386142793759778,0.1158760617083741,-7.237165873711885,4.581576803624084e-13,3.149744430734871e-12
2838,Gne,443.3807564885936,-0.7651860274038873,0.0890460850478794,-8.593146200559545,8.461975719858576e-18,7.764039224251646e-17
2840,Melk,51.2578730363489,-2.0358558485231133,0.3594099732802539,-5.664438941252285,1.4750637394409028e-08,7.068185911121114e-08
2849,Dcaf10,61.12749438148071,-2.063196295806455,0.2788928222236589,-7.397810669189143,1.3844805228417678e-13,9.795708699297727e-13
2851,Aldh1b1,257.8165776502373,-0.8378442513568952,0.1210455013374479,-6.921729780119395,4.4616170354780095e-12,2.888606218596276e-11
2852,Igfbpl1,113.73302688694918,-2.1419538772202564,0.2039178042683858,-10.50400618477203,8.279021019530091e-26,1.1045390608031653e-24
2854,Tmod1,19.570171152215107,-3.159936375655053,0.6099774520889449,-5.180415054414636,2.2139273021948133e-07,9.455097016530192e-07
2865,Gabbr2,14.732001789199392,-5.948190961891952,1.44022826493219,-4.13003348616548,3.627103999752944e-05,0.0001191187994458
2871,Stx17,599.9629729431338,-0.7970447646123039,0.0774649468150989,-10.28910232798287,7.890856511402005e-25,1.0065254917112285e-23
2887,Fsd1l,384.4865280479309,-0.6100125678548083,0.1026845147980983,-5.940648101169248,2.838974438893961e-09,1.4662479188598266e-08
2889,Zfp462,63.408084801652286,-1.015993022841582,0.2346154749409521,-4.330460397368444,1.4879790629715786e-05,5.158506114278412e-05
2894,Elp1,133.66319104231744,-0.5797371962925517,0.1608658672753333,-3.603854603290643,0.0003135324924463,0.0008934196286698
2898,Frrs1l,251.41909931573528,-0.6221352460115855,0.1185028671607772,-5.2499594391037965,1.521327047925223e-07,6.605287994883456e-07
2899,Epb41l4b,137.23310910548437,-1.1496525200658303,0.17365163561171,-6.620453161964373,3.5809937033794147e-11,2.159536978348197e-10
2914,Ptbp3,514.4115791667399,-1.3163013747775278,0.0865096979952546,-15.21565102272963,2.784357682576076e-52,8.275670054235764e-51
2920,Zfp37,911.9061440898682,-0.8291734174859902,0.0678308028904914,-12.224142751555483,2.3100570319869502e-34,4.092708638028894e-33
2927,Pole3,3404.087563517752,-1.0883122437838102,0.0413902766279736,-26.29391085171618,2.251260421833793e-152,2.9126391138279897e-150
2930,Col27a1,14.291263753409138,-2.4722613674928424,0.6015095642671398,-4.1100948585995765,3.954966151796118e-05,0.0001293894153698
2935,8030451A03Rik,1093.3758087524493,-1.0203884565254748,0.0601086980408513,-16.9757204827826,1.2422037457106333e-64,4.916444439321571e-63
2939,Brinp1,203.63028186463976,-0.6331755443288762,0.1274401299498254,-4.968415714721606,6.750212868020905e-07,2.7464661024326068e-06
2945,Gm11240,577.0829034558678,-0.6429961182377911,0.0799515967840014,-8.042317403302404,8.815519099074456e-16,7.204019747842373e-15
2947,Kdm4c,2575.7293958421365,-0.7472255266292035,0.0424877979753112,-17.586826388682244,3.108036920378623e-69,1.3403735693599241e-67
2955,Ttc39b,338.8014715091135,-0.736434184803202,0.1004560692081635,-7.330907834719015,2.2859884212057137e-13,1.5990494199401713e-12
2962,Rraga,211.15111168199908,-0.7887082554188333,0.1295856360762697,-6.086386418280387,1.1548751829504501e-09,6.129079047468158e-09
2968,Slc24a2,261.2287677914106,-1.072583791492481,0.1191195416734049,-9.00426392197872,2.171173525165882e-19,2.181944359886026e-18
2970,Hacd4,302.63590123963013,-0.8393886944739484,0.1130778310338836,-7.42310572107124,1.144053829170991e-13,8.139488333602856e-13
2977,Gm12610,101.564877469968,-1.109410361332043,0.1907786085892267,-5.81517167745342,6.057168886978321e-09,3.032721046631487e-08
2979,Tusc1,369.3910324410836,-0.5371516986656837,0.0968761606617047,-5.544725296674773,2.9441602312195882e-08,1.3719216380101932e-07
2999,Usp1,121.11009390251752,-1.4150101813595064,0.1783373401383693,-7.934458259059046,2.114161085055506e-15,1.6891346167885092e-14
3004,Foxd3,409.5066855863006,-1.1350836518784575,0.0967441460237929,-11.732840678538825,8.650591961284873e-32,1.4244333030582024e-30
3005,Alg6,116.10391856615767,-1.1219094106360714,0.1780708488147652,-6.300354146136049,2.9696634034733566e-10,1.6601647697848875e-09
3008,Pgm1,2012.9435366094813,-0.6185917556904781,0.0473610797464644,-13.0611835499096,5.4868061746415286e-39,1.127835351999746e-37
3010,Ube2u,273.72574188070735,-0.9485015253196508,0.1168896363525127,-8.114504886123388,4.877694095525884e-16,4.05814916421508e-15
3027,Plpp3,647.8152333960996,-1.1388213265727871,0.0768701951479733,-14.814861915994651,1.174303370336627e-49,3.299192461624581e-48
3032,Ttc4,627.4559426301797,-0.5856152815464127,0.0765981061767131,-7.645297133004671,2.08463376346359e-14,1.5534860320564101e-13
3033,Ssbp3,29.10193572884573,-1.0699612479190013,0.3618019594909371,-2.9573119212081083,0.0031033400772107,0.0072945074547689
3040,Yipf1,1127.7612274682656,-0.5687401905112875,0.0622808860898779,-9.131857721011462,6.733376965391701e-20,6.955498448033512e-19
3041,Ndc1,517.3846277583839,-0.8908368688031935,0.0900322650134854,-9.89464020115188,4.391868105230397e-23,5.209337546080677e-22
3043,Dmrtb1,303.9854014335468,-0.7660681429147161,0.1133827547777696,-6.756478482254296,1.4138596686210568e-11,8.787962639519495e-11
3045,Lrp8os2,257.26275826791544,-1.1753106757439724,0.122523003887921,-9.592571504524145,8.591649148804896e-22,9.704844482391796e-21
3049,Podn,238.8125460687012,-0.7782177919823876,0.1227211442255709,-6.341350521895097,2.2775967478272359e-10,1.286349212382543e-09
3063,Rab3b,34.580099176313674,-1.071146975914251,0.3175712496374012,-3.372934348236097,0.0007437168319279,0.0019865135920128
3073,Skint11,1061.4300962291993,-1.7994372462221435,0.0663728793832272,-27.111031839261603,7.298532942583053e-162,9.944089662301655e-160
3078,Cyp4x1,434.47282528845744,-0.8082266547829705,0.0924779523750609,-8.73966858073438,2.33795269523528e-18,2.2055833146962232e-17
3084,Nsun4,1521.6878474118205,-0.8123356749011446,0.0522133139203712,-15.558017944235658,1.4037915745635036e-54,4.43794149527304e-53
3087,Rad54l,40.78092175723719,-1.1114951171761769,0.3057040710260254,-3.6358531747572074,0.0002770621140667,0.0007968705974541
3090,Tspan1,194.907141437084,-1.5487784812476355,0.1445773392271497,-10.712456665247544,8.896901586212274e-27,1.2329135627481923e-25
3099,Akr1a1,260.794551473736,-0.5488988537892048,0.1138874150550899,-4.819662062956558,1.4380159755382065e-06,5.636378299232746e-06
3107,Ptch2,151.64161636015362,-0.6408742906193506,0.1479821673304218,-4.330753510241373,1.4859995350963876e-05,5.152803793320717e-05
3117,Ccdc24,96.4648030813894,-0.7688182238946533,0.1901090920442517,-4.044089715160469,5.252680418860467e-05,0.0001687609927562
3137,P3h1,281.7159543052857,-0.7082468917657061,0.1107388893559467,-6.395647417856938,1.5986851650814815e-10,9.119435643421447e-10
3141,Ppcs,290.5585506426701,-0.5591298780770314,0.1093582633325605,-5.112826969249747,3.17372985118148e-07,1.333590196200602e-06
3151,Nfyc,154.02741219235727,-0.8433397012717885,0.156021785572012,-5.405268874342834,6.471124603824553e-08,2.913141356739264e-07
3152,Exo5,414.45369254716144,-0.7133151832283712,0.0918584249628119,-7.765375723752618,8.14035479930462e-15,6.257059535201895e-14
3156,Zmpste24,166.6552903904193,-0.5196772646655122,0.1432555168317463,-3.627624793507069,0.0002860405311531,0.0008207007114487
3157,Rlf,13.759682241713216,-6.833301063427157,1.979961813540396,-3.4512287139560747,0.00055804045319,0.0015217128617276
3159,Cap1,181.6879423358963,-0.8009442870883813,0.137753548125072,-5.814327819426992,6.087800945531442e-09,3.04706707923934e-08
3162,Mycl,119.86039244485086,-1.215464415297782,0.1803877618305767,-6.738064727691268,1.6051006831905214e-11,9.900693156410764e-11
3163,Bmp8b,115.53901138524331,-1.1020087790219817,0.1761746061273079,-6.255207848886255,3.9698683970458333e-10,2.199355661781852e-09
3165,Pabpc4,99.16314004905507,-0.8326890374847106,0.1858986404009164,-4.479263730433425,7.49009451481932e-06,2.6861750559086483e-05
3166,Bmp8a,4815.409122598317,-0.6032265484417882,0.0361191283180415,-16.701027309689394,1.2882747992377245e-62,4.837628977820489e-61
3193,Thrap3,589.5458292960692,-1.09808767012097,0.081934395833824,-13.402035359460838,5.882741829267479e-41,1.3031754417755698e-39
3204,Tfap2e,534.9397179576795,-1.2101500700478336,0.0848248344960076,-14.266459548527507,3.5410500399954234e-46,9.256028253950685e-45
3210,Dlgap3,144.5882240472645,-0.5167327480281959,0.1500542354725028,-3.44363987061789,0.0005739396347308,0.0015625772973148
3215,Phc2,141.18445903799446,-0.9029105862983452,0.1553240129501878,-5.8130778953535485,6.133450277383302e-09,3.0667126120102006e-08
3223,Hpca,281.9663490459948,-1.2804529915257552,0.1152584836650022,-11.10940341057566,1.129113382095769e-28,1.6683137841407354e-27
3231,Zbtb8a,169.102912197899,-1.0057388998258223,0.1480939443187452,-6.791222318052064,1.1118742733018023e-11,6.958705817786403e-11
3247,Snrnp40,26.72294543386548,-1.4332272593438935,0.3850500423976668,-3.722184395616049,0.0001975066988571,0.0005816398499625
3250,Sdc3,33.38757712004284,-1.751038117640422,0.3657568437271908,-4.787437740868299,1.6892411716880726e-06,6.554323860713096e-06
3264,Snhg3,375.28909230257545,-0.9383674079180556,0.1083428557840361,-8.661091690148343,4.672674943445105e-18,4.341611552762876e-17
3268,Sesn2,4818.98929457758,-0.560402254643406,0.0334969137155894,-16.729966808333025,7.928245997509113e-63,2.991746945530645e-61
3269,Gm12981,373.4030527300913,-0.9781197042130432,0.1018844182024647,-9.60028747741704,7.972175759435383e-22,9.018340778270916e-21
3275,Rpa2,152.46856624546024,-0.8755958449379977,0.1547368935490941,-5.6586107220783335,1.5260325111669436e-08,7.303288934756542e-08
3276,Ppp1r8,114.5212402860955,-0.8474632800897195,0.1759311986555612,-4.817015325115169,1.457215004121662e-06,5.702918709572219e-06
3279,Fgr,938.4830504961608,-0.6352933857627333,0.0668015022011505,-9.510166161379995,1.903582314001477e-21,2.1130175419154104e-20
3288,Kdf1,2559.814830015885,-0.694213397777694,0.0453885243719748,-15.29491005454094,8.267496426857414e-53,2.5056373029113532e-51
3295,Gm12974,717.7490973183834,-0.5788445654700854,0.071487455808744,-8.097148778363481,5.626224844757109e-16,4.6520600273834826e-15
3298,Dhdds,347.35078948766005,-0.5506878713552842,0.1046816444360901,-5.260596299588017,1.435889778984084e-07,6.250200462889159e-07
3300,Crybg2,925.498905288422,-0.6829085205610556,0.0639646301654982,-10.676345955477876,1.3134015713992662e-26,1.810307125627852e-25
3307,Grrp1,46.75919146837874,-1.1317832374638923,0.2852630135291952,-3.9675078218580895,7.262812917818992e-05,0.0002283403465034
3310,Slc30a2,5103.2488038934,-1.949829328448408,0.0483681756428492,-40.31223635238906,0.0,0.0
3314,Aunip,26.36479990358685,-2.6068429901930954,0.4466734661838822,-5.8361268074964086,5.3428239198800415e-09,2.6952200874991192e-08
3316,Selenon,183.43019327614687,-0.755802330161803,0.1407590874629542,-5.369474495639361,7.89664029853773e-08,3.5208999141699066e-07
3317,Man1c1,244.97631524823927,-0.7423231454930201,0.1197540244894967,-6.198732348724754,5.691973095290898e-10,3.099880359925669e-09
3324,Srrm1,126.81440091586548,-0.7741764944879884,0.1667325692829805,-4.643222963679321,3.430158331902829e-06,1.2855578792107098e-05
3329,Ifnlr1,95.6371920199068,-1.0867526870156123,0.2025884327459103,-5.364337303396958,8.124695376806495e-08,3.616299798245528e-07
3330,Srsf10,86.96358065682686,-0.9772460896704568,0.1991312772573217,-4.907546936524883,9.2222589460968e-07,3.68890357843872e-06
3332,Cnr2,175.76507629862533,-0.5951229566794777,0.139130260487145,-4.277451609705455,1.890450351825238e-05,6.469298425583766e-05
3336,Lypla2,217.09422914323568,-0.801136819143627,0.1281498256933769,-6.251563861354759,4.0636287313117014e-10,2.245643501337938e-09
3338,Gm13008,53.31381951165389,-1.171562309709315,0.258436636583758,-4.533267129599166,5.807828956326058e-06,2.111887921861029e-05
3339,Rpl11,117.00761221107024,-0.8608023937260721,0.1720964810851458,-5.001859354115351,5.678000907865472e-07,2.326197498070697e-06
3340,Id3,710.5951540544365,-0.5146466205788982,0.0719346732649964,-7.1543609947739375,8.406357997786209e-13,5.666562510241526e-12
3343,Hnrnpr,483.5743255586928,-0.6131957555110354,0.0869366243939405,-7.053365135646734,1.746417722642173e-12,1.1589589335258143e-11
3348,Zbtb40,27.23423070512378,-3.3704559340369125,0.5245794150360502,-6.425063274366737,1.3181467618152095e-10,7.56963354901416e-10
3366,Nbl1,68.48855151366321,-0.6858011405902611,0.2236217840676276,-3.0667903999140864,0.0021637051960849,0.0052684493434959
3375,Arhgef10l,111.26265512639844,-0.9187679613993448,0.1788382363015641,-5.137424638040391,2.78529106056275e-07,1.1790580469734422e-06
3376,Rcc2,2028.515255113844,-0.5348436934506008,0.0499213924381655,-10.713717453155535,8.776523997677044e-27,1.2184252792446868e-25
3380,Atp13a2,84.42804728567133,-3.7348450569093945,0.3266373412188197,-11.434225624581485,2.820417304497288e-30,4.4219088411446274e-29
3381,Mfap2,713.8333109220561,-0.5234667341860751,0.0727023400678727,-7.200135974954621,6.015254273917343e-13,4.092393053523262e-12
3387,Arhgef19,105.24094271520865,-0.6941959887719957,0.1822641718030997,-3.8087353203016585,0.0001396793759079,0.0004205952809462
3391,Gm13075,442.85043656350393,-0.7822847749383847,0.1058428976315082,-7.390999230405681,1.457294629731201e-13,1.0287257276176784e-12
3399,Casp9,430.80624061370025,-1.0305748879283771,0.1055776541271563,-9.761297468185512,1.6503019309788844e-22,1.9161424230279715e-21
3401,Fhad1,734.525372618817,-0.6180611861769486,0.0714150688000323,-8.65449262406464,4.951091982672213e-18,4.5892240918254896e-17
3403,Kazn,51.03718553997587,-1.1330999217960782,0.2693748408136693,-4.2064059077434806,2.594640371039969e-05,8.701172544659412e-05
3405,Prdm2,22.517142949725255,-1.218704780029732,0.4116522693202958,-2.960520008894909,0.0030712017140286,0.0072266883064626
3410,Vps13d,72.21650727057967,-2.9856061976184742,0.3004869190549492,-9.935894071556922,2.9055756039090455e-23,3.497595152289575e-22
3413,Platr16,253.6874097659472,-0.6985335976094501,0.1437523830180803,-4.859283602426213,1.1781127234482484e-06,4.6556015118606855e-06
3419,Zfp600,22.674163954622163,-1.5042545434167394,0.4108331221704684,-3.661473387222596,0.0002507689137242,0.0007276362977192
3420,Gm13165,67.83753190915508,-1.6728381692248522,0.2445433076485186,-6.840662234066196,7.88279186248145e-12,4.9902739932057726e-11
3427,4933438K21Rik,23.82127816001309,-1.899355293427832,0.421023017914457,-4.511286111710265,6.443573670982163e-06,2.329308763522925e-05
3430,Zfp978,320.9027575586935,-0.7725770025525531,0.1113059177138856,-6.941023607913462,3.892689471145471e-12,2.5277033782267257e-11
3431,Zfp982,77.73483719641739,-0.675300569715422,0.2112931038809777,-3.19603696150832,0.001393292620512,0.0035310507301074
3437,Gm20707,67.09389911276871,-1.134799427778414,0.2315126757875655,-4.901672981481579,9.502392424276266e-07,3.796025785266149e-06
3446,Agtrap,225.12214944375123,-0.5718875736399273,0.12204271871839,-4.685962256867948,2.786476154453564e-06,1.056664701329238e-05
3451,Angptl7,214.4752858686748,-1.4936209726736849,0.1402294447076054,-10.651264973544295,1.720115468351884e-26,2.356129693126833e-25
3458,Dffa,411.98867529065166,-0.9254563863526996,0.096132686000023,-9.626864959879285,6.157956840266381e-22,7.002060820734209e-21
3459,Cenps,19.294170375999432,-1.4992985416922455,0.5141220568745707,-2.9162307309021496,0.0035428839025525,0.0082321522130544
3463,Ube4bos1,252.3801859076617,-1.1824985018249534,0.121669473524539,-9.718941551813815,2.5037043371055906e-22,2.887418125399077e-21
3469,Spsb1,185.03069079581567,-0.8197659642979709,0.1385516414742717,-5.916681719358749,3.2850149997445356e-09,1.6825046884919118e-08
3472,Slc2a5,76.94512891903871,-0.8767127383149351,0.2101313761351244,-4.172212424626999,3.0165620216323534e-05,9.997925708499594e-05
3475,Rere,414.7511497424,-0.8257096291260326,0.0944057203902186,-8.746394029016743,2.2027895030341166e-18,2.08445895443843e-17
3481,Camta1,1182.5926137727913,-0.5682539838414379,0.056721535069359,-10.018311090251297,1.2664858349579825e-23,1.5512184498817105e-22
3483,Vamp3,316.05162291215,-1.07090999918342,0.1096730048059195,-9.764572431279076,1.5978456528620937e-22,1.858038645881027e-21
3496,Chd5,165.1895587943956,-0.562805556830611,0.1433065563319203,-3.92728407712949,8.59104884048229e-05,0.0002666689273146
3498,Ajap1,1246.574904432041,-0.7896441037919106,0.056754020801063,-13.913447763636158,5.248707847186178e-44,1.290880287784e-42
3514,Ski,89.1888241575313,-0.999494250857864,0.1981746363120811,-5.0435023848555565,4.5708706805766333e-07,1.8902262959483704e-06
3529,Ssu72,304.28917608483744,-0.5768174635005533,0.1118689974513827,-5.156186938666657,2.5202929235342374e-07,1.0710027560235471e-06
3532,Mrpl20,444.8366600650908,-0.7856645463575661,0.0906551007320103,-8.666523339708212,4.455154267365489e-18,4.142002119586901e-17
3534,Dvl1,110.85179928256952,-0.5572880026665475,0.1719164870388845,-3.241620465060448,0.0011885219057602,0.0030584127128673
3536,Pusl1,263.4697604135424,-0.5149699831961286,0.1122301152808928,-4.588518704692111,4.464023149969522e-06,1.6461820459145095e-05
3582,Abcb1a,345.3431355178097,-0.5961710654340396,0.1037458323563682,-5.746457972270003,9.113226885604349e-09,4.468383475502055e-08
3587,Gm10482,63.88775910331223,-1.2622417187650534,0.2590556675617896,-4.872472896058083,1.102099797155638e-06,4.374304840682702e-06
3603,Tmem60,92.09420674192344,-1.3439036471654031,0.2010695539883051,-6.683774945079798,2.3286433771848133e-11,1.421561991876978e-10
3606,Gsap,164.34330161792204,-2.637728078189616,0.1842149449042679,-14.31875182309654,1.6709740500585472e-46,4.405191177174896e-45
3608,Fgl2,146.877848970011,-1.3528915877106211,0.1632190714495361,-8.288808260552486,1.1438876976407763e-16,9.893985951054716e-16
3617,Orc5,246.2721754398173,-4.690935202712834,0.2451292186010275,-19.136581226360462,1.2522183078348275e-81,6.4478772800752525e-80
3618,6030443J06Rik,30.157523918823625,-3.3923859827151177,0.4907251774734131,-6.913005768689977,4.744906444942873e-12,3.060434839813174e-11
3625,Rint1,1182.2501173221528,-0.7119726396828495,0.0583468930665954,-12.20240877042459,3.017630010393928e-34,5.340164556324703e-33
3626,Tomm7,869.4458187858567,-0.62426293596254,0.0659570393632353,-9.464690076894298,2.944328863193496e-21,3.244873813724199e-20
3631,Nos3,44.184135898213945,-1.3478076760432682,0.2943113316881888,-4.579530350775678,4.66021163764355e-06,1.7152430880506836e-05
3642,Wdr86,34.768179010247955,-3.2623092398795506,0.4495838912513197,-7.256285875367145,3.978637548774656e-13,2.7480979677404485e-12
3646,Galnt11,68.5854780608024,-1.2895277837458463,0.2367492630476399,-5.4468080159825485,5.1281761950067916e-08,2.3345180573129677e-07
3647,Kmt2c,13.124076674058308,-2.704877046029889,0.6531482258779316,-4.141291270284197,3.4535606699908066e-05,0.000113807834065
3658,Lmbr1,27.87549518518312,-1.401227584988199,0.3805774134084594,-3.681846414475244,0.0002315508937115,0.0006753092554617
3662,Tyms,511.1765892525023,-1.4543347609983543,0.0894837320632973,-16.252504533110148,2.1442282056205208e-59,7.485836157309192e-58
3668,Drc1,239.04230843553992,-0.7076997625830747,0.120078754463685,-5.893630107539977,3.778023684159934e-09,1.9266794515179312e-08
3678,Preb,152.5603950847327,-1.458701437417138,0.3720846971197306,-3.92034783668556,8.842125182589506e-05,0.0002741308081174
3680,Atraid,578.7594723792457,-0.8550609418701601,0.0800743786913416,-10.678333767235548,1.2855836399888338e-26,1.7735524839845953e-25
3681,Cad,861.4271531687622,-1.110392790048597,0.067229599167336,-16.516427344521325,2.7947004730480784e-61,1.0171916899065772e-59
3693,4930548H24Rik,140.8394826956861,-1.8602890674589612,0.1748588367286365,-10.638805005582558,1.9663497591736638e-26,2.688625301264452e-25
3699,Rbks,30.419861898050687,-1.0621899024312424,0.3458021073038487,-3.071669836580607,0.002128650299868,0.0051921261116553
3700,Babam2,186.87520966810663,-0.5905609171664798,0.1380216047770773,-4.278757069375565,1.8793984537212327e-05,6.434338135088303e-05
3705,Yes1,379.62617699886414,-0.7265950888427252,0.0974124578956379,-7.458954476039983,8.72117310132125e-14,6.256811792541565e-13
3715,Slbp,101.96349341489992,-1.1614995433282325,0.193365631656437,-6.006752768723295,1.8927579636353033e-09,9.888327658001062e-09
3717,Tacc3,302.9139237750696,-0.5381387120102803,0.1087237564603928,-4.94959638564659,7.436754173307334e-07,3.0098913578401606e-06
3725,Haus3,1238.361191312493,-1.1082119959671983,0.0585407561665206,-18.930606103120056,6.3823806020237525e-80,3.200753477158232e-78
3736,Gm15522,364.95396241394695,-0.5067959417785608,0.0989322642100135,-5.122655847669005,3.012619109377752e-07,1.2700515829129205e-06
3738,Htt,33.36641896720796,-2.091420769281661,0.3720181978471102,-5.621823828470833,1.8895190358997642e-08,8.948334382255542e-08
3739,Msantd1,425.0533251825757,-1.36384940629579,0.097315828184908,-14.01467193707034,1.267827848967916e-44,3.1738987906845594e-43
3740,Rgs12,495.3139327814688,-0.8106572185242403,0.088061794945831,-9.205549569173504,3.3992725770824117e-20,3.587059670785525e-19
3742,Hmx1,10.072095613956924,-2.7346957162149352,0.754500238582049,-3.624512725608036,0.0002895067659389,0.0008298726807663
3747,Ablim2,149.18419031919152,-1.4463485448061175,0.1624612844337438,-8.902727501184927,5.449083956320762e-19,5.350388813234338e-18
3749,Sorcs2,97.38951802001009,-0.9206086949454664,0.1882889284982284,-4.889340559150977,1.0117433045300975e-06,4.032306475937195e-06
3755,Mrfap1,299.92062247503435,-0.9973547266281368,0.1149791329540046,-8.674223756993458,4.163808908343106e-18,3.8805085927875576e-17
3764,Nsg1,50.10238513841475,-3.0941625606248637,0.3579191262658963,-8.64486509258582,5.3868905212995066e-18,4.987165752611377e-17
3765,Wdr1,270.4285025065426,-0.6809870622176367,0.1118113404961049,-6.090500831097356,1.1255799978748863e-09,5.9756653956143985e-09
3770,Bod1l,32.4030247029364,-2.2334650983209805,0.3938038373612559,-5.671516847795751,1.4153867903659126e-08,6.799156013876317e-08
3772,Gm7854,1260.055591166975,-1.4242717041955737,0.0686941027900876,-20.733536742561416,1.7262547460831705e-95,1.0716700834958263e-93
3776,Cd38,365.03752085652354,-1.7041009110774272,0.1061248247271689,-16.057514492564916,5.0644211890569495e-58,1.7250404563433805e-56
3777,Gm7879,473.3190914094246,-0.8419285598406767,0.0879898096947595,-9.568478017640489,1.0849096017675346e-21,1.2218923356849278e-20
3782,Gm42982,366.6844017857218,-1.411889768655077,0.1078328806392795,-13.093314027083292,3.5957012736447744e-39,7.511454112487781e-38
3783,Gm42984,17.80886503661191,-2.678645192081781,0.5545171845146364,-4.830590046413753,1.361290320273366e-06,5.349266404014482e-06
3802,Zcchc4,176.7817387608679,-0.9960718493855516,0.1414502956934779,-7.041850598488916,1.8970317756516897e-12,1.255122527629283e-11
3805,Rbpj,295.1565872869709,-0.9708411748164276,0.110735550458844,-8.767204125447046,1.8315754851271558e-18,1.7385287403833346e-17
3806,Gm40304,89.31652505434666,-0.8467575059057125,0.2034696934766096,-4.161590315675458,3.1603895844858394e-05,0.0001045495445697
3808,Pcdh7,556.5452729006264,-0.686982640067205,0.0885194811044304,-7.760807355577928,8.439042192624986e-15,6.480174244272034e-14
3817,Klf3,126.1775578601103,-0.5835237878467855,0.1668141075923204,-3.498048194298219,0.0004686764323939,0.0012979863168386
3822,Rpl9,38.29834483476332,-1.016124253472043,0.3065936307638922,-3.3142379733731664,0.0009189326220253,0.0024139031988914
3825,Smim14,81.58378355225116,-0.8683821334284666,0.2046580937737697,-4.243087177330898,2.204657416239198e-05,7.471473823556833e-05
3830,9130230L23Rik,1229.1865947949502,-0.662971683054813,0.0582609719179687,-11.379344717906095,5.299643549342719e-30,8.183882857139468e-29
3842,Gm15478,523.20934153431,-1.744734555514964,0.2501925212230443,-6.9735679827117965,3.090020097009054e-12,2.031338574447113e-11
3844,Guf1,34.43296370553514,-1.1041083383167956,0.330490593014093,-3.3408162339728475,0.0008353249185298,0.0022112555786943
3861,C78283,24.713332527806145,-1.3323055580284475,0.4507506890217953,-2.9557482450437838,0.0031191157524735,0.0073282322791215
3893,Uba6,934.214681315386,-0.9517623825334368,0.0666765303234848,-14.274323782535022,3.1634139289727333e-46,8.31124929188809e-45
3894,Tmprss11d,160.26152277683423,-0.5608759079392125,0.1575687001206244,-3.5595642250640007,0.000371470682146,0.0010449776397442
3901,Mob1b,35.26735087492608,-1.0725296087248688,0.3131105767366874,-3.425402041358764,0.0006138902634716,0.0016622325881831
3902,Dck,199.1837520185959,-0.5797907018383276,0.1290234502219653,-4.4936846816674425,7.00012574973825e-06,2.5183143426106484e-05
3905,Adamts3,34.566484653600895,-1.06805275408198,0.3255129841264254,-3.2811371778250207,0.001033894469385,0.0026942855874495
3906,Cox18,194.0965733941708,-2.379288957547149,0.1640374005383404,-14.504551704298914,1.133757548405484e-47,3.051631331337558e-46
3909,Afm,1907.0497012942924,-0.616690030564061,0.0485501054439424,-12.702135761087304,5.753772847705498e-37,1.12133021219334e-35
3914,Areg,229.0777832920004,-0.801757558365602,0.1297821996830672,-6.177715898817579,6.503560734890778e-10,3.521942352246867e-09
3915,Parm1,1254.1020230146617,-0.8742244727957007,0.0598922321834766,-14.596625320585169,2.95095171438412e-48,8.098547699582514e-47
3934,Fras1,919.6509112397767,-1.885197360359501,0.0727435327119964,-25.91566961455261,4.434901492243505e-148,5.334354951139141e-146
3950,Sec31a,174.01710084642772,-0.5198424680707111,0.1383600759261549,-3.7571710234400246,0.0001718450576559,0.0005108566340358
3952,Plac8,47.78925638094572,-1.606858811311105,0.289073730857836,-5.558646946378342,2.7187400880141522e-08,1.2691850332039386e-07
3960,4930458D05Rik,1158.2503745771614,-0.6063465793581754,0.0587064302278945,-10.328452556293708,5.239905440031626e-25,6.750927544328611e-24
3965,Gm29707,263.7487909201929,-0.9188893531954816,0.118179176503928,-7.775391404634976,7.521447933116061e-15,5.798708681935647e-14
3966,Arhgap24,104.44318757250424,-0.7243062959152851,0.1830529137397928,-3.956813803821099,7.595608861805224e-05,0.0002377836397648
3969,Gm42620,290.70211413315513,-0.6800982280843912,0.1116420852560389,-6.091772887658448,1.1166703231976116e-09,5.932455588664745e-09
3974,Pkd2,468.8671408339426,-1.4139284660766651,0.0938902179225032,-15.059379958450172,2.9958353046374333e-51,8.637430777190622e-50
3976,D930016D06Rik,329.5087674276833,-1.2266314513377417,0.1079981664036229,-11.35789145487374,6.77603719239296e-30,1.0370165866210934e-28
3977,Zfp951,547.5704149116375,-0.846317436978632,0.0823437996462497,-10.27785262053033,8.868139160605174e-25,1.129312411221483e-23
3981,Lrrc8d,292.7696102946348,-0.8210592450820332,0.1148307253377635,-7.150170328254622,8.667029057494955e-13,5.834612128080119e-12
3982,Lrrc8dos,521.7256155980027,-0.5659147329443451,0.0818108863012832,-6.917352427405108,4.60162324655411e-12,2.9741133727203234e-11
3987,Brdt,523.4454453157019,-0.8890173589731547,0.084455922375215,-10.52640636642968,6.527923035280598e-26,8.754695387733459e-25
3988,Btbd8,16.422884666933196,-2.8784806452073086,0.6493463219485794,-4.432889735279428,9.297842324911043e-06,3.294581828177915e-05
3994,Evi5,272.4639115968569,-1.9515631614147133,0.1286386624866987,-15.17089126775168,5.512318658504112e-52,1.6134535754055005e-50
4004,Tmem175,2649.683265255078,-0.8297051362379546,0.0451959225068713,-18.35796439627515,2.8509526295035744e-75,1.3547304532048466e-73
4008,Vmn2r10,99.2806613195628,-0.9776100551240134,0.1921374341265333,-5.08807697765029,3.617125568384346e-07,1.5091941802397122e-06
4014,1010001B22Rik,493.3979627949672,-3.0048830245704874,0.1170302016299586,-25.676133021386388,2.159918840846125e-145,2.5192507934596173e-143
4027,Gm15788,149.7568042708369,-0.7628272625044611,0.1508216676965506,-5.057809492196111,4.240997905874264e-07,1.7594827205292417e-06
4036,Gm15559,36.41595749681532,-1.0607457961439857,0.3139269630823724,-3.378957276331988,0.000727613147163,0.0019462008362963
4040,Chek2,115.66581402461348,-0.6008250346187393,0.1748731459918636,-3.4357764378911217,0.0005908583256806,0.0016041006492999
4042,Pitpnb,199.06382330079308,-0.572438808030157,0.1290211421292123,-4.436782984426458,9.131326842753504e-06,3.2400531936167994e-05
4049,Srrd,1034.2058586162827,-0.78306732349813,0.154078382113844,-5.0822660048412525,3.729586143873758e-07,1.5548526474703595e-06
4050,Asphd2,205.48566799566572,-0.70564119965441,0.1318421727586704,-5.35216603981524,8.690759673483899e-08,3.859328985663631e-07
4052,Crybb3,268.39356926754004,-0.9737800943368616,0.1150560418729167,-8.463528542138052,2.5940688840441357e-17,2.313921468061617e-16
4055,Wscd2,122.81891426327824,-0.7968179036651625,0.1738437706637423,-4.583528651172719,4.571942051823458e-06,1.6843651550580034e-05
4065,Kctd10,328.7241784389664,-0.5100314591824898,0.1017031652150091,-5.014902516595624,5.306036094733968e-07,2.1822166444273047e-06
4071,Tchp,426.15699258571937,-0.8440268337797279,0.0913069397357812,-9.243841007289522,2.378038323227552e-20,2.5302196285011327e-19
4078,Hnf1a,1680.8067559223798,-1.292494810736517,0.0524769854755726,-24.62974576422945,6.066769682031185e-134,6.144999080562639e-132
4081,Acads,178.55725149739567,-0.5227040690609271,0.1377699797120496,-3.79403459413597,0.0001482190097761,0.0004445704022039
4082,Unc119b,44.47052950726289,-1.0912001957704731,0.2842978585744607,-3.838228684669026,0.0001239250426635,0.0003760248239748
4089,Srsf9,71.92345774549631,-0.6843366520074727,0.2260774402496511,-3.0270010632276194,0.0024699308961339,0.005937089161105
4091,Cox6a1,3768.411887556318,-0.956421107105606,0.0371494004334742,-25.745263609794407,3.642168780567236e-146,4.2805214156956616e-144
4095,Pxn,128.75750584806295,-1.0806427483792085,0.168185320814637,-6.425309552254106,1.3160143477560415e-10,7.560207797780603e-10
4108,Suds3,2129.503476644246,-0.5446169738703418,0.0468060074289255,-11.6356212329654,2.716053947845756e-31,4.4063610728169935e-30
4131,Rasal1,878.3361195221152,-0.8084800057149152,0.0663882249857853,-12.178063291916937,4.068278760086436e-34,7.158310833176085e-33
4134,Ptpn11,1694.481616317238,-1.344700345333233,0.0595940330758838,-22.564345387078667,9.71000941513043e-113,7.400757671056839e-111
4136,Hectd4,245.37782137268596,-0.7462605523433365,0.118682478732342,-6.287874674629405,3.218415561741401e-10,1.7920696560061707e-09
4140,Adam1a,978.1871570510502,-0.7799383779520865,0.0675718278153205,-11.54236022864031,8.068057930847065e-31,1.288545849619517e-29
4143,Acad12,82.42306585055734,-1.0624258519240872,0.2062993136627872,-5.149924316571926,2.605915917616136e-07,1.1061671206952862e-06
4155,Vps29,132.38132994396622,-1.7592143676218546,0.1809870425985464,-9.72011223767012,2.475085238426321e-22,2.85655264848663e-21
4157,Gpn3,24.43409346845986,-1.3792073576728083,0.398209694290918,-3.463520294574265,0.0005331563749179,0.0014579885520846
4159,Gm42829,632.0198084112151,-0.5586859426201379,0.078675882351693,-7.101108064129841,1.237605546497865e-12,8.27004122998313e-12
4163,P2rx4,128.86384320305194,-1.1274589917646545,0.3438146189075871,-3.279264259754181,0.0010407812564337,0.0027099388168534
4167,Kdm2b,288.87582627981726,-0.8656883761569115,0.1113830943656527,-7.772170283894214,7.71526326016641e-15,5.942180748050128e-14
4173,Rhof,890.951686394788,-1.2998074900982095,0.068992583429509,-18.8398147378587,3.562102872758653e-79,1.763412727620329e-77
4177,Psmd9,348.35414222371475,-0.5704793499151958,0.0983781921999184,-5.798839530979598,6.677539101450831e-09,3.3185084572607166e-08
4185,Vps33a,2595.511664683392,-1.2970943087065134,0.0433930194187959,-29.891773517485834,2.5171454391966296e-196,4.9684578438296544e-194
4188,Rsrc2,441.2366562285404,-0.9350729829794048,0.0919302278362418,-10.171550805302898,2.656450672136576e-24,3.349608071106857e-23
4195,Abcb9,633.2886362767878,-0.6399195409208368,0.0767245949133371,-8.340474676257934,7.399290805684343e-17,6.469022217167302e-16
4198,Pitpnm2,670.9254201316697,-0.8888644835033042,0.0749592296144231,-11.857972501524689,1.9565558338754263e-32,3.27425365416805e-31
4203,Kmt5a,187.82180054686648,-1.5116851342158313,0.1443305409836166,-10.473771690410468,1.1400797859077123e-25,1.511857741932398e-24
4204,Rilpl2,72.45683699027755,-1.3352221717921124,0.2294522217748403,-5.81917299150128,5.9139502738247165e-09,2.964870674562205e-08
4217,Ncor2,109.58609903791664,-1.104894357602168,0.1855718878681006,-5.953996428529609,2.6167251524223124e-09,1.3560114589934006e-08
4223,Bri3bp,471.56456467615504,-0.7857861270072288,0.0912188455092564,-8.614295901470173,7.037272594923723e-18,6.48001488465584e-17
4225,Tmem132b,41.43930502972455,-1.290234036730188,0.2949417844958509,-4.374537975131627,1.2168993865977016e-05,4.268713364333154e-05
4232,Rimbp2,188.58638494428556,-0.5157470351203134,0.1345318741379683,-3.833641941175904,0.0001262598896987,0.0003826569412996
4234,Adgrd1,994.2437807244896,-0.9523189325699896,0.0625612050817986,-15.22219610899174,2.519301342667106e-52,7.516892145678831e-51
4240,Psph,67.19005778021013,-0.8408308022386989,0.2303018080843147,-3.6509952276660633,0.0002612260945016,0.0007538588474127
4244,Chchd2,41.014651172569366,-1.792223981552489,0.324647050384377,-5.520530617575376,3.3797749419100115e-08,1.5640220921444705e-07
4251,Tpst1,803.4609013700192,-0.8510209374797125,0.0705406666664009,-12.064259918386352,1.6312216427289462e-33,2.821830158590433e-32
4257,Auts2,202.91091380923845,-1.4235309521467086,0.1370532202473909,-10.386701965682624,2.8503936401993005e-25,3.719039024110884e-24
4264,Gtf2ird1,279.42116577466294,-0.5848997003096343,0.1098709793446176,-5.32351403253681,1.0178159742056706e-07,4.490055799103297e-07
4271,Cldn3,235.24170136901068,-0.5258195292623367,0.1230637609754555,-4.272740611000901,1.930850224633544e-05,6.595822067552261e-05
4278,Mlxipl,436.4572388412141,-0.8044684674489877,0.0968809275564091,-8.303682548668665,1.0093310198203996e-16,8.759673270098576e-16
4286,Por,76.60267282037815,-0.7764401365530145,0.2183251816595833,-3.556347145349702,0.0003760471095557,0.0010570789298374
4287,Tmem120a,69.26837681434917,-2.2493988852124325,0.273510039427947,-8.224191294466213,1.9651224108265366e-16,1.6743234442216577e-15
4298,Alkbh4,16.585082730628653,-1.6822084780577986,0.4894663172054577,-3.436821736094411,0.000588582845912,0.0015984867693883
4311,Trim56,354.571599397331,-0.5175102386603899,0.1018416650859431,-5.0815178465873325,3.744308267206051e-07,1.5605676795317911e-06
4317,Epo,6528.4398506258585,-1.4672957196989014,0.0346730346304542,-42.31806460949736,0.0,0.0
4323,Actl6b,601.7430853672187,-0.8042603597982343,0.0826292582236498,-9.733360520088048,2.17293245296535e-22,2.511596700139229e-21
4327,Gm36266,567.1841898737729,-1.2143745765573433,0.0822012649697031,-14.7731859966501,2.181519278103124e-49,6.106667419213761e-48
4328,Lrch4,193.10411824245136,-0.6971601010508813,0.1408517174345345,-4.949603126954484,7.436496603860487e-07,3.0098913578401606e-06
4332,Tsc22d4,18.215465250200378,-1.8579237323892075,0.4764543459142977,-3.8994790336604495,9.639988406929804e-05,0.0002973697886457
4333,Ppp1r35,390.3584275982312,-0.720922746460507,0.09448809253191,-7.629773521113684,2.3516647801815915e-14,1.7448786002735318e-13
4334,Mepce,1184.2814208677344,-0.6884505829319334,0.0578676088212709,-11.89699379247329,1.2268754601471542e-32,2.07343299499732e-31
4345,Cnpy4,197.4052930152048,-1.1605184461984,0.1389681511237782,-8.350967015202869,6.770632885564543e-17,5.936256486682898e-16
4347,Lamtor4,338.58592828799857,-0.794969210205165,0.1042547112790851,-7.625259333144847,2.4354427760610912e-14,1.8061694113794106e-13
4352,Stag3,358.23669784487794,-0.5052834594821589,0.0987170301735026,-5.118503449648808,3.079696058302524e-07,1.2965545669572232e-06
4356,Prkar1b,1298.726124641988,-0.6723677933672141,0.0579973323064193,-11.593081381999951,4.467652717352378e-31,7.194977116773768e-30
4361,Adap1,2403.2863080110023,-0.91335829100384,0.0450575582752363,-20.27092292539567,2.3226005987200285e-91,1.3913913936923563e-89
4363,3110082I17Rik,272.4349374111541,-0.6911901871545696,0.120029008730267,-5.758526163519638,8.485151694686097e-09,4.167062057141536e-08
4382,Amz1,124.44165507593372,-0.5259435417028097,0.1825215434532623,-2.8815422648312534,0.003957341571986,0.0090936165436264
4383,Gna12,391.3102810792048,-0.7369749423109317,0.0943438009767735,-7.811588410481438,5.647171581034477e-15,4.399992594210871e-14
4384,Sdk1,994.6530679591084,-0.6457056203176815,0.0624493276779364,-10.33967288883738,4.6612586703802045e-25,6.0408029031290935e-24
4386,Foxk1,64.26640813780749,-1.1328917271332943,0.2403648780396866,-4.713216574620535,2.43836796196351e-06,9.306175791370898e-06
4395,D430018E03Rik,78.10482721362341,-1.701116936680655,0.2301275176323345,-7.392062253930279,1.445688060452881e-13,1.0214691775462393e-12
4417,Aimp2,568.1537016205348,-1.0831195638612157,0.0818687344279465,-13.229953674372233,5.892367788635689e-40,1.2741417763179083e-38
4419,Gm17135,134.17588428482858,-0.7288149478598286,0.1600365943893781,-4.554051844458652,5.262237814787227e-06,1.924861330398293e-05
4425,Bri3,15.533179076597303,-1.453782304281871,0.4996712692755408,-2.909477477841919,0.0036203347072104,0.0083981728419786
4427,Gm15708,87.48501659374824,-1.6240949120056456,0.2145950581242318,-7.568184124097749,3.784773019308742e-14,2.777424471176234e-13
4437,Atp5j2,48.17062860673829,-2.90042299886286,0.3549015323349792,-8.172472459558872,3.0213268381354516e-16,2.5446579868672545e-15
4439,Zkscan5,7165.591686587591,-1.166265318408393,0.03261671348789,-35.75667790200278,5.209634642563547e-280,2.110724604129167e-277
4444,Wasf3,303.1349333697645,-0.879544397979257,0.108030078231257,-8.141662140579408,3.89887960821366e-16,3.262345133046604e-15
4452,D5Ertd605e,106.91341206636127,-0.5540627777522398,0.1793818536811109,-3.0887337062376625,0.0020101152420026,0.0049381932720679
4456,Slc46a3,420.8328396334664,-0.5400431548094341,0.0902135800070168,-5.98627340548318,2.147033483494029e-09,1.1186371408417624e-08
4459,Ubl3,91.28929372111804,-0.570014086884264,0.1920685434236746,-2.967763886389755,0.0029997466458108,0.0070780228902535
4463,Gm42788,215.6412148572831,-0.8748868710127672,0.1319982607725338,-6.628018171545588,3.4022359692844213e-11,2.0565694928583806e-10
4467,Gm20005,555.0659560308806,-0.8074844546922005,0.0814097061695691,-9.918773727180424,3.449682199030246e-23,4.1331756526279897e-22
4482,Vps50,15.556122190548964,-2.028378534912324,0.5455488504054051,-3.7180511578477473,0.0002007656193137,0.0005902210187044
4487,Sgce,617.5684206294756,-0.5565235879696866,0.0750736752457338,-7.413032413133551,1.2344369992062117e-13,8.76228309809997e-13
4488,Peg10,503.9515038759767,-0.7323201474475339,0.0905393133874533,-8.08842170377025,6.044282153712709e-16,4.989692656223105e-15
4492,Dync1i1,537.7376984234337,-1.033812665311464,0.084300289775846,-12.263453281837648,1.4230363190171364e-34,2.5475659497195158e-33
4512,Gm4876,184.3336733668149,-0.5507210449515431,0.1369833399986068,-4.020350540125129,5.811160766769127e-05,0.0001855425781111
4515,Cav1,2748.5396190496244,-0.6073580223406349,0.0442688314697407,-13.719766304556384,7.731419762530861e-43,1.8340976681652564e-41
4523,Wnt16,102.3507310486572,-1.1122248601203064,0.1894217999824821,-5.871683513846693,4.313917036049677e-09,2.1919823989115786e-08
4531,Pot1a,211.2518218936763,-0.7371858759551276,0.1320124533938612,-5.584214647959931,2.3475861844359324e-08,1.1002568309155441e-07
4541,Impdh1,519.5223530665054,-0.5112765234890673,0.08609961796613,-5.938197352863911,2.881730258012426e-09,1.486833748403462e-08
4546,Flnc,236.25694164275757,-4.3051371765587465,0.2229380526984357,-19.310912266656544,4.348238773950507e-83,2.3005321018468044e-81
4554,Nrf1,567.6839121627922,-0.620679530362388,0.0797556595661326,-7.782263148958427,7.123849233199044e-15,5.5059629916833586e-14
4556,1700095J07Rik,538.2757180542559,-0.8436748579458689,0.0850639329586336,-9.91812662078705,3.4721166103873854e-23,4.1568201659039024e-22
4558,Tmem209,711.1029064694603,-0.8757246101524494,0.0733683458784373,-11.936000459972496,7.682954204795895e-33,1.3070360545529014e-31
4566,Gm43154,303.6837503813601,-0.6924937552223663,0.1188709798968475,-5.825591374978911,5.6910710330665605e-09,2.8587187479638746e-08
4578,Bpgm,12.01962198839321,-2.553877136078016,0.6680448338977231,-3.822912784426999,0.0001318844377933,0.0003987613519769
4583,Stra8,405.13758995017565,-0.9214704834572404,0.0971473049612015,-9.485291267989933,2.417071003383032e-21,2.6711555791375188e-20
4588,Slc13a4,223.89656526753063,-1.4745372555636662,0.1321707134333988,-11.156308513887907,6.670415945636908e-29,9.960981949469044e-28
4589,Mtpn,1406.7393159294872,-0.6456605124265876,0.0656901827695043,-9.82887374042024,8.455911687644668e-23,9.885134118677093e-22
4594,Trim24,1580.7348531440132,-0.9499742544917054,0.0538068022695866,-17.655281756609085,9.267006715958246e-70,4.041780039628701e-68
4596,Atp6v0a4,132.37574865261615,-1.6548245840197406,0.183221637237863,-9.031818561207402,1.6884219576944131e-19,1.7113195826638037e-18
4599,Ttc26,95.1334895425676,-0.7809598001835563,0.1888840622983203,-4.134598709287189,3.555754003160084e-05,0.0001169002533261
4609,Gm49041,44.07130888466222,-1.5211594358837195,0.3000167617660139,-5.070248165234471,3.972973085269694e-07,1.6509552934092362e-06
4612,Mkrn1,391.6049242752918,-1.3489687632081162,0.1012464004197016,-13.32362195215011,1.6871941249635571e-40,3.6741217465260146e-39
4614,8030453O22Rik,145.5739455947652,-0.8546609427320676,0.1536702830464791,-5.561653989233344,2.6722972992669653e-08,1.248640037011053e-07
4615,Adck2,71.1547866086614,-0.6607569909300305,0.2170989561391207,-3.043575163514864,0.0023378503128815,0.005644750434
4624,Tmem139,11.933750385542986,-1.9874882131732383,0.6058986708649247,-3.280232007005536,0.0010372175324246,0.0027020594489613
4625,Casp2,172.42891954704888,-1.175322796472799,0.1443574432259431,-8.14175403919579,3.895920773413182e-16,3.261641991705784e-15
4627,Fam131b,88.49361889077515,-0.643867716533412,0.1991551801922662,-3.232995074051382,0.0012249967495733,0.0031407243890809
4633,Arhgef5,150.88467673847038,-0.5081190430701102,0.1491143366010379,-3.4075800801743514,0.0006554167331949,0.0017656685956726
4636,Cul1,67.30390876540844,-0.9910272187496062,0.2326075084438276,-4.260512592132981,2.0395859023771597e-05,6.941084118699989e-05
4639,Zfp786,1612.6630803986566,-1.08897476803225,0.05242970720819,-20.77018595026869,8.054589319873483e-96,5.040994193852528e-94
4642,Zfp212,82.84798389007848,-0.7202050039395751,0.204117027879243,-3.528392566864402,0.0004180916189367,0.0011673809512424
4643,Zfp956,83.82284660049612,-1.1320296722386416,0.2150632795079992,-5.263705058475758,1.4118087648048166e-07,6.147117574359432e-07
4650,Zfp775,6388.717253597373,-0.5978149100738993,0.0455632625111925,-13.12054662299581,2.5111707837834577e-39,5.281691992777338e-38
4658,Tra2a,1957.7718663096543,-0.6910599987900915,0.0462960134076414,-14.926987183653,2.199831040735624e-50,6.2258453498466304e-49
4663,Gsdme,196.9966104586276,-0.750965784419452,0.1387937721288809,-5.410659087225621,6.279321133257368e-08,2.8334240377382895e-07
4664,Osbpl3,17.966371454178415,-2.412529579720853,0.5251190774707607,-4.59425239574387,4.343034642388088e-06,1.6042553108015115e-05
4671,Gm44077,197.8853368156457,-0.96801925883844,0.1351125448101265,-7.164540200162731,7.804806378851007e-13,5.270298202139917e-12
4674,Hotairm1,185.468259689147,-1.38413666229899,0.1465897949923761,-9.442244341572184,3.648787342637429e-21,4.004043473075257e-20
4682,Tax1bp1,98.2729985281484,-0.70291976531834,0.1845580518468243,-3.808664852518788,0.0001397191820561,0.0004206328758187
4684,Creb5,139.56394673841604,-0.6999173976200517,0.1614971337266497,-4.333930773067049,1.4647025088570426e-05,5.085827655923101e-05
4687,Gm15527,100.28642258123008,-0.8867664350704966,0.1843150158148245,-4.81114591315448,1.5006740657926235e-06,5.862567347613103e-06
4695,Ggct,84.62969456576874,-0.9829052392908372,0.2022445349701103,-4.859984174287332,1.1739513691640264e-06,4.643924789221313e-06
4702,Kbtbd2,109.57093450315728,-0.624116245199837,0.1794740316029278,-3.477473814042608,0.0005061624891442,0.0013943241515233
4703,Vmn1r4,23.43094156926037,-1.2938772641947522,0.3981412465641038,-3.249794577579462,0.0011548839870374,0.0029823203395552
4711,Gprin3,355.5648448043783,-0.5153628535100522,0.0988031974970252,-5.216054404773378,1.8277451293720495e-07,7.871626438425792e-07
4717,Hpgds,62.88775434579508,-0.7124328335930238,0.2335750254651963,-3.050124182472494,0.0022874676298631,0.005536527531736
4721,Mad2l1,2628.224651560065,-0.7039597054826134,0.0426877985766749,-16.490888004406585,4.2663292541860494e-61,1.5418874459494933e-59
4733,Smyd1,51.42482130446182,-1.007141587946625,0.2679036855212084,-3.7593420411041536,0.0001703607974803,0.0005067377971419
4740,Ptcd3,1424.7281670713462,-0.6128269699430344,0.0527011448154268,-11.628342649658082,2.957845808071777e-31,4.7835077795244845e-30
4741,Polr1a,181.3124502452529,-0.6407648002106952,0.1369526092804009,-4.678733786654431,2.886519213742775e-06,1.0921811210317957e-05
4745,0610030E20Rik,71.97504201851906,-0.804378127637338,0.2262144010227476,-3.555821928226626,0.0003767992380569,0.0010588065466553
4748,Vamp5,401.6901258420448,-0.5192776858653618,0.0919000643260353,-5.650460526590191,1.6001855067412378e-08,7.639211181949796e-08
4757,Kcmf1,29.259633947787812,-1.3319899926580123,0.3576271957526425,-3.724520977368009,0.0001956864407463,0.0005767206052316
4758,Gm26640,21.13005910207441,-1.221804161247225,0.4162974077389894,-2.934930985717963,0.0033362188179884,0.0077907515428106
4763,Gcfc2,560.6084981728696,-0.5171761108477613,0.0814818717504227,-6.3471309597779095,2.1936738604391087e-10,1.2412275911547415e-09
4776,Ino80b,376.3268540307636,-1.6443724692726005,0.1076000751222394,-15.282261349766763,1.0039556484321685e-52,3.030764933972875e-51
4777,Rtkn,20.33064240372735,-2.75203893990035,0.5312208867797475,-5.180592496246083,2.211822161685509e-07,9.448727525335762e-07
4778,Wdr54,301.1550343556356,-0.8924544730978813,0.1079365165644468,-8.268327545710754,1.3585123305797594e-16,1.1724022332738775e-15
4791,Paip2b,1223.7951450202895,-0.8982076633945204,0.0564064738274069,-15.923839985865175,4.32969060325282e-57,1.4459851741362343e-55
4794,Gm44012,613.6174139384328,-0.5371184255278015,0.0759544085665447,-7.07158986113656,1.5316856432913542e-12,1.0199754396242944e-11
4795,Spr,108.71376333329016,-1.4518966857716136,0.1936898994898574,-7.495985539750058,6.580204565925484e-14,4.756283074975998e-13
4805,Dusp11,79.26658749210442,-0.8021578777600694,0.2219699284049004,-3.613813292298021,0.0003017263750921,0.000862171356889
4812,Tia1,799.0041798559542,-0.5937841383279994,0.0674381239382011,-8.804873321685674,1.3100045403679913e-18,1.2566249161062673e-17
4814,2310040G24Rik,210.3889794367192,-1.0730721294830607,0.1323436759811969,-8.108223695067377,5.136511016026542e-16,4.258574238166109e-15
4830,Cnbp,2193.2131904090397,-0.6043646969053158,0.0448838826081842,-13.465071686893546,2.5107442700467976e-41,5.626698512611426e-40
4838,Gata2,118.16359677185612,-0.8125509378362586,0.1757237926301257,-4.624023449952312,3.7636728945931935e-06,1.4047395850947109e-05
4842,Mgll,506.574197383,-0.5241670300058893,0.0828267369607046,-6.328476156854628,2.4759410514993606e-10,1.389704281038431e-09
4844,Podxl2,810.2226951615545,-0.9144800166873608,0.0695558005640009,-13.147429966619567,1.7605738190496602e-39,3.733580512133411e-38
4866,4930590J08Rik,1811.6766916670576,-1.0506997952261272,0.0526787857308535,-19.94540649806097,1.64309174618725e-88,9.369274268258853e-87
4867,Fgd5,66.63691488979097,-1.1618269486199972,0.2526530326899352,-4.59850782810841,4.2552772857688165e-06,1.573726857835616e-05
4892,Gxylt2,1030.9253526798354,-0.6040027165602462,0.0606871202621895,-9.952733198588817,2.453504090893169e-23,2.9673329916253913e-22
4894,Gm43948,129.8743971088212,-1.403726969701179,0.1732201610314169,-8.103715880085028,5.330551026127334e-16,4.417070161370098e-15
4905,Gm44040,44.33472369256248,-2.212679603004301,0.3393198143364758,-6.520926599382632,6.987437470995138e-11,4.1060529505130207e-10
4908,Grm7,248.6979827752509,-1.116361157263306,0.1204602229200774,-9.267467137297142,1.906186018642528e-20,2.0337934818447925e-19
4919,Ogg1,136.121865299266,-1.2316369194912695,0.1678800712400518,-7.336409321212113,2.1940034067556278e-13,1.536101703065468e-12
4921,Tada3,1565.5675137176324,-0.9731424637523832,0.0551246625802289,-17.65348608412909,9.566457682114495e-70,4.160598374967084e-68
4926,Il17rc,614.2866785970599,-0.5644779508728646,0.0782801001171367,-7.211001902503846,5.554167866515222e-13,3.792105032056247e-12
4927,Creld1,122.22080810869114,-1.0496405742105694,0.1799604006929535,-5.832619677266971,5.456384217911058e-09,2.7507037137838457e-08
4928,Prrt3,16.181792504136943,-1.9752949913162003,0.5162548597341541,-3.826201253259641,0.0001301359104293,0.0003937065193496
4930,Fancd2,391.8260971058575,-1.2624639799635902,0.1003320605913581,-12.582857089973189,2.6236622490823687e-36,4.980752649429363e-35
4933,Tatdn2,202.516964416335,-1.0407632433465095,0.132422903981313,-7.859389969981158,3.860087272764748e-15,3.033685740249416e-14
4937,Atp2b2,84.42952348036262,-2.922018963175283,0.265721760458866,-10.99653621942496,3.9709335251219573e-28,5.7839633446336474e-27
4939,Slc6a1,808.4769562204101,-0.7675328372420659,0.0683692010721183,-11.226295249997786,3.029149634098992e-29,4.572234094763537e-28
4943,Syn2,427.5732462163985,-0.5801107326987056,0.0921685918920229,-6.294017525821758,3.0935287515578024e-10,1.7256510383689827e-09
4948,D830050J10Rik,171.12827032532766,-1.074122482723744,0.1441956103079162,-7.449065061204402,9.400400817965409e-14,6.71906086320313e-13
4950,Cand2,89.61304613128426,-0.6724820866457529,0.1908976537317086,-3.5227362594559315,0.0004271161651791,0.001191714476096
4953,Tmcc1,931.250379905926,-1.2785432047051033,0.0673962190307828,-18.970547949004903,2.987760254489744e-80,1.5131433183593452e-78
4961,Cxcl12,103.52178597723724,-1.0543714718358872,0.1916070453238132,-5.502780286883576,3.7384820753537526e-08,1.723799641573716e-07
4965,Fxyd4,243.0134303827135,-0.6475166148886132,0.1169909029860003,-5.534760381891384,3.1165412519559085e-08,1.449615381121244e-07
4966,Rasgef1a,179.31111120456907,-0.9787178345102234,0.1406484938651749,-6.958608710367128,3.436495132373573e-12,2.246636053419258e-11
4973,Dcp1b,163.01167191468846,-0.7570573764335699,0.1483341183981916,-5.103730582072204,3.330222981069387e-07,1.3955392764437743e-06
4985,Slc25a18,157.2108425638717,-1.4760333920055833,0.1578372459802449,-9.351616488482858,8.631825167144139e-21,9.332554794476908e-20
4987,Bid,179.11831138496953,-0.7831912888823185,0.1369975357869828,-5.71682756469504,1.0853114944065013e-08,5.2711216933383275e-08
4992,Gm44148,320.6568740152241,-1.46941536363724,0.1137842776610068,-12.914045717414604,3.750650892834319e-38,7.4993533955944385e-37
4993,A2m,114.02068022230846,-0.6610854730651706,0.1697185532464909,-3.8951868279541744,9.812306779472922e-05,0.0003022009905516
4995,Phc1,185.09539236689548,-1.371491276690178,0.1501092709799329,-9.136619395570332,6.443507480736549e-20,6.680420281038378e-19
4996,1700063H04Rik,436.86708778081424,-0.5450201236254633,0.0938914631598187,-5.804788905012049,6.4447146944602466e-09,3.2131744635981206e-08
4999,Gdf3,573.8000028550882,-0.6093753953647588,0.0782536910485798,-7.787177667906536,6.852256679769158e-15,5.306707436706536e-14
5000,Dppa3,151.68191555813314,-1.1933591440048736,0.1545482477411225,-7.721596080492743,1.1488195536176776e-14,8.734432517282849e-14
5008,C1s1,342.80430639435417,-0.6353667491118129,0.1003598722923028,-6.3308843923324,2.437599387398947e-10,1.3704369396348751e-09
5011,Phb2,51.88902646603568,-2.1770468429557432,0.3091181799834867,-7.0427654661788,1.884613062980766e-12,1.2485156074721116e-11
5012,Ptpn6,399.5056393926493,-0.6399177152957908,0.0934002418556045,-6.851349660154998,7.315645587128553e-12,4.6407778928484215e-11
5015,Eno2,415.0798537710613,-1.543395750736674,0.1003720798759915,-15.376743738333614,2.3444547129254604e-53,7.20463568067872e-52
5020,Gpr162,72.2280306147158,-2.004606586454663,0.2633820452106163,-7.611022174467729,2.7193656667895052e-14,2.011886295333552e-13
5022,Ptms,734.6801302778514,-3.4984626849513574,0.1082380094246934,-32.32194220446573,3.4401661110654505e-229,9.292069727362047e-227
5025,Pianp,16.570779940897364,-1.5776920681970328,0.4843943094992174,-3.2570408802450674,0.0011258021797785,0.0029111270339051
5036,Tuba3a,86.95231671227447,-0.8797141425926943,0.2028727079118955,-4.336286293249167,1.4491017927744324e-05,5.03506459073689e-05
5043,Ntf3,67.13610094016488,-0.985727877118854,0.2335877842590302,-4.219946176747669,2.4436065151616447e-05,8.217947992011507e-05
5045,Rad51ap1,1534.04045231365,-0.9792444725718604,0.0546363207886371,-17.9229578133584,7.806489343869412e-72,3.545389673693613e-70
5047,Tigar,152.24885318133883,-1.1340800965674347,0.1542045423564476,-7.354388393734734,1.9180328369997034e-13,1.345945011779737e-12
5052,Prmt8,84.11749588579274,-0.806458958619766,0.2086988184211332,-3.864223883589091,0.0001114429721399,0.0003407021443737
5055,Tead4,1209.5208517221947,-0.5196933112544937,0.0607043593160272,-8.561054216040192,1.1184009326557464e-17,1.0188698674063828e-16
5056,Tulp3,196.97726915391505,-0.546990156247812,0.1304298182113872,-4.193750813646819,2.743793854060652e-05,9.155494186631512e-05
5058,Rhno1,737.263193265272,-0.773270531517671,0.0777681065795219,-9.943286078682672,2.6977784674791083e-23,3.25254481482446e-22
5060,Nrip2,360.5177294988059,-0.5467089803933304,0.0967952241588456,-5.648098706772498,1.622320259886982e-08,7.735287309142142e-08
5064,Pzp,78.86353457792838,-0.778316708440819,0.2168249937829457,-3.589607890038538,0.0003311757423972,0.0009390021602115
5067,Clec2d,211.80751524055577,-0.6361113870532232,0.1272667624088957,-4.998252293159302,5.785226128799536e-07,2.3669769194525026e-06
5084,Gpr19,44.67882306774848,-1.1663643365134797,0.2860390379119419,-4.07764039841495,4.549505815533112e-05,0.0001474925069192
5085,2810454H06Rik,439.8407006412537,-0.7496366282566786,0.0888233811659842,-8.439631754794748,3.1833898322475185e-17,2.824868579670478e-16
5093,Grin2b,306.6342060000043,-0.864552673346009,0.1078932816678764,-8.013035288029585,1.1191151176089204e-15,9.068366500372071e-15
5095,Plbd1,53.01088681015665,-1.8013584984301882,0.2882788763489455,-6.248666295791109,4.139723123266139e-10,2.2844149536131e-09
5096,Wbp11,527.6632520686071,-0.6430446658379425,0.0811896003222598,-7.920283672854071,2.3696932144195706e-15,1.8894856839344143e-14
5108,Pyroxd1,148.34831428993002,-0.5810068415447449,0.1538186164906355,-3.777220565367109,0.0001585882779755,0.0004737340177941
5114,St8sia1,464.0295888782175,-1.0079692213430254,0.091684078893482,-10.993939553170156,4.086891200763431e-28,5.941621994990915e-27
5120,Casc1,1366.986214649216,-1.0924157876704823,0.0565813894130386,-19.306980599149885,4.692144755586319e-83,2.4739815293495536e-81
5127,Ints13,170.96159440090625,-1.9025253141246885,0.1604513560194361,-11.857333969145312,1.9715308163986164e-32,3.295731644872214e-31
5129,Tm7sf3,1445.4229369640009,-0.7272245153871469,0.0523994557633088,-13.878474590882377,8.554514401276996e-44,2.0872472856111028e-42
5139,Gm6288,15.87220127472399,-1.7049376245750414,0.5158961970394492,-3.304807506547038,0.0009504165132032,0.0024919299450403
5154,Cacng7,459.3735910353152,-0.6277216539821033,0.0929994702579207,-6.749733651613362,1.4811680537807772e-11,9.172994109416269e-11
5164,Mboat7,202.06085370585188,-1.0991067694865828,0.1352584220745851,-8.125976576013178,4.437747356742494e-16,3.699163958007984e-15
5167,9430041J12Rik,167.53938666433882,-0.8690692577459972,0.1450457391111539,-5.991691056019211,2.0767015960667717e-09,1.083092742989296e-08
5176,Tnni3,89.32286397205742,-0.6066232231473404,0.1932913735790588,-3.138387460934583,0.0016988015499527,0.0042335300522939
5177,Dnaaf3,1947.8034309457737,-0.5403944870526388,0.0499159256757819,-10.826093671239404,2.589688049294544e-27,3.654522200452685e-26
5179,Tmem86b,181.31279240061224,-0.5254714203304367,0.1393174906812133,-3.771754843997456,0.0001621034828518,0.0004836715546485
5183,Tmem150b,622.1029817310026,-0.6682301812472689,0.0785808228739243,-8.503731022508914,1.8359264161630438e-17,1.6539451786568886e-16
5187,Tmem238,29.58566300484844,-1.5187959334516727,0.361040563034288,-4.206718272005999,2.591058208755696e-05,8.69105276296355e-05
5190,Shisa7,43.75620043413739,-0.92555277413675,0.2774342160792326,-3.3361161691477186,0.0008495765483888,0.0022443514994843
5195,Nat14,782.4297182373757,-1.043097533016326,0.0709583578530408,-14.70013631342266,6.433008789619631e-49,1.787772623194654e-47
5200,Zfp580,853.3031101132168,-1.060071544113938,0.0690814551939368,-15.345240501056772,3.811442235356986e-53,1.1689435190349832e-51
5210,Gm3854,717.6429877051387,-1.0355466093805978,0.075995793294173,-13.626367519740048,2.7913209556802243e-42,6.481927214728918e-41
5211,Zfp78,220.02048481378367,-0.8341683643134983,0.1415568945885472,-5.892813393075007,3.7967509098690464e-09,1.935588642660392e-08
5215,Peg3,117.15715269535688,-0.7247508203148714,0.1762046733524817,-4.113119172867066,3.903487436587508e-05,0.0001278410818415
5223,Zfp551,2223.367847717904,-0.783846062395675,0.0510892463341502,-15.3426820444544,3.96469872674425e-53,1.2135288587863712e-51
5230,1810019N24Rik,53.70494201063291,-1.792462162217954,0.2755871772712728,-6.504156615579952,7.813046567040146e-11,4.575491249378095e-10
5231,Gm29638,263.08916331395034,-0.5055371342372021,0.1132961134926819,-4.462087168328647,8.11651941711368e-06,2.8993487922478477e-05
5248,Gm38948,424.40241254255767,-1.6020135699493108,0.1001562388940644,-15.995145061744628,1.381361749199366e-57,4.6639134847968055e-56
5258,Sae1,291.00437165117154,-0.6995638670715223,0.1092527551931263,-6.403169108503504,1.5218446816379658e-10,8.693996556028988e-10
5260,Gm45509,67.75775978699488,-0.8823285408613931,0.2239708953555577,-3.939478562429645,8.165889805949111e-05,0.000254343595898
5270,9330104G04Rik,168.85983346012225,-0.7798527796807366,0.1465046354368953,-5.323058737050312,1.0203677944280614e-07,4.498734983681108e-07
5275,Hif3a,344.61530162206395,-0.5200738227884841,0.1069075482013935,-4.864706295656164,1.146268942609705e-06,4.541419619253479e-06
5276,Mill2,361.9808291518661,-0.9714926254385516,0.1029236669573442,-9.4389624287403,3.764888916468362e-21,4.128506393016161e-20
5280,Mypop,122.68463717818246,-0.6314709637054671,0.1858434717144082,-3.397864653948508,0.0006791401053999,0.0018267017929311
5286,Dmwd,1526.223520639296,-0.7519059526369849,0.0519463028176561,-14.474676961637748,1.7514666021151347e-47,4.697836203164567e-46
5288,Six5,365.5365790050069,-0.5422377296954092,0.1026182033314483,-5.284030630940068,1.2637210734238753e-07,5.52577382744504e-07
5293,Gpr4,828.534952732698,-0.5608194901001224,0.0674508897633932,-8.314486170121492,9.215064795287464e-17,8.01554449651106e-16
5301,Cd3eap,1657.9678545436248,-0.5425950894423511,0.0507699119331319,-10.68733564393399,1.1667460955158175e-26,1.6124975661186292e-25
5304,A930016O22Rik,137.39355699715682,-2.1897885940799635,0.1907509185608365,-11.47983249884886,1.6660296476590897e-30,2.6416264114685216e-29
5308,Ppp1r37,411.9524852898932,-0.7781905457295663,0.0929301303276564,-8.373931500857623,5.572715867183763e-17,4.899916247353582e-16
5312,Relb,179.35444962429062,-0.5484927304791982,0.1371352026180283,-3.999649397149695,6.343639201521523e-05,0.0002016240073216
5317,Tomm40,280.0165510553341,-0.9721390815681896,0.1198422521613822,-8.111822533667716,4.986609455699742e-16,4.140983774539009e-15
5318,Gm20512,268.8253382953829,-0.6189010545511786,0.1150253831311763,-5.380560687595156,7.425420086754952e-08,3.322341402373707e-07
5339,Plaur,350.96528572651283,-0.5932583120456845,0.1056559713307141,-5.615000312558999,1.9656188986716672e-08,9.294431377134208e-08
5341,Irgq,25.91473401015749,-3.6040044201398014,0.5595327331026488,-6.441096663202064,1.186132955569552e-10,6.831912826019013e-10
5342,Pinlyp,89.91816443983515,-3.8325736917512594,0.3336770728055543,-11.48587662774373,1.5535161132748999e-30,2.465766399997976e-29
5359,Erf,115.50605088308144,-1.0878670050205743,0.1769773839469181,-6.146926690626554,7.899861767379551e-10,4.248210680075989e-09
5365,4732471J01Rik,75.08002736810568,-1.123471906489801,0.216373142645055,-5.192289083367328,2.077241330179941e-07,8.888606870330842e-07
5383,Itpkc,46.52341753068672,-0.966179196414542,0.2816437008534799,-3.430501706541554,0.0006024661831322,0.0016333103284915
5392,Prx,288.68428840754075,-0.74693209751709,0.1108687146764441,-6.737086288922113,1.615942249789442e-11,9.963575041152683e-11
5401,Zfp607b,531.9387399452268,-0.6968195365757456,0.0827557485420755,-8.420194957471274,3.758583208246468e-17,3.325698107710495e-16
5402,Zfp60,4092.734810331698,-0.7523761602466986,0.0389721235523599,-19.30549561241804,4.828982579844339e-83,2.537440812262233e-81
5414,Selenov,95.30357076912247,-1.2811295160057028,0.1987277114172878,-6.44665762448998,1.1434369036058084e-10,6.595861584082064e-10
5415,Dll3,403.76906546889,-0.5151215378129327,0.0917161989510223,-5.616472811831355,1.948948998229108e-08,9.218438948305788e-08
5416,Timm50,1329.9881810408067,-1.1481533496142602,0.0556717413246098,-20.623629193123787,1.6843705662332416e-94,1.0331700891524696e-92
5418,Rps16,10.125545841044127,-6.391063645416997,1.99342280879169,-3.206075307872558,0.001345587680474,0.0034208500542566
5421,Gm44710,127.8638971129485,-0.523093184307947,0.1689436984201649,-3.0962574467087154,0.0019598012556909,0.0048238369516574
5433,Sars2,53.46027127382928,-0.780202351406584,0.2553869327541659,-3.054981486298684,0.0022507441541484,0.0054592340484706
5458,Ppp1r14a,298.1850001242008,-0.6795049856623637,0.1116742794938771,-6.084704452466331,1.1670638957797238e-09,6.1894990490611875e-09
5460,Sipa1l3,100.80639957656427,-0.8972601148114546,0.1948663793617224,-4.604489074772143,4.134797221676513e-06,1.533221050696811e-05
5461,Zfp84,53.26813340191416,-1.741120500187044,0.2830619529886924,-6.151022706526005,7.698489523099446e-10,4.145713350739388e-09
5482,Clip3,58.82377955870717,-0.7791334222147965,0.2399229003095967,-3.247432492727464,0.0011645128566575,0.003004162188522
5492,Hspb6,96.67451727663264,-0.8457640828335643,0.1900082150893833,-4.4511974518349176,8.539277861706169e-06,3.0433037490469488e-05
5501,Haus5,153.2622326353206,-1.0805430743750284,0.1568868772998249,-6.887402521945884,5.682028098174208e-12,3.649583003733421e-11
5506,Sbsn,113.12298046477194,-1.1212511999322543,0.1806029927536982,-6.2083755248806325,5.35351015080136e-10,2.9217526508946382e-09
5511,Fxyd5,61.58418521753898,-1.7399955111994183,0.2762398984714453,-6.298856612775944,2.9984920208188e-10,1.675064700744784e-09
5512,Fxyd7,206.81424305172223,-0.8547646363281991,0.1351209898903764,-6.32592047335998,2.5172744412223477e-10,1.4123891143243171e-09
5517,Uba2,118.34502027615363,-0.7695844134755048,0.174139284880829,-4.419361283137026,9.899303802851451e-06,3.500452029138745e-05
5522,4931406P16Rik,341.37232458373086,-0.7629112809032125,0.1017840727267994,-7.495389607281258,6.61017186451971e-14,4.775701831353613e-13
5524,Kctd15,118.63935653229883,-0.7874302717385057,0.1680118079158722,-4.686755541210483,2.7757018257402684e-06,1.0536169948002262e-05
5527,Pepd,28.34758061390356,-1.3824436787524843,0.3716015926801275,-3.720230768608368,0.0001990408246207,0.0005855976563846
5530,AC150683.1,2087.8098436609507,-1.8360291332228371,0.0584522837153687,-31.410733961453307,1.4438657477182032e-216,3.585444685785396e-214
5537,Nudt19,28.91468340677518,-1.6449546601402043,0.3702888091188133,-4.442355857458262,8.89792401850729e-06,3.162336984970873e-05
5544,Zfp536,133.3908571118523,-0.7536883678400986,0.1628972753534344,-4.626770866515957,3.714110259624016e-06,1.3869134503315872e-05
5545,Uri1,167.2939973489879,-0.958394925345929,0.1495132437807853,-6.410100544344535,1.4542369855012957e-10,8.313937106861474e-10
5551,Gm44767,394.86187578007343,-0.7400531229749603,0.1012369451402496,-7.310109189384569,2.669253925227071e-13,1.85953997433466e-12
5552,Zfp619,215.70214613216385,-0.8889254729834914,0.1292412436630196,-6.878032490164315,6.0684832209491364e-12,3.891310606819363e-11
5555,AI987944,343.2599166854836,-1.1521106858052828,0.1098721107218427,-10.485924755937557,1.0025998949076294e-25,1.3318402055218175e-24
5557,Gm6871,44.93145640188468,-0.7997143433135918,0.2750666941828087,-2.907347055191289,0.0036450854318871,0.0084492224193517
5558,2610021A01Rik,114.59259331953469,-0.9100769853966754,0.1768124938820212,-5.147130530288926,2.6450128123529893e-07,1.1224536179434018e-06
5561,Gm44997,6349.7979895433455,-0.8552111631779173,0.032390026060072,-26.403534272921007,1.2479343183027785e-153,1.6421535696230407e-151
5563,Zfp976,3438.528035553202,-0.7627337900224467,0.038678097839497,-19.720043968748715,1.4510230222902733e-86,8.064964061798212e-85
5578,Klk10,1515.70742991087,-0.8178689392031906,0.0531217936581988,-15.396109259141328,1.7381798189482352e-53,5.373698090868882e-52
5580,2410002F23Rik,47.18753835360305,-1.4767204064254835,0.2856121618224212,-5.170369486379336,2.336315957753683e-07,9.9501854731883e-07
5581,Acp4,1160.7853658373524,-1.1377333434810732,0.0611006839713664,-18.620631874010567,2.1861921960413677e-77,1.0685274619127905e-75
5583,Shank1,65.9984413501656,-0.8015866335511311,0.2282830442601804,-3.511371754082361,0.0004458005025721,0.0012404743425991
5585,Emc10,36.78555636713509,-1.926432663435764,0.3492000482258983,-5.516702168922813,3.4542008122790384e-08,1.5979830440459156e-07
5591,Kcnc3,316.7237615523041,-0.5411068321760542,0.1056030648416143,-5.12396901536539,2.991701668889173e-07,1.2615787152620568e-06
5592,Gm44832,32.995538054569806,-1.010958390455798,0.3259608063192851,-3.10147223487214,0.0019256092969995,0.0047465066821332
5593,Myh14,363.37447643541424,-0.5763262566426623,0.1031374522155634,-5.5879435089991,2.2977435869220685e-08,1.0778811780698406e-07
5595,Zfp473,199.01263305945395,-0.6307651312564905,0.1336584026471648,-4.719232900916839,2.3673565797150658e-06,9.046369297913416e-06
5604,Cpt1c,553.5708798982399,-0.8811255186233565,0.083655279383672,-10.532814248126652,6.098350258594438e-26,8.1928621798708505e-25
5612,Prr12,599.0221754743084,-0.8123108398228097,0.0774300335331448,-10.490901304790086,9.511668348646364e-26,1.2657013474136512e-24
5617,Rps11,207.27875176351824,-0.945135829163013,0.1324544848572001,-7.135551734484253,9.639969253535038e-13,6.472610842888157e-12
5621,Pih1d1,18.348154183801075,-1.9772286027845765,0.4825115407715843,-4.097785100896839,4.1712225456768966e-05,0.0001360019955807
5635,Ftl1,115.544648478224,-1.2649541138053473,0.1945998694204971,-6.5002824388951534,8.016935269119811e-11,4.691324036616061e-10
5637,Dhdh,46.86905650885671,-0.8032496501576111,0.2713816643821905,-2.95985232453429,0.0030778654032516,0.0072401551945701
5638,Tulp2,3382.1901063268656,-0.9222967398242384,0.0392713461417105,-23.48523364837389,5.773701937775871e-122,4.966028772849012e-120
5648,Fut2,312.191580565493,-1.0636525892783038,0.1074238592275326,-9.901455755982472,4.102591295768373e-23,4.88503446168986e-22
5650,Car11,914.1165677337008,-0.8340521808620008,0.0656354108623124,-12.70735064966143,5.382734058075737e-37,1.0503494747545508e-35
5652,Sphk2,11.467866511263257,-3.245722388054355,0.7719545932586893,-4.204550910634562,2.6160105259262647e-05,8.769017647977525e-05
5660,Grin2d,329.5189538514537,-0.9830459766008016,0.1074504614353301,-9.148829734830455,5.75536194718934e-20,5.991180022915964e-19
5662,Syngr4,49.33118103171972,-1.3674259945609493,0.2734944516701111,-4.999830841944603,5.738063376883224e-07,2.348304724893517e-06
5664,Emp3,240.90751160557,-1.7094053911757114,0.1306646760268982,-13.082383419554178,4.15213588486177e-39,8.638687038288082e-38
5668,Gm45486,723.4615197575012,-0.7415902235012184,0.0712612620623714,-10.406638923292451,2.3124219546406304e-25,3.0249482685864062e-24
5672,Saal1,174.70815298296668,-0.6733567362509528,0.1404708333895425,-4.793569739731332,1.6383946698878782e-06,6.365057869693104e-06
5681,Tmem86a,1634.125448696757,-0.739760686925569,0.0501924853774317,-14.738474920355106,3.6493298366990245e-49,1.016005102456025e-47
5688,Gm45235,159.1445486843239,-1.1966704161355406,0.1560694545127534,-7.667550449711816,1.7531207724213466e-14,1.3134329640972778e-13
5690,Gas2,49.431082246701926,-4.157600379704935,0.4801256543511801,-8.65940060071009,4.742513793671901e-18,4.403844533617165e-17
5691,Svip,57.369919779037296,-0.7937807333030744,0.2449518938121764,-3.240557649706222,0.0011929614717273,0.0030688111643632
5692,Luzp2,341.449223418838,-1.1499397094475337,0.1058553848743301,-10.863308567747628,1.7238797025186486e-27,2.4529437985191415e-26
5693,Tubgcp5,312.26634182881645,-0.7398243250917028,0.106571163829609,-6.942068553127267,3.863996121590385e-12,2.5122501810813163e-11
5699,Herc2,255.3702000653756,-0.9841388924279896,0.1179205569902787,-8.345778866267743,7.074607400724571e-17,6.192191901168593e-16
5705,Snhg14,99.72341682293994,-3.0528447914828787,0.2566683940421339,-11.894120438458556,1.2698376493128382e-32,2.1413384938467103e-31
5708,Gm9801,255.3484414282049,-0.5951045302846965,0.1170634556483708,-5.083606382441338,3.703350017018335e-07,1.544333067768534e-06
5712,Peg12,16.488892358617914,-1.892830873629205,0.509917919467007,-3.7120305079838953,0.0002056031977387,0.0006039814601003
5730,Gm26827,152.84633566613073,-0.5989673805444586,0.1527608302697058,-3.920948711046907,8.820103589651179e-05,0.0002735031517951
5731,Chsy1,853.6925523533582,-0.8964314979314061,0.0687169809803039,-13.045268944343563,6.761796305377385e-39,1.3843698925211464e-37
5743,Igf1r,219.46222177433984,-0.8315148410479252,0.1258776169778963,-6.605740250023451,3.9553588018714346e-11,2.3732152811228606e-10
5744,Pgpep1l,353.48368699339454,-1.125685482551395,0.1039855132331046,-10.825406804772337,2.6091791689153977e-27,3.6786559051851156e-26
5750,Gm36696,44.37322478525497,-1.0864877762143756,0.2806604807757518,-3.871181910653396,0.0001083089249493,0.0003317135883272
5767,Mfge8,55.62776558899292,-1.5141024137718782,0.2649543451283531,-5.71457853630743,1.0997624953301566e-08,5.3362569738742813e-08
5784,Sema4b,25.66191551779238,-6.757613312818477,1.4218284764906346,-4.752762674649517,2.006558279154853e-06,7.719383124904577e-06
5785,Cib1,55.60544421773676,-1.39579103088334,0.2580120272754511,-5.409790565279375,6.309849659101046e-08,2.845531498287045e-07
5798,Iqgap1,270.0151263357621,-1.3030300082834638,0.1193799901361682,-10.914978354389122,9.77525839634378e-28,1.4026083715760378e-26
5800,Zscan2,797.6261669812784,-1.2952545998200025,0.0718103518470531,-18.037157129918118,9.953431920145184e-73,4.5744190400762754e-71
5802,Nmb,35.700641178092354,-2.333559059273036,0.3684870368906602,-6.33281181059692,2.4073312115368627e-10,1.3551470322786671e-09
5807,Rps17,48.9531329109912,-1.1050381332817978,0.2699907166694308,-4.092874551071236,4.260582503527784e-05,0.0001386512961832
5812,Ramac,35.781172131988626,-2.098646398672424,0.3556101482630769,-5.901536862552825,3.6013093572949543e-09,1.8389969772773835e-08
5834,Rab38,12.053797585379227,-2.0006648501308546,0.6134505362136867,-3.261330346989788,0.0011089076769179,0.0028732316717988
5845,Sytl2,67.5648040035033,-1.7964179954946504,0.2575838693051787,-6.974109055588029,3.078152435317641e-12,2.0244013196988635e-11
5852,Gm26981,451.33800979502354,-1.4709030447002158,0.0968397484428144,-15.18904239583821,4.179811927909085e-52,1.228098939734509e-50
5857,Gm32647,21.894625626859355,-2.0029184404750757,0.4415168134210688,-4.53644884994429,5.720935649846359e-06,2.0832241841134195e-05
5874,Tsku,85.59680439510036,-0.5924034762934216,0.195411341964525,-3.031571608576161,0.0024328420707765,0.0058534203034341
5875,Emsy,18.49625450212927,-1.693274044686534,0.4729758794827927,-3.5800431229984886,0.0003435375092501,0.0009719043536229
5877,Uvrag,157.91281794482776,-1.237359278854165,0.1572467604009392,-7.868901564008146,3.5776852841627e-15,2.818937698821337e-14
5878,Dgat2,110.03054966548756,-1.0357094041372767,0.1777535502110965,-5.826659455787461,5.654783625813795e-09,2.8423456971279524e-08
5887,Gm38405,123.2250693906262,-0.5682914264031462,0.1651100460765214,-3.4418949052910284,0.0005776546260627,0.0015715798944799
5891,C2cd3,272.8537466075043,-0.702939622724537,0.1146039915327107,-6.133639965968383,8.589078134515835e-10,4.602765296171452e-09
5893,Ucp2,224.17359584999,-0.5554620140629799,0.1302509821512586,-4.264551444364004,2.003041912796292e-05,6.827282109677155e-05
5904,Phox2a,246.3304918858054,-0.8557423025509386,0.1215162653846468,-7.042203772821503,1.892228187884912e-12,1.253021298093596e-11
5905,Inppl1,166.40902827112737,-1.1448503043454534,0.1509926729355769,-7.582158008646679,3.398540138703701e-14,2.502339740577819e-13
5908,Folr1,372.0212853223364,-1.1784318778939014,0.1035739073167649,-11.377690659963688,5.401104632852597e-30,8.33220510294575e-29
5912,Lrrc51,23.26569820404104,-2.3931189706460816,0.458196263106811,-5.222912457686756,1.7613066995583162e-07,7.597948429924302e-07
5914,Il18bp,894.9413933089554,-1.0426081062492705,0.0683561182019276,-15.252593822974983,1.5822082971184761e-52,4.74847542737545e-51
5920,Rhog,288.1299690052015,-0.9863833544551276,0.1123197913926831,-8.781919394834132,1.6070824886558581e-18,1.5292114953860067e-17
5929,Olfr655,239.7322552584801,-0.8625136640005444,0.1211239338701565,-7.120918520737192,1.0721016021528906e-12,7.179676497062159e-12
5930,Olfr658,83.23598865358512,-0.70128988365654,0.2003386135050228,-3.500522796814492,0.0004643465209526,0.0012878902966287
5937,Timm10b,2263.2290252345388,-0.8013726211377111,0.0456156426206275,-17.56793448691499,4.3367681017881067e-69,1.8598574288336964e-67
5941,Taf10,420.4768283992444,-1.664913177239788,0.0996136402933183,-16.713706800969735,1.0415494601754671e-62,3.920707943486917e-61
5942,Tpp1,31.373874553818517,-1.083261650811275,0.3465224306339514,-3.12609388324295,0.0017714498929971,0.0043967826136682
5947,Platr28,320.25828007574046,-0.856094557478326,0.1053238648771261,-8.128210624221495,4.356737263891284e-16,3.633603841542265e-15
5950,Ppfibp2,856.0346245109805,-0.5628926926412194,0.0693899808066304,-8.112016837269868,4.978639998685269e-16,4.136596946560087e-15
5956,Stk33,197.14988247523164,-0.5088692859711186,0.1296290869160887,-3.925579498222639,8.652118835818172e-05,0.0002684563111573
5957,St5,315.32161169530593,-0.5874602377162725,0.1063613650765881,-5.5232483834074255,3.327887499824449e-08,1.5414006000991945e-07
5960,BC051019,65.68329650004296,-1.0675020122824967,0.2360138788142742,-4.523047617562115,6.0955519862514365e-06,2.2092071181809583e-05
5961,Tmem9b,106.26233038388769,-0.7890137636431722,0.1850202097042866,-4.264473404847147,2.0037420780134207e-05,6.827465891250101e-05
5962,Nrip3,197.98969584983675,-0.8076144699661097,0.1444358520671656,-5.591509714572476,2.2510369726877988e-08,1.056614793643334e-07
5967,Wee1,275.39979259261474,-0.7732082083689291,0.1467766934796711,-5.267922243227396,1.3797652381286068e-07,6.01269901110332e-07
5968,Sbf2,59.15564862682147,-0.9801920131114106,0.2504813804997801,-3.913233036146856,9.106857156833163e-05,0.0002816010700674
5970,Ampd3,187.44223457090584,-1.1288496119422526,0.1390344412526563,-8.119208462102444,4.692339286094401e-16,3.907152820373683e-15
5976,Dkk3,95.16416359690218,-0.8118127387436597,0.1938028821108323,-4.188857925649417,2.80361846917596e-05,9.33892469741088e-05
5985,Far1os,54.868643908685065,-2.397630705634409,0.3036959789071251,-7.8948384969155025,2.9069141100903165e-15,2.301020546989744e-14
5990,Psma1,209.29471771161744,-1.6258469099894504,0.1469980082915553,-11.060332918013083,1.9537100764897687e-28,2.8619714878816822e-27
5991,Pde3b,177.16088103743655,-0.5913419085781946,0.1409875078241061,-4.194285846345648,2.737326209288551e-05,9.139855631794956e-05
5992,Calca,92.53422926404858,-0.7760211728317044,0.1956731905976331,-3.965904426976166,7.311815849893339e-05,0.0002296933622219
5998,1700003G18Rik,15.853823804298669,-2.3347949160809134,0.5553269345410426,-4.204361018452194,2.618207564453144e-05,8.774471846391075e-05
6001,Rps13,274.3232163154442,-3.015598829197969,0.1544882087531135,-19.519928760499614,7.434183326932238e-85,4.016024087770131e-83
6007,Xylt1,149.41306398016778,-0.603415181495092,0.1572658646939685,-3.836911351801025,0.0001245914209543,0.0003779723186232
6009,Arl6ip1,116.7437987373104,-1.0728557806529606,0.1792648033550274,-5.984754176915635,2.1671691530254592e-09,1.1283644328704757e-08
6012,Coq7,258.7677895968371,-0.7882416754764674,0.1153238211103823,-6.83502911963003,8.198837297347559e-12,5.1839547856247645e-11
6016,Knop1,591.0581661001366,-1.2634029706156276,0.0831238583564072,-15.199041473731633,3.588331505978321e-52,1.0603829532829604e-50
6023,Lyrm1,2231.972398957439,-0.5960556702042407,0.0467232611936113,-12.75715039954749,2.844163674600623e-37,5.5852989711927546e-36
6024,Dnah3,38.77801265778996,-1.11558724084046,0.2991306566764954,-3.729431323540161,0.0001919124020272,0.000566356783901
6025,Tmem159,105.90814120606171,-0.8085343252774071,0.1823316057601646,-4.434416742541812,9.23218886650942e-06,3.272071357936902e-05
6029,Uqcrc2,132.04659564644012,-0.609722294013282,0.1601059799274596,-3.808241855110804,0.0001399583513406,0.0004211881894527
6034,Cdr2,74.34253274493913,-0.6925617833425465,0.2143887850768981,-3.23040117557518,0.0012361663086244,0.003167391686987
6036,Otoa,173.5870631742731,-1.953113918916692,0.1653781372732395,-11.80998861832466,3.466082030248965e-32,5.762829258932298e-31
6038,Cog7,154.39745723386935,-2.5002449853760167,0.1969991779854361,-12.691651868521278,6.578353086794781e-37,1.2787919712663188e-35
6043,Palb2,347.02136170437643,-1.0706725164552904,0.1039823976031517,-10.296670793661692,7.294212931251883e-25,9.335137347427596e-24
6050,Gm45847,455.9380600783525,-0.604702470419802,0.087460358840691,-6.914017715400263,4.711163027216393e-12,3.0412186988269846e-11
6061,Sbk1,33.3586868174219,-1.3461321431651028,0.4131903578259578,-3.257898248758541,0.0011224064360933,0.0029038093581066
6062,Spns1,922.7595180217988,-1.0800201688717588,0.0714357232616769,-15.118768587468852,1.2179895892294109e-51,3.5381448520332093e-50
6063,Nfatc2ip,146.2658162449844,-0.772172656172588,0.1513996438563093,-5.100227692116918,3.392451280238002e-07,1.4192983671343551e-06
6077,Gm9967,808.3821669150799,-0.58586293869364,0.0670232949150316,-8.74118378447917,2.3068039948972843e-18,2.1788683622968457e-17
6079,Aldoa,526.5323992003216,-2.2011612702333805,0.0984089916169732,-22.36748120335106,8.161673333552772e-111,6.041207819393197e-109
6087,Cdipt,117.26573251370682,-0.8190434217132548,0.1701387251783011,-4.81397413113868,1.4795796904501336e-06,5.786032236263718e-06
6089,Maz,233.58481002990163,-0.55286257875302,0.1197803251266832,-4.615637653081139,3.9189018368479725e-06,1.4573771178770866e-05
6092,Qprt,613.2564775499562,-1.2646132792985665,0.0800461294910706,-15.798556249239226,3.1832362691481333e-56,1.0427469276554181e-54
6094,Cd2bp2,195.53673910323465,-0.5641652251005278,0.1351930263161359,-4.173034959519892,3.0056880070163173e-05,9.966739727767225e-05
6102,9130019O22Rik,66.3131187145945,-1.244250447454024,0.2397802695060859,-5.189127737728408,2.1128142963478049e-07,9.035802474047444e-07
6108,Prr14,11.199782569600886,-2.6558697344895608,0.7136332543357045,-3.721617116850608,0.0001979510176522,0.0005826140064564
6109,Fbrs,532.5691146117509,-1.9710109502044717,0.0932373019777085,-21.13972528587009,3.4306885084298712e-99,2.2007866781577624e-97
6110,1700008J07Rik,74.90940719175644,-1.6211726363352803,0.2327164392560046,-6.9663004535398345,3.2538386343196107e-12,2.133564719505312e-11
6112,Gm28198,292.60708775632685,-1.514065870089801,0.118736094189722,-12.751521602778649,3.057191500667028e-37,5.995989852773192e-36
6125,Stx1b,22.1876353712793,-1.1851521703702628,0.4028822604109947,-2.94168367989508,0.0032643318496386,0.0076394182237519
6130,Bckdk,22.78117865993774,-1.2408045110212078,0.3961615986514445,-3.1320665991983407,0.0017358049539991,0.0043180567251204
6134,9130023H24Rik,287.9055929368663,-0.9897157515599546,0.1141445213687125,-8.6707249694705,4.2937769867583795e-18,3.9992129756885656e-17
6139,Gm32816,125.85340623731383,-1.5840888408784,0.1819903133385803,-8.704248109795342,3.196870033060637e-18,2.9938571185524066e-17
6147,Ate1,52.25621955654639,-0.9909206819324872,0.2578399380320657,-3.843162116371799,0.0001214591789841,0.0003689789896685
6152,Htra1,3607.126779065989,-1.0693912219279318,0.038142402465985,-28.036808192184584,5.785394575819883e-173,9.278326550971137e-171
6153,2310057M21Rik,82.4933729951933,-0.583599528015029,0.200900339276763,-2.9049205696514746,0.0036734631089068,0.0085060367009671
6155,Ikzf5,196.2304610047204,-1.527076431847902,0.1501270053700921,-10.171896975386696,2.6470249449344623e-24,3.340458692804179e-23
6158,Chst15,45.22639363515386,-0.8744171223717786,0.2801944016604305,-3.120751582437006,0.0018039013706086,0.0044708411947667
6159,Lhpp,59.76886180862257,-2.865000959681498,0.3112537959738202,-9.204710100700188,3.4259473682823356e-20,3.6102591158162107e-19
6161,Eef1akmt2,288.0565501812836,-0.7502729876325162,0.1126656068676413,-6.659290341496415,2.7515290267456208e-11,1.6717656233534166e-10
6163,Zranb1,236.19134473680128,-1.147096227069862,0.1232111346881907,-9.310004570388934,1.2782684938241724e-20,1.3704889784761113e-19
6167,Dhx32,506.4163569955013,-1.198267944304264,0.0904814095558073,-13.243250190142025,4.9365359382106634e-40,1.0704634831646671e-38
6168,D7Ertd443e,61.40018588392496,-0.9228127013950642,0.2399253104115439,-3.8462499009052578,0.0001199394361853,0.0003645060322758
6171,Ptpre,285.8395347999303,-0.8423708842101072,0.1130653124647159,-7.450303420626768,9.312580468541125e-14,6.662476249705351e-13
6174,Ebf3,131.34343636363894,-0.5469213308073476,0.1590285595066659,-3.43913906095856,0.0005835673857141,0.0015863567568078
6175,9430038I01Rik,424.8717633889362,-0.5854338515823936,0.0899282708731488,-6.510008987142603,7.514630905764767e-11,4.407438378101117e-10
6176,Glrx3,891.2848913355596,-0.7771199026077347,0.0653278452130787,-11.895691646847006,1.2461632044668598e-32,2.103720251751291e-31
6182,Lrrc27,1168.2853690294362,-1.2301284352504365,0.0652504765583687,-18.852405378986703,2.8078023354126865e-79,1.398994328673583e-77
6184,Inpp5a,89.11485977847315,-0.703292473317979,0.1922691103692312,-3.657854722307627,0.0002543351306209,0.0007367344630366
6190,6430531B16Rik,20.52067433080876,-3.2347221714230496,0.5753169087633179,-5.622504957096257,1.8820816484358157e-08,8.915855095174712e-08
6194,Fuom,823.5773137087514,-1.1289366108716152,0.0780967759479468,-14.455610966886455,2.3107025473129395e-47,6.1763153504218786e-46
6197,Mtg1,511.26684573687015,-0.7759350033926382,0.0834719506729305,-9.295757402783078,1.461618088466331e-20,1.5648867934650652e-19
6198,Cd163l1,70.49027286532935,-1.2577227864003857,0.2288094712449644,-5.496812608136583,3.8671725810771466e-08,1.779407921645659e-07
6199,Olfr46,194.7668019017302,-0.7699510660145514,0.1354276806645988,-5.685330076067816,1.3056024417858597e-08,6.29929651950332e-08
6208,Ifitm2,65.23940951550348,-1.009147333425649,0.2341867350806493,-4.309156678229954,1.6387824350283087e-05,5.6503819119539176e-05
6214,Rnh1,602.5711548959588,-1.020103154964402,0.0785182824542674,-12.991918863718842,1.3597454692904886e-38,2.776477618726308e-37
6219,Tmem80,273.4395544120822,-0.671714896925078,0.1140355941886594,-5.890396780971728,3.852694509769431e-09,1.9634586121287707e-08
6220,Eps8l2,172.7692013404119,-1.580136072298885,0.1535082898087717,-10.293490170904068,7.539300647288871e-25,9.63278612163149e-24
6222,Gatd1,263.8175464528168,-0.5931551115691962,0.1159280460858266,-5.116579909662735,3.111255064031428e-07,1.3091249785686762e-06
6225,Rplp2,1145.3252792889296,-1.1491861094335236,0.0660742302592684,-17.39234955782666,9.42884874471168e-68,3.93405298844393e-66
6229,Polr2l,225.828277512998,-0.5631920987894373,0.1294803737629129,-4.349632939897742,1.363655952496969e-05,4.759657003999849e-05
6248,Tspan32,172.31422462651165,-0.5922501212105398,0.1426285172845074,-4.152396256277082,3.290119202305843e-05,0.0001086543870414
6256,E230032D23Rik,265.65565865157487,-0.8011606135330933,0.1145741341294704,-6.992508558936788,2.700140346659792e-12,1.7811208559200577e-11
6258,Tnfrsf23,146.06257570516152,-1.428582899456523,0.1637096625329933,-8.726319982295566,2.6309360752861682e-18,2.4759102576470567e-17
6259,Osbpl5,239.78546476354583,-0.5117842419455331,0.1182350707462267,-4.328531616849949,1.5010678638865688e-05,5.196860992218937e-05
6266,Fgf4,10.10502150991263,-2.0501240686551485,0.6606494196287496,-3.1031951406348184,0.0019144336157533,0.0047219833303651
6282,Trappc5,199.09134684087488,-0.8985624588699687,0.1351134053197983,-6.650431589250318,2.9223480923972444e-11,1.77345176312763e-10
6284,Prr36,14.402984694268785,-3.0723040070680203,0.6672793899293088,-4.604224337564957,4.140059959075663e-06,1.5348028685270623e-05
6285,Lrrc8e,95.57981732502684,-0.5796808680508049,0.1945197305969932,-2.9800620547423544,0.0028818999588138,0.0068229635192832
6296,Gm31135,879.2072014357013,-1.6616450320046183,0.0794378834537393,-20.91753908539466,3.707587523645745e-97,2.3394269472971268e-95
6300,Myo16,66.8864777936995,-1.330772512842268,0.2359009472729913,-5.641234290179684,1.6883543481066884e-08,8.030245147806789e-08
6301,Irs2,1953.5571755735148,-0.7610070773575452,0.0464485066094312,-16.38388686543962,2.4929087616536964e-60,8.925772859167515e-59
6322,Dcun1d2,52.00191792511877,-1.119739827954723,0.2712387787592609,-4.12824387824188,3.655443020627566e-05,0.0001199982958327
6341,Atp7b,213.60028023528528,-0.6620607368000767,0.1284896106415194,-5.152640229000287,2.5684442324397844e-07,1.090561704430307e-06
6344,Ckap2,1474.660611995594,-0.5980328456717098,0.0534597692961834,-11.186596080473622,4.7429379160392637e-29,7.124124112716145e-28
6347,Slc25a15,735.2837862037795,-0.8145644155357367,0.0781316177552136,-10.425541399741222,1.895765682388496e-25,2.4946332005173744e-24
6350,Slc20a2,799.7944821793759,-1.1228985063616417,0.0706649602182098,-15.890456923688742,7.378775940511323e-57,2.453642211233528e-55
6358,Ank1,56.95011442652023,-1.2001698054754542,0.2508540237354457,-4.784335477676733,1.7155394790338492e-06,6.649659068279241e-06
6359,Gpat4,709.1611224162774,-0.9013302919228124,0.0755672705840845,-11.927522126393226,8.506805647111782e-33,1.4455935953966114e-31
6363,Tcim,56.92471656127534,-2.5051846425096462,0.3245723760324026,-7.718416068345723,1.1778418031731247e-14,8.95066752302736e-14
6367,Tacc1,13.664025076901169,-2.2248512964500584,0.5843003744628719,-3.807718416226057,0.0001402548456434,0.0004219979682483
6372,D830025C05Rik,75.54251206406273,-3.1927527236262456,0.3185074034904682,-10.024108352388089,1.194327079244619e-23,1.4651681045458291e-22
6377,Lsm1,44.55588613309359,-0.9610561269258702,0.2980451586092982,-3.2245319179490526,0.0012617879008856,0.0032286000535209
6379,Ash2l,15.423879073855948,-3.182336997457015,0.6548657656132539,-4.859525668557269,1.176673263174431e-06,4.651783346185481e-06
6380,Kcnu1,61.832581062274215,-0.7390430800897764,0.2328731727697713,-3.1735861683837108,0.001505682008698,0.0037903008838971
6383,Fnta,187.21076032200097,-0.8607595024016884,0.1376562122043705,-6.252965184918545,4.027319426003275e-10,2.2263773746048983e-09
6386,Rnf170,140.41088473437495,-0.7078003049080569,0.1573542164385068,-4.498133707047256,6.855258128902465e-06,2.469432712975722e-05
6387,Gm45250,1393.7292097085783,-0.8446785239322159,0.0549164907902588,-15.38114529492197,2.190385843211578e-53,6.758152393203498e-52
6389,Gm39149,372.9625174796516,-0.6234392737949077,0.0995601524300671,-6.26193571000027,3.8022770623156347e-10,2.1080251224851107e-09
6391,Plpbp,349.9276476382741,-1.7589712960887367,0.1095171130264942,-16.06115471344837,4.775770780280101e-58,1.6303274264565954e-56
6394,Rab11fip1,435.5993938919421,-0.9934169254725538,0.0928667697717699,-10.697227091175693,1.0486955294393045e-26,1.4519529110834112e-25
6399,Eif4ebp1,437.10365809112017,-0.819724135716052,0.0922229424196771,-8.888505551967203,6.193629175215385e-19,6.0521847208886385e-18
6401,Tti2,30.28060837594492,-1.0530715733465985,0.3456479223864023,-3.046659635839968,0.0023139956951481,0.0055963364314328
6403,Nrg1,69.55169602325235,-0.8197812362035922,0.2229849846740279,-3.6763965851870912,0.0002365516853093,0.000688719694974
6408,Gsr,2373.443645465992,-0.6991400813561282,0.0515135216210628,-13.571972160999838,5.872053737126688e-42,1.355414382860607e-40
6413,Dctn6,538.3744541589211,-0.7317149500534511,0.0823835113989017,-8.88181309134155,6.577929522329324e-19,6.405680134458082e-18
6420,Mfhas1,350.14690569796284,-1.2330127044618142,0.1042684896748152,-11.82536266044748,2.886534002194172e-32,4.809640421837821e-31
6427,Tusc3,200.07004402675105,-0.6781916712483881,0.1371452559487866,-4.9450611073389314,7.611998298954841e-07,3.0775820853652505e-06
6437,Asah1,172.48764672622733,-0.642389292801687,0.1382047299871916,-4.64809918489202,3.350078281350928e-06,1.2579952492604604e-05
6441,Zfp42,43.946268338075214,-0.9047035161702376,0.2974894494340191,-3.04112807325254,0.002356935528273,0.0056858946087891
6450,Pdlim3,3745.5608326200486,-1.129907202323327,0.0389835259753317,-28.98422279806905,1.0401258130818296e-184,1.862067095140448e-182
6452,Ufsp2,231.64115665399197,-0.6296834495527094,0.1248789284541688,-5.042351478726904,4.598456426770576e-07,1.9006130240687188e-06
6479,2500002B13Rik,85.2239642365076,-0.6757607659191625,0.201399737017991,-3.3553209945790385,0.0007927294185773,0.0021093781763597
6494,Spock3,125.3986983876744,-0.7693149292809132,0.1786255036217777,-4.306859399595387,1.6558878753746354e-05,5.703366829813845e-05
6496,Msmo1,142.88148131417395,-0.5051454989675852,0.1542094743854778,-3.2757098808655005,0.0010539676913007,0.0027414912274481
6507,Gm15716,327.6973877091359,-1.0896006976086454,0.1061896041923487,-10.26089800311314,1.0571898340014875e-24,1.3429451059642662e-23
6517,Gmip,135.0116148799216,-0.6794674206366563,0.171605132501752,-3.95948192650776,7.511252830220252e-05,0.0002354780056486
6520,Cilp2,1051.7938422987895,-0.6061386824004547,0.0598963221288115,-10.11979802527621,4.5134603471179895e-24,5.649531341807199e-23
6522,Ndufa13,314.0692396009877,-1.008016125653364,0.1082373093061829,-9.3130190699944,1.2424934476254763e-20,1.3337717119608292e-19
6526,Rfxank,19.57900124924304,-4.850340840502325,0.8944685848272644,-5.422594960603339,5.873999102872632e-08,2.659102916431256e-07
6533,Sugp2,890.1169511545667,-1.1978080226140664,0.0725762854383001,-16.50412411410016,3.426688965130365e-61,1.2442760213949789e-59
6540,Klhl26,27.184457231570335,-1.2924875785881105,0.3658383854799581,-3.53294686912759,0.0004109550519604,0.001148079110866
6545,Kxd1,1101.445371775447,-0.8322134518203903,0.060374238566862,-13.784247579350373,3.170549858897129e-43,7.627154004309404e-42
6547,Isyna1,469.0566704901368,-0.7203099186275618,0.0908095664325772,-7.932092916249806,2.1548311236347237e-15,1.7207354761141182e-14
6556,Ifi30,148.85237889882976,-0.6029650901387751,0.1608319206924194,-3.7490386705752687,0.0001775137149235,0.000526589817912
6568,Myo9b,1930.328956605232,-0.501443289123348,0.0495787913547426,-10.114068443812124,4.785476910088064e-24,5.980292411340571e-23
6569,Use1,124.55759204140058,-1.3550604124590024,0.1743714667678733,-7.771113230715006,7.77993116536696e-15,5.98599801209344e-14
6570,Ocel1,48.03802333340345,-2.552548085653314,0.3287085699607883,-7.765383439676694,8.139859227987216e-15,6.257059535201895e-14
6571,Nr2f6,163.76398346560427,-3.5745025424131613,0.2260778273015045,-15.810938140546137,2.61542977561956e-56,8.604093338768961e-55
6584,Unc13a,254.8340706493561,-0.6306406767006582,0.1200860768662223,-5.251571982014212,1.50806575767495e-07,6.553254418617987e-07
6592,Rab8a,36.31205804012314,-1.1718060316893577,0.3331274448609795,-3.5175907892499656,0.0004354833512011,0.0012143998686998
6593,Ap1m1,133.99456282392612,-0.6453716738387772,0.1580274214328353,-4.083922068633339,4.42818868711825e-05,0.0001438017148847
6596,Eps15l1,527.7016957650661,-1.117750784431576,0.0904249315141308,-12.36109074914702,4.2435919904561646e-35,7.741035815765772e-34
6613,Rasd2,290.42106167115,-1.1468775938869369,0.115790243975676,-9.904786055445744,3.968184493767314e-23,4.732313591482692e-22
6629,Gm4890,322.35933407469173,-1.3566978550647315,0.108924018392648,-12.455451745951224,1.3060982231310417e-35,2.416909644630471e-34
6633,Gm45435,403.9159331814741,-0.5873770236878096,0.0921254905584909,-6.375836048491713,1.8196751175938263e-10,1.0353184815400791e-09
6644,Elmod2,192.4945671383637,-0.5253867457286003,0.1364011748637635,-3.85177580950716,0.0001172643563894,0.0003572224042285
6645,Clgn,62.872195481248376,-1.0645799867980268,0.2388948310070953,-4.456270494887385,8.339779286271038e-06,2.9763384768527792e-05
6648,D830024N08Rik,91.75577154761628,-1.2034538018464056,0.1968206927308161,-6.114467869962847,9.687968588569115e-10,5.168259334359325e-09
6651,Adgre5,220.8953111117231,-0.9669217430478788,0.1290571867054582,-7.492196039067884,6.773065395593625e-14,4.886509598432963e-13
6656,1700067K01Rik,118.98961397279122,-1.1878924546735974,0.1793011212605776,-6.625125634029015,3.469529640156905e-11,2.09477954273944e-10
6657,2210011C24Rik,10.572859209896196,-3.918769437670713,0.9468328184268509,-4.138818766529125,3.4909857754822134e-05,0.0001148935805885
6660,Rfx1,429.8924480501649,-1.094314180362553,0.0935974102428733,-11.691714306228642,1.4052119075787744e-31,2.291805352657077e-30
6662,Podnl1,28.43738388955828,-1.7388492858276454,0.3759144248300277,-4.625651932920312,3.7342195194565422e-06,1.394084474334455e-05
6666,Gm26887,1438.9741027040209,-0.5193441639791593,0.0526056064839903,-9.872410921395096,5.483061420135725e-23,6.448984998045044e-22
6670,Ccdc130,10.6447903016036,-6.462617747284559,1.992375887799219,-3.2436739406755093,0.0011799873872896,0.0030394990488055
6671,Cacna1a,293.2648166821389,-0.68216618493827,0.1091325121570671,-6.250806212143945,4.083392858240107e-10,2.2557558825068063e-09
6680,1700122E12Rik,195.078896552054,-0.5760281980092448,0.1340020427994153,-4.298652363617236,1.7183975292994607e-05,5.9054572234585936e-05
6692,Tnpo2,270.038928958882,-0.5557742604015945,0.111423168667363,-4.9879595693492975,6.102033437665731e-07,2.492621565569159e-06
6694,Fbxw9,30.82511069155502,-2.284983964758445,0.3976929122779557,-5.74559891366991,9.159619296831993e-09,4.4897006906725685e-08
6696,Wdr83os,115.67759849920212,-0.8111216551694804,0.1763512497866108,-4.599466440702613,4.235744187155982e-06,1.5668793249748558e-05
6699,Orc6,462.37980248922713,-1.7138831970322426,0.1001733542869249,-17.109172486359935,1.2678795908254468e-65,5.123431543398577e-64
6702,Itfg1,440.74821531124826,-1.2379168524282933,0.0944077373056833,-13.11245124348267,2.7941902325490395e-39,5.860947250725478e-38
6703,Gm39214,30.29543849358747,-1.8540429320463097,0.3871795833344821,-4.788586516052458,1.6796015037929747e-06,6.520207955722804e-06
6704,Phkb,42.76629108525447,-3.696824807898792,0.4524998957774374,-8.169780462705518,3.0895114846256567e-16,2.5978218906224248e-15
6712,Cnep1r1,515.5734037370738,-1.508773643043077,0.0889274645940666,-16.966340488062723,1.4573564241402271e-64,5.709277228005837e-63
6719,Sall1,77.41475870504632,-0.873683271949626,0.2249700197853426,-3.8835542299514394,0.0001029405592647,0.0003157746265073
6721,Gm35963,493.93575027430114,-1.1720604213621542,0.0956370981677249,-12.2552905077341,1.5738432926723631e-34,2.8110082754041425e-33
6732,Lpcat2,153.52485621311465,-0.5325594546241827,0.151037823177918,-3.526000596531661,0.0004218860186659,0.0011775484306346
6735,Nudt21,790.4712544375002,-0.6750850835306114,0.0701902377498858,-9.617934134034316,6.716653907934718e-22,7.61484562345824e-21
6742,Gm39228,104.94695250544773,-1.0255027722392691,0.1873951958442638,-5.472406950557691,4.439638817912165e-08,2.034305929779039e-07
6747,Rspry1,386.73755019732647,-0.6107037913646368,0.0979756719126255,-6.233218710755675,4.5694749463426707e-10,2.514354405785981e-09
6748,Arl2bp,13.8561041255985,-2.595583614918971,0.6193253166117203,-4.190985811978757,2.7774502999866224e-05,9.259771506841498e-05
6760,Cngb1,302.10954257725115,-0.6324586676102729,0.1103628490227929,-5.730720738095959,1.0000479358755052e-08,4.8770155276336015e-08
6762,Usb1,89.92046796650381,-0.7399440696679049,0.2008344319706032,-3.684348656789154,0.0002292882119468,0.000668963674651
6764,Cfap20,534.8691653430805,-0.5299518162953926,0.0864466093464519,-6.130394474715668,8.766144528961775e-10,4.6927524745443495e-09
6789,D230025D16Rik,63.7065118307988,-0.6596785955639318,0.2297247169064357,-2.871604781790248,0.0040839336604342,0.0093691316698026
6792,Fbxl8,254.6877953050401,-0.9284720071234166,0.1192402060982525,-7.786568285183657,6.885371529850041e-15,5.3278813701016744e-14
6799,Tmem208,59.01587053144845,-2.1029907745904994,0.2810013891538265,-7.48391593693964,7.214010913802315e-14,5.197328592835771e-13
6803,Zdhhc1,640.2222243423007,-0.5623393278152762,0.0772044932389682,-7.283764250283824,3.246321095990021e-13,2.25136754927308e-12
6826,Gm45752,75.0972397839689,-0.8780380349703729,0.2169160402335305,-4.047824374929039,5.169591149772536e-05,0.0001663344312265
6834,Prmt7,70.31121039727141,-1.4516378423769225,0.2357231171513615,-6.158232845040831,7.356114706030316e-10,3.968281079679143e-09
6839,Tango6,66.27414557248538,-0.9603286736830589,0.2334736453451068,-4.11322088308322,3.901767267225045e-05,0.0001278119337153
6840,Has3,636.8271319708175,-0.8073315975477736,0.075961893280976,-10.62811315881146,2.205289228657158e-26,3.0099851918799294e-25
6850,Wwp2,1309.4042687450565,-0.5272606462799015,0.0551650147399417,-9.557881000585372,1.2019232045262197e-21,1.3507160333493194e-20
6854,D030068K23Rik,89.7064843600643,-0.795734654722671,0.1982000141907385,-4.0148062449526005,5.9494648740961806e-05,0.0001898009971023
6862,Marveld3,128.97879514910815,-0.6771171317931886,0.1606859744314462,-4.213915584039155,2.5098112389992037e-05,8.431388574215958e-05
6888,Adat1,603.2278994196644,-0.7625788332546762,0.0781909493990641,-9.752776237089703,1.7949122150841208e-22,2.079342999506029e-21
6917,Meak7,50.064404653026536,-1.185486596470084,0.2721213302445199,-4.356463329812631,1.3218082569045806e-05,4.617780785864062e-05
6925,Gse1,115.76416566622696,-1.339038176576571,0.1800894944083895,-7.43540416377665,1.0424872522737789e-13,7.434059164431265e-13
6936,Gm26812,141.85200861290298,-0.8465782275482614,0.1607327092898478,-5.266994075372888,1.3867568060726502e-07,6.04145664581056e-07
6938,Car5a,11.684178443651966,-1.947991823490517,0.6072081141004774,-3.208112306562778,0.0013360931330183,0.0033989573489673
6949,Cbfa2t3,510.3830764611742,-2.8347587135311176,0.1130714432370822,-25.070509691711845,1.043360134018068e-138,1.1233267568770754e-136
6950,Gm45894,65.09247005990015,-0.7276792310548318,0.2261872371582837,-3.217154248829736,0.0012946897168449,0.0033045495491618
6956,Dpep1,19.653532865918407,-1.7127732289616515,0.4641219840752654,-3.690351432876526,0.0002239444509828,0.0006542407528145
6959,Cdk10,951.9651638865467,-0.5588017879542843,0.0630441825703386,-8.863653475573686,7.743417808862783e-19,7.521618964369173e-18
6963,Spire2,398.3598115441163,-0.6472280642097681,0.0948085398554978,-6.826685288015599,8.689903857881424e-12,5.480940589755936e-11
6965,Mc1r,196.900196038736,-1.0009203346223434,0.1351148827664161,-7.407920682969578,1.2829499190697897e-13,9.085693171112456e-13
6969,Rhou,256.6299000646173,-0.7993731644600723,0.123270144599054,-6.484726427961101,8.889293171657798e-11,5.186038562745111e-10
6971,Rab4a,2129.853663563561,-1.4008460442615138,0.052240070125821,-26.815546780231216,2.1286991804625003e-158,2.8748642616140924e-156
6973,Ccsap,125.44406686757918,-0.8686459231349843,0.1662478542914548,-5.225005320141643,1.74150102314192e-07,7.514615961965528e-07
6975,Gm29773,39.13759903892619,-1.0965166981215904,0.3281654548168609,-3.3413532168811697,0.0008337108605954,0.0022077420725365
6981,Gm15775,309.76623162458515,-0.6221422372944561,0.1068597457590083,-5.82204489516118,5.813192772383225e-09,2.9162566283353583e-08
6982,Cog2,137.05503075274916,-1.567401014631203,0.1751062590742231,-8.951142140309335,3.5182300020258844e-19,3.494623813625195e-18
6985,Arv1,136.2816199451619,-0.6078573424534449,0.1578939544135594,-3.8497822460088056,0.0001182228814185,0.0003598575488968
6988,2810004N23Rik,98.45488016790326,-2.1656859469834404,0.2229263091678464,-9.71480645361084,2.6074391880763787e-22,3.0048004296125688e-21
6990,Exoc8,95.31919086554916,-0.6071805841832596,0.1988735407442497,-3.053098878367588,0.0022649129553841,0.0054897040083585
6992,Tsnax,94.68608009609942,-0.713927673349941,0.1873650711649402,-3.810356268172631,0.0001387666713903,0.0004180923038603
7015,Cwf19l2,232.0100878025198,-0.5881036084990094,0.122351120348713,-4.806687562997828,1.5345151715580835e-06,5.985658875426464e-06
7026,Gm45494,627.2756535531952,-0.6490151572315495,0.0759227146845555,-8.548366057879832,1.2484323040769504e-17,1.133974262747417e-16
7027,Cfap300,96.08443658156747,-1.0518927593831322,0.1904741364806642,-5.522496538473157,3.3421638565848585e-08,1.5470822229699484e-07
7034,Ccdc82,142.1800701596744,-1.006761656522577,0.1570350521533802,-6.4110632799309455,1.445081946648825e-10,8.26773751416028e-10
7040,Cwc15,33.630068222477014,-2.743024511002517,0.4148558214855147,-6.61199474357212,3.791754681636449e-11,2.2830604254389818e-10
7041,Amotl1,523.3438004199862,-0.6677456906888783,0.0929265545479637,-7.185736024940248,6.684608747080537e-13,4.541757999560985e-12
7043,Piwil4,189.98113264545404,-1.079680005601809,0.138501782696652,-7.795423167704167,6.41929871625616e-15,4.988971379882879e-14
7052,Zfp558,106.19196654375378,-0.5755563636787462,0.1871520076943519,-3.0753416475163795,0.0021026154796463,0.0051326887465729
7053,Zfp26,14.367976141276428,-2.4763639908353263,0.5959099418730736,-4.155601067925767,3.2443348698138595e-05,0.0001071653714989
7055,Zfp266,263.4649893817821,-0.5308433827616786,0.1195367845357812,-4.440837059681657,8.960962826737716e-06,3.18253710912235e-05
7057,Fbxl12os,163.52448248246208,-0.6418327982473472,0.1431402287923495,-4.4839441969765215,7.327583241215739e-06,2.6315715321147077e-05
7068,Icam4,1259.2478978346253,-0.6055732991575365,0.0568788187265383,-10.64672777521996,1.8060224667973588e-26,2.4716019465610785e-25
7075,Keap1,56.718403130662615,-0.8884737971448176,0.2476794760371891,-3.5871918471412347,0.0003342583967908,0.000947219266886
7081,Ilf3,335.4156960704986,-1.039364750461776,0.1081590460895708,-9.609596127549386,7.283410361150562e-22,8.25131610892377e-21
7086,Yipf2,1115.3703453034816,-0.7401669774826064,0.0590373569857072,-12.537264797639873,4.6683161385915563e-36,8.786478639334426e-35
7090,Ldlr,531.405946415576,-0.6369999825491203,0.0852041530668903,-7.476161191920275,7.652508403895335e-14,5.500374387785835e-13
7091,Spc24,163.28576873096793,-0.6459231078050158,0.1467648644887901,-4.401074535481556,1.0771611202069735e-05,3.798436236075714e-05
7092,Kank2,489.03763951069504,-1.833453635757742,0.0952091768629137,-19.25711046108116,1.2305676720629868e-82,6.379063932350756e-81
7101,Prkcsh,306.2669774966517,-0.5086725260491851,0.1058124459734072,-4.807303350468095,1.529797744654987e-06,5.96876991300258e-06
7108,Acp5,323.3660612568556,-1.0354824500838378,0.1132367977331853,-9.1443989128313,5.996238951695038e-20,6.233497292390061e-19
7119,Gm47772,372.6463447434128,-1.6542207364414558,0.1085226204669305,-15.243096133543297,1.8298947738069598e-52,5.481140065667694e-51
7127,Thyn1,3698.537024307898,-1.2823170450003023,0.0432333404871452,-29.660373927885114,2.492522850125425e-193,4.737639728460623e-191
7132,Opcml,1860.8724679527545,-0.5703140727977088,0.0472583136278726,-12.068015741918938,1.5584687833832554e-33,2.6990084801989425e-32
7137,Zbtb44,213.6156125424996,-0.6767640519029481,0.1348017027376678,-5.020441419942383,5.155287164006219e-07,2.123349416186189e-06
7146,Ets1,22.39841472543461,-1.7904960651666182,0.4357961660783359,-4.108563141523302,3.981283612610157e-05,0.0001301674293899
7158,Hyls1,84.17970855672772,-0.7442051991031694,0.2040350723444915,-3.647437622129288,0.0002648685858369,0.0007640840823583
7162,Gm26787,187.96221288793663,-0.8981585807877331,0.1368871720941907,-6.561305687356291,5.333864849139988e-11,3.168216945114169e-10
7163,Ei24,276.99023330323183,-0.9747189655507996,0.1167576648125449,-8.348222509551865,6.929793112979973e-17,6.072344608277726e-16
7187,Hspa8,35.238335356268095,-1.5504486718549888,0.3348558322347145,-4.630197603272485,3.653169364218261e-06,1.366730722384843e-05
7193,Tbcel,3992.587916744125,-0.6530671322493907,0.0377363970822174,-17.30602767472828,4.236538676555874e-67,1.7533803619423185e-65
7194,Grik4,380.92894010479216,-0.6677075618223804,0.0958772105371752,-6.964194703635909,3.3028755442796818e-12,2.1629549927575493e-11
7205,Gm26737,69.16585364177257,-0.7509977480529796,0.2302257075484804,-3.26200647203934,0.0011062661781594,0.0028673525385426
7209,Gm48604,25.232494077213868,-1.7792117277352375,0.4195374777745521,-4.240888649979769,2.2263657136262265e-05,7.541722008138478e-05
7215,Hmbs,322.3154998695117,-0.7643453376831301,0.1049354648957584,-7.28395627200414,3.241701265575508e-13,2.2491767771428805e-12
7220,Rps25,141.4077217222702,-2.928181521079032,0.2141450582219156,-13.6738225266193,1.4554416707220624e-42,3.442086015735311e-41
7225,Ddx6,397.5863446201735,-0.6958149544956456,0.0928865014058449,-7.491023388376441,6.833863693333363e-14,4.928063954218287e-13
7226,Phldb1,116.43598813092814,-0.7438214268697171,0.1729412454407989,-4.3010065353342295,1.7002404513094998e-05,5.848236393687443e-05
7229,Kmt2a,118.4424665241949,-1.0184691327746522,0.172702807148492,-5.897235543478801,3.69642024911961e-09,1.8856887394117136e-08
7243,Gm48529,273.18060775969764,-3.261172996672869,0.162283235114816,-20.09556313297289,8.069391015163651e-90,4.760013182737914e-88
7246,Gm31816,43.67400619807759,-0.9873718816448732,0.2896820236406716,-3.408467909868071,0.0006532876847106,0.0017605491324708
7249,Rexo2,186.104622324976,-1.2175315168296277,0.1427925280244255,-8.52657722133305,1.5074156085614186e-17,1.36358229785027e-16
7257,Ncam1,119.22932651500632,-0.8451578294032818,0.1718149827724546,-4.918999587612084,8.69876528361789e-07,3.4922083521924654e-06
7262,Il18,316.9849025952535,-1.3911000674750538,0.1135465287850057,-12.251365870541296,1.651900780755047e-34,2.9470063059681007e-33
7271,Cryab,187.9765447304451,-0.6333054642772654,0.1339344180853747,-4.728474378210782,2.26213165465261e-06,8.66578227296133e-06
7281,Rdx,135.96019577906023,-0.8893884409400388,0.1909884389657581,-4.656765853243584,3.212154105004443e-06,1.2088566267574774e-05
7283,Gm1715,90.27735829495536,-1.0904769139198496,0.1997027384648045,-5.460500553486574,4.7479401011642153e-08,2.1716959535806374e-07
7287,Atm,29.980737965665558,-0.9845281559046448,0.3386775914951976,-2.90697755218507,0.0036493938518373,0.0084541179270068
7294,Elmod1,87.06155307951212,-0.6204852814233373,0.213468239873838,-2.906686642425358,0.0036527891289032,0.0084607103097026
7307,Fbxo22,90.47512851135036,-0.695928790043701,0.1963965145357845,-3.543488496670337,0.0003948705367272,0.0011067197304075
7331,Fam219b,89.2407121277965,-2.246486186570316,0.2333132375097585,-9.628627207559768,6.053273988795547e-22,6.888115767294623e-21
7339,Arid3b,235.80785682926287,-0.652573863292448,0.1337864261103734,-4.877728498062099,1.0731449807535392e-06,4.269286853664468e-06
7359,Senp8,92.85346952499918,-0.7282361017236686,0.196291723342816,-3.7099684557347934,0.0002072850728963,0.0006084577659317
7361,Gm20275,42.85876989830078,-1.546476047819286,0.3013967280656554,-5.131031307952374,2.881589712784469e-07,1.217479561416841e-06
7364,Uaca,1719.1628294494285,-0.5542065647493454,0.0494644820922466,-11.204131556776469,3.8915146639379685e-29,5.868144933005776e-28
7367,Tle3,60.770467566013686,-0.7186767105530459,0.2340938323897211,-3.070036930134014,0.0021403230390059,0.0052172915624659
7371,Coro2b,78.41350932823455,-0.9573625803949408,0.2204591309055967,-4.342585296704699,1.4081578648058524e-05,4.903867560857477e-05
7374,Cln6,69.22649499601518,-1.221663255640506,0.2269287277909007,-5.3834667277832935,7.306475842044943e-08,3.2719750454951693e-07
7378,2300009A05Rik,17.342857207404062,-1.3787935464301144,0.467202194756794,-2.9511709531841066,0.003165716491164,0.0074263859664729
7388,Tipin,824.6957021142774,-0.9671299822046822,0.0775374387746429,-12.47307104140462,1.0471129294132064e-35,1.9423314049693646e-34
7390,Megf11,182.54850608095623,-1.4127682289714127,0.1454423178089838,-9.71359814842106,2.6385464691090907e-22,3.0383740791625702e-21
7394,Hacd3,224.25530545336812,-1.1592132808350726,0.1310555633509382,-8.845204668884998,9.136070218678758e-19,8.818742137102078e-18
7407,Csnk1g1,196.9152142432257,-0.5272201038422143,0.1317493735782174,-4.001689643929976,6.289175787174751e-05,0.0002000995048963
7416,Car12,21.671151775975108,-1.4173000478356248,0.4119038525927898,-3.4408516427176385,0.0005798863900648,0.001577372943717
7421,Lactb,225.3977942136777,-0.764073546595371,0.131040620490493,-5.830814473675391,5.515748356742411e-09,2.777901920196472e-08
7423,Gm19299,37.91734648204864,-2.7839986806487538,0.3922865408194801,-7.096849855804448,1.2763258629751796e-12,8.521384642829951e-12
7426,Vps13c,974.0615000258276,-1.0443855953484829,0.0654929352453754,-15.946538224857283,3.0113303225893346e-57,1.0078791662301171e-55
7430,Bnip2,136.99633974921204,-0.813674945338331,0.1595689997611553,-5.09920439782319,3.4108407948193645e-07,1.426604316137977e-06
7433,Rnf111,54.1312974849481,-0.8885223737206939,0.2775680380437317,-3.201097575869684,0.0013690516213148,0.0034759100860428
7440,Tcf12,110.71832447426824,-0.7335420562344797,0.1769113587817755,-4.146381901567562,3.377702713702621e-05,0.0001114272787233
7441,Gm27188,218.43256201306315,-0.8393895290448046,0.1269770454695017,-6.610561191915709,3.8286581368851824e-11,2.304379228908689e-10
7453,Ccpg1os,691.1427346330993,-0.627334759188192,0.0760518785866803,-8.248774005933143,1.6002773772012752e-16,1.3725833147292942e-15
7454,Ccpg1,294.4058780462015,-0.6501708755513453,0.1105839257970924,-5.879433840541409,4.116720969682508e-09,2.0938564932022433e-08
7455,Pigb,32.9272706970383,-2.7060021198080264,0.4067064893761387,-6.653452036034285,2.862971449433337e-11,1.7381036449320052e-10
7456,2310009A05Rik,39.60405302975939,-0.9416461353727872,0.292242758001506,-3.222136766749014,0.0012723838353869,0.0032513894654967
7466,Gm48677,167.63595835750803,-1.115501630065076,0.152337735923186,-7.322556182845927,2.4329140216982704e-13,1.6987367019531326e-12
7467,Mapk6,175.8362737056923,-2.765967541861543,0.1899882264479375,-14.55862604528024,5.148212960436402e-48,1.3954557524450501e-46
7476,Gfral,37.95927256494137,-3.5092813147197246,0.4551696047908537,-7.709832286213855,1.2598318842172563e-14,9.540763251061919e-14
7479,Gclc,374.50010352166015,-0.8974665482314873,0.1087336173335303,-8.253809357584336,1.534240247100959e-16,1.3181452480115161e-15
7481,Gcm1,193.67845996212452,-0.9212219552591,0.1367014633545639,-6.738932654069089,1.5955432865262604e-11,9.84963289469058e-11
7483,Ick,119.63564868572615,-1.136513048812058,0.181377925751992,-6.265994299472112,3.7045388576582566e-10,2.0560591295063635e-09
7489,Mto1,67.68135822765257,-0.6602675267337479,0.2227216839017216,-2.964540834852425,0.0030313500860057,0.0071449274225573
7506,Gm2087,57.74795019440478,-0.9514613751772768,0.2418758134933079,-3.9336772099522106,8.365611085085275e-05,0.0002600382561396
7521,Cyb5r4,172.68491564758324,-0.6364064834785604,0.1404143590145194,-4.532346178447128,5.833215100814465e-06,2.119617174702372e-05
7523,Cep162,305.4830330507544,-0.7407314837740535,0.1094426436201793,-6.768216293684955,1.3037974630308009e-11,8.113688658375996e-11
7542,Gm16126,60.19999772924357,-0.9012370395613528,0.2491875353039974,-3.616701928777797,0.0002983805647733,0.0008537199730997
7544,Trpc1,33.793303540616364,-1.3762262966676493,0.3304607540770551,-4.16456804533814,3.119425849352642e-05,0.0001032831836056
7546,Atr,181.44476808991573,-1.15450859043474,0.1452456938922428,-7.948659677933482,1.885402091437583e-15,1.5087136486368518e-14
7569,Pik3cb,64.58530919322779,-1.5030234886647125,0.2447141411115642,-6.141956005637981,8.15114364561639e-10,4.3756976139438615e-09
7579,Nck1,163.59109795670466,-1.0639698601202845,0.1470587198555764,-7.235000149363392,4.655286259736379e-13,3.198250212177657e-12
7583,Ephb1,40.47338099452656,-0.8864100465634096,0.293460132917005,-3.020546735777905,0.0025231876479689,0.0060443437106162
7584,Ky,114.38417570613304,-0.538981965068821,0.1756151158347904,-3.0691091852017296,0.0021469810874072,0.0052325220973905
7588,Slco2a1,12.731375627041531,-2.265006597851928,0.624724918648094,-3.6256062952529673,0.0002882842835295,0.0008265223145661
7590,Srprb,316.71126029745125,-1.5439944142924718,0.1142301920153108,-13.516517717886028,1.249519110416078e-41,2.8332247752527157e-40
7601,Ackr4,897.0356408144444,-0.5412986146092589,0.0831655838822201,-6.508685315981798,7.581134538882249e-11,4.443058521531448e-10
7602,Acpp,124.97326388036028,-0.5394534223094015,0.1717703530836943,-3.1405502324755377,0.0016863078582553,0.0042064801985903
7604,Mrpl3,50.50366574542942,-0.9170452940701496,0.2633497822640956,-3.48223296858665,0.0004972508817043,0.0013710018937537
7610,Pik3r4,112.21780596439348,-0.6329467186898801,0.1805072677947678,-3.506488832402717,0.0004540604895334,0.0012614065855028
7614,Poc1a,10.4720128442541,-2.110586788833829,0.6527215008984069,-3.233518102174992,0.0012227558667426,0.0031360235422904
7617,Rpl29,129.98097860625086,-1.5662633415458418,0.1730565299440192,-9.050587932466348,1.422006063650561e-19,1.4512996444730809e-18
7621,Rrp9,82.43158850478584,-0.8738249098482568,0.2101586504762758,-4.157929772902212,3.211447104313373e-05,0.000106192954506
7622,Tex264,30.02947980073681,-2.240556686126056,0.3939835222044397,-5.686929934504777,1.293434915017331e-08,6.242546693293678e-08
7631,Cish,180.84778673194185,-1.2394172661776324,0.1433666024973332,-8.64509059005347,5.376262721517505e-18,4.980321351412967e-17
7636,Nprl2,277.94011875276306,-0.9523443561239454,0.1150870268376395,-8.27499312730945,1.2846302886140727e-16,1.1092634842121293e-15
7641,Hyal1,19.73049883256945,-1.468060230141217,0.4443326277605933,-3.303966754681379,0.0009532713604978,0.0024981388708467
7642,Naa80,35.93932172638443,-1.1954704726390089,0.3184297591180676,-3.754267427611097,0.0001738491775113,0.0005165152329148
7655,Ip6k1,152.73270169793304,-0.8239805490511248,0.1534553889354867,-5.369511978478185,7.894999326947603e-08,3.5208999141699066e-07
7656,Gm38134,29.86002914408198,-1.4256264249985768,0.3615778097631913,-3.942792910694005,8.053819509729251e-05,0.0002512086814663
7659,Apeh,35.81775935336186,-1.2693575303323297,0.3178330343372569,-3.9937872819896905,6.5026206146317e-05,0.0002061662829136
7665,Rhoa,152.62526266131957,-0.8584744749144421,0.1542943801024644,-5.563873903536493,2.6385063575088997e-08,1.233599874892409e-07
7666,Gm37401,3169.85390972644,-0.900406111433253,0.0422001667904161,-21.336553381531644,5.198871312322416e-101,3.4205907147229023e-99
7669,Ccdc36,68.08832373418763,-1.781746318813208,0.469348844313102,-3.7962090253376815,0.0001469256298297,0.0004407768894892
7690,Ccdc51,1944.4977900841664,-0.6660804837546836,0.0483441474646015,-13.777892851299107,3.462311295620646e-43,8.316028815503193e-42
7703,Nradd,42.88667129610207,-1.3961407432578006,0.2953351528084458,-4.727309736011468,2.275140800997353e-06,8.713449694565983e-06
7707,Prss42,136.92212586521177,-0.9871564129979216,0.160102979069719,-6.16575918033387,7.014577150141753e-10,3.789348414160787e-09
7709,Tmie,301.4588763883382,-0.8814018946996169,0.1074241274858851,-8.204878320425992,2.308245455668575e-16,1.9577896584262626e-15
7714,Mlh1,144.45371306593998,-0.7713015869544579,0.153468142252254,-5.025809106926422,5.013143712598662e-07,2.065909009613732e-06
7715,Epm2aip1,472.4543153576088,-1.078860293265716,0.090944677739429,-11.862819464343168,1.8465070026157716e-32,3.093451775002439e-31
7723,Crtap,280.8767007860162,-0.7248625677944603,0.1125498396932131,-6.440369615543489,1.1918290202767186e-10,6.862153925273132e-10
7729,Rps27rt,108.52240722787592,-0.5058814331844,0.1750714493966432,-2.889571286054022,0.0038576753040894,0.0088951278990207
7732,Rbms3,16.760511669273495,-1.922672896673491,0.5130414999770901,-3.747597215350704,0.000178536648476,0.00052952229627
7739,Itga9,192.08405214410476,-1.1409804489215205,0.1394999248913382,-8.179075722157368,2.860293305023652e-16,2.412990450638036e-15
7740,Ctdspl,37.66642705292302,-1.6768838357806108,0.3352957228862389,-5.001208549115772,5.697204331282102e-07,2.333443944783699e-06
7743,Dlec1,185.2473559867431,-0.8594338949339428,0.1410924614808452,-6.091281461204217,1.120104166750887e-09,5.948645654120957e-09
7752,Exog,340.4769435177321,-0.97470263647629,0.1024478805718666,-9.51413178130651,1.8323656099422708e-21,2.0413242352149926e-20
7753,Scn5a,651.5980260298453,-0.5791386332112821,0.0765023050009886,-7.570211553806092,3.726169165142672e-14,2.735722482905893e-13
7755,Cx3cr1,392.09517937935726,-0.7150682691957229,0.0967421209237043,-7.391488447515654,1.451941808540753e-13,1.0254172515730933e-12
7757,Ttc21a,64.08201040601519,-1.05961024112473,0.2389084731410999,-4.4352141520695305,9.19808063397504e-06,3.261484326132651e-05
7762,Mobp,17.603537998572506,-2.8165515126047485,0.5669472857420275,-4.967924855515291,6.767317488046406e-07,2.752698019708388e-06
7781,Ano10,122.32934374504804,-0.8686914763832436,0.1719227340368977,-5.052801662616687,4.353759445558858e-07,1.804319796065254e-06
7783,A730085K08Rik,10.80194578405447,-1.803848353603397,0.6150126578540254,-2.9330263866399062,0.0033567536206916,0.0078363273304273
7787,Zfp445,722.415782244841,-0.5577457188134131,0.0716977995971256,-7.779119051734096,7.303131121842384e-15,5.6332167711365405e-14
7802,Fyco1,792.2038225860139,-0.6850382313379039,0.0743664818488525,-9.21165307685554,3.211405430097e-20,3.3934658889343453e-19
7808,Mthfd1l,115.5087869467438,-1.6904439221144558,0.1873725192051672,-9.021834841551504,1.8496492674461616e-19,1.8673573850230232e-18
7810,Zbtb2,121.97313657287413,-1.1046890346864866,0.1706684894508577,-6.472718181551437,9.625538287371616e-11,5.598594162159933e-10
7817,Syne1,321.7602795724956,-0.5334190852321171,0.1049805260685639,-5.081124139954634,3.7520780616287154e-07,1.5633827831349311e-06
7819,Mtrf1l,328.03261291406324,-0.5600317197064283,0.1058325369701047,-5.2916781146862615,1.2119907190038109e-07,5.304095824270232e-07
7851,Aig1,151.10182950455757,-0.6048023925767619,0.1478113286900339,-4.091718800830591,4.2818767866537e-05,0.0001392559674848
7852,Hivep2,205.5869175089977,-0.7866987433845187,0.1349441670186844,-5.829809177862369,5.549079417584349e-09,2.7919485853963605e-08
7863,Ccdc28a,116.8982666495478,-0.8368520974421704,0.1865903814614558,-4.484969111953071,7.292449781020183e-06,2.6201763553929223e-05
7872,Map7,426.4275229524162,-0.605798688823532,0.0908551123802931,-6.667744642567109,2.5976423362129872e-11,1.5807629015152235e-10
7883,E030030I06Rik,88.74921398250224,-1.2871387621476147,0.2033420185458101,-6.3299202562880055,2.452879336114792e-10,1.3772622267988082e-09
7887,Rps12,92.11750393123884,-1.8194688927180784,0.213841450056451,-8.508494925739445,1.7620560997406582e-17,1.5892569251087976e-16
7893,Ccn2,14.138474353412482,-1.6107236707226424,0.5627568645343268,-2.862201729081516,0.0042070903910123,0.0096258528250893
7914,Gm20300,55.41900046402543,-3.3979743451047257,0.5793337835601088,-5.865313643930052,4.482844983924756e-09,2.276315348697413e-08
7930,Calhm6,176.66840450912596,-0.7995689310572394,0.145177119455624,-5.507540954493465,3.638807737594183e-08,1.6813650638655476e-07
7935,Amd2,313.92495336466965,-0.7734328366340846,0.1085800384143876,-7.123158620393333,1.0548130628555301e-12,7.066972113021646e-12
7936,Hs3st5,421.8645465928929,-0.96629556393879,0.0928537990630291,-10.406634663196368,2.3125254040830085e-25,3.0249482685864062e-24
7938,Marcks,341.33379757659736,-0.8867428705032515,0.1047843812836117,-8.462548135901793,2.6159770803296546e-17,2.33211251469342e-16
7940,Fam229b,100.75590664903928,-0.6408127135729477,0.206537526312876,-3.1026454369469123,0.0019179927985979,0.0047300043452209
7947,Rpf2,469.48818546497847,-0.5310389117577681,0.0857536232054051,-6.19261194930241,5.917529125644938e-10,3.2172300759307053e-09
7952,Wasf1,208.6689010669256,-0.5954814114859965,0.1316246691425678,-4.524086672848592,6.065686540721817e-06,2.1994185110916883e-05
7954,Ak9,33.20252230381384,-1.7382965315830032,0.3536369955737713,-4.915482693666257,8.856397444727794e-07,3.5499373876341866e-06
7957,Ppil6,281.74917358549726,-1.6940718937704111,0.1252426859550213,-13.526313978756464,1.0937177428651028e-41,2.490958338631823e-40
7965,Sobp,89.75244377379981,-1.5964146146862712,0.2077010401776818,-7.686117572259572,1.516671389885962e-14,1.138501839038726e-13
7970,1700021F05Rik,110.9942645954867,-0.5514974601385367,0.1820431667250221,-3.029487291723389,0.0024496920965551,0.0058911995499162
7972,Rtn4ip1,249.1647547815861,-0.5458696043364091,0.1181362645157077,-4.620677711235981,3.824885538658909e-06,1.425858056978028e-05
7985,Dcbld1,182.34474832942783,-0.7877622925289514,0.14064323434749,-5.601138911400542,2.1294799551573272e-08,1.003534539014454e-07
7989,Cep85l,636.2362214862751,-0.7613104524908392,0.0788482215362055,-9.655391556818566,4.663741869322998e-22,5.3266298086125275e-21
8000,Gcc2,16.086863606168126,-3.776892594581241,0.7393612840091314,-5.108318052713448,3.250391898750595e-07,1.3635703998137374e-06
8005,P4ha1,277.8840243378308,-0.6107094295869188,0.1111281621101286,-5.495541526023822,3.8951326889694814e-08,1.7917377615588325e-07
8019,Sgpl1,64.56511550701401,-0.6667932643626882,0.2309823155371818,-2.886771928023869,0.0038921625241908,0.0089639093825642
8028,Aifm2,91.59605456452732,-1.120599539229966,0.203552951658993,-5.505199163642084,3.6875115073586673e-08,1.701826353935673e-07
8036,Vps26a,22.479044779688493,-2.2359410867705938,0.4578152071947766,-4.883937998632965,1.0398778534472747e-06,4.140149840101951e-06
8045,Hnrnph3,21.72659535956919,-2.2752724588369446,0.4709700580446932,-4.8310342026478255,1.3582566669886703e-06,5.3387081044058135e-06
8054,Gm31763,426.2408347157666,-1.182755800213406,0.0947180748658333,-12.487118238929176,8.777573180402108e-36,1.6360716305747076e-34
8055,Reep3,178.81542629154902,-1.4072561934905494,0.1501744909581351,-9.370807149150629,7.197994429872171e-21,7.804248045233237e-20
8057,Ado,69.02741485012437,-2.669413518567042,0.5236341071571883,-5.097860284654296,3.435141967414556e-07,1.4359882088057154e-06
8068,4930533K18Rik,184.5214235459772,-0.7626262643408942,0.1379564848313854,-5.528020413632597,3.238643740201654e-08,1.5018722597633934e-07
8070,Tfam,725.5385823883498,-0.6126592208937595,0.0723452542870387,-8.46854748015617,2.4847195166031668e-17,2.222772997126094e-16
8072,Cisd1,491.19808278562,-0.893676647076272,0.0968320542898677,-9.229140635610618,2.72811807248803e-20,2.8947006095124553e-19
8096,Zfp280b,30.884486435653876,-1.1954612779583245,0.3500434359408271,-3.415179818313778,0.0006373991750018,0.0017201398244221
8103,Lss,242.50295338867093,-0.9456473788607928,0.1247547838337831,-7.580049035399917,3.454243824965357e-14,2.54213852433875e-13
8105,Pcbp3,24.10270809797896,-1.22859763334072,0.3869844533549073,-3.174798425852939,0.0014994062121872,0.0037764534673887
8109,Fam207a,121.77564852548214,-1.1986003902823823,0.1774674498334691,-6.753916796613227,1.4390629650202767e-11,8.937399519746745e-11
8119,Gatd3a,299.58250966475526,-0.7670261614496912,0.106961489736969,-7.171049723932409,7.442486382021706e-13,5.0366822126420295e-12
8124,Cstb,138.5672243962638,-0.5515234184169697,0.1532235204558672,-3.599469694835946,0.0003188667896783,0.0009064389021211
8128,Syde1,67.64608994116826,-1.908392454541662,0.2650879695566289,-7.199091145982712,6.061522370610226e-13,4.122049400084587e-12
8130,2610008E11Rik,309.24835807465973,-1.0569424976981927,0.109127805797639,-9.68536378031949,3.4796753198305387e-22,3.9831287155472836e-21
8136,Gzmm,206.468636233531,-0.6348999837829611,0.129197661894834,-4.914175492585656,8.915686321412402e-07,3.571842482551791e-06
8141,Rnf126,1635.6301805222522,-0.5280596212999786,0.0503014507229341,-10.497900432506182,8.832272092861532e-26,1.1773303994952047e-24
8144,E130317F20Rik,924.6019324763756,-0.8852672397496018,0.0653339128333019,-13.549888585554967,7.935048730340216e-42,1.823403138094298e-40
8163,1600002K03Rik,225.32560108979712,-1.236268380025453,0.1281378921901811,-9.6479531455894,5.0146627660790355e-22,5.7231836876614386e-21
8165,Ndufs7,172.28989704190778,-0.7324263486641436,0.1473871895468882,-4.969403045921688,6.715934128869268e-07,2.733964089055295e-06
8168,Apc2,118.41765930151972,-0.8265144855971586,0.1834028303322893,-4.506552511210863,6.588938506852081e-06,2.379064194453439e-05
8169,2310011J03Rik,33.215583558270495,-1.0259226525418594,0.3234427175312211,-3.171883603911501,0.0015145369648543,0.0038100998547219
8174,Uqcr11,25.72331073533569,-2.120285926084898,0.4246263474944142,-4.993298080997645,5.935683845982108e-07,2.425312858087593e-06
8176,Atp8b3,404.0918862049419,-0.8134408067118699,0.0935007216510146,-8.69983452906369,3.323684575886229e-18,3.10883643562238e-17
8182,Mob3a,480.3775737295934,-0.8125997364806431,0.0909169750933768,-8.937821959497196,3.969159078538816e-19,3.927324754060644e-18
8189,Oaz1,42.765288530305575,-2.09981803802106,0.329435813295281,-6.373982285098264,1.841818742714268e-10,1.046370529993685e-09
8199,Creb3l3,315.06568533100284,-0.5162826389198845,0.1045436075655204,-4.938442922933528,7.874881971641467e-07,3.1763605668166627e-06
8200,Map2k2,912.80524760634,-0.5039675914338666,0.0646973613638086,-7.789615848472347,6.721323138028974e-15,5.213173351793152e-14
8214,Mfsd12,1887.343126259868,-0.8212574054653162,0.1060119151543647,-7.746840572302434,9.420711390883067e-15,7.20522963606735e-14
8218,Gm16104,1022.5172755827268,-1.555751661418013,0.0794214322178057,-19.58856215475328,1.9358039470196984e-85,1.0568665804367118e-83
8224,Tle2,421.9528743597034,-1.4044675531841169,0.1005633779155112,-13.965994204809684,2.5137294263185224e-44,6.262358939741096e-43
8236,Gm15608,80.14496679946247,-1.555552895441657,0.2340483205551027,-6.646289500186476,3.0057379634739987e-11,1.822620783207786e-10
8237,Zfp938,2256.2635946260148,-0.8761559302550347,0.0455282661081063,-19.244219144533474,1.578236505788932e-82,8.153868873532347e-81
8241,Nfyb,241.6197255201051,-0.5305868885381834,0.1183819441837919,-4.481991676994503,7.394962842029013e-06,2.653294055368881e-05
8246,Chst11,93.87631577345508,-1.2027466045702095,0.1976948459917064,-6.083854126478677,1.173273597391479e-09,6.2181481257966315e-09
8249,Washc4,600.2471957493616,-0.637156541954092,0.077280849433579,-8.244688646981196,1.6559082071971446e-16,1.4195079486641002e-15
8257,Tcp11l2,16.409953850809693,-2.541220178739215,0.5591689203046329,-4.544637740872237,5.502981269411616e-06,2.0076753465369963e-05
8259,Polr3b,795.2502009327718,-0.6366206138447361,0.0693949895758945,-9.173870011875852,4.563352266953989e-20,4.772919259648345e-19
8261,Ric8b,73.59647360811648,-0.7608194839374269,0.2147983689185075,-3.542017044952864,0.0003970798149082,0.0011121413189608
8264,Btbd11,205.7744874845401,-0.8820928700711536,0.1304953263371553,-6.759574421785244,1.3839765665814748e-11,8.605695968937152e-11
8267,Ascl4,183.47306442680784,-0.5099402117273447,0.1390591205603906,-3.667074907940956,0.0002453409406777,0.0007129613293083
8269,Fbxo7,12.569973390080612,-1.6358730710525882,0.5561351522691185,-2.941502734322709,0.0032662395902972,0.0076412436912653
8272,Ttc41,49.50068604242049,-1.819766818920993,0.3080745377105551,-5.906904324013677,3.485960648255121e-09,1.783051499685576e-08
8279,Dram1,161.1961544155021,-1.1864543599033224,0.1540954281828704,-7.699478004599301,1.3662318553502535e-14,1.031103217890809e-13
8286,Utp20,24.3177711199249,-1.936201499544873,0.4246684142306318,-4.559325428175941,5.1318195644691546e-06,1.879835689140307e-05
8295,Apaf1,270.0693929937159,-0.5025263677400694,0.1111522814327282,-4.521062107431497,6.153013085507675e-06,2.2295078716045227e-05
8299,4930401A07Rik,6315.125039329414,-1.0450425559761205,0.0327333196299623,-31.92595703063196,1.16523192279885e-223,3.0930880488639814e-221
8301,Cfap54,234.46793238164256,-0.7130748873265269,0.1225971391890758,-5.816407234648314,6.012588450809077e-09,3.011379693840486e-08
8305,Lta4h,245.17076971364668,-0.5185087828874257,0.1197079530588244,-4.331448075405907,1.4813188329089755e-05,5.138887956617077e-05
8313,Vezt,579.3887709488985,-0.5141580119003635,0.0783553529554618,-6.561874747633604,5.3135440849125405e-11,3.1573649066504625e-10
8325,Socs2,13.977764100345947,-2.1162690500248718,0.5743830787572485,-3.684420952308851,0.0002292231473617,0.0006689006021191
8334,Gm10754,57.58290026548101,-2.0947013391793683,0.2998172179969974,-6.9865945430804,2.816386407753103e-12,1.85541656541578e-11
8364,Csrp2,125.56563125080724,-0.5281352095237378,0.1633469146957183,-3.2332120291806232,0.0012240667582916,0.0031388627266252
8366,Osbpl8,909.6432931312296,-0.5327137587003782,0.0647038944650032,-8.233101934668085,1.8242683448250874e-16,1.5594911403068876e-15
8372,Krr1,22.17969526645136,-1.7684779087005962,0.4383193137008803,-4.034679407048552,5.4676899817592686e-05,0.0001752301310557
8380,Tbc1d15,162.47212943931004,-0.6343634365035901,0.1446761052030232,-4.384714639735367,1.1613792051338405e-05,4.081395627080714e-05
8382,Thap2,583.9015295648993,-0.727714894790026,0.0794467864413013,-9.159777599408535,5.2004382699257205e-20,5.424522195377804e-19
8389,Kcnmb4os2,671.0092545313773,-0.6816318770050577,0.0765637394158918,-8.902802843816898,5.445385178554414e-19,5.350169126293794e-18
8394,Cct2,2169.31789551649,-1.103356116463457,0.046358619273431,-23.80045251036649,3.3039317813288766e-125,3.0099014026828038e-123
8400,Nup107,320.73142184127374,-0.5754372002417125,0.1068020232907998,-5.38788669457053,7.129097043426786e-08,3.195329784005787e-07
8410,Grip1os1,44.84352171014357,-0.9191214429588452,0.2910108376771973,-3.1583753041471856,0.0015865116565682,0.0039775172552556
8417,4930471E19Rik,46.7761278277064,-1.0088971576262602,0.2757791090051349,-3.658352372178688,0.0002538418885683,0.0007357209556471
8424,Gm35696,286.9874412520128,-2.5021346030416867,0.1389635312903391,-18.00569242741773,1.757876340605465e-72,8.00717873963365e-71
8432,Ppm1h,116.35077001589742,-0.8830793173911214,0.1783513010393323,-4.9513477740001095,7.370125886487307e-07,2.9868507014571885e-06
8436,Tafa2,93.73161801852534,-1.182117859369294,0.2003729504701469,-5.899588026206239,3.6441031775169555e-09,1.8596159271147185e-08
8439,Ctdsp2,180.54354592616832,-0.6878911007428535,0.1400839617756357,-4.910562865466416,9.081533481688866e-07,3.6345019361601713e-06
8445,B4galnt1,34.948116616067246,-1.887879819951194,0.3457586342109112,-5.460108969540862,4.758424309586393e-08,2.1758449857556318e-07
8449,Pip4k2c,440.7895730299081,-0.7466067082093012,0.0913830929033646,-8.170074840855076,3.081982039580854e-16,2.5929068569063845e-15
8453,Ddit3,162.58261922445388,-0.5549421544211454,0.1454333120084175,-3.815784339622452,0.0001357510319861,0.0004095674874501
8464,Gm47438,53.43350600370288,-0.9325742494247145,0.2570796358333412,-3.6275695132432833,0.0002861017618915,0.0008207234443977
8468,Gls2,565.8032391889701,-0.6844512352992317,0.0807352079510646,-8.477729266692327,2.2963154881711857e-17,2.0566651108716447e-16
8470,Spryd4,25.13384184282901,-1.1345524748915026,0.3783809811607035,-2.99843948660211,0.0027136604031986,0.0064554257675598
8477,Coq10a,47.86089751806725,-1.37298809526314,0.2776058891940238,-4.945817609451121,7.582493005683239e-07,3.0672638548475863e-06
8490,Rab5b,196.28124085125663,-1.171110449935261,0.1428670875097308,-8.197202521227961,2.4604572920233743e-16,2.0836743931788706e-15
8509,Gm11944,1108.731985019825,-0.7351910451617035,0.0605252749053624,-12.146843551082595,5.962333632795647e-34,1.0431373705741111e-32
8515,Tug1,174.93042748714038,-1.3728781202361555,0.1520347776632528,-9.030026822395804,1.716297241433699e-19,1.7372854917234206e-18
8516,Morc2a,87.4593753204182,-2.7753369712460056,0.2567638408870804,-10.808908924471742,3.1236306391767848e-27,4.39592480080126e-26
8517,Osbp2,70.74186768031286,-1.9090086509831503,0.2451076858978816,-7.788448754636335,6.783687443836083e-15,5.258894858272927e-14
8523,Gal3st1,373.6372772892562,-0.6677700529509416,0.0980847286360108,-6.808094004409331,9.890023644921174e-12,6.207370731235481e-11
8527,Rnf215,107.83326795935544,-0.5992114468554774,0.1859386357551677,-3.222630113541768,0.0012701946191761,0.0032468730461291
8537,Uqcr10,795.9486554494974,-0.6442928870917526,0.0716416906371052,-8.993267486600258,2.3998726793797215e-19,2.407064480243009e-18
8538,Zmat5,150.2151651936349,-0.7155171270754526,0.1499318576484891,-4.772282144018795,1.8215009015252064e-06,7.03911342366518e-06
8544,Gas2l1,433.7185373167086,-0.7021798461279825,0.089546721411357,-7.84149140315623,4.452264140881493e-15,3.4866255703464636e-14
8547,Rhbdd3,250.6214161715284,-1.601306021125762,0.1304569349127406,-12.274594847693107,1.2401102413295908e-34,2.2278573250303828e-33
8548,Emid1,596.558599405921,-1.2688246917057109,0.0802955432176307,-15.80193172448842,3.017271919736238e-56,9.904886668711965e-55
8552,Ccdc117,57.571384331540266,-0.8497351459529084,0.2440274771972818,-3.4821289623297123,0.0004974440617926,0.0013712889481395
8555,Urgcp,167.76198031372937,-1.351145581303141,0.1489582296225451,-9.07063399401897,1.1832648879116466e-19,1.214503080952514e-18
8557,Pgam2,398.21101101785297,-0.5337674168577033,0.1026256434515971,-5.201111524425684,1.9810017982357598e-07,8.495683477893525e-07
8559,Aebp1,138.82500769854832,-0.6312766297112536,0.1622484533821663,-3.890802140494493,9.991338101326334e-05,0.0003072845413664
8561,Myl7,33.16018702128272,-2.4113753838605487,0.3891811170226697,-6.196023595153221,5.790744954901976e-10,3.1525569068483317e-09
8564,Nudcd3,1129.3229587365895,-1.2200760114448332,0.060607308594363,-20.130839658474937,3.962237222629278e-90,2.34625401075386e-88
8565,A730071L15Rik,1082.7515607330868,-0.666815057127404,0.0616783329730779,-10.811171848928913,3.047518917605261e-27,4.292735704981757e-26
8572,Gm11973,63.22678252965907,-2.673272085526881,0.7202533628890009,-3.711571820788377,0.0002059762052597,0.0006049617810337
8580,Upp1,402.344953684142,-0.7188705798485678,0.0950993377279516,-7.559154427605204,4.0569801263423e-14,2.971515985973647e-13
8586,Fignl1,503.9829414939796,-1.2268049193330068,0.0880429566679145,-13.934163114947848,3.927773012710096e-44,9.691024567898178e-43
8588,1700042O10Rik,466.4373344420844,-1.2899421135607732,0.0914985788945744,-14.097946975188073,3.909793540289416e-45,9.982617138689194e-44
8604,Meis1,13.888363468840524,-2.099476470895369,0.574582105411024,-3.65391899804036,0.0002582677765458,0.0007464409025154
8607,Rab1a,423.0697702066887,-0.575810095932165,0.0924711279179635,-6.226917621714311,4.757010779382428e-10,2.614742519077896e-09
8610,Sertad2,151.77954662729567,-1.2531000247954576,0.1581188820343999,-7.925049865472972,2.280547975952226e-15,1.8201823036682465e-14
8628,Usp34,190.57445402402672,-1.0189603737462147,0.1412897878177728,-7.211847292604116,5.519785737948146e-13,3.7703026273935066e-12
8629,Ahsa2,647.4363997877663,-0.7897824348173773,0.0780252335926379,-10.122141241393182,4.406678779884506e-24,5.520360170472079e-23
8630,Pex13,174.56903770790538,-0.5631714117255538,0.1427837913285492,-3.944225086653441,8.00584361544696e-05,0.0002499147775819
8632,Rel,340.43652987490856,-0.6999695343761959,0.1023763513021246,-6.83721900100252,8.07452583718261e-12,5.107452744012468e-11
8640,Gm12082,14.36634136877048,-2.1612255416719424,0.5679042494843789,-3.805616076361813,0.0001414516555363,0.0004253495485619
8641,A630052C17Rik,16.762501119246917,-1.926064414025136,0.5101925697782079,-3.775171431568357,0.000159897660019,0.0004774601190173
8645,Gm12089,4201.392071179882,-0.5136971163497945,0.0356311791404406,-14.41706754427219,4.041526223660612e-47,1.0746690455868529e-45
8651,Gm29237,42.58458031721822,-0.8351816146155973,0.2831857790872089,-2.949235718359987,0.0031856090143639,0.0074684995256809
8665,Nprl3,13.988916364671526,-2.1121572545934724,0.6041643626553385,-3.495997753509352,0.0004722926761202,0.0013073387345464
8671,Gm12111,74.93132738120077,-1.0061597096975068,0.2199922939491442,-4.573613428159904,4.793839615657197e-06,1.7618991339856338e-05
8673,Gm12116,67.69390667622808,-1.2637585604037311,0.2527137260226969,-5.000751563016523,5.710726107522323e-07,2.3383600838141936e-06
8682,Mat2b,403.0174333989788,-0.6205159534457702,0.0938924882016935,-6.6087923041598335,3.8746786779371087e-11,2.3302559736531137e-10
8684,Nudcd2,264.3274037751473,-0.5508818183000833,0.1183961010475519,-4.652871280607713,3.273446040319644e-06,1.230419317303741e-05
8687,Gabrg2,210.90465861114072,-0.527775786273119,0.1485299750013103,-3.553328452849084,0.000380389201499,0.0010681145625167
8691,Ttc1,266.21501547196044,-0.8053082405092953,0.1140964144356621,-7.0581380185562335,1.687484120991242e-12,1.1217834856123124e-11
8693,Rnf145,17.92308319750573,-2.4051074750535943,0.5402508375162581,-4.451834792354609,8.513966068222709e-06,3.0356883183500887e-05
8694,Gm12158,65.25131405607604,-0.7138753717333897,0.2260006264644938,-3.158731826991392,0.0015845722603469,0.0039733020391369
8699,Gm12166,149.33742058827434,-0.6668962031004316,0.151712725172847,-4.395782900482696,1.103742080876047e-05,3.88949715659593e-05
8718,Mrnip,342.9681444911609,-0.82837116134306,0.1014594624509671,-8.164553027701986,3.226275830116821e-16,2.709860484477828e-15
8721,Ltc4s,889.5248069508865,-0.8422876857076547,0.0687687026490133,-12.248125284645598,1.719243030144178e-34,3.063595566215251e-33
8733,Platr20,270.43169384381457,-0.7065576018635313,0.1134888605816031,-6.22578813676156,4.791411868739864e-10,2.632711532159849e-09
8743,Cdkn2aipnl,14.167919408581724,-3.9248892143833336,0.8146029690928671,-4.818162176298039,1.4488658534139225e-06,5.674571019883172e-06
8747,Ppp2ca,745.5880649381647,-0.8340727284807705,0.0706642399183742,-11.803321304300812,3.752042718058345e-32,6.231547970574571e-31
8757,Sept8,55.34200465962339,-1.6541112575964578,0.2791256981013821,-5.926044319271754,3.103188686465105e-09,1.5946826774638442e-08
8765,Slc22a4,133.35307158527655,-1.2889182508786403,0.1716086311946651,-7.510800837380667,5.876674052797171e-14,4.253750527356147e-13
8769,Gm12224,101.21564882650814,-1.3122622713743055,0.2060567049141978,-6.368452178834621,1.9094528600605398e-10,1.083975972378528e-09
8773,Gm12227,115.34301505543174,-0.7467811898857796,0.1739092674107029,-4.294085076686489,1.7541520443533955e-05,6.024297317614293e-05
8780,Sparc,59.45575909565962,-1.4729116360142744,0.2532053467964369,-5.817063717846424,5.989031731637739e-09,3.0015342623793825e-08
8786,4933424L21Rik,194.71683906548537,-1.7307687937147491,0.1483681193316698,-11.665368554316572,1.9157171685000984e-31,3.1145070249448275e-30
8821,4933439C10Rik,330.81197144418843,-0.8203267729265072,0.1073435504061428,-7.642068571635054,2.137592749116376e-14,1.5914109267599482e-13
8830,Pemt,26.129101329319287,-1.57584127833616,0.3947588447620402,-3.9919087292042144,6.554360056892988e-05,0.0002076783853383
8846,Map2k3os,37.94991422479456,-4.5731119517630265,0.593544365744228,-7.704751684448954,1.3109795880244748e-14,9.913478259933605e-14
8852,B9d1,99.5432622710087,-1.21612279210663,0.1896938408066965,-6.410976692416144,1.4459030316128496e-10,8.26936221200276e-10
8866,Gm12279,146.99576899647374,-0.7915943101676254,0.1641862683233453,-4.821318605089887,1.4261236819195642e-06,5.592613399601021e-06
8870,Lrrc75aos2,281.1104652821154,-1.5691840748462569,0.1212561173929148,-12.941071416310638,2.639229034595469e-38,5.339496743315616e-37
8878,Pmp22,18.97865744124113,-2.642427159246304,0.5343281077080546,-4.945326890214933,7.601619585084917e-07,3.0741932002092824e-06
8879,Hs3st3b1,308.0720895168575,-0.511357001439207,0.1113557173239846,-4.592103699098235,4.3880022424029256e-06,1.6192517311506288e-05
8880,Cox10,208.4983908489696,-0.5938677349278101,0.1276404109865944,-4.652662353070781,3.2767655992325893e-06,1.2313664429041968e-05
8888,Shisa6,45.462048986884845,-1.0375358728357746,0.2871188322597781,-3.613611356210301,0.0003019615799371,0.0008626833335892
8890,Tmem220,238.4837351589966,-1.3779384244196722,0.1289776226943127,-10.683546460501104,1.2153796675757272e-26,1.6782049652014258e-25
8892,Sco1,168.57164337551646,-0.9084527296787062,0.1457988607074022,-6.230863020952153,4.63872578421205e-10,2.551547773266478e-09
8896,Usp43,119.21433545112552,-1.5451530074704836,0.1862228374662614,-8.297333605769078,1.064740756322395e-16,9.224957053651993e-16
8907,Slc25a35,1951.5714559530716,-0.6122719910814481,0.0485408501346342,-12.613540747292912,1.7782087454769695e-36,3.4136286590228704e-35
8913,Borcs6,663.3891274872473,-1.5055305059059938,0.0791186485584927,-19.028769238809087,9.853994471007456e-81,5.040269065635575e-79
8917,Aloxe3,298.6777115194866,-1.3133090434208303,0.114265641816793,-11.493472775714284,1.4227506584041821e-30,2.260543770566645e-29
8922,Cyb5d1,70.94514238524967,-1.8334187518354423,0.2688293935173798,-6.820008511148584,9.103511704561222e-12,5.730845441245359e-11
8935,Mpdu1,66.75086752113067,-0.7460297790962164,0.2255669903256135,-3.3073535184350216,0.0009418195364576,0.0024714937077384
8951,2810408A11Rik,66.90750945337746,-0.6748770725132008,0.2306263368967015,-2.9262792862008693,0.0034304282344812,0.0079937752532273
8952,Neurl4,35.54503191270399,-1.3015937036926224,0.3393926990286304,-3.8350668927702034,0.0001255301256132,0.0003806700441091
8953,Eif5a,517.0064665498451,-1.2463545309355384,0.0893868897932428,-13.943370597393304,3.4524278747838875e-44,8.559352586179184e-43
8963,Bcl6b,17.094982691675934,-3.347260183787135,0.6674659384290018,-5.014877900234879,5.306715456440523e-07,2.1822166444273047e-06
8965,Rnasek,45.4310745624538,-0.8832632634423714,0.2760763462715538,-3.1993442226070936,0.0013774060210347,0.0034942400889522
8988,C1qbp,1162.0727911936704,-0.8709505785899896,0.0638450670868109,-13.641626805807055,2.2645190654714565e-42,5.298561631002818e-41
9001,Smtnl2,470.8643206773488,-0.7811473911502886,0.0862910301985522,-9.052474971650003,1.3976389203357692e-19,1.427873179660883e-18
9002,Mybbp1a,82.53597640091103,-0.99470856506548,0.2118403899539569,-4.695556712682024,2.6588158450894124e-06,1.012243539836711e-05
9005,Cyb5d2,24.660292356665284,-1.1505124511381606,0.3878635703322921,-2.9662812884244034,0.0030142466516889,0.0071078789170474
9022,Tsr1,581.6366328330652,-0.7291641677774671,0.080326976704808,-9.077450660903844,1.1114758753973771e-19,1.1415798917690473e-18
9042,Doc2b,209.0224709617488,-0.6816032559149747,0.1293824512982971,-5.268127548020463,1.378223359462089e-07,6.007680306420817e-07
9047,Abr,900.5922137751318,-0.9194191889364316,0.0655057572421941,-14.035700488692418,9.42604262260034e-45,2.375177614035268e-43
9048,Gosr1,41.84570606039985,-1.200088635945511,0.2966012090322207,-4.046135347395505,5.207013416013923e-05,0.0001674403788732
9049,Cpd,19.78071844619808,-1.4680215653847437,0.4363694934248582,-3.364170931984578,0.0007677397766358,0.0020485479377964
9059,Nufip2,21.674657093251728,-2.075101665737862,0.4525876460606769,-4.584971958027462,4.54047369729506e-06,1.6735727326682966e-05
9062,Pipox,58.5786597053496,-2.055704725374784,0.2836922015409057,-7.246250387599642,4.284677032269513e-13,2.9528597846383807e-12
9065,Dhrs13,507.2226470541887,-0.8846584262202115,0.0886811799648166,-9.975717808121075,1.946885629769215e-23,2.3583203112452273e-22
9079,Spag5,936.563676913494,-0.593321171717571,0.064712553737834,-9.168563709002374,4.793631814787844e-20,5.006971195418836e-19
9081,Pigs,131.9556060367316,-0.8010310989240702,0.1627983539792192,-4.920388194012819,8.637272930489607e-07,3.47023627447333e-06
9094,Nf1,68.54039297480057,-0.7469694466412833,0.2199536314547561,-3.396031434902373,0.0006837050704458,0.001837054670957
9095,Omg,253.9756578185736,-0.7234579401507469,0.1165698617656241,-6.206217706643029,5.427497850308126e-10,2.961082810182278e-09
9100,Crlf3,354.77362686286364,-0.7541858288055028,0.101754154052779,-7.411843141207906,1.2455603038825257e-13,8.829026905421437e-13
9105,Rnf135,216.3237887046606,-2.3311794717328875,0.1509523502258471,-15.443147908893742,8.390328172624544e-54,2.625558791579827e-52
9106,Rhot1,71.90772435181397,-2.290162719382403,0.4977792577373287,-4.600759641517427,4.209529469080899e-06,1.5583052586191277e-05
9108,5730455P16Rik,925.2811923855188,-1.0639393037294005,0.075393131939364,-14.11188627347499,3.208788223067773e-45,8.206395927300903e-44
9134,Tada2a,534.5039883818428,-0.635539507230689,0.0821447701855794,-7.736822512192729,1.0193219992866976e-14,7.772898217443289e-14
9140,Dhrs11,206.3662815543645,-1.2668167011787963,0.1339150361257866,-9.459854082321815,3.0837323104837997e-21,3.393648509807618e-20
9155,Med13,10.672871170677384,-2.580537223179149,0.7081206350493682,-3.644205655720287,0.0002682188939383,0.0007731355192746
9167,Trim37,259.4620507230257,-1.0688649798582726,0.1182530182878319,-9.03879660184756,1.584059957017863e-19,1.6108445903729865e-18
9172,Hsf5,78.2677969623979,-1.172367779703519,0.2128959234698996,-5.506764810690585,3.6548801812011064e-08,1.6882848865818248e-07
9183,Cuedc1,212.11276810309843,-1.4497244716438504,0.1366040642039508,-10.612601316747076,2.6039661639318656e-26,3.5447093775327147e-25
9186,C030037D09Rik,137.2089629442774,-1.1379147244695784,0.1645027436024476,-6.917299368693615,4.603346432315232e-12,2.9741133727203234e-11
9195,Pctp,174.12848574684895,-1.462802279854065,0.1534868142277847,-9.530475221690171,1.5656486429794777e-21,1.750598571857014e-20
9197,Gm45716,91.25449395960749,-0.9216448390455994,0.2016266628926091,-4.571046437129637,4.8529471601062126e-06,1.7827719989738786e-05
9201,Tom1l1,4777.8608683515085,-0.6410935999174443,0.0406464943492262,-15.772420480086204,4.816786033171343e-56,1.5745061096965175e-54
9210,Luc7l3,11.818719457586582,-2.1437526572126244,0.631074088609678,-3.39699045786452,0.000681313426997,0.0018312677238209
9219,Xylt2,394.29805041130913,-2.681563075802265,0.1274051733370722,-21.047521113665685,2.4095685531995182e-98,1.5329635307875945e-96
9233,Nxph3,137.9702631973963,-1.6178306628676944,0.1717630937384161,-9.41896555107201,4.5555385727767805e-21,4.967214721421482e-20
9235,Phb,1886.1059447165835,-1.5161987389357463,0.1327137955938046,-11.424575208265132,3.151930802484352e-30,4.912397652904562e-29
9242,Atp5g1,158.3663224793383,-1.196335079314882,0.151120725322635,-7.916419648997631,2.444475871712824e-15,1.9449690191674748e-14
9250,Skap1,47.34083024319296,-1.1545901020599807,0.2862748296689906,-4.033152699435687,5.5033492739358016e-05,0.000176189572513
9251,Snx11,169.96921432378025,-0.5835718734786367,0.1485506952914015,-3.9284358267989545,8.550015896881803e-05,0.0002655023088914
9257,Pnpo,34.4265274738294,-1.0626589803220496,0.3183044884859162,-3.338498257994462,0.0008423255847643,0.0022286380311103
9260,Gm11532,78.83045112422954,-1.879080142999324,0.2315714168105271,-8.114473577439812,4.878951742635824e-16,4.05814916421508e-15
9262,Gm11574,121.63281730679152,-1.7719911582656374,0.1839773145487893,-9.63157421126353,5.882133804103651e-22,6.698323376329868e-21
9278,Cisd3,74.5212825244394,-0.8047665054794311,0.2200228153687724,-3.657650249273424,0.0002545380529781,0.0007371835710404
9308,Gm11940,79.62918994147462,-0.6960266066774334,0.2167722466721943,-3.210865862039865,0.0013233569149535,0.0033693406751486
9317,Jup,1714.246729719766,-0.8511725558538122,0.0511063512728617,-16.654927120688384,2.786834797440688e-62,1.0338821335276343e-60
9320,Nt5c3b,32.120213647770505,-1.1789333032584066,0.3398244075021818,-3.4692425771413653,0.0005219279713339,0.0014313507386278
9322,Acly,175.44626954922697,-0.9157025711744168,0.1408916488294434,-6.499338880496186,8.067375035248735e-11,4.717254312293563e-10
9330,Ghdc,711.850182859595,-0.6952386328935397,0.0729490330590785,-9.53047084709804,1.5657146229196598e-21,1.750598571857014e-20
9336,Naglu,74.35316944045427,-0.7830460591443813,0.214351033148843,-3.653101399332387,0.0002590918564724,0.0007485416067272
9337,Hsd17b1,232.37342070024548,-0.671179106880436,0.1239261887021007,-5.415958595271948,6.096120812757244e-08,2.7539869728054724e-07
9342,Tubg1,36.12925878960654,-1.503916895394111,0.3372568433753931,-4.459262799065384,8.224203297485884e-06,2.9364525502804424e-05
9347,Wnk4,316.8215364058524,-0.5825522667235119,0.1059458372969285,-5.498585707438648,3.82849445439326e-08,1.7637193482896058e-07
9353,Gm28156,182.23486198830844,-0.8131363468002657,0.1445503787655303,-5.625279945611371,1.8520736885848993e-08,8.787219263313746e-08
9356,Rundc1,810.4926141057869,-0.8373173826468023,0.0678885978223955,-12.333696813672924,5.964613117120848e-35,1.0829149003678369e-33
9360,Rnd2,214.96931495388523,-0.766777857932431,0.126866310387774,-6.043983273327105,1.5035510604266515e-09,7.914075940625206e-09
9409,C130046K22Rik,75.63150814862716,-0.8228159035133702,0.2136358192703438,-3.851488511260108,0.0001174020388039,0.0003575710760485
9412,Arf2,30.91725295406252,-1.3403300865132246,0.3450616963430348,-3.884320110629629,0.0001026166359891,0.0003148437081882
9414,Gm11659,293.8461432369874,-0.7352841726950655,0.1124122399270274,-6.540961848748644,6.112442454870597e-11,3.6070204689608167e-10
9427,Taco1,818.2982427491052,-0.8436070622026339,0.0673282264430809,-12.529768074550663,5.131251000954328e-36,9.646000050145642e-35
9428,Map3k3,232.79541781717043,-0.6577290628848531,0.1311857737384684,-5.013722480275185,5.338697235032921e-07,2.1936104251552405e-06
9437,Ern1,76.21541801724847,-1.1723204453499445,0.2274343226908923,-5.154544975796171,2.542475352634228e-07,1.0801310852416274e-06
9443,Cep95,466.14189693173535,-0.5061996160403225,0.088844689837529,-5.697578740676723,1.2152086216806372e-08,5.87789881853443e-08
9448,Gm11715,663.1524668645487,-1.2145990924378611,0.0797481136624359,-15.230442911529073,2.220819179033089e-52,6.639171277746298e-51
9457,Cacng4,255.82343073727972,-0.5075805581846927,0.1177543734295629,-4.3105028153227085,1.6288375505698893e-05,5.620256147147919e-05
9463,Amz2,401.2918855608914,-0.7230909828906034,0.0964036938262022,-7.500656398023511,6.349904219003339e-14,4.591973948134119e-13
9478,Gprc5c,133.04532877187523,-0.5889783127423998,0.1615906633224038,-3.644878365077796,0.0002675182959072,0.0007715375656646
9484,Fdxr,114.42762395519355,-0.5643003531233185,0.1744137875076117,-3.2354113811024914,0.0012146758457937,0.0031189375119813
9492,Nt5c,11.690018598940616,-2.1203223658445025,0.6182014522799982,-3.429824304075167,0.0006039721954568,0.0016371049157136
9500,Grb2,19.50405084186552,-2.308247744617118,0.5053150794674965,-4.56793758668267,4.925466378964446e-06,1.806825836800968e-05
9502,Caskin2,11.63431749691589,-1.7807502482172322,0.5930682948479716,-3.002605709471813,0.0026767899087619,0.006378557101888
9504,Llgl2,242.705820417238,-1.1912692910803866,0.123644020425283,-9.634669650686904,5.707528477929903e-22,6.504301143316713e-21
9510,Itgb4,201.77208557486304,-0.573542936077412,0.1394222011721053,-4.113713104912322,3.8934527493721145e-05,0.0001275938666013
9511,Galk1,29.23816004066312,-1.2291485662165842,0.4280625784474817,-2.871422609924279,0.0040862882437236,0.0093731367402217
9512,H3f3b,62.69421805061,-3.095856316911833,0.3254941960840574,-9.51124890752996,1.883870431784301e-21,2.0926456830989242e-20
9531,St6galnac2,284.32617490094555,-1.5441163939086875,0.1191431901679547,-12.960173315251716,2.0578206158744838e-38,4.174203715678992e-37
9541,Tmc6,446.39908857030514,-0.5743976350914037,0.0885559353541043,-6.486269190140535,8.798790238601341e-11,5.139080975474441e-10
9554,Rbfox3,28.891474556089403,-1.830400976789785,0.3805572384669603,-4.809791515629518,1.5108779963614794e-06,5.897940576060176e-06
9556,Cbx8,350.3010147778386,-0.7517480222724437,0.11169959134692,-6.73008748919807,1.6956110176247204e-11,1.0429735208689651e-10
9561,Eif4a3,31.372688355622103,-1.1777343836807666,0.3372364905714975,-3.4923100453480576,0.0004788620577771,0.0013240948709657
9569,Chmp6,735.9541134455952,-0.8947732426202031,0.0712654177643195,-12.55550406761509,3.708122584049067e-36,7.004939301106679e-35
9572,Cep131,50.50198744036867,-0.9155095146151944,0.2713390076270213,-3.3740431301113936,0.0007407276094149,0.0019795594991411
9574,Slc38a10,107.78631762337348,-0.6592761399841732,0.1787981222256238,-3.6872654577000414,0.0002266768576008,0.0006617210655333
9576,2810410L24Rik,99.40173994189,-0.5823399704346229,0.1806441707158872,-3.223685370675553,0.001265523606419,0.0032365450904364
9577,2900052L18Rik,67.61058743168782,-2.9208261708865857,0.3154328767147156,-9.259739191765496,2.0493216714786523e-20,2.18499698435494e-19
9593,Mafg,63.15764122925403,-1.1430587740050882,0.2416646170359372,-4.729938490892556,2.245878715809191e-06,8.605661699501817e-06
9594,Pycr1,1025.689803393988,-0.5766168392921487,0.0623009883244177,-9.255340160729906,2.1354934450517956e-20,2.275298067821276e-19
9595,Notum,237.64499431920987,-0.9177438393720811,0.1254977408034966,-7.312831557733596,2.615708318036152e-13,1.823887919587165e-12
9609,Ogfod3,199.852009023544,-0.8566360865253693,0.1345861801427758,-6.364963219972558,1.953365382823117e-10,1.1076984690219044e-09
9611,Foxk2,137.8232638749572,-1.7552306141032954,0.1776067984746167,-9.882676953687389,4.949276338403759e-23,5.847970721877534e-22
9614,Zfp750,47.77607092574007,-1.2702726750269655,0.2822531384266126,-4.500473164294836,6.78023647072094e-06,2.444123640908911e-05
9616,Metrnl,96.87732235884393,-0.923222670141774,0.1948419094834436,-4.738316682429266,2.155008534426556e-06,8.269818393826333e-06
9620,1110002L01Rik,88.6263643014466,-0.586075802054283,0.1928072344873779,-3.039698191888387,0.0023681533091642,0.0057111667211611
9631,AC241534.1,395.77057967374986,-0.5344293792866539,0.0934202291615751,-5.720702936430723,1.0608423521176086e-08,5.155533097601862e-08
9633,Gm48678,245.29137450155875,-0.8289829937189683,0.119163785566926,-6.956668838397938,3.4841264517521935e-12,2.274877474604613e-11
9637,Sf3b6,145.2670888295556,-1.0530952884895808,0.1559865807486569,-6.751191566833855,1.4663583388115936e-11,9.095911758397782e-11
9639,Mfsd2b,41.794106384342136,-2.542167257139718,0.3495376464783459,-7.272942650820322,3.5173967805327943e-13,2.4360702129142097e-12
9649,Pum2,24.895545064246978,-1.110997987654874,0.3809493852093583,-2.9163926515967544,0.0035410455342406,0.0082291225728556
9650,Sdc1,313.3069772308908,-1.4545476814186402,0.115475172779825,-12.59619402511747,2.2158122882722698e-36,4.227341510562561e-35
9657,Rad51ap2,179.12154209573896,-0.6263761251193978,0.1464086931914766,-4.278271402232987,1.883502857410557e-05,6.446956423453299e-05
9663,Gm36235,91.39450651586152,-0.6904253581092998,0.1941090285220068,-3.5568946141576503,0.0003752646098714,0.0010552646454027
9667,Pdia6,359.2226753045647,-0.6292827842095832,0.0998466917529912,-6.302490079154086,2.929012942479341e-10,1.638629479012061e-09
9682,Cpsf3,17.655669269632856,-2.250900500101412,0.5490565068872039,-4.099578953835855,4.1390245296549005e-05,0.0001350379776617
9686,Gm4419,30.69899879884274,-1.483921823215168,0.3669099740142116,-4.044375809630322,5.2462708523732354e-05,0.0001685902442979
9688,2410018L13Rik,253.10950767595295,-0.5067319754350442,0.1185861821843294,-4.2731114713465015,1.927640272516052e-05,6.58631816148627e-05
9707,Gm31508,111.3821911676788,-1.2197507894687194,0.1815751813599075,-6.717607441355116,1.847325505938155e-11,1.1344803944724306e-10
9710,Alkal2,273.58688845699635,-1.528234971664697,0.1204532961235996,-12.687365317895024,6.948406661267321e-37,1.3490248292165408e-35
9713,Lamb1,867.8195540248015,-0.8899922114886021,0.0672929000795416,-13.225648031762828,6.239711718493293e-40,1.3454706108952766e-38
9725,Atxn7l1os1,29.686707507850432,-3.006171105438949,0.4653422512703086,-6.460129285988089,1.0461356662873702e-10,6.057278946280689e-10
9732,Ahr,971.7080412023948,-1.591193226940009,0.0678369662343438,-23.45613778545474,1.14438048293805e-121,9.788267730730121e-120
9740,Lsmem1,202.5608195547425,-0.7850459581259196,0.1408149459495603,-5.575018708647033,2.4750326540082052e-08,1.1585771584405697e-07
9750,Lrrn3,28.191370232746632,-1.2020048902690013,0.3673863817170543,-3.27177312520728,0.0010687530207258,0.0027766657959997
9751,Gm47371,156.503753868322,-0.7399174133117795,0.1464399178101947,-5.052703008689264,4.356009634057573e-07,1.804766531914704e-06
9756,Gm15902,40.14571592539353,-1.259915306091871,0.3096382533984846,-4.068991128400536,4.721714493360348e-05,0.0001526895953366
9767,Nubpl,224.78982596429248,-0.7884931157469776,0.1243534236194321,-6.340743123889061,2.2865951926578492e-10,1.290957813940603e-09
9768,Gm35188,530.3409253850067,-0.5717169364189033,0.0884059648634968,-6.466949795770705,1.0000085430366874e-10,5.803291190574006e-10
9771,Akap6,365.3415695415387,-0.5285253892750317,0.0973773296225156,-5.427602002682417,5.7116226113647747e-08,2.589403466565726e-07
9775,Eapp,127.62104194851334,-0.6832704599899667,0.1628353150872268,-4.196082770030294,2.71571036031334e-05,9.077524252580152e-05
9783,Prorp,329.3525406855015,-0.6589737653409312,0.1033663155200843,-6.375130641208655,1.8280705393023277e-10,1.039710898525993e-09
9791,Mipol1,241.36487698390536,-0.8150264121109281,0.1196042942222896,-6.814357439342158,9.468601609798985e-12,5.957441372475076e-11
9792,Gm16246,11.473915668829209,-2.4798767936953405,0.6808722482943618,-3.6422057146661886,0.0002703119178051,0.0007784740528485
9795,Gm17529,37.3725953241801,-1.112490656275131,0.3060859553562211,-3.634569429951208,0.0002784452669552,0.0008004001736451
9798,Trappc6b,163.35373564549636,-0.536862975904542,0.1468603848680011,-3.655601041676946,0.0002565801223984,0.0007425390158734
9799,Mia2,17.28137437486925,-2.6277437714873533,0.5610551834607805,-4.683574537674761,2.81914870560524e-06,1.0682651605094331e-05
9803,Prpf39,574.612156219294,-0.9483901374681406,0.0798748909711778,-11.873445158258283,1.626296879186391e-32,2.736444453765429e-31
9805,Fancm,11.292312313498604,-1.8835919322067756,0.6075572504793693,-3.100270683496248,0.0019334386202542,0.0047627553595896
9806,Mis18bp1,22.64645862655773,-4.298935057067143,0.7139513012571145,-6.021328134702808,1.7299164645441991e-09,9.068367003106057e-09
9807,Rpl10l,141.6663251606378,-0.7265629688211087,0.1572508098631197,-4.620408438300263,3.829853354778865e-06,1.42736437303741e-05
9819,Arf6,695.3737562509883,-1.3410620253297405,0.0824464051066043,-16.265864152545273,1.7241731415993926e-59,6.046781250128529e-58
9820,Vcpkmt,288.7945850070621,-0.6865622655762436,0.1107304977046806,-6.200299644704136,5.63557609671838e-10,3.071339100356678e-09
9832,Actr10,257.2811747139525,-0.5006735581701892,0.1175357311939052,-4.259756187198939,2.04650014611016e-05,6.963075414256801e-05
9833,Psma3,100.9331667350773,-0.8190264971727393,0.1898442843800724,-4.314201503865296,1.6018079690760133e-05,5.531950536539771e-05
9834,3110056K07Rik,263.92563527777065,-1.3861284690209537,0.1197028953789504,-11.579740528688182,5.220382290715846e-31,8.398433202493332e-30
9843,Ccdc175,653.6648092308359,-1.1079933048532615,0.0771521703311862,-14.361142403344576,9.07193053527981e-47,2.3998529642812364e-45
9849,Mnat1,67.45593800634884,-0.83032854244504,0.2244516782927523,-3.699364374375683,0.0002161401048586,0.0006331227272457
9855,Gm15283,67.52791506441564,-0.7934188621711942,0.2223024874350107,-3.5690957457376498,0.0003582155026497,0.0010106442878495
9857,Snapc1,142.84101006317692,-1.1171087416319647,0.1625799424474766,-6.871135054023409,6.3693056669425495e-12,4.070644667839248e-11
9859,Gm34552,238.40765489570185,-0.5294709565060206,0.120127855509696,-4.407561878629264,1.0454073961911062e-05,3.6899686297534136e-05
9864,Wdr89,1405.7271629515485,-0.7328124041620054,0.0544690236886737,-13.453745900615178,2.926625498193383e-41,6.539669981158973e-40
9865,Sgpp1,93.78024044192068,-1.1691971760071087,0.1979689108853232,-5.905963571645781,3.5059144444631087e-09,1.7920670247992708e-08
9872,Zbtb1,124.65079595982549,-0.8320678439870388,0.166127082169342,-5.0086225142922105,5.48209744608666e-07,2.250729927465339e-06
9877,Sptb,2049.282068795003,-1.7960359376508417,0.0578696332967977,-31.035896295375828,1.7683623010682963e-211,4.003780292242279e-209
9881,9530018F02Rik,19.248478865449098,-2.528606552479113,0.5134172321518983,-4.925051973578882,8.433793478358777e-07,3.3937972920233077e-06
9889,Tmem229b,146.03187320048713,-0.5774043402234916,0.1519737852710137,-3.799368023858922,0.0001450655382505,0.0004355360816897
9895,Rdh11,161.4973095223181,-0.5388883407477879,0.1426233222536201,-3.7784026639732113,0.0001578375217353,0.0004716743953102
9902,Actn1,123.78362353193668,-0.7938794511066509,0.165551592024421,-4.7953598113967,1.6238309782905951e-06,6.314852675362971e-06
9903,Dcaf5,96.41448821184927,-1.903786201165068,0.210805455323133,-9.031010123750592,1.7009435324309658e-19,1.7228767516649436e-18
9907,Erh,261.17994659182847,-0.8093478115382864,0.1160607349633994,-6.973485148043566,3.0918409130797922e-12,2.0316680622183728e-11
9911,Gm20337,607.2577627174734,-0.9436008985322498,0.0782243209188899,-12.062756025848543,1.661290043481459e-33,2.870619698029241e-32
9914,Slc8a3,110.16143839198716,-1.1441073243289075,0.1823600633903026,-6.273891898579738,3.5213303825927786e-10,1.9571986487508462e-09
9916,Synj2bp,182.44230765824457,-0.6702932220630224,0.136448373727076,-4.912431007816498,8.99540405530994e-07,3.6019048331743e-06
9924,Sipa1l1,446.9368020722829,-0.6867484586436098,0.0893259682092941,-7.688116595999629,1.4931670749023415e-14,1.1220676600540017e-13
9935,Elmsan1,66.05885012461344,-0.6834585959616655,0.2336004771637251,-2.925758561197823,0.0034361750014996,0.0080035325753538
9938,Zfp410,251.7755065268008,-2.033328745807855,0.136365050772667,-14.91092280820252,2.7985783699436025e-50,7.905855519936092e-49
9944,Aldh6a1,143.02986201481465,-0.6365469931649929,0.1598783388092097,-3.981446129013224,6.849724676574933e-05,0.0002163692267553
9948,Isca2,728.0199573731246,-1.2486096608224624,0.0735619738340764,-16.973574739019067,1.288444667625083e-64,5.07337445083268e-63
9949,Ltbp2,217.60371341403572,-0.8268550025729969,0.1314363133607937,-6.290917490231738,3.1559505753210333e-10,1.7591967797843094e-09
9954,Rps6kl1,203.4915596004389,-1.0625015408233591,0.1587841304835678,-6.691484454948818,2.2091797363181188e-11,1.3513123250041226e-10
9959,Nek9,291.0771013874381,-0.5239467618957968,0.1166910731524828,-4.4900329368909295,7.121216123048843e-06,2.560444732145259e-05
9971,Esrrb,19.579791804733546,-1.529083684227326,0.4451694025931836,-3.434835537483409,0.0005929135453321,0.0016085457169928
9972,Vash1,3276.808509841009,-0.6572828323029858,0.0388582812428615,-16.914871458030095,3.49578541953616e-64,1.3489000581247798e-62
9988,Adck1,194.21301400228424,-0.785720812691833,0.1370855588765896,-5.731608924607243,9.948243101029936e-09,4.854616506607193e-08
9997,Gm8378,16.28484476330718,-1.983229430985176,0.5543416701542887,-3.577630075027894,0.0003467236862213,0.0009803779381201
10009,Gm20682,30.66111489754384,-0.9891476948250228,0.3360199345405162,-2.94371730111076,0.0032429607353257,0.0075948621054266
10011,Gm26839,58.95529686072405,-0.8778292044390307,0.2423343003357091,-3.6223894150475657,0.0002918942588666,0.0008362493504858
10016,Psmc1,18.191909835170637,-1.8572490859772988,0.4757151030448118,-3.90412050004296,9.456865689164116e-05,0.0002918963595636
10027,Ndufb1-ps,346.09327296990745,-0.9479280421879968,0.1079083632161131,-8.78456510631652,1.5697064308437244e-18,1.4964210655894724e-17
10033,Gm20069,30.67957049516494,-1.1788864103837258,0.338520822202737,-3.4824635090768554,0.0004968229276534,0.0013703127542372
10036,Ubr7,479.86104449772006,-0.8731245839044012,0.0872188789722608,-10.01072926174722,1.3674081247371372e-23,1.6695174852064202e-22
10038,Gm47167,24.027308817933104,-2.5485061870544774,0.5061773581783965,-5.034808740212922,4.783261694330481e-07,1.9732877021948577e-06
10044,Ppp4r4,1827.035747766233,-1.29412275494863,0.0499426214665837,-25.91219116951077,4.853885026233621e-148,5.793055338286267e-146
10045,Serpina3m,20.501360852045888,-1.976497507424845,0.4694492812675128,-4.210247168955723,2.5509145406312536e-05,8.563863992053812e-05
10049,Snhg10,48.9379809274433,-1.7984542256018057,0.2907567972771047,-6.185424528141969,6.193556192296275e-10,3.356423482456651e-09
10056,Vrk1,159.65277594427906,-1.0204864075747946,0.1488479444043074,-6.855898559155803,7.086565216109292e-12,4.5047381530643545e-11
10068,Wars,193.2486703261225,-0.6307128376887297,0.1353854959158974,-4.658644069823652,3.182990043182501e-06,1.1981739536635156e-05
10073,Rtl1,73.32468085650818,-1.0152569240905778,0.217747437616966,-4.662543611082534,3.123248730747687e-06,1.1768364527310668e-05
10076,Mirg,20.215370436617764,-2.150187002555825,0.4727874291244293,-4.547893768110179,5.418547321094351e-06,1.978746550179521e-05
10077,Dio3,37.68702988622743,-1.774782067550803,0.3288991241745547,-5.396128895159,6.809403712724636e-08,3.057380564628419e-07
10083,Zfp839,316.5660724777886,-0.8131367131217885,0.1078834292104229,-7.537178963191771,4.8024705761310505e-14,3.499235068154929e-13
10084,Cinp,351.64568994833274,-0.5705856581822969,0.1008237704246968,-5.659237457385662,1.5204705654978733e-08,7.278969162439446e-08
10091,A230087F16Rik,251.64246150868107,-0.6708505178729485,0.1159383983655192,-5.786266908379714,7.196783211857594e-09,3.568491926884364e-08
10099,Gm48286,2055.229019618538,-0.5377035557460269,0.0460186373757758,-11.684473648258734,1.5302457477425959e-31,2.4930860880682543e-30
10108,Aspg,225.56235878693715,-0.5017530255412366,0.1212148862684488,-4.139368034632546,3.482638638382628e-05,0.0001146433707003
10111,Inf2,299.88316186276194,-1.0526923587267594,0.109574435078619,-9.607098206542966,7.462233198836998e-22,8.44768693597753e-21
10116,Cdca4,412.16341857531546,-0.5655564763611144,0.0941887992940298,-6.004498205732642,1.9192453682756872e-09,1.002330450813178e-08
10123,Crip1,104.44407572454146,-0.7525966248866576,0.1820162405703027,-4.134777328267976,3.552989637235554e-05,0.0001168343196387
10126,Zfp386,74.06215092750253,-0.849073935964304,0.2205416260037848,-3.8499486530027354,0.0001181425895372,0.0003596842611263
10137,Sp8,141.80403927294824,-0.7111040232043377,0.1560291464286122,-4.557507616243277,5.176421393893129e-06,1.8957227350232775e-05
10144,Akr1c19,38.7425493845911,-1.7323149179485653,0.3263109026965964,-5.308786508918061,1.1035750487845345e-07,4.851696587974497e-07
10145,Akr1e1,97.75350740610456,-0.554623791202318,0.1862645769724464,-2.977612814079845,0.0029050271193316,0.0068745461926267
10151,Wdr37,35.822889408218856,-1.7269268386464904,0.3380431926371774,-5.108598179937335,3.245577453579917e-07,1.361921790005898e-06
10154,Larp4b,183.21996679222076,-0.7744181025533461,0.1372320157782832,-5.643129980722011,1.6698618053255834e-08,7.949657499935896e-08
10157,Gm47802,569.7686282653758,-1.2959466455056226,0.0824683361395374,-15.71447547229358,1.2037329211679878e-55,3.8894667285545386e-54
10163,Lgals8,1447.1758967469098,-0.5593277800434968,0.1190407970372187,-4.698622606404592,2.619219336940467e-06,9.976620710424402e-06
10180,Mplkip,125.27164361633378,-0.5639683692377371,0.1683840721888458,-3.3492976022413576,0.0008101672348855,0.0021516878986195
10184,Pou6f2,66.4387902680674,-1.0710994362335542,0.2325348218929593,-4.606189419349002,4.101148408953178e-06,1.5222102435931322e-05
10195,Zkscan3,103.18386374142769,-0.645986317260396,0.182790873881546,-3.5340184306959137,0.0004092925367353,0.0011436420863116
10196,Zscan26,913.0371959611592,-0.8855738973913007,0.0676992645667034,-13.080997305646555,4.2285550566385605e-39,8.773966799461897e-38
10200,Hist1h2bl,38.75272528574147,-1.510663998618073,0.3160804498257726,-4.779365504733903,1.7584925886003335e-06,6.807581567536016e-06
10214,Gm11290,37.31303160394915,-1.0334989442998868,0.3076165846246717,-3.3596983906471647,0.0007802760581195,0.0020776773072999
10216,Hist1h2bk,11.596309194813191,-2.968171496570818,0.7302332091276322,-4.064689827126218,4.80963806686706e-05,0.0001553696762011
10219,Hist1h2bj,295.7123523908708,-1.8850836027503783,0.1245347545777909,-15.13700821221643,9.231894900857351e-52,2.686847899689977e-50
10220,Zfp322a,109.2734537180844,-1.6436465076616762,0.2081870365748946,-7.895047331971505,2.9020508315939192e-15,2.2983526030462952e-14
10225,Hist1h4f,17.292306659198335,-1.659828261541835,0.4780946969901167,-3.471756269189799,0.0005170655510294,0.0014195330284682
10228,Hist1h2bg,224.59081849010568,-0.5841978369375156,0.1272179792306435,-4.592101214549062,4.388054495958734e-06,1.6192517311506288e-05
10229,Hist1h3d,562.7766852500664,-0.602801359686912,0.0797173898010233,-7.561729770524596,3.977440463552607e-14,2.9146441397837186e-13
10237,Hist1h3c,659.3674551653988,-0.8037575682143522,0.0758709306998583,-10.593748630736814,3.185730991959205e-26,4.325177632469482e-25
10246,Gmnn,119.77685838126688,-1.9112364082587043,0.1885224949583037,-10.137975357696275,3.747866588655634e-24,4.698872475483889e-23
10257,Gm40841,41.25086225342299,-1.551450122484925,0.3079080873751714,-5.038679353019255,4.6875503284684427e-07,1.936397232548971e-06
10258,2610307P16Rik,77.7109766202828,-1.1186389892439577,0.2140480881305664,-5.226110632493027,1.7311280309732948e-07,7.471950424688771e-07
10259,Sox4,146.54450496565656,-2.3636968066987167,0.1874263609073367,-12.611335968195656,1.8286662087056703e-36,3.501759322043844e-35
10260,A330102I10Rik,919.3761306445712,-0.914296868613544,0.0658720605036747,-13.879888705812368,8.387407967664396e-44,2.049722747145413e-42
10278,Prpf4b,105.335921400093,-1.810120731870137,0.208549371433418,-8.679578938208596,3.972366861793829e-18,3.7065794063138056e-17
10281,Eci2,151.10682757500044,-0.8095218858070576,0.1662453850691856,-4.869439746975006,1.1191510137401792e-06,4.4396931222735885e-06
10300,Mak,296.00223565390377,-1.1876262238613506,0.1136607624169513,-10.448867301317946,1.4828560539227993e-25,1.957980429347806e-24
10303,Tmem170b,18.852750117089503,-2.495644846582216,0.5187081173468203,-4.811270082580122,1.4997419053123295e-06,5.860412785327063e-06
10305,Edn1,141.45775384098576,-0.526320194291368,0.1565196126331152,-3.362646926076108,0.0007719903226414,0.0020584625922043
10323,Kdm1b,341.9241541887133,-0.6360022745572117,0.1003746898921369,-6.336281339854324,2.3537682416494456e-10,1.3264500676586702e-09
10324,1700026N04Rik,12.235664099404405,-2.382103789498781,0.6331054609915737,-3.762570276629608,0.0001681760292917,0.0005008197576354
10327,Fam120a,26.44692619958251,-1.4737535014287797,0.3847747748628243,-3.830171824424264,0.000128053810923,0.0003878647399118
10337,Omd,100.22543483446258,-0.8561181301847389,0.1884860633815354,-4.542076559006785,5.5702803312165564e-06,2.0303038820883078e-05
10339,Nol8,119.77229362950364,-1.7882884560469234,0.1876437633243157,-9.53023124438258,1.569332643980533e-21,1.7533704925053906e-20
10362,Uimc1,210.32072887081333,-0.5956368907209404,0.1319219382013868,-4.515070797486803,6.32956166608986e-06,2.29132215873782e-05
10384,Slc25a48,160.6422315544018,-1.798547331406928,0.1617873668211614,-11.11673529735501,1.040086063477628e-28,1.5382483221231084e-27
10390,2210016F16Rik,89.29410852439366,-0.8147092076891045,0.1946922962768785,-4.1845990995477225,2.856698051667637e-05,9.507506096730424e-05
10394,Isca1,103.748544505633,-1.0142960739301448,0.1887628990284036,-5.373386820984989,7.727131402304131e-08,3.450316562351347e-07
10425,Cdk20,98.79179784555818,-1.2451236268529358,0.202708303199826,-6.142440182262865,8.12632846191171e-10,4.363897907205884e-09
10426,Cntnap3,25.00584919273845,-1.2985676157517545,0.3856116840724062,-3.367552564895629,0.0007583856752718,0.0020246412097252
10434,2410141K09Rik,208.34757819670264,-0.5153541068966879,0.1298343905145808,-3.969318952044621,7.20783482541043e-05,0.0002267507661872
10442,Zfp595,21.51825555380556,-1.2573489809599154,0.4157108946605641,-3.024575485293848,0.0024898233091676,0.005978371751083
10450,Zfp729b,74.73550129275854,-1.7323451721851986,0.238832806158133,-7.253380304204102,4.0649661900290664e-13,2.8052092990447105e-12
10454,Zfp493,104.19705233080148,-0.9984993315124548,0.1836865695783113,-5.435886433094737,5.452467653449552e-08,2.474828773364071e-07
10467,Irx4,51.76840491757008,-1.1372423980997524,0.2767293609772914,-4.109583435901025,3.9637348341061176e-05,0.0001296487391244
10469,Mrpl36,416.6593425405725,-0.5326725606307852,0.1007819049149388,-5.28539881321322,1.254311904769167e-07,5.487047639403149e-07
10471,Clptm1l,34.66239332881214,-1.074870140724257,0.3263155474611394,-3.293959325834028,0.0009878679219884,0.0025808950495391
10482,Gm47428,12.10196389998317,-6.648877522666935,1.9881153746841007,-3.344311707122833,0.0008248700171264,0.0021873404725592
10500,2210408I21Rik,148.31944277694475,-1.2074456830550775,0.1567626360162495,-7.702381854116804,1.335530806380716e-14,1.0089220949478661e-13
10504,Arrdc3,41.77571755929103,-1.0562864384537092,0.2925084533716399,-3.6111313238242335,0.000304864233337,0.000870491419966
10518,Vcan,188.22178445568903,-0.9016838344899984,0.1366057565044091,-6.600628389045195,4.094186418788242e-11,2.4526884865238823e-10
10525,4833422C13Rik,702.6975653048421,-0.6131924903142882,0.0797478905595268,-7.689137430620543,1.4813028169589945e-14,1.1141249716610005e-13
10529,Dhfr,29.94207079796502,-1.3293744675460006,0.3575069858565518,-3.7184573173051407,0.0002004431517474,0.0005893855546799
10530,Ankrd34b,246.0928358426263,-0.6400118330712087,0.1249404436682748,-5.122535299862409,3.014546375993739e-07,1.270516178614826e-06
10531,Fam151b,216.30334398691912,-0.7663950433487291,0.1324543968411498,-5.786104966133009,7.2037210149035306e-09,3.5707819943803844e-08
10537,Homer1,578.7222596384377,-0.6388480315065498,0.084074135604249,-7.598627412760019,2.9928809757234675e-14,2.2099949881169546e-13
10543,Wdr41,440.589454120622,-1.1932661420599249,0.0923230353007914,-12.92490155000022,3.2571326850569003e-38,6.538046260643551e-37
10544,Zbed3,89.48031314995616,-3.3302209421067706,0.2815728569885999,-11.827208693775487,2.8237642018115056e-32,4.71014882460346e-31
10545,Gm48730,303.1970760262326,-1.480186304148931,0.115850421329617,-12.776701950332244,2.212543309988146e-37,4.3504874585667296e-36
10564,Ankra2,92.45933267323852,-0.9817497711156716,0.2069808361334509,-4.743191637716103,2.103770792924585e-06,8.077220730141375e-06
10572,Map1b,1905.123945022088,-0.8114215494880066,0.0495844871034868,-16.364423570511146,3.432624647748647e-60,1.2205239971533065e-58
10577,Marveld2,57.808505990469456,-1.2018496102610623,0.2657136552164459,-4.523100663690226,6.09402388498171e-06,2.209173339608627e-05
10581,Cdk7,355.4780823287355,-0.6006324259573584,0.0986897481306827,-6.086067067088006,1.1571798420987055e-09,6.1391939520853465e-09
10582,Mrps36,94.5479804958726,-1.622384773012595,0.2029437353054797,-7.994258953450873,1.3035552303438878e-15,1.0540722860490808e-14
10585,Pik3r1,128.72135238210018,-0.5490092511411414,0.1600225899638705,-3.430823431023677,0.0006017521447795,0.0016319492726839
10587,Srek1,15.354597379140472,-2.280641962797032,0.5688622000920086,-4.009129034110821,6.094311043412632e-05,0.0001941403120719
10607,Plk2,23.613138990372796,-1.3771426832669107,0.3995432420589305,-3.4467925828758963,0.0005672839314716,0.0015450032564899
10617,Dhx29,1777.095443365916,-0.5491646817087704,0.0512014654265712,-10.72556570663656,7.721314055751686e-27,1.0767876014705884e-25
10627,Itga1,322.3826930234631,-0.9708981466579824,0.1077860969674285,-9.007638034721438,2.1054196044431741e-19,2.1200157115766587e-18
10638,Hmgcs1,15.578751579534533,-1.5653730016100047,0.5051256266380392,-3.0989775989562163,0.0019418970208266,0.004782061185644
10645,Gm3164,25.907543081883123,-1.9020676078034895,0.4350027181878474,-4.372541890605196,1.2280824325204986e-05,4.304999346786338e-05
10657,Flnb,82.05667058669326,-1.2526324115809375,0.2205213452853303,-5.680322736831525,1.3444082055342262e-08,6.47030594948576e-08
10671,Atxn7,81.84443867437159,-0.8928702233714346,0.2038340349320432,-4.380378496010792,1.1847333989910735e-05,4.159670561201042e-05
10676,Lrrc3b,10.897348915401658,-3.5171404929287537,0.8383297322157723,-4.195414235914872,2.723733371575385e-05,9.098415922927886e-05
10689,Rtraf,72.1384598252392,-1.9972953223848389,0.2541032984910213,-7.860170781905109,3.836100756873982e-15,3.016374221288653e-14
10698,Cfap70,52.27842068857655,-2.14701875706279,0.2995993881682932,-7.166298870599663,7.705246339267635e-13,5.207637078110821e-12
10699,Anxa7,31.51682877634657,-1.0944762188591366,0.3495481603343641,-3.1311170907385217,0.0017414271350525,0.0043313428386542
10701,Ppp3cb,75.88148887143711,-1.223973045356915,0.2290597225299491,-5.343466899541376,9.118548688319397e-08,4.039976276413394e-07
10702,1810062O18Rik,1500.8650225912825,-1.7203587408795975,0.0574494878014044,-29.945588841917232,5.022020447696171e-197,1.0041432053601333e-194
10722,Dlg5,60.47530583942351,-1.2731198335100171,0.2562338839509868,-4.968585004758948,6.74432340646709e-07,2.744795219824671e-06
10726,Zmiz1,910.0316564373584,-0.68776319769295,0.0651566234219755,-10.555537742322398,4.7888955849178887e-26,6.456202839351647e-25
10735,Slmap,28.48201978926382,-1.5574758088887464,0.3910276443771321,-3.983032481935258,6.804145163127866e-05,0.000215112057824
10738,Pde12,162.25986642645222,-0.534280355517463,0.144139900727904,-3.70667908621663,0.0002099947595183,0.0006162941893909
10739,Dnah12,827.0219018575741,-0.6478534054959024,0.0709244429365996,-9.134416551921705,6.576040517461154e-20,6.804080632179566e-19
10744,Ccdc66,101.4858691405147,-1.0780603032516614,0.195860398925783,-5.504228058169986,3.707893144985826e-08,1.710719893922739e-07
10750,Cacna1d,87.83576225567434,-1.896160882090523,0.2212877090455673,-8.568758248114301,1.0460687889918149e-17,9.546695361777108e-17
10761,Smim4,1360.6393520655092,-1.17677652713172,0.0556540994760933,-21.144471624003444,3.102443170640691e-99,1.998544562978413e-97
10764,Tnnc1,104.57403537878751,-2.568976432389951,0.2295966056570831,-11.189087160229528,4.611567013278942e-29,6.933563060199471e-28
10767,Capn7,108.25132513775164,-1.2857410587145006,0.1852236206690032,-6.94156098488181,3.877907540719332e-12,2.519167278350837e-11
10778,Gm17210,35.74762930478324,-1.3516726489911346,0.3219407904983384,-4.198513170384076,2.686732297899791e-05,8.986515415699582e-05
10800,Gm7324,244.03322233348163,-0.6195348339558646,0.1211157001957474,-5.115231410581544,3.133565466011316e-07,1.3181522927516457e-06
10814,Gm15222,108.14549825121186,-1.2824926230834766,0.1894218805280628,-6.770562194336758,1.2828292215706244e-11,7.986428910352338e-11
10824,Gm49189,170.14544948961313,-2.276951871563079,0.169096416522034,-13.46540582228354,2.4994119147940047e-41,5.609467323639724e-40
10825,Lgals3,139.3133585483583,-0.8511637992969364,0.1635419077418926,-5.204560782305853,1.9445597126971867e-07,8.348700874703257e-07
10829,Otx2,16.957457666765453,-2.1808758675454194,0.518987163873844,-4.202176892520504,2.643604237586313e-05,8.851877086098058e-05
10837,Ttc5,181.4712421363919,-1.188285636923756,0.1419474051421241,-8.371309329212401,5.6981513524104e-17,5.007348072015441e-16
10844,Rnase4,103.41095198745604,-0.7661549899940826,0.1812708135778462,-4.226576661030207,2.3727345960530404e-05,7.995321041985688e-05
10849,Zfp219,301.69089111951195,-0.5314617336890042,0.1096152342162396,-4.848429486001748,1.2444274950001362e-06,4.902560315512307e-06
10851,Rpgrip1,34.38077215931677,-2.778300344399953,0.4367063109059654,-6.361942282529084,1.9921830829338144e-10,1.1292949464230122e-09
10871,Bcl2l2,174.86386157382535,-0.7189816716354037,0.1422846942852376,-5.053120261790518,4.346500201606184e-07,1.8017963679033067e-06
10875,Zfhx2os,11.748889170964889,-1.7969655835236116,0.592085083381929,-3.034978644048131,0.0024055271951947,0.005793132597719
10903,Cenpj,16.73915172120449,-1.4027513830901572,0.4724440215889634,-2.969137758103713,0.0029863668309011,0.0070507749928774
10907,Pspc1,924.55739819287,-0.7146786548926645,0.0650006270919409,-10.994950154585093,4.041367497368102e-28,5.8809918704611805e-27
10910,Ift88,23.41044253740129,-1.8703850609608403,0.4293299967582036,-4.356520800046104,1.32146140784659e-05,4.617616848662301e-05
10942,Fdft1,349.8216310740315,-0.8019774343616777,0.1055928620847296,-7.594996655343582,3.078003854023905e-14,2.2717616172843747e-13
10963,Ptk2b,140.40516755904358,-1.950973661463441,0.1778060815228087,-10.97247993293847,5.1830973583988495e-28,7.506958318900159e-27
10973,Gnrh1,294.46137782796524,-1.0048410812495918,0.1136517503528322,-8.841404361393991,9.452289683289721e-19,9.118261401248655e-18
10975,Nefm,42.47793392282477,-2.038201173578428,0.3275616860962039,-6.222343027565848,4.897847207786845e-10,2.687357648292455e-09
10987,Gm49417,76.85768691749091,-0.912153096414412,0.2099879347034687,-4.3438357432416055,1.4001622184918936e-05,4.880438649739912e-05
10991,Bmp1,42.95913015639488,-1.18310115309762,0.3037578602223735,-3.894882431129522,9.824637129435986e-05,0.0003024597345426
11004,Lpar6,37.27015233940313,-2.282807649084887,0.3736844950412387,-6.108917226637844,1.0030933168769995e-09,5.34381477738349e-09
11008,Gm49171,15.351092036387884,-5.091820673227665,1.0892941083159613,-4.674422301888305,2.9478220803949185e-06,1.1142810888720883e-05
11015,Gtf2f2,59.16300947519972,-1.304873340295644,0.2564402441368635,-5.088410926637655,3.6107630509273845e-07,1.5073347337131035e-06
11016,Gpalpp1,125.58481544960956,-0.8936962518742088,0.1703001586070779,-5.247771107108442,1.539504026430234e-07,6.680440809165694e-07
11021,Lacc1,199.9715874218236,-0.5569262565965077,0.1308610788697775,-4.255858666354999,2.082482317699496e-05,7.077681625452857e-05
11028,Akap11,15.726662607226109,-1.5810968451568177,0.4971588085444082,-3.1802651747959283,0.0014714033933104,0.0037106841348742
11033,Kbtbd7,108.52317436760444,-0.5075529616679711,0.1731376091628677,-2.9315003488960287,0.0033732898733417,0.0078713505440995
11058,Pou4f1,180.54152698467303,-0.7848578501156874,0.1441202417210743,-5.44585438341601,5.155730309666464e-08,2.3456744635822962e-07
11078,Hs6st3,173.48163278833317,-0.642342880837131,0.1423883776307783,-4.5112030316320135,6.446098327649326e-06,2.329674409682841e-05
11102,Plcxd3,86.78310446929682,-0.6111618870689849,0.1931466010505818,-3.1642383751238365,0.0015548938688423,0.003905244046443
11109,Ptger4,593.2415575923168,-0.8918537564215469,0.0793668050106009,-11.237113000862548,2.6800399671529357e-29,4.049253712883867e-28
11112,Osmr,250.22752031265412,-0.6310761969309774,0.1186972351015158,-5.316688264821409,1.056728803812207e-07,4.651056793451327e-07
11114,Egflam,3794.2139637579007,-1.6796152840913503,0.0486346361777024,-34.53537264994294,2.3634327124058103e-261,7.91030653047823e-259
11116,Nup155,321.27922362252275,-0.5344667189746959,0.1061741569223356,-5.033868263871859,4.806800593410299e-07,1.982467236435707e-06
11125,Dnajc21,226.67867503881263,-0.7662569254609639,0.1318123768551451,-5.813239573875828,6.127526810276539e-09,3.0649578548088886e-08
11129,Gm10389,30.44524683042921,-2.192243779622635,0.3964537061616419,-5.529633713977224,3.2090012079181244e-08,1.488574347607937e-07
11140,Gm49127,307.53263553652715,-1.3611448516402609,0.1106854412089873,-12.297415421331308,9.351886392137235e-35,1.6879442308715695e-33
11153,Dap,396.19765078642894,-0.5931661859178218,0.0954908445673989,-6.211759761944045,5.239448861516634e-10,2.8635624661664927e-09
11154,Ankrd33b,170.07767676188806,-0.9101091854626884,0.1448670147583421,-6.282376888768462,3.334352970037418e-10,1.8552836402853667e-09
11157,Cmbl,27.502575925501397,-2.011943990576766,0.3984076663152269,-5.049963042088858,4.4189554965293334e-07,1.830353479272682e-06
11159,Atpsckmt,141.46058586828872,-1.1393347229003474,0.1653912633677081,-6.888723743329219,5.629513936413373e-12,3.6173621270876576e-11
11174,Vps13b,83.03885746166513,-0.6490649569055955,0.2117144239448154,-3.0657569040963306,0.0021711976344895,0.0052841857067026
11175,Cox6c,273.2069959996765,-0.732575649674676,0.1177727969529875,-6.220244985496141,4.963792236506585e-10,2.720631729200975e-09
11181,Snx31,584.1272119516997,-1.4878355221125463,0.092056837571734,-16.16214027505747,9.326652948322234e-59,3.234079927756061e-57
11193,Klf10,1165.1255558860446,-1.8625377148743605,0.0637539576889742,-29.21446420567036,1.2703969800900902e-187,2.328456179222265e-185
11195,Azin1,137.23041979708867,-0.5667770839452906,0.1600575330981147,-3.541083465267817,0.0003984874995867,0.0011158809646485
11196,Gm49077,129.76882353412202,-1.412224186707433,0.1711628585794302,-8.25076303602439,1.573863540425722e-16,1.3514335230560189e-15
11198,Gm26704,133.3257372111327,-0.712698685097815,0.1596939557977202,-4.462903317396495,8.085654209743097e-06,2.890335087374152e-05
11199,Fzd6,55.5546948309233,-2.743262018947865,0.3199015342651705,-8.57533248550768,9.880095732431569e-18,9.027534355876345e-17
11212,Emc2,4337.181105051903,-0.8833868824659767,0.0455200356387215,-19.406550765406823,6.793740261216003e-84,3.6572176594993565e-82
11215,Utp23,55.38326062790225,-1.8837143336382745,0.2742068501494766,-6.869683717279188,6.434440291780634e-12,4.108861166829309e-11
11217,Aard,69.62235476126517,-1.7238184764811004,0.2425071850438741,-7.10831918719946,1.1746465405880965e-12,7.859564597520355e-12
11231,Gm29394,129.8396441472442,-0.5895800837582662,0.1583997508162613,-3.722102343722499,0.0001975709076519,0.0005817176695754
11232,Atad2,200.1215911869117,-1.0711219291198226,0.1334546690009925,-8.026110567265775,1.006115503443842e-15,8.17422390027514e-15
11236,Trmt12,125.12783090707406,-2.275358442670311,0.1992208646592558,-11.42128585056614,3.2735434761968006e-30,5.085719007015736e-29
11245,Myc,65.89851196832576,-1.7506530232956885,0.2780255126489027,-6.296735168712575,3.0397996539853936e-10,1.6975246816379803e-09
11255,St3gal1,44.961081675093006,-0.8910552662838367,0.2890682310483536,-3.0825084550186563,0.0020526389925801,0.0050338371981145
11262,1700085D07Rik,88.79880957576273,-0.8186654261534432,0.1992948289746411,-4.107810676099442,3.994273022690193e-05,0.000130564389506
11268,Jrk,10.031899111694033,-2.7380661431302102,0.7638119683159105,-3.584738465367636,0.0003374161514943,0.0009551129009756
11288,Scrib,23.91642706823785,-2.441663856282389,0.4601157997005518,-5.306629022240596,1.1167112605658242e-07,4.902448408232516e-07
11292,Parp10,97.51234687296144,-1.0972974474798858,0.1942705670704352,-5.648294870535105,1.6204705653430452e-08,7.72886146964731e-08
11310,Gpt,29.64798053114202,-2.288369135078601,0.4217149608359526,-5.42634088803119,5.752105432559984e-08,2.606988967903842e-07
11329,Kctd17,819.8768647904234,-1.7221832397693304,0.0740015674324308,-23.27225354168095,8.469128359890597e-120,7.048145958317601e-118
11333,Cdc42ep1,302.6574978127838,-2.051016062977499,0.1243550527956609,-16.493226586841704,4.1043401462520654e-61,1.486833432745807e-59
11344,Polr2f,214.85827483440528,-1.2135502492096806,0.1309144193625986,-9.26979820189604,1.8649843390710842e-20,1.991213514863968e-19
11356,Gm16576,214.61213804585017,-0.8634089793479489,0.2585514617417275,-3.3394086172694952,0.000839569686887,0.0022217282398268
11357,Dnal4,109.7647290049776,-1.67039389834917,0.1910829279534394,-8.74172233092529,2.2958318594545778e-18,2.1698359305195017e-17
11358,Nptxr,70.49407947462883,-0.8501478152403615,0.218296267961118,-3.89446793195652,9.841450972336756e-05,0.0003029167916235
11361,AC113595.1,23.91025796671903,-2.0723796397282586,0.5112227017569249,-4.053770759017719,5.039860591784629e-05,0.0001624318477519
11365,Rpl3,94.17090364634144,-0.8439335389382394,0.1954270297895603,-4.3184074375330965,1.5715910720604725e-05,5.432468824751467e-05
11368,Atf4,303.4064802927187,-0.6892984579555455,0.1104313638895104,-6.2418721790415175,4.3236421887197036e-10,2.383343900376962e-09
11370,Fam83f,105.5196487223988,-0.6461109722225241,0.1779823988475978,-3.630195886817853,0.0002832062074079,0.000813326388594
11374,Dnajb7,510.0373139579922,-0.5143641079274762,0.0849334307907879,-6.056085373431842,1.3947399894931987e-09,7.363997557694543e-09
11384,Pmm1,338.2327591162959,-0.7023601681342321,0.1039754852001142,-6.755055451604279,1.42780637863297e-11,8.871068202353996e-11
11391,Srebf2,66.59873193817442,-0.7594818687681848,0.228152592787235,-3.3288329511838763,0.0008721069528582,0.002297563081144
11400,Gm20324,139.04316821868335,-1.3748869180829326,0.1720725280710769,-7.990159344407472,1.347644531383501e-15,1.0885800212581524e-14
11422,Gm29666,63.20443852920653,-0.6599377455526372,0.2294256248385718,-2.8764779261993154,0.0040214032093288,0.0092353108309705
11424,Fam118a,349.87890701282595,-0.748378344230235,0.1001168426294098,-7.475049398035999,7.717485857081066e-14,5.544489605955208e-13
11456,Slc2a13,5621.09715088558,-0.771895010030439,0.0465485610290816,-16.582575120811786,9.315028106935975e-62,3.4309610702006296e-60
11477,Scaf11,128.3075406759218,-1.087879524804972,0.1808887854915995,-6.014079434766801,1.8091178893057063e-09,9.47387041624172e-09
11484,Col2a1,63.97029706627652,-1.055555239933441,0.2345002771885457,-4.501296342113664,6.7540261061105536e-06,2.4352455721236084e-05
11487,Ccdc184,65.82643029870738,-9.091366790136574,1.9500487459855969,-4.66212283608408,3.129642901662592e-06,1.1789572330314963e-05
11492,Ddx23,347.9803290427738,-1.0589968219811807,0.1057720551097221,-10.012066238881667,1.3490505567286994e-23,1.649720601381657e-22
11493,Arf3,1112.1066988638456,-1.0449500884282954,0.061534834553062,-16.981439797765702,1.1268730804389632e-64,4.483033061095163e-63
11496,Prkag1,505.081580888788,-0.5387743740442665,0.0852095936160073,-6.322930918697088,2.5664805777460284e-10,1.4384250081899471e-09
11503,Tuba1c,21.44783412173314,-1.7884803580007906,0.4433536695222699,-4.03398117788885,5.483971262827812e-05,0.0001756735988092
11504,Prph,1224.3563479688137,-0.9389684043318284,0.0584211700220836,-16.072399850548894,3.983606991067431e-58,1.3659602056675762e-56
11515,Bcdin3d,137.19566322829488,-1.7999904624129597,0.1787093783348828,-10.072165653444133,7.334500478858957e-24,9.084631486123288e-23
11519,Cox14,36.16811340660714,-2.630913149231388,0.3833124933901279,-6.863624835086438,6.713480310019703e-12,4.2764064068292655e-11
11549,Atg101,62.34144302295115,-0.713033042287907,0.2412061807231454,-2.9561143091367166,0.0031154160505008,0.0073217746166251
11566,Amhr2,169.57427020291735,-0.5090451217701186,0.1434713025149395,-3.548062315229292,0.0003880763943504,0.0010889054433057
11568,Pcbp2,1227.3650389938016,-0.6882115377260392,0.057371208455377,-11.99576505803125,3.7394585048569345e-33,6.411214158215744e-32
11576,Copz1,343.2886711201049,-0.6935429375182103,0.1024267947242961,-6.771108472007068,1.2779940732997209e-11,7.959545611861854e-11
11579,Gtsf2,1128.4014041851838,-0.9933900312130216,0.0600487182407378,-16.54306803403329,1.7963574302663645e-61,6.569291923130868e-60
11580,Nckap1l,276.4805846457393,-0.5559753877518657,0.114045062073368,-4.875050069192763,1.0878086091859584e-06,4.322039057297295e-06
11593,Srl,133.5270349344041,-0.626786331632638,0.1612214298581185,-3.887735843704125,0.000101183655985,0.0003108807758024
11598,Nmral1,52.07761468963929,-1.8002019697942098,0.562435114089717,-3.200728270153933,0.0013708073987266,0.0034797940166193
11599,Hmox2,854.3122437968751,-0.9751856644553432,0.0693227133283416,-14.067332590351045,6.030129241792926e-45,1.5294871467321892e-43
11630,Zc3h7a,139.25396992460622,-0.6109419048857612,0.1558590226850823,-3.919836621330464,8.860901725772856e-05,0.0002746576262734
11634,Cpped1,92.02802676437484,-1.5705549141269235,0.2041574353445273,-7.692861695076267,1.4388001940727127e-14,1.0837459778837321e-13
11637,Ercc4,336.93137709762266,-0.7915721186476857,0.1033070362987788,-7.662325307236045,1.825964131570398e-14,1.366676896920654e-13
11639,Gm15738,449.5509754712775,-0.6021010633642553,0.0979607882750541,-6.146347676109718,7.928739131207002e-10,4.262250965923988e-09
11650,Myh11,538.659135198673,-1.4368506535554506,0.093777506302886,-15.32191151377663,5.45882308088141e-53,1.6675404792311545e-51
11661,Yars2,37.83665784008694,-1.2193404916787876,0.3236478446035099,-3.7674914633606185,0.00016489617761,0.0004914327430283
11669,Ypel1,182.2485679010501,-0.5861140622236088,0.1384517510738841,-4.233345246105497,2.3024063444662696e-05,7.780475873442205e-05
11676,Hic2,59.4047008555013,-0.9414978482541914,0.238669717934638,-3.9447729540285854,7.98756236450077e-05,0.000249445253882
11677,Tmem191c,40.91345523375262,-0.9451613950255664,0.293387896388534,-3.221541879062004,0.0012750282695112,0.0032570657437192
11694,Gnb1l,71.31087775507861,-1.0776756309819646,0.2328703025688923,-4.627793321405357,3.6958257031340713e-06,1.3810905952779648e-05
11695,Cldn5,242.3267393431281,-1.5924055144281912,0.1306093771581789,-12.19212241169831,3.423863415456849e-34,6.045160681694227e-33
11700,Hira,794.3310135190787,-0.5498929470529763,0.0676209195063132,-8.131994522813862,4.222839052453222e-16,3.525750002796627e-15
11701,2010309G21Rik,317.2110684953,-0.6652265254736731,0.1034840787666382,-6.428298279330408,1.2904034523806448e-10,7.418615217644663e-10
11702,Gm43388,24.471304550375223,-1.5151799656318137,0.4047030677650819,-3.743930022569857,0.0001811641282949,0.000536694808395
11708,Abcf3,986.5272967766105,-1.18777107211396,0.0639117379173491,-18.584552866485804,4.2855666721406396e-77,2.0879931798821926e-75
11723,Liph,63.61684928461511,-1.0885171593690628,0.2463037569246446,-4.419409484290119,9.897096297037773e-06,3.500452029138745e-05
11731,Kng2,768.053219824564,-1.4790610715149302,0.0737515415917147,-20.054646175437878,1.838469314905793e-89,1.0681159838599844e-87
11755,Ncbp2,63.75054245870297,-1.4789747725012037,0.249960590731113,-5.916831802066601,3.282020130770608e-09,1.681530180810126e-08
11785,Slc49a4,124.00519342131048,-2.973727538513495,0.2248241703372009,-13.226903201970549,6.136404048277444e-40,1.3250501644779734e-38
11803,Fstl1,40.63280307572639,-2.3780421104594587,0.353509960184112,-6.726945145254032,1.732620196895854e-11,1.0653123223405976e-10
11810,D930030I03Rik,31.09121066653587,-1.255334575900211,0.3436636737581278,-3.652799733450215,0.0002593965358819,0.0007492812507388
11816,B4galt4,5231.479996933684,-0.5760290589317582,0.0332993191038844,-17.298523646525947,4.825981829673485e-67,1.986652840899812e-65
11817,Igsf11,257.4968757000849,-0.6404777280152757,0.1197515789539361,-5.348386498199269,8.874180019826753e-08,3.936239573185038e-07
11820,Zbtb20,783.948189759111,-0.5627883665673787,0.0683434768461269,-8.234704942426008,1.8000072002316168e-16,1.5396061585981097e-15
11825,Gramd1c,33.335634734382545,-2.2804187707344044,0.3796013048829286,-6.007404983599041,1.8851621626959246e-09,9.851988003009658e-09
11827,Naa50,44.104310979642186,-0.8498991143078384,0.2817296994961221,-3.016718208367438,0.0025552723107539,0.0061154939369451
11845,Dppa2,23.194133525343688,-3.2656204809322,0.5511812871797453,-5.92476660018984,3.127412553653524e-09,1.6060588284206025e-08
11858,Trmt10c,14.20870624181781,-1.6160364513690686,0.5485824092319985,-2.9458408147491983,0.0032207810762474,0.0075452138542157
11861,Tmem45a,1015.9326034147964,-1.5201475602392585,0.0665142182432334,-22.85447533458615,1.3190615614384618e-115,1.030876741112008e-113
11867,4921517D16Rik,30.01899926959061,-1.2296027026060805,0.3497049435477771,-3.5161147284098675,0.0004379117090331,0.0012207294355014
11877,4930547E14Rik,349.6520172189475,-0.5678191095743818,0.1020227669022946,-5.56561174348635,2.6123431337810557e-08,1.2217386053369726e-07
11886,Vgll3,111.31443555244437,-0.5790738705140727,0.1758357489891263,-3.2932658679656925,0.0009903078227357,0.0025863917283866
11914,Sod1,14.870673968869914,-2.371936197788252,0.6084940541642233,-3.898043344147619,9.6973062033302e-05,0.0002988983509639
11915,Scaf4,64.84751638430447,-9.069642964621805,1.9503853157256712,-4.650180090823388,3.3164530546031024e-06,1.2456723890868347e-05
11932,Tmem50b,46.49002996369944,-1.1507460564205192,0.277998011474742,-4.139403912696952,3.482094065338102e-05,0.0001146433707003
11939,Atp5o,31.41635876226556,-4.287230261047386,0.6039991984944103,-7.098072765219178,1.2650857701974273e-12,8.450004563106113e-12
11942,Rcan1,29.655119336340743,-1.4682860095414685,0.360009567421277,-4.078463858776578,4.533424788890907e-05,0.0001470330904777
11944,Clic6,19.603249220772977,-2.4336742811875083,0.5128527273962751,-4.745366751860984,2.081288859005782e-06,7.992896800512102e-06
11946,Setd4,277.49468547942814,-0.5362522549222485,0.1101945888781625,-4.866411866331838,1.1364256612195849e-06,4.504739824957963e-06
11948,Cbr1,207.7251913213265,-0.6363423311961358,0.1327621083372983,-4.793102031638654,1.6422204945342562e-06,6.378311486843948e-06
11951,Chaf1b,169.57184446608449,-0.6241541880943032,0.152050779959443,-4.104906191607735,4.044789815570443e-05,0.0001321315170815
11972,Tiam2,585.7349031124876,-0.6226064156803386,0.0803449613061816,-7.7491656671248625,9.249827728205907e-15,7.085091925545183e-14
11977,Ldhal6b,192.68777922268,-1.2017333221518116,0.1375625953820217,-8.735901782126948,2.417199365282111e-18,2.2775521069696068e-17
11978,Snx9,172.34854619354294,-0.5630455148648744,0.1401416596281579,-4.017688361610816,5.877185187956319e-05,0.0001875339754482
11990,Tagap1,536.5792331365577,-1.2231670703053967,0.0856444356505075,-14.28192107303761,2.83672370473731e-46,7.465674898826604e-45
12006,Qk,225.511353181857,-1.0490964463262895,0.1274639473952555,-8.230534733661793,1.8637955086784064e-16,1.592397094984059e-15
12007,Gm16168,138.11503780483383,-1.0175635984710156,0.1643892050583664,-6.189966051053834,6.017717417620868e-10,3.265730608448745e-09
12015,Acat3,278.24347723247746,-0.5734974665812524,0.1149939250471664,-4.987197944117693,6.126129134784291e-07,2.500474129351509e-06
12026,Gm3448,267.9884832341382,-1.2830860375935431,0.1241639499165691,-10.333804928529592,4.955502651614549e-25,6.400580438276644e-24
12051,Zfp948,393.0707500928149,-0.7262052131178145,0.0949122901198932,-7.651329582296153,1.9891179679163063e-14,1.484462444694108e-13
12053,Zfp760,35.623571331053526,-1.3913608566986118,0.3346579526196263,-4.157561013588219,3.216633814982026e-05,0.0001063187939361
12054,Zfp229,89.91016045633853,-0.8150287808045881,0.1941315686869024,-4.1983320194515885,2.6888820086068824e-05,8.991752259885223e-05
12077,Flywch2,498.5355734443722,-1.0110334709676214,0.0870100235448383,-11.619735632488498,3.271469966360077e-31,5.2851575658006044e-30
12078,Srrm2,37.16634391093536,-1.2233508736557832,0.3114839300459255,-3.9274927392736143,8.583601139336449e-05,0.0002664914763888
12080,Prss27,136.3962409060208,-1.3129592147867368,0.1650277872483481,-7.955988725770658,1.7770658388891106e-15,1.425535938869e-14
12083,Amdhd2,34.04146113746945,-2.933095131136673,0.4305989143418498,-6.81166401828897,9.647621702389772e-12,6.067597374591215e-11
12091,Mlst8,556.2593791828801,-1.0410363466409014,0.0842639211883893,-12.35447308835119,4.607651995069697e-35,8.395196463442966e-34
12099,Npw,149.96313916783924,-0.5175299934973197,0.1489825640725422,-3.473762159478778,0.0005132157344834,0.0014099695660433
12104,Snhg9,12.997384600035454,-2.4866342911522974,0.6228732148954269,-3.992199747375193,6.546319357458259e-05,0.0002074663088254
12119,Cramp1l,112.73053841178624,-2.1102320886466903,0.2107132229372619,-10.014711270753963,1.3134485978456445e-23,1.6074606210199952e-22
12120,Ift140,151.3677888922866,-0.7494276339924483,0.1534132150475501,-4.885026584966389,1.034148993108551e-06,4.118406078090857e-06
12129,Cacna1h,365.2310909835622,-0.869009407847655,0.0989306307630103,-8.784027769209105,1.57722728460353e-18,1.5026603510987588e-17
12138,Stub1,139.40624892789234,-1.0360820651376252,0.1614057890384404,-6.4191134116687225,1.3707026813767426e-10,7.853866201144893e-10
12150,Decr2,12614.322500323457,-0.7216961892869956,0.0276776966351316,-26.075009015415606,7.004005857377169e-150,8.83882575247368e-148
12156,Luc7l,28.543100427134743,-2.9450359697390627,0.4813563337911559,-6.118203424361324,9.463621105543166e-10,5.050326188594197e-09
12160,Gm17218,585.8000233056972,-0.6195572670010693,0.0789017575341455,-7.852261931338472,4.086000053857178e-15,3.2095947361829136e-14
12166,Gm41555,225.76588715874323,-0.7545787953105101,0.1289502289523259,-5.851705742914845,4.8655690352277755e-09,2.4657768553774465e-08
12181,AI413582,63.25244618067808,-1.3877091923161662,0.2482828298852132,-5.5892273861939445,2.280821285323828e-08,1.07026895790447e-07
12182,Nudt3,10.429483028087892,-1.9165019696700665,0.6346523822263127,-3.0197664474954333,0.0025296967361281,0.0060589936137879
12185,Ilrun,494.8664663658304,-1.256557325885678,0.0940993318960068,-13.353520163930092,1.1298111289684243e-40,2.474334586287036e-39
12208,Trp53cor1,680.3897955529652,-0.6533827912950776,0.075056222170212,-8.70524484716724,3.168898989204464e-18,2.971683760539649e-17
12210,Cpne5,145.2347635991372,-1.1950949396397004,0.164086629483308,-7.28331701006311,3.257106285078007e-13,2.2578301830284106e-12
12224,Mdga1,291.2672729524669,-1.560931633862888,0.1190754085047517,-13.108765726389247,2.933333959392432e-39,6.136088266142103e-38
12231,Ubash3a,149.04546775378552,-1.0491055547270742,0.1575854602314634,-6.657375326290481,2.7876068654799188e-11,1.6930175661115912e-10
12232,Gm50218,133.0050901121595,-0.9984566832145628,0.165337574931307,-6.0388975925732105,1.551706802417164e-09,8.145270347771791e-09
12236,Gm50103,7853.676511255147,-0.8218285201310979,0.0302798606624706,-27.141093193658133,3.2256096301792927e-162,4.4740077356973336e-160
12238,Gm50105,9210.743168252073,-0.9496398078998598,0.0299008167040914,-31.75966119246229,2.335646548347572e-221,6.094849874298172e-219
12242,U2af1,414.0758996213444,-0.5230348582788882,0.0911479340387781,-5.738307332960147,9.562746771480644e-09,4.67836190955564e-08
12243,Sik1,56.55534771257302,-1.5153254054921592,0.262965812490585,-5.76244261997522,8.290523290974298e-09,4.0792872031908054e-08
12246,Gm17276,13.49560006939135,-2.548378098584389,0.6335829050467763,-4.022169913811433,5.766443414884668e-05,0.0001842294310345
12247,Ephx3,32.56594464929858,-1.8685743937746777,0.3779420792327497,-4.944076080567746,7.650582368949094e-07,3.091327783060482e-06
12259,Zfp870,207.6562151260465,-0.7696507903355208,0.1376372354246654,-5.591879173981103,2.2462511794605863e-08,1.0553336331698257e-07
12264,Zfp955b,597.4386548756316,-0.7075656673732454,0.0813136459714075,-8.701684187449272,3.269945240777877e-18,3.060430208329252e-17
12289,Vps52,28.12935976228233,-1.5942513029670338,0.3801055165020134,-4.194233531884532,2.737957963100612e-05,9.139982827384436e-05
12298,Psmb9,87.69449183699571,-1.2108405857910194,0.2044128449963729,-5.923505373708313,3.1515042635525282e-09,1.617351988055157e-08
12300,Psmb8,192.3642085425998,-0.5431418860756001,0.1380513395563123,-3.934347090156612,8.342315771594018e-05,0.0002594188923842
12301,Tap2,73.69019193984492,-0.652766873921385,0.2118011185963506,-3.0819802947567267,0.0020562844918023,0.0050410983950876
12303,BC051142,2166.7586139528416,-0.7360330614837269,0.0463485865687013,-15.88037771966841,8.665500542300053e-57,2.8753027230442152e-55
12341,H2-Q10,840.0082297643659,-0.9978281471821024,0.0699749873700117,-14.259783169460476,3.896633221273139e-46,1.0151026239377538e-44
12358,Mrps18b,2147.005502986736,-0.8204452335627824,0.0575367096426875,-14.259509079644683,3.91196718666631e-46,1.0173757906404478e-44
12361,Prr3,7143.679538769256,-1.1691975996649235,0.0360392012344659,-32.44238383804038,6.936636518373213e-231,1.907079568515607e-228
12362,Gnl1,117.02491926852828,-0.5287333826797136,0.1715853786723547,-3.081459427200607,0.0020598854713001,0.0050459819755189
12363,Gm20508,306.4976757408658,-1.269218224179939,0.1159720686956205,-10.944171630766716,7.086250490841411e-28,1.022492151424502e-26
12404,Clic5,337.5869562927271,-1.276421724610879,0.105259029141216,-12.12648202272914,7.646427935664138e-34,1.3347438151642301e-32
12410,Aars2,626.3208667220701,-0.7135098096960544,0.0757477769414908,-9.41954785349257,4.5303464064890886e-21,4.946752714489789e-20
12420,Gtpbp2,43.98656784926061,-1.7538263476496607,0.3021420219808591,-5.804642254498338,6.450357661804811e-09,3.21339439632619e-08
12432,Cul9,130.07000213825486,-0.5835838588367284,0.1692776290932607,-3.4474954662509627,0.000565809903323,0.0015415341128228
12437,Cul7,70.04518819681512,-2.811428055666525,0.3146620653619624,-8.934753709292792,4.080862088198877e-19,4.032667054551343e-18
12449,Guca1a,37.37006634460272,-1.7553903148130334,0.3357364590819091,-5.228476882174936,1.709121996364454e-07,7.381105822167499e-07
12452,Taf8,304.1912010872491,-1.4859385499240725,0.1153931975957572,-12.877176305743582,6.050909922636083e-38,1.2036151055414099e-36
12467,Mocs1,405.0781465281666,-0.7786692182180663,0.0935387868232261,-8.324559732527119,8.464274053345701e-17,7.391716581129349e-16
12473,Rab5a,71.58354487908167,-1.0217107747393404,0.2199096312089597,-4.646048329590909,3.383537672138898e-06,1.2699401755302406e-05
12478,St6gal2,59.7612518856479,-0.8608674015743658,0.2410253512736517,-3.5716881938986047,0.0003546875402791,0.0010014247882152
12488,Ubxn6,104.42341942055914,-0.5722018343317752,0.1981629536927265,-2.887531819994149,0.0038827733050528,0.0089463001802745
12492,Tnfaip8l1,59.10747420068002,-0.7217440295143067,0.2395677139176472,-3.0126932286143133,0.0025894052876783,0.0061875653902057
12493,Mydgf,158.16186713029356,-1.193219897000669,0.1653503105108269,-7.216314824655494,5.341531526389217e-13,3.655031972457261e-12
12496,Uhrf1,10.237413931424484,-2.066482383192401,0.6648369295536937,-3.108254507732648,0.0018819592445004,0.0046493332041605
12500,Safb,372.2272116256863,-1.087132950535349,0.1013267961358256,-10.728977841933132,7.44147352200162e-27,1.0396454296255622e-25
12502,Rpl36,851.7830577161754,-0.7859377166435899,0.0667018503375957,-11.78284729232774,4.784895358417603e-32,7.921317090128754e-31
12509,Dus3l,290.1704705348905,-1.554747699723388,0.1171692127961642,-13.269251048294876,3.490518439932531e-40,7.579692792835155e-39
12515,Gtf2f1,330.1811714734212,-0.5290781615048152,0.1022062366317025,-5.176574140101984,2.2599726835444194e-07,9.64104722522856e-07
12517,Khsrp,1552.277483150231,-0.7418715156250794,0.055508483036,-13.365011527047816,9.682001003831456e-41,2.129486963642701e-39
12520,Dennd1c,99.58223698903616,-1.5672137320161497,0.2014045038278581,-7.78142346486779,7.171301041066138e-15,5.5370787777459516e-14
12521,Tubb4a,189.4218792224452,-0.7650050852975883,0.1364116676507211,-5.608061967663689,2.0460477482784023e-08,9.656943940065693e-08
12522,Gm11110,194.6004325446152,-3.505757551447667,0.2034053000342803,-17.235330401208007,1.4422694864458328e-66,5.905633248223415e-65
12525,Cntnap5c,420.3625610462407,-0.642928490576678,0.0980637173193715,-6.556232092271232,5.518432250724953e-11,3.27405714574803e-10
12526,Pdzph1,154.57289213140152,-0.558028936851103,0.1559490919938117,-3.578276280526508,0.0003458677402787,0.0009781373492527
12528,Efna5,201.29482324598064,-0.506196179608432,0.1371315443580444,-3.6913183030067542,0.0002230947388784,0.0006522534371006
12543,Ptprm,159.33519427517024,-0.5738355731620286,0.147965463401303,-3.878172378683437,0.0001052441366956,0.0003227123538273
12548,A930029G22Rik,697.9872533903635,-0.8916639619296538,0.079154804030942,-11.264811692049646,1.957700018138921e-29,2.963692180852195e-28
12551,Gm41609,21.91626107126923,-1.4392481937257315,0.4128979024200598,-3.485724159144598,0.0004908068197586,0.001354690175153
12556,Myom1,711.4715996046856,-0.5476153475424178,0.0741641658218714,-7.383826696813236,1.5380361945834886e-13,1.0847276798812362e-12
12561,Spdya,46.056005987762205,-1.7986607505402654,0.3501676920981956,-5.136569681122601,2.797986349348923e-07,1.1834559844663742e-06
12567,Galnt14,76.89833075875633,-0.6302448704241624,0.2153809497683712,-2.926186698971992,0.0034314493953651,0.0079949447474337
12570,Dpy30,125.70638505588948,-0.5117159633729683,0.16118099937615,-3.174790858435929,0.0014994453134676,0.0037764534673887
12574,Yipf4,607.2881211911985,-0.5400620036854458,0.0800095647788827,-6.749968021673159,1.4787774459571188e-11,9.161874268795092e-11
12581,Crim1,376.69207743610986,-0.5558796086314535,0.0995953203703083,-5.581382805583847,2.3861381149044556e-08,1.1176447343191053e-07
12590,Rmdn2,115.15228075567364,-0.5365363127090205,0.1742926866482518,-3.078363889081757,0.0020814058678387,0.005087367001309
12591,Cyp1b1,249.2919655284684,-0.6055810648798126,0.1164618942983343,-5.1998215255586295,1.994799767209745e-07,8.547714226540838e-07
12604,Slc8a1,113.43405546251904,-5.069868693095652,0.4006890491025536,-12.652875601294642,1.0785368725477937e-36,2.0782420137353977e-35
12615,Lrpprc,18.63866104244696,-2.6102724700618896,0.535061044523196,-4.878457321422002,1.0691879235807463e-06,4.255743865421193e-06
12621,Prkce,1610.7027502674762,-0.8578173195594524,0.0507053398381913,-16.91769194914937,3.332358354406365e-64,1.2923171089279696e-62
12630,Stpg4,433.1620276776624,-1.3348787202092187,0.1000400401531503,-13.343444466492272,1.2934231662011303e-40,2.8286282765387218e-39
12634,Kcnk12,159.68151955048617,-3.7663706886899297,0.2369848409645733,-15.89287598886108,7.099424655642168e-57,2.365860216412701e-55
12650,Arhgap12,19.21451966223962,-1.5793649021888427,0.4521369808247871,-3.4931115329424487,0.000477427058834,0.0013203641095398
12658,Wac,8850.678668076964,-0.7427111750617833,0.0317406746880239,-23.399350592317877,4.339132480317993e-121,3.670619981701968e-119
12670,Rmc1,30.28858356914996,-1.1019467464169397,0.3417247103672434,-3.2246621709992933,0.001261214015338,0.0032276680485611
12677,Gm49970,1135.5027207237326,-1.2456027583360132,0.0610190169784303,-20.41335341040192,1.2724747910876632e-92,7.713000741569157e-91
12680,Psma8,274.920695959921,-0.6079216243366609,0.1104532931728274,-5.503879575463985,3.71523373084095e-08,1.7135931252255026e-07
12683,4933424G05Rik,453.3119143308392,-1.1829644209189925,0.0938566017870028,-12.603955378691406,2.008156169250281e-36,3.8406922213387984e-35
12691,Rnf125,100.69522554324637,-1.6742975854451434,0.3930961038745007,-4.259257644486034,2.0510694857540777e-05,6.97708038061639e-05
12692,Rnf138,40.31929745527088,-1.0482256164445432,0.3035156764298746,-3.453612771420488,0.0005531309837788,0.0015091271710541
12697,Dtna,70.54096753310473,-1.1551839526590706,0.2247873417019481,-5.139008023818181,2.761926067675506e-07,1.1698105567519145e-06
12702,Ino80c,198.7377713925208,-0.7372929140840297,0.1439814755441113,-5.120748424738477,3.0432541605720545e-07,1.2822643967205078e-06
12714,Slc25a46,2415.531387125901,-0.5934796173545241,0.0459595559648651,-12.91308423014842,3.797789598612186e-38,7.583757284076941e-37
12719,Iws1,23.87781156137878,-1.8261509013565345,0.4287724568360314,-4.259021008093532,2.0532417492881204e-05,6.982926876969274e-05
12726,Camk4,173.85671131886178,-0.864373277562185,0.1462381987431893,-5.910721582943736,3.406123219795255e-09,1.7427940542362164e-08
12728,Nrep,219.677297965932,-0.7039834630743032,0.1244668082476442,-5.655993537438742,1.5494729742705597e-08,7.406298016724476e-08
12735,Fam13b,353.1828702143372,-1.165755227148364,0.1036424987615895,-11.247849492995815,2.3730746834135041e-29,3.588984069335393e-28
12742,2010110K18Rik,108.74568882195764,-1.2249971591553208,0.1876864006134771,-6.526829621918584,6.717638609317695e-11,3.9580851140090014e-10
12750,Ctnna1,23.18442618067886,-1.7725630111947723,0.4248190082859581,-4.172513415411036,3.0125785553177507e-05,9.987437432745927e-05
12752,Sil1,2000.174346057372,-1.1494970191482268,0.048785620075176,-23.562209876125632,9.410919133133952e-123,8.232415396234681e-121
12753,Gm50145,215.7948601384996,-1.271488247311959,0.1406639425113076,-9.039191029426377,1.5783551930755662e-19,1.6061042004356524e-18
12765,Nrg2,55.25164529462174,-1.298528100830511,0.2600020855781662,-4.994298787807707,5.90499189442958e-07,2.4134126680817046e-06
12775,Hars,348.2008080575794,-1.1057450098385804,0.1044072146750806,-10.590695415826412,3.2913750673346154e-26,4.464670531866408e-25
12777,Zmat2,625.9761154915351,-0.8331561223351651,0.0767284602154344,-10.85850178663653,1.8170580873456383e-27,2.5807588849421998e-26
12780,3222401L13Rik,427.7285091402237,-0.7729801838705839,0.0988807190467841,-7.817299381741533,5.396864353778681e-15,4.2070948653557765e-14
12781,Pcdhga1,93.06275633592604,-0.7322166789862613,0.193550543369816,-3.783077361799077,0.0001549012430308,0.0004635295505738
12790,Pcdhgb5,507.9278828765655,-1.1572391313166677,0.0857154691990422,-13.500936786910785,1.5440030115327984e-41,3.4906711256327403e-40
12792,Gm26672,900.1711990189106,-0.7063552951213071,0.0638281770577403,-11.06651212179103,1.823608581036491e-28,2.6739312108226488e-27
12796,Pcdhgc3,368.9390317684481,-0.5702742019646442,0.0975217936975609,-5.847659075398104,4.985390005315351e-09,2.5231776634396826e-08
12798,Pcdhgc5,292.1337773496232,-0.6233958544991559,0.1107571234820284,-5.628494447134219,1.817893536387761e-08,8.627709274422312e-08
12803,Dele1,52.90064161887415,-2.8212916838281807,0.3304824129457561,-8.536889024382836,1.3788386782938697e-17,1.250212031272816e-16
12806,Ndfip1,274.3428867627066,-1.0468680380520552,0.118168791744614,-8.8590906498777,8.066975472722875e-19,7.830968119674741e-18
12809,Yipf5,526.0533601968234,-0.8225437969967901,0.084242740136209,-9.763972487918227,1.6073301041255594e-22,1.8676569270277067e-21
12813,Lars,108.69521445006978,-1.4241760711211984,0.1888049048850223,-7.543109497014856,4.5889552694746555e-14,3.3484149444943974e-13
12815,Rbm27,255.16241878242,-0.6758387992824153,0.1179376059627485,-5.730477516186686,1.001483022547964e-08,4.8824675792110366e-08
12823,Mcc,108.42862795308672,-0.5406076130912727,0.1749739249352658,-3.0896467190255823,0.0020039470192727,0.0049238379043606
12830,Gm4107,27.111425802653116,-2.210143002272779,0.4168018669172005,-5.302622607282691,1.1415074935956725e-07,5.0027467610017e-07
12859,Gm4221,30.264398185150142,-1.0535550563899987,0.3486351789756051,-3.021941329861375,0.002511592227588,0.0060223498313896
12864,Gm15345,45.969246980402886,-1.8352171909203807,0.3011568739251585,-6.093891090715919,1.1019864691209339e-09,5.858488839290711e-09
12871,Adamts19,165.06275730816722,-0.5285754669231995,0.1456270536184414,-3.629651591442098,0.0002838040233816,0.0008147392772672
12873,Rps14,275.76488275660887,-0.81523471960302,0.1115925706189849,-7.305456941094307,2.763260625161593e-13,1.922420270446809e-12
12881,Csnk1a1,543.4286874519322,-0.6260339151771933,0.0825586432511238,-7.582899748884517,3.379159530969166e-14,2.4892602937225494e-13
12893,Spink13,141.51521058753346,-1.203403563073471,0.1618505875306219,-7.435274603781021,1.0435095653685589e-13,7.437904290932563e-13
12899,Fech,63.31638474082544,-1.0082210704676349,0.2484037031195536,-4.058800484074871,4.93254336315504e-05,0.0001592063681742
12904,Alpk2,85.37510515284585,-1.1513103391947888,0.2241225795067966,-5.136967197719919,2.7920766741392534e-07,1.181280914400878e-06
12906,Gm41760,28.845418661097018,-2.163376981348669,0.4326670235774053,-5.0000967567652745,5.730155129977681e-07,2.345691794233884e-06
12915,Mppe1,107.35182099241216,-1.0350636964110949,0.1812577827174091,-5.710451054257989,1.1267714036670353e-08,5.4569904154947076e-08
12918,Tubb6,19.35555854071953,-2.073631738467224,0.4855294432042816,-4.270867127608498,1.947143980531532e-05,6.647057366798993e-05
12923,Psmg2,159.4036134762852,-2.8835285518238973,0.1926824185723574,-14.96518765535972,1.2397372595284592e-50,3.521585765258332e-49
12924,Gm26910,978.0785756084148,-0.6005817939957945,0.0710802369530906,-8.449349914128007,2.929293008108312e-17,2.605395444993389e-16
12928,Ccdc68,607.1400808394367,-1.5438813995665617,0.0819016421930959,-18.850432765763337,2.914483765146567e-79,1.4474642596192435e-77
12929,Rab27b,291.00636748289537,-0.9638831805042436,0.113024915226213,-8.52805930953441,1.4882323982768332e-17,1.347020929092894e-16
12943,Dym,727.0105422177661,-1.3364262761023085,0.0751900546409436,-17.77397665800575,1.1243059212071451e-70,4.974084472099196e-69
12965,Sall3,43.437715391315045,-1.1082796841834606,0.313320187299669,-3.537211227068072,0.0004043761205839,0.0011309309268864
12970,Zadh2,40.79759923259914,-1.8268798864907505,0.3224096677825376,-5.666330972813645,1.4588760373157358e-08,6.999331714089458e-08
12972,Cndp2,36.15418056547,-1.0820111944136883,0.3107016151245307,-3.482476890182926,0.0004967980987534,0.0013703127542372
12974,Timm21,64.40115893857113,-0.7671590889884126,0.2269858548438375,-3.379766063027167,0.0007254755091192,0.001940820319444
12979,Tmx3,350.55769981614816,-0.5475965636388995,0.0987374092273062,-5.545988778966865,2.9229757125272076e-08,1.3628750475490277e-07
12981,Tesmin,1607.050453171505,-0.8511039242851001,0.0520106437644863,-16.364033641634087,3.4546795755115965e-60,1.2255356392759573e-58
12983,Ppp6r3,2136.1164634395177,-0.7921695451793901,0.0460553480444544,-17.20038125463207,2.6379012613783885e-66,1.0715864860206246e-64
12990,Chka,96.41192190570504,-1.7152855278657826,0.2079319348022302,-8.24926449848715,1.5937234377278342e-16,1.3677238599363286e-15
13003,Pold4,29.912972910083607,-3.252982482847712,0.4947723296605334,-6.57470575421953,4.8749475392970226e-11,2.9102245953864657e-10
13008,Rhod,564.3013954273059,-0.5022966039273812,0.0786981757452657,-6.382569852104832,1.7414054932667278e-10,9.91519192837816e-10
13010,Pcx,17.79959789289306,-7.204041862785664,1.973029743685318,-3.6512586218439935,0.0002609582914744,0.0007532271945144
13011,Lrfn4,181.56292552499008,-0.7632069979679837,0.1438188274831482,-5.306725213410682,1.1161223756009416e-07,4.901260722975499e-07
13013,Gm960,57.401810755209546,-1.661875099676417,0.2652283382992927,-6.2658278158840615,3.7084993976813084e-10,2.0575155577189707e-09
13016,Rbm4,117.58788168394858,-0.8843828659648708,0.1724518743582706,-5.128287931087115,2.9238901712479026e-07,1.2346739735746766e-06
13025,B4gat1,399.18389350094566,-0.8752510670606936,0.0942794493847741,-9.283582718950882,1.6387351758304443e-20,1.7520810254920502e-19
13035,Cst6,564.1459361677292,-0.6993093345759522,0.0795304252834747,-8.79297868813558,1.4564610766047884e-18,1.392774828286169e-17
13038,Sart1,359.34806097631,-1.5152522989974135,0.1102968188241459,-13.73795105925301,6.0154172742862585e-43,1.4358661140296313e-41
13047,Mus81,368.1508431007519,-1.1377134649970546,0.1016444889228063,-11.193065920780896,4.4091901586800443e-29,6.635766537931376e-28
13052,Pcnx3,2897.5198206273985,-0.5451718589002292,0.0420779328789402,-12.956241469102324,2.166032301431758e-38,4.38792543590044e-37
13054,Ehbp1l1,736.1884040488472,-0.5119144790073057,0.0715997764499891,-7.149665884290389,8.698936918542382e-13,5.85353290200518e-12
13055,Fam89b,211.10549722359147,-0.9842512816589276,0.1334485215947606,-7.37551281870155,1.6371364609348552e-13,1.151455137165511e-12
13060,Dpf2,189.65586667415025,-0.6964282471233636,0.1331919695873079,-5.228755526937768,1.7065484802125978e-07,7.372059596339269e-07
13078,Cdc42bpg,26.37869912589395,-1.2351009643282145,0.3753845023870166,-3.2902289691619737,0.0010010588793187,0.0026118119820355
13085,Nrxn2,219.96020209500048,-0.8950097291677468,0.1321507557356693,-6.772641777077414,1.2645178311323838e-11,7.881990497212219e-11
13092,Kcnk4,366.16449548851887,-0.9588471936769722,0.1048146596070261,-9.14802564137409,5.798353703151899e-20,6.031854973900449e-19
13109,Gm50232,3973.060598953394,-0.6879268816857881,0.0372006149299987,-18.49235242428859,2.379442405571756e-76,1.1448092273807111e-74
13119,Tmem223,100.4438087970396,-1.2640109719041808,0.1929453464260901,-6.551134791884572,5.710148770214373e-11,3.3799865615617255e-10
13123,Hnrnpul2,246.2751773539852,-1.1493683776878696,0.1211804786175107,-9.484765127192562,2.429295358042634e-21,2.6811061887042576e-20
13138,Asrgl1,40.39014131521733,-1.3130698291256788,0.3027048746528936,-4.3377888467483485,1.4392332288928627e-05,5.003033369165616e-05
13144,Fth1,1157.6506912815842,-0.7548848553733686,0.0581342541401002,-12.98519894233336,1.4845193281388322e-38,3.0232353936541614e-37
13145,Best1,102.60537661300135,-1.4457472076053957,0.2070228219611867,-6.9835160873058175,2.87882464447372e-12,1.8949287826557243e-11
13147,Fads2,26.222262398926546,-1.5831951098401629,0.3871924203135816,-4.088910388684664,4.334042309296018e-05,0.0001409227357844
13149,Fen1,462.4846884478064,-2.5467977367650025,0.1077074978621836,-23.645500891903907,1.3130666837284663e-123,1.1685534487100268e-121
13155,Tmem216,150.85377626817072,-0.8700282792366775,0.1535654748908045,-5.665520064684633,1.4657927024681224e-08,7.030325372959258e-08
13159,Pga5,25.982727662066367,-1.5646552177992443,0.3831905981562939,-4.083229665152328,4.441408967814427e-05,0.0001442006167618
13171,A330040F15Rik,26.996785309103576,-1.5179878807180092,0.3850659209142429,-3.9421506767306895,8.075421594502525e-05,0.0002517804594349
13177,Prune2,63.48841253341457,-0.9724419214543624,0.2313356948062424,-4.203596519200554,2.627070531072804e-05,8.800343319494537e-05
13185,Rorb,750.6791946147345,-0.5500340933537227,0.0752643154942313,-7.308032893700874,2.710814413391956e-13,1.8876390189318205e-12
13186,1500015L24Rik,74.87703965719675,-0.690659938648301,0.2142914100994127,-3.2229940450151235,0.0012685819100693,0.0032432891211272
13191,1110059E24Rik,142.6556089172894,-1.597415823491557,0.1665151770001415,-9.59321457821349,8.53825037137302e-22,9.651608129049852e-21
13211,Slc1a1,145.85277533688785,-0.5108739893827952,0.1532237398790744,-3.3341699516405336,0.0008555436639574,0.0022581776530582
13218,A930007I19Rik,27.72996080556526,-1.8875640286372823,0.4022258800843976,-4.692796068321664,2.6949610396361262e-06,1.0247374701466486e-05
13234,Pten,184.29225291904368,-0.7216766444970866,0.1475408494329719,-4.8913683720178485,1.0013735065718083e-06,3.9920110065198245e-06
13237,Acta2,85.48182842457338,-3.535807029798115,0.3056119331501084,-11.569597408558716,5.875772815039773e-31,9.433096794614426e-30
13252,Kif11,69.4981756008285,-2.879382269259686,0.2947020972831508,-9.770484485195794,1.5072953628118057e-22,1.7540679823016297e-21
13253,Hhex,156.86762779957627,-0.9359369129172328,0.16222110178276,-5.769513969709082,7.950048804830472e-09,3.92304331407596e-08
13276,Slit1,6019.971246935878,-1.0378239639521518,0.0354048475570407,-29.31304709842665,7.072634088296721e-189,1.3119310171495945e-186
13277,Arhgap19,90.39761298610948,-0.7963629248261823,0.1936098249560007,-4.113236118090401,3.901509667829623e-05,0.0001278119337153
13288,Marveld1,57.89329572448997,-1.055464381976873,0.2528994331722101,-4.173454913432573,3.000150539453596e-05,9.95052083270736e-05
13298,Entpd7,12.57262584007345,-3.102503730899288,0.716662421262861,-4.329100618157481,1.4971952205169083e-05,5.186952658658488e-05
13307,Hif1an,19.356851318037563,-1.689616053326868,0.4835003766206481,-3.49454961159737,0.0004748623452393,0.0013139893399634
13311,Twnk,190.4403935124191,-1.3470193492995457,0.1515676165908667,-8.887250321654228,6.263977748057364e-19,6.1115463503860064e-18
13315,Btrc,228.0832919334373,-0.8626430762977039,0.1258579343124398,-6.854101658431875,7.176203819243292e-12,4.5579551980639326e-11
13326,Fbxl15,672.3435344954364,-0.6765603599490003,0.0748086227600717,-9.043882041765196,1.51204415304906e-19,1.5416842238637966e-18
13351,Mxi1,15.757023367385717,-3.7453488070866032,0.7384509994827114,-5.071898893373072,3.93865645029214e-07,1.637579117167102e-06
13354,4833407H14Rik,30.354332655043677,-1.798027611443026,0.3736871635293983,-4.811585162468589,1.4973790462440351e-06,5.852665091640815e-06
13357,Smc3,28.907996744077035,-1.2592756566151533,0.3553812569495819,-3.543449835886553,0.0003949284358832,0.0011067197304075
13369,Nhlrc2,82.70881519532047,-0.7354906971008435,0.2039005463798434,-3.607105082154652,0.0003096322875509,0.0008831231380389
13376,Hspa12a,44.94356469016509,-2.6624189319187046,0.3529881607015216,-7.542516232350303,4.609887145132276e-14,3.362094859614236e-13
13383,Nanos1,130.084704222711,-1.606965982216039,0.1778763836976627,-9.034172771059962,1.6524750226016388e-19,1.6770933057333441e-18
13402,Pim2,129.81743750772594,-2.521483083482599,0.20550809386357,-12.269507424639572,1.32054247557414e-34,2.36958880582045e-33
13410,Was,42.3886247510906,-1.5647497176156306,0.305694524496905,-5.118671066126581,3.076960707231974e-07,1.2957573043912327e-06
13416,Ebp,228.9969269620731,-0.6538045658870556,0.1243950050869051,-5.255874746982752,1.4732253429521817e-07,6.409092223817967e-07
13424,1810030O07Rik,74.35467825970599,-0.6548971896990332,0.2147723510062538,-3.0492620983599674,0.0022940424526378,0.0055506958354254
13431,Maoa,13.551018021406437,-1.779190576337874,0.5482435713778601,-3.245255702435992,0.0011734520223169,0.0030242360458431
13432,Efhc2,165.11542864968808,-0.5288896715776509,0.1466840488054397,-3.605638621818824,0.0003113862151175,0.0008877966977684
13445,Cfp,70.54172867879122,-1.902581284122312,0.2484739136150667,-7.657066516325618,1.9022812146398838e-14,1.4224148412139705e-13
13447,Uxt,61.12316944403946,-1.6351413836977422,0.2567541746544136,-6.368509434748675,1.9087403338994287e-10,1.083975972378528e-09
13449,Zfp182,273.54743011416934,-1.1045544358647876,0.1155346694329969,-9.56037214877186,1.1733402010449977e-21,1.3195577600649219e-20
13453,Gm14569,24.995204825203743,-1.9141589152835896,0.415841591580954,-4.603096356971668,4.1625552259909695e-06,1.5423995248942712e-05
13454,Pgrmc1,188.16350726689487,-0.7786295684030613,0.1370745627765305,-5.680335961913246,1.3443042530627218e-08,6.47030594948576e-08
13455,Akap17b,11.856117354509388,-2.328448422933856,0.6362317424044575,-3.659748905538954,0.000252462511305,0.0007321365274161
13460,Sept6,112.86959263857176,-0.9995755765236254,0.1781807290138469,-5.609897220961227,2.0244681114582515e-08,9.560954307978909e-08
13462,Upf3b,213.53628216735456,-0.7827387667037738,0.1265072821396998,-6.18730205459168,6.120262477600584e-10,3.317871869899247e-09
13464,Akap14,11.910893227034713,-1.9824233342529065,0.6169572327329305,-3.21322650756744,0.0013125273395641,0.003345640880783
13482,Rab33a,925.1693236569672,-0.6716153648117537,0.0649453162520769,-10.34124404298787,4.585457274977623e-25,5.9475737325657535e-24
13495,Ccdc160,331.7305265260348,-0.8601409451654038,0.1035790357784708,-8.304199191475636,1.004949260279657e-16,8.726564473359052e-16
13504,Slc9a6,346.7114956049324,-0.5900513200378278,0.1014417687850805,-5.816650548433742,6.0038470799901995e-09,3.007980138090762e-08
13510,Zic3,57.24810102642039,-1.3963278923387683,0.2574465225133787,-5.423758995486938,5.8358554624218214e-08,2.642612667630776e-07
13527,Xlr4a,102.58005629196678,-4.156900225639806,0.5984406310684683,-6.946219908594759,3.752037537126469e-12,2.4421074166841484e-11
13530,Xlr3b,13.529983701971055,-1.644816603857738,0.5551266268197348,-2.962957502652554,0.0030469863336403,0.007175191433577
13553,G6pdx,176.3416236317518,-0.9650152377975983,0.1423063324626514,-6.781252956897532,1.1913806400843512e-11,7.444194941046537e-11
13557,Fundc2,26.608499386703816,-1.4284897374151706,0.3832634365936771,-3.72717457765116,0.0001936383373535,0.0005709030719829
13574,Klhl15,29.923711401920595,-1.7140924468589671,0.3993541546913627,-4.292161297742571,1.7694233390349053e-05,6.071326438105951e-05
13580,Amer1,10.861421058049714,-3.1614067815509546,0.7818865401464414,-4.043306310093082,5.270269570131141e-05,0.0001692907788477
13581,Zc4h2,459.57753117420725,-0.9988276356268616,0.0929093815289462,-10.750557362344232,5.8904592082379005e-27,8.259518212206805e-26
13582,Zc3h12b,82.25156878234567,-1.0230238199581172,0.2098549359892721,-4.874909494673094,1.0885835161875534e-06,4.324002016311552e-06
13585,Eda2r,130.59049482033595,-0.980836968681522,0.1696618668485413,-5.781127998297483,7.4201405911669425e-09,3.6733274772220665e-08
13626,Cox7b,267.2042009328489,-1.4699879124102984,0.1248179703539346,-11.777053482298996,5.125355770460769e-32,8.475830015253921e-31
13633,2610002M06Rik,29.98240685064151,-1.3825943447235571,0.3504581112782675,-3.945105849257295,7.976473590212059e-05,0.0002492000555903
13637,Rps6ka6,173.9070337111948,-2.916527974617263,0.1851445555911601,-15.752707203865064,6.580294171279067e-56,2.1464027343434855e-54
13649,Trmt2b,97.48155140821844,-0.5900778648922907,0.1863385848823976,-3.166697145761314,0.0015418079780442,0.0038755388783622
13658,Armcx2,900.4874817528562,-1.0167946241063144,0.0663992472268752,-15.313345656346016,6.227633365898303e-53,1.894874373544867e-51
13663,Tceal8,16.919331991539835,-2.753240418328296,0.577897740444694,-4.764234613912263,1.8957183368259784e-06,7.3100948677388e-06
13665,Bex1,10.639540412329266,-2.5732878518000395,0.7034638582855377,-3.6580242488527897,0.0002541670047678,0.0007363970782238
13670,Morf4l2,10.675444394121016,-1.95939881047084,0.6420890702386277,-3.0515996943269,0.0022762544445507,0.0055128540865664
13684,Ripply1,90.63616621889024,-2.0404841152757403,0.2223610349394065,-9.176446385185123,4.455522662444305e-20,4.666308790876878e-19
13687,Atg4a,11.674772174274812,-1.9449821897300807,0.5987202628287972,-3.2485658336341365,0.0011598836524278,0.002993724847071
13694,Alg13,33.52783025447807,-2.2276562610705355,0.3756269956447408,-5.930500967447507,3.020118038384277e-09,1.5543383952441253e-08
13695,Rtl4,27.27136804251194,-1.1379577943318553,0.361064798742659,-3.151671938927809,0.0016233855327115,0.0040626859007846
13713,Smc1a,267.9718898016334,-1.0440828974820198,0.1197281238070392,-8.720448164415604,2.771027834856994e-18,2.6045631590633877e-17
13722,Klf8,119.06773304683196,-0.9951531252444076,0.1769927892905204,-5.622563095556045,1.8814481406053195e-08,8.915597283090029e-08
13735,Map3k15,52.44042166650312,-2.1570520824046926,0.3110640869216651,-6.934429826828258,4.078627992314492e-12,2.6473253191262188e-11
13737,Gm15243,684.6986468253617,-1.220927558832626,0.0775542705137255,-15.742879802041935,7.686445561718364e-56,2.5019136547191527e-54
13744,Rbbp7,219.52427179112155,-0.6134371279917472,0.1276876651753385,-4.804200367744102,1.5537118011022462e-06,6.0559359214608055e-06
13745,Txlng,29.462085566622104,-1.8669528830215072,0.3849469648573941,-4.8498963583545365,1.2352600081745191e-06,4.868935761867613e-06
13749,Zrsr2,373.2774227000161,-0.905816675607086,0.1000493101546819,-9.053702361431997,1.38201171886378e-19,1.41284544645596e-18
13750,Car5b,31.10556529203093,-1.90356786494042,0.3654416652910406,-5.208951375110453,1.8991087004445935e-07,8.167228366493006e-07
13755,Mospd2,22.097166112329077,-1.2418744993321598,0.422413467598381,-2.939950059814143,0.0032826515079447,0.0076761395225268
13758,Gpm6b,150.67738415510345,-0.9970210176998232,0.1554016940525601,-6.415766724927785,1.4011586088836268e-10,8.022401614865124e-10
13760,Trappc2,89.28496918632237,-0.7546344708082993,0.1948336728553133,-3.8732240672211895,0.0001074049966578,0.0003290760852822
13761,Tceanc,249.15280485331337,-1.191020811364676,0.1247941571414453,-9.543882811875063,1.3758244242381865e-21,1.541644311176937e-20
13769,4933400A11Rik,8410.735608357338,-1.1469709291844878,0.031666028066697,-36.22086504719387,2.8582279683025115e-287,1.2223688277773743e-284
13772,Gm21887,12.725563349064842,-5.733590909166434,1.4572562891052891,-3.9345110067678513,8.336624858485261e-05,0.0002592942955984
13775,Eif2s3y,16.71922648329185,-1.806303681854599,0.4975549933581026,-3.630359871706799,0.0002830263292929,0.0008129614488422
13795,Gm29017,622.0990639387948,-0.5339200663936907,0.077758474128604,-6.866390735891309,6.584656598815878e-12,4.2013001655768446e-11
13802,Lax1,188.26629625347368,-1.224098149758708,0.1391702611678908,-8.795687666936201,1.4217455380823377e-18,1.3612683025071932e-17
13828,A930012O16Rik,137.40762607109346,-0.5208667800857801,0.1599033243700684,-3.257385561793104,0.0011244358739081,0.0029085710206133
13836,Gm13977,1179.972494225717,-0.6516878938063151,0.0584958121393201,-11.14076153441861,7.943716254736067e-29,1.1805159793235182e-27
13837,A930104D05Rik,947.8474422452178,-0.7167664374192724,0.0648418627870093,-11.054069186347796,2.094986446535009e-28,3.066008681640019e-27
13841,Tgm3,757.4806009510221,-1.7733958697705752,0.0775097579204758,-22.87964660643193,7.409893267464922e-116,5.8205467727494855e-114
13850,Gm42921,18.946933665334207,-1.9319450445237976,0.4876668886374675,-3.9616079941814735,7.444669596647011e-05,0.0002334857060704
13863,Gm43465,42.48671581807317,-2.2887900708377926,0.3361631766920998,-6.808568664063263,9.857453855271384e-12,6.190283809721887e-11
13864,Tspan2os,98.17795456221336,-0.922785041267283,0.1941864142897165,-4.752057679434428,2.01356909546474e-06,7.744419134093215e-06
13865,Gm43062,24.147906817939504,-2.176823043489001,0.4409389816346017,-4.936789746779283,7.941901081811435e-07,3.2025539302139563e-06
13869,Clca3a1,122.36156293945864,-1.1361172420130692,0.1747894094009947,-6.49992036649449,8.036253991315108e-11,4.700842190360463e-10
13884,Gm12841,220.59792625087664,-1.4517768374954036,0.1357970739438247,-10.690781438309644,1.124197565224224e-26,1.555089462191568e-25
13901,Tnfrsf4,329.1759283529902,-0.7633091632985468,0.105957942930293,-7.203888091718691,5.851940036347642e-13,3.986569415911872e-12
13916,Oas1g,61.456066004221306,-1.328367491492125,0.2478744640998449,-5.35903323610234,8.366846350929333e-08,3.7208540271203923e-07
13917,Myl2,12.517178202095414,-2.0773769390728294,0.6142550377394147,-3.3819453019351786,0.0007197447436678,0.0019261585387642
13923,Card11,28.978213884921484,-1.3156961358095485,0.361026621144604,-3.644318891604853,0.0002681008433449,0.0007729738921607
13929,Asz1,100.16433203842504,-1.2896803022157528,0.1931009937227701,-6.678786459624914,2.4092891471848888e-11,1.4673028366320628e-10
13943,Vax2os,38.732446560149626,-0.8927553370326367,0.2983505515292775,-2.992303290396396,0.0027688103949375,0.0065795037568233
13947,4930417O13Rik,238.27529769580775,-2.8634749020745223,0.3694377117413989,-7.7509003847417555,9.12432454283736e-15,6.992439057318268e-14
13948,Gm26728,124.88023781917852,-1.4368137430558037,0.1789608227152947,-8.028649629877945,9.85513642224928e-16,8.019539130917014e-15
13953,Gm15929,39.619474368534696,-1.5119770935537435,0.3147739066601006,-4.8033749353513215,1.5601335083833302e-06,6.076350997993866e-06
13954,Pirb,28.2855961245194,-3.300897485227421,1.002572026248783,-3.292429270720866,0.0009932587786088,0.0025932189512398
13957,Obox6,55.42609993814229,-1.7183209652378433,0.2743239321281773,-6.263839074875033,3.7561311026831036e-10,2.0831914429722286e-09
13959,1700058P15Rik,33.174291073976505,-0.9385977167835718,0.3197570402640613,-2.9353465243750705,0.0033317538386182,0.0077826857987205
13962,Gm26604,158.44279210219688,-0.7519450854336492,0.1515223474871951,-4.962601872949432,6.955506316314236e-07,2.8240236088073305e-06
13966,Gm10640,42.34638183650935,-1.5230048358108903,0.3037147231639515,-5.014590073029621,5.314665130608579e-07,2.18431885613587e-06
13968,Klk1,13.769928808817768,-2.7778619973766734,0.641182285667821,-4.332406024728836,1.474886235509556e-05,5.118879279058864e-05
13978,Gm15413,54.31171084792086,-0.8648296227921384,0.2486550812905322,-3.4780291571104422,0.0005051149778495,0.0013916875803457
13980,Olfr543,223.36138723222956,-1.1576202255520875,0.1292997159721337,-8.952998982624017,3.4595305448420564e-19,3.438536621587366e-18
13983,Cdiptos,49.41862300175572,-0.9512614005061244,0.2643805324559983,-3.598076574206333,0.0003205792431894,0.0009109704740022
13984,Nkx1-2,46.36962485604638,-1.308304905481953,0.2790925475444531,-4.687709926305252,2.7627924141593327e-06,1.048975388616451e-05
13989,Ido2,18.244222822902817,-1.5677718979671798,0.469857655816963,-3.336695440752632,0.0008478079658468,0.0022400637450107
13999,Frem3,30.897863871169523,-1.1443468031389696,0.3389545702849171,-3.3761067218449337,0.0007351939550839,0.0019654534003252
14001,Gm45425,21.769040016836783,-1.9001650388494569,0.4588798171321014,-4.140877345020473,3.459799388300558e-05,0.0001139646371037
14002,Gm10638,37.996681570160696,-0.9260700533439868,0.31241811083624,-2.964200925692826,0.0030347006870006,0.0071517299520988
14007,Dpep2,26.493678155141577,-1.8682102400313407,0.4180125669411443,-4.469268122014099,7.848769422760938e-06,2.8089180388848764e-05
14017,Gm46102,211.40647407592812,-0.7357001331384176,0.1366887185383799,-5.382303243495881,7.353874067199522e-08,3.292243243344107e-07
14032,Snx22,738.6535064437712,-1.2970117711639562,0.073770760173316,-17.581651159846707,3.4051405224843616e-69,1.4644006559823807e-67
14037,4932413F04Rik,298.25476121835874,-0.7887920823571928,0.1102372091566262,-7.155406857556312,8.342511781631582e-13,5.625988234340773e-12
14039,Gm35715,607.7645666533234,-1.0337094802302869,0.0786700707584195,-13.1398061583624,1.947249226259304e-39,4.1237756654041597e-38
14040,Prss45,24.49547422013055,-1.7258716349694896,0.414700437921391,-4.161730919842045,3.158443892070436e-05,0.0001045076341334
14059,Tac2,82.7332089034782,-1.0688802137502025,0.2162535400909822,-4.942717762217918,7.704097635325035e-07,3.1107339940588578e-06
14063,4933415A04Rik,54.54458585275403,-3.231465592012763,0.3542893446880508,-9.12097877190759,7.444887995163038e-20,7.666989670470244e-19
14064,Gm16170,83.46806655496435,-0.7376345074211077,0.2129518263591686,-3.463856215898328,0.0005324910518153,0.0014569454831612
14073,Fgf11,16.628707137387057,-4.169834916783096,0.8036041596859124,-5.188916541214609,2.115211643398991e-07,9.043543032982744e-07
14074,Spns2,263.58683467330883,-0.500005315621535,0.116029560061551,-4.309292523011322,1.6377762324333598e-05,5.648566952182797e-05
14100,Papln,32.37653904807568,-4.3320471508601885,0.6015457164601125,-7.201526055829605,5.954234545819906e-13,4.054462408997933e-12
14111,Gm4035,13.39503473794368,-1.6261696366131335,0.5420566603445294,-2.9999993646043306,0.0026998016952201,0.0064284173986404
14133,Gm34250,29.410496912866066,-1.0398734552685325,0.3416480976744663,-3.0436974838927937,0.0023369000425084,0.0056437510673663
14135,Olfr221,40.93568908722613,-0.9088147292830082,0.2920984849778156,-3.1113298288829925,0.0018624678509234,0.0046041353617241
14144,Trim52,43.87008824102523,-3.736310773192848,0.4412570334063407,-8.4674248574576,2.508776653538552e-17,2.241736817056271e-16
14147,Gm26766,47.62135353126112,-1.6007854720123338,0.2920655037317175,-5.480912506130017,4.2313771217062834e-08,1.9423459202680366e-07
14158,Gm16059,310.4560340845864,-1.595065578303973,0.1151797104267985,-13.848494430081969,1.2990641675690211e-43,3.1596195772342256e-42
14160,Gm49503,109.84208971694784,-0.7052058687860185,0.1779700493259962,-3.9624974621109392,7.416979582185689e-05,0.0002327272157916
14163,Gpd1,97.08543526454208,-1.0290264190871492,0.1926289481904278,-5.342013382484347,9.191986715648678e-08,4.071341411798822e-07
14169,Apod,87.91691396721997,-1.1968718833277052,0.2060033834242003,-5.809962260974702,6.248692674962842e-09,3.1204953754047333e-08
14176,Gm15964,54.0852132162342,-1.673795780382441,0.2758839535103914,-6.067028397573678,1.3029852568952004e-09,6.888997601359377e-09
14183,Abca17,31.241088557651675,-1.0257973145960109,0.345080521485235,-2.972631750354828,0.0029525846054576,0.0069795781645365
14187,Apom,397.2665385622024,-1.8247898600593064,0.1098086393608984,-16.617907941304416,5.170567182854119e-62,1.909018041899809e-60
14200,Gm50356,96.38453293837796,-0.824737951100779,0.1933180406129351,-4.266223413427225,1.988096967022556e-05,6.777843424331106e-05
14206,Lrrn4cl,50.53406153379073,-2.978855840772545,0.3483155019928418,-8.552177045607815,1.207883128026321e-17,1.0984387855341544e-16
14215,Gm50373,10.348487749438462,-3.079643732957048,0.7864376749804856,-3.915941251204001,9.005217680687564e-05,0.0002787381009486
14216,Lipo2,11.510914911027802,-1.7576548000899614,0.6007421191773391,-2.925805839112642,0.0034356528767961,0.008003527264511
14220,AU022751,23.082743291173006,-2.0079023196731343,0.4463749805775961,-4.498241180710817,6.851794334546479e-06,2.4687625924333627e-05
14222,Gm6938,108.24956898006992,-2.4844310994646293,0.2200915486957678,-11.288171282300596,1.50127679504363e-29,2.279453405965653e-28
14223,Xlr4b,14.360711801639091,-3.6010005514928114,0.7451647221122708,-4.832489306908257,1.3483635634319431e-06,5.301176052757457e-06
14228,Gm28095,23.5453316397886,-1.582119243538275,0.4182801145126166,-3.782439539067672,0.0001552988220875,0.0004646289671315
14231,Col9a1,37.31892027539114,-0.9196189024058076,0.3023596354120355,-3.041473777254072,0.0023542307066911,0.0056802595142168
14235,Gm33280,350.5538606782623,-0.9169802872497168,0.1005540508370785,-9.119277439508055,7.562685111832846e-20,7.783094918568083e-19
14240,Il1rl2,46.10654108196349,-1.1971981679946424,0.2849284335239073,-4.201750429706378,2.648590341518e-05,8.86471671695894e-05
14248,Gm28777,235.57206772002792,-1.1602811594310662,0.1245013886504023,-9.319423437831004,1.1697420492884791e-20,1.2593950063528272e-19
14260,C430014B12Rik,181.75431641077128,-1.4833513493898711,0.1475190198890052,-10.055322700123408,8.703581273374797e-24,1.0754441194613029e-22
14261,Ecel1,76.48289758129867,-1.2807322033590165,0.2217088928537431,-5.776638847788076,7.62076175354167e-09,3.765380229702425e-08
14268,Gm29101,164.76782995370343,-1.353210439264279,0.1501854580635788,-9.01026275587492,2.0556338207657474e-19,2.072595828717056e-18
14271,Gm15389,73.60132702428082,-2.089721169431741,0.2471508047159307,-8.455247280435184,2.7849651681983695e-17,2.4798914823355753e-16
14294,Grem2,10.692198997721812,-2.835909627175569,0.7388561455554301,-3.838243268645608,0.0001239176841375,0.0003760248239748
14297,Gm31728,11.177279204768103,-1.8666527361262253,0.6168002000023888,-3.0263491096776494,0.0024752632942737,0.005948978095323
14302,Gm36388,865.1723784399506,-0.8716661559361083,0.0762502980623762,-11.431642604505562,2.905597209518737e-30,4.5461966095274885e-29
14309,Gm13187,123.0895399217871,-1.1719063956390534,0.1783609870750195,-6.570418872744541,5.017391525030858e-11,2.9883079272485525e-10
14334,Hoxd11,27.225230905139394,-2.471200930036267,0.4353740649666345,-5.676040740335901,1.3784796184843249e-08,6.628067522231315e-08
14338,Ppp1r1c,23.903514382230657,-1.6112423607084974,0.4098365456748983,-3.931426754671632,8.444322419111851e-05,0.0002623260451264
14354,Slc28a2,154.37386689898983,-0.9297806276555054,0.1496122634092667,-6.214601707562407,5.14549970901792e-10,2.816214487025948e-09
14360,Il1a,18.59338833893568,-1.6088252128389446,0.4589539336503211,-3.505417635367115,0.0004558915351431,0.0012660364493262
14380,Cbln4,17.924936101874273,-2.157860061546858,0.5009319309593693,-4.3076911815427525,1.649674902849295e-05,5.683238935839728e-05
14423,Rbm46os,147.13081704611363,-0.6126761889403886,0.1537483469653357,-3.984928625466935,6.750041174100907e-05,0.0002135709698242
14432,Gm15998,22.20542484371161,-1.4646273234677174,0.4286921280739384,-3.4165015580017988,0.0006343130084773,0.0017124115515547
14433,Gm42463,10.463601256240052,-1.91770208891536,0.6344288951823371,-3.02272185815907,0.0025051237827346,0.0060094867184454
14448,I830077J02Rik,362.66433243236526,-0.8906367575366058,0.0988513308346209,-9.009861071335983,2.0631768954530493e-19,2.0788397567012527e-18
14456,Gm40190,94.43571413922808,-0.9115809249238374,0.1942576076700529,-4.692639510274212,2.6970249257614465e-06,1.0250159406818867e-05
14472,Asb17os,10.619845604870497,-2.133806380988785,0.6524313135351821,-3.2705456294346305,0.001073402237809,0.002786863550305
14474,4930570G19Rik,45.52643461626093,-1.10726352911923,0.2869354302334748,-3.858929265787313,0.0001138848910045,0.0003477532292555
14476,2210414B05Rik,17.280690609278327,-1.6604053675500925,0.4752372564592326,-3.4938451162709447,0.0004761171537345,0.0013170796120845
14496,Tal2,108.89889700746072,-0.8714218544644589,0.1808869339726177,-4.817494748384494,1.4537191597044687e-06,5.692131277418616e-06
14497,Svep1,58.186272110319926,-1.4559872507433826,0.2660917856998666,-5.471748204905645,4.456176732965341e-08,2.041276315999238e-07
14501,Gm12631,115.47575153414658,-0.6674326971496909,0.1750635170361112,-3.812517356269131,0.0001375585662709,0.0004146146605927
14505,Gm12689,28.04324277380948,-2.192584717834884,0.4297814082423216,-5.101627654862746,3.367447665535487e-07,1.4099870616966105e-06
14533,Tnfrsf25,95.4994093848686,-0.5680146720922987,0.1889538765283054,-3.006102243195893,0.0026462000445081,0.006315438828902
14537,Hes5,87.94572970171873,-2.7204318752855023,0.2516930524520673,-10.808529869149188,3.1365629156339117e-27,4.4100933926118457e-26
14541,Gm43031,21.728092000590284,-1.2782775672570212,0.4081148892052839,-3.1321512668802463,0.0017353044354225,0.00431750922556
14558,Htra3,41.466503983950616,-1.2212090819812418,0.3028401795640777,-4.032520003584422,5.518191621068914e-05,0.0001766280212016
14561,4930518C09Rik,72.94136070350187,-1.5472300290272027,0.2295533227423983,-6.7401770122207445,1.5819378736668274e-11,9.773481341482534e-11
14564,Gm20647,24.743685664556423,-1.4703897434778763,0.3949738297275333,-3.722752326381225,0.000197062808198,0.0005804436569766
14567,Gm33050,90.07319325763704,-1.643056776092707,0.2231295699051143,-7.363689074430681,1.7889610831869662e-13,1.2576641477966452e-12
14568,Gm9484,404.4207667057692,-1.7046779782511885,0.1039736935423569,-16.395281538755125,2.066809455114963e-60,7.43471924554906e-59
14576,Gbp9,3301.2580058168346,-1.0423600126022483,0.0396548394174326,-26.285821047708435,2.7856380274983524e-152,3.573973589280387e-150
14581,C130026L21Rik,29.50141624475857,-1.743596445224349,0.3832005927549369,-4.550088069251521,5.362346713039012e-06,1.9596176120092245e-05
14583,Sez6l,57.471646201938086,-2.353563588852609,0.2917936470117341,-8.065849318364233,7.272846745981879e-16,5.971879920060641e-15
14587,Selplg,30.02448317989436,-3.027598674556981,0.4565109189391051,-6.632039999378063,3.310788265216372e-11,2.0044394860901006e-10
14592,5830487J09Rik,77.13023279133552,-0.6880451001165635,0.2097640125761449,-3.2800912399918984,0.0010377352034397,0.0027029218731445
14594,Pitpnm2os2,61.65988964728168,-0.8831168394148317,0.2515303536626342,-3.510975222494676,0.0004464660101818,0.0012421016792121
14595,Gm15903,114.3815963642823,-0.8081279435596067,0.183510686237352,-4.403710542035557,1.064149087732208e-05,3.754464613097563e-05
14614,Plxna4os3,55.07577152401921,-0.8460015986419233,0.2529818431880479,-3.344119830817536,0.0008254407523002,0.0021884769799234
14624,Prr15,815.6792653714215,-0.5653988010928063,0.0672232272726207,-8.410765505200409,4.07343377387387e-17,3.600148472018491e-16
14628,A730020E08Rik,15.086977762231262,-1.8424547240090532,0.5382924748527756,-3.4227762974263567,0.0006198506655754,0.0016771917130404
14635,Tacr1,1044.7081435670668,-0.8176869110561279,0.0606350679262592,-13.485379649455492,1.9068143178591752e-41,4.292004859321617e-40
14644,Dnajb8,196.79413946448696,-0.9002094878751103,0.1328612981980263,-6.775558421334793,1.239266516161546e-11,7.733987548773069e-11
14656,Gm44317,79.8477239179663,-1.1566385112176565,0.2117663610212756,-5.461861391202977,4.711679082902532e-08,2.1557507031312745e-07
14663,9330179D12Rik,39.35834898654212,-1.3365689700462728,0.3102694166785364,-4.307768984627524,1.649094892490831e-05,5.683238935839728e-05
14675,Kcnj8,11.555419309245892,-4.051163966461172,0.9689300301627732,-4.181069675155601,2.901409326995369e-05,9.645885985407193e-05
14677,Lair1,28.72480011469796,-3.068509946642959,0.4702168795127364,-6.525733295288572,6.766963906605301e-11,3.984098520309568e-10
14678,Gm44877,2991.2358877061483,-1.4392851733544514,0.0432568653955776,-33.272988234177454,9.4959566153738e-243,2.923994961005901e-240
14682,Vmn2r29,44.99101223611874,-0.7994654893790505,0.2768333115277395,-2.887894830889749,0.0038782952114897,0.0089373197240077
14709,Slc7a10,16.094561060486956,-2.223377411027833,0.5421487773312875,-4.101046620398827,4.112856803563086e-05,0.0001342411349324
14720,Saa2,122.43102849987656,-1.9993018147340476,0.2107756218792374,-9.485450911773537,2.4133738874427607e-21,2.669274739300916e-20
14723,Csrp3,20.389411232395588,-3.056630464270226,0.5608396465531776,-5.450096980582137,5.0342360512106886e-08,2.2958263697997562e-07
14732,Gm44532,69.9303831580586,-1.178264592663233,0.2331033822663578,-5.054686814097263,4.310976023286436e-07,1.7880330510376608e-06
14734,A730056A06Rik,24.381994746277893,-1.7896975710498868,0.4157723043595861,-4.304513678001129,1.67352953128941e-05,5.7589764559078585e-05
14735,Gm38143,13.07569087520788,-1.8505793062289504,0.5820737693137022,-3.179286550587716,0.0014763806031387,0.003722626230908
14746,Lrrc32,120.22318573410872,-0.8980135323757302,0.169209348333596,-5.307115364603248,1.1137369392787652e-07,4.893577031146081e-07
14786,Gm26714,10.791147344916183,-3.950129582089154,0.9398746506078164,-4.202825961456252,2.636032603304976e-05,8.82844419414475e-05
14789,Gm45411,317.115945919586,-0.9044420576256648,0.1064456622235555,-8.496748845680246,1.949746754649961e-17,1.753405434263481e-16
14791,Gm45371,283.3604556534812,-1.4800606276699952,0.1200932109990281,-12.324265588018736,6.705156204602829e-35,1.2159315067852197e-33
14834,Osgin1,114.74052077471168,-1.6468302806419632,0.1860476333056861,-8.851659391636192,8.622751483921948e-19,8.349426531224045e-18
14840,BC048644,12.34121738273191,-3.361102438437692,0.7749433719543704,-4.337223286343042,1.4429402059662427e-05,5.014787225972071e-05
14842,Gm20735,42.626232157343466,-2.14487858817982,0.3309622381415538,-6.480735083929566,9.127681481849143e-11,5.321082320884111e-10
14844,Gm45709,69.6948978089895,-1.127411692974706,0.2538793018423664,-4.440738905429618,8.965051437406156e-06,3.1832548876915404e-05
14849,Muc16,77.33337847996926,-2.5027448424624152,0.471896091986721,-5.30359306839278,1.1354527317548977e-07,4.977628205608884e-07
14856,Gm3896,19.50106025545392,-2.305797978113432,0.5120175741151747,-4.503357100775527,6.6888349472529775e-06,2.41287026354046e-05
14868,Chrnb4,12.457562980421123,-2.2333193065964303,0.6103126050464,-3.659303917582758,0.0002529012677513,0.0007332707944068
14886,Gm3211,85.08086335098538,-1.0275047859624769,0.2018872217576046,-5.089498864847165,3.5901100854691185e-07,1.4991411683179427e-06
14888,Gm38398,295.4849354192732,-0.9538705784961364,0.1126014557089291,-8.47121000781605,2.4285693822712257e-17,2.173851988921383e-16
14890,Gm29562,73.22299611929633,-1.2531825844726467,0.2255153475997074,-5.556972497929769,2.7449399005565306e-08,1.2806392336051013e-07
14905,Gm38150,55.44236378089505,-1.41640011265326,0.265888784584504,-5.327039705215937,9.982634801384233e-08,4.406325842950449e-07
14910,Arpp21,45.187826032049166,-1.4631615895723316,0.2880958654928278,-5.078731647430592,3.799629509192609e-07,1.5827677468487393e-06
14919,Gm48728,13.226635169585682,-3.4710269110980216,0.7722548848780268,-4.494664882108515,6.967959482817852e-06,2.507986584407567e-05
14939,Smpdl3a,47.89705205003833,-3.0888527718774306,0.6740938045667101,-4.582229878025455,4.600437647003457e-06,1.694457847207302e-05
14952,Gm47922,12.35381518466223,-2.218699432311281,0.6507150879769411,-3.4096326845734723,0.000650504265108,0.0017542763471017
14976,Vmn2r87,811.7576899573127,-0.520286932049238,0.0837061086204111,-6.215638746374238,5.111628312382677e-10,2.798671034759733e-09
14978,Gm11946,197.87385631992672,-1.0764122860192422,0.139339820046049,-7.725087384665127,1.1177663700922248e-14,8.506738029629212e-14
14980,Gm11992,19.92534713496437,-1.925880074950491,0.4702741344283342,-4.095228578309103,4.217520706508462e-05,0.0001373079906902
14986,D130052B06Rik,291.7924780963427,-0.7986548397299944,0.11126683934062,-7.177833435935757,7.082477002229257e-13,4.801494093342416e-12
14990,Gm12153,18.606758742748497,-1.8950032835794195,0.4852944563760986,-3.904852525475399,9.428286267278316e-05,0.0002910725794486
14994,Gdf9,25.055931931225228,-1.9934444532050777,0.4145232929894519,-4.809004673365372,1.516836606663728e-06,5.919699973686884e-06
14998,Wnt3a,20.88920623800547,-2.424067803897562,0.4971876194105836,-4.875559465401203,1.0850050436723294e-06,4.3131261689592524e-06
15002,B430319H21Rik,287.1495966971657,-0.7197692407989287,0.1097885627766417,-6.555958312918771,5.5285675050027336e-11,3.2788068300085553e-10
15005,Aipl1,40.0372274134408,-4.273129369688566,0.5487835935002167,-7.786547229726682,6.8865185285154135e-15,5.3278813701016744e-14
15009,4931413K12Rik,20.460258197547237,-1.454899182600359,0.4359570707075695,-3.3372533223030887,0.0008461079179385,0.0022363394857651
15015,Mmp28,22.53210201779137,-1.422514154135196,0.4059981589554483,-3.503745331740024,0.0004587638596851,0.0012728650898743
15016,Hnf1b,878.1832704559893,-1.9317480244275047,0.0742652625259254,-26.011461600275737,3.674107976180896e-149,4.525325312102486e-147
15022,Hoxb5os,45.823772821809285,-0.8429063080481701,0.2697948876746692,-3.124248629442469,0.0017825976053714,0.0044208880045583
15025,Zpbp2,63.43589170771739,-1.0391167504567362,0.2339719116035254,-4.441202977464921,8.945736235843281e-06,3.177862369336483e-05
15032,Cep112it,130.52844953613624,-0.5911852693089971,0.1646674380119857,-3.590177125765242,0.0003304533311231,0.0009371264479595
15040,Nptx1,64.28958865650019,-0.6994969670002067,0.2282755132091293,-3.064266320844404,0.002182045671021,0.0053072314614597
15050,Tpo,11.33933452718354,-2.932808575911232,0.7242186060387994,-4.049617824585564,5.1301343715343e-05,0.000165168441623
15051,Gm34047,22.33043376174497,-1.951263630129568,0.4572086028071563,-4.267775405251028,1.974319519563938e-05,6.733855410546386e-05
15052,Sostdc1,12.166164409851724,-4.744867185461061,1.1198941332312229,-4.2368890457267865,2.266380598607108e-05,7.665464783865341e-05
15116,S1pr3,59.608141248825255,-0.8579929651651799,0.244876582377444,-3.503777114312629,0.0004587091133361,0.0012728650898743
15130,Gm20554,41.30663881332898,-0.965866834688796,0.3028100880757204,-3.1896785236800707,0.0014243113703539,0.0036013627620248
15131,Gm15912,12.743259869050382,-1.9536195861191317,0.6020619531973668,-3.244881321173105,0.0011749958248919,0.0030271478781854
15136,Gm15907,10.303859848119362,-2.517122417579748,0.705369287555814,-3.5685171753109177,0.0003590073230455,0.0010125071891572
15144,Ankrd55,11.733956242124686,-1.6432625581828806,0.5749276418156375,-2.858207605036021,0.0042604155167974,0.0097290651582043
15152,Slmapos2,51.40222921363453,-1.547570686527296,0.2884787759766302,-5.364591142929229,8.113278435968457e-08,3.612262429154724e-07
15154,Mustn1,12.912262717681,-2.128162110261257,0.5877322813210628,-3.620971959337891,0.000293498326945,0.0008406884170504
15162,Gm10101,35.15376979759679,-0.9030564994557724,0.3128798743475929,-2.8862722517349413,0.0038983477548753,0.0089754691242799
15168,Sgcg,100.04990564431462,-1.7127966254816849,0.2037930356194749,-8.404588607629565,4.293640199705229e-17,3.7925923416329134e-16
15188,Tg,77.79316767545536,-1.334365182219852,0.2179642825764348,-6.121944230710928,9.244038126976267e-10,4.941708715379396e-09
15191,Gm29019,25.569233803361183,-2.276629097816768,0.453688808322373,-5.018041124345052,5.22010044444042e-07,2.1483204074473323e-06
15227,AU015336,96.22218252047251,-1.7842430568026906,0.2061569150739438,-8.654781510301135,4.938567981686255e-18,4.580373050966359e-17
15229,Gp5,70.64151699054875,-0.679149693472988,0.2311401192622023,-2.938259682658421,0.0033006043383774,0.0077157765553687
15234,Nr1i2,685.5254929015815,-0.600695572858669,0.0747468555854296,-8.036399232501786,9.251696623920188e-16,7.540451096975925e-15
15236,Trat1,158.73057132487003,-1.9891160234410132,0.1852263809814593,-10.73883759376651,6.68811419138406e-27,9.360927826413544e-26
15241,Pou1f1,30.77153759096037,-0.9505502934991552,0.3325490703576664,-2.858376035984133,0.0042581544913401,0.0097275868592879
15252,Gm5091,21.854577033192918,-1.361102126181555,0.4193418545623816,-3.245805567397939,0.0011711879911179,0.0030203702363905
15267,Mpig6b,69.58659017885466,-0.96092101422151,0.2246898305074702,-4.276655565813703,1.897219937726842e-05,6.491021813609435e-05
15280,Gm9984,104.0568362981482,-1.1768731582630594,0.1881740582321258,-6.254173233652136,3.996272356999481e-10,2.213187381595828e-09
15282,Gm49894,13.110489322213931,-1.8523264716958825,0.5617212870556101,-3.2975899514246167,0.0009751843313666,0.0025507879656338
15286,Gm10309,41.33532790286521,-1.5945115530078935,0.3063369387746201,-5.2050907062860485,1.9390186994921557e-07,8.327233444178864e-07
15298,Pcdhgb6,18.257750315121005,-4.314496771819621,0.7954069718503979,-5.424263206773982,5.8194078290098425e-08,2.6367158015137e-07
15301,Gm50410,22.710316861563985,-1.896633059481043,0.4357520057998654,-4.352551529853747,1.34562230593462e-05,4.697778009562224e-05
15306,Gm10532,107.87446635078034,-1.5274991184624809,0.1898216731346712,-8.047021676912403,8.483316089503507e-16,6.947294389042339e-15
15322,Ifit1,842.2576926235944,-1.1413241220190955,0.0703574026397532,-16.221805797222924,3.536425194853021e-59,1.2318281063338712e-57
15329,Gm50217,62.66998498881448,-1.0338539098803567,0.2384401825059678,-4.33590470790082,1.4516182483399164e-05,5.042670250776479e-05
15333,Tlx1,77.87004131162557,-1.4405997739329854,0.229231229719634,-6.284483033550623,3.289464552053418e-10,1.8309687723577158e-09
15340,Gm17203,28.771843756559463,-3.452457924338596,0.5181393332140897,-6.6631844043233,2.679570967017093e-11,1.6299752907228434e-10
15345,Gm14643,120.02317751045392,-1.5880181167786172,0.1822491364152049,-8.713446593023908,2.947725874739496e-18,2.7672675346030053e-17
15363,Asmt,31.925409819138043,-1.6663556461261892,0.3560773836622679,-4.679757048840522,2.8721505885610764e-06,1.0870115649332924e-05
15365,Gata5,13.139204276412991,-3.80744882649115,0.8236005180549656,-4.622931558473168,3.7835458462885824e-06,1.4111306165082128e-05
15370,Gm16499,70.94540138555409,-0.8858461720131586,0.2540784915716097,-3.4865059475665645,0.0004893745019281,0.0013509789907989
15371,Sult6b2,459.90758373685617,-0.8351478768721582,0.0914184912451052,-9.135437103561625,6.514307845776734e-20,6.749278842098156e-19
15373,Crtam,61.91170946366291,-1.3698534492909902,0.2463143840631892,-5.561402572979943,2.6761506601572384e-08,1.2500611518137394e-07
15374,Adra1b,14.263179867533571,-1.620832896542848,0.5295061237455418,-3.061027670610569,0.0022057870844884,0.0053607415868642
15392,Adh7,31.539754879071623,-1.4851351977735512,0.3638877524328186,-4.081300312649953,4.478444481356764e-05,0.0001453417606133
