,gene_name,baseMean,log2FoldChange,lfcSE,stat,pvalue,padj
2,Gm19938,1451.549052487154,1.8645276924388268,0.0686007224181494,27.17941774831128,1.1374740026293318e-162,1.5920499767710175e-160
7,Rb1cc1,466.9058758947913,2.052883208706344,0.0931116193102843,22.04755135731593,1.0083394674568689e-107,7.322827566493373e-106
10,Pcmtd1,176.5342625467238,1.2241500823015727,0.1470646200209884,8.323892463917339,8.512083527658334e-17,7.429253854412001e-16
14,Rrs1,330.2013188185027,0.7752294801860582,0.1042796217740626,7.434141656801449,1.0524913397210013e-13,7.498452876605524e-13
29,Ncoa2,22.087297610885518,2.738812157539865,0.4753837008853126,5.761266430547247,8.34851340046063e-09,4.106508380622744e-08
50,Gm16070,127.82038745859307,0.8833565257514513,0.1563363566528698,5.650358909878279,1.601131780981488e-08,7.64135923744296e-08
61,Kcnq5,217.9177315197098,2.843123731244362,0.1445641890608862,19.666860442505037,4.1467416976665584e-86,2.2801155420455114e-84
69,Lmbrd1,68.1544705542904,0.9219498179310102,0.2162541648521087,4.26326965106781,2.0145716416696608e-05,6.858988278448938e-05
79,Bend6,644.3521779908396,0.6673075187986907,0.0730725512481999,9.1321229025123,6.716900278881724e-20,6.945157601992144e-19
80,Dst,34.21305763792321,0.952774645866179,0.315752307734815,3.0174748450813165,0.0025489019484109,0.0061011962683045
90,Kansl3,60.922741048860765,1.5048800523411108,0.2406556533908009,6.253250364733111,4.019969090820765e-10,2.224710428550557e-09
91,Lman2l,119.45798731970784,0.6657804925638089,0.1619452327336989,4.111145980188323,3.937001743171562e-05,0.000128883858894
99,Actr1b,270.4203197130103,1.6444820158624986,0.1193780231508612,13.775416717902276,3.5830955073471e-43,8.592731842852951e-42
105,Coa5,32.22888329783785,2.665626913803888,0.3796975804915328,7.020394784589181,2.212422148496176e-12,1.462535482964668e-11
109,Lipt1,93.18974417047012,0.7044957955987415,0.184694297322517,3.814388456014624,0.0001365205819024,0.000411727890102
113,Eif5b,47.94783262528484,1.7874622667370217,0.2720922681713712,6.569323997149483,5.0544198139311446e-11,3.0091975040713034e-10
116,Gm16150,107.30539022570684,0.907445214134768,0.1719915341399146,5.276103958678362,1.319592475380411e-07,5.761896129029155e-07
118,Lonrf2,93.53935099920768,0.8795295263892834,0.1896291872502747,4.638154806983749,3.51533450186254e-06,1.316198686543669e-05
123,Cnot11,104.2205713399954,2.1419966925739966,0.2128563958462652,10.063107026020706,8.041946168487473e-24,9.944883791970532e-23
125,Map4k4,222.36742853599435,1.043151047097345,0.1306581837299122,7.983817142703256,1.4187614779488289e-15,1.1436257442146686e-14
134,Uxs1,14.571632733935877,1.4645322710694837,0.4856793058405331,3.015430662698124,0.0025661460409819,0.0061395951753696
137,Tex30,11.12584913125282,2.6783693669430506,0.6183981347167347,4.331140759617447,1.4833881095211225e-05,5.144907261587564e-05
151,Myo1b,450.6309785544736,0.7944933814714404,0.085983329366024,9.240086274042106,2.4629856490852622e-20,2.618793304787065e-19
152,Stat4,40.62567817450779,2.4566481039318977,0.3208397952869256,7.656930779845834,1.9042920413248302e-14,1.423227197487237e-13
157,Mfsd6,141.52414157074196,0.8582133913235733,0.1531709907641313,5.602976040320455,2.107023599746657e-08,9.932558279761033e-08
167,Stk17b,133.6855016871772,1.1864882718223335,0.1600587947904224,7.412827726060889,1.236344465666936e-13,8.76773809000836e-13
168,Hecw2,4050.731955670397,0.5058560432800351,0.0386916615201874,13.074032579761486,4.6342212343995706e-39,9.576975855679972e-38
169,Ccdc150,153.8866927204923,0.5677045763176172,0.1442609800031251,3.935260777414094,8.310640804660043e-05,0.0002585383427531
173,Sf3b1,222.33551475642983,2.698409187706782,0.139916825228345,19.285809146276463,7.067549768727724e-83,3.7010883074602723e-81
175,Hspd1,131.21281428949916,1.1554350530465636,0.1594971349717354,7.244237040692415,4.348802639954749e-13,2.995712100435942e-12
182,Satb2,2380.057138694318,1.2115599753884954,0.0475172743040294,25.497253222829656,2.11448848184414e-143,2.411456641960917e-141
183,9130024F11Rik,349.62378426502727,1.1340150389136734,0.1033953383838721,10.967757895461949,5.460976980596046e-28,7.894572919554623e-27
202,Casp8,419.16697088222367,1.0693486309996971,0.0940695969511439,11.367632749134398,6.060909856382485e-30,9.331376814886476e-29
211,Sumo1,16.25069125954646,1.93577924235879,0.4841732129865976,3.9981130521823687,6.384945552290286e-05,0.0002027741638794
213,Ica1l,1620.9120872004248,0.6616596256411783,0.0572322262971361,11.560962563399142,6.497632280878621e-31,1.0409734297232805e-29
224,Ino80d,173.4415821381517,0.7398323946218355,0.1377493844000069,5.370858082918576,7.8362862379885e-08,3.4960145731692537e-07
233,Fastkd2,212.8907480987056,0.8947885139587698,0.124673880628331,7.17703266673996,7.124067057563517e-13,4.8275588212257e-12
236,Gm28981,22.483067548840555,2.259184507742003,0.4085271385444092,5.530072043173252,3.200992990938839e-08,1.4853070551083293e-07
238,Mettl21a,96.58977518175516,0.8240302594155993,0.194980742406645,4.226213569835684,2.376564444059424e-05,8.006474000161683e-05
245,Pikfyve,125.46536555734608,1.167746075875995,0.1650075425416416,7.076925441643373,1.4738777707349302e-12,9.8318120269649e-12
247,Map2,282.86853796252745,0.7921840950712813,0.1078804556762552,7.343166008202569,2.0859952633312242e-13,1.4624764605759345e-12
249,Acadl,37.19293866997969,1.5641068361040564,0.300773454368662,5.200282183769151,1.9898618878326013e-07,8.528929182926151e-07
254,Spag16,152.6834834848986,0.7963468457280243,0.1472703931546919,5.4073790981976,6.395368490825323e-08,2.8824090540031226e-07
261,Rpl37a,14.572686440911356,2.7524372339616523,0.5610553396456361,4.905821296879731,9.30372044002226e-07,3.719555437408017e-06
269,Catip,460.0869111319171,1.605307178188376,0.0886172951776434,18.11505502363117,2.42430129036021e-73,1.1276296878062173e-71
286,Abcb6,154.6313075712698,0.5672916933587364,0.1466109549311015,3.8693676991963537,0.0001091179731566,0.0003339117109978
292,Ptprn,1185.6076596372543,0.5913711937816457,0.0566712906792016,10.435110735861173,1.714137778820084e-25,2.259491887218665e-24
298,Chpf,361.7149614032708,0.7416197431284585,0.0968892247639546,7.65430567676872,1.9435946707998208e-14,1.451192218798935e-13
301,Slc4a3,196.3815897813473,0.5143544959641473,0.1273888584050513,4.037672543768958,5.3984136388483566e-05,0.0001731180512053
310,Mrpl44,68.12234913014187,1.007861397442665,0.2241000711579512,4.497372054524246,6.87985364977422e-06,2.4777129074134244e-05
311,Serpine2,406.82615043071775,1.0980025544756564,0.0959239721688524,11.44659181276263,2.4457347888645865e-30,3.842299266261141e-29
322,Slc19a3,105.42450518933585,1.171118611828885,0.1812914398403788,6.459867122573554,1.047949575031934e-10,6.065500623004381e-10
324,Sphkap,1127.903269912619,1.8948269230495436,0.0691479627040392,27.4024981930358,2.5608362409785376e-165,3.791022573663997e-163
329,Fbxo36,53.96677374424157,1.767576343322654,0.2645380301303595,6.681747582574895,2.361094621312616e-11,1.439089975840421e-10
330,Slc16a14,163.78655260575002,1.2562781624053028,0.1420207043780167,8.845739555420494,9.092410004625326e-19,8.787617352869527e-18
346,Dis3l2,209.95751732459655,1.2444001608298323,0.1308150698311606,9.512666716731832,1.858363627546825e-21,2.0672952608172622e-20
348,Gm28375,271.90419202309647,0.509138110778296,0.108725088980227,4.682802429077698,2.829792344967718e-06,1.0717707981088066e-05
350,Efhd1,1475.652655015748,0.7007250229849599,0.0535665044774892,13.081402824771434,4.2060544195490966e-39,8.739057198836424e-38
352,Kcnj13,277.58535082878035,0.6674730140608681,0.1081084522927387,6.174105723514273,6.653900661149516e-10,3.600824414026641e-09
355,Atg16l1,36.1413062925499,0.9157784317526904,0.2936884461758097,3.118196999838669,0.0018196113355022,0.0045062612337735
357,Dgkd,1400.5524714554722,0.7338813506281425,0.0538377331059435,13.631356825221223,2.606880103718962e-42,6.062768289555457e-41
372,Lrrfip1,323.4949761243842,0.5172409541177417,0.1012926724408215,5.106400509078587,3.283533646188566e-07,1.3767234209346178e-06
374,Ube2f,59.57806793568263,2.1377933124443684,0.2567105702719799,8.327640385744214,8.246957990138493e-17,7.206025267660172e-16
389,Dusp28,321.8353548399413,0.5800783290897876,0.1024479991305534,5.6621733368415645,1.4946772647697952e-08,7.15994124716732e-08
390,Rnpepl1,109.1797803525748,1.094792178585953,0.1768976672041297,6.188844634805871,6.060678071738643e-10,3.287885820736016e-09
399,Pask,603.4768338354562,0.6430196314301785,0.0792603922920826,8.11274853473581,4.948741537592536e-16,4.1139754164565156e-15
404,Stk25,104.480785757223,0.8716442132900802,0.1787752686796694,4.8756420265931615,1.084551306718303e-06,4.312435929296228e-06
417,Gin1,49.2958792116445,0.8230284564988117,0.2552632739189875,3.224233724903234,0.0012631026258276,0.0032308901856192
418,Pam,131.38118393640178,0.7596332541871083,0.1584163568106435,4.795169321404762,1.625374833214717e-06,6.317744881622163e-06
419,B230216N24Rik,47.058568311042286,0.7814292758854005,0.2637826686191782,2.962398098313071,0.0030525283112823,0.0071857647412546
422,Rnf152,10.87601794517179,1.8407248192133396,0.5793432905192372,3.177260959669676,0.0014867319321712,0.003747499153194
436,Cntnap5a,271.9140892333337,0.9382476774571612,0.108740631606479,8.628308145685427,6.226613697551149e-18,5.743855271869233e-17
438,Nifk,253.7255016834232,1.3055978804568455,0.115062828930103,11.346825839385144,7.690405032224994e-30,1.1746178162315079e-28
440,2900060B14Rik,128.87380701020462,0.7198423763255857,0.1664662445794943,4.324254314404454,1.5304866105625724e-05,5.296329929472098e-05
442,Gli2,2252.32227783534,1.0535393595552234,0.0444324878598978,23.71101440183108,2.7758240742089093e-124,2.484685316658161e-122
447,Ptpn4,129.72034336494627,0.9962197075642032,0.1588966123069044,6.269609484436535,3.6195471947897694e-10,2.009612283122369e-09
452,Steap3,579.4636447557249,0.582619639293087,0.0843773164600075,6.904932080522281,5.022745300388555e-12,3.235572662961598e-11
457,Dpp10,781.9336171086608,0.9074698744687004,0.0688754185773994,13.175526090617096,1.2137837058654043e-39,2.584704555394712e-38
460,Gpr39,284.4852669928058,0.5686478499654558,0.1057208677686336,5.378766387066757,7.49979498682285e-08,3.354643916825235e-07
474,Cxcr4,180.66428891592992,1.0989498222802812,0.1357506525388715,8.095355725568998,5.709724972147982e-16,4.718568205646287e-15
489,Rassf5,101.24821826422992,0.561276342882537,0.1848380648606595,3.036584176022704,0.0023927528922061,0.0057641720432492
490,Ikbke,97.26366708918572,0.8087533435225592,0.1856768150805713,4.355704524399638,1.3263960130450515e-05,4.632757036488569e-05
491,Gm29488,734.6490025471958,0.8009750591057506,0.0760014709564446,10.538941536602334,5.713834806594847e-26,7.682986959155831e-25
496,Slc45a3,30.631369627732894,4.040482325924248,0.4725180380229727,8.550958906944015,1.2207008183036793e-17,1.1094397755964254e-16
505,6030442K20Rik,293.43062219589865,1.1775237379426515,0.1097850273971699,10.72572249476896,7.708229589721491e-27,1.0759374683894114e-25
516,Zc3h11a,14.354828562013012,1.4387914493567542,0.4880690562457253,2.9479259767543518,0.0031991365845529,0.0074980686555279
520,Tmem183a,153.8688181074278,0.6961032108699945,0.1444424190263461,4.819243651292117,1.4410347983515717e-06,5.646773162489386e-06
521,Cyb5r1,47.07510923601589,1.0783061427149896,0.2650686683384646,4.068025653405806,4.741316253725096e-05,0.0001532912747634
530,Lgr6,13.235512979424836,1.541538629223594,0.5011898655615995,3.075757781926117,0.0020996833940046,0.0051271571029492
532,Gm15445,130.02290660915938,0.5251304836893657,0.1590745096544814,3.30116047398152,0.0009628579383143,0.0025215446195419
534,Elf3,502.7452723951328,1.8418719623989013,0.091354963728058,20.16170646054566,2.1242804251019434e-90,1.262757583971796e-88
545,Pkp1,234.0306873164926,1.3031254572965831,0.1266284088787716,10.290940783628873,7.741624110272681e-25,9.88308829201975e-24
555,Platr23,159.57375811854067,0.8550280582848724,0.1442881931666476,5.925835229618172,3.10714021030506e-09,1.596180536465022e-08
556,Zfp281,117.91589944184112,0.6599840135021896,0.1650741028250907,3.9981075299345754,6.385094482253391e-05,0.0002027741638794
558,Platr22,1099.0423613803675,0.730655534368262,0.0581425634433699,12.566620580461848,3.2220454031730207e-36,6.101674173093706e-35
561,Gm26936,398.92065192351487,1.7731319719131948,0.1025756621717108,17.286088477254836,5.988023191651756e-67,2.4584428015645445e-65
570,Cfhr1,141.83506554299873,0.8402680025705366,0.1498772253717856,5.606375488244906,2.066074825904684e-08,9.748479319530653e-08
573,Cdc73,244.09132608164103,0.6134539232808018,0.1169747566192483,5.24432741738962,1.5685344526871425e-07,6.798748995937851e-07
578,Rgs2,48.80237236143117,1.573409001403322,0.2647929732919342,5.942034570791419,2.815060309498609e-09,1.4543848498335765e-08
582,Ptgs2os,80.3026274434847,1.509569392451905,0.2092907264686526,7.21278681536808,5.481820351620411e-13,3.746032229629288e-12
584,Odr4,319.3029969822445,0.8485436596589092,0.1019790061787146,8.320768082127278,8.739510421830249e-17,7.61911112426379e-16
591,Swt1,25.736152313016746,2.234847039990804,0.3851419720211192,5.802657727130958,6.527194487246569e-09,3.249036092002851e-08
595,Edem3,581.3831720293692,0.7195881842063457,0.0801324958578051,8.979979676200935,2.70816780674086e-19,2.707464386531317e-18
597,Tsen15,31.443475918158622,2.272777345134901,0.3509503111461362,6.476065907200503,9.414493829952004e-11,5.482055484339675e-10
604,Gm28960,665.516849284273,0.6777643454545096,0.0722024357172669,9.387001127060657,6.17328571228475e-21,6.707403445754129e-20
609,Dhx9,316.2025127346729,0.8408098183461098,0.1033841857930738,8.13286685866069,4.192550284567699e-16,3.502360509018139e-15
613,Glul,16.836888242549264,1.6162432097598476,0.4515713602876523,3.579153489119185,0.000344708976505,0.0009750393904595
615,Ier5,317.92136189397576,1.2345710338199425,0.1031605363392151,11.967473974353856,5.2605901670322086e-33,8.989128325374904e-32
619,Gm37571,15.402488484275771,2.540774548439982,0.5165136276638819,4.919085213552925,8.694961302269569e-07,3.4915916590960426e-06
621,Tor1aip1,295.5643650143946,1.1554959238307592,0.1104739709706457,10.459440478859849,1.3263657698616171e-25,1.7558664998099277e-24
626,Soat1,1050.7096660783627,0.6382526515989511,0.0612367658794834,10.422703459798315,1.953208288946856e-25,2.568026884425772e-24
630,Angptl1,385.4151705645038,1.246069143492485,0.095434563616904,13.056790917958072,5.8126826388466265e-39,1.1932274921024354e-37
636,Cacybp,93.38979777725147,0.9136768700534074,0.1952855379409337,4.678671445346653,2.887396834338105e-06,1.092244758267063e-05
643,Gas5,277.43621398675987,0.7514568087177441,0.1085860309419721,6.920381951517495,4.504275299504113e-12,2.914998844521452e-11
649,Prdx6,10.078926075053548,2.246839644252473,0.6135113728671041,3.662262418628665,0.0002499975715321,0.0007258085256099
653,Dnm3,209.3581751973029,2.1075477289419,0.1379109574636854,15.2819454501783,1.0088347515338252e-52,3.039534214210327e-51
672,Mpzl1,286.5702975262631,0.6303942341354252,0.1070729997326628,5.887518195150764,3.920380221414399e-09,1.997292319288421e-08
673,Rcsd1,14.950410916151649,1.4475016558211935,0.4675619447822208,3.095850019392415,0.0019624959826885,0.0048289257071236
675,Cd247,1060.8465291531927,1.3351204216979782,0.061802041817046,21.603176568993696,1.6767922022069865e-103,1.1372639975849676e-101
677,Gm26665,91.4701251769702,0.6865573496407361,0.184885519190122,3.7134187287795832,0.0002044781495929,0.0006007911433458
683,Fam78b,122.68345545071456,1.4848675048158846,0.182020289986359,8.157703214994129,3.4145526998467563e-16,2.863314453531626e-15
689,Rxrg,3195.218629558028,0.5500548446522054,0.0385791236764942,14.257836680394744,4.006839282434153e-46,1.0402916963297844e-44
692,Hsd17b7,22.536619127214056,8.349381963045763,1.96886565163379,4.240706802984418,2.228170354891247e-05,7.544546985507109e-05
706,Tomm40l,271.5040105511118,3.2684025745777685,0.1486660436335332,21.98486281530764,4.020091096146725e-107,2.8787591868034872e-105
713,Usp21,301.75580901050967,0.6494782051178088,0.1194438269815093,5.43752005885036,5.4027269585487366e-08,2.452975059092195e-07
718,Pfdn2,1001.651604004695,0.894070309868573,0.0597055570278538,14.97465821232472,1.0751915662482162e-50,3.059824279844277e-49
719,Arhgap30,168.48244474239144,0.5354008801832594,0.1425732508171368,3.755268797721107,0.0001731555416447,0.0005145536998963
724,Alyref2,169.44667373217683,0.5130550785389073,0.1482189556937743,3.4614673685793425,0.0005372392449456,0.0014681106523221
730,Gm37756,906.9795937988036,0.6473238230066566,0.0640864473138391,10.100791199060115,5.4798272577808295e-24,6.842450970056258e-23
731,Pex19,237.75673425901297,0.9942449785998392,0.1172692618852893,8.478308489503345,2.2849146586777602e-17,2.0476452901631426e-16
736,Pigm,160.4853977592007,2.921572508531008,0.3189604324735778,9.159670639627144,5.205595167657436e-20,5.426224996699654e-19
739,Cfap45,66.17316688213391,3.1061053606521294,0.2714782517679509,11.441451904247224,2.595059264630428e-30,4.072735212869528e-29
740,4933439K11Rik,69.79478099935726,0.8266894509654137,0.2151279735634589,3.842779891763146,0.0001216485596998,0.0003693356783945
745,Fmn2,177.81468950081742,0.9616780349606228,0.1361300682209356,7.064405737311788,1.6130479548904345e-12,1.0732275848527712e-11
755,Gm36992,94.29974247503282,1.008741254948466,0.1840935383048479,5.479503866550985,4.2652012806871245e-08,1.9567055696501483e-07
766,Hnrnpu,676.1373123452684,1.8421595908163444,0.077355284838648,23.81426937614959,2.376411950468067e-125,2.177811808893236e-123
773,Kif28,531.8506080824563,0.6766041515176777,0.0818499243693895,8.266399226762344,1.3806566388845915e-16,1.1901785897126077e-15
774,Cdc42bpa,71.36925348746078,1.682535183208,0.2702567434246623,6.225691769563666,4.794358171856376e-10,2.63339059628615e-09
776,Psen2,101.43801719873676,0.5178370551198366,0.1781258970689685,2.9071407562895546,0.0036474903147417,0.0084509798172706
806,Mark1,21.82658176486565,2.102422948200957,0.4123127597900751,5.0990974649229495,3.412768018496424e-07,1.4270227162621117e-06
807,Gm38251,111.50366929021884,0.536365079772635,0.1730029691611654,3.100322973491686,0.0019330972905872,0.0047626765699921
825,Smyd2,444.949350555079,0.8110430519048178,0.0912304631280537,8.890046417570128,6.108338621697408e-19,5.9748399885421394e-18
830,Tatdn3,310.2439459927063,1.4268872935674637,0.105831284089391,13.482660688140514,1.9784148953124327e-41,4.4466679895226586e-40
831,Nsl1,19.822330793305408,3.057772218179884,0.485898486335295,6.2930268444381685,3.1133447200551564e-10,1.736075889531662e-09
832,Batf3,613.6138909903151,1.2088671946809613,0.0916650743550061,13.187871205986118,1.0305440506220766e-39,2.2036466949135404e-38
835,Nenf,111.42723816078929,2.81261307761258,0.2010593981939548,13.988965961687368,1.8203943053310653e-44,4.542429615053012e-43
851,Utp25,49.32838147200516,0.764930903213182,0.2497488075919348,3.0628010223096016,0.0021927580972536,0.0053307600924232
852,Lamb3,74.46146160760449,1.6336182056531174,0.2466349380157869,6.6236285045249765,3.504869535586124e-11,2.1152869999954512e-10
860,Nmt2,47.38184867035509,1.0743491578677105,0.2592399967460445,4.14422608915614,3.4096322754370424e-05,0.0001124083479927
862,Acbd7,926.5086010784572,2.665401157962415,0.1598180108713665,16.677727018563193,1.90323976005295e-62,7.07784525260271e-61
867,Cdnf,63.9451623528327,1.882576349078324,0.2361974292862091,7.970350713669862,1.5822469463256393e-15,1.2727415875459532e-14
873,Phyh,74.6741123190727,0.6947324396050842,0.2082789494842567,3.3355864398461312,0.0008511968672006,0.0022482461772895
875,Optn,314.6988220563622,1.0978257862274718,0.1047915049315112,10.47628609728413,1.1101819413275464e-25,1.473479411093009e-24
877,Ccdc3,2387.1920932551016,0.7609682642407689,0.0433603524055625,17.54986345874687,5.962318096099534e-69,2.5428213132284883e-67
880,Nudt5,265.297262419706,0.5783992479638693,0.1197449727199721,4.8302591317672805,1.3635547515813827e-06,5.3567973859012425e-06
885,Celf2,270.7755464733449,0.5796583893844174,0.1113187373854172,5.2071951497030975,1.917164391939956e-07,8.242575531501694e-07
888,Atp5c1,134.15991372018806,0.6126148231070754,0.157255739494472,3.895659548430092,9.793187020307948e-05,0.0003016724837228
891,Gm13261,280.1782072689724,1.4683789700891503,0.1111703697006332,13.208366348365091,7.850985705275708e-40,1.6858267213169426e-38
893,Pfkfb3,704.5751546936044,0.8053479297264459,0.0703035573181966,11.455294162163224,2.212109760630528e-30,3.478819394756651e-29
901,Rsu1,116.90157527385172,0.519864457572204,0.1643485155716315,3.16318316453318,0.0015605411362626,0.0039181492716731
903,Cubn,1573.572868912682,0.6210194358599934,0.0518380324968775,11.979996268133831,4.5234405229187015e-33,7.746706372731515e-32
904,Trdmt1,3671.920519466621,0.5629740797322554,0.0412354622693176,13.652668085914772,1.9462021053749098e-42,4.567641404626847e-41
924,Etl4,439.8916563948854,1.1300249935423934,0.0994397890957644,11.363911808522989,6.324770770593438e-30,9.718180716971711e-29
936,Yme1l1,275.62184370927315,0.9023531442868072,0.1155349509615185,7.810217919141679,5.708919170104637e-15,4.445853289981335e-14
945,Mrpl41,572.8147749517847,0.960420590595144,0.0774631870556708,12.398413066905114,2.6655019044772504e-35,4.891307189670053e-34
953,Ndor1,120.1380351268338,1.1065557371675472,0.1686690546775076,6.560514252500336,5.36225289804174e-11,3.1826231926850665e-10
955,Tprn,165.73906952696083,0.5727767706109477,0.1398036587280033,4.097008446147467,4.185236379667964e-05,0.0001363881882352
958,Grin1,743.1158905092893,0.7103885526015813,0.0710323118786527,10.000921183801047,1.509859422362e-23,1.8405222222237017e-22
959,Man1b1,85.56965447104403,0.6836644925373816,0.1954349896561636,3.498168335875675,0.0004684653488336,0.0012976776737392
984,Notch1,42.58365270762403,2.467770290800231,0.3269895623136311,7.546939031751956,4.4560705653543247e-14,3.254538065663908e-13
985,Egfl7,553.8163189125628,2.4787035195657547,0.0872821051422257,28.39875957994734,2.094711172428621e-177,3.4308694905011755e-175
988,Abo,77.18963739374122,1.8950047491061368,0.6387912903019441,2.9665475686282528,0.0030116376946441,0.0071028146364492
991,Rpl7a,12710.22729793741,0.9940317478376918,0.028698563488127,34.636986211833765,7.014134385774387e-263,2.3997691778529437e-260
996,Cacfd1,140.7911079070382,1.5864996996881244,0.1558081741597076,10.18239067522811,2.3764989186829872e-24,3.001523982940383e-23
1003,1700007K13Rik,4282.414202859532,1.0486491769272424,0.0375813690879837,27.903432003027707,2.424125467542818e-171,3.769882393766589e-169
1005,Ralgds,108.76633846230318,0.8014545199337395,0.1734712688401278,4.6200994855947295,3.8355608421085085e-06,1.4291455644990948e-05
1016,Cercam,71.53650958171794,5.117332147312352,0.4024925974391777,12.714102519824984,4.93745711726272e-37,9.64683880423564e-36
1017,Odf2,198.32136534477988,0.6305758739251462,0.1313183294539794,4.801887722354342,1.5717682000394364e-06,6.118569711202822e-06
1026,Dolk,958.2882752775004,1.0820043312537282,0.0700744058051004,15.440792095521036,8.702491286734029e-54,2.7177191856096777e-52
1030,Dolpp1,293.221516847946,0.6414576839168259,0.1039306967677198,6.17197520911895,6.744207730659392e-10,3.647131093123709e-09
1038,Tor1b,129.35204393387176,2.5814126949774696,0.1831896908644606,14.091473612930644,4.285252598487423e-45,1.0923137252700722e-43
1041,Gpr107,121.07314489056046,0.5611552423799261,0.1662990623737449,3.374374060623209,0.000739837601309,0.0019775242551655
1044,Ass1,87.87289764291874,0.6000000536685484,0.1882382101590886,3.187450906813559,0.0014353282178797,0.0036268362452776
1046,Exosc2,23.332531274157592,1.735532146863514,0.3820736892352717,4.542401625030022,5.561695263875418e-06,2.027654754502153e-05
1061,Slc25a25,227.6628409917072,0.5414744733583193,0.1209533279741638,4.476722405471807,7.579770136626903e-06,2.7151731275827783e-05
1072,Ttc16,247.71196209399335,0.6351298762767051,0.1130017730641916,5.62053018332654,1.903723268432952e-08,9.010059465353129e-08
1079,Slc2a8,13.95160210965205,2.283951231436585,0.5232204818480719,4.365179328166628,1.2701851160809504e-05,4.442473886229512e-05
1084,Zbtb43,2851.361537067576,0.5652192207874303,0.0398744265839238,14.174980537909702,1.3087942961258312e-45,3.3752423757375713e-44
1086,Mvb12b,1322.827599550266,0.7743965169271468,0.055113837386934,14.05085462459078,7.610997091369952e-45,1.9272847239922986e-43
1088,C79798,134.65666536306273,2.422317845654867,0.1890970134102106,12.80992122493284,1.442809609511262e-37,2.8515400190032596e-36
1089,Mapkap1,19.46967740478326,1.2076758225687485,0.4217359584454254,2.863582766383975,0.0041887936424036,0.0095854142268798
1091,Fbxw2,102.87807890003296,3.114070001020158,0.2279924936112729,13.658651439330477,1.7927300320684294e-42,4.2203167543922834e-41
1094,Cntrl,217.4674277666033,1.2720055882033072,0.1283270104829341,9.912220220952374,3.683677262195025e-23,4.403252727387779e-22
1097,Ggta1,31.911750936226102,1.0781444539191427,0.3154044161234456,3.418292195050209,0.0006301541688623,0.001702079576106
1099,Ttll11,73.1926000424494,0.9363561358767382,0.2181332507598796,4.292587822419956,1.7660266215866036e-05,6.06237366018893e-05
1103,Mrrf,11.591492099049177,7.390379452285437,1.9915953446704948,3.7107836549538433,0.0002066186319268,0.0006066171733688
1104,Ptgs1,520.1681011036609,2.016834334386688,0.0926165696340697,21.776171827085022,3.903601349840278e-105,2.731811199188224e-103
1106,Zbtb6,114.95334700488196,1.0564748401518516,0.1689506235637833,6.253157389223865,4.0223640377353575e-10,2.225235958497074e-09
1137,Gm13522,100.13325158506048,1.9763755913858616,0.1895003399783702,10.4294039346391,1.8202656182476653e-25,2.3973318612952148e-24
1138,Arl5a,155.0901023745438,0.6310472865356259,0.1431740190218112,4.4075544630726045,1.04544317764253e-05,3.6899686297534136e-05
1139,A430018G15Rik,184.814389589588,0.5866965184377092,0.1350961394901979,4.342807430705876,1.4067343147015629e-05,4.900018440983091e-05
1148,BB557941,1496.4925136796885,0.8691036452818074,0.0518568208010967,16.759678512019878,4.812191872180566e-63,1.829345828743012e-61
1158,Ly75,10739.909836095225,0.6306553341376923,0.0294833354340117,21.39023027259569,1.6474348094835016e-101,1.0932718244313787e-99
1160,Pla2r1,227.51386447035915,0.7236755544030141,0.1254776027772806,5.7673683461065055,8.051894025166842e-09,3.97202692763437e-08
1165,Slc4a10,527.6381733036358,0.8521833113878406,0.0834549505665553,10.211297299951363,1.7648915366685582e-24,2.234561685735948e-23
1167,Gm13565,16.352970851875323,2.1509781064728477,0.4728539728892257,4.548926793043465,5.392019517714659e-06,1.9695262750826783e-05
1172,Cobll1,92.7629365173766,0.5938641896637736,0.193401114927642,3.0706347783256493,0.0021360425617766,0.005207681913082
1174,Gm13619,23.21473513967797,1.3956380168761415,0.4287118878828492,3.2554217793408067,0.0011322408030305,0.0029272845345857
1176,Scn1a,371.682976250692,0.9676821180616954,0.0988055324525723,9.793805003036567,1.197044534601123e-22,1.3961892162665827e-21
1184,Spc25,176.98285986496293,0.8582348818869576,0.1446844688823577,5.931769239065905,2.9968762934683343e-09,1.5431407161952668e-08
1187,Klhl41,69.7613273997692,1.0696853906610062,0.2241124329138593,4.7729854910466045,1.8151487218779884e-06,7.016326819491216e-06
1188,Fastkd1,164.33806102414192,0.6970969159743228,0.1517942146011816,4.592381322343863,4.382167189599104e-06,1.6179339580591798e-05
1189,Ppig,90.58176382919656,0.9317759172871348,0.1917391366553006,4.8596021320479625,1.1762189203916294e-06,4.6516995885819485e-06
1190,Ccdc173,85.96057170724937,1.3778331566992887,0.1984534085956254,6.942854579569368,3.8425492276032185e-12,2.4993615508313962e-11
1196,Sp5,167.63785034660177,1.2518340790886475,0.1397896861298696,8.955124757384812,3.3935166884536503e-19,3.3751022568108786e-18
1206,Hat1,1912.600450884772,0.7826125915884596,0.0479851887773565,16.309461555307287,8.453461375103769e-60,2.971449573769353e-58
1207,Metap1d,565.2461909678165,0.5714714948713134,0.0767040297110576,7.45034513863266,9.309636049376671e-14,6.662476249705351e-13
1209,Platr26,4739.333034197708,1.2429182679878734,0.0353320713032618,35.17818860150234,4.3105241411287485e-271,1.6186543823614194e-268
1210,Gm13647,168.11262552914235,2.329632746366669,0.1619982042310492,14.38060846059775,6.848975421826085e-47,1.818048717145421e-45
1215,Rapgef4os1,30.55250022430112,2.441408338682664,0.3672262017041764,6.648241131359603,2.966160931203142e-11,1.7993307209142464e-10
1220,Sp3os,97.96974248472326,0.7897883331421527,0.1824596479167219,4.3285643820962925,1.5008446035292149e-05,5.196860992218937e-05
1230,Chn1,259.673712945422,0.6201148783109808,0.113772572216544,5.450477792931608,5.023467556447639e-08,2.2915942666390475e-07
1236,Hnrnpa3,288.0581482068358,0.5140708691893382,0.1100543769676764,4.671062463425001,2.99645794501978e-06,1.1309994244060931e-05
1240,Pde11a,95.732906101184,1.1884430437393363,0.1886067469060838,6.301169301918548,2.954085001634617e-10,1.6520556732715787e-09
1245,Fkbp7,47.91687696618148,0.879129823589753,0.2624383051500304,3.3498533039495637,0.0008085436890006,0.0021484878556875
1265,Fam171b,470.8131663696401,1.1123363100063228,0.0895057036620848,12.427546675749058,1.8523219563088333e-35,3.4153711184827303e-34
1273,Zdhhc5,1885.0596198711255,0.5704563985202992,0.0494512861690844,11.535724198755666,8.715063735477484e-31,1.390436489859185e-29
1283,Ssrp1,165.7613837290609,0.7392317689585391,0.1400060202319308,5.279999872390806,1.2918397649106078e-07,5.643917429217853e-07
1286,Ptprj,418.30235474692125,0.8008003010971131,0.0905870879544816,8.84011528772733,9.561988380507986e-19,9.218307645980025e-18
1288,Nup160,42.355162083248864,1.032515413743883,0.2737356656270248,3.77194331392214,0.0001619810601711,0.0004833999616971
1292,C1qtnf4,22.86261140366392,2.0267686463110857,0.3950944386370904,5.1298333970546,2.899987251157904e-07,1.224916425756573e-06
1295,Ptpmt1,255.4873013116684,0.7468216982403626,0.115485186218992,6.466818149508638,1.0008797538134488e-10,5.806158511571913e-10
1296,Celf1,172.1540935835143,1.2662114312660373,0.1485710126002798,8.522600802840948,1.560097673320411e-17,1.409581207654991e-16
1302,Ddb2,350.80866330211285,0.5646470867747727,0.1000662684183377,5.64273151881916,1.6737324167497252e-08,7.965621109205181e-08
1315,D930015M05Rik,83.22265753348456,1.005391783612179,0.2049907473041794,4.904571532296086,9.36314960309824e-07,3.742342972204063e-06
1316,Slc35c1,315.9987888251677,0.6189988453553379,0.1066884652303151,5.80192848419992,6.555652341719384e-09,3.2621468472240345e-08
1317,Chst1,245.8611027698862,0.8018297333164587,0.121924256777538,6.576457831352382,4.817875510499327e-11,2.880621800374665e-10
1319,Prdm11,256.5781901052854,0.6111986724446425,0.117518976396188,5.200850885427453,1.9837821644406805e-07,8.50523815197124e-07
1324,Accs,132.56672607178146,0.6969707192048012,0.1546861453054486,4.505708755160579,6.615176835577962e-06,2.387978020177217e-05
1342,Pdhx,276.43881541810566,0.778441017349206,0.114401961826375,6.804437659300159,1.0144470442785346e-11,6.364477055302494e-11
1346,Nat10,175.04022978131056,0.5005188039831701,0.1369316008479557,3.655246859626868,0.0002569346240157,0.000743285507581
1347,Caprin1,446.9005185858213,0.6087486026957103,0.0926708015009277,6.568936416176526,5.067591619566863e-11,3.0158732344356943e-10
1350,Fbxo3,53.01991012303907,1.5255855360069304,0.2610824875345021,5.843308566628101,5.1174099343199035e-09,2.585744776789932e-08
1353,Hipk3,427.9126843018496,0.55359710219324,0.0915710376501078,6.0455479854725445,1.4890302296027415e-09,7.840324697320043e-09
1367,Gm14015,853.5228605509965,0.64541744351095,0.0660514233505632,9.771438839182055,1.4931622883809794e-22,1.7389354456818124e-21
1370,Arl14ep,25.01465596483394,1.2217263295127023,0.3599084216002199,3.3945477687926267,0.0006874204664843,0.001846316757237
1371,Bdnf,81.62895662143006,0.6338154147942628,0.2094478391368729,3.026125346559762,0.002477095903516,0.0059520051486531
1375,Ccdc34,141.6919266249569,1.1072332218510623,0.1662125193688106,6.66155128419786,2.7095221618551787e-11,1.6475435704550683e-10
1389,Gm13963,205.6635501075714,0.7922414952270644,0.1279658724140207,6.191037346768884,5.976954426701978e-10,3.2447528333393397e-09
1392,Arhgap11a,1649.5835108817485,1.9712512807302824,0.063422376148806,31.081321773646504,4.3073688044879926e-212,9.897947778193605e-210
1396,Gm28494,117.58417082780043,1.0429473337417794,0.1645394857575879,6.338583890302955,2.3188657035118207e-10,1.3082175291780135e-09
1399,Gm29340,422.1846476781091,1.1189304473695592,0.090947664501241,12.303014634908958,8.72556445771844e-35,1.5785991820332914e-33
1402,Gm13986,277.4781158781287,0.7165887555438406,0.1108724433145614,6.463181780081933,1.0252400732463952e-10,5.942995545068336e-10
1403,Thbs1,1568.720920181903,2.616206108037341,0.0625021833742919,41.85783546744744,0.0,0.0
1405,Gpr176,977.839608001409,1.0773858697299958,0.0635455142709895,16.954554260675106,1.7810694349601926e-64,6.942112663454968e-63
1406,Eif2ak4,44.44378908891985,1.3923119692163397,0.2811290764365112,4.952571917728236,7.323897491860931e-07,2.968897466684857e-06
1409,Bub1b,976.4295077684174,0.5210898966359873,0.060028027888487,8.680776546649286,3.9307573601438985e-18,3.669978187797178e-17
1411,Inafm2,22.649500253774324,2.713958638280213,0.4434524954609027,6.120066221432483,9.353647705811524e-10,4.995100939253355e-09
1420,Gchfr,707.3348364861234,1.0098657012215193,0.0730341703539292,13.827304347097147,1.7443571406393642e-43,4.222660776302461e-42
1427,Exd1,271.0400099305066,0.6316013742067832,0.1101358085788767,5.734750417294524,9.76560418183064e-09,4.771540526292115e-08
1432,Ndufaf1,94.97498709792792,3.0668698914440737,0.2330277066488523,13.160966717427794,1.4719045391036438e-39,3.1300334646463676e-38
1443,Tmem87a,75.62919746423633,1.245228504498097,0.2303374719899162,5.406104763330088,6.441013146053637e-08,2.902131647545853e-07
1446,Lrrc57,90.85397687649748,1.256924859086339,0.2026693391859379,6.2018500881042495,5.580322163136866e-10,3.0423031169849572e-09
1468,Patl2,270.323819913243,0.5863671472592739,0.1099877040262173,5.331206360299184,9.756247639817325e-08,4.315058565430265e-07
1475,Gatm,676.4289491630484,1.1575615885310415,0.0740779670156762,15.626260211569798,4.822910496202679e-55,1.5373401656218722e-53
1476,Spata5l1,210.38648115555256,3.821680145362087,0.1780717135072287,21.46146667593529,3.5686724546425765e-102,2.37849701782152e-100
1489,Eid1,72.08695790979799,0.7356448857950341,0.2133210628466064,3.4485337546063928,0.0005636390168787,0.0015364352521008
1491,Cops2,36.39772606540434,0.958753218414332,0.3173745407501436,3.02088887201926,0.0025203384153946,0.0060393977032553
1503,Ap4e1,93.74912922603458,1.244829323291176,0.199167363759722,6.250167195027762,4.1001352539895335e-10,2.2641923375331004e-09
1504,Blvra,17.76147899114409,1.4023229232799648,0.4298517546621083,3.262340814177396,0.0011049621147522,0.0028644547430082
1507,1810024B03Rik,79.13922240064726,0.836517146914377,0.1994383693172795,4.194364152584857,2.736380835588416e-05,9.138680985839318e-05
1514,Kcnip3,6168.51493295886,0.8000674860763677,0.0320015342109356,25.00091029394981,5.975620531982089e-138,6.388934285444183e-136
1522,Bcl2l11,329.48012442832777,0.6089012396846524,0.1049039585353363,5.804368568985383,6.460901666827899e-09,3.2170776863674755e-08
1531,Polr1b,188.63848045787063,0.9697893442828264,0.1345917759770996,7.20541308889358,5.786814464388252e-13,3.943948450363946e-12
1537,Gm14023,303.19877260702697,1.6979223108368826,0.1205647491862621,14.083074217769404,4.8263691546702104e-45,1.2282112314926041e-43
1547,Pced1a,386.9042382854357,0.800770138379116,0.0916991405808717,8.732580625146609,2.4892668833474416e-18,2.344021586300747e-17
1560,Atrn,148.5512356218954,0.964767749617872,0.1491514286012351,6.468377531919143,9.906075390772988e-11,5.753071924418743e-10
1561,Gfra4,281.5491106987049,0.865758263172067,0.1093497101043626,7.917334781644992,2.4265574645285024e-15,1.9317103786908387e-14
1581,Cds2,49.27767565637175,0.9377797756792894,0.2510451184216167,3.735502931008357,0.0001873403974246,0.0005535008172614
1589,Bmp2,548.0591863381592,0.7963421337913313,0.0794646973342978,10.0213322457043,1.2283585633320849e-23,1.5057172325685335e-22
1595,Pak7,80.88232574595729,0.6708903105394332,0.1982147875331421,3.384663268007985,0.000712656220416,0.0019086956111172
1604,Esf1,1932.6437532325767,0.8108917844618112,0.0526113634649783,15.41286389586911,1.3413321218778704e-53,4.155160834694505e-52
1611,Pcsk2os1,994.8340394796932,0.7181811426207713,0.0615544138644511,11.667419077408104,1.8701087282161424e-31,3.0435723022849597e-30
1623,Sec23b,174.99451569459066,1.4727052078052283,0.1415857327255174,10.401508538012523,2.4403872693128524e-25,3.1894908657335043e-24
1633,A930019D19Rik,28.927780441633317,1.087371551391256,0.3294227072766149,3.300839703433664,0.0009639593954371,0.0025239998047873
1639,Cst3,48.65863834748808,1.3574661841963471,0.2661529295632377,5.100324037101439,3.3907248127264257e-07,1.418961653077903e-06
1641,Syndig1,136.59937961069443,0.9324667208739412,0.158001882176925,5.901617803703105,3.599542620801033e-09,1.8387046512890744e-08
1665,Tcf15,47.06031311016661,1.0181653403191453,0.2686512309559282,3.7899150385287967,0.000150698820356,0.0004516564216861
1674,Mcts2,826.0351066927727,1.149660231230402,0.0702242422684383,16.371272855258805,3.0673123629056825e-60,1.0931560448911085e-58
1681,Tspyl3,107.70111622737788,3.367711015702073,0.222780619335855,15.11671448684254,1.256574909572944e-51,3.643357308434096e-50
1682,Plagl2,295.11893261664125,0.5221852744958075,0.1098300212432831,4.754485782526812,1.989521409657844e-06,7.655753967281223e-06
1690,Efcab8,254.1910151080042,0.5655098986892658,0.1204145644175698,4.696357964873819,2.6484124461965777e-06,1.0085322290784691e-05
1707,Ggt7,2048.6909453304083,0.5281605937077453,0.0498305090735213,10.59914103884594,3.007295636284992e-26,4.086524591018865e-25
1710,Trpc4ap,342.28803693816457,0.5581739783641018,0.0967990371462523,5.766317463682663,8.102237430727061e-09,3.991745519471162e-08
1712,BC029722,411.98814100008735,1.144283304274942,0.0899445196979659,12.722101447841952,4.457097944164035e-37,8.719374834606034e-36
1714,Uqcc1,214.58446954212133,0.8682989371541338,0.1262530607542719,6.877448609694428,6.093399313776305e-12,3.901335663766226e-11
1716,6430550D23Rik,295.3591588408901,0.5197635945236967,0.1097867316777702,4.734302466068758,2.198097267712693e-06,8.426769306201349e-06
1719,Spag4,155.8281576678629,0.6906496912347073,0.1456196487971945,4.742833106242275,2.107498887667563e-06,8.089517046753877e-06
1725,Scand1,772.0072259093214,0.6602101604749112,0.0718249696014861,9.191930941816237,3.858517634318784e-20,4.0577689547795084e-19
1729,Aar2,200.24844270925664,0.8716078758238532,0.1281912300598919,6.799278510835972,1.0514437807504254e-11,6.58853416704662e-11
1734,Tgif2,276.55432801829755,0.8806329474031719,0.1130335189532872,7.79090092530081,6.653307014528117e-15,5.1630198989755485e-14
1735,5430405H02Rik,1032.068068896278,0.827374004869866,0.061134148421557,13.533745479934073,9.885567948530891e-42,2.261488917319192e-40
1738,Dsn1,28.13212468108145,1.267397296939668,0.3443532097093169,3.680515416161016,0.0002327629855511,0.0006784587136586
1739,Soga1,181.02630517913997,0.7129621243088892,0.1322672063710121,5.390316646660068,7.033364392209342e-08,3.1560967118174005e-07
1742,Mroh8,48.19081915419378,0.7422558811486754,0.255218022468868,2.9083207916447877,0.0036337537720432,0.0084254929328881
1744,Manbal,685.9883571487012,0.8281929378487932,0.0755489220956288,10.962339565883903,5.798076379159684e-28,8.374032263934566e-27
1745,Src,100.1597222326443,0.9956895005025544,0.1800236620164439,5.530881270549896,3.18625941701417e-08,1.4789161888558986e-07
1754,Tgm2,860.2750032929512,0.5905879883215055,0.0660374149438555,8.943232996379685,3.779477521352954e-19,3.749280664867917e-18
1757,Ralgapb,69.57964537205406,1.587195075948251,0.2423103729747376,6.550256418918253,5.743837237966048e-11,3.3960106803273915e-10
1759,Ppp1r16b,139.98876301688588,0.7723554688497979,0.153376444536191,5.03568505050038,4.76142887333996e-07,1.9653340196767297e-06
1766,Zhx3,578.5972573299036,0.6197183266629199,0.0787930257122748,7.865141883571262,3.686793420450725e-15,2.9034205371488166e-14
1770,Chd6,54.63689871783848,0.9041576535998666,0.2446623838382213,3.695531938402614,0.0002194268931066,0.0006421048749192
1774,Srsf6,1602.4236535047523,3.65904270009461,0.064714636391544,56.54119228849935,0.0,0.0
1780,Tox2,225.3185081392749,0.8156325158176769,0.1219669365231729,6.687324770698916,2.272871059753066e-11,1.388615985553897e-10
1786,Hnf4aos,220.74562620131917,1.1189561792801883,0.1237473520081532,9.042263621176028,1.5346046812850441e-19,1.5636514674430533e-18
1789,Pkig,42.81114574833389,2.259640587530756,0.3033715652192568,7.448425780767018,9.446054517816697e-14,6.748559413285656e-13
1812,Zswim1,753.3349189687143,0.5086929554676539,0.0743011518050573,6.846367022711883,7.574899079550923e-12,4.7973322183778686e-11
1818,Mmp9,36.00440701804391,1.6049767101245156,0.3228644532039624,4.971054243344055,6.658981415340783e-07,2.7122137002800712e-06
1823,Trp53rka,321.0249392492714,0.8854582102258959,0.1042392272763512,8.494481716354588,1.988180866191609e-17,1.786925429999183e-16
1828,Platr29,167.34268890761214,4.656274290749752,0.2337873473605557,19.916707825803204,2.915400761850995e-88,1.6562918866958643e-86
1831,Trp53rkb,1693.4155220867883,0.9406534735886224,0.0506391904956575,18.575602500385287,5.0633597922693365e-77,2.4514304201817203e-75
1832,Arfgef2,113.51199947137302,1.8012389638966568,0.1804153026039582,9.98384803228514,1.7937242322318394e-23,2.181372691899005e-22
1833,Stau1,525.7329260412564,1.4417982853449642,0.0852329107064639,16.915980850523972,3.430572291876206e-64,1.3270625880835696e-62
1843,Snai1,325.93887794100755,0.7403462570447958,0.1023672699361146,7.232255558899157,4.750371796162906e-13,3.2592123072069564e-12
1848,Ptpn1,158.13137548984687,0.5596767304173228,0.1425496369207534,3.926188396596616,8.630256877748583e-05,0.0002678319590603
1849,Ripor3,264.5094027702238,0.6161009058934528,0.110136961281399,5.593952282007493,2.2195798126252253e-08,1.0437584237989605e-07
1857,Sall4,235.955259593458,0.7308105551033183,0.1193839620001973,6.1215136678250825,9.269056620826823e-10,4.953363267415821e-09
1877,Pmepa1,172.7859160744218,0.8086200449051768,0.1487004308303352,5.437913262186839,5.390820512597806e-08,2.4482912274913213e-07
1879,Stx16,35.67315370647557,2.984668611091731,0.3610290016554742,8.267115930869082,1.3723849480915607e-16,1.1837108493455276e-15
1880,Npepl1,324.51718103967727,0.7610019217648856,0.1025103165234394,7.423661808622737,1.139258354180727e-13,8.109117716581819e-13
1893,Zfp966,155.56694732141275,0.5787170841280594,0.1430431298915728,4.045752386477624,5.215533966773958e-05,0.0001676725014668
1896,Gm14408,12.243980911980117,1.871928464720703,0.5328818523788743,3.51283958416692,0.0004433450600323,0.0012345343722658
1897,Gm14296,443.3984417285658,0.8806862980893693,0.0889606368381348,9.899730143476727,4.1739978391428113e-23,4.962383840265846e-22
1899,Gm14401,731.741656852048,0.533814769437818,0.0676992711185725,7.885088873451286,3.143117395361192e-15,2.4828853473053314e-14
1906,Gm14322,22.335132449973983,1.1253734199282883,0.3773925346043251,2.981970539264057,0.0028639955761454,0.006786836369145
1913,Phactr3,150.027014971825,0.7195788884294099,0.1486692511273705,4.840132596167579,1.2975252670138517e-06,5.105213138498661e-06
1928,B230312C02Rik,149.66215958633055,0.6093332687138054,0.1516343460182763,4.0184383334918286,5.858513686602111e-05,0.0001869769417888
1939,Col20a1,514.7881399999974,3.514249551581548,0.1111101998242529,31.62850536800549,1.4979719675531684e-219,3.7807830184341926e-217
1940,Kcnq2,2084.9621445754933,1.026968217676605,0.0442446182083623,23.21114429873203,3.5139641085062777e-119,2.8624863182308282e-117
1943,Arfrp1,608.025564627213,0.9461476120363708,0.076666544686338,12.341075444410547,5.442403152953761e-35,9.892708257718552e-34
1946,Tpd52l2,22.70324689773205,2.1734460414717685,0.4211266446600015,5.161027137635781,2.45598570806436e-07,1.0448288466802676e-06
1947,Dnajc5,1315.466088005639,5.06873070373093,0.0963774294039309,52.592507759126754,0.0,0.0
1950,Prpf6,335.63857044737324,2.920392453601212,0.1343872639894459,21.73116980661624,1.0411581031536848e-104,7.220572142411771e-103
1951,Samd10,174.7098708278635,1.2669487065822944,0.1537001452758617,8.242989649153351,1.6796010924683266e-16,1.4382168197798864e-15
1952,Sox18,93.22425903475768,0.7297672270611041,0.1887423660911765,3.866472812514031,0.0001104207671919,0.0003377111902439
1955,Pcmtd2,6320.8514177873685,0.7057064040008765,0.0810669515749396,8.70522932330211,3.1693327713731508e-18,2.971683760539649e-17
1958,Pex2,52.44391261468216,1.1998420997157804,0.2499198803507714,4.800906986798167,1.5794862318873718e-06,6.147060168386748e-06
1965,Zbtb10,1663.7036583962133,0.5218979144159144,0.050641188570636,10.30579907673284,6.633804867452423e-25,8.511171644941459e-24
1966,C030034L19Rik,114.3505893518236,0.5289566491431892,0.1665123346767175,3.176681476301168,0.0014897055302005,0.0037537653589146
1973,Zfand1,115.68165881441594,0.64811869283945,0.1767214668667586,3.667458766218296,0.00024497303949,0.0007121610490914
1974,Chmp4c,716.6294032520841,0.7026933400484263,0.0710906499325148,9.88446920538047,4.861513068428301e-23,5.748683195201391e-22
1978,E2f5,11.189885845371984,2.838730465023306,0.647305352017645,4.385458047233826,1.1574196468374858e-05,4.070267903771113e-05
1979,Rbis,63.55792807615487,1.507559972725098,0.2301522379088895,6.550272925531561,5.7432023667685037e-11,3.3960106803273915e-10
1985,Bhlhe22,13.215158009386128,1.5394732711705226,0.5153634031789719,2.987160635921028,0.0028158172502816,0.006683984333231
1988,Mtfr1,269.445716005017,0.8769709724566411,0.1112545501551078,7.88256274672806,3.2073386221136617e-15,2.5323172013365096e-14
1990,Gm16093,66.76116993327645,1.1853543490810303,0.2204794353615208,5.376258094717092,7.604975699316643e-08,3.400703045793756e-07
2001,Fndc3b,45.01878796671546,0.8048879559365835,0.2673458820449175,3.0106615062855244,0.0026067927415229,0.0062271809229615
2045,Exosc9,203.9597702195283,0.8806048268390279,0.1316839163010882,6.687261827978837,2.273848487086143e-11,1.3886620907250402e-10
2077,Ndufc1,2048.0815907094984,0.8940684054881021,0.0502811501693118,17.78138333107942,9.8518916622923e-71,4.3711736032464615e-69
2101,Gm43376,836.3157441992416,0.5435673270436349,0.0647896408868781,8.389725882146747,4.872769910975152e-17,4.291828692755916e-16
2122,Dhx36,10.909495682901786,7.303978237956284,1.9983179175932904,3.6550631777114617,0.0002571186524683,0.0007435384623221
2142,Mlf1,131.09506288894343,0.6359659193632494,0.1654727684113599,3.843326762880154,0.000121377687312,0.0003688041985111
2169,Tmem144,111.92541489834043,0.8979464476245301,0.1687465077803119,5.321274255900753,1.0304292064642425e-07,4.539195439978105e-07
2176,Rbm46,40.75740734851477,0.9519952679392304,0.2832168064286259,3.361365732295074,0.000775580543198,0.0020662464168674
2182,Mnd1,359.96473793433444,1.363114173596164,0.1054247207410807,12.929739476796176,3.058534695261005e-38,6.147415165566375e-37
2184,Gm6525,177.73481497622728,1.014877902191329,0.1375954921862508,7.375807783132739,1.6335155265479977e-13,1.149433503049953e-12
2187,Gm37240,137.44032844507169,0.7496082304294184,0.1566037421983946,4.786655924733723,1.695831975961886e-06,6.578238624819651e-06
2189,Gm15535,53.9839236320042,0.9061349351540812,0.2424616224620952,3.7372303540356775,0.0001860584524802,0.0005500729623189
2196,Mab21l2,269.8070809303805,1.5461045217861615,0.1135755523735085,13.613004642949818,3.351754605879271e-42,7.771628601222477e-41
2198,Dclk2,53.81212473376716,1.191234650869236,0.2497374978607105,4.769947088737307,1.84274315686598e-06,7.1158449067240105e-06
2201,Fcrl5,24.269432720685625,8.456594723967774,1.966211563070448,4.300958697833056,1.700607582134235e-05,5.848236393687443e-05
2202,Arhgef11,455.13798101092834,0.5899995243732316,0.0859914310399389,6.86114322366847,6.831163057337362e-12,4.349569331297189e-11
2208,Nes,17.478169807933142,1.580035154300668,0.4436898433609208,3.5611253625550847,0.0003692687123906,0.0010391630590325
2212,Mef2d,241.58162927165253,1.0145838880591778,0.1168047490408176,8.68615271545705,3.74920811752707e-18,3.502597583582935e-17
2217,Smg5,43.88377274827916,1.852100777636542,0.3031977280799032,6.108557571870884,1.0053559464961823e-09,5.35401596411457e-09
2271,4933434E20Rik,48.11885224897145,2.167074485498913,0.2847166002032115,7.611338727535387,2.7127124406087703e-14,2.0079288815198382e-13
2309,Riiad1,17.494814777397526,7.984290164443961,1.9749425262552107,4.042796212193264,5.281752366155101e-05,0.0001695535017291
2315,Selenbp2,109.51392262309196,1.2425807853362203,0.1730399185355432,7.180890951939444,6.925857922956918e-13,4.69944947473974e-12
2330,Cdc42se1,108.23077649707136,0.6062602610162691,0.1798914249621269,3.3701454149018324,0.0007512852638707,0.0020063812528281
2360,Mtmr11,285.3932903492151,0.8731390926710091,0.1085564382083131,8.043181105440365,8.753580905309005e-16,7.157202953698218e-15
2369,Gm20633,113.66239750726442,0.5189168609263014,0.169949014284881,3.0533678768883865,0.0022628834390126,0.005485648469066
2370,Hist2h2aa1,162.17685779073,1.502629438194235,0.145374804414157,10.336243919636903,4.83103053237676e-25,6.2450500484024015e-24
2380,Txnip,117.43115465329466,0.5282959237674797,0.1628987179136629,3.2430944241530426,0.0011823901818909,0.0030441604080924
2396,Fmo5,1101.4777948880617,0.7886147514666013,0.0601272977891596,13.115752419673528,2.6751394302419576e-39,5.618887676399069e-38
2412,Man1a2,31.71489743935382,1.6575350619208296,0.3301687862674523,5.020265787869323,5.16000318393876e-07,2.124723429257052e-06
2417,Ptgfrn,764.1346702394153,0.5398865155047321,0.0677808641311824,7.965176048210903,1.6498871679845397e-15,1.3257652838355936e-14
2431,Sike1,1784.6845262974173,1.0093540947029531,0.0489375389204464,20.6253546248775,1.6253489302219986e-94,1.0009548851879155e-92
2435,Dennd2c,55.99219166431189,1.3822611697635354,0.250079937120257,5.527277340520289,3.2523860334991785e-08,1.5077908874361142e-07
2436,Bcas2,230.71104162630573,0.5754172313188963,0.1231723183090741,4.671644077324356,2.987983964478603e-06,1.1280775163588171e-05
2441,Gm15886,417.0011645146428,0.6082993822844351,0.0942323369552465,6.455314618519257,1.0799430578963521e-10,6.23661039736393e-10
2448,Magi3,134.01649227995188,1.0713352458762184,0.1721551258062927,6.223080729421175,4.874863781839026e-10,2.675700634053249e-09
2450,Gm42701,13.111868328698302,7.568571510923001,1.986408249264934,3.810179258832485,0.0001388660658356,0.0004183099099209
2455,Gm43256,187.32027768466665,0.8447470852797442,0.1311717946768557,6.440005546625285,1.1946913608360011e-10,6.876062875301335e-10
2464,St7l,224.05564004268032,0.5236026852626887,0.1196011312342808,4.377907465080985,1.198242013028918e-05,4.205182136447053e-05
2465,Wnt2b,75.73235339929552,2.3354221937162745,0.2267142542831174,10.301170524548642,6.9609076496138905e-25,8.91598454022092e-24
2467,Kcnd3,23.79369564527085,3.346183680701804,0.4873579577172415,6.865967052995603,6.6042316099785125e-12,4.2120443192721285e-11
2476,Wdr77,35.71754575867414,1.2104367883048592,0.2997396116011037,4.038294377707142,5.3841259686417886e-05,0.0001726958404441
2478,Gm42722,291.696993563822,0.5887151783487846,0.1061637859426235,5.545348379596759,2.9336945919924006e-08,1.3674587326162578e-07
2484,AI504432,115.03698021032034,1.2194779251817314,0.1678778381271245,7.264079278041982,3.755876925291158e-13,2.596564038697021e-12
2486,Slc16a4,21.570354439328995,1.922918369936196,0.4205549793869622,4.572335281202021,4.823183515307438e-06,1.7722609403740646e-05
2493,Gstm5,521.2737680098658,0.5393716980704003,0.081756801365937,6.5972700626607805,4.187974892908375e-11,2.5078981505724356e-10
2498,Gstm1,4598.218900073213,1.6923439758954415,0.0387984334589841,43.61887388274341,0.0,0.0
2506,Sypl2,226.3113436382557,0.5111363641429323,0.1257040423990592,4.066188758833085,4.778823426843575e-05,0.0001544390543234
2510,Sort1,209.4030859777627,1.053763274541298,0.1278835265383713,8.24002358290548,1.7217671508945036e-16,1.4735034494258908e-15
2514,5330417C22Rik,1290.8837660352613,1.0316013871357246,0.0556669536203338,18.5316659174772,1.14680861990319e-76,5.534879470855647e-75
2515,Tmem167b,21.339941650314437,1.2716148053198566,0.3886155507656124,3.272166548185334,0.0010672668531391,0.0027732726533215
2520,Prpf38b,262.0563559888936,0.904871631009646,0.1233175224764647,7.337737677809262,2.1723440507537785e-13,1.5216291631212542e-12
2522,Gm43221,1139.3041616049456,0.5624623495265844,0.0591219979300061,9.513588329549986,1.84196707583354e-21,2.0505368835526518e-20
2526,Amy1,350.8418482265775,0.927300524680601,0.1073492803912656,8.63816246649055,5.712434457340464e-18,5.2790300663393625e-17
2541,Snx7,200.92243685780124,0.8105815563009238,0.1280377897163808,6.330799353038349,2.43894337139488e-10,1.3704369396348751e-09
2544,Ptbp2,46.2919500803222,0.7843491313193588,0.2674545476756786,2.9326445862886503,0.0033608838979169,0.0078447799412263
2552,Gm43608,355.6217845690224,0.5005650129524133,0.0993554318323983,5.038124274843992,4.701161785586362e-07,1.9414991108070715e-06
2560,Gm42836,332.8658670928555,0.6043002146862794,0.0984570533721588,6.137703638174897,8.372286298974806e-10,4.4928448887771405e-09
2572,Tram1l1,287.9774701740643,1.0708820481003345,0.1118123755141129,9.577491249751402,9.943073804251489e-22,1.1206703095919171e-20
2573,Ugt8a,111.929121539839,1.0444368260769263,0.1744437344101749,5.987241843958176,2.134293159347591e-09,1.1123756764155557e-08
2575,Camk2d,437.828662413185,1.6281591215227176,0.0976240883060433,16.677842013935898,1.899580090008002e-62,7.07784525260271e-61
2581,Tifa,74.07966107548475,1.137052996395869,0.2243119942919159,5.069069088281242,3.997661110623197e-07,1.6607660674353685e-06
2584,Pitx2,157.78864115780246,0.7726913824229449,0.1491390242039888,5.181014067559378,2.2068284630723962e-07,9.430011384252738e-07
2587,Egf,30.20924776176116,1.0407534820125692,0.3270568926009898,3.1821787143385207,0.0014617159215636,0.0036886704357308
2593,Mcub,322.3393542548353,1.1450386465926667,0.1056743524815884,10.835539747377831,2.335838271610677e-27,3.305382907143197e-26
2595,Col25a1,12.557424550179322,2.0114194878031717,0.548776424345114,3.6652804285525056,0.0002470677082295,0.0007178438263639
2599,Lef1os1,668.3917347303836,1.8387167726315976,0.079861906944228,23.023702325511383,2.6988567726088147e-117,2.1641457745356934e-115
2609,Tet2,219.36686296316327,1.1062543283422606,0.1225732628317219,9.025249901856752,1.7928569431825202e-19,1.812398259831785e-18
2614,Cenpe,243.39920145051056,0.9071167298516348,0.1155707574281005,7.849016049029314,4.193139647032251e-15,3.292074350112623e-14
2617,Cisd2,129.772921389356,1.1014458158322902,0.173307746983266,6.355433239453754,2.0784000178662862e-10,1.177734511412195e-09
2630,Dapp1,394.1534345465845,1.35305374259511,0.0990756783185099,13.65676991123182,1.8396462653276417e-42,4.3241517406083005e-41
2631,Trmt10a,28.257389466706627,1.7056351540583468,0.3483341730248131,4.896548447277517,9.753461023184858e-07,3.892283201476259e-06
2635,Tspan5,98.24865197897664,1.1480268323472362,0.2194113120988052,5.232304667273751,1.674095216997808e-07,7.235926434839487e-07
2643,Kyat3,155.60846212175156,1.234064676998581,0.1752468282278643,7.04186597542291,1.8968223823539363e-12,1.255122527629283e-11
2644,Gtf2b,2012.830539405036,1.167714265623073,0.0481944150856903,24.229244478781613,1.0944862376914016e-129,1.0466279574842743e-127
2646,Lmo4,190.67560422130435,1.361577431397298,0.1386093023218184,9.82313169888146,8.951847814308522e-23,1.0456953638019273e-21
2654,Gm35066,366.1697151907965,2.1655893053895503,0.1179965688940934,18.35298539344184,3.1246267107065324e-75,1.4802077796319314e-73
2660,Bcl10,32.08457316536323,1.058814679602644,0.3247582197126902,3.2603167998006786,0.0011128783491034,0.0028820647708658
2673,Fubp1,134.03001104430194,0.5095352175010003,0.1529094030063295,3.3322686995247026,0.0008614104243563,0.0022721046587957
2683,Slc44a5,72.4288151818492,0.7709095023147837,0.2194183675532576,3.5134228319681,0.0004423728899358,0.0012320501109719
2684,Tyw3,230.8312240098234,0.5499118291248233,0.1184304719103372,4.643330557199477,3.4283717310965936e-06,1.2852011485747054e-05
2686,Lrriq3,542.408675812154,1.0361381557107514,0.0792421257734745,13.075597677335251,4.5398159107150446e-39,9.39449002168936e-38
2693,Lrrc40,393.34562286305504,0.9495137399671536,0.0955582178180424,9.936494857775328,2.888111092217334e-23,3.4792925176665163e-22
2698,AI838599,52.07922965871714,2.423138492625181,0.5524581631075969,4.386103155748375,1.1539940971566491e-05,4.060076124274171e-05
2703,Plag1,189.2835522417937,1.00461205699893,0.1334437410448342,7.528356512887345,5.13829399064779e-14,3.735470562329194e-13
2708,Tox,289.9423066592028,1.3097426018681595,0.1087942369565155,12.038713065211873,2.223979903650429e-33,3.8300217669577183e-32
2712,Asph,260.43154966743595,0.7631654021051876,0.1121825451703693,6.802888996199752,1.0254166013855889e-11,6.428059444190766e-11
2714,1700123O12Rik,1446.8398026316793,0.7663802689877967,0.0549291343091919,13.952163612735994,3.0520414092708693e-44,7.57890798986037e-43
2716,Plekhf2,315.8869295089083,1.1383741379814842,0.104917732429058,10.850159564315936,1.9907750470035736e-27,2.822281088735453e-26
2721,Esrp1,587.0391556995829,0.570460634285519,0.0775248675577629,7.358421268639705,1.8609796276950086e-13,1.3076970492009289e-12
2723,Gm11831,15.969230516727944,1.5165569017450182,0.4630251859039334,3.2753226993135263,0.0010554133989644,0.002744787954469
2725,Fsbp,99.91874418554984,1.5415177998343228,0.1825006408778441,8.446643214070297,2.99798165555534e-17,2.6634117466203117e-16
2726,Gm11832,12.146482275533458,1.7754164522729077,0.543539424398542,3.266398668758037,0.0010892478316216,0.0028260970029739
2727,1700123M08Rik,90.36501883189278,1.8820729430218357,0.2029271558471221,9.274623374900695,1.7824765191005047e-20,1.904441949206896e-19
2732,Runx1t1,245.2705643286068,0.7473307124905696,0.1266432434649516,5.901070535179341,3.611504534081216e-09,1.8435916381536604e-08
2733,Lrrc69,1443.5667339886224,0.5087968690106265,0.053443761145344,9.520229454415034,1.7279709884623722e-21,1.9278145897367163e-20
2740,Nbn,186.88563550448384,0.6374504930994408,0.1330624486187233,4.790611473910186,1.662738154655261e-06,6.4563724159072885e-06
2745,Gm11867,46.80859044284304,1.4330486547081644,0.2996561277247127,4.782310529036383,1.732917005756896e-06,6.715326005696746e-06
2759,Fbxl4,18.99917697323595,1.740301170781283,0.4347244639935715,4.003228055753075,6.24840165880446e-05,0.000198884415834
2760,Gm11884,1427.8278206232071,0.534404152689253,0.0519545681745138,10.285989691882444,8.150042738403275e-25,1.038725645699146e-23
2777,Pnrc1,237.96376699381725,0.9224850115144954,0.1192260114555778,7.737279812117192,1.0156636782619098e-14,7.748839440297506e-14
2778,Rngtt,1062.7501554971946,0.6608384590082552,0.0580621364574358,11.381573247699937,5.165929068878741e-30,7.985406018519788e-29
2786,Aco1,263.534404939588,0.6564029858193059,0.1145810282455356,5.728723121708246,1.0118939642160466e-08,4.93166175152588e-08
2788,Ndufb6,546.2133075878544,0.6114806096784028,0.0851394170401547,7.182109426354274,6.864394324897224e-13,4.659797840657745e-12
2793,Chmp5,15.976775977806914,1.830111100057023,0.4653714288427986,3.932581560943292,8.403845206383821e-05,0.000261121293234
2797,Ube2r2,145.8993957439235,0.5478755219428468,0.1486971255635789,3.684506474932427,0.0002291462010101,0.0006688028266829
2800,Kif24,659.0735537760971,0.569316272521605,0.072655806587681,7.8357986685421235,4.658718505329208e-15,3.644595025815472e-14
2802,Myorg,357.7557208133145,0.5872034084169176,0.0994197288496488,5.90630667787213,3.498624153830022e-09,1.7889344892848565e-08
2803,1110017D15Rik,285.7652307235136,0.7576317907009347,0.1073735700366412,7.056036140387183,1.713192861569007e-12,1.1378911689696476e-11
2808,Il11ra1,104.9175022976973,0.6769294100178351,0.1785030480434319,3.7922568686509504,0.0001492843808335,0.0004475090507265
2823,Ccdc107,194.9126445989045,2.190036806711369,0.1439241971730384,15.2165990829069,2.744309872011904e-52,8.172416787136417e-51
2824,Arhgef39,409.9294551347396,0.9185039720616048,0.0903196884402852,10.16947675443846,2.7136245778854167e-24,3.4189004910903336e-23
2825,Tpm2,257.70091905387653,1.1441474211918252,0.115522851446458,9.904078776328587,3.996359834957488e-23,4.76222569806544e-22
2827,Creb3,248.43981287927235,0.7427285638115271,0.1150011821013198,6.458442863284298,1.0578578799817117e-10,6.115951903942335e-10
2842,Zbtb5,528.2318278498088,0.6040118397844497,0.0795841906936508,7.589595804391807,3.209049315202761e-14,2.365080098461547e-13
2845,Tomm5,767.5748589695135,0.523581664685131,0.0672907141467653,7.7808902955490415,7.201592576543242e-15,5.5576801658375824e-14
2857,Xpa,112.1367562734306,0.9403883948583148,0.1738675639162292,5.40864767226739,6.350241506579277e-08,2.862908293859285e-07
2859,Foxe1,56.2802440410261,2.015762725315649,0.2652565138300585,7.599295852191907,2.9774637942098455e-14,2.199665670616832e-13
2862,Trim14,196.7680109099671,0.7396840253382352,0.1312245446369731,5.636781041111919,1.732581773068325e-08,8.235513732065432e-08
2870,Sec61b,1575.9135904246175,1.076062473135379,0.0597217479637259,18.017933329563,1.4090985014527378e-72,6.456690633442366e-71
2874,Tex10,50.880037410793705,1.4273342540500746,0.3187571069538115,4.477811546510547,7.541212672344889e-06,2.70324820264079e-05
2878,Mrpl50,78.92177144137294,1.3250982537047618,0.2051662437933918,6.458656303320406,1.0563672051158836e-10,6.109627907574811e-10
2879,Tmem246,214.175452426436,0.6059167637982407,0.1261670807605011,4.802494915043908,1.5670079998642691e-06,6.101581984296988e-06
2882,Smc2os,229.10642201519056,0.5259173932278534,0.1195149872264802,4.400430485184615,1.0803633412534642e-05,3.808855965637357e-05
2885,Abca1,616.0169194036067,0.5826601179927345,0.073854412433733,7.889306796876018,3.03869663639179e-15,2.402864582120596e-14
2890,Gm12514,193.69186810788509,2.02004929102611,0.1416369946421067,14.26215866928298,3.7662167971479655e-46,9.827910815066116e-45
2893,Klf4,122.0220458431966,0.662781307992157,0.1651864406910079,4.012322713774872,6.012422978117743e-05,0.0001916506504577
2904,Txn1,382.70753009896754,0.6251519734254315,0.0950864143193132,6.574566702306025,4.87950522967974e-11,2.9117710787929804e-10
2916,E130308A19Rik,31.076768790945263,4.73217921195928,0.5513190535722214,8.58337686916053,9.212790936635944e-18,8.437842311745806e-17
2918,Gm12542,17.121137343818855,2.1642748076480087,0.4736562735696389,4.5692940818397245,4.893697101944707e-06,1.7964559032317765e-05
2921,Slc31a2,59.05046398227282,1.3769473242762058,0.2382158183846795,5.780251427521329,7.458906875733157e-09,3.6901455738684996e-08
2926,Alad,527.462877046266,1.7587899108684952,0.0881740556575551,19.94679611539218,1.5980640171997756e-88,9.146391676136709e-87
2931,Akna,281.8853838264816,0.559614658097944,0.1070520807299108,5.22749912269183,1.718182135743465e-07,7.418152597281658e-07
2934,Tnc,422.66651770919793,1.320913523995708,0.0962519402245079,13.723500231939973,7.343294835494214e-43,1.7447124581368657e-41
2940,Cdk5rap2,271.5053990928048,0.8906445425878724,0.1169129725414257,7.618012982026359,2.5761039589569808e-14,1.908647572285933e-13
2941,Tle1,541.9926929610475,0.518436254263056,0.0794422324128325,6.525952739708148,6.757062518926285e-11,3.9797909158909366e-10
2942,Gm11250,51.775860326569216,2.017898276750991,0.2696356565627886,7.483796106473381,7.22059510951929e-14,5.199639022738959e-13
2952,Nfib,10.2722918332801,7.216397734160939,1.998151928452072,3.6115360555948,0.0003043887541776,0.0008692949841067
2953,Gm11266,72.74817003343959,1.3341425408443153,0.2287218747471144,5.8330343012420895,5.442837339787357e-09,2.744773130801381e-08
2956,Psip1,129.69436495976234,1.0406985409006388,0.1584540950688382,6.567823573436344,5.105598101999862e-11,3.037317943523565e-10
2957,Ccdc171,1440.4022052954715,3.2805136037846903,0.0662604572318622,49.50937166499376,0.0,0.0
2959,Cntln,541.6830676162731,2.185134597014837,0.099179950571229,22.03201941954505,1.4209523445144173e-107,1.0222888923431762e-105
2969,Mllt3,466.8754089355022,0.7447389249926062,0.0850463103567337,8.756863429685987,2.007586590798783e-18,1.904424100550713e-17
2981,Caap1,2345.5455205880758,1.1490212904539896,0.045752062326482,25.11408736626321,3.489771477147919e-139,3.865361270659666e-137
2985,Tek,87.27664176605623,0.930296359538239,0.1953356410226389,4.762553083850272,1.911588890325696e-06,7.368758777029145e-06
2990,Hook1,865.427091118277,0.6035072219309745,0.065446956287796,9.221318395268314,2.934693604260337e-20,3.1053293973327943e-19
2993,Cyp2j6,84.17007307766097,4.524960265886841,0.3195376081595902,14.160963061433726,1.597892058523773e-45,4.107036082309184e-44
2996,Patj,853.3941000733261,0.6419726646463828,0.0676813128698909,9.485227715373911,2.4185443474394005e-21,2.6711555791375188e-20
3002,Atg4c,69.37192545340497,0.7707893272596419,0.2143375736566413,3.5961465556870107,0.0003229658904767,0.0009172445766056
3006,Itgb3bp,3294.065885525381,0.6159961418235032,0.039936758855956,15.42428978889544,1.1238466291365755e-53,3.495503576199336e-52
3013,E130102H24Rik,62.73036807934969,1.0652273373359042,0.2427852596710017,4.387528875432527,1.1464577695546625e-05,4.036328337540265e-05
3015,Dnajc6,96.85074410762697,0.5331212601341291,0.1844911917218681,2.889684082792648,0.0038562915197794,0.0088932690590958
3021,Wdr78,169.9880980691315,0.6146935177748825,0.1391539229335461,4.417363914838632,9.991193482144094e-06,3.532133521264993e-05
3028,Usp24,87.40575919439162,0.5708262665654266,0.1948298716278438,2.929870362260443,0.0033910344203071,0.0079103584750073
3029,Dhcr24,19.54094327621424,3.128937249856675,0.5078469006365922,6.161182131730083,7.220388707642958e-10,3.897794689441481e-09
3034,Gm12786,859.5824092623157,1.536187849169364,0.0661198441278396,23.233385822858494,2.0944520325573734e-119,1.7152225262368787e-117
3036,Cyb5rl,1522.7575801213352,0.7220201259022007,0.0556434092940582,12.975842693005154,1.6774126273369072e-38,3.411551494118761e-37
3037,Tceanc2,34.16354401058489,1.2964615847464898,0.3103809455481095,4.177001208811435,2.953774564439978e-05,9.803042292329793e-05
3052,Zyg11b,37.72473478674781,1.618342565744037,0.3083002616198936,5.2492416232176495,1.5272664581003068e-07,6.629206199298653e-07
3053,Coa7,30.88932208627195,1.2805046380784268,0.3270618508020654,3.915175783840884,9.033836556988236e-05,0.0002795115507061
3057,Gm12743,13.30973852404717,1.777418546758238,0.5288415259644922,3.360966299907354,0.000776703016696,0.002068520955726
3061,Txndc12,141.19557962153468,1.08590254987775,0.1614335711431277,6.726621620201809,1.7364751498278587e-11,1.0672563435828227e-10
3086,Lrrc41,121.96024662476452,0.5336506725542063,0.1653854194499463,3.2267093092551296,0.0012522260709523,0.0032067985010615
3096,C530005A16Rik,356.61079412733807,2.0863814048646936,0.1060669281437361,19.670423584223563,3.865381950503479e-86,2.1330258247294467e-84
3114,Eri3,34.583171545437914,1.1468908539651246,0.3058746483113794,3.74954531307738,0.0001771554851963,0.0005256284158957
3118,B4galt2,798.4622235489945,0.6292923861462276,0.0662976961641363,9.491919366070556,2.2681879627306238e-21,2.512303731956884e-20
3119,Atp6v0b,969.3983757602296,0.6289064468877595,0.0693843712874006,9.0640937608663,1.2564432028602186e-19,1.2887541339930664e-18
3120,Dph2,249.07508982939396,1.6742046211624015,0.1410858366932406,11.866567618708473,1.7656404279116255e-32,2.964427483983357e-31
3122,Artn,131.04261490962526,2.731827871550085,0.1848384078357304,14.779546651245314,1.984977506963513e-49,5.566614516796038e-48
3123,St3gal3,1585.2441702388844,0.5005222658887895,0.0488051346898865,10.25552473257509,1.1176728618353432e-24,1.4186060495314877e-23
3124,Kdm4a,11.28071613135117,2.321172614854448,0.5971237217935598,3.887255739702356,0.0001013839237002,0.0003113718111488
3129,Tmem125,157.72143039370837,1.2058978343646356,0.1433575717122252,8.41181822460933,4.037031917956745e-17,3.570025468630789e-16
3135,Svbp,140.9083578359855,1.6292473246670027,0.1565385861055711,10.40795988516354,2.2805647522482077e-25,2.9907644740726932e-24
3136,AU022252,142.82390931418908,0.6005473289427139,0.160795049699508,3.7348620499512255,0.0001878181122289,0.0005548057666686
3140,Ccdc30,381.00490326173855,0.8874752841921514,0.0982268547874094,9.034955726851868,1.64068831001721e-19,1.6662293681414888e-18
3146,Hivep3,68.67902597784087,0.9514268143338662,0.2137680482768846,4.450743794514714,8.557338528262449e-06,3.049034574893049e-05
3154,Smap2,1055.0945034699232,1.5210787311207583,0.0696819733311313,21.828869912919025,1.2343461949786554e-105,8.677622839219808e-104
3167,Macf1,247.00823391241752,0.546919252667309,0.1229051230454537,4.449930475762538,8.589809198844625e-06,3.059188119949383e-05
3168,Gm12925,154.83684926492109,1.1598505157405992,0.1480776350202765,7.83271907051851,4.774303016358608e-15,3.729333802123649e-14
3171,Mycbp,64.6852664145671,2.2070288559973856,0.2443060833392656,9.033867785160735,1.6570889286558985e-19,1.6806680596565356e-18
3174,Fhl3,122.951185619331,0.5169714308380281,0.1646475570513068,3.1398669989189787,0.0016902455334721,0.0042149368696691
3182,Rspo1,52.53445811213955,1.3580870150460502,0.2617051520852075,5.189378215236191,2.109974464086956e-07,9.026164726058008e-07
3189,Lsm10,297.43719954541973,1.303785728589032,0.1063145100829264,12.263478687641651,1.422590113125604e-34,2.5475659497195158e-33
3192,Sh3d21,34.02274119486922,1.7570408161799986,0.3179174716437347,5.526719897134113,3.262732432922249e-08,1.5121321052760672e-07
3194,Map7d1,293.54616097752404,1.9472032428501185,0.1157952643081611,16.815914316393002,1.865913958320516e-63,7.128439529107359e-62
3195,Trappc3,526.1971506138433,0.6509256932054506,0.0805634932800402,8.079660733464229,6.494720576786762e-16,5.34720417113417e-15
3198,Tekt2,55.54610433373352,2.64830746456029,0.2820371623241576,9.389923805560333,6.004367716434769e-21,6.528477779818482e-20
3202,5730409E04Rik,725.6199645400696,0.5569802507104523,0.0694273273789019,8.022493040394796,1.0362027233717269e-15,8.400935823607743e-15
3205,Ncdn,901.5654405236957,1.7841253395581729,0.0736468561571357,24.225410732421427,1.2012037737820162e-129,1.1415884753795014e-127
3207,Sfpq,1254.2899637748048,1.5198094328901732,0.0557468352387764,27.262703369267165,1.1749443400936638e-163,1.6749484314890784e-161
3208,Zmym1,221.9247345912843,0.7454316013878772,0.1275967859441629,5.842087603320059,5.155068341607715e-09,2.6039183788514562e-08
3209,Tmem35b,119.27432961142176,0.5932043867085787,0.16259887149319,3.648268781086978,0.0002640133571941,0.0007617596790406
3235,Ccdc28b,632.2639212397158,0.5827735901323889,0.0755474961829081,7.714002707931375,1.2193188504001743e-14,9.247602473281323e-14
3238,Khdrbs1,79.44709948677009,0.9422481167224168,0.2085426606198304,4.518251152650816,6.235249794172939e-06,2.258774254849096e-05
3240,1700003M07Rik,3089.5729335491037,0.7289757361979966,0.0383673980745548,18.9998741843652,1.7095377729833428e-80,8.686483020743084e-79
3242,Pef1,259.61008713262595,2.900087391781334,0.1336292990213269,21.70248151431585,1.9438446109030984e-104,1.3360460548867905e-102
3243,Tinagl1,44.261635417097416,4.219943357339671,0.4083712485442912,10.333595649503676,4.966329927209967e-25,6.409188227940038e-24
3244,Serinc2,72.67951869255434,0.7803420981893244,0.2181339090289629,3.577353478251351,0.0003470906638993,0.0009812353766791
3256,Oprd1,378.4478855818136,1.417642043825608,0.0985816707043883,14.380381603357243,6.871462827872404e-47,1.820878514594209e-45
3259,Taf12,36.72419165715339,1.1563478051410767,0.3003856189804464,3.849544492395786,0.0001183376875427,0.0003600646318987
3272,Eya3,142.49537233208147,0.7573698166710299,0.1563413507044364,4.844334613066244,1.2703668449566462e-06,5.002191290269188e-06
3273,Xkr8,27.736261593033404,1.971880518255405,0.3659782585710306,5.387971749892061,7.125724910853768e-08,3.194748419554589e-07
3274,Smpdl3b,236.90343294545576,0.8530765879265633,0.1259382481761788,6.77376889293528,1.2547004556669928e-11,7.823964445301346e-11
3284,Sytl1,94.37232490211562,1.2877239739438038,0.1899723310288876,6.77848172399374,1.2144533561055982e-11,7.582207571209159e-11
3289,Nudc,88.32430066589995,0.9007206429641456,0.1913115437755158,4.708135354451207,2.4999308611814933e-06,9.534043977892068e-06
3297,Hmgn2,347.8987742985917,1.26507168723939,0.1007039604347691,12.562283367781134,3.403662415475636e-36,6.437688765192e-35
3299,Lin28a,259.3177605960382,1.8001677566805605,0.1221119872014223,14.74194137641216,3.466738391047965e-49,9.686733987037107e-48
3311,Extl1,132.28857181910084,0.7160619842596448,0.1602381199320841,4.468736805968163,7.868287277459072e-06,2.8152486851907944e-05
3323,Clic4,22.579802061108108,1.546594618064625,0.3859913251274603,4.006811856597854,6.154384842596072e-05,0.0001959324008201
3327,Stpg1,439.1675998066316,0.5788200574475749,0.0866203059677992,6.68226752353829,2.3527301537096554e-11,1.4345597404559942e-10
3331,Pnrc2,2126.59963723345,0.6129923823051693,0.0434169317330672,14.11874026644545,2.9114938270526834e-45,7.458462389567905e-44
3347,Ephb2,58.1037452022467,1.0228290427786255,0.2410270968146004,4.243626780126686,2.199360244093536e-05,7.455162993849423e-05
3349,Cdc42,27.52945861056358,1.6867035929169074,0.3568759166822547,4.726302656109652,2.286447853616892e-06,8.753884876887298e-06
3357,Eif4g3,17.344642272104952,1.4557043239711092,0.4460189213708767,3.26377257605323,0.0010993937522833,0.0028514599410638
3369,Pqlc2,289.4796373149584,0.7737443945348508,0.1072396559425807,7.215095831239299,5.38960073303527e-13,3.686285779023146e-12
3372,Iffo2,101.87112632948951,1.1229497617470006,0.1795692474553531,6.253575028353355,4.0116170249266805e-10,2.2208865773380503e-09
3383,Necap2,198.4639715493533,0.5006293518240851,0.1328913466678291,3.767208056634732,0.0001650834164317,0.0004918955446841
3388,Gm13056,98.4357528441888,0.5196489895276082,0.1793310455328625,2.897707912110412,0.0037590049235804,0.008688431136983
3394,Spen,124.39399373132584,1.0547554052434485,0.1603923785591168,6.576094292751512,4.829663388146012e-11,2.8854286970856037e-10
3395,Fblim1,53.04091899535732,1.1956991803868458,0.258365164619491,4.627942711037765,3.6931614050682985e-06,1.380430031377313e-05
3400,Efhd2,407.2385362368752,0.5867372556733351,0.0926545330390419,6.332526174689167,2.411793555124227e-10,1.356666919060745e-09
3402,Tmem51,155.04081622823676,1.4605532187885604,0.1475647652844133,9.897709768138212,4.259166812483653e-23,5.055831321896555e-22
3408,Pramef12,60.22734844310159,2.458343259862747,0.2573266868916068,9.553394129300974,1.2551532157606334e-21,1.4095068497338226e-20
3412,Tnfrsf8,447.003078154702,0.7243248812439879,0.0862483597771413,8.398129345480697,4.536473440425822e-17,4.004790429403438e-16
3417,Zfp986,37.98219727973123,1.0055257888875673,0.293930624869712,3.420962988573504,0.0006239982360647,0.0016875244761026
3418,Zfp987,62.18635588628478,0.6802708246999821,0.2344463244852883,2.901605841735725,0.0037125534048337,0.0085888012352848
3424,Gm21411,68.6028461405069,1.4354462523959672,0.2191226448952703,6.550880458211149,5.7198833661573236e-11,3.3844475136571157e-10
3429,Zfp988,561.889431252902,1.4610000199909463,0.079741428608904,18.321718653380238,5.553115568041287e-75,2.6065782709013312e-73
3443,2510039O18Rik,511.3922117065658,0.7448004400838477,0.0846915221310096,8.794273869959651,1.4397601337126706e-18,1.3776598519975313e-17
3453,Srm,190.6033584407837,0.8471785126759009,0.1431698304785163,5.917297728469589,3.272739593107753e-09,1.6773335144969032e-08
3457,Pex14,387.0467061696893,0.5550541841710396,0.091630883111938,6.057501197418066,1.38252313275831e-09,7.301998679913187e-09
3461,Kif1b,1115.5505879954208,0.6430076183313357,0.0603187992283922,10.66015283057343,1.5634032170289338e-26,2.1472039187669458e-25
3470,H6pd,900.7380744872676,1.9337206130332427,0.0673425057704947,28.714711323980445,2.499694535242722e-181,4.423597363746776e-179
3473,Slc2a7,680.9198456657342,0.7904921017412798,0.0707420984813482,11.174281208942368,5.448971807550777e-29,8.160736376366904e-28
3474,Eno1,296.0435823856371,1.196091324460163,0.1152430640768639,10.378857365874994,3.0945669802633163e-25,4.03420433769128e-24
3477,Slc45a1,34.30895526366485,2.472040438582987,0.3591094357996902,6.883808087855094,5.827336893897157e-12,3.7397948652955657e-11
3479,Park7,203.6575398109252,1.1142775137430776,0.1267993416388961,8.78772318011207,1.5262147438669625e-18,1.4576676300605305e-17
3482,Per3,24.47526215395763,1.1434303964928925,0.3633287997646385,3.1470954056865224,0.0016490114627026,0.004123466051611
3485,Thap3,29.739130740109943,2.219041730390781,0.3597184167173793,6.16882991602351,6.879718084161668e-10,3.719106026114925e-09
3491,Espn,319.5528304766523,0.925676775861042,0.1026217221550338,9.020281051828317,1.876073650666009e-19,1.8927935731096906e-18
3494,Icmt,151.2380958139842,0.5186343938397656,0.1512916543286544,3.42804364286429,0.0006079477172669,0.0016467211567632
3500,Dffb,526.4924739732647,1.036888671501641,0.0830188318085961,12.48980079474302,8.486586379573471e-36,1.5837513199989471e-34
3512,Pex10,80.54789367697443,0.7875636398403255,0.2124929194461022,3.706305329576344,0.0002103047453673,0.000617086308305
3513,Rer1,37.57988024264093,2.619982566066997,0.3396614972913199,7.71351061854355,1.2240316621919655e-14,9.278774727280896e-14
3528,Fndc10,102.33569092424123,0.747421918851548,0.1821180603074809,4.104051611298902,4.059768322030815e-05,0.000132592687921
3533,Mxra8,102.49758266287074,0.6589758428249335,0.186432473802961,3.534662333137304,0.0004082965535419,0.0011412733729723
3543,Ttll10,347.79203309811754,0.8305111810506911,0.099058898796342,8.384013865913879,5.1152763871599505e-17,4.500274014669405e-16
3553,Fam133b,656.4717769498506,0.8580169366459215,0.0823733188919574,10.416199664982717,2.0914392530082397e-25,2.747423100624134e-24
3555,1700109H08Rik,71.33632824625273,0.888691376346539,0.2194064508807992,4.050434127068369,5.1122699870967627e-05,0.0001646829991762
3557,Pex1,1137.5461594659223,1.4976743532467192,0.0597149659674155,25.08038527668174,8.141742242522666e-139,8.827483349709786e-137
3560,Krit1,65.67689836259484,0.8045913727293478,0.2185699395333195,3.681162077673052,0.0002321733526175,0.0006769963895642
3566,Fzd1,62.71596957785204,0.7735982629376265,0.2236167692606543,3.4594823344214283,0.0005412147776439,0.0014784497368002
3573,Cfap69,376.1297829606298,0.8123908324204148,0.0946781741904009,8.58055026268958,9.442036108071784e-18,8.637527505637148e-17
3574,Steap2,1005.3851305141364,1.7672846703869158,0.0696564447474535,25.371445194976356,5.212212181147863e-142,5.900530789775918e-140
3575,Steap1,405.887260352323,0.7420439889122136,0.093274541885002,7.955482534849414,1.784346922010041e-15,1.4300783556099216e-14
3578,Adam22,19.50887419230633,1.4338202597466387,0.4311340031294122,3.3256951419724907,0.0008819833708341,0.0023219931561836
3583,Abcb1b,96.55029459863142,0.991297177569718,0.1898036292148024,5.22275143879287,1.762839480936649e-07,7.602430433753681e-07
3588,Sema3d,121.27755536731908,0.8747013757370617,0.1624677301717169,5.383846840308313,7.291054977640022e-08,3.2660192736615e-07
3592,Pclo,167.4465414321406,0.619108362605995,0.1421580791371975,4.355069837490492,1.330245008555258e-05,4.645146779704412e-05
3601,Magi2,155.49577814318457,0.8376208275837833,0.1443025707142999,5.804614730268124,6.45141730257486e-09,3.21339439632619e-08
3604,Rsbn1l,32.10355526399522,2.9697533453083755,0.3849630867830353,7.714384696271215,1.2156728059291156e-14,9.224494095655331e-14
3614,Psmc2,160.1334736567707,1.170114373721497,0.1481631889697595,7.8974702276441935,2.8462096245863693e-15,2.2552878733984423e-14
3624,Pus7,133.77196997860602,0.929401528685864,0.158716459831952,5.855734998562267,4.749049661908963e-09,2.408312536058972e-08
3627,Fam126a,11.85779227818847,2.091590626932116,0.5598312951871329,3.736108797263588,0.0001868898331873,0.0005522755991846
3635,Fastk,177.53840973215972,0.5927289583907291,0.1376679673652799,4.305496548939504,1.666115881676001e-05,5.737311588969741e-05
3638,Abcf2,10.697492693273915,7.275423238830653,1.9979141803319644,3.641509385363991,0.000271044242253,0.0007802911656184
3639,Chpf2,358.0045017192186,0.5056196711686303,0.0990876658162202,5.102750852022417,3.3475158495017655e-07,1.40240419099127e-06
3641,Nub1,12.40429492023702,1.6470348853251773,0.5173601529902755,3.1835364123145675,0.0014548781348847,0.0036720170106042
3651,Paxip1,285.59363865739107,1.346399955919814,0.1158728097640783,11.619636726347949,3.275259371974864e-31,5.285733049363207e-30
3655,Rbm33,27.892919429610163,1.2107371335393762,0.3610524039382501,3.353355691121351,0.0007983803443302,0.0021236806809448
3656,9530036O11Rik,1533.8357697432557,0.6488805031116252,0.0498348789125201,13.020609606590307,9.34220831662341e-39,1.9101280111916868e-37
3661,Dnajb6,133.83820786481257,1.4384010479061078,0.1594167444891956,9.022898143573585,1.831778615338688e-19,1.850529105101997e-18
3671,Dpysl5,137.68427406493348,1.032669518645633,0.1576037376185838,6.552316171236957,5.665143643333672e-11,3.354636597414047e-10
3675,Ost4,219.97777978936367,0.6175572828886879,0.1261626545536326,4.894929367756445,9.834104254358696e-07,3.923448279349741e-06
3679,Slc5a6,467.8833361105151,0.5751384602209307,0.0842773471011565,6.824354111794747,8.8321776699523e-12,5.568395061694742e-11
3683,Mpv17,88.81752947590826,4.403307110409905,0.3037779047242112,14.49515268204745,1.3001296681773383e-47,3.4933327000450784e-46
3684,Gtf3c2,224.04553822555764,2.188763272660921,0.1528189646960092,14.322589326624849,1.5812025707856362e-46,4.1756766346167496e-45
3686,Snx17,222.24473287026527,4.015932906197649,0.3805813103117772,10.55210226405428,4.967303603753154e-26,6.690866691459629e-25
3689,Gm9970,36.6499509883972,2.9808657457164127,0.3640403846882582,8.188283144105132,2.64978849096523e-16,2.240315409494821e-15
3690,Nrbp1,308.1749240807957,0.5183917839197945,0.1057420875223775,4.902416777142693,9.466472436652664e-07,3.782657919405773e-06
3691,Krtcap3,677.2543080620487,0.5728614003646382,0.0708293623677209,8.087908477709352,6.069798638572003e-16,5.005389386151823e-15
3695,Gpn1,145.42490331411145,1.024131208038377,0.1495821507677711,6.846613735540939,7.561853043069375e-12,4.791040718152103e-11
3701,Gm17130,47.937556649962254,3.96737127039106,0.3703011096078747,10.713905973957932,8.75866372774178e-27,1.217043201735672e-25
3702,Fosl2,586.2861487042402,0.7296014560931797,0.0817716714040361,8.922423176214638,4.561953268942886e-19,4.4994127180425796e-18
3708,Depdc5,941.0066922102465,1.0381502376875098,0.0635858076658833,16.326760259813828,6.367720353658391e-60,2.24341928066189e-58
3716,Tmem129,509.2207132352144,0.5537264215557707,0.0824904186794392,6.712614997234669,1.911670343780368e-11,1.173060048339679e-10
3720,Nsd2,1340.2986828733674,0.5048408017686861,0.0547046340931482,9.228483292824317,2.744909646864841e-20,2.910511633824455e-19
3730,Rnf4,110.54516843830908,1.4797527092999716,0.1800147482755483,8.22017486608884,2.032066691706636e-16,1.729447141266742e-15
3731,Fam193a,308.6938478915484,0.7482870451968884,0.1060285201664124,7.0574128925165365,1.6963103146365284e-12,1.12716416073129e-11
3732,Tnip2,181.0941922810304,0.520584692603134,0.1324610722204327,3.930095717002896,8.491205275471634e-05,0.0002637292645171
3733,Sh3bp2,1029.6801175445594,1.538881453567785,0.0648061687761563,23.745910036483675,1.211019385906722e-124,1.0903423663988241e-122
3737,Grk4,12668.347782069975,0.6311420849544149,0.0274173420989905,23.01981288615325,2.9521635566028555e-117,2.3550005242205988e-115
3741,Lrpap1,18.98551758947445,2.8028704217551,0.4793962698925001,5.846667147376044,5.015196099833538e-09,2.5374288252723356e-08
3746,Sh3tc1,576.3718933236738,0.6921730169669046,0.0781682033101886,8.854917826628425,8.374548457878241e-19,8.114194339678627e-18
3748,Afap1,835.3159668045543,0.665032993922137,0.0732164468694658,9.083109360766892,1.0551651114140889e-19,1.0844674269246537e-18
3754,Bloc1s4,155.95182159422183,2.43800603582289,0.1736242725020745,14.04185025912065,8.642633893771052e-45,2.184925967627243e-43
3757,Ppp2r2c,53.84816846158731,1.821830016649861,0.2674985980235686,6.810615196156447,9.718225803006448e-12,6.107012427064786e-11
3767,Clnk,63.84376823005972,1.7464842280343875,0.2358950152858897,7.403650415918114,1.3249093126976997e-13,9.378530472778749e-13
3785,Qdpr,796.1391452057791,0.5896336535353893,0.0697311213358442,8.455817750234523,2.7713818005542138e-17,2.469224201466012e-16
3788,Med28,224.7443022152524,0.8066589399673559,0.1194884043778823,6.7509390904266775,1.4689126070564816e-11,9.108086386726375e-11
3797,C130083M11Rik,37.90522819109845,1.6283959852440857,0.29619592790761,5.4976987588837405,3.847795090302541e-08,1.771021022729385e-07
3799,Lgi2,91.77297421023049,0.9139373676815016,0.1877265381894371,4.868450547781562,1.1247666064915675e-06,4.46082088447815e-06
3831,Rbm47,343.67976621691014,1.261866792171614,0.1026106313760284,12.297622334545029,9.327965647414235e-35,1.6856028064271078e-33
3835,Limch1,97.9292583409848,0.752615466831114,0.1844360795906202,4.080630365282332,4.491373046696423e-05,0.000145699914511
3841,Atp8a1,82.32557976210704,1.3440905146292568,0.2085233949565983,6.445754035939293,1.150270799970564e-10,6.632797466796556e-10
3845,Gnpda2,41.384452263612665,2.085092288865942,0.2996709633461857,6.957939019461162,3.452866010827573e-12,2.256380522185964e-11
3846,Gabrg1,338.16855101949994,0.6637200299164914,0.1050991568408407,6.31517939693475,2.6984825914299633e-10,1.511307310936912e-09
3850,Gabrb1,24.356285769549874,1.995807050257136,0.3813981032784326,5.232870937483749,1.6689727652363334e-07,7.21581148373451e-07
3857,Fryl,17.537116826054913,2.3487159570096963,0.466958724701927,5.0298149124613705,4.909535311170762e-07,2.023753832685008e-06
3858,Ociad1,25.2234102881725,1.1725607758065455,0.3610719282251607,3.247443747760277,0.0011644668009294,0.003004162188522
3862,Usp46,377.1578323769175,0.5226982397542241,0.1004741608323507,5.202315057165679,1.9682118895887037e-07,8.443184801367423e-07
3863,Usp46os1,204.9696424427459,0.6731107472108753,0.1246516613691193,5.399934022681458,6.666541008812954e-08,2.996731835669613e-07
3865,Rasl11b,256.35025172892006,0.7107376694001879,0.1144247109236835,6.2114001745149245,5.251454771101639e-10,2.869105665574196e-09
3868,Lnx1,954.1710311032498,0.7585994436831073,0.063740271429035,11.901415332498075,1.1635682269570609e-32,1.9686040024429572e-31
3869,Chic2,302.1152143960724,1.4205552747663006,0.1153377276537808,12.31648397851658,7.384422421014886e-35,1.337536089340532e-33
3871,Kdr,905.8140543295008,1.0271273092252635,0.0640816386062598,16.028418304598837,8.091619004627848e-58,2.744021281833708e-56
3877,Cep135,20.88139727074466,3.561006481012263,0.5273818486977804,6.752235576186697,1.4558423476398392e-11,9.037963219460871e-11
3878,C530008M17Rik,111.79807141400411,0.5660710255535989,0.1683035386892443,3.3633934851411085,0.0007699054012105,0.0020536146148713
3885,Rest,590.8278328804341,0.5557151299789717,0.075560382168,7.354583368085685,1.915235420279303e-13,1.344594825837672e-12
3888,Adgrl3,160.48933532648508,1.3300925396638072,0.1452696944261565,9.156022148445556,5.3845609964377434e-20,5.608978423623511e-19
3890,Epha5,378.6544220400533,1.0088281038614484,0.1014497968054073,9.944111625935529,2.6755052185859044e-23,3.2307512427724383e-22
3891,Cenpc1,78.8713105977598,0.6262740982302569,0.2029063585610223,3.086517853219028,0.0020251578488883,0.0049711942349306
3898,Utp3,378.8088536846167,1.064955073948797,0.0978126790338338,10.887699677261928,1.3193054656557766e-27,1.8859820751380072e-26
3900,Grsf1,51.39623727428233,0.873110024604674,0.2503776189055428,3.487172808900554,0.0004881558240574,0.0013480981286437
3904,Gc,651.9167794144643,1.012660351827698,0.0730591745976322,13.860823878792036,1.09411186363444e-43,2.665339596917064e-42
3908,Gm9958,119.35554224295488,3.044692639947643,0.2199633143222022,13.841820165919929,1.4255069899919851e-43,3.456237105183717e-42
3911,Cxcl5,142.29927281964382,0.5892707001308382,0.1580190533432791,3.729111696744012,0.0001921559673168,0.0005668582626576
3913,Mthfd2l,101.10573861491248,1.9707377403321271,0.1964932579264321,10.029543818088555,1.1303763555121153e-23,1.388928521106507e-22
3916,G3bp2,125.2606524465034,1.0136746325524482,0.1810291709072346,5.5995098882261845,2.149586725930508e-08,1.0123902487741237e-07
3917,Uso1,85.99868491098515,0.6174030751044463,0.1903923052223029,3.242794263053664,0.0011836364879253,0.0030468596168028
3924,Stbd1,108.56498849719712,1.255568445274598,0.1739415055022651,7.218337231525501,5.262707773256503e-13,3.6026967041821748e-12
3925,Ccdc158,267.57728726121167,1.0004621197606658,0.124407166329629,8.04183673077034,8.850176105988205e-16,7.228504579723842e-15
3928,Sept11,599.7420334522591,0.9781761330645732,0.0748493960577244,13.068590858237462,4.977910270978148e-39,1.0273445915814957e-37
3941,Prdm8,2013.034606391884,1.2224884991291596,0.0508521795551072,24.04004134777309,1.0610698760231796e-127,9.900746552274467e-126
3942,Fgf5,209.7976584175709,0.8178948269719952,0.1360479800508282,6.011811617242869,1.8346144353634542e-09,9.604122355272269e-09
3951,5430416N02Rik,21.2724385508056,3.077320467585982,0.4703373118447672,6.542794692422018,6.037969685436202e-11,3.564439466141708e-10
3954,Gm15777,116.31248690914056,0.8474471329557115,0.1658467042836819,5.1098219685218895,3.224625256410408e-07,1.3538677515051714e-06
3956,Helq,190.6491835374878,1.328094619788729,0.1405770531288677,9.447449567542556,3.4718684677637265e-21,3.8180633521207376e-20
3957,Mrps18c,37.03129918164003,2.720037771223583,0.3434771600470979,7.919122688829175,2.3919224249843778e-15,1.9061096094751284e-14
3997,Mtf2,12.929486755523492,3.387389166963836,0.6364052540769521,5.322692019375194,1.0224276591277867e-07,4.506526263936846e-07
3998,Tmed5,96.03205068086837,0.800772590391822,0.1819238739681649,4.4016905144178615,1.0741069503382324e-05,3.788533930677532e-05
4005,Dgkq,2124.1351184885148,0.9329593365173336,0.044799241617782,20.82533772507025,2.551212818295537e-96,1.6032029612440037e-94
4009,Crlf2,30.80178026274227,1.8297268526481325,0.34935081114537,5.237505665577963,1.6276130563829873e-07,7.042925974163146e-07
4010,5430403G16Rik,23.371762049434427,1.371654359501923,0.3831354262898393,3.5800770834077764,0.0003434928641675,0.0009719043536229
4011,4930522L14Rik,49.363617643487885,1.7151218647269706,0.2783846119358118,6.160979419086686,7.229638819346205e-10,3.901420233531518e-09
4017,Gm35315,249.14212964014575,0.5624792622380201,0.1144386376196107,4.915116729261297,8.872957601176202e-07,3.555649537420844e-06
4020,Zfp605,80.52438964471934,0.6882382545472359,0.2050270859901235,3.356816252952984,0.0007884549251621,0.0020983668155222
4024,Gm43138,201.61110023858512,1.3507927498780283,0.1360512434966623,9.928558645707389,3.1274341401997464e-23,3.755848363690741e-22
4031,Galnt9,66.86977141173061,0.7517385690410937,0.2197383035715603,3.4210629499844174,0.0006237689241193,0.0016872006949651
4033,Ddx51,289.0845178592584,0.6899562389944638,0.1068749192861881,6.455735766657366,1.0769437352260351e-10,6.221623169808643e-10
4035,Ep400,382.1448638410472,2.8186892083943493,0.1158183510536497,24.337155405438875,7.929609012218563e-131,7.825914125135703e-129
4039,Hscb,84.60066839800982,0.8145105166178952,0.2132217820197483,3.820015520470869,0.0001334432768944,0.0004033161937705
4043,Gm43118,852.2521783293424,1.1980067916384427,0.0662238719629716,18.09025591720604,3.803169182350879e-73,1.7636624316709077e-71
4047,Tpst2,339.160907437332,0.5034968840163719,0.0998168403273746,5.044207794646936,4.554041886689517e-07,1.884279196115877e-06
4068,Fam222a,45.62458441835637,1.064092222358735,0.269365456052309,3.95036630885623,7.803167514889072e-05,0.0002441820468683
4069,Trpv4,3519.074342851552,0.8581189667403116,0.0417961166604749,20.53106927878308,1.1364639978751377e-93,6.915810162563487e-92
4080,Sppl3,205.57148820054496,1.5142808208977094,0.1413188227900584,10.715351224990789,8.622933936276493e-27,1.199265500297316e-25
4093,Msi1,45.10006616866016,2.538240869723361,0.3087507030451321,8.22100434003653,2.018059627958295e-16,1.718475997347672e-15
4098,1110006O24Rik,26.405425676085105,2.1851451359639205,0.3766314978734462,5.801811978822233,6.5602099936549155e-09,3.263360034323459e-08
4099,Rab35,65.31787728328247,0.7425199807146972,0.2230868121680594,3.328390295681529,0.0008734939941067,0.0023008235300715
4100,Bicdl1,103.73372323620356,0.6819794094215329,0.177202887674634,3.848579548397258,0.0001188047183906,0.0003613428376811
4106,Hspb8,397.4586696268445,0.5672694762011409,0.0925130114051684,6.131780466173959,8.69009677696148e-10,4.655279400768926e-09
4118,Tesc,586.0691047367683,0.5772761320740141,0.0774930761410743,7.44938981416993,9.377291983523719e-14,6.705656636243899e-13
4119,Fbxw8,39.55398618276939,1.2811352043132564,0.2921771017802569,4.384789898000919,1.1609777749516755e-05,4.081395627080714e-05
4123,Tbx3,284.5694021626681,0.5369913615710621,0.1106678377474677,4.852280233363005,1.2204999755100852e-06,4.8132217271909e-06
4142,Aldh2,70.40342816978587,0.6726916930942266,0.2129272377801608,3.1592561858561035,0.001581723843094,0.0039680984663965
4147,Gm16552,152.03261982359,0.5931196621177401,0.1448060596517858,4.095958853821525,4.204246044347521e-05,0.0001369047633222
4148,Sh2b3,100.38211076517644,0.8047624180612947,0.1799676938862448,4.4717048970465445,7.759846092244218e-06,2.7777398380886305e-05
4152,Tctn1,355.0913865539176,0.6487759964415106,0.1010752851818712,6.418740202158485,1.3740666916869558e-10,7.870212345689126e-10
4153,Pptc7,336.9604977225399,0.551464268818495,0.0978603523618933,5.635216464162601,1.7483858355616834e-08,8.308070470465334e-08
4162,Ift81,780.9554858455989,0.7182989914452337,0.0676218277707026,10.62229482883689,2.3471877568134728e-26,3.2008239773162293e-25
4172,Tmem120b,61.37213227328285,1.0194221944307436,0.2279030236437784,4.4730525209009135,7.711082795267632e-06,2.761568520956977e-05
4175,4932422M17Rik,39.20919320955768,1.4493302315075036,0.3255212581806999,4.452336660307962,8.494085008405809e-06,3.029301199662169e-05
4179,Wdr66,11.304111694634011,2.109639209418767,0.5744788490836451,3.672266111770461,0.0002404091471485,0.0006992894822404
4181,Bcl7a,347.5101873296128,0.5821269268926743,0.1037021563128712,5.613450554840798,1.9833129313011177e-08,9.375218265370589e-08
4196,Ogfod2,50.21394901667862,0.9950889078484476,0.2540140370830007,3.917456370819759,8.948823550069164e-05,0.0002771597010196
4209,Eif2b1,248.7489866364979,0.8194923478046489,0.1147962000120739,7.138671382140321,9.423732373543952e-13,6.332945596817228e-12
4218,Gm32585,69.56379464871857,1.2953135105266032,0.218183383720056,5.936810991017433,2.906193759479478e-09,1.4989534043868026e-08
4221,Gm10382,20.28732816840065,1.3850931527542552,0.4336695260357993,3.193890899864419,0.0014036915493337,0.0035533106040023
4227,Tmem132cos,97.68974889542592,0.5323611258400287,0.1785429555405588,2.9816977333451526,0.0028665486597523,0.0067918410534851
4228,Slc15a4,106.76621576758096,1.6126781957959844,0.1866142185081613,8.641775576845747,5.534606414923693e-18,5.1177657876375476e-17
4229,Tmem132d,27.503150033809906,2.119497161186504,0.3892940092815514,5.44446385162225,5.196165443296742e-08,2.363372619349974e-07
4239,Nipsnap2,179.5721179115496,1.2158838345766034,0.1365586816559995,8.90374613925679,5.399285580421011e-19,5.308263141517362e-18
4245,Zbed5,3225.768061261006,0.7147949667139487,0.0456514730963247,15.65765392073394,2.945644364864144e-55,9.448154300301743e-54
4246,Nupr1l,2000.6544079323287,1.551668766348205,0.0567156394557978,27.358745863343746,8.49853299698257e-165,1.2228356450611554e-162
4263,Gtf2i,489.64843506705193,0.6491361231660927,0.0852483493910642,7.614647413151384,2.64412254695826e-14,1.958100564356391e-13
4275,Bud23,27.30902857329362,2.2393614328159974,0.3903097799457541,5.737395135543946,9.614377052958227e-09,4.70212671878478e-08
4284,Hip1,48.868536821602426,2.672297869623479,0.3235314638689025,8.259777388162515,1.4594439477710815e-16,1.2552848614460097e-15
4289,Srrm3,141.9100960822676,0.5162716318814394,0.1520901188741858,3.394511331196453,0.0006875119491582,0.001846316757237
4290,Hspb1,101.72626499077386,1.1277715077389,0.1780686370964443,6.33335283589599,2.3989011425113616e-10,1.351389754486093e-09
4294,Upk3bl,88.16119564537426,1.6516793756493895,0.1991825216302387,8.292290719742756,1.1108801040007503e-16,9.61388987138592e-16
4309,Ap1s1,154.8583144548734,2.14422328744984,0.1635424090527793,13.11111472473078,2.84387417399987e-39,5.957045820802992e-38
4315,Slc12a9,11.641508445882748,1.5984805066326309,0.5523518108299148,2.893953591336825,0.00380424384346,0.0087824468756802
4322,Gnb2,39.72685293461284,2.07576953439929,0.3242947772977967,6.400872538545792,1.5449150661494972e-10,8.822519420785481e-10
4338,Zkscan1,28.187712796673782,1.6644788885020425,0.3493015624953031,4.76516302020385,1.8870102096453036e-06,7.28130556082684e-06
4341,Cops6,40.700442858266,1.0043410620010975,0.2896446812266334,3.4674935432881213,0.0005253363625071,0.0014396722387255
4342,Mcm7,1221.2150060470788,0.6933834140850432,0.0559961862654335,12.382689971032349,3.242884277587461e-35,5.929625455788188e-34
4348,Map11,364.0655613229303,3.478100525765902,0.2178920326395466,15.962495202932166,2.332180412377749e-57,7.8569474023999615e-56
4349,6330418K02Rik,2658.91420245584,5.456614072868956,0.0811754339540505,67.22001727711955,0.0,0.0
4353,Zfp157,32.05453670132139,3.272657149704164,0.4053914297793152,8.07283259906534,6.868574925865999e-16,5.648962583260306e-15
4362,Cox19,554.9670592872928,0.7107622755230336,0.0801151874310478,8.871754511399729,7.200236822881644e-19,6.998412002846324e-18
4373,Gm16121,61.58306219092996,2.0830749420441204,0.2453997290160946,8.488497319846271,2.093260629441317e-17,1.8769854776283355e-16
4379,Ttyh3,84.63388270858485,1.0201740616772603,0.200914647088963,5.077649023893901,3.821337583132374e-07,1.5909495248757717e-06
4389,Papolb,60.91127682196319,3.4813907906408645,0.3140875710271132,11.084140576642993,1.4978184016396504e-28,2.206738001114264e-27
4391,Wipi2,401.6557862327491,0.7958025875717061,0.0935534145179696,8.506398100721903,1.7942015048655353e-17,1.6173024806153266e-16
4393,Tnrc18,296.166053080014,1.2481815000619347,0.1085543878232711,11.498213246745957,1.3467442639927633e-30,2.1442062759495946e-29
4408,Kdelr2,99.16384606316888,0.5930243720732556,0.187690836237968,3.159580850933907,0.0015799625643211,0.0039649720685065
4410,Rac1,416.5181495261466,0.5609383951732477,0.0905937634170049,6.191799236678541,5.94812844740445e-10,3.230242877468744e-09
4413,Usp42,562.2101629203706,2.2475132181389936,0.0880935883439473,25.512789981535736,1.4218235788977438e-143,1.633611628411169e-141
4420,Rsph10b,85.11716391541093,0.7341910234063598,0.1938577820474435,3.7872661889151207,0.0001523138993186,0.0004562066478946
4428,Tmem130,203.17548632497656,0.5748513920039544,0.1257708969139966,4.5706233008503006,4.862757065949377e-06,1.785949613248011e-05
4431,Kpna7,99.31168823707272,1.2948872566240084,0.188923765936411,6.85401992812195,7.180307255531266e-12,4.5586808456148187e-11
4435,Ptcd1,337.7763039499684,0.6161814393106678,0.1065991387506321,5.780360390641655,7.454077290941957e-09,3.688941625565489e-08
4440,Zfp655,553.1146870026247,0.7261055124157021,0.0798798180352552,9.08997454269654,9.906224898794237e-20,1.0188125487096597e-18
4442,Gm43625,212.47768902941075,0.9014741014412272,0.1246786616212759,7.230380000224467,4.816444158111474e-13,3.300132365744738e-12
4458,Slc7a1,221.1351190276625,0.9965927983725176,0.1250226750178895,7.971296392673689,1.5701842079566637e-15,1.2636986965865552e-14
4471,Gm42531,544.4728815854838,0.7414660555630832,0.0824128890508281,8.996967150439101,2.320389520365868e-19,2.330379455678598e-18
4480,Gm20559,104.02525010096092,0.6313263061693224,0.1728784682410123,3.651850416034352,0.0002603575300886,0.0007516340771133
4496,Asns,2433.0484570024346,0.5599081176033448,0.0441445355257688,12.683520416168054,7.297896074442537e-37,1.4150932992709986e-35
4497,Mios,84.85070536397237,0.8217364635822448,0.1989150269081024,4.131092941318517,3.610425617557422e-05,0.0001185963576016
4503,Gm44129,378.5362637634512,0.8345319370779655,0.0945289134903744,8.82832464971623,1.062552625013219e-18,1.0230806888495013e-17
4506,Bmt2,344.2730255936292,2.1499203359865726,0.1299094043996485,16.549381824372283,1.617550103213566e-61,5.929476521208585e-60
4526,Aass,113.40884647893904,0.7397986406270355,0.1767352790788156,4.1859137829358914,2.8402114928884088e-05,9.45468024746161e-05
4528,Ndufa5,165.50544326638774,0.7208234823561303,0.1396034512888742,5.163364341649172,2.425503808282862e-07,1.032431756492202e-06
4536,Arf5,209.23737063603917,1.2612549932987105,0.1282789181722889,9.8321299498702,8.186864025230463e-23,9.577884386964148e-22
4540,Prrt4,457.2535731990595,0.6287834250865846,0.0901910787980683,6.971680940798897,3.1317618276656358e-12,2.0561452067693016e-11
4543,Fam71f2,488.849941963675,1.160933651462515,0.0866673117373931,13.395288583315129,6.442513797193703e-41,1.42104502036668e-39
4548,Kcp,211.69180358599257,0.997939663455682,0.1271978460698378,7.845570458070213,4.3098978011288305e-15,3.3802947807529025e-14
4549,Irf5,449.0386732847583,0.6810332931166252,0.0932102060457666,7.306424071010367,2.743454106366587e-13,1.909503590489149e-12
4559,Cpa2,69.1282922060468,3.9310538822675496,0.3116607819950489,12.613245263338902,1.7848898964379868e-36,3.422187402933904e-35
4560,Mest,35.38275937203776,1.861798275551502,0.3247786356347826,5.732514615416748,9.895250505095878e-09,4.8318197518698436e-08
4563,Mkln1os,690.5257065751597,0.5614047500323177,0.0706168748476942,7.950008425651093,1.864988307251381e-15,1.4931544450568e-14
4564,Mkln1,367.1339176907124,0.5555374412346116,0.0986094698557258,5.633712888299785,1.7637055783273103e-08,8.378281729073518e-08
4572,Gm13856,406.0977345875024,1.5402274691905051,0.0941834836991955,16.353477368810275,4.10849902016823e-60,1.4541253083795417e-58
4573,Slc35b4,219.3769008934281,0.6574282570213366,0.1204073596680853,5.460033828775932,4.7604386816126136e-08,2.1761197726279038e-07
4581,Agbl3,180.05341539019943,3.2832905035370405,0.1790352313831013,18.3387955441654,4.0568596001778723e-75,1.9100737126709026e-73
4592,Dgki,70.65620136668387,3.5643944469399105,0.2869235356882381,12.42280260624164,1.9655318565002488e-35,3.615451429232716e-34
4603,Klrg2,80.318167207396,0.726514279379223,0.2499060469289449,2.907149660071213,0.0036473864911331,0.0084509798172706
4607,4930599N23Rik,43.3472197193198,1.5532121011237774,0.2841953111898274,5.465298124099992,4.6212945653861125e-08,2.115025301090505e-07
4610,Slc37a3,285.6641414989144,0.608723111347425,0.1147287092232055,5.305761003230234,1.1220389131797743e-07,4.923029668656541e-07
4617,Braf,157.65647727519013,1.4331081276013813,0.1503817804453063,9.529798911528388,1.5758818453580957e-21,1.7594109420691258e-20
4623,Gstk1,124.07903547746156,0.6452600314805051,0.169804909151024,3.8000081075784,0.0001446913539579,0.0004345821470029
4628,Gm44284,23.990259790404973,4.183699697642942,0.5508907094602722,7.594427761800278,3.091555553897079e-14,2.280670307033993e-13
4635,Cntnap2,156.96836852265238,2.0349674851518937,0.1520045162423606,13.387546208872374,7.150426870784045e-41,1.574935223213035e-39
4638,Pdia4,42.17762041664812,1.0483544971218743,0.292292526154351,3.586662002326633,0.0003349380113716,0.0009486213434653
4651,Gm38804,75.68659456746515,0.8902858736062261,0.2124120340880635,4.191315607086198,2.7734154127762967e-05,9.248322221161764e-05
4653,Tmem176a,34.39176706812096,1.0413416560273387,0.315865837485178,3.296784686556056,0.000977984439564,0.0025563749459301
4655,Gpnmb,919.1059599532692,0.8700946495982306,0.0672614105406631,12.93601550434646,2.818737832409949e-38,5.67284806114818e-37
4656,Malsu1,490.5797669975655,1.0861395167372794,0.0961893355647928,11.291683328092637,1.4424727425183458e-29,2.192330734828475e-28
4657,Igf2bp3,75.03228382640951,0.9120479813610584,0.2036655163632398,4.478165953898696,7.528706535542786e-06,2.6993937079929377e-05
4667,4921507P07Rik,143.89620825678395,2.0074612031265158,0.1597056029812062,12.569760644920818,3.096599806989277e-36,5.871336284286564e-35
4669,Hnrnpa2b1,80.06775139152508,0.5920805375191848,0.1971177018195987,3.003690343655965,0.0026672664503884,0.0063588160839549
4689,Wipf3,27.88650145146709,1.787326028697192,0.361026132446225,4.950683255493741,7.395338259488875e-07,2.995491392872684e-06
4691,Fkbp14,49.92235519286376,0.7755827311590069,0.2530391155629478,3.0650705106739418,0.0021761868524635,0.0052946667192271
4692,Plekha8,133.67423251681512,0.6046230611878397,0.1564993696787305,3.8634217021387327,0.0001118097424676,0.0003417555678045
4698,Adcyap1r1,63.18854266261,1.0571127849857016,0.2341894119771123,4.513922196828499,6.363957152330576e-06,2.30269058324986e-05
4700,Lsm5,50.89795531201907,1.812236874579888,0.2818411804726903,6.429993202343576,1.2760965193573514e-10,7.33910422563533e-10
4701,Avl9,74.05991499572315,0.948296263033343,0.2082477174221751,4.55369343189912,5.271215757445549e-06,1.927687358708591e-05
4706,Abcg2,730.7974600321463,0.9155175707367312,0.0758418228772277,12.071407780094702,1.4955373325914209e-33,2.5929383752902607e-32
4707,Herc3,57.33373186417402,2.497255352510643,0.2713008640108427,9.204745298602656,3.4248247814295394e-20,3.6102591158162107e-19
4710,Tigd2,296.4530216274811,0.5216146205780242,0.1073150054578948,4.860593524199001,1.170343370984611e-06,4.630842081644583e-06
4715,Grid2,32.36903427648844,1.0567885822294,0.3173345333388995,3.3302035272057697,0.0008678252535364,0.0022870656630345
4728,Tacstd2,140.00506633555813,0.5177048297722724,0.1661574160915302,3.115749160946792,0.0018347827200905,0.0045415297039412
4729,Rpia,18.905471850619097,2.710385087366309,0.4844727954112929,5.59450419721778,2.2125311765871985e-08,1.0410797675652967e-07
4734,Krcc1,166.3866682363997,0.5891709855181686,0.14333877772342,4.110339120199602,3.950784623481979e-05,0.0001292800851501
4737,Kdm3a,918.188677540889,0.6233418638680854,0.0617688580283163,10.091523200612356,6.0227594440154046e-24,7.483971299439964e-23
4760,Suclg1,103.92848626732788,0.6435909303991225,0.1786271832782605,3.602984263579605,0.0003145845805156,0.0008954232208575
4774,Mrpl53,1051.8265575001174,0.6470117719491109,0.0648512161864641,9.976864120617009,1.9245310604724925e-23,2.334915697953861e-22
4781,Mthfd2,40.86168805661727,1.30674635681668,0.2837360907706538,4.60549926259798,4.114774440234523e-06,1.526899669362514e-05
4785,Dguok,82.8793925359915,1.746321571406025,0.2029115743208496,8.606318181951963,7.544466395892087e-18,6.934603261561466e-17
4804,Tprkb,167.6664530966077,0.7399431896143022,0.1450504409404309,5.1012819045354085,3.373606241810296e-07,1.412181666637067e-06
4810,Snrpg,39.4627287821866,1.323692051893577,0.2865907413165279,4.618753717628345,3.860517346995866e-06,1.4374008482309154e-05
4835,Gm5577,201.7012532105623,0.5696504579096944,0.1335813326270481,4.264446586261628,2.003982746334061e-05,6.827465891250101e-05
4845,Tpra1,226.7933806053829,0.7280398908031778,0.1245358542302024,5.84602639379185,5.034541979331152e-09,2.5463800365894352e-08
4847,Gm26811,114.22582565076384,2.958226097688352,0.2044966841541982,14.465887845192338,1.9902021479720503e-47,5.3288960469874245e-46
4850,Vmn1r47,300.75696409659224,1.804344248069252,0.1154863348502812,15.623876629286396,5.006677609178995e-55,1.5926200097297482e-53
4854,Iqsec1,2010.903932854079,2.6507438252851623,0.0527045429833651,50.29440870252495,0.0,0.0
4855,Nup210,16.20145605290207,1.8544817161495912,0.4728661665611875,3.921789815574861,8.789364757388131e-05,0.0002726048747073
4856,Hdac11,212.0439075478332,1.1550899602230165,0.1266409478496908,9.120983219376908,7.444582449698474e-20,7.666989670470244e-19
4864,Grip2,158.08702631957357,0.6605049185612271,0.1463997053769933,4.51165469807718,6.432384387512233e-06,2.3258100054048458e-05
4868,Nr2c2,10682.21866425252,1.0582831045921215,0.0297714355426506,35.546928970758664,9.267894047305191e-277,3.658679403905403e-274
4871,Trh,99.10703913351146,0.5738204998280434,0.1782471800323821,3.2192402691801214,0.0012853073980745,0.0032816903318003
4876,Magi1,204.92603196068757,1.0429964920380204,0.1253796093184283,8.31870906049091,8.89265359674469e-17,7.743851514450296e-16
4879,Kbtbd8,51.63177471373168,0.7473208158584641,0.244527823029632,3.056179074427467,0.0022417732305035,0.0054387552248397
4898,Cntn4,433.8163506580681,0.5754130350723689,0.0878693925027969,6.548503622055344,5.811644779881033e-11,3.4347824580056957e-10
4902,Lrrn1,230.5900919157612,1.228743237194857,0.1218482567384947,10.084208589310643,6.4885938616324695e-24,8.043348719298993e-23
4906,0610040F04Rik,13.926793420617466,2.6784109816732675,0.5585647176308836,4.79516678574611,1.625395393355767e-06,6.317744881622163e-06
4923,Ttll3,275.0794928729697,1.3720258895066206,0.114723431748582,11.95942161592092,5.7964240044621985e-33,9.882806641495015e-32
4935,Gm44053,165.87500860755082,0.5144241508399283,0.1412142209321308,3.642863639683757,0.0002696216872496,0.0007766922597309
4972,Cacna1c,23.92362487273286,1.306931471044452,0.3749993514585984,3.485156616834157,0.0004918490644561,0.0013570803219296
4982,Il17ra,149.15965646252857,0.5563978476829419,0.1546419171382269,3.5979756199323685,0.0003207036722445,0.0009111558844577
4994,M6pr,111.3298045465292,0.9324098963064348,0.1703735388210528,5.472738916844159,4.431327315361365e-08,2.0311019752099906e-07
4997,Mfap5,73.28306519128026,0.672634961119429,0.2100348078902431,3.202492805244569,0.0013624370348305,0.0034613994370051
4998,Apobec1,116.28217689049087,1.8282439801319528,0.1801610609524389,10.147830893461457,3.388100323495353e-24,4.261698740239743e-23
5003,Gm26826,917.3159655469736,0.5561505062350824,0.0681694245206833,8.158357066170336,3.3961229185865963e-16,2.8509655645888345e-15
5005,Necap1,6717.313646240892,1.5627409058969497,0.0376484069551874,41.50881889257796,0.0,0.0
5009,Lpcat3,2266.751309217229,2.736779486054006,0.0599110064321661,45.68074631082532,0.0,0.0
5014,Atn1,56.26475961705876,1.2214648239976549,0.2421637626115354,5.043962031416959,4.559898206388584e-07,1.8861953999344067e-06
5027,4930557K07Rik,26.792225511601423,2.6764441632596223,0.4069855390586172,6.576263543541138,4.8241718607160447e-11,2.8832666912882075e-10
5033,Vamp1,167.53817432118498,0.6188319833514626,0.1380282647854547,4.483371462456248,7.347286670863606e-06,2.637417243754164e-05
5040,Plekhg6,623.4392038817061,1.2545406915327535,0.0880134980922622,14.253957844257606,4.2357842057709635e-46,1.0978810375765953e-44
5057,Gm44190,116.75655923712652,0.5464631188051631,0.1654999770322311,3.3018924147568884,0.0009603489740114,0.0025158299819432
5059,Gm15862,95.40743104832676,0.602840251117995,0.1926939174972814,3.1284861450102586,0.0017570929469768,0.0043646665072047
5068,Gabarapl1,358.6818687546597,0.692972467900353,0.0964473675856546,7.184980629823058,6.721671577095579e-13,4.564925258092789e-12
5071,Ybx3,256.365379896732,0.9438756504282528,0.1137564467527871,8.297337666316716,1.0647043770687435e-16,9.224957053651993e-16
5073,Etv6,1391.1761537088869,0.98502433880909,0.0561090636592449,17.55552979445933,5.396114296487055e-69,2.307738214130964e-67
5080,Borcs5,459.10859945652805,4.223971282027556,0.3374203818111894,12.518423633315566,5.919920205380356e-36,1.1101472774913031e-34
5082,Gm36328,87.90396189177898,1.0325070601403947,0.2014760720969386,5.1247130708584185,2.979911928928488e-07,1.2569513440488491e-06
5083,Crebl2,50.8479731219219,0.862337462781012,0.2490615549434904,3.4623467398517915,0.0005354867929208,0.0014641013432443
5092,Emp1,13.655012467496745,2.1572766159502854,0.5207340501576598,4.142760811007343,3.431497810601921e-05,0.0001131049888504
5100,Eps8,407.2515351764471,0.7807211800615648,0.097525249617068,8.005323576479517,1.191529438047057e-15,9.644998542677441e-15
5102,Dera,1442.620972888092,3.658753172082577,0.1673347162951803,21.8648780903808,5.611505467060643e-106,3.963061383984664e-104
5103,Mgst1,566.0405974019047,0.6606206427878645,0.0793875932705544,8.32145950736227,8.688670142466163e-17,7.579080199060001e-16
5105,Pde3a,398.67076502561576,0.5944838484671254,0.0918039998025405,6.475576769484871,9.445044996605536e-11,5.495688313217644e-10
5113,Cmas,141.62658675139514,0.7630349424403574,0.1614455449881965,4.726268182229144,2.2868358648246763e-06,8.753884876887298e-06
5118,Sox5os4,689.4614358693351,1.5858132196006436,0.078582381246352,20.1802642583354,1.459638055049809e-90,8.710305230832118e-89
5121,Etfrf1,110.6158302894982,1.2072737872778598,0.1707156170619173,7.071841510785685,1.5289098652559817e-12,1.0185675588698007e-11
5141,Ergic2,72.6411260999454,1.2941182563002356,0.2217417219300382,5.836151379344583,5.342036457080664e-09,2.6952200874991192e-08
5155,Gm44257,364.5607016465786,0.5175448149507339,0.097102052661922,5.329906019110202,9.826360298639353e-08,4.342326152636381e-07
5165,Tsen34,142.14900142794167,0.9189506765833706,0.1514389598840583,6.068125912162358,1.2941143398768315e-09,6.844446711351322e-09
5168,Ttyh1,2604.97671503684,0.8291695291862247,0.0550856614983524,15.052365835908583,3.3310536992549864e-51,9.568078871964509e-50
5169,Leng9,21.417522580988614,1.3987604902590576,0.3969029886261789,3.5241873463857263,0.0004247837920214,0.0011854216534278
5174,Ppp1r12c,318.1942315731639,0.5683435213366484,0.1000547042892414,5.680327830400278,1.3443681678769608e-08,6.47030594948576e-08
5186,Il11,16.31603203872108,2.2990392897114384,0.4810337081531508,4.779372527838473,1.758431168295687e-06,6.807581567536016e-06
5191,Isoc2b,25.475954254050446,2.4199129002069912,0.4137188610939216,5.8491722949455465,4.940251567166051e-09,2.5019774055292272e-08
5194,Gm44983,212.6245111194954,1.966400021413156,0.1378108081490549,14.26883745784521,3.4223623715257252e-46,8.96100188299491e-45
5201,U2af2,69.909499057894,0.8217668243427796,0.2256835457091208,3.641234994605849,0.0002713333274566,0.0007809773620344
5202,Epn1,78.61388948605502,1.0070030479479977,0.2164158534612636,4.653092792613927,3.2699300548605022e-06,1.229583422243939e-05
5204,Zfp787,92.4364964531042,1.6754372385111955,0.1938682734723242,8.642142463554636,5.516857742725457e-18,5.104419579747665e-17
5205,Gm36371,188.25774892936417,0.6007330719238702,0.1311574242373022,4.580244507066317,4.644326534626566e-06,1.7098051489026928e-05
5208,Zfp667,130.94937907105785,1.7976058576124556,0.1699798874504288,10.575403270205664,3.8750679874366497e-26,5.237976008303307e-25
5214,Zim1,141.19564285926458,0.8272830286336944,0.1682933167171017,4.9157212227526745,8.845619854203415e-07,3.546540710294682e-06
5218,Zfp773,215.55654478337988,1.3510204851734344,0.1241688337154899,10.880511999243296,1.4275883631074851e-27,2.0388822299074992e-26
5219,Zfp418,36.710119554500494,1.9910256414078464,0.3409126160951655,5.840281489764675,5.211269527738935e-09,2.6305805130842183e-08
5220,Zfp772,707.0811364356214,0.82589863991365,0.0731229363167194,11.294659124961996,1.3944402977801526e-29,2.121423204014153e-28
5224,Zfp606,157.54110896873448,0.9611173412989888,0.1427265538269989,6.733977073838509,1.6508720149495678e-11,1.0162665150805096e-10
5225,Zscan18,336.1385867039949,2.03910364757552,0.1155441682484336,17.64782834553109,1.0574488000604682e-69,4.586051190346752e-68
5227,Zfp110,1572.4656723152143,1.414945068988398,0.1127419119443177,12.550302230879566,3.959956943082698e-36,7.471506997022207e-35
5229,Zscan22,87.48349013037095,1.4723933860666707,0.195766113107922,7.521186188413359,5.428148199914844e-14,3.9402060200796293e-13
5240,Lig1,119.78601952112768,0.7100063878035582,0.1636026991487033,4.33982074561137,1.4259898939143762e-05,4.963721547977784e-05
5243,Vmn1r90,1064.2411422879484,1.157273557787634,0.058678944571517,19.722126330632364,1.3924953448014399e-86,7.767702292957598e-85
5249,Zfp541,368.0476271508612,0.6552913453542228,0.0965779822517347,6.785100807409468,1.1600548157845784e-11,7.257295385542205e-11
5253,Meis3,49.20211932572317,1.2388926788281247,0.2553708394031145,4.851347482444838,1.226254889426615e-06,4.834678688248954e-06
5254,Dhx34,216.3391561098704,0.9397386113373588,0.122717615396162,7.657732007777823,1.8924526805370012e-14,1.4157532298128118e-13
5263,Arhgap35,294.8113681082038,0.5012388781364578,0.1051746165973504,4.765778039918092,1.8812627158102603e-06,7.2609477996026e-06
5266,Slc1a5,53.66081644828696,1.0429603100317464,0.2512431637307036,4.151198761171664,3.307383760981846e-05,0.0001092011159855
5268,Strn4,52.67456162460672,2.089970798167639,0.2627296388557917,7.954834510752677,1.7937110402219317e-15,1.436835336902022e-14
5271,Dact3,49.28090116671123,1.4805947900782244,0.2688867786511456,5.506387474704183,3.662718935096321e-08,1.6908911761542117e-07
5277,Pglyrp1,21.08637791659281,1.9858809048730963,0.4124990487901762,4.814267840610815,1.4774054602705507e-06,5.778997577826575e-06
5283,Foxa3,919.6012667712585,0.9369651150213982,0.0699456060500172,13.395625085461216,6.413379512502118e-41,1.4166483640528352e-39
5287,Dmpk,16.67967462019573,2.1122367145856336,0.4897373697659217,4.312998854049494,1.6105495339731613e-05,5.560892716988291e-05
5296,Ppm1n,946.5862802892384,1.0884119278588988,0.0747201526400577,14.566511033536052,4.587281160200428e-48,1.2456045986322007e-46
5297,Rtn2,289.4775885544849,0.6273084134741376,0.1121374295652234,5.594103734197608,2.2176434147885265e-08,1.0431664532259136e-07
5300,D830036C21Rik,12.42456598293663,2.866077213157582,0.6033839414005503,4.75000578653943,2.0341082790528576e-06,7.8195083805987e-06
5307,Bloc1s3,1174.843489099724,0.5362904783378936,0.0629578218348987,8.51825019843074,1.6198197125085745e-17,1.462682949781936e-16
5319,Nectin2,116.0151603048633,1.5266226243844792,0.173441405391975,8.801950266341153,1.3445877180104317e-18,1.2889957974152307e-17
5320,Bcam,373.9108590296941,1.1771591546432538,0.1041904478930703,11.298148519827471,1.340136224071106e-29,2.0408246593272744e-28
5324,Gm16174,151.36780814393867,1.7787012009179248,0.1520038992115266,11.701681405177029,1.24952798215685e-31,2.0465673205624323e-30
5326,Gm16251,130.45007501681127,0.9826927256896392,0.1611930057179787,6.096373234760236,1.0850191609378895e-09,5.7702780662520715e-09
5340,Zfp428,269.7919721299981,0.8115891923583056,0.1108305360175624,7.32279407391569,2.4286033787785466e-13,1.6964962622356853e-12
5347,Tex101,168.60257544273438,0.8266181258336276,0.140546968689617,5.881436885765394,4.067200371774309e-09,2.0700369231020585e-08
5350,Cd79a,571.1559760160311,2.624771910635353,0.1015016302015763,25.85940644916448,1.9071349242345485e-147,2.258634561039624e-145
5355,Zfp574,136.06826842306802,1.0020335824011088,0.1526155811774202,6.565735783138776,5.177655347662338e-11,3.078995045678229e-10
5362,Prr19,128.00266823312322,2.27432820988222,0.1793375862393586,12.681826813742852,7.457329916551036e-37,1.4441893257260345e-35
5363,Tmem145,223.62118752926736,0.6842497382279051,0.1212721102915769,5.642267926094052,1.67824666760097e-08,7.984637111985333e-08
5370,Tmem91,115.37458731664248,0.8006566644565556,0.165541093305009,4.836603700456103,1.3207638197735538e-06,5.193992278220596e-06
5374,Hnrnpul1,43.86511867302048,2.6543995349116183,0.311898914991896,8.510448120605313,1.7326241678900425e-17,1.563627297118118e-16
5375,Axl,67.3636102962867,1.4113874566648563,0.2293571811614601,6.153665865257059,7.571211367959657e-10,4.080026959086695e-09
5376,Gm30146,219.01802874318412,0.9984813288883708,0.1302297151701443,7.66707757583483,1.7595936568922063e-14,1.3176412422914594e-13
5378,Egln2,338.768304528539,1.1865143254721195,0.2605172658618004,4.554455619465711,5.252141117768611e-06,1.922081403593191e-05
5380,Mia,135.67549906780735,0.5840279525880934,0.1593961283409894,3.664003377413954,0.0002483035078846,0.0007212982655456
5382,BC024978,112.65361091466848,1.555604096216877,0.1900006073190624,8.18736380986718,2.670101068769941e-16,2.256250057891439e-15
5387,Shkbp1,140.23327388166234,0.5210417547378754,0.1492565078292862,3.490914817153719,0.0004813697029412,0.0013303119631094
5389,Blvrb,57.86136638894042,0.7950615813636761,0.2354164384876365,3.3772560084219885,0.000732128741168,0.0019575988362318
5395,Pld3,348.41504170456284,0.7139849286266088,0.0980439885749055,7.28229174480315,3.281963516295107e-13,2.2740373670962848e-12
5396,2310022A10Rik,554.2763652648241,0.7954086358750876,0.0941936420760103,8.444398351570545,3.0561536253788947e-17,2.7135260217031983e-16
5397,Akt2,384.421727310832,0.5048654939440902,0.0949851421222722,5.315204911671219,1.0653736895336975e-07,4.686426664017372e-07
5400,Map3k10,57.24132501725165,2.261349568560563,0.2776967303889864,8.14323440320293,3.8485617184955673e-16,3.223746257777897e-15
5404,Zfp59,142.95399738137036,0.832859087719823,0.1537698205181011,5.416271443340747,6.08546931042579e-08,2.749981963701657e-07
5425,Gmfg,112.37583763483649,1.8593538534434184,0.1841852015455349,10.09502304116296,5.8117424594338635e-24,7.23928696645985e-23
5426,Lrfn1,104.78152589019696,1.849007173675171,0.1859457646622132,9.943798273835675,2.6839379300335755e-23,3.238394072946468e-22
5437,Hnrnpl,230.46835015118768,0.5438425230403161,0.1201043850624745,4.528082157511786,5.952144066527469e-06,2.160283122306858e-05
5444,Gm44699,24.168314615061448,1.8034383795948952,0.3854667521906735,4.678583481832471,2.888635591487974e-06,1.0924449414529318e-05
5446,Ryr1,251.23600486908916,0.5795895556873041,0.1145920514877837,5.057851292147363,4.240068658173004e-07,1.7594827205292417e-06
5452,Spred3,736.1198863791377,2.354085020851532,0.0782271761285654,30.092931093187097,5.99544335311145e-199,1.214550603480314e-196
5464,Zfp420,111.67541675589725,0.768684977821757,0.1758762296550026,4.370601867743031,1.2390453272321547e-05,4.341452402837108e-05
5465,Zfp27,75.08165540851995,0.8710959882147423,0.2055769412052237,4.237323423083442,2.262001871849559e-05,7.652335930344058e-05
5476,Capns1,112.0953616090322,0.9669483696151618,0.1676810105672874,5.766594358799757,8.088942920089091e-09,3.987747844946898e-08
5479,Polr2i,47.93194916055938,0.7948064048121635,0.2579473956356898,3.081273229580122,0.002061174137874,0.0050483355117259
5484,Syne4,861.6207553306768,0.7557578458158302,0.0640511919427267,11.799278403618358,3.9367272419514526e-32,6.524203726273903e-31
5485,Sdhaf1,227.68715410409237,0.5403466346804996,0.121088196003435,4.462422040420611,8.103841589868121e-06,2.895491880195164e-05
5488,Kirrel2,403.3346338147674,0.7477921005148347,0.091561029904724,8.167143830655542,3.1577633398101693e-16,2.653762247801167e-15
5489,Nphs1,649.403112690423,2.5161911161459685,0.0841925027508419,29.886166035381414,2.9769954484130565e-196,5.801749610603471e-194
5491,Arhgap33,224.8695823581738,0.5103252851232731,0.1205727992925001,4.232507564871777,2.3110013732661368e-05,7.804381913315517e-05
5494,U2af1l4,373.6949727999088,0.506725065726651,0.0966061267041003,5.245268421522832,1.560549611270431e-07,6.76604387922263e-07
5518,Pdcd2l,14.521079708087091,3.249717958070091,0.5959011826455124,5.45345109677903,4.9401536433670214e-08,2.2549245625045558e-07
5520,Gm12762,160.28960288246105,0.9073470914531748,0.1436888346561313,6.31466664493863,2.7074443872562907e-10,1.515775046770831e-09
5528,Cebpg,106.17467533045225,0.5539139809695813,0.1754785923781079,3.156590062997825,0.0015962558364613,0.003999992652695
5529,Cebpa,380.7678458562277,1.495191095399946,0.0967873927772499,15.44820097428426,7.757865000172578e-54,2.4325883817241757e-52
5533,Faap24,1973.052422827129,0.7164828773009807,0.0455542011462252,15.728140528710624,9.701860948564596e-56,3.14462844556001e-54
5534,Cep89,1416.3252728055695,0.5876981442668604,0.0514498554344316,11.422736552016753,3.2193451488694266e-30,5.0065694860599686e-29
5571,Etfb,32.693014928861835,1.2825282301352448,0.3186019347914832,4.025487889691023,5.685730670360873e-05,0.0001817639314802
5589,Napsa,428.1513348926953,1.1218865460415406,0.0905108792206518,12.395046382286832,2.779848430782224e-35,5.095065052419418e-34
5596,Vrk3,98.57793926195716,1.2309978251698783,0.2037740655610802,6.040993596414718,1.5316805869992507e-09,8.048380313119613e-09
5598,Tbc1d17,26.69486516679926,1.4898447869291445,0.3534919743398607,4.214649539671728,2.5016635116569422e-05,8.405851467802332e-05
5607,Gm15545,177.7517726358452,0.8802659236851611,0.1371284358070324,6.419280716684275,1.3691972530536434e-10,7.848161172008152e-10
5608,Bcl2l12,321.9122691689656,0.7017768619587493,0.1144080682617407,6.13398051921685,8.570701832037668e-10,4.594516901324928e-09
5611,Rras,139.51606562979111,1.130550085326555,0.1627171725961876,6.947945734850134,3.706435076000336e-12,2.413886397212401e-11
5624,Dkkl1,3747.2377861160094,1.1009290250987551,0.0402113585099286,27.37855834507367,4.937853135690192e-165,7.240303512103445e-163
5633,Ntf5,1264.093778014333,0.7216956507783163,0.0685601166512941,10.52646474405748,6.523877249532834e-26,8.754695387733459e-25
5645,Izumo1,46.15802097253019,9.383783776596228,1.954710090654107,4.800601286841529,1.5818994181093878e-06,6.1548959922193925e-06
5649,Sec1,42.7186740319493,1.191813732507584,0.2862023514780574,4.164234592597181,3.123987848264737e-05,0.0001034119907802
5653,Fam83e,190.10635453394,0.758545641847112,0.1432228147419716,5.296262632554025,1.181968079306547e-07,5.177121066572858e-07
5656,Lmtk3,282.1498309536002,2.532519569036624,0.1232617865124812,20.545861298060828,8.38114523969191e-94,5.120480639297485e-92
5679,Uevld,893.861009007942,0.7614109403416299,0.0650698075938619,11.7014475452891,1.252976719385621e-31,2.0500350235559008e-30
5683,E2f8,8240.080501143568,0.5270699333423752,0.030937112278765,17.036817418287338,4.379230399921986e-65,1.755797688468721e-63
5689,Fancf,66.90019357598398,1.7077157688535287,0.2393451371259604,7.134950763402423,9.682181144266826e-13,6.49811948113043e-12
5697,Nipa1,219.7923444720733,0.5193570160397972,0.1226992521023464,4.232764317149942,2.308363726621562e-05,7.797184715898545e-05
5704,Ube3a,94.11671066105254,0.9718476656669482,0.1861753120198734,5.220067339343077,1.7885808515508468e-07,7.706966356136814e-07
5715,Klf13,234.1806038173193,0.9425021810246124,0.1252171477442726,7.526941780765185,5.194251573396946e-14,3.7739828798499003e-13
5721,Mcee,130.09503995320813,0.6984053694671314,0.1578764851222178,4.423745366046568,9.70043454339087e-06,3.433284832874616e-05
5722,Fam189a1,1838.42598822122,0.9691246662250532,0.0484332782521919,20.009479044115583,4.5538260812328e-89,2.635740840100008e-87
5726,Tm2d3,567.9149126012079,0.5420005827945559,0.0804366334931788,6.738230570533739,1.6032701392107302e-11,9.893365556428215e-11
5752,1810026B05Rik,124.7641514184686,0.995218312839279,0.1598892288346493,6.224423746946028,4.833291426195091e-10,2.653828630445778e-09
5753,Fam174b,40.48358691830783,1.2399709980844835,0.2887934455084463,4.293625833167389,1.7577861471780563e-05,6.035431650747849e-05
5754,St8sia2,44.03402414781437,2.2243423864163376,0.2947401513084554,7.546791221154287,4.461128659753958e-14,3.256687380065052e-13
5776,Mesp2,126.3359122569575,0.7715086004999882,0.166068494470862,4.645725265097499,3.388837550779393e-06,1.2713095256286435e-05
5779,5430400D12Rik,301.27299217932574,0.7610735934349342,0.111586544787309,6.820478175801468,9.073797232376712e-12,5.716046734438292e-11
5791,Prc1,204.67255698884347,0.6344318303224713,0.1281476095236337,4.950789426980812,7.391304457069166e-07,2.994645353185181e-06
5805,Zfp592,69.45957150389098,0.6857658229960084,0.2152784587113285,3.1854827793781566,0.0014451270429031,0.0036497992048123
5809,Ap3b2,169.9303629234225,2.0432659532456907,0.1525227261202387,13.39646887530004,6.340899300819781e-41,1.4026506556813414e-39
5811,Whamm,47.00912439420609,1.0218042306363633,0.2590504308360982,3.9444220468518,7.99926689422381e-05,0.000249760115805
5820,Efl1,269.3846350984934,1.4414855572090717,0.1153817544992374,12.49318458941096,8.133169301185197e-36,1.5214857176311944e-34
5822,Tmc3,160.68834826198568,2.623932259346918,0.1684489682465701,15.577015915621942,1.0431188417782807e-54,3.3044974666704553e-53
5825,Mesd,193.264680601961,0.5431742795347102,0.1283522819462919,4.231902006713034,2.3172337080449525e-05,7.82199740606448e-05
5831,2610206C17Rik,314.3522456553088,0.828616747766152,0.1121466615417063,7.388688493932536,1.4828410429242424e-13,1.0462795919734938e-12
5843,2310010J17Rik,120.0713582425402,0.8592056727272325,0.1640124607621327,5.2386609452396335,1.6174588315628906e-07,7.000954785139799e-07
5847,Tmem126a,407.61393923679134,1.7440545880016336,0.0995836068749239,17.51347076825756,1.1308406832834023e-68,4.809509160174382e-67
5863,Ndufc2,15.088839728044384,2.418993540483445,0.5258311698875625,4.600323600064816,4.218351126756146e-06,1.561101401749437e-05
5865,Rsf1,334.0405041030701,2.2071624719514014,0.1117068358265197,19.758526464567627,6.775392605519012e-87,3.807078268414989e-85
5883,Arrb1,146.50356342144434,1.5907644265104772,0.1564798901640782,10.165935219167578,2.8140828252741894e-24,3.542569025177549e-23
5888,Rnf169,35.03148047944508,1.1719641483267034,0.3175564540668146,3.690569450936492,0.000223752585845,0.0006538352133327
5896,Fam168a,45.971727600359294,9.377629453838846,1.955359253599176,4.795860114491852,1.619782905950178e-06,6.300701773625301e-06
5897,Arhgef17,145.72881610083792,1.34388172190581,0.1494732018019549,8.990787015363402,2.4546632112146025e-19,2.4588155367508145e-18
5899,Stard10,200.55186563803355,1.482247170171716,0.1329915557727611,11.145423192916022,7.538506259787707e-29,1.1213801195718987e-27
5923,Trim34a,145.30008224069658,1.2868495921826113,0.1566218089046996,8.216286104610283,2.0990234242115926e-16,1.7834748697109094e-15
5925,Trim12a,105.0679310487406,0.7340842188043566,0.1736209212672163,4.228086185964552,2.3568751510778848e-05,7.948838954215798e-05
5928,Trim30d,240.4216308489568,0.9464637609730174,0.1177746701945044,8.03622510179766,9.264847186021148e-16,7.547173929946115e-15
5972,Ctr9,73.20702898900329,1.01284041930861,0.2123191220849542,4.770368346301596,1.838893414606535e-06,7.1027604142705006e-06
5981,Tead1,466.2218087401238,2.061495983830857,0.0948448780680075,21.735448722414738,9.485152573982832e-105,6.607846562399984e-103
5996,Gm45025,119.15698480572088,2.1090339812712133,0.1976056046609515,10.672946169162865,1.3623689221234243e-26,1.8761209235252448e-25
5999,Plekha7,200.952274081102,0.9070610828535736,0.130944885443749,6.927044762227283,4.2972264645946905e-12,2.7845159364015088e-11
6028,Gm32916,6960.145352301458,0.7677710979531265,0.0313212353798201,24.51279742458024,1.0789296046133842e-132,1.085699358995272e-130
6046,Ern2,685.7882423236855,3.7178351305676847,0.0968269400808004,38.396701656225176,0.0,0.0
6051,Tnrc6a,3638.665579643617,1.2958860686028055,0.0452713450671417,28.62486340268624,3.295739440820236e-180,5.701258924816668e-178
6066,Atxn2l,104.5141301462562,0.614303341857236,0.1748808039625764,3.5126973798032965,0.0004435823915412,0.0012349718806814
6068,Apobr,1163.850382248576,0.5026720550402534,0.0620618825996651,8.099529598268509,5.517210278339277e-16,4.564372350634686e-15
6069,Il27,122.73450750902992,0.6403936823214409,0.1625726810672587,3.939122355105288,8.178021820521793e-05,0.0002546699513526
6071,Sgf29,429.3015255282014,1.7778160323931218,0.1018609258004456,17.45336613056136,3.245312126021128e-68,1.3688993285540077e-66
6074,Bola2,233.0313405133642,0.7451335742359454,0.1206997008672639,6.173450049021949,6.681566619962908e-10,3.6145256388246292e-09
6076,Gdpd3,173.04840171005503,0.6417688715919989,0.1395894327901578,4.5975462380218834,4.274957753503047e-06,1.5806255901280717e-05
6085,Kctd13,554.5614273724017,1.212910588252205,0.088936103558256,13.638000089105647,2.3799827743745626e-42,5.560275386080542e-41
6090,Kif22,1071.1113726684996,1.183747404602034,0.0696344278152166,16.999456184852274,8.288525229721462e-65,3.305962032041234e-63
6103,E430018J23Rik,324.14205413546955,1.2469669643118615,0.109121231724286,11.427354187703289,3.05268970315542e-30,4.7666542261441015e-29
6119,Gm39090,2088.3108136289543,5.281934581994149,0.0852074743147215,61.98909924832234,0.0,0.0
6129,Vkorc1,92.02167364419176,0.5371222658577183,0.1859870930423801,2.8879545191629323,0.0038775593476986,0.0089369616343066
6138,Tial1,1094.7812057341864,0.7446349421363222,0.0629168905642855,11.835215241215533,2.566841791164594e-32,4.286236032187644e-31
6156,Acadsb,416.8434877092678,1.7874046319575785,0.1008660702381838,17.72057370468409,2.909301635836095e-70,1.2834271629035106e-68
6157,Bub3,875.4908176149162,0.7706362922881825,0.0671400315338893,11.478044836770724,1.7008315149887674e-30,2.6857437953607244e-29
6162,Abraxas2,148.87269395141706,0.7621682603088463,0.149132715833172,5.110671096216399,3.210164340671644e-07,1.3481639440529357e-06
6178,Mapk1ip1,700.7424289774607,1.5652133063492124,0.0753770449645268,20.765118970713395,8.95054269695078e-96,5.579050824382761e-94
6179,Bnip3,61.240042598256366,1.3963999528718882,0.2491463489473705,5.604737772685012,2.0857048952706632e-08,9.83808595820684e-08
6186,Cfap46,182.39903312736348,0.6313573231092799,0.1348010011571898,4.683624881784534,2.8184560397484867e-06,1.0682651605094331e-05
6203,Ric8a,21.33776496376592,2.611393757177575,0.4518757740541298,5.779008097178404,7.514231053082236e-09,3.7151284936818914e-08
6207,Ifitm5,1594.4778506917044,0.6397558227956972,0.0505619402165319,12.652912844244849,1.0780256175061237e-36,2.0782420137353977e-35
6216,Phrf1,15.951444824116509,7.851417493274796,1.979305263986392,3.966754212264236,7.285805907723602e-05,0.0002290164715298
6217,Sct,96.93297850810534,0.8210659854630948,0.181284073061587,4.5291677950338025,5.921645933551893e-06,2.1502278488906827e-05
6231,Ap2a2,21.6534417958614,1.470081595390481,0.4192877907035839,3.506139763630172,0.0004546564134274,0.0012628342307646
6234,Brsk2,351.3844145066834,0.7388574073389105,0.1007163022983872,7.336025950892576,2.2002937567539601e-13,1.5398055763174529e-12
6236,Gm32786,10.443483773834016,1.9610107434642905,0.5916522182902972,3.3144652937008177,0.0009181857747375,0.0024127646676667
6239,Tnni2,80.97504127163586,2.0930587920364654,0.2270861524224971,9.217025211393333,3.054567372895107e-20,3.2299532467783705e-19
6240,Lsp1,110.24209996536725,1.980634825264216,0.1872990016021279,10.574721746096664,3.9033443449631537e-26,5.271569257460765e-25
6245,Gm33148,11.391366224509005,7.364495218751504,1.9945665916039568,3.6922784377077376,0.000222253941757,0.0006499186490581
6246,Igf2,857.4190920573966,0.7177390313929518,0.072732591954827,9.868189928371136,5.718721998267947e-23,6.721026250788804e-22
6254,Phlda2,161.09614156561156,1.5560554066394376,0.1526716642710074,10.19216901885136,2.1491479168105302e-24,2.716607662332916e-23
6255,Nap1l4,182.06307458757385,1.0458505611305506,0.1359221874943455,7.694480058114564,1.4207070028986632e-14,1.0706414594531484e-13
6262,Shank2,86.12657681708885,1.0887187603466653,0.2065583772736015,5.270755777213424,1.3586314912468229e-07,5.925634685336e-07
6269,Ccnd1,44.54019720626844,0.9730217932377996,0.2685767250905262,3.622882038307056,0.0002913387059037,0.0008348130869337
6271,Insr,97.51189397923264,1.1922129436114757,0.1843526148402675,6.467024862351258,9.995120981417954e-11,5.802597384234948e-10
6272,Arhgef18,618.8650132565334,0.5939875349237574,0.0734490989208825,8.08706360800403,6.112035103500558e-16,5.037521009287718e-15
6277,C330021F23Rik,149.06577069381194,1.8701714040378288,0.1640158468253153,11.402382393145526,4.068311770306148e-30,6.307726889791887e-29
6293,Zfp958,72.56373790422276,0.6183823009352977,0.2131408183007342,2.9012851966383173,0.0037163547330059,0.008596303706334
6306,Ing1,107.14544513440156,1.2266065941215591,0.181745474199248,6.749035152186663,1.488315318685341e-11,9.21355152652976e-11
6310,Sox1,52.69653098770991,1.0359484198162037,0.2466884311553407,4.199420357754283,2.675991305662266e-05,8.954479926532548e-05
6318,Pcid2,1713.1819268977058,1.0979623288712386,0.0500517840321024,21.936527340704213,1.1646167408543127e-106,8.30112932508935e-105
6328,Upf3a,10.308067969941389,7.21986164786398,2.004190747434899,3.6023824863498923,0.0003153139552825,0.0008971675578506
6331,Fbxo25,340.1840859160849,0.9920763559194938,0.0982538060481871,10.097078126754134,5.6912644260662274e-24,7.094956040786691e-23
6339,Defb40,39.29406340735212,1.4308941827747692,0.2922015996419652,4.896941647574978,9.733972762221938e-07,3.8855132135641424e-06
6353,Ikbkb,164.9294553940107,0.7659860342506298,0.1415797082484955,5.410281202912207,6.292586130567578e-08,2.83857767554112e-07
6355,Plat,192.12225652135007,1.638287612237296,0.1355442026857768,12.08674055972154,1.2411361927862813e-33,2.16159873576217e-32
6356,Ap3m2,13.716386354833851,2.4417675058474426,0.5417430901121372,4.50724254801665,6.567554429926954e-06,2.371899319801909e-05
6362,Sfrp1,792.7346846373785,0.6088121514828503,0.0677352379321167,8.988115640680153,2.515053285492608e-19,2.517669725841625e-18
6365,Plekha2,142.862308571128,3.475901986301138,0.2034744475138245,17.082744436816704,1.9951000364869295e-65,8.019989598368868e-64
6381,Hgsnat,1240.5512539307306,0.6433283116805422,0.0585678443051342,10.98432628540753,4.546178254959948e-28,6.596885995604463e-27
6395,4933416M07Rik,229.8910767164953,0.8502401577025136,0.1185777993862918,7.170314865877037,7.482547081191029e-13,5.061568315554353e-12
6397,Got1l1,618.5810433264754,0.6257043644381275,0.0803410332785979,7.788104520244063,6.802190323276748e-15,5.2705849127915865e-14
6398,Adrb3,11.995737365719478,2.0207723059572475,0.5724307164836903,3.5301605028646708,0.0004153076383951,0.0011600283745884
6404,Wrn,65.17152879578143,0.9430040376983876,0.2207671129713185,4.271487836238092,1.941731203122421e-05,6.630049590435306e-05
6410,Smim18,118.0057170402228,1.0147267821860857,0.1637785340095769,6.195725149956158,5.801729190730052e-10,3.1574203824842667e-09
6418,Ppp1r3b,64.42893188670224,1.0105745735032698,0.226454959805052,4.462585294547057,8.097667864143235e-06,2.893957623870688e-05
6457,Acsl1,501.79439917773976,0.5717440984335254,0.0890317276381982,6.421801683518313,1.3467079883811888e-10,7.725006031712662e-10
6462,Irf2,28.18746970941632,1.9241109278770805,0.3537540995094634,5.439119802555413,5.3544442238985384e-08,2.432488146094479e-07
6470,Tenm3,372.7400967550559,0.7835494658520649,0.1005000081986135,7.796511462004783,6.364204407920436e-15,4.9486510638557094e-14
6471,4930555F03Rik,103.69346293550772,0.8911096537328129,0.1750134948925709,5.091662527394274,3.549374352973089e-07,1.4825330314263069e-06
6485,Hpf1,153.34481765795198,0.5334678870197425,0.1493430736930805,3.57209660835084,0.0003541347167591,0.0010000473402831
6499,Apela,65.43139273524389,0.7594586029078115,0.2194630322503973,3.460530892698611,0.0005391113721452,0.0014729651615878
6505,Ints10,129.8152355433316,0.8938827031439054,0.1572764356948929,5.683513230665942,1.3195551082291293e-08,6.364621067135238e-08
6509,Lzts1,2871.7130949088973,0.594061072083636,0.0390975695554347,15.19432227727973,3.856312316408456e-52,1.1373905061958732e-50
6513,Zfp869,694.6385648030463,0.5417031677516374,0.0703514965312596,7.699952303231241,1.3611702907785463e-14,1.0277870425123345e-13
6524,Mau2,471.9473184481175,0.5516374844227242,0.0882184950043497,6.253082014100612,4.0243066402878087e-10,2.2255109566764043e-09
6549,Gdf15,168.69632526899815,1.1800477143621582,0.1470589365070855,8.024318292994737,1.0209128156941682e-15,8.285700427215295e-15
6564,Map1s,1645.2330334585097,0.9977125876448744,0.0496672443427986,20.087939261513185,9.408678808952555e-90,5.486970414493694e-88
6567,Haus8,148.07702694780642,0.9576645362318438,0.1482681405135895,6.459004159049723,1.053942164316217e-10,6.097893108535315e-10
6579,Ccdc194,25.66500874886267,2.00259832175703,0.3762075778218871,5.323120638216241,1.020020490105248e-07,4.4984919695389284e-07
6580,Mvb12a,334.2692165921534,1.1460418271856954,0.1037433195697753,11.046897592426612,2.269218342255457e-28,3.317842886739318e-27
6587,Zfp709,76.10518383065096,0.8896351247510604,0.2030287983450884,4.381817417049112,1.1769342113212973e-05,4.13322972570773e-05
6588,Zfp882,92.89732083096538,1.0256582685395368,0.2165999889224047,4.735264639865567,2.1876944968256083e-06,8.391067382443214e-06
6591,Gm16091,206.58208489527644,0.7557447827801713,0.1274942042085354,5.92767951666289,3.072453881803587e-09,1.579943218578758e-08
6605,Sin3b,610.1998633543168,0.7526222220655324,0.0795483834660865,9.461188138240349,3.0446372476606565e-21,3.353021106221993e-20
6607,Hmgxb4,79.64685080407713,0.6082997170626668,0.1969444327778623,3.0886870397031254,0.0020104309839777,0.0049381932720679
6611,Hmox1,45.91428092581148,1.0943111351835615,0.2608150264553805,4.195736534262812,2.7198626917302765e-05,9.087457899713398e-05
6612,Mcm5,2685.1421182387207,0.6361496132134368,0.0411198488776937,15.470621380579267,5.477575095434996e-54,1.7210764524350447e-52
6617,4933421D24Rik,77.81367530409874,1.1636081576038924,0.2072979112337541,5.613216991326939,1.9859929672434047e-08,9.385005440048945e-08
6618,Gm45285,41.48161395342883,2.9510842977807976,0.3374443011437136,8.745396759638757,2.2223334568000578e-18,2.101661296123691e-17
6619,0610038B21Rik,885.0735472317333,3.66072639084362,0.0896226559440451,40.8459931507626,0.0,0.0
6620,Prmt9,55.10382335381623,1.5189306029470202,0.2527261572910948,6.010183588545157,1.853133526775294e-09,9.691183348584385e-09
6622,4933431K23Rik,619.2330243834214,0.7469551592063907,0.0755977530007466,9.880652923626096,5.050276478833758e-23,5.958165261925252e-22
6627,Zfp827,57.067967048371685,0.8576091720662392,0.2358526859277689,3.636206934394999,0.0002766820938686,0.0007959262924516
6630,Smad1,252.5689798296215,1.538230402376999,0.1198743945998389,12.83201810955436,1.0850062053418135e-37,2.152674682660124e-36
6634,Hhip,32.424610589571245,1.576288689775629,0.3239482177509837,4.865866219975035,1.1395658429738431e-06,4.516024637947307e-06
6636,Gab1,2348.493027625804,0.7883377395296337,0.0450870772918465,17.484782489376286,1.871256301396722e-68,7.914797257226357e-67
6638,Gm9725,1156.90807851839,3.495177929977216,0.0743642386691236,47.000789526383336,0.0,0.0
6641,Zfp330,667.6139872204935,1.3487862362603869,0.075612304776885,17.83818440980409,3.571119123644157e-71,1.5936507254384183e-69
6642,Rnf150,10.519310453025753,7.249490681831216,2.004706468923762,3.61623549093606,0.0002989184610991,0.0008551000793538
6649,Pkn1,368.1405847155136,2.089371600095782,0.1139201761416917,18.34066335621761,3.919847542308231e-75,1.8512261583244635e-73
6650,Ddx39,545.1598307115187,2.0518458084791344,0.0857676798732083,23.92329851422364,1.752830575379987e-126,1.6256975625632695e-124
6655,Samd1,175.93761569276458,1.5063727298516365,0.1381347778096753,10.905093950541149,1.0898063519912556e-27,1.5608054507216158e-26
6658,Palm3,58.74445898497601,0.8140974617192145,0.2383404957933532,3.415690896376484,0.0006362041922323,0.0017172159438305
6664,4930432K21Rik,322.3506929671624,1.077288230826598,0.1011373574746842,10.651734015259938,1.711469113844737e-26,2.3463738625782344e-25
6665,Nanos3,86.92993742824227,0.8719031223820831,0.196824249292709,4.429856206820453,9.42959409162712e-06,3.340497713637624e-05
6667,Gm26532,16.438455145488053,1.45771515763232,0.4545475903354119,3.2069582781346786,0.001341464497223,0.0034109310320803
6678,Rad23a,25.09803785548793,2.8780386981630266,0.4410638781679279,6.525219680463745,6.790193842053039e-11,3.9962471097954356e-10
6684,Klf1,31.107236341844573,0.968247133072801,0.3248206198180047,2.980867204844645,0.0028743340469431,0.0068081918441134
6685,Dnase2a,2214.5248338752986,2.397902256451897,0.0572935196488233,41.85294028276969,0.0,0.0
6686,Mast1,211.11279764482745,0.6399247245343292,0.1250495264287823,5.117370235694384,3.0982507872550866e-07,1.3040095440289588e-06
6687,Rnaseh2a,138.1801307832306,0.8992916562038005,0.1584057033980146,5.677141901540089,1.3696385148043668e-08,6.58967330435251e-08
6695,Wdr83,18.129817893597917,1.2939652744413452,0.4281912189066276,3.021933232880029,0.0025116594094149,0.0060223498313896
6701,Neto2,210.7362048395768,0.7920323404974561,0.12511611063813,6.330378529654188,2.4456048378256087e-10,1.3736786604583391e-09
6711,Zfp423,130.15214704408427,0.62554595818966,0.1577384050228799,3.965717531497321,7.317548053424382e-05,0.0002298265398419
6713,Tent4b,58.63741488453062,1.3830456602541727,0.2398325165102861,5.7667145405400255,8.083179260875733e-09,3.986182828329365e-08
6720,Tox3,229.5086632484354,0.5354065014263214,0.1204020224968902,4.446823153989379,8.71495253997565e-06,3.1023216024385e-05
6723,Rbl2,90.7528941480521,1.1624457861751205,0.1941379946625489,5.987729440574918,2.127906471173831e-09,1.1094225543580192e-08
6726,Fto,224.3508422770758,0.6698289678309693,0.1209012903566335,5.540296268593277,3.0196034994537355e-08,1.4066509978090684e-07
6729,Irx3,196.73750886927905,0.8938845139278923,0.1438893632284267,6.212304327935872,5.221317867848084e-10,2.854921612146629e-09
6731,Mmp2,254.7702602888164,0.5650720283309786,0.1149340702583021,4.9164884447321775,8.811039615210691e-07,3.5345170900412668e-06
6740,Mt2,272.4573672993745,1.205478261831075,0.1109350651078501,10.86652142547642,1.664257480510728e-27,2.3702967779780916e-26
6752,Polr2c,120.06711697089226,0.5929450146468794,0.1645937260158801,3.6024764066017405,0.000315200016534,0.0008970091413231
6754,Ccdc102a,302.7223958431559,0.7121104751701752,0.1124518521034107,6.332581116719343,2.410934596823414e-10,1.356666919060745e-09
6757,Kifc3,479.9560786321761,0.6530466825357313,0.086019649009799,7.591831518184158,3.154149754619227e-14,2.325732261595672e-13
6759,Gm31036,777.3698379404235,1.7688420000919785,0.0709097082117663,24.94499053372876,2.42011810649667e-137,2.569664715008464e-135
6765,Csnk2a2,133.8622631164755,1.5083327073855255,0.1618406119328945,9.319865325342068,1.1648806535921831e-20,1.2550386663894508e-19
6768,Gins3,93.87164995800606,1.81371650141779,0.1963552004977005,9.23691604205324,2.537039961384877e-20,2.693811534171143e-19
6774,Sap18b,425.1287534497785,4.159532501004885,0.1352837962955878,30.746716272779125,1.3528370453767516e-207,2.9335604437493617e-205
6777,Cdh11,428.6463454671638,0.9005903825108083,0.0892562526095588,10.089941669972829,6.120587752086222e-24,7.593277117737266e-23
6779,Cklf,1027.8200485779269,1.1242989826307694,0.0660682563739008,17.01723405969745,6.119385513530818e-65,2.447118425099233e-63
6780,Cmtm4,2255.387109922571,1.2220678473678843,0.0525975994412719,23.23428940388029,2.050860696176488e-119,1.6885054159536475e-117
6785,Pdp2,123.183544677607,0.681242257135013,0.1598375718288916,4.262090879760688,2.025230445641517e-05,6.893753690271233e-05
6806,Gm38250,295.21773495338874,0.6128893355201728,0.1078858961638303,5.680903225658599,1.3398527607022684e-08,6.458476237874806e-08
6808,Gm5914,114.06324167202185,2.5858432626371406,0.1911509605489303,13.52775447850927,1.0724991931270911e-41,2.4498809461995093e-40
6812,Enkd1,67.21627318128881,3.4851498333293587,0.2887083231608079,12.071525320689013,1.4934024899509634e-33,2.5921561144627995e-32
6816,Cenpt,217.76854385866807,0.7357534060882757,0.1238204580737384,5.942098886842387,2.813955746331713e-09,1.4543022044485754e-08
6828,Nfatc3,36.96093526306435,1.5539408480744488,0.3039990374044335,5.111663712300249,3.193339138352561e-07,1.3414638301248576e-06
6835,Smpd3,60.61508012621778,0.9563108610284832,0.2373613855647895,4.028923486240145,5.6032850153897606e-05,0.0001792399254039
6836,Zfp90,80.12624884118141,0.803831608148014,0.2021174228028949,3.977052532140741,6.977475497006285e-05,0.0002199083167899
6843,Vps4a,871.3768842192327,0.5718878599645024,0.0636058296877698,8.991123341552223,2.447162375146116e-19,2.452897911962865e-18
6848,Nqo1,22.00937211493745,1.954365214576047,0.403500459353966,4.843526616314464,1.2755462525000791e-06,5.021301483889342e-06
6857,Pkd1l3,236.0284478198688,0.8962038787113874,0.116144206569586,7.716302906373901,1.1975252398948374e-14,9.09575658284209e-14
6860,Gm17344,116.63932760642052,0.7881049492635886,0.1671760679644177,4.71422111346303,2.4263707294397657e-06,9.26268379629423e-06
6861,Phlpp2,169.69717519429548,0.6806355760637787,0.1382000931148163,4.925000850023367,8.435998752445149e-07,3.393797669000405e-06
6865,Hydin,100.61752429158334,1.5744274444100028,0.1934017041938233,8.140711329162553,3.929622915835623e-16,3.2862832380339626e-15
6866,Vac14,32.45225651704617,1.4665121376266197,0.3215031685561418,4.561423590979425,5.080796533970995e-06,1.8624748437385103e-05
6869,Cog4,67.35841360991283,2.258836513373044,0.2420589496184558,9.33176202298458,1.0412525438527824e-20,1.1242022556211388e-19
6870,Fcsk,171.43479510267903,0.5503495609987942,0.1359670138291458,4.047669692079547,5.173007687621548e-05,0.0001664095828638
6880,Mlkl,155.42125626977904,1.0929784494019947,0.1505391939904704,7.260424481023752,3.858774392485748e-13,2.666503166369416e-12
6881,Wdr59,498.80156068057727,2.1598107193453884,0.1881575272081081,11.478736734016332,1.6872770134263406e-30,2.667075656951945e-29
6900,1700030J22Rik,1359.435348137902,1.4092269921889475,0.0557739107129538,25.26677749820481,7.408540770544984e-141,8.265354616181926e-139
6902,Gan,1205.468843265275,0.7752171223864518,0.0571666671796233,13.560649249511828,6.852683858379579e-42,1.5794000102337124e-40
6909,Mlycd,332.27790998014865,1.1664478864415035,0.1042920793140087,11.184434082759957,4.859959612563381e-29,7.292781500489845e-28
6912,Hsdl1,34.751556818480175,2.154667681428214,0.3350426291809801,6.431025468894366,1.2674591926119487e-10,7.292153112650807e-10
6914,Taf1c,266.9651814656199,0.9258319241731908,0.1149621870514374,8.053360395439821,8.055126648959033e-16,6.6036597384117806e-15
6920,Usp10,357.57421261274925,0.5745141229339861,0.0980862870745808,5.857231831980233,4.706459196216676e-09,2.3882876000313763e-08
6923,A130014A01Rik,1029.1736606147108,1.3846202713328335,0.0627760720192754,22.056497432774773,8.274734830179935e-108,6.037811253338875e-106
6924,6430548M08Rik,25.78507075166157,2.142097689529801,0.3913192674374006,5.474040937359345,4.398873757124076e-08,2.0168272890018547e-07
6932,Jph3,157.05060138311302,0.5704359773078653,0.1440548468984713,3.9598527199151023,7.499600090562014e-05,0.0002351605763631
6939,Banp,16.30167323412581,3.169485498471002,0.5529471608511016,5.731986205684644,9.926134688282724e-09,4.8453636544324926e-08
6940,Zfpm1,217.79363160554325,0.6006913595151424,0.1244544605417591,4.8265956631870806,1.3888669521416471e-06,5.449285319870744e-06
6942,Cyba,522.0966313708901,0.861537244400309,0.0836931181033645,10.294003424944377,7.499206065676748e-25,9.589516327837144e-24
6947,Aprt,277.01152810218395,1.571291132160512,0.1150298405736937,13.65985664523169,1.763305353970345e-42,4.1574041699429437e-41
6954,Cpne7,54.25727418843395,2.34826621348356,0.2841162583277227,8.265159576946418,1.395079994625739e-16,1.2012668678555862e-15
6955,Sult5a1,96.81950361339374,0.6278285416654196,0.1834597931138132,3.4221587793677104,0.0006212602220597,0.0016807103108121
6964,Tcf25,347.2979299458054,2.898914416568708,0.1228395572499064,23.59919297552594,3.928353683261554e-123,3.475915707327292e-121
6967,Def8,184.32687949136397,0.5570675778193614,0.1326917418009029,4.198208345589526,2.6903505806614867e-05,8.994709563488435e-05
6970,Gm45866,122.73283712542124,0.8368065159402678,0.1616894401993898,5.175393735721684,2.2743084563433055e-07,9.696829962298957e-07
6974,Acta1,782.4680186251272,1.1693099913622562,0.067149450665169,17.41354515605571,6.512335229928197e-68,2.7319867356941284e-66
6983,2310022B05Rik,697.8011936150909,0.9055259974411968,0.0726769395753062,12.459605519064418,1.239823734353262e-35,2.297030832022e-34
6993,Disc1,133.92001497218266,1.091534102784555,0.1587115179541532,6.877472516518081,6.092377165553289e-12,3.901335663766226e-11
6997,Pcnx2,326.65111231548474,0.8044544555701626,0.1006631374319332,7.99154959891968,1.3325308657537785e-15,1.0769367563855734e-14
7008,Pard3,227.45659196757663,0.8518902208776425,0.1273524549939671,6.689232813910008,2.243435810140485e-11,1.371176567404641e-10
7012,2610044O15Rik8,162.80359950744855,1.651725738469194,0.1484681706123658,11.125116795448832,9.468178922302072e-29,1.4016546412284875e-27
7014,Alkbh8,71.42789290070571,1.6799715753766105,0.2276948614270258,7.378170788957511,1.6047902835023802e-13,1.130253943495089e-12
7017,Msantd4,237.9004437132231,1.0728136242746031,0.1191357334427466,9.004969317540384,2.1572612676530016e-19,2.169379129770452e-18
7021,Tmem123,228.0900673343332,0.7575077897081673,0.1204238735356866,6.290345655454159,3.167598547820608e-10,1.765050569751939e-09
7022,Birc2,192.1817891733065,1.1655889598021263,0.1416558099361836,8.228317358301279,1.898615145627304e-16,1.6194503480375612e-15
7029,Trpc6,207.1154101277968,0.8799019776706183,0.1311350589401802,6.70989119753248,1.947695845572937e-11,1.1942144658877316e-10
7031,Gm16833,181.4132351560594,1.4002971313484052,0.1425711073591983,9.821745494481222,9.075824409938614e-23,1.0593737120198249e-21
7036,Mtmr2,498.9778000266863,2.548437687665219,0.3416709410044989,7.45874870181501,8.734801977991402e-14,6.263670761674691e-13
7038,Fam76b,64.05839113830689,2.11485145408945,0.2395786331762871,8.827379245182088,1.0715696622901225e-18,1.0311179075386704e-17
7062,Col5a3,71.31038351243488,1.0308727979548298,0.220541694775066,4.674276213421834,2.949920964503321e-06,1.1148007650832876e-05
7073,Cdc37,285.8271972891095,1.1344630133426703,0.1093155957655939,10.377869739422236,3.1267414913094925e-25,4.072699830812263e-24
7080,Gm36198,68.23351120473397,0.938312116261516,0.2167326249037542,4.32935335267682,1.4954781573986036e-05,5.1823925647232856e-05
7083,Qtrt1,79.97293789576432,1.0721007897877988,0.2059587647469297,5.205414739718091,1.9356380499133195e-07,8.31503443539773e-07
7095,Ccdc159,818.5184615440436,0.5457308744913413,0.0732693767711011,7.448280557868589,9.456455830766545e-14,6.752856863194884e-13
7098,Epor,422.13858737050487,1.3972827392652842,0.0906550194434857,15.413186692175929,1.334647487860244e-53,4.142788855462967e-52
7103,Zfp653,14.743666496325906,2.2930601878849943,0.5112301355440406,4.48537757940417,7.278492709192139e-06,2.615772029662049e-05
7105,Ecsit,208.6023348015948,0.872031879268393,0.1255411074643674,6.946185969531162,3.75293982065127e-12,2.4421074166841484e-11
7114,9530077C05Rik,82.51506953401233,2.025457614986888,0.211459707668235,9.57845651694877,9.850598462500949e-22,1.1110609079023051e-20
7115,Gm17545,83.46544962712927,0.8962801843184685,0.2056324796883935,4.358650859419933,1.308666973807633e-05,4.574985633229409e-05
7117,Gm10701,18.424297145639585,4.557404810727812,0.6944547882594286,6.562565177425624,5.2889909608520384e-11,3.1439886036014664e-10
7123,Sept7,178.43587572669085,2.8629085166385355,0.1748101551784769,16.377243723143977,2.780612464532015e-60,9.932786427827124e-59
7125,Glb1l2,132.52747576422624,0.7079921469821683,0.1549496342631523,4.569175979981849,4.896455243238244e-06,1.7970399266959713e-05
7149,Dcps,344.07029802470737,0.5247523680700515,0.0968802179947927,5.416506887900034,6.077465050827578e-08,2.747171224971855e-07
7150,Tirap,266.42400956517,0.5394093395233381,0.1108848163708583,4.864591539018864,1.146934169627103e-06,4.54288615270874e-06
7151,Srpr,3031.5611721764667,0.9174189268221274,0.039038156713734,23.5005698027584,4.0243855288138657e-122,3.4808673933493424e-120
7152,Foxred1,71.64279290593639,1.4133604974768952,0.2266713972083579,6.235283828853467,4.5095969394855904e-10,2.4831814907124522e-09
7154,Rpusd4,105.82912710801853,1.2691836755963612,0.1832285788328429,6.926777927771964,4.305336098139567e-12,2.7885971631029352e-11
7157,Pus3,461.1901218994824,1.264254206651437,0.0862333070618066,14.660857268819564,1.1481414180713816e-48,3.173570066898922e-47
7160,Chek1,14.350107238630388,1.91648543839226,0.5105956673323591,3.7534306712884296,0.0001744307908506,0.0005179433859087
7164,Fez1,139.161629426323,0.5119862895589997,0.151048967359869,3.3895384954152643,0.0007001037830768,0.0018784938731702
7165,Pknox2,236.5548685093241,1.0602755265746724,0.1191453099899832,8.899011859248269,5.634607415756225e-19,5.525504189361964e-18
7167,Robo4,40.48146464757652,1.054223113289347,0.2835759195082079,3.71760449588821,0.0002011208062471,0.0005911523354297
7176,Olfr920,436.88284088912457,0.6470939384216807,0.0881062625700536,7.344471545449718,2.0657363240601454e-13,1.4489328676642368e-12
7180,Zfp202,220.44167325258263,1.007827742574536,0.123190037224735,8.18108156535386,2.8130740197545893e-16,2.3744565574639066e-15
7186,Gm16096,157.6839089570732,0.6462355865806922,0.1408596754967753,4.5877969284082765,4.479480483014569e-06,1.651486626352785e-05
7188,Ubash3b,212.2364110183751,0.5400510748643663,0.123566724847673,4.37052188224714,1.2394993166469936e-05,4.3420549440494005e-05
7189,Mir100hg,115.94552161921892,1.5646700641197326,0.1726765709036596,9.061275979314528,1.2893333659647762e-19,1.3207303062138186e-18
7196,Tmem136,145.0868134752535,0.5111811087931372,0.1476604653334141,3.461868467222432,0.0005364392551254,0.001466352093939
7197,Pou2f3,69.0448060151118,1.0928558932939751,0.2187026956170806,4.996993247890371,5.823110661263475e-07,2.3818440951331686e-06
7207,Mcam,311.5191947452667,0.5097900513905282,0.111758220140167,4.561544115065097,5.077880436961235e-06,1.8618491833163887e-05
7218,Slc37a4,66.34962816218903,0.9134337489590408,0.2297710062274619,3.975409099504864,7.025837631083894e-05,0.0002212966370052
7221,Ccdc84,499.4591497416058,0.5443001025647235,0.0888106399579875,6.128771314137679,8.85603083314396e-10,4.739223173690804e-09
7222,Foxr1,87.60705671079914,1.923845232477556,0.2315173909882812,8.309722324812029,9.59262735786209e-17,8.339248492470058e-16
7242,Pcsk7,214.58087797898037,1.2046303778042506,0.135437008747622,8.894395918393329,5.873793170943308e-19,5.7490730870847525e-18
7247,Cadm1,14.651472298814346,7.7284242993722065,1.9865775609327203,3.890320947621911,0.0001001117239767,0.0003078330541932
7258,Gm11149,967.0120619912342,0.6402811413265107,0.062155121277693,10.301341678120124,6.948532338839895e-25,8.907544037367113e-24
7259,Rpl10-ps3,173.5250629123495,0.8621269022863693,0.1358767530102735,6.344918340970249,2.2254345691756544e-10,1.258273618326418e-09
7260,Plet1os,91.24415113275488,0.5390592600648243,0.1869436315702881,2.883539040815872,0.0039323389998458,0.009038861039359
7288,Npat,15.653906868250672,1.3067341553405536,0.4522391458247411,2.889475993851625,0.0038588446952092,0.0088964919028812
7300,Crabp1,22.587750684296108,4.10184467341697,0.8801931303194245,4.660164379979198,3.1595695433971957e-06,1.1899396450622118e-05
7302,Hykk,191.55873772687224,0.6691907987305897,0.1312857877787843,5.097206712566419,3.4470186664543e-07,1.4405618726582628e-06
7308,Nrg4,59.22489414260201,1.6362416177672678,0.2618404643503707,6.249002123590037,4.130833021360567e-10,2.2803264681558723e-09
7323,Sin3a,30.85297802305475,1.0879348688139912,0.3235809436958848,3.362172247808508,0.0007733186849972,0.0020612905945667
7326,Commd4,118.23710791297624,0.6932531100626728,0.1628847094042264,4.256096920320777,2.0802655667824327e-05,7.073270465146275e-05
7344,Loxl1,145.9722510589813,0.6240316978651033,0.1479845154185663,4.2168715834900885,2.4771494617714964e-05,8.327116400313091e-05
7347,Cd276,96.7701334103955,0.8864999601522122,0.1872201478578374,4.735067087038952,2.189826521562864e-06,8.397152957903326e-06
7352,Bbs4,396.12847824714345,0.7342795015944562,0.0927088243407654,7.920276271603873,2.36983427882395e-15,1.8894856839344143e-14
7354,Gm33180,89.48504308360596,1.3337107226022322,0.1921225478639993,6.941979155649892,3.866442770673177e-12,2.5127797761622723e-11
7362,Thsd4,211.90465297263668,0.7797951416390073,0.1268000594397524,6.149801073315092,7.758018745243371e-10,4.174849933651413e-09
7365,Gm9869,21.3573877138316,1.1903462285572546,0.3899948218973071,3.052210341579086,0.0022716285668734,0.0055025162705449
7368,Kif23,120.62931082756684,2.7591669737411664,0.1968168282513174,14.0189586340552,1.1935313725917738e-44,2.997652367442569e-43
7370,Anp32a,768.7112567121544,1.698026367825027,0.0719978906319096,23.584390499802456,5.5737192476846106e-123,4.9035989449915575e-121
7372,Itga11,29.169575835326118,1.0529213241552258,0.3525318745658594,2.986740774722544,0.0028196870224124,0.006692138337762
7379,Gm16759,22.421767647068062,1.173848448183915,0.375291970016527,3.1278272437649584,0.0017610365718615,0.0043737569060138
7381,Smad3,106.47452370055072,0.7594872010003821,0.1736690772536123,4.37318613659292,1.2244623749552434e-05,4.293286887909572e-05
7419,Rab8b,49.10788222115104,2.7121371262921627,0.3025141494503879,8.965323212879836,3.0937218578244e-19,3.080914729823057e-18
7425,C2cd4b,52.48544377205323,0.786370287472777,0.2457664935298449,3.1996643487826923,0.001375877179829,0.0034909368919987
7429,B230323A14Rik,116.66190406824244,0.9296826388552756,0.1659102819711622,5.603526362620905,2.100341537964697e-08,9.904091368607805e-08
7447,Rfx7,101.86600693992489,0.5132311063670706,0.1786079670829456,2.873506231268652,0.0040594307003894,0.0093170833427542
7449,Nedd4,618.5518958648961,1.1359505274991222,0.078595465261366,14.453130644644244,2.395454781618363e-47,6.3917542145227584e-46
7450,Prtg,44.656196537638856,2.1661247124246663,0.2895300579977056,7.481519284750156,7.346825561643365e-14,5.285594689115011e-13
7462,Arpp19,411.75211636762987,1.2503362715765276,0.0926323618907679,13.497834299539122,1.6104078079981288e-41,3.6354602070292077e-40
7480,Elovl5,109.46760131539064,0.8164259306067183,0.1878237977292645,4.346765108985506,1.3816003658911406e-05,4.819012060095152e-05
7482,Fbxo9,63.48678228261647,0.8758681516102651,0.2263306223488085,3.869861455426145,0.0001088972194758,0.0003333164196919
7486,Dppa5a,9280.10978824342,0.6206541782550878,0.0360663724508977,17.208666579930416,2.2863580239357848e-66,9.312372522887656e-65
7488,Ddx43,28.97631948528311,1.1770400798430496,0.3385196042959832,3.477021906282004,0.0005070163905777,0.0013964265383426
7492,Slc17a5,99.77886635788391,0.5749413783259696,0.1771119780459957,3.246202683009153,0.001169555405919,0.0030166652755117
7494,Cox7a2,11.8641065775944,2.0954362708817533,0.5629901582501534,3.721976734717072,0.0001976692395744,0.0005818959106096
7516,Dop1a,268.4766967384931,0.651310425405028,0.1109675730123955,5.869376140471901,4.374380029059613e-09,2.2219714591686512e-08
7517,Rwdd2a,185.16355902608265,0.6635435082624963,0.1328503492150832,4.994668905147,5.893679094766508e-07,2.409428660197163e-06
7520,Snap91,191.92002100582025,0.6428600451554454,0.1343109648600219,4.786355647325071,1.698369913940042e-06,6.5847653475247765e-06
7522,Mrap2,255.9754938633556,0.7074423812579397,0.1142528833065038,6.191899589615596,5.944341735468923e-10,3.229325524321791e-09
7524,Snx14,32.66449507091867,3.5914201654362587,0.4204107029086701,8.542646846496812,1.3118183697462338e-17,1.1901447036307022e-16
7527,Snhg5,185.30487974247623,0.6440337555710954,0.1456544610879164,4.421654858771262,9.794782649147034e-06,3.465084413287402e-05
7528,Zfp949,153.6414281043944,0.700366218305241,0.1576419720324299,4.44276488853592,8.881019450854266e-06,3.15778696224832e-05
7529,Mthfsl,1768.2859869744923,0.7555777292221107,0.0494546979139525,15.278179042499852,1.0688585691352834e-52,3.2140911192200826e-51
7532,Tmed3,508.74844897194026,0.8115147248425275,0.0815067139115004,9.9564156852608,2.3643351037406824e-23,2.8617376774521654e-22
7534,Morf4l1,32.834113339839526,3.0670743613981992,0.3922839921301381,7.818505019141118,5.345435484959146e-15,4.1712278117805894e-14
7541,Paqr9,16.315695995829202,1.497985745808408,0.4569725114784694,3.278065328178907,0.0010452120287248,0.0027200954013265
7543,Pcolce2,454.54629919786817,0.8174628969822075,0.0869204459835694,9.40472506476477,5.216640832865647e-21,5.684034130417515e-20
7547,Gm16794,84.89228226902061,0.6045476845078308,0.1934652074929331,3.1248393049169505,0.0017790221661513,0.0044134426796755
7550,Gk5,146.73630691916645,3.118972286426734,0.1846773600908332,16.888763651877383,5.4431693829143497e-64,2.089851267315445e-62
7551,Rnf7,555.212005591065,0.7838156862005942,0.0866041714136779,9.050553494202711,1.4224546398479338e-19,1.4512996444730809e-18
7552,Gm28729,418.1147696171052,1.007635188642133,0.0993385268885263,10.143448067967224,3.5436594406508335e-24,4.4464694986357154e-23
7564,Mrps22,388.51300117367015,0.527435876309447,0.0919782882307375,5.734351948215395,9.788588465979844e-09,4.781253427101068e-08
7567,Faim,75.16206899523299,1.189481115992321,0.2084221403922874,5.707076579069319,1.1493308082763395e-08,5.56274665961098e-08
7572,Esyt3,50.09891219107226,1.2071463810712042,0.2586869504252277,4.6664370935097645,3.064674129564292e-06,1.1556140803030084e-05
7599,Uba5,174.68016167326925,0.7290807829910476,0.1445091800626677,5.04522122867817,4.529969204289031e-07,1.8748227384202668e-06
7606,Nudt16,261.0646424864653,0.7877257292036064,0.1105598116839154,7.124883058372708,1.0416909257939513e-12,6.982095556605866e-12
7618,Abhd14a,99.35990695885494,0.5904085771671906,0.1849627580090406,3.192040297854623,0.0014127162160766,0.0035738052682741
7620,Parp3,108.37817724955173,0.6330292430633119,0.1749301937474945,3.618753455318679,0.0002960254878533,0.0008474541485663
7626,Gm37612,66.66213937978789,0.7067119409176996,0.2232440385652824,3.1656475373743898,0.0015473816708865,0.0038889141699263
7632,Hemk1,38.34511196338254,1.838866092341068,0.3124006900585205,5.886242095036992,3.950754813959726e-09,2.0121012608575573e-08
7637,Rassf1,92.01721856519016,0.9023941216508294,0.1859318292620325,4.853360101024399,1.213869828275398e-06,4.789528415204517e-06
7638,Gm9917,1832.075457599485,0.5964410145724015,0.0502640581470966,11.866153202889624,1.7744056557160372e-32,2.975898635664936e-31
7646,Gnai2,153.11079146601392,1.0038115129975005,0.1460730173086563,6.871984514952673,6.3314829127065254e-12,4.048152447011199e-11
7654,Inka1,10.575214579555777,3.711094970046319,0.7507313392419886,4.943306314870778,7.680865609662804e-07,3.1021670232520605e-06
7661,Dag1,208.8061338076893,0.5341896735904765,0.127372106660314,4.19392979826498,2.7416286156632945e-05,9.150252366518986e-05
7662,Nicn1,10.913406457464957,7.304324599884554,1.9987186296597963,3.6545036862581446,0.0002576799613652,0.0007448818410023
7670,Klhdc8b,28.097144107811417,1.1735027947035583,0.3375605844324527,3.476421267241825,0.000508153405653,0.0013985573531344
7673,Usp19,91.79929836326696,1.094185555599857,0.1922246628828681,5.692222523322084,1.2539627918897814e-08,6.057738043280537e-08
7678,4833445I07Rik,119.4316408080103,0.5365131780180264,0.1685164740064795,3.1837431988839096,0.0014538392845512,0.0036705984954004
7686,Slc26a6,249.15389327825255,0.7383061093116181,0.1204935560936294,6.127349322630314,8.935515122435344e-10,4.778436638590293e-09
7700,Klhl18,557.8838966933289,0.5219353175222528,0.0828467182144256,6.300011983231113,2.9762263398202987e-10,1.6632297904854201e-09
7701,Kif9,13.711512743356286,1.833724183687538,0.5287150449521248,3.468265564210646,0.0005238293544397,0.0014357978887226
7704,Nbeal2,615.3026440274339,0.8599621517333487,0.0743703300139399,11.563242378676511,6.327366112340636e-31,1.0147513402666297e-29
7710,Als2cl,38.95779057084824,1.120888774390115,0.2840290340123648,3.946388010252919,7.933900489053178e-05,0.0002479203002424
7716,Trank1,292.7816211193445,0.9454273801043204,0.1072838917713173,8.812388928988154,1.2250674171893261e-18,1.1766149691233228e-17
7718,Clasp2,22.050179053892037,1.5446302287524805,0.4000997675126307,3.860612662574762,0.0001131030756854,0.0003455715326957
7720,Fbxl2,562.6808554122869,0.5730645881520757,0.0781812108812792,7.329952832558366,2.3023374868091053e-13,1.6090235109810704e-12
7738,Golga4,117.6224936602194,0.5454855828163347,0.1700437294115598,3.2079135449686973,0.0013370168415339,0.0034007452985719
7744,Acaa1b,207.19623918451217,0.7949438996287159,0.1251270358131949,6.353094632685987,2.1102580271541038e-10,1.194468109781786e-09
7748,Acaa1a,86.34350215627853,0.8805469504004036,0.1945194577735583,4.526780819147952,5.988899860997083e-06,2.1731110596255264e-05
7756,Gorasp1,328.4034472856692,2.192801031092321,0.1148095316980917,19.09946847321533,2.5507053438218527e-81,1.3090219824493749e-79
7766,Rpl14,1053.803662620012,0.6102857164898485,0.06069840871783,10.054394001116185,8.786031571248275e-24,1.0847613638407252e-22
7778,1700048O20Rik,220.33086074875655,0.7202118723071643,0.1215876567816145,5.923396267112443,3.153596868674119e-09,1.617886617464403e-08
7798,Limd1,192.06665085820887,0.9246129411674232,0.1333719545217601,6.932588972568207,4.132074956989826e-12,2.6797567833957608e-11
7803,Gm39469,452.65032439697774,0.7170124316367679,0.0891837068148659,8.03972448829913,9.00406882483917e-16,7.350299237922792e-15
7806,Ppp1r14c,45.62557567048909,1.0268174112568298,0.2688859242944318,3.818784541999521,0.0001341108314527,0.0004050157632497
7807,Plekhg1,532.776824754037,3.276619752614585,0.1045236746868891,31.348110965578098,1.0323152059167612e-215,2.4833632672335087e-213
7813,Gm16153,129.15054953047257,1.0479730131465874,0.1635173376093344,6.408941268664366,1.4653362416532487e-10,8.37428239661968e-10
7818,Fbxo5,730.2643028621096,0.5918930718604223,0.0785922786739021,7.531186038215354,5.0281487606899225e-14,3.6602070127461963e-13
7825,Nup43,790.911987186073,0.8004293461590531,0.0679767574964959,11.77504452459818,5.248937873843181e-32,8.670884925503178e-31
7830,Ust,13.460275265597652,1.578794536952718,0.5196460448903775,3.03821139884895,0.0023798693983186,0.0057358279988281
7834,Stxbp5,241.5912742281924,0.5162506100908418,0.1176871441748475,4.386635547242521,1.1511743700351325e-05,4.052007453374691e-05
7836,Grm1,2601.3047861988166,1.1880312537868936,0.0418083343875894,28.416134514546755,1.2779126664821492e-177,2.1155638078665772e-175
7837,Shprh,124.26304698251464,1.5553461556730797,0.1752607856680252,8.874467552708447,7.026876916001724e-19,6.838545954409769e-18
7846,Ltv1,652.9729319551578,1.2699366139195254,0.0762949064518623,16.645103493518043,3.283979137257593e-62,1.2153880480100456e-60
7848,Fuca2,314.4413973872245,0.6647034383777138,0.1026252124391393,6.476999390105122,9.35645710766796e-11,5.450322119926443e-10
7857,C330004P14Rik,243.8064743691577,0.6890733039877098,0.1161919738996069,5.930472483263672,3.0206420359641622e-09,1.5543383952441253e-08
7862,Ect2l,74.79017364786257,0.8175090896309889,0.2104263481798822,3.8850129591763114,0.0001023244301178,0.0003140097520619
7864,Gm10827,123.76331247803316,1.456288692576998,0.1694292010186503,8.59526388498222,8.307367080681704e-18,7.62672770269383e-17
7866,Perp,170.5260540793815,0.7442442354845125,0.1399932820143698,5.316285358665412,1.0590701753041157e-07,4.660029842521339e-07
7876,Pde7b,186.52988596202812,0.9813558128367454,0.1356870064294464,7.232496601264648,4.741945135837432e-13,3.254881288959122e-12
7879,Hbs1l,379.7765442378096,2.9587344971695404,0.1139784534154118,25.95871770944268,1.449623434658684e-148,1.7713017777781826e-146
7886,Eya4,29.22043265119968,4.48235481397818,0.5408754609797537,8.287221620035682,1.1592451416578563e-16,1.0021189332377518e-15
7889,Vnn1,185.0431867431234,0.5183243836489009,0.1357570777553569,3.818028438877824,0.0001345224215555,0.000406179094385
7895,Enpp3,24.534606073554404,1.3201057144852075,0.3658735317191496,3.6080929611998886,0.0003084559756317,0.0008800941810279
7898,Epb41l2,172.5750335340014,0.8205707922291294,0.1444405767379057,5.681026833049095,1.3388846776167524e-08,6.455831035573917e-08
7900,Tmem200a,13.356931561162368,7.594367302598631,1.9880379107893829,3.820031429673876,0.0001334346699274,0.0004033161937705
7906,Ptprk,270.52473823111046,0.791608407895644,0.1114607514544893,7.102126960079454,1.2285129010320936e-12,8.212846124311815e-12
7915,Hint3,51.41773203741338,1.5057542552736174,0.2572193220382084,5.853970235758363,4.799745585819368e-09,2.4332197247044775e-08
7916,Ncoa7,34.24283833268305,1.7113196979023535,0.3157169589519762,5.420423735180671,5.9457933883045576e-08,2.689231345662073e-07
7921,Rnf217,912.2386976345108,1.104237687032011,0.0650731310766754,16.96918019406338,1.3885700258359968e-64,5.453679621880359e-63
7925,Zup1,11072.566991106343,1.0149677320813366,0.0274058805106515,37.034669682912,3.1701376922262816e-300,1.574433545468253e-297
7926,A830082N09Rik,134.6239867319749,0.7090457563372254,0.1530076201294538,4.634055191090021,3.585713300378411e-06,1.3418969852364129e-05
7927,Rwdd1,20.821216443167952,4.5066072678232985,0.6455806989605024,6.98070322591695,2.9370616001082045e-12,1.9324359143276028e-11
7928,Gm48045,78.62476973255743,0.5877121226890664,0.2031179646634906,2.8934522047950817,0.0038103227682553,0.0087951618200989
7932,Gm26564,44.77450816282076,1.385619199702275,0.2698283597294389,5.135187424671212,2.8186298253444335e-07,1.1915328059034295e-06
7933,Nt5dc1,18.47650855419734,1.7418822376176089,0.4355154622571128,3.999587588900032,6.345296090336671e-05,0.0002016350435641
7939,Lama4,766.2978840523396,1.1243249038398635,0.0726394007484689,15.478168765916772,4.8714300416968416e-54,1.5337533112876193e-52
7948,Gtf3c6,119.35854700184024,2.4789831578742176,0.1885473640134958,13.147800664541656,1.7519651799916542e-39,3.720449091193312e-38
7964,Sec63,773.776302431189,0.8066817025810492,0.0667506860011158,12.084994940240223,1.2677796868628085e-33,2.2055068993152312e-32
7968,Gm47889,96.21645560770496,1.467897145877124,0.1861356409040932,7.886169133150919,3.116042224509036e-15,2.4627610928409197e-14
7975,Prdm1,19.99619358928727,1.5304767431693616,0.4246340485969004,3.604225210452267,0.0003130854941389,0.0008923110454949
7979,Lin28b,15.16606775680617,1.8073128990405525,0.5025878059696551,3.5960142239298034,0.000323130138715,0.000917541795584
7982,Ascc3,42.50586354775525,0.8523598252924083,0.2720568119524029,3.1330214420123803,0.001730168023408,0.0043068176052368
7983,Sim1,20.580960685906224,3.805303558633726,0.5555852983614967,6.849179720658789,7.427463849344859e-12,4.7097707341232875e-11
7992,Fam184a,116.15204924079308,1.0496066148614664,0.17148266624394,6.120773824267257,9.312200627196559e-10,4.974692604313611e-09
8001,Lims1,68.477237913281,0.7025653462040794,0.2190509909339784,3.2073141655671904,0.0013398059172412,0.0034072764951843
8004,Sowahc,1589.1637600342349,2.147387551667606,0.0587176405468965,36.5714209846789,8.143427000071787e-293,3.7992788513062193e-290
8009,Ddit4,730.1345770329186,0.756690940310705,0.0724270663095499,10.447626541666656,1.5023798661087543e-25,1.9820600187326808e-24
8018,Pcbd1,4295.943064984313,0.6509646438330511,0.0383374142450085,16.97987870733368,1.1572497244030132e-64,4.592014628069276e-63
8031,Fam241b,16.085354505131992,2.7153936020110336,0.5309324969891985,5.11438575978949,3.1476351559883306e-07,1.323709119409897e-06
8039,Stox1,787.3707651941653,2.341140495195053,0.0803283982690394,29.144618162981438,9.774656745654459e-187,1.7704778265423068e-184
8042,Slc25a16,34.64358129887852,1.011189200859412,0.3144475682853023,3.2157640982039557,0.0013009772699187,0.0033189471495722
8048,Mypn,353.70184769633505,0.5066380268898648,0.0956922992421807,5.2944493015854,1.1937560085475852e-07,5.227266071558198e-07
8050,Sirt1,916.235140214598,1.5390511351182738,0.067360373118937,22.848019745983265,1.5291625486097726e-115,1.1890397271917198e-113
8059,Rtkn2,596.2613975393946,1.119115072186419,0.076167823574345,14.692753707135743,7.173819498197976e-49,1.9864770682420152e-47
8066,Slc16a9,158.42896799176376,1.5444520159672763,0.1710808036293373,9.027617261568851,1.7545025953881961e-19,1.7747911930746824e-18
8069,Bicc1,115.2915113552964,1.2622478912285051,0.167666094039318,7.528343154057762,5.1388195966570756e-14,3.735470562329194e-13
8076,Pcdh15,351.63423663012856,0.7691169876925568,0.0991555124149081,7.75667402609196,8.718564438570568e-15,6.684811658178908e-14
8081,Gucd1,211.13330777458177,2.5601188722824406,0.3766255863928055,6.797517122515246,1.0643750247108356e-11,6.664139032309079e-11
8089,Gstt1,79.8996444908098,1.896854089490516,0.2113489968945887,8.974985059600641,2.833902485850976e-19,2.829491742682336e-18
8100,1700094J05Rik,176.92389560164565,4.55069476148449,0.400494244942118,11.36269701489015,6.413359084496258e-30,9.834668970608007e-29
8121,Trappc10,186.887330474124,0.7962755556534448,0.1371779207418644,5.804691829028683,6.448449545215775e-09,3.21339439632619e-08
8123,Rrp1,13.767457527532612,2.5601766715575742,0.5813695388481147,4.403699369303268,1.0642039212495302e-05,3.754464613097563e-05
8125,4921516A02Rik,60.87932486896702,0.8449199833558887,0.230392066848236,3.6673137010071386,0.0002451120134277,0.0007124305378014
8127,Ilvbl,1033.396027672951,1.1963555770995542,0.0620463473159104,19.281643946069572,7.660285721404076e-83,3.9978901344656657e-81
8135,Cdc34,13.727783230525612,3.314019696003312,0.6158214632080943,5.381461826190784,7.388337294002692e-08,3.3067104935600417e-07
8138,Hcn2,28.073992428330826,1.022341320931961,0.3352645753289599,3.049356824916097,0.0022933191597667,0.0055498179477789
8151,Arid3a,235.21036847210655,0.5426905335404292,0.1196663826550749,4.535029149369998,5.759553040063522e-06,2.0953232184503307e-05
8155,Abca7,91.682279160881,1.1186934701355846,0.1866229385523508,5.994404968721316,2.0423185238816675e-09,1.0655213823680841e-08
8157,Polr2e,223.5202646203014,0.6914033150759108,0.1230345769524348,5.619585422260666,1.9141622022413735e-08,9.056681396960109e-08
8158,Gpx4,7996.101871024787,2.0758925134554,0.1676852481806911,12.37969669948843,3.366124626434679e-35,6.1476696024422675e-34
8161,Cbarp,847.6889112470362,1.9879583531085572,0.0697657053195777,28.49477897488829,1.359602095095913e-178,2.3002674567139206e-176
8166,Gamt,86.09751510283485,1.719827849403484,0.2038256786759176,8.437738858890327,3.235354745068155e-17,2.869327284278186e-16
8167,Rps15,172.17394862935075,0.6089170197994671,0.1444063077181077,4.216692673758547,2.4791147412847947e-05,8.331903636066514e-05
8179,Gm29093,4787.205954662962,0.9179508109313868,0.0365786401989709,25.09526887653992,5.601394714097303e-139,6.1162463133505e-137
8184,Ap3d1,242.5815888645665,0.5770466434231755,0.117330849339527,4.918115284014883,8.73814483140102e-07,3.507103175814653e-06
8191,Sppl2b,177.61960161525488,0.7620124381324923,0.1498380892481983,5.085572313127016,3.665191474673232e-07,1.528834677433462e-06
8195,Gng7,27.76393929597621,2.1821411231781798,0.3671971237142916,5.942696666861849,2.8037096491237993e-09,1.4494934102723307e-08
8198,Thop1,214.096805867512,0.7634728537727311,0.1270142337167711,6.010923590463085,1.844693414944302e-09,9.653602928783982e-09
8203,Eef2,30.820206508720872,1.3886531058872456,0.3295555492295841,4.213714832396414,2.512044199073361e-05,8.437048972280425e-05
8206,Zfr2,333.20695229372103,0.6152122881648685,0.1018186034069938,6.04223852595694,1.5199054132308734e-09,7.991961660554143e-09
8210,Pip5k1c,217.8127855901572,2.469539440872582,0.1396744075472105,17.68068670731872,5.907231735597591e-70,2.5837426079903555e-68
8230,Gm3055,117.7495398859436,2.653915231415423,0.1959003418633846,13.547272078096674,8.222962355675457e-42,1.886747070461689e-40
8231,Gm32687,161.1389247610132,0.6014911437804451,0.1418006553884871,4.241807924882697,2.217264143006562e-05,7.512543738056564e-05
8232,Zfp781,717.106304809416,0.9004983732825541,0.0710938064771535,12.666340682882618,9.085475714974948e-37,1.7572862325094759e-35
8235,AU041133,116.18364115188504,2.453603583002361,0.1946931961143168,12.60241052061056,2.0478862860151644e-36,3.9118185185470807e-35
8239,1190007I07Rik,52.42687313212472,0.870602292670961,0.2442019949211794,3.5650908296304595,0.0003637302019839,0.0010245133900009
8245,Eid3,1763.8144400966812,0.8922817554835518,0.0506022048157229,17.633258446602426,1.3684803036611909e-69,5.9182929087549705e-68
8270,Timp3,138.82926905850627,2.8637197713387263,0.182439917009504,15.696782909573148,1.5910877192344711e-55,5.1140681681281665e-54
8271,Hsp90b1,294.1158419161966,1.400316620084721,0.1108717074218764,12.63006273328501,1.4416326263368101e-36,2.7709582915207904e-35
8274,Stab2,36.072926011531,0.9587928103505152,0.2998888367328863,3.1971607239402533,0.0013878757150719,0.0035190603605481
8276,Parpbp,28.760513142181058,1.2172063317839197,0.3394897163445269,3.585399713694576,0.0003365623203875,0.0009530464382356
8283,Mybpc1,20.051834402147037,1.685367524036277,0.4177385597654072,4.034503123156125,5.471796235998213e-05,0.0001753252338177
8294,Anks1b,88.28546907528259,0.9819145771488732,0.1882487921618599,5.216047156916706,1.8278166093382835e-07,7.871626438425792e-07
8297,Slc25a3,60.3403877139944,1.0006642277309945,0.2543527225650491,3.934159688324472,8.348826550753017e-05,0.0002595689288679
8307,Amdhd1,501.8276386413402,0.5611618298939457,0.0815887051057977,6.877935238294026,6.072626335029119e-12,3.892346172111087e-11
8308,Ccdc38,490.388064901734,0.8186615738786427,0.088613228126751,9.23859327986157,2.4975907884125634e-20,2.653754850131113e-19
8320,Cep83,736.2757014231206,4.481771796434343,0.1123100707017163,39.90534213389868,0.0,0.0
8321,Plxnc1,142.4991599266501,0.6224927190158458,0.1515918580004119,4.106373041579546,4.019202047477538e-05,0.000131323503232
8324,2310039L15Rik,134.4882323621247,0.8872558231014136,0.1537681448468739,5.770088622614031,7.922985402004296e-09,3.9109420727559524e-08
8329,Gm47725,303.5930520666066,0.550645673812529,0.1086816429380166,5.066593206789975,4.049984883884273e-07,1.6820492924813127e-06
8337,Phxr2,240.7679420377112,0.7014261105038375,0.1222256061639606,5.738782015635112,9.535986495624654e-09,4.6667529588886584e-08
8339,Dusp6,71.15502579614957,1.6139165368349582,0.2446758668877253,6.596141079886468,4.2199738003195177e-11,2.526077629460315e-10
8342,Gm20110,325.3928807819763,0.7354968753584197,0.1258538112912334,5.844057226494595,5.094451397427375e-09,2.574989288075898e-08
8349,Alx1,65.9873255779652,0.8279631881862614,0.2219721000499339,3.730032684287827,0.0001914549332158,0.000565115059776
8351,Slc6a15,162.96123327732815,0.7233534513429766,0.1398773970447329,5.17133909141623,2.3242236225318297e-07,9.906906670127366e-07
8352,Tmtc2,75.43576973568547,0.6690413127665997,0.2105498694250797,3.1775907275243678,0.0014850421829484,0.003743852865347
8355,Acss3,121.96574084883387,0.5836095571813716,0.1768853996917925,3.2993653416181363,0.0009690370615087,0.0025360011217046
8359,Pawr,30.98309211505853,3.221982302318756,0.4047991894405182,7.959458384222378,1.7279397430974165e-15,1.3870365111954028e-14
8361,Nav3,24.124007638536224,3.2767942878493765,0.4631435625350063,7.075115693963042,1.4932412804841361e-12,9.952356170707257e-12
8362,E2f7,227.2043115440816,1.367437485212696,0.123370845663548,11.083959730177384,1.500847910916568e-28,2.2090874222248077e-27
8363,1700020G17Rik,57.93356684701059,0.793997691771287,0.2383593443323843,3.331095300648601,0.0008650498161958,0.0022809225843725
8375,Gm47419,86.23872974653068,0.8085828137171202,0.1973072120322091,4.098090512703227,4.165723949542704e-05,0.0001358802667948
8381,Rab21,47.40226151368695,0.7844315661469161,0.2623744546865114,2.989740625032135,0.0027921443080258,0.0066308582086019
8387,Tspan8,15.414724324005318,1.8329039085407623,0.4899539025428867,3.74097215886616,0.0001833098283612,0.0005427380995094
8392,Rab3ip,591.9205271303163,0.7696866490586173,0.0752481221602728,10.228649260100376,1.475631265165121e-24,1.8714018911435094e-23
8393,4933412E12Rik,3867.16017996913,0.6944569649015675,0.036802097275804,18.87003775076007,2.0115475577127808e-79,1.0055125389138304e-77
8402,Mdm1,2687.728562074744,0.6917576444042863,0.0436926791147353,15.832346709336734,1.861471298293369e-56,6.150045516850796e-55
8405,Cand1,765.3843255863245,0.5267404157636689,0.0665469780067557,7.915316841437864,2.4662421604408814e-15,1.9612739825489573e-14
8415,Hmga2,12.3034099904755,1.5565755129844103,0.5233994527192877,2.973972374058329,0.0029397154050283,0.006951291410815
8418,Msrb3,755.2310933083712,0.957407277181051,0.0692857058057486,13.818251052609105,1.97817763805541e-43,4.781165292857314e-42
8419,Gm15910,290.02531908721807,0.5014745191372659,0.1068238555253499,4.694405726801943,2.6738288212143065e-06,1.0169532739974175e-05
8421,Tbc1d30,370.66848773791554,0.6154155372848278,0.1003000324692407,6.135746142191517,8.476041608953796e-10,4.5469385578903365e-09
8427,D930020B18Rik,85.53092190024016,2.11884224178646,0.2099695933096717,10.091186101701425,6.0434805567942736e-24,7.50366343971005e-23
8434,Mon2,338.3593676577195,0.56022124408153,0.0990042378847963,5.658558219835158,1.5264993369736654e-08,7.303288934756542e-08
8435,Usp15,21.961570689234843,1.4078746768840622,0.3903036899616874,3.607126227841353,0.0003096070645024,0.0008831231380389
8442,Eef1akmt3,19.388992567706165,1.997485917393605,0.4372431450446226,4.56836416998545,4.915454517681296e-06,1.8035828826077512e-05
8447,Dtx3,28.50514295822916,1.1104733749301323,0.3431028842554211,3.23656088563641,0.0012097941516041,0.003108476428254
8475,Cnpy2,48.215469457840896,1.0583631357652012,0.2558771039452857,4.136216642468767,3.530788698021091e-05,0.0001161538948605
8484,Myl6b,104.93253955791806,0.5988474749487145,0.1769439967213932,3.384389897621836,0.0007133662321279,0.0019097524795411
8486,Pa2g4,1421.614731875213,0.6511193772254603,0.0534238199038264,12.187810201472024,3.6099156511494812e-34,6.366352962783207e-33
8487,Erbb3,37.16744097436959,2.009345631460806,0.3201435807513511,6.276388946312883,3.4652668804903164e-10,1.926733437776414e-09
8491,Cdk2,2126.055060684162,0.6808986563428862,0.0457750333241649,14.874891548870494,4.79761914006485e-50,1.3503499868453096e-48
8499,Gdf11,40.70186815949051,2.109183337865104,0.3237856050911938,6.514135603005129,7.310943003955703e-11,4.2912420316012965e-10
8504,Olfr814,101.82115166506875,3.8157012352349695,0.2508753233818205,15.209551835545223,3.0562823327916052e-52,9.04894669147299e-51
8508,Gm12592,551.2548083717305,0.8563642947348634,0.081380404901089,10.52297903623976,6.769860225808327e-26,9.055496788579063e-25
8511,Limk2,1440.0088371351949,1.3633099741639996,0.0602847769167097,22.614498118614037,3.120597461265238e-113,2.3902845031661493e-111
8513,Selenom,45.31506809451668,0.9593106167930092,0.2741841985116566,3.498781556342041,0.000467389327948,0.0012957001493395
8514,Smtn,339.14003908958136,0.7343765861377292,0.108326434059155,6.779292538483267,1.2076577615773871e-11,7.542839309227364e-11
8524,Sec14l4,26.64998760673031,8.59201556653775,1.964551131334376,4.373526058699131,1.2225564381782078e-05,4.2875806200892224e-05
8533,Hormad2,464.45756408606576,0.5078068548931617,0.0841011491553045,6.038048944556341,1.5598875625880903e-09,8.185422260942824e-09
8534,Mtmr3,136.4692712414969,1.2602145739738786,0.1617169133488939,7.792719684520852,6.558200841361364e-15,5.0917831645788994e-14
8551,Xbp1,93.24053156282169,0.6991815309523419,0.1902085467303332,3.675868108826894,0.0002370419706894,0.0006900166724777
8576,Ramp3,49.187616785674415,0.8885735048336625,0.2581100937649281,3.442614319620233,0.0005761203050868,0.0015679597343322
8578,Tns3,1301.5067549498283,0.6620139328386098,0.0538928877635526,12.283883093129113,1.1056141716678667e-34,1.993212621428393e-33
8583,Zpbp,19.79162271374804,4.665432961470343,0.7067033229130868,6.601685332734903,4.065096486850726e-11,2.4362096345486093e-10
8584,Spata48,322.8612989675717,0.7218204511400937,0.1009244213856805,7.152089070510218,8.546707903048667e-13,5.758648353406446e-12
8587,Ddc,42.51409254050117,1.974981854221188,0.3003997937227087,6.5745113528414825,4.881320573112941e-11,2.9117710787929804e-10
8620,Gm20456,457.048029945654,1.7442976297475907,0.0920829453692305,18.942678503097135,5.074847293066472e-80,2.553344736080111e-78
8635,Gm12064,13441.132680409037,0.6998630088366495,0.0297443327110289,23.52928928128708,2.04586108605301e-122,1.7795523887498388e-120
8636,5730522E02Rik,63.7122938047724,0.7358393596273536,0.2212981678701933,3.325103712828632,0.0008838564992893,0.0023261501211796
8646,Mtif2,166.34328571659557,2.7867915619862784,0.1700832794089042,16.384864941876142,2.4531324895925116e-60,8.803829326285852e-59
8647,Clhc1,29.129773029331226,1.1584394067176356,0.3386686698384034,3.4205685671201524,0.0006249038062265,0.0016890833919705
8654,Psme4,108.36373258747354,3.053611063665333,0.2093545227215545,14.585837573362069,3.45653552202474e-48,9.452366056322003e-47
8661,Cpeb4,311.24659263695526,0.5607851480695115,0.1046635596986785,5.357978934444669,8.415804975935754e-08,3.741545868019258e-07
8663,Snrnp25,60.27155069299468,1.4041533834486333,0.2365393410167675,5.936236134813182,2.9163967779015132e-09,1.5037121497847188e-08
8664,Rhbdf1,153.03014738464967,0.6386564374834882,0.1424282780800061,4.48405643944341,7.323727759631587e-06,2.6308005736651405e-05
8695,Clint1,26.08889547626852,3.4081795700910607,0.4675197799367182,7.289915242842516,3.10150079085878e-13,2.1528722351696024e-12
8700,Adam19,352.40882582116507,0.5559922891056449,0.09807424366582,5.669095863743219,1.4355303377056512e-08,6.891619918714129e-08
8703,Fndc9,430.6637476121,0.5584718506465981,0.0876050773879808,6.374879941869882,1.8310633486762004e-10,1.0410284828736626e-09
8711,Zfp62,318.5020942196242,1.5720681076389984,0.1066462177707948,14.740964475812014,3.517254852223006e-49,9.810082555221991e-48
8728,Grm6,253.1536055065941,1.0231830516119496,0.1151872496765487,8.88278046819501,6.520957331750664e-19,6.3542189290907096e-18
8729,Zfp454,11704.544897524434,0.5229569555808772,0.0282833156180372,18.48994519042067,2.4880720388671814e-76,1.1933444582678856e-74
8731,Zfp354b,22.656371668212454,1.3904173057160387,0.3783868977539933,3.674591572724098,0.0002382301923948,0.0006933444314009
8740,0610009B22Rik,109.6134689991947,0.62169325150056,0.1725296604391749,3.603399264323812,0.0003140825058314,0.0008944902441325
8741,Sec24a,220.206438285501,0.5303722958821505,0.1209318783395968,4.385711221591854,1.15607412623559e-05,4.066464986868436e-05
8742,Sar1b,56.53572675826408,1.942721671994442,0.5281181071499489,3.6785742539269606,0.0002345414097343,0.0006833837139042
8748,Skp1a,126.01962936088904,1.5143375521737017,0.1736901564223795,8.718614706587847,2.8162614410452823e-18,2.6454643774455864e-17
8752,9530068E07Rik,130.04619460953856,1.0503671087541426,0.1605085199324435,6.543995977261718,5.989640887460572e-11,3.5386228358919016e-10
8753,Fstl4,87.17838199589859,1.1348870593188516,0.1937809173050922,5.856547048603678,4.725897498182086e-09,2.3973613799674266e-08
8758,Kif3a,67.8564314292755,0.876704295599272,0.219634615240224,3.991649015071609,6.561543732172364e-05,0.0002078632248982
8763,Slc22a5,47.980377539604014,3.3615694955678963,0.3288992920208615,10.220665039785729,1.6023773949208503e-24,2.0304693310453842e-23
8764,Slc22a21,75.86248637573526,0.5803514453645804,0.2026229371238338,2.8641942200743853,0.0041807158442485,0.0095683515888287
8766,Pdlim4,100.33287137550025,0.5823491940630037,0.1760905746638574,3.307100310023184,0.0009426712940186,0.0024733073010755
8779,Gm2a,99.85456727148268,1.1665523601367995,0.1804546085488638,6.464519634703143,1.0162110252336468e-10,5.89287568530969e-10
8784,Gria1,33.093299186248295,1.0996535769304507,0.3173730854181997,3.464860845025491,0.0005305059051049,0.0014522882139039
8788,2010001A14Rik,75.3558594187618,1.006064626746346,0.20404148363004,4.930686686098121,8.194106656106103e-07,3.299933719001034e-06
8789,Sap30l,540.3034271814541,1.266062321252151,0.0820626090543029,15.42800473738733,1.0609992045458987e-53,3.3067092617790807e-52
8796,Zfp692,256.74156917700924,2.596045378833935,0.1298305877240691,19.995637579268674,6.010578814397046e-89,3.4658753343242293e-87
8797,Zfp672,176.85767820009372,0.7262337748670127,0.1372385535255157,5.291762090249586,1.2114342122379474e-07,5.303167794033391e-07
8798,1700047K16Rik,110.60710838580182,1.6556659618283716,0.1776852467342327,9.317970919131982,1.1858636266639952e-20,1.2758599857525418e-19
8807,2310058D17Rik,38.808373168089176,2.521483411071846,0.3272046917372276,7.706134645211032,1.2968580083806821e-14,9.811511497311537e-14
8810,Iba57,224.7572615055608,1.2158876933532965,0.1248468639455756,9.739032723187476,2.0550106526216796e-22,2.378867970508525e-21
8814,2310033P09Rik,627.1184937834415,0.5053238658424384,0.0733362778763133,6.89050331535371,5.559533095553282e-12,3.5753789281177246e-11
8815,Arf1,59.40388772300114,0.723327568653398,0.2374132624901558,3.0467024506829734,0.0023136661491055,0.0055963364314328
8819,Zfp867,220.4903005631902,1.2474096932820216,0.1322206118719953,9.434305859132287,3.935916048193577e-21,4.312979606974256e-20
8824,Pld6,12.239414958435546,1.872952685011452,0.5349799619972923,3.500977266548409,0.0004635553849026,0.0012859276947677
8825,Gm16062,258.07070523127715,1.215002926147878,0.1142974613577474,10.630182960450512,2.1568892393371896e-26,2.9465365331708403e-25
8828,Med9,231.83364669378,0.7085007992720023,0.121549455288688,5.828909702550829,5.579067983765691e-09,2.8061199176104734e-08
8835,Gid4,54.51304191737696,1.2027866153376805,0.250859202925237,4.7946680899569945,1.629443882679736e-06,6.331882387111867e-06
8838,Llgl1,439.9301121351977,2.618586106424227,0.0995877084436012,26.294270119762743,2.2300633566381557e-152,2.909665715152632e-150
8840,Top3a,39.85623003985884,2.640740283542048,0.3219381129738091,8.202633292308832,2.3517775052667807e-16,1.992733432641021e-15
8842,Shmt1,100.29294326813304,0.9626696584033692,0.1836784266047911,5.241060021026218,1.5965676888437322e-07,6.914418041473445e-07
8844,Tmem11,46.80098110841058,1.7880285347064035,0.2728344662204364,6.5535288098893165,5.619308581241076e-11,3.3287754873715885e-10
8850,Mfap4,119.66827508091906,0.966463016176682,0.177814121527534,5.43524331967654,5.4721706934650046e-08,2.483039787697825e-07
8858,Akap10,129.68038299072256,2.422702146948256,0.1776662123462937,13.636257085427731,2.4375398912404064e-42,5.686115782657165e-41
8862,Ttc19,402.5394026310969,0.5683341411670935,0.0911614129287146,6.234371790743449,4.535946417854253e-10,2.4967976778435504e-09
8864,Pigl,25.639217550755912,1.045972218950757,0.360630284972059,2.9004003893677344,0.0037268627057953,0.0086193147391355
8872,Mmgt2,126.37885787646675,0.9706190485507636,0.1694793655891847,5.727063263285565,1.0218407070252626e-08,4.9769881446886894e-08
8874,Zfp286,145.68087545736773,2.330760013431303,0.1656175985137489,14.073142192300368,5.554548461385531e-45,1.411185282367849e-43
8883,Elac2,470.7687922590194,0.7931191254502189,0.100227318502829,7.913203079735513,2.508496637425663e-15,1.9938468884773103e-14
8885,Map2k4,20.20401960061005,1.9080662039622576,0.4225278552502285,4.515835299976298,6.306766886084753e-06,2.28360731369146e-05
8889,Pirt,135.63442744327406,0.8219631369845205,0.1673590450551068,4.911375639804052,9.043963940061436e-07,3.6204074056470575e-06
8895,Gas7,123.70552105648004,2.426150124085859,0.1927091937570779,12.589695783503585,2.405988329774185e-36,4.5844797432182366e-35
8904,Ndel1,14.74525907508376,1.7484142926573898,0.4816992000276469,3.629680706459634,0.0002837720155741,0.0008147392772672
8912,9330160F10Rik,277.27121790060784,1.2742897412906835,0.1139623309766998,11.18167494793712,5.013471607980639e-29,7.515813912022387e-28
8915,Vamp2,322.6067382931652,1.0157090490010676,0.1015312346318576,10.003907198449124,1.4650016279067422e-23,1.7872555517632486e-22
8925,Kdm6b,178.89233133610296,2.4202590703017046,0.1505976495335213,16.07102818535678,4.072745723265658e-58,1.3934220701199572e-56
8931,Atp1b2,396.4763779140364,0.5817622627375367,0.0940155313436367,6.187937827114268,6.095635918702843e-10,3.305685473911552e-09
8937,Eif4a1,27.37303069880765,1.086520657389463,0.3439307691490225,3.1591260650444517,0.0015824302440399,0.0039692238574844
8939,Tnfsf13os,111.7234491169135,1.1651290516832369,0.1805907351197308,6.4517653738480085,1.1055464919101279e-10,6.379682829628309e-10
8944,Chrnb1,257.3860119232356,0.9014512647958012,0.1168951504048377,7.711622438346203,1.2422819511989104e-14,9.412486673552376e-14
8947,Tmem256,133.0696031842503,0.6754760401810886,0.1589111493972584,4.250652284267866,2.131488553086531e-05,7.236250884965872e-05
8949,Kctd11,1336.692860485373,0.6807755845011526,0.05261360679403,12.939154450411085,2.70591202992532e-38,5.452908588053694e-37
8971,Tm4sf5,63.54902773550193,0.9151100870879556,0.2522726483018981,3.627464543809088,0.0002862180642386,0.0008207512231362
8973,Pld2,240.65607497568956,0.7759492217949542,0.1171009482982368,6.626327395904081,3.4414144491491684e-11,2.0794355125235708e-10
8976,Rnf167,120.18267237531347,0.8927748632996633,0.1627134306505834,5.486792698857412,4.092969774174678e-08,1.880494259719288e-07
8989,Dhx33,28.440991894902297,8.685132622648496,1.962619641575471,4.425275503549226,9.631927790271317e-06,3.410606261706927e-05
8991,Mis12,195.8436333861468,0.7737751399902462,0.1327752321160026,5.827706927405083,5.6194150656757034e-09,2.8254903445833813e-08
8995,Gm43951,147.2719217442789,1.6181189310891726,0.1524132728379361,10.61665366119228,2.4933977238776568e-26,3.3971992351168504e-25
8997,Med31,141.99859417321562,1.4156805801145915,0.157792341817714,8.97179523293991,2.9172034685558023e-19,2.9107754116581423e-18
9004,Ankfy1,317.3225244041497,0.9358900671383712,0.1032582565684352,9.063585791980737,1.2623105081181965e-19,1.2939102918101034e-18
9013,Ctns,395.438105599374,1.4185222703863367,0.0936504165968761,15.146993702040332,7.931246438303293e-52,2.312679359168892e-50
9017,Ccdc92b,26.82319303699944,1.7175144670808986,0.360788528080401,4.760446448281065,1.931651850938829e-06,7.442370344608159e-06
9018,Cluh,225.24782937045836,1.3259731679804478,0.1235739469866121,10.730200016384542,7.343704715312832e-27,1.0269180544682684e-25
9021,Sgsm2,585.1614096224756,0.636893075479224,0.0814306086375811,7.821298233368363,5.228131719095444e-15,4.0817604435696485e-14
9024,Smg6,3914.719375861001,0.9635429341435964,0.0369831417288306,26.0535716843238,1.2256435523466313e-149,1.5341470025958322e-147
9026,Dph1,166.00531398363768,1.453488861865944,0.1529630186150355,9.502223969075576,2.0545472363834304e-21,2.277308081451353e-20
9030,Serpinf1,95.12693506381436,0.8950565499759325,0.1854199228961665,4.827186507229626,1.3847542610887742e-06,5.434533929065197e-06
9031,Wdr81,111.93542887130964,0.5027701564102801,0.17130341873159,2.934968607941531,0.0033358143414635,0.0077907515428106
9034,Prpf8,2421.2545288962874,1.1045998537337818,0.0443931759070364,24.88219937332078,1.1596254782922378e-136,1.2145301948154625e-134
9044,Rflnb,161.62322196540163,0.8727281310644626,0.1400974912690826,6.2294343971387045,4.681221273561327e-10,2.5740029545625063e-09
9045,Vps53,33.21162476638966,1.7458468714130062,0.3271470596199038,5.336581271558487,9.471542832900316e-08,4.191560341238608e-07
9057,Abhd15,22.302046442871443,2.138716278745308,0.4160260312743347,5.140823212898909,2.735373375438401e-07,1.1588830073816626e-06
9058,Taok1,187.1395364050924,1.0326037971616906,0.1330601940363799,7.760426058595459,8.464454226538422e-15,6.496447521026198e-14
9064,Phf12,1232.7769710469204,1.5742248341725402,0.0601708856740073,26.16256710431925,7.090909612913759e-151,9.022449950447951e-149
9067,Eral1,41.494272130597565,0.9505808619310486,0.2788614021145026,3.4087932382292654,0.000652509146718,0.0017587588975615
9068,Fam222b,1430.4135607400838,0.6753104719110382,0.0528140390100576,12.786571233122984,1.948839597184268e-37,3.836871411540792e-36
9078,Rskr,87.50568425223092,0.5869782037033089,0.1978646018466007,2.966565005692012,0.0030114669218701,0.0071028146364492
9087,Tnfaip1,1071.9103454530232,0.8846114205433167,0.0593278737389594,14.910553249145185,2.8141113507249456e-50,7.935175523033198e-49
9092,Lgals9,70.48000746550228,1.185051805893191,0.2195854335084394,5.396768751728905,6.785174751032701e-08,3.048279850215917e-07
9116,Gm11423,92.20230977784688,1.0244051743431146,0.1997583882893921,5.128221063032647,2.924928666998175e-07,1.2347738348534109e-06
9123,Slfn9,8659.753262574131,0.9946044434737232,0.0298120516393645,33.36249566133259,4.7998475584042145e-244,1.5081316940651283e-241
9126,Pex12,37.08608241299659,1.8035723614929724,0.3120988661110067,5.778849452312594,7.521318877939631e-09,3.717439019093373e-08
9128,Taf15,736.3190583155987,1.0818634601658357,0.0706274182798872,15.317896172822728,5.806672940156364e-53,1.7702878532009382e-51
9133,Dusp14,44.02025121423814,2.007685856507855,0.2902825808343039,6.916315304685337,4.6354207440382194e-12,2.993579604664951e-11
9139,Mrm1,39.95555597818074,1.1131087595441702,0.2819929259014181,3.947293202430552,7.903973784303561e-05,0.0002470854424023
9142,Ggnbp2,72.84402704494363,2.24798756049488,0.2382845800834413,9.434045458198309,3.945703761821235e-21,4.320629809174945e-20
9143,Myo19,25.717836435948072,2.603584130458311,0.4009079572742962,6.494219142367811,8.346518037880407e-11,4.876773878983179e-10
9149,Bcas3,135.68584213685548,1.981171688318601,0.1682647684382726,11.774132557317769,5.306010098910592e-32,8.755769719488475e-31
9159,Vmp1,1007.620863337528,0.9571248646470492,0.0656985314125396,14.568436220240477,4.459833630807012e-48,1.217439691133063e-46
9160,Ptrh2,89.33507333101348,0.6120748907040843,0.1960414766950981,3.1221703744664184,0.0017952301361298,0.0044500665232419
9163,Smg8,19.245880143508515,2.6651093995204205,0.4845163582454005,5.500556078584618,3.78595312573175e-08,1.745165698316348e-07
9165,Ska2,36.879914019349805,0.9151268173638384,0.3179817157870443,2.877922760743603,0.0040030313802336,0.0091944906952225
9170,Sept4,2555.378453743523,0.8838718786566271,0.0413805916281328,21.35957568223168,3.176837615524056e-101,2.099167035562591e-99
9177,Mks1,929.8135247043884,0.516751577583304,0.063723848751701,8.109233633969879,5.094001734276982e-16,4.225606180006919e-15
9178,Dynll2,262.97330687108035,1.1549574309716384,0.1117284301157976,10.337184812984631,4.78384523036169e-25,6.1892505182057646e-24
9180,Srsf1,110.96641728946568,1.3005766852845075,0.1726968380505873,7.530981458407103,5.0360339932594784e-14,3.6642145255303843e-13
9182,Vezf1,167.38915622067066,1.1561453092019147,0.1428973494479103,8.09074005689209,5.930329592808806e-16,4.898248627193367e-15
9190,Elobl,128.86057680431415,0.9255266849403844,0.1611441234927956,5.743471526479601,9.27549668421807e-09,4.5450524172572066e-08
9192,Trim25,55.21967604331285,2.752851312147245,0.28202438456955,9.761040047472791,1.6544966639175393e-22,1.919565232680817e-21
9204,Mbtd1,4004.910409757538,1.0180061637887374,0.0362527380232853,28.080807665751134,1.680681942376278e-173,2.7237662299815975e-171
9209,Gm21885,183.1246166078446,1.6910020123379546,0.1443475601299284,11.714794561237262,1.0705041377309477e-31,1.7570876017596665e-30
9212,Cacna1g,547.8091117874387,1.0317755911558666,0.085599490676562,12.053524886665908,1.858296438849949e-33,3.203844565793261e-32
9215,Acsf2,48.87619304844456,0.914990395003984,0.2632868116267481,3.475261025611612,0.0005103564870065,0.0014033664000629
9222,Ppp1r9b,43.31553032843209,1.804358665807333,0.2810290695311059,6.420541009575582,1.3579088192889854e-10,7.786355374962093e-10
9224,Pdk2,125.7253860256846,1.2738910706545967,0.1686667121545136,7.552711820739113,4.262875371172712e-14,3.116392650264724e-13
9230,Fam117a,47.46070391717678,0.8352839982438882,0.259558879777618,3.218090627296333,0.0012904703644662,0.0032943262694946
9244,Ttll6,816.4283803631188,0.8536234615742555,0.0667035685098865,12.797268281797171,1.6982053480495838e-37,3.347704166270345e-36
9259,Sp6,338.5724290350951,0.5947982360171172,0.1049506678442084,5.667407823455222,1.4497399956331674e-08,6.957667385526262e-08
9266,Gm11583,91.73489619963956,0.5903091955529345,0.2039202278501822,2.89480451143193,0.0037939472608757,0.0087599898063052
9267,Npepps,28.55241628504786,1.000449998094665,0.340095831037878,2.941670866830592,0.0032644669066032,0.0076394182237519
9273,Srcin1,299.7037837425891,1.5595169408088163,0.1114029598024922,13.998882467518856,1.5834099655279144e-44,3.957496725530482e-43
9274,2410003L11Rik,322.6201696520435,1.0281438582805087,0.1024387191774439,10.036672329918163,1.05162066964688e-23,1.293191040725508e-22
9275,Epop,169.97075545353655,0.667010230365552,0.1412399966620463,4.722530771234358,2.329278335601321e-06,8.909706647184582e-06
9289,Med1,517.5438008316972,0.6875388018717907,0.0800401423881506,8.589924772217493,8.702628619473096e-18,7.975337513417131e-17
9290,Cdk12,278.9649561795937,0.7263347913930679,0.1137474957783815,6.385501381131175,1.7083680165647006e-10,9.730682198679294e-10
9292,Erbb2,46.67797388981344,3.2263907963206058,0.3647127700126595,8.846388340634784,9.039729286054502e-19,8.747685234952552e-18
9293,Grb7,900.544192250099,1.7134820586792363,0.0705134160768786,24.30008577106913,1.956232109039797e-130,1.9062119968846016e-128
9295,Nr1d1,15.487831229166346,1.456886251696538,0.4775345316253593,3.0508500542103425,0.0022819450433062,0.005524897922117
9299,Rapgefl1,251.79256693212557,3.95314784825999,0.1723313820631292,22.939222101821567,1.8877477861835796e-116,1.4981322121691951e-114
9304,Igfbp4,1799.292944825981,2.3857289915393944,0.0590867391532075,40.37672455326019,0.0,0.0
9331,Stat5b,715.9640048694414,1.601506919667542,0.1623813178882692,9.862630384423296,6.044477511784675e-23,7.0876447655321295e-22
9332,Stat5a,53.59045377724883,0.9092079552753182,0.2474680633039783,3.674041583937597,0.0002387438520079,0.0006947080600103
9334,Cavin1,303.42442288819626,0.8496313179463282,0.1058455060837826,8.02708919237249,9.981252049844864e-16,8.1135879915212e-15
9339,Mlx,39.57482806209656,1.782518922358972,0.3101611073482099,5.747074278909458,9.080084801693793e-09,4.453551628126079e-08
9343,Tubg2,67.03323612507161,3.514406943998837,0.5207938857083708,6.748172435278553,1.4971895418007783e-11,9.264762936320249e-11
9349,Cntd1,71.15603170616986,0.8456843828277769,0.2124335335982407,3.980936382798937,6.864432066285743e-05,0.0002166559985496
9350,Becn1,145.92876733350172,0.6176147702416664,0.1475105186168908,4.186920200895735,2.8276518510182088e-05,9.414906552395404e-05
9361,Brca1,99.16466711673672,1.992879707563361,0.2165099853364886,9.20456257232723,3.4306565340679567e-20,3.6127488371074053e-19
9364,Gm11635,38.64589052824574,1.23562949864525,0.2889763972566052,4.275883810496939,1.903805011853396e-05,6.512104412907105e-05
9365,Rdm1,56.03951639418551,0.9020995406832746,0.2408857581031498,3.7449268391242376,0.0001804463511886,0.0005347742103754
9369,Dusp3,160.7466971420246,0.817937768876281,0.1419842220796602,5.760765223739979,8.373344246365983e-09,4.116092209995233e-08
9381,Rundc3a,736.2281204606664,1.0447288938974737,0.0717162845303678,14.567526758237026,4.5195947934548946e-48,1.2293936650182256e-46
9389,Meioc,213.38125452563835,0.6255576740972282,0.1232337016691304,5.076189919027059,3.8507840513734013e-07,1.6027756489576882e-06
9396,Dcakd,153.62984786990705,0.5794043324300072,0.1453271345255083,3.9868971085252345,6.694303903774816e-05,0.0002119817007456
9397,Nmt1,33.43195617539762,8.918917899496558,1.963158503945557,4.543147118060673,5.542054431743348e-06,2.0209727624614063e-05
9413,Mapt,157.6808851247948,1.3812165929432063,0.1527591613202588,9.041792197637776,1.5412385851406282e-19,1.569372305345576e-18
9418,Itgb3,106.89270016664663,0.7959348880800035,0.1722952144831833,4.619599508131956,3.844814532880709e-06,1.4322469041430291e-05
9420,Mettl2,394.6989759484354,0.7646876796584625,0.0929206491893166,8.229469836144679,1.8804383978782772e-16,1.6048353422247208e-15
9422,Tlk2,869.5262491948457,0.6046321953189843,0.0646170430270202,9.357162862840251,8.190647433172777e-21,8.861785515188199e-20
9430,Strada,40.61646621163913,1.5375132217957124,0.2911534885041362,5.280765240681188,1.286454390443563e-07,5.621984614041753e-07
9433,Psmc5,180.6284832909168,1.164731111860984,0.1355821121692597,8.590595715214569,8.651956033113014e-18,7.93362210159666e-17
9434,Smarcd2,194.85109074306675,0.588299397846854,0.1306812855042954,4.501787655184312,6.738428686666447e-06,2.4301908657745756e-05
9439,Pecam1,20.244178360774264,3.293688945252461,0.5078601252470519,6.485425378986438,8.848178453394047e-11,5.164008926021786e-10
9441,Polg2,187.7428260500852,0.501787874208668,0.1310392330044283,3.829294957730032,0.000128510905545,0.0003890961458743
9442,Ddx5,196.1757338127577,0.998658296341466,0.1353344180043828,7.379189352328128,1.592562012717453e-13,1.122154908366037e-12
9449,Pitpnc1,242.33151619991645,4.893350079902651,0.2148465119247248,22.776027574592973,7.92602163528365e-115,6.101451454841354e-113
9450,Gm11716,132.2826750580936,0.56563594625945,0.1541139488284272,3.670244974964362,0.0002423181242435,0.0007045759850527
9458,Cep112,66.99075197329624,1.6393078916061887,0.2261903884858675,7.247469278335906,4.2463072381489024e-13,2.929038809970452e-12
9464,Slc16a6,513.8809804711528,1.155973651457254,0.0841092233759045,13.743720427555566,5.554643479898423e-43,1.327939301498697e-41
9466,Wipi1,240.02781580068248,0.522865053442474,0.1162988217539911,4.49587575829873,6.928418527644093e-06,2.4946195428346223e-05
9467,Prkar1a,98.5117536887271,0.6607772889766547,0.1797143404870519,3.676820042217289,0.0002361595167604,0.0006877079478047
9468,Abca5,488.30081750957424,0.6451132640278328,0.0838651010430314,7.692273138701911,1.445436274510434e-14,1.0882120724871709e-13
9473,Cpsf4l,242.11959237343555,1.5185456378523392,0.1413318400054156,10.74454020972309,6.2874410761642256e-27,8.808138563114141e-26
9480,Rab37,133.7362255943452,1.1489254869891528,0.1644661410128559,6.985787347557111,2.8326285582058508e-12,1.865318617713314e-11
9486,Hid1,384.0196073841464,0.5971902576819176,0.094330811047342,6.330808047247727,2.438805932550789e-10,1.3704369396348751e-09
9487,Cdr2l,653.7810903299263,1.3371188205980302,0.088068857986997,15.182651974384068,4.607693734228846e-52,1.351239099660711e-50
9503,Tsen54,154.84384824756924,1.8089066367194868,0.1649159525376594,10.968657724645608,5.406908377702182e-28,7.82375576908861e-27
9505,Myo15b,101.19360350253667,2.2839709612014647,0.2113267332254592,10.807771105630792,3.1626094660374883e-27,4.44265833386069e-26
9508,Sap30bp,637.2922426654549,0.7223428877755743,0.0730659685944423,9.886174120061124,4.779457196406432e-23,5.655997155716636e-22
9513,Unk,217.6581871583869,0.7234748255733386,0.1205826951095012,5.999822983856436,1.975327491486667e-09,1.031269652727322e-08
9520,Ten1,22.894342521291907,2.867709587527598,0.4430523189979715,6.472620646729373,9.631755826554768e-11,5.600094890696269e-10
9523,Galr2,252.36182291210696,0.646544471174835,0.1145686801041276,5.643291609776884,1.6682942394304252e-08,7.944651441469479e-08
9527,Prpsap1,74.95903256458477,1.206274389636065,0.2081770771386445,5.794463089866011,6.854009501499042e-09,3.401815934399718e-08
9539,2900041M22Rik,176.9295191141649,1.3317018922727828,0.1417697782067377,9.393411692658573,5.808757422359889e-21,6.324726257047585e-20
9545,Afmid,130.34753508294705,0.9520273882189128,0.1638914811502691,5.808888793591511,6.2888842554255765e-09,3.138530372659065e-08
9548,Pgs1,80.91176041955384,0.7878424436575607,0.2044235942107981,3.85397021659423,0.0001162177390658,0.0003543846921484
9550,Timp2,237.3270929851875,0.8410401689293937,0.120791384940289,6.96274961451221,3.336946069154397e-12,2.183409336196392e-11
9551,Cant1,15.181181633263284,1.8014535835749192,0.49318907473528,3.6526631992848833,0.0002595345443756,0.0007493986956503
9571,Baiap2,297.20537103266724,1.3274213904595071,0.1084574304431044,12.239100493495997,1.9215030628887982e-34,3.4161040596115386e-33
9592,Anapc11,99.2182731714521,1.352787814418426,0.1805109645395163,7.494214093140487,6.669678115017703e-14,4.816433595629106e-13
9598,Lrrc45,192.46731807519907,0.5170794665640392,0.1352030436615846,3.824466169994644,0.0001310557389999,0.0003964114258631
9600,Dcxr,27.579880244544864,1.3185911802527914,0.3431447426069124,3.842667587547148,0.0001217042559302,0.0003694319251383
9608,Tex19.1,41.39618308347372,1.3140774183229085,0.2842042535003695,4.623707781070206,3.769407914482209e-06,1.4064986262190263e-05
9619,Gm48512,104.268389321588,1.028785015691038,0.1772050777707975,5.805618149507543,6.412896407515225e-09,3.198346390997875e-08
9622,Dtnb,212.457475510438,0.5446059736245622,0.1325450432124532,4.108836969117183,3.976566629141794e-05,0.0001300408237516
9624,Pomc,223.0419224789296,0.8067127906485388,0.1195021074266858,6.750615600176375,1.4721916814256723e-11,9.124743609995834e-11
9625,Efr3b,109.97191919096922,1.2491168756676458,0.1821019115066536,6.859438571143201,6.913169764161564e-12,4.398147177232704e-11
9630,Gm46332,81.15307106638728,1.2480383493856388,0.2012345653979725,6.201908439126496,5.578253033649762e-10,3.042252345238106e-09
9638,Fkbp1b,21.693980083690448,1.8825271233193728,0.4017140115790791,4.686237146470031,2.782738088490751e-06,1.055767264918768e-05
9645,Ldah,32.41658010312648,1.6741913935980697,0.3559269994717408,4.70374935333051,2.5542679669475604e-06,9.734037034436792e-06
9646,Hs1bp3,99.66314801040568,1.0705198042605053,0.182706733765108,5.85922468318431,4.650331621594349e-09,2.360583766767774e-08
9648,5033421B08Rik,230.11187440917817,0.9144222747654503,0.1217333300070102,7.511683732900364,5.83716724499111e-14,4.2271414348016523e-13
9654,Ttc32,24.229020459005685,2.389993505154708,0.4320512711584615,5.531735848725556,3.170771567606507e-08,1.4721712622095833e-07
9659,4921511I17Rik,10.96443004322495,2.8044344536849226,0.6463007681738066,4.339209531823951,1.4299613392263413e-05,4.975295995192938e-05
9672,Gm49957,37.09327465298832,2.5597279071887966,0.3320433833241414,7.709016459123308,1.2679106300805956e-14,9.597223235359316e-14
9674,Gm49692,61.065383529556414,9.787349641178338,1.9529346450155256,5.011611456716479,5.397610521301085e-07,2.2166340780461856e-06
9680,Gm30124,269.7693428717471,0.6297004712351645,0.1102018802452539,5.714062862028923,1.1031021895756557e-08,5.35077546021008e-08
9681,Itgb1bp1,2719.9976703874195,0.6956229668384504,0.0431857169975598,16.107709103863122,2.252142612872829e-58,7.791907341076422e-57
9684,Adam17,26.35785201990521,1.43098656670417,0.3625771154831606,3.9467095566615535,7.923257545135516e-05,0.0002476379885605
9687,Gm4425,24.123012104892933,2.07240144538287,0.4019239695939406,5.156202670561287,2.5200812972257065e-07,1.0710027560235471e-06
9694,2900060N12Rik,1907.5844219272735,2.906131334404284,0.0580011269044394,50.10473915778086,0.0,0.0
9697,Id2,43.942036387701584,0.8374671542200506,0.2717601917450138,3.081640283083942,0.0020586344823563,0.0050445227582936
9712,Fam110c,131.36241145359057,2.068642435161061,0.1705548565802883,12.128897861007273,7.42418924010283e-34,1.2974213114713187e-32
9714,Dld,12944.905741405471,0.5668906886285497,0.0292189906878666,19.40144663737324,7.503006435101674e-84,4.024957737798793e-82
9716,Dus4l,66.61626051314192,1.3751224212001762,0.2322776279088691,5.920167316930265,3.2161425099819607e-09,1.64887546066208e-08
9719,Nampt,168.88095689309344,0.5345624441743432,0.1370171579051847,3.9014270354684912,9.56272862338258e-05,0.0002950456310332
9721,Sypl,37.196912649255445,2.341293903538308,0.3491987352263401,6.70476054851903,2.0173689869734784e-11,1.23594957912629e-10
9729,Twist1,34.12379726923218,0.9540297792003294,0.3196161987891103,2.9849231134552694,0.0028364961067317,0.0067279839158619
9736,Dgkb,148.578809358693,3.17904651714214,0.1879069992101052,16.918191075935066,3.304240917544882e-64,1.2846488173363888e-62
9739,Arl4a,79.39558586655225,0.7057027628103829,0.1974398821706044,3.5742665314224467,0.0003512110321145,0.000992337135334
9742,Ifrd1,77.64165831658524,1.0402171810625886,0.2050807020034286,5.072233373987562,3.931737938921952e-07,1.6351441736262122e-06
9743,Gm7008,43.03841197622549,2.215523010669803,0.3063644331748845,7.231658674311904,4.771301769114975e-13,3.27068671253763e-12
9746,Immp2l,2620.492762352259,1.2662355555122706,0.0464767413536549,27.24449947721418,1.9309431313032977e-163,2.7274128852794105e-161
9753,Pnpla8,60.903568427472784,1.8458988129726763,0.2417167546860657,7.636619213136767,2.2299977650195356e-14,1.657800366501244e-13
9769,Arhgap5,326.5689487157345,0.56028530608052,0.1015749327487225,5.515980084048507,3.4684153855674054e-08,1.604076998383772e-07
9776,Snx6,305.5173358141154,1.2767821812061333,0.1258487390994544,10.145371263490622,3.474547260124104e-24,4.363305841506583e-23
9778,2700097O09Rik,12.84436682681653,2.1403652647254283,0.5790471778298362,3.69635730329803,0.0002187151005246,0.0006402999976568
9782,Ppp2r3c,106.39711808350285,2.733674818914942,0.2026666291639658,13.48852956301594,1.8270820013236278e-41,4.118558490831417e-40
9785,Ralgapa1,49.53020555089046,1.3590901899936565,0.2579070028677952,5.26969091525729,1.366536714212147e-07,5.958425163412693e-07
9788,Nkx2-9,153.22855962471456,0.5644209557119931,0.1447948955760458,3.898072190090161,9.696151410454836e-05,0.0002988983509639
9809,Rps29,14.160841188977288,5.199734591458111,0.9306811980777124,5.587020133422671,2.3099895298777797e-08,1.082965858769741e-07
9810,Rpl36al,68.29915940272193,1.2316567886009069,0.2226059530893639,5.532901395976884,3.1497655884716465e-08,1.4637425596169477e-07
9816,Klhdc1,103.89259146775362,0.7492658210928225,0.1783216494276908,4.201765873619561,2.648409618912944e-05,8.86471671695894e-05
9823,Dmac2l,247.0769692684912,1.0186218873453747,0.1205748251422776,8.448047808847383,2.9621408607905684e-17,2.633090109280115e-16
9829,Gm40437,382.42635061231977,1.6835419616345804,0.1072132255954516,15.702745181710132,1.4483643269049098e-55,4.6650663550267756e-54
9838,Dact1,852.674339373796,3.1535360848119653,0.0830284016455931,37.9814138573068,0.0,0.0
9845,Pcnx4,1295.339610628369,1.906680906712852,0.0580870226765666,32.8245590642407,2.628330237026115e-236,7.635051382878125e-234
9846,4930447C04Rik,116.63484086030688,1.004534574297863,0.1821451499159528,5.51502235860458,3.4873562081810404e-08,1.6123524378725313e-07
9854,Prkch,11.594967268138518,1.772977370182901,0.5482378982918857,3.233956236347155,0.00122088162181,0.0031319652412007
9860,Kcnh5,59.62504477069274,1.7717894906666067,0.243682097762224,7.27090544170977,3.570858450536215e-13,2.4719845640492608e-12
9874,Ppp1r36,43.54709132731127,0.9095113707499708,0.2687213154132817,3.3845896048520814,0.0007128474775217,0.0019086956111172
9875,Gm10451,78.75175729423621,0.6316486345033726,0.2021005482768066,3.125417718502357,0.0017755273393417,0.0044061926042079
9888,Plek2,85.13934675747134,3.243956672068909,0.2486505309398532,13.046248724293289,6.6754215900473e-39,1.3685058695122266e-37
9894,Vti1b,649.8586088432347,2.9134252420878286,0.0961709528736189,30.294232874207307,1.365465751632924e-201,2.879823385224725e-199
9896,Zfyve26,45.772844386780825,1.5511859152618652,0.2686168689480145,5.774715196915152,7.708335549212212e-09,3.807428107657081e-08
9906,Galnt16,65.16536160842718,1.119357215480918,0.2223099352985718,5.035120063246713,4.775494205523348e-07,1.970611331767287e-06
9927,Rbm25,2757.4845800383064,1.0002051597075956,0.041272832076021,24.23398418275014,9.755434739180713e-130,9.38716707777664e-128
9931,Riox1,84.44765197967949,1.4016672770495944,0.206993262313922,6.771559911567809,1.2740118196433103e-11,7.937954664196037e-11
9939,Fam161b,31.79017639292647,1.0135485997714018,0.3382414689456882,2.996523764311549,0.0027307695261407,0.0064921135924124
9952,Ylpm1,238.9012842941177,0.6270874652819045,0.1158225141444662,5.414210440119905,6.155973352365407e-08,2.780210200440534e-07
9955,Pgf,95.90677821207068,1.176288331649056,0.186877549800688,6.294433616577337,3.0852427278466676e-10,1.7216526653833741e-09
9958,Zc2hc1c,54.32363137721658,0.8053912357583063,0.2445330552860508,3.2935884059362555,0.0009891722939825,0.0025838643770198
9962,Jdp2,71.84307108490839,0.7313624768890234,0.2124549237354265,3.44243599550463,0.0005765002692646,0.0015687165333329
9963,Flvcr2,2162.4464476304643,0.8156036344024306,0.0543259479606652,15.013150529705788,6.02181651910088e-51,1.7200721174040286e-49
9964,Erg28,146.70344584341305,0.553436549352812,0.1452229321996242,3.810944600623096,0.0001384367917259,0.0004171800441206
9965,Ttll5,148.49765302663891,0.6420974579390002,0.153454865027518,4.184275668443989,2.860767904805795e-05,9.516936616765345e-05
9967,Ift43,145.9544043181116,0.8284425433956722,0.1472851921037005,5.624751080287709,1.8577566275466056e-08,8.81146673989758e-08
9969,Gpatch2l,35.84525167857095,1.1943879147861776,0.2999537291209535,3.9819072037759264,6.836447259444155e-05,0.0002160384688144
9973,Angel1,36.14648868880372,1.2356711713035744,0.2980405443287455,4.145983473780671,3.3835823198042146e-05,0.000111597329468
9984,Sptlc2,105.46413329209533,1.128084222061452,0.1854888353298967,6.081682598605597,1.1892782119442681e-09,6.298633419708961e-09
9999,Sel1l,316.9434932930007,1.050369071766187,0.1040684113439543,10.093063382073112,5.928977799486665e-24,7.37338789991088e-23
10022,D130020L05Rik,77.49586752392598,1.9659175940079396,0.2230304698429604,8.814569576041226,1.2014574516276853e-18,1.154659108942562e-17
10026,Atxn3,115.0844074784028,2.4905534541917604,0.1902499965111649,13.090951379048253,3.7093236644563735e-39,7.727841290659043e-38
10032,Itpk1,143.91971681647837,1.8984238878973752,0.1599160361323888,11.871379092499124,1.6669679836879974e-32,2.8018164931070313e-31
10047,Clmn,148.35688874563508,0.5485892870468415,0.1555779985527904,3.526136678385764,0.0004216692912339,0.0011771569189189
10062,4930478K11Rik,108.7102262037146,0.6563995839686404,0.1847902489744733,3.552133230034852,0.0003821213265808,0.0010723915319065
10069,Wdr25,36.57841202542284,1.6145698524689562,0.3074591223872022,5.251331754065274,1.5100342422232544e-07,6.559956882976644e-07
10071,Gm34081,422.0456479455652,1.2217437404773397,0.0924911126823383,13.209309576298756,7.753230023199157e-40,1.667161025658858e-38
10085,Tecpr2,76.70596899912766,0.7858489711332229,0.2006230230049572,3.917042816734973,8.964183217088453e-05,0.0002775237579133
10087,Rcor1,36.13440069070368,1.4575956608813063,0.3163404454052785,4.607680371107503,4.071859433108368e-06,1.5120682062743955e-05
10088,4930595D18Rik,92.1017272112161,1.304816461073627,0.1900673265453333,6.8650224359441,6.6480803842317495e-12,4.236500231607286e-11
10089,Traf3,18.037061079495867,1.3309751386376678,0.4324287543969206,3.077906187098705,0.0020846052872049,0.0050943782542551
10104,Xrcc3,4195.5922161285935,1.0239539395756505,0.0366302793732366,27.95375730395837,5.934267813736388e-172,9.322855842886268e-170
10114,Cep170b,10.345436412811331,1.8501443830162856,0.595800971440838,3.105306086598085,0.0019008221056677,0.0046914166622092
10115,Clba1,27.89881884560892,2.064186950600934,0.360656389578494,5.723417109047724,1.0440251744490856e-08,5.0818247188802156e-08
10122,Crip2,244.89211038907592,3.4492699486605267,0.1505423489161823,22.91228995357965,3.5043135684480446e-116,2.766790343580825e-114
10136,Sp4,86.83990345753803,0.7023584535982297,0.1888668043499503,3.718803079321623,0.0002001690198305,0.0005886919253699
10139,2810429I04Rik,293.6440510490265,0.8837647276803415,0.1108416713884145,7.973217262156104,1.5459604681148182e-15,1.24485394179371e-14
10142,Asb13,112.13769695811804,0.5437259813011952,0.1760587100341291,3.0883219648479394,0.0020129026219555,0.0049426872037683
10143,Net1,1622.9403447292652,0.7158980405403919,0.0509951801381417,14.038543223125863,9.055497487406912e-45,2.2855481855101123e-43
10149,Pfkp,602.9232920239407,0.7436519039846415,0.076594610072139,9.708932564370372,2.76214528133212e-22,3.175951363061188e-21
10153,Gtpbp4,4637.868264365282,0.6203657667780527,0.0459036558195531,13.514517650112762,1.2839446828717678e-41,2.907001814337314e-40
10156,Zmynd11,130.39368268275828,0.9196766092739204,0.1587139324674958,5.79455498944472,6.850257654857292e-09,3.401050204907542e-08
10159,Ryr2,594.11502184018,1.6751484605829263,0.0833702855757012,20.092871806968585,8.518935456775428e-90,5.006012606584523e-88
10164,Ero1lb,2191.797736267841,0.5152729894744386,0.0462196492102355,11.148353530998431,7.294357388371324e-29,1.0861114734174556e-27
10165,Gpr137b,1708.1453162252317,0.7251564383740172,0.0497764258824325,14.568270532054097,4.4706621752793987e-48,1.218235661072595e-46
10167,Gm48682,1330.8418879363542,1.3543485257902663,0.0629663043441229,21.50909982565425,1.2796344364151239e-102,8.565761644803153e-101
10171,Ggps1,177.30344295223657,3.10889247855249,0.1723290728152735,18.040441045516665,9.379238434308252e-73,4.323435776485324e-71
10177,Gli3,48.34782978347522,1.6952435148424685,0.2729732861761567,6.21029089911928,5.288660671743505e-10,2.888407935514829e-09
10185,Gm47661,91.0005881135249,0.8550481893333446,0.1926189339954963,4.439066147844721,9.035004723449678e-06,3.2066144011579355e-05
10186,Stard3nl,159.77958016815515,2.645299981891168,0.1643781058555243,16.09277566573363,2.8669092001442327e-58,9.896621983278165e-57
10188,Elmo1,15.978349322311566,7.853051610854245,1.978534020865834,3.969126397643464,7.213661190091945e-05,0.0002268876970023
10189,Gm32036,44.61053236809576,1.983583700377472,0.2861209465227085,6.93267558521809,4.129544942020942e-12,2.6792445818522718e-11
10197,Nkapl,37.79885980806181,2.1975822732606374,0.3344011656932878,6.571694415910785,4.974587723526957e-11,2.9651085014100276e-10
10198,Gm11273,34.6443279153253,1.6444256291242487,0.317497144259434,5.179339905434084,2.2267241570651446e-07,9.50447605272386e-07
10199,Zkscan8,16.20027403974555,7.872871047036036,1.9790194051655692,3.978167685716742,6.944838845939042e-05,0.0002189245267651
10206,Hist1h1b,39.50580158946046,1.0240626599215623,0.2870864495261601,3.5670881074735195,0.0003609701376193,0.001017111317494
10215,Hist1h2ah,30.923008193916075,1.280240303409996,0.3348482942789619,3.8233442585298905,0.0001316537614358,0.0003981420764224
10218,Hist1h2ag,100.2501370586847,0.5301536307765188,0.1783820863622759,2.972011604908749,0.00295855501029,0.0069915445799577
10227,Hist1h2ae,82.87145713500331,1.2710175795448209,0.1993930602409917,6.374432379986721,1.8364181781475683e-10,1.0436874961520842e-09
10232,Hist1h1e,116.43537767265887,1.0191517327443247,0.1776660897569767,5.736332319456048,9.674874147776869e-09,4.7287099167991323e-08
10251,Gpld1,47.51592046199971,1.7288264338461872,0.2725891227405914,6.342242920277562,2.2644388072327777e-10,1.2798568236474244e-09
10255,Prl2a1,60.92495614734016,1.322460003342975,0.2341626351241495,5.64761326093647,1.6269065136939323e-08,7.754753153198691e-08
10261,E2f3,10.369819056336285,2.4268221015880447,0.6195349665739354,3.917167282758087,8.959557850504683e-05,0.0002774363488865
10263,Foxc1,73.34824834607842,1.5021748148190035,0.2171093237125006,6.918978831181867,4.549108270009099e-12,2.942776089288239e-11
10267,Gm6093,83.30356927087043,4.307458148507977,0.3100587430071485,13.8923937661989,7.04411882603542e-44,1.7296850629288888e-42
10271,Ripk1,591.0374580265116,2.200547615980925,0.087686643695032,25.09558495173193,5.5570701931026634e-139,6.111189478072045e-137
10276,Pxdc1,46.79935439682384,0.94396574024201,0.2645495009492419,3.5682007974119183,0.0003594410036936,0.0010135446323934
10282,Cdyl,18.57927769361738,1.5995548185676915,0.4563550248107733,3.505066738842076,0.0004564928351375,0.0012674776717362
10284,Gm48770,55.702930996254565,0.7613840957329702,0.2498411559238991,3.0474726748578025,0.0023077450673974,0.0055829734534336
10288,Cage1,34.119182768022455,1.292078613418789,0.3356857125675839,3.8490724062575454,0.0001185659595085,0.0003606879100166
10299,Pak1ip1,15.400778801774116,1.3888300517414884,0.4721000341851786,2.9418130717540416,0.0032629682713136,0.0076382331617979
10304,Hivep1,1193.515690602174,0.5556967383793163,0.0563638197876699,9.859103596468454,6.260580326516562e-23,7.335456218192466e-22
10308,Gfod1,47.867016527092325,1.3089365312287762,0.2593256257349611,5.0474631171489,4.477151664063721e-07,1.8539598445380597e-06
10310,Ranbp9,39.45577924055268,2.476277128055868,0.3236859881879304,7.650245047425885,2.0059667892603263e-14,1.49631127361686e-13
10312,Jarid2,23.372209257781027,1.5737276170225358,0.3838497675575152,4.099852989455652,4.134126654565089e-05,0.0001349067697619
10314,Atxn1,76.09720625502119,1.1327232507403997,0.2181317415264857,5.19284008284903,2.0711007468569626e-07,8.864794856438643e-07
10322,Tpmt,116.60200061254596,0.6753484901878513,0.1688695705753596,3.999231406148869,6.35485223810988e-05,0.0002018970389144
10326,Barx1,11.399477356431722,7.365313080700724,2.001857763996648,3.6792389615114818,0.0002339309975357,0.0006817341733977
10329,Ninj1,80.87942267965832,2.1302406833484517,0.2182673658915589,9.759776385475837,1.6752418980838393e-22,1.9421705017243066e-21
10331,Fgd3,40.68485600719962,2.327298960510276,0.32076538627884,7.255455420265217,4.003126094788626e-13,2.7637726168325418e-12
10332,Bicd2,85.12716138126932,0.7216253545952064,0.2117482068240343,3.407940805821732,0.0006545509227011,0.0017636447332703
10338,Ogn,44.86134636413987,1.7484410417468654,0.3179962451495242,5.498307192038496,3.834545014704034e-08,1.765716099128277e-07
10340,Iars,50.48367294157209,1.1189057787512646,0.2519132089500189,4.441632034361732,8.92791378624912e-06,3.172263112233821e-05
10366,Prelid1,106.68170508460366,0.5900962016694091,0.1706394053995962,3.4581473153141067,0.0005439038878177,0.0014855320661419
10367,Mxd3,221.88026618633816,0.8467823690773877,0.1254267294192202,6.751211428364231,1.466157587165139e-11,9.095911758397782e-11
10369,F12,50.911780871964176,1.2431354939602923,0.2846815692312355,4.366757908906083,1.261043646338836e-05,4.412506358871072e-05
10372,Dok3,10.610584462385738,1.6928591081972428,0.5669497436112562,2.985906823794237,0.0028273877785326,0.00670834677736
10373,Fam193b,178.71385959393612,1.6186461677143442,0.1568758596742983,10.318006677859398,5.842345710265346e-25,7.501981197268165e-24
10378,Pcbd2,217.52309589180663,1.0290024458022764,0.1280423033838847,8.036425607849424,9.249706329979308e-16,7.540451096975925e-15
10382,Neurog1,45.219290546989534,2.449947607934207,0.3049653148142361,8.03352869629304,9.470849126797336e-16,7.710903921532087e-15
10383,Cxcl14,57.31104785537311,0.7877856225451452,0.232023359208992,3.3952858248016207,0.0006855698874672,0.0018417438470504
10386,Hnrnpa0,70.95318082094066,1.8053348459155536,0.2256135259600663,8.001891013551637,1.2252281064889049e-15,9.91256538492022e-15
10391,Ntrk2,377.48425734950587,0.6733041767201834,0.096663989926998,6.965408496262901,3.274522004666922e-12,2.1452996078234864e-11
10397,Gm34961,26.14001792730596,1.7422898847245465,0.3690243364191145,4.72134142054459,2.3429426511889937e-06,8.95752298428253e-06
10399,Dapk1,16.692676074783567,1.9796554081726243,0.4737175382976958,4.178978501168686,2.928213619679377e-05,9.726596955465736e-05
10403,Gm49357,956.7586688233858,0.6043877812959418,0.0608729592087653,9.928674228292058,3.123811570346208e-23,3.754426458786121e-22
10410,Platr25,110.00206630995308,1.2516940537331895,0.1796482343417731,6.967472061828866,3.2268650553743947e-12,2.116779479869799e-11
10427,Mfsd14b,63.09825678818447,1.1037979707348278,0.2275946303786538,4.8498418829056575,1.2355992977967024e-06,4.869026564852324e-06
10428,Zfp369,93.079318957097,2.199418639064351,0.2120341637253715,10.372944625626731,3.292205555788586e-25,4.2845982026137845e-24
10435,Gm40988,343.03088677332306,0.7337884477778913,0.1026694268959863,7.147097923525833,8.863165427770786e-13,5.961437087197859e-12
10440,Gm28557,10.067965601380385,7.186749184799926,2.003508444040777,3.5870820540717694,0.0003343991186889,0.0009472693341922
10447,Gm48899,59.9457138337525,0.8375501135415725,0.2398576202164921,3.4918636847376847,0.0004796629736,0.0013258332390568
10459,Adcy2,70.84935732903271,0.8075209760831384,0.2209312627645358,3.655077900603765,0.0002571038972444,0.0007435384623221
10460,Tent4a,1660.0395774576457,0.7705780714639486,0.0503429713001033,15.306567164468644,6.911687709964521e-53,2.098862800446031e-51
10473,Slc12a7,38.46711269685468,0.9865762996283562,0.2933495699929276,3.363142136707893,0.0007706067595404,0.002055129338279
10476,Brd9,22.360906865994625,1.3183000039912107,0.3950085064567185,3.33739649258834,0.0008456721412657,0.002235955398751
10485,Gm47469,447.3749323745408,1.173831893668444,0.0910499638706278,12.892173085717332,4.981991562269015e-38,9.935588353975877e-37
10486,Gm46430,77.82213319480647,0.6972180784706894,0.2010804679503829,3.4673585434599725,0.0005256003009109,0.0014401392121063
10490,Ell2,249.2906575989909,0.6822885596323771,0.1170281191373901,5.830124970490003,5.538588110097502e-09,2.787580991927465e-08
10492,Glrx,132.8033903940319,4.113144325744297,0.2432172721269367,16.91139897168824,3.707999860413196e-64,1.4272091462730393e-62
10498,Mctp1,26.09301136366816,1.0776169655553465,0.3509004221101149,3.0710050420434745,0.0021333954828564,0.0052020520833161
10499,Slf1,49.35758944593449,0.9054062976233612,0.25729015594166,3.519008701711309,0.000433162499984,0.0012083656187269
10502,Pou5f2,13248.882749375916,0.6452449919092978,0.0282454649425084,22.844197934877187,1.6689595265041368e-115,1.29122114924913e-113
10505,1700023H06Rik,304.897936468719,0.5571286625555488,0.108935443528168,5.114301135713365,3.149046458986669e-07,1.3239409962468254e-06
10508,Mblac2,72.43221729853188,1.3485640857488996,0.2265844814114643,5.951705418430598,2.653626857883117e-09,1.3742091861408838e-08
10510,Cetn3,376.42250358045567,0.9514469919025872,0.0963564130720168,9.87424668030633,5.383594363450897e-23,6.341684683985464e-22
10511,2310067P03Rik,25.18300857861633,2.5114935145198727,0.3994013820547701,6.288144276314673,3.212832605305929e-10,1.789608205184156e-09
10515,Ccnh,300.42136332601973,1.2759750462035186,0.1110039840672109,11.494858107353505,1.40010899132774e-30,2.2268675651324258e-29
10522,Rps23,77.8932439812753,1.100157332207228,0.2065098383845421,5.327384597331505,9.963704360497705e-08,4.399231211190784e-07
10528,Msh3,76.55404519613084,0.740277947257829,0.2025222197285761,3.655292482227198,0.0002568889344953,0.000743285507581
10532,Zfyve16,404.225717418588,0.9980484316176468,0.0935748490471564,10.665776560480335,1.4716450359303304e-26,2.022986336891372e-25
10548,AC171003.1,107.57328391685805,0.581303582155316,0.1799007598649031,3.231245841272973,0.0012325188174499,0.0031589578347693
10550,Sv2c,153.35275009400905,1.07137202984756,0.1449155635273057,7.393077760386215,1.4346851594495037e-13,1.0141603634014948e-12
10553,Polk,271.82463854128594,0.9302160457659322,0.113374267208833,8.204825210049593,2.309266055924976e-16,1.9577896584262626e-15
10558,Nsa2,361.31794233099504,0.5818841403832881,0.0975770224208385,5.963331591260168,2.471461615284232e-09,1.2820290777936673e-08
10559,Enc1,496.7986810700743,0.5080267214594342,0.0840090520049444,6.0472854928720485,1.4730659640339795e-09,7.764232653977114e-09
10561,Gm41031,36.89973963290925,1.7067587925480874,0.3099496304396913,5.506568245062584,3.6589615907042014e-08,1.6896632468650836e-07
10575,Smn1,26.795882557522265,1.598549531229636,0.3622115797153398,4.413303220415889,1.0180525210832152e-05,3.596589402156306e-05
10578,Ak6,29.990695109293256,2.07709302806614,0.3591577837381747,5.783232668515229,7.3278599339563965e-09,3.6288109212992184e-08
10580,Ccdc125,65.87404542690511,1.0929925581251658,0.2200189859862381,4.967719277615119,6.774493516263297e-07,2.754889122461429e-06
10584,Slc30a5,56.39472543663016,2.1014181754885914,0.2754121548362802,7.630085087340416,2.3459882155608097e-14,1.741506006112547e-13
10590,Trappc13,60.5994822185508,9.776492594182107,1.9528269011690544,5.0063283070964655,5.547810126990412e-07,2.2752819583149807e-06
10596,2610204G07Rik,1007.3313450863794,1.0312140371979013,0.0601532996224422,17.143100107066644,7.077453499672095e-66,2.867486160025041e-64
10597,Rgs7bp,17.63592727367452,1.4424206483265007,0.4399098697610931,3.27890040091588,0.0010421240930068,0.0027129764179798
10600,Kif2a,54.12888565410923,1.9272562081873288,0.2551585319734033,7.553171721446565,4.2478432236153146e-14,3.106878587685576e-13
10604,Ercc8,247.24452120136164,1.1576997524842143,0.1210821908792813,9.561271926756255,1.1631824973630864e-21,1.3090904772954735e-20
10611,Map3k1,38.24589542411688,2.157223692341153,0.3132395230695409,6.886818340169153,5.705400181635399e-12,3.6630667721625766e-11
10613,Ddx4,13.309620194219823,2.200282376875605,0.5250841490838833,4.190342406477985,2.7853381329823078e-05,9.282048895107274e-05
10616,Mtrex,52.79984694070569,2.116484362725489,0.2679878897109872,7.897686589524703,2.841274835657813e-15,2.2525369397419e-14
10621,BC067074,112.92965719386878,0.5384254350327191,0.1676165994062801,3.2122441150810377,0.0013170241387022,0.0033554366439616
10626,Fst,983.072689417705,0.986542556914864,0.0613395605433147,16.083300046113298,3.340976610406062e-58,1.1481624083440118e-56
10641,Gm2897,386.325853693389,0.5024424121351018,0.0957684734735022,5.24642811889573,1.550763121565586e-07,6.725506766091202e-07
10647,Gm3252,34.51462532534702,1.1634705126147535,0.3102909658895189,3.749611302022292,0.0001771088767203,0.0005255914159572
10648,Gm3264,340.4628744210696,1.7002291957720963,0.1137437051584893,14.947897058593387,1.6074562431251299e-50,4.5577157125514735e-49
10658,Abhd6,1226.2614616593462,1.1974884537316783,0.0608749413269994,19.671287193513304,3.800105721008614e-86,2.1045477582967128e-84
10661,4930452B06Rik,25.39387319685021,1.1489780159199812,0.3578089741449805,3.211149241478855,0.0013220525572958,0.0033670062360225
10665,Cadps,15.785557985198905,1.6822201113072368,0.4653439300942418,3.61500387673812,0.0003003431272488,0.0008588563869099
10666,Gm5087,232.9204639122282,0.6357643941500123,0.1224105708467832,5.193705002370876,2.0614970660518585e-07,8.826142610938379e-07
10668,Gm281,246.22983613348995,3.9099699702506494,0.2956398258312135,13.22545079729186,6.256101727478025e-40,1.3471180726748484e-38
10670,Thoc7,35.11710110501898,1.9691009569865927,0.3276586144283104,6.009611437874828,1.8596849872042902e-09,9.722142635992276e-09
10673,Gm48860,14209.830752303144,0.9318378215279792,0.0266039464101216,35.02630050305079,8.951512646347655e-269,3.2813687786468685e-266
10686,Gm48099,5643.948394302867,0.6128929192013948,0.0389331353031852,15.74219272166484,7.770372843919886e-56,2.523895787025117e-54
10690,Gm48283,63.1012362786087,2.011456680801427,0.244800455141933,8.216719530342388,2.0914543061059307e-16,1.7780248755829327e-15
10696,Dnajc9,932.3872773079444,0.6940615150792565,0.0636129557476993,10.910694321955924,1.0247069077093223e-27,1.4689373883699003e-26
10706,6230400D17Rik,78.01609018774485,0.6861507883542167,0.1995953389485564,3.437709477429554,0.0005866567560145,0.0015938181428621
10707,Fut11,39.22737532542232,1.270586015390598,0.2946306895616291,4.312470018927964,1.6144077950445798e-05,5.571715402937985e-05
10716,Comtd1,22.99832985958512,1.6663959002028883,0.383706929332534,4.342887169386329,1.406223642666043e-05,4.899348088365332e-05
10725,Zmiz1os1,30.44549400985575,3.127477412598651,0.4017684378463868,7.784278499732273,7.011216089190875e-15,5.4216314871513165e-14
10736,Dennd6a,186.06040137298888,1.9182421425660945,0.1391578410962663,13.784650059633345,3.1529173353856232e-43,7.59660646253475e-42
10751,Dcp1a,47.27272944307793,1.2097506452559406,0.2599243750562336,4.654240853687599,3.251765223427769e-06,1.2231658289737096e-05
10755,1700087M22Rik,683.3211174314998,0.7242927550314906,0.0777469434401988,9.3160286820613,1.2077643965304828e-20,1.2985154084485553e-19
10763,Nisch,240.7804502813881,0.735904868572665,0.1453229078466197,5.0639288703840935,4.107029398427914e-07,1.7052811385705544e-06
10765,Bap1,170.8654635604296,1.0700949831501343,0.1415765281716054,7.558420855278131,4.079921381451263e-14,2.98689822105676e-13
10775,Ncoa4,323.40112122378133,2.1243983252075065,0.1085269941516633,19.57483796371179,2.534415322858416e-85,1.3787935798843878e-83
10777,Parg,20.212786510430256,1.6510674517086736,0.417361285649481,3.95596694872968,7.622569998892001e-05,0.0002385791577616
10781,Ercc6,42.945260913213815,0.8728975468975649,0.2716691932843115,3.213089921403221,0.0013131516993193,0.003346678292124
10794,Ghitm,28.21447976306161,1.5967300743238797,0.3457221873637733,4.618535149564409,3.864585232109367e-06,1.4385675588383902e-05
10802,Gm32857,70.0214861092125,1.3296059289783613,0.2205551240313391,6.028451775119198,1.6553777591777623e-09,8.683542071652753e-09
10806,Gpr137c,77.06651444054506,1.0565547407640064,0.209735824088132,5.037550191330389,4.715279385508002e-07,1.94680722497402e-06
10812,Gm15601,15595.927964853963,0.7623988064701838,0.0277529161008126,27.47094408748852,3.9059457231015676e-166,5.9540535002843314e-164
10815,Cdkn3,18.10497733061669,1.3859701068899155,0.4412512161359998,3.1410000838677345,0.001683719841855,0.0042007050210988
10816,Gmfb,132.93974614359078,1.0287199842557,0.1593344951974667,6.456354494868073,1.0725520559356324e-10,6.19857787281719e-10
10822,Socs4,230.07624819379177,1.021473674176408,0.1325858613568052,7.704242848545469,1.3162133577628258e-14,9.948169296080741e-14
10823,Mapk1ip1l,78.5346687307234,0.7464225951319945,0.2065085232866993,3.61448807658037,0.0003009416647738,0.000860248397857
10834,ccdc198,51.687020709437405,1.1723911225123689,0.2615682545243397,4.482161356485537,7.3890839382701e-06,2.651802711272878e-05
10835,Slc35f4,95.226493526117,0.5388704409520494,0.1818914793353289,2.96259309628576,0.0030505954378134,0.0071825917358273
10838,Ccnb1ip1,123.12924068745096,0.92694015517905,0.1623844710801189,5.708305412539768,1.1410653229709776e-08,5.5244785259311855e-08
10840,Tep1,227.62124408290535,2.1634062868245265,0.1336544999864882,16.18655778176743,6.274166303983555e-59,2.1805206414476485e-57
10846,Slc39a2,166.17130327087088,0.9350496134531332,0.1414150503435194,6.612094053509512,3.78921110940016e-11,2.2824215273992508e-10
10847,Ndrg2,1169.5790815873909,1.1853321984021223,0.0565020255373458,20.978578858534195,1.0292350960849347e-97,6.521030263096155e-96
10853,Gm26590,190.95847355655084,3.1427961066340395,0.1630192882740696,19.27867640637922,8.112588764101148e-83,4.21964245311153e-81
10867,Gm17606,43.78827884408554,1.0865548510377312,0.2793113882328901,3.890120119741629,0.000100194613135,0.0003079649159168
10882,Dcaf11,856.1553042390555,0.5125505164399585,0.0649610274312824,7.890123304809929,3.018881099881501e-15,2.3884220664838436e-14
10885,Rec8,19.812434307022425,1.765638296775445,0.4373114285566611,4.0374849168769815,5.402731729076662e-05,0.0001732204450247
10887,Tm9sf1,33.87241686245368,1.2005252315889248,0.3114119488204461,3.85510330010209,0.000115680772506,0.0003528171896796
10894,Tgm1,149.10117652803407,1.881692071183317,0.1731265239120654,10.868883800491869,1.621727007852518e-27,2.311861945638645e-26
10896,Dhrs1,122.37490710193951,0.5452680072454822,0.1653680627818518,3.2972993580071277,0.0009761939403957,0.0025529950579809
10897,Nop9,27.58609830215303,2.96644629355742,0.4132787950022279,7.177833291788967,7.082484467381546e-13,4.801494093342416e-12
10901,Atp12a,1443.150935427787,1.2721591821641274,0.0580524952197974,21.91394491050725,1.9127517319077028e-106,1.3570841320023498e-104
10904,Parp4,263.7523164895684,0.5169988392060053,0.1101289188296117,4.694487557858356,2.672758770410358e-06,1.0169166770322678e-05
10909,Gja3,922.6109936884448,0.6571577567307658,0.0634114396379001,10.363394373055549,3.638170995180375e-25,4.7308514055571836e-24
10912,Eef1akmt1,403.76907392089583,5.09006753858335,0.1705964927558195,29.836882671843284,1.2990750831282238e-195,2.500069997480266e-193
10913,Xpo4,120.33123090275733,0.5948835598725959,0.1624781948552628,3.6613132020732007,0.0002509257800227,0.0007279542696871
10916,Ska3,155.93892756953423,0.8186017865448457,0.1448971030868621,5.6495386664432825,1.608789969675721e-08,7.675528470135544e-08
10925,Gm49336,146.2116479695914,1.0891911605423452,0.1585350520889405,6.870349151122067,6.404495612457582e-12,4.0914362842073407e-11
10935,Gm27017,259.1782526273717,0.5824989676019217,0.119934108006212,4.856824945675594,1.1928295926049582e-06,4.710131933251074e-06
10938,Serpine3,687.1189609301437,1.365355073382959,0.0762458978953081,17.907259420798,1.0350808691847257e-71,4.673344592952504e-70
10945,Fam167a,93.03264650112716,2.4363558770645417,0.2144086177004036,11.36314343702779,6.380661729337819e-30,9.794283946648561e-29
10950,Mir124a-1hg,89.5215752496854,0.832254672654235,0.1898613221161081,4.383487186217298,1.1679452165737628e-05,4.102597434261842e-05
10956,Pbk,79.96766232798102,0.5962141264481386,0.2049456672344195,2.909132622775485,0.0036243307516348,0.0084061759946022
10959,Clu,130.56581728996147,1.6137432981641424,0.1616604800482251,9.982299308295662,1.8219497668870457e-23,2.2122033604884034e-22
10960,Gulo,36.2226010737563,2.0897596226586552,0.3204620910889451,6.521082152205755,6.980193817025042e-11,4.1033625050369436e-10
10961,Adam2,512.0011340832754,0.7394926972822039,0.0809798018534968,9.131816580880791,6.735936727733156e-20,6.955498448033512e-19
10962,Ephx2,445.64215738662847,0.5713752427276041,0.0926802772201917,6.165014389956115,7.047673098050037e-10,3.805891792970129e-09
10965,Trim35,100.10505074848732,0.9820129817522136,0.1819376659869256,5.397524346733035,6.756670738489543e-08,3.036360265317717e-07
10968,Bnip3l,96.53060285261796,0.929811308538568,0.1980393315493129,4.695084058628219,2.664971130283173e-06,1.0143361068439984e-05
10971,Gm20667,357.9905915194356,0.5950874754959398,0.1004133475966325,5.926378213048408,3.0968886697495646e-09,1.5919765595814457e-08
10978,Loxl2,445.28668300829935,1.2099851205164545,0.0950262781818492,12.733163327736976,3.86842566189554e-37,7.577389502613706e-36
10980,Tnfrsf10b,10.508483427277936,7.248465273831639,2.007516847389717,3.6106622384048688,0.0003054161853654,0.0008717440841465
10981,Rhobtb2,44.085892039089366,0.9211142875793754,0.2761643908768522,3.335383988698675,0.0008518168748071,0.0022494978738476
10982,Bin3,295.5885211854458,1.311179537343277,0.109977668261554,11.922234377846314,9.064445371812136e-33,1.5386571217686843e-31
10999,Fndc3a,95.75553583884812,0.7940640629737495,0.1945130141618056,4.082318431985264,4.458864492866321e-05,0.0001447368284464
11012,Zc3h13,2551.7152118761137,1.93902419282708,0.0534409106641548,36.28351704207894,2.9440589946901962e-288,1.2950494937785787e-285
11014,Gm4285,159.6905749048887,1.959529513999128,0.1582245332865477,12.384485978861331,3.171101244440284e-35,5.805264537384376e-34
11017,Nufip1,100.93394019961966,0.7999691643816884,0.1866254842530445,4.286494781693449,1.8151446425149217e-05,6.224046083777224e-05
11037,Pcdh17,27.71265504432785,2.0503447288755616,0.3612439977958022,5.6757890550047145,1.3805081433330753e-08,6.63574879012052e-08
11049,Tbc1d4,736.6784714974261,0.5396666218192044,0.0753550585252382,7.161650888220817,7.971121092649664e-13,5.377886956285462e-12
11054,Mycbp2,121.13541653053228,1.2517157233231515,0.1665347339386869,7.516244171525175,5.6372227747456336e-14,4.088115018369466e-13
11055,Gm34907,1371.5309635304948,0.8111081185956234,0.0617347351476859,13.138602063412714,1.978480611134189e-39,4.1841603693711514e-38
11061,Gm17066,42.14305475821847,1.72889603408181,0.2888269036217867,5.985924484187823,2.151641859300864e-09,1.1206589332136703e-08
11063,Gm10076,71.495746886296,0.8674648710179401,0.2405422415743164,3.60628912967843,0.0003106070447037,0.000885739222126
11065,Spry2,82.57580356413057,1.381186994566756,0.2014308510748591,6.856879108620038,7.038114093955483e-12,4.475787054545172e-11
11069,Tgds,50.85705617969345,2.471792215006296,0.2828169889239313,8.739900047769506,2.3331675912927095e-18,2.2024186533134612e-17
11071,Gm4675,134.10165229977028,0.8042468546481677,0.1563313283581047,5.144502148704942,2.682311831205907e-07,1.137654902293282e-06
11073,Dzip1,23.258984582426205,2.1589959005779824,0.4066654996338209,5.309021548476659,1.1021530379886636e-07,4.84682895540516e-07
11074,Gm49179,161.98137198563884,0.6565587672289318,0.1399309229174544,4.69202055943158,2.7051993439055136e-06,1.0276153244206585e-05
11077,Gm16835,128.6983659785332,1.714711225366493,0.1634181790948375,10.492781371473876,9.324243671278644e-26,1.2418343906834431e-24
11079,Mbnl2,34.905743144709895,1.9591681269387369,0.3204968546882717,6.11290906066552,9.783112651393223e-10,5.213596482549328e-09
11084,Ubac2,130.67907795331388,1.8551785704123345,0.1698906453176118,10.919839446981111,9.265945634807512e-28,1.330769580163213e-26
11089,Pcca,128.90776303567938,0.6608762598810124,0.1554907335056745,4.250261382019233,2.1352119813571883e-05,7.247293576934583e-05
11090,4930594M22Rik,55.85902517178271,2.0899044250876897,0.2588367613910065,8.074217950558491,6.791048102901117e-16,5.5881868836058575e-15
11092,Nalcn,146.291836574443,1.257768836473871,0.1543077044951581,8.151043660385328,3.6079681920664594e-16,3.023858371532673e-15
11094,Fgf14,150.6296080316587,2.0190141968638944,0.1725615469992236,11.70025554344954,1.270702591197124e-31,2.076829840134917e-30
11095,1700024B18Rik,16.817779225153195,7.927935625970203,1.9773495462072284,4.009374893365134,6.08796972021959e-05,0.0001939784391815
11099,Fbxo4,213.2880701636881,1.4648926515449796,0.125628049244705,11.660553995322996,2.02719085190659e-31,3.2922605860710834e-30
11100,Oxct1,102.9196224624277,0.9358130809306324,0.1785399968188263,5.241475846335147,1.592973315454547e-07,6.90079267437766e-07
11110,Dab2,431.7124644309996,4.531210432146939,0.1473684400906088,30.74749538884272,1.3207807674395614e-207,2.931442688413143e-205
11111,Fyb,85.70448844235933,0.7711436021041952,0.1972920968571651,3.908639090913435,9.281750342381296e-05,0.0002867787041366
11118,Slc1a3,47.8957896920926,1.0934026544451272,0.2581494280273917,4.235541650431657,2.2800143504882502e-05,7.709883799718229e-05
11120,Skp2,320.1123976258796,0.6859332457022742,0.1079422702367718,6.354630527944951,2.0892817520104907e-10,1.1834651160394967e-09
11122,Capsl,12.78786251173618,3.0469510556849078,0.6270095717045495,4.859496877219361,1.1768443838264776e-06,4.651783346185481e-06
11133,Npr3,13903.435045993989,0.7186356452881806,0.0289232138126102,24.84632758807953,2.833352626260673e-136,2.947452502291171e-134
11134,Sub1,67.43591755742328,0.6608411293069011,0.2172725926323328,3.041530094986125,0.0023537903406222,0.0056800871605361
11136,Golph3,68.87338216743176,0.6621516846646722,0.2170264235131435,3.0510187374698687,0.0022806634154074,0.0055226634073
11161,Sema5a,226.58653305356543,1.8536513977541773,0.1370331476433016,13.52702925995137,1.0831299760946504e-41,2.4704991276967753e-40
11169,Pop1,1428.329729626858,0.6747798673396764,0.0532945159065012,12.661337772980154,9.68349979290949e-37,1.8706043012752133e-35
11171,Gm33497,11009.008246492102,2.423767025614388,0.1124652915501906,21.551244763658644,5.154255219614982e-103,3.4804786561926436e-101
11187,Gm16137,103.34926642082117,0.7161874546197255,0.1911248188626983,3.747223719459616,0.000178802603816,0.0005302089538429
11188,Ncald,129.86193054449927,0.7903127964986876,0.1617657388950854,4.8855388161720175,1.0314638158585387e-06,4.108775396884363e-06
11191,Gm49312,193.01122480535284,0.5686951355433953,0.1296512194707387,4.386346213054675,1.1527059657694905e-05,4.0564710969113314e-05
11202,Dpys,14.549742599395762,2.258791372038125,0.5285552519473267,4.273519870848292,1.924111283588033e-05,6.575719716342143e-05
11211,Gm10373,78.26814914056614,3.2624052548926867,0.2544744600628285,12.82016770597417,1.2642677580409667e-37,2.501885141747908e-36
11226,Has2os,670.3703867600174,0.7107994313734496,0.0712488639502246,9.976291437713634,1.9356671587428197e-23,2.346577289449169e-22
11237,Rnf139,479.3441168334107,0.6819777639227573,0.0880816173358384,7.7425663214437375,9.742992137009448e-15,7.440630304632812e-14
11241,Washc5,87.71670411114849,3.3387986564538634,0.2543210084069763,13.128284907989048,2.2673362130578268e-39,4.788464792350934e-38
11250,Efr3a,25.197640514220367,1.2365822406893252,0.3697921719150533,3.343992476329072,0.0008258197698843,0.0021891048858711
11252,Phf20l1,247.45841556584517,1.8706266864373808,0.1277759085350465,14.639901276258998,1.5629500507525106e-48,4.3123976669149908e-47
11266,Mroh5,145.50030728978845,0.5652793982719492,0.1491769065235385,3.78932243230794,0.0001510587430158,0.0004525589428823
11269,Them6,18.07520774021001,1.237747297301537,0.4191713452857896,2.952843297190664,0.0031486175245327,0.0073896517389796
11270,Lynx1,49.60254313746661,2.191750572196216,0.2852573245993385,7.683415580212233,1.549020555892823e-14,1.1622183469067205e-13
11271,Ly6e,475.5702888449569,0.9678410604634344,0.085097950947276,11.373259281684437,5.682528441325021e-30,8.757578366630631e-29
11280,Eef1d,1157.3262047871451,0.7268672904231611,0.058419962367039,12.44210473564538,1.5438155044990667e-35,2.849950060823457e-34
11282,Pycrl,168.2889260713286,0.8117329471383956,0.14599441389657,5.560027438539321,2.6973224062761864e-08,1.2595685704285156e-07
11296,Gpaa1,307.7367066170165,0.827384188632305,0.1050607677358696,7.875291666556336,3.399488845471813e-15,2.6799042634349224e-14
11297,Cyc1,273.02712352611127,0.7415920534031081,0.1086272234328129,6.826944756272725,8.674207835780928e-12,5.4732829442493095e-11
11301,Dgat1,38.250965998329214,1.0631568618076124,0.322158714691344,3.300102754712716,0.0009664943406281,0.0025297767542182
11303,Slc52a2,52.731951072987215,1.312925812177607,0.2518750884735673,5.212606852604203,1.8620524849140901e-07,8.014582068140154e-07
11314,C030006K11Rik,2000.595383683745,0.6219988063140343,0.0459882535429424,13.525166937101238,1.1109118397590403e-41,2.5263808988080036e-40
11318,1110038F14Rik,33.08453496887106,1.1469670747367071,0.3260066079536031,3.5182325963771324,0.0004344314014616,0.001211685843642
11321,1700109K24Rik,45.52225083974909,1.1316223862840395,0.2668476484897594,4.240705858524614,2.228179731300391e-05,7.544546985507109e-05
11339,Gcat,34.90206408367191,1.7477107100886953,0.3128024767355197,5.587266214539653,2.306719788178668e-08,1.0817623472067854e-07
11343,1700088E04Rik,29.452569450304964,2.238823023699043,0.376182659756143,5.951425366470478,2.658172318940729e-09,1.3760001728075332e-08
11345,Sox10,14.300440036194212,2.0726329421404275,0.5214178833660382,3.974993969827897,7.038103938447448e-05,0.0002216376523549
11346,Baiap2l2,194.65962149627765,0.7077729419302498,0.1317387674224277,5.372548686908056,7.763145907145938e-08,3.465392704738151e-07
11347,Maff,18.95372376680969,1.6791053053778109,0.4361650359425119,3.849701757385072,0.0001182617358853,0.0003599046621249
11350,Ddx17,27.73106844820087,1.6372455327870454,0.3545793363089992,4.617430755638458,3.8852025967454375e-06,1.4458926560186792e-05
11354,Josd1,823.6077503210682,0.5890409520804185,0.0645696042773186,9.122573363630336,7.336128646414834e-20,7.565106271949282e-19
11360,Gm10856,185.1379697755284,2.594729835290814,0.2969087889835269,8.73914795238606,2.3487510513722297e-18,2.2144134223470213e-17
11363,Cbx7,179.2231489717443,0.8876956262474571,0.1400482441206075,6.3384987924803005,2.320146590236044e-10,1.308460692427624e-09
11367,Tab1,34.78829755008854,1.0375794681556367,0.3007523282834419,3.449946585875729,0.0005606974816251,0.001528687520294
11369,Rps19bp1,1034.203350612107,1.1952353213161266,0.0690423158667221,17.3116342682274,3.8434915784802906e-67,1.5993080092508797e-65
11371,Tnrc6b,155.47195492504423,0.8588889593282595,0.1500749429762734,5.723067037673625,1.0461795941759632e-08,5.0890935329962497e-08
11382,Polr3h,97.61208977453236,0.9630410099658192,0.1863638749197479,5.167530511911302,2.3720725185955458e-07,1.0099676022206037e-06
11383,Csdc2,37.080179433072026,0.9540394078371394,0.315388870570121,3.0249621875132906,0.0024866421349503,0.0059723125412616
11386,Xrcc6,113.97960419505787,0.6087496610615464,0.1870338314546197,3.254756940640698,0.0011348944898037,0.002933160242575
11401,Serhl,271.53818535304674,0.7268472079397086,0.1170014879718912,6.212290292533101,5.221784398418361e-10,2.854921612146629e-09
11425,Smc1b,43.991811398513,1.025661108865858,0.2767975461214105,3.70545593065329,0.0002110108176649,0.0006190401198114
11428,Wnt7b,850.6524465834882,0.5460128573008985,0.0707703981534624,7.715271802157937,1.2072467948107444e-14,9.165074779539557e-14
11429,Lncppara,76.38806914510441,1.190565099736319,0.2049460466310011,5.80916353014554,6.2785739957258455e-09,3.1344009480608015e-08
11451,Mapk8ip2,69.32770484349938,1.3608378381688386,0.2206345701667185,6.16783597031302,6.923090461101224e-10,3.741239057181975e-09
11452,C230037L18Rik,155.41025851504023,0.967339363778276,0.1443407455488158,6.701776134661322,2.059013145610463e-11,1.2599589185142558e-10
11453,Shank3,125.3259954502788,1.6711758288912395,0.1684084033720972,9.92335177716036,3.295014190700162e-23,3.950937576325521e-22
11454,Cpne8,10.198815554138802,3.1996035962571843,0.700097415050552,4.570226267763252,4.871979069532941e-06,1.7889098438952815e-05
11458,Cntn1,13.689989658211346,1.4721379906979066,0.4946708960242638,2.975994752328622,0.0029203985922721,0.0069098596475522
11459,Pdzrn4,1142.2779643632864,3.2824000808639577,0.0762405589441062,43.05320063655831,0.0,0.0
11460,Gm30085,22.29590104350773,8.334355970819527,1.9680531947145656,4.234822510490267,2.2873229490716404e-05,7.732899456281725e-05
11468,Twf1,317.917156088436,1.4699491673627625,0.1070132455607499,13.736142284632344,6.167559717934369e-43,1.4699032417541414e-41
11474,D030018L15Rik,382.97710665420936,1.7872855007894637,0.1032537774200766,17.30963791782734,3.979092912493283e-67,1.6512699320955953e-65
11479,Gm32885,37.448408308145936,0.9947232989554908,0.2888749577028977,3.443439012039752,0.0005743661222365,0.0015634619550838
11490,9330020H09Rik,741.9951833918764,1.2848693183517172,0.0738590216597494,17.396240695832628,8.809830100352256e-68,3.685764788723461e-66
11499,Lmbr1l,57.09082623183824,2.9559583167941588,0.2861597967453525,10.329747051870472,5.1696728061181e-25,6.666020311808566e-24
11502,Tuba1a,83.93874796386397,1.5115341436401923,0.2048933662619947,7.377174630961022,1.6168387857191978e-13,1.1382190189726917e-12
11505,Troap,11.364520593780547,2.7116305327157124,0.6113186279284801,4.435707352652362,9.177044870207415e-06,3.254775001652002e-05
11509,Mcrs1,41.200181954209405,1.2614834784077886,0.2888662832906026,4.367015298696948,1.259559082215039e-05,4.408313623501419e-05
11514,Nckap5los,57.38986050916738,0.736138587363622,0.2349858935770427,3.132692674261619,0.0017321070063723,0.0043109472146959
11529,Atf1,151.4404080961683,5.888770065084585,0.6251944994934175,9.419100887573604,4.549671174708753e-21,4.9643329132399685e-20
11530,Tmprss12,155.00727551609086,1.485048564507347,0.1504051101486281,9.873657637295992,5.415314302928897e-23,6.374172707025482e-22
11534,Letmd1,1857.192066997192,0.5925646129886608,0.0519543889807227,11.405477470027169,3.9261711643616346e-30,6.093480972430615e-29
11536,Tfcp2,674.276914789018,2.639591394797417,0.0860553734031642,30.67317345113465,1.297584569089016e-206,2.7746683369020127e-204
11538,C330013E15Rik,27.788521881490084,2.417220140397194,0.3886119555519306,6.220138381908783,4.967166001025513e-10,2.721512019636613e-09
11544,Scn8a,23.70591507256981,1.2917770154540296,0.3715302045524154,3.476909816821598,0.0005072283967602,0.0013966652643217
11545,Fignl2,40.72749545867598,3.587091350831855,0.3787917802616675,9.46982362804681,2.8031659812698897e-21,3.091514573612552e-20
11546,Acvrl1,72.12857848402,0.714637817604245,0.2098433782227876,3.4055771673935045,0.0006602435116105,0.0017774277154669
11550,Krt7,35.4342083111986,1.895692171910844,0.331448527851751,5.719416478321912,1.068905006584849e-08,5.1930771478006745e-08
11558,Zfp740,24.684294027681037,3.2316929394312086,0.4525179072235302,7.1415802288567765,9.22639971954631e-13,6.203041488302838e-12
11570,Npff,20.1343022729309,1.1896136201319008,0.3976724644447279,2.9914407621683448,0.0027766440379057,0.0065969196768102
11577,Zfp385a,452.93477456196246,0.5173877644131832,0.085362305905022,6.061079992249179,1.352105623901699e-09,7.146247231579319e-09
11582,Gm49504,641.3356202771562,2.024039371528485,0.087827966034121,23.04549977557432,1.631973374474047e-117,1.3154901609111217e-115
11585,Naa60,75.59412259687632,1.2601029149995548,0.2085532865817189,6.042114874587696,1.5210710128588596e-09,7.995359956973372e-09
11588,Nlrc3,343.78699109598983,0.9369183698426624,0.109769200642169,8.535348388815136,1.3973372974040997e-17,1.2662392602020904e-16
11589,Slx4,2118.7970162330166,3.35279135388955,0.0601388069081888,55.750879112186254,0.0,0.0
11595,Glis2,156.46568688393114,0.8602563976141814,0.1506331962711876,5.710935032311514,1.1235713535691512e-08,5.4466324179945383e-08
11596,Vasn,493.4286178476853,1.5886026814322878,0.0875004794748058,18.155359730225214,1.1646259933314701e-73,5.433509634342823e-72
11601,Ubald1,210.97671819571903,1.1288935942601406,0.1285557117668165,8.781356959913285,1.6151405817320916e-18,1.5359298577113822e-17
11607,Sec14l5,222.5965005004455,1.099142510103379,0.123659275644999,8.88847605139461,6.195273525669327e-19,6.0521847208886385e-18
11612,Mettl22,22.112007313948368,2.017346178933365,0.4047928919620249,4.983650204812934,6.239583511896424e-07,2.544241163212732e-06
11620,Emp2,12.389846372423923,1.648040839144425,0.5227813273641381,3.1524477881676503,0.0016190777367197,0.0040525639464374
11638,Mrtfb,194.7934656542688,0.5603064274631687,0.1289316285334615,4.345763982324574,1.387917420999772e-05,4.8397831027650073e-05
11640,Bfar,11.621358526147745,2.264479350948729,0.5688859290027554,3.980550819596315,6.875576322699719e-05,0.0002169187972628
11641,3110001I22Rik,2781.2435740371698,0.7335344276857313,0.0439364822277958,16.695338144792803,1.4171403142834855e-62,5.2957020093952766e-61
11644,Gm49432,265.4986959440788,0.8657509427637683,0.1170632411790005,7.395583225309428,1.4078894576980713e-13,9.95675980281098e-13
11651,Fopnl,85.36466299998712,2.756352307621716,0.2443982143665055,11.278119665343477,1.6830492472442077e-29,2.5529286906967313e-28
11655,Efcab1,34.95495282101191,0.980772064190954,0.3120698575988364,3.142796525551435,0.0016734212156656,0.0041783965352559
11658,Cebpd,168.6845640901836,0.5233993884154979,0.1574085598680164,3.3251011816279665,0.0008838645238309,0.0023261501211796
11660,Pkp2,225.47838401891372,0.5561431522449009,0.1280746925993089,4.342334468721587,1.40976695245626e-05,4.908360922663179e-05
11662,Dnm1l,1781.4011258361988,0.5899114336059466,0.0494959645962981,11.9183743244003,9.49430444924416e-33,1.6098492433982714e-31
11668,1700056N10Rik,41.50254353902248,1.3398396562857875,0.2894549404576016,4.628836716926041,3.67725564525921e-06,1.3751524875980276e-05
11671,Gm49584,598.5718020206535,0.6711405259492008,0.0766531155510586,8.755554436690234,2.0310257107435438e-18,1.923104049360861e-17
11674,Ccdc116,1658.2552284692815,0.5535874863980174,0.0604052719527065,9.164555816112223,4.9751439976964344e-20,5.19303843990063e-19
11680,Aifm3,61.117400474994696,0.7405301999953124,0.2389100169667777,3.099619720416699,0.0019376925006427,0.0047724706030869
11685,Ess2,53.31483171622856,1.2960453944734678,0.2612655574157321,4.960643903058254,7.025988882857391e-07,2.851136658947612e-06
11686,Slc25a1,26.99727285191142,1.803157535166144,0.3632533313029984,4.963911903293975,6.908729073486752e-07,2.8065116837836942e-06
11687,Dgcr6,51.01392947764455,1.559280649640041,0.2676971782880086,5.824792997864367,5.718343267639472e-09,2.869609287763276e-08
11696,Cdc45,524.765039582018,1.3701644929582304,0.0818422197207886,16.741536307698606,6.528133739505167e-63,2.4755454939266388e-61
11707,Ap2m1,397.75692325812696,0.9450056629653488,0.0993121131172643,9.515512592603066,1.808192198927654e-21,2.01585279469154e-20
11715,Fam131a,98.68929083788524,0.9412408805625522,0.1842789090290091,5.107697269981028,3.2610856485668974e-07,1.3676838639426846e-06
11717,Chrd,120.01247127647758,0.6340675407227422,0.1663001567856191,3.812789795142113,0.0001374069709522,0.0004142388339104
11719,Vps8,20.050905790092205,1.4465410788772182,0.4164361644078039,3.473620214839608,0.0005134872816419,0.001410463905113
11721,1300002E11Rik,175.67758689248072,1.3938655122961028,0.1380075252721402,10.0999239682583,5.5285035576354776e-24,6.897637015669027e-23
11726,Dgkg,21.340919847616597,2.4089482601087204,0.4388153694306771,5.489662459257319,4.027025704992776e-08,1.851301515499217e-07
11730,Fetub,42.55498285676345,3.535980006069753,0.3704230944167884,9.545787126574728,1.350778925351573e-21,1.5146826172405546e-20
11733,Rfc4,1202.735657579397,1.131442498686865,0.0578420838191582,19.56088757494093,3.3322625210640655e-85,1.80646175261628e-83
11734,6330408M09Rik,98.72841618846392,0.5598245029547357,0.1789021896288848,3.129221079496215,0.0017527038314063,0.0043544663850786
11736,Lpp,14.418541543396747,1.7756194517699162,0.5141887095846993,3.4532447303326657,0.0005538862524206,0.0015109200464684
11741,Gm26569,1183.7720295907004,2.6741397029070555,0.0726974977035462,36.78448072328364,3.2692853439970276e-296,1.57293491113057e-293
11747,Fam43a,55.35977009706999,1.6820417020680962,0.2506518557115681,6.710669255940668,1.9373378189595776e-11,1.1883367753267592e-10
11750,Gm41442,91.15364408820112,1.0806500901805942,0.1907675830651818,5.66474698068254,1.4724163995433342e-08,7.057697038408834e-08
11754,Dlg1,904.1586590826026,1.2277669249891865,0.0635697094893675,19.31370986042557,4.118952108513242e-83,2.194304036770584e-81
11770,Iqcg,3848.7442260217504,1.19107657930351,0.0359617819858899,33.120621769267245,1.5004606228298256e-240,4.529625833154509e-238
11772,Osbpl11,249.31752394294733,3.187523017183032,0.1418775523023631,22.466718416384328,8.784724686868481e-112,6.629883396030741e-110
11784,Sema5b,672.356978688697,3.589323982036004,0.0948187022772221,37.85459931250556,0.0,0.0
11795,Ildr1,464.3366502599919,2.84647412423265,0.104979824297239,27.114487410201463,6.644943500163574e-162,9.134424118617715e-160
11804,Lrrc58,82.66006720552927,1.286641605864495,0.200162421427475,6.427987814539327,1.293041036640103e-10,7.431004031396426e-10
11813,Poglut1,155.25762815231295,1.0610977774903854,0.143795344724141,7.379222043147571,1.592171066194221e-13,1.122154908366037e-12
11821,Gm19522,233.7183137714322,0.662191789507319,0.1263896402294732,5.239288507389078,1.6119686349330653e-07,6.979153291178142e-07
11822,Qtrt2,589.2073987864759,0.6603765804210997,0.0756960763534669,8.724052979145647,2.684174244654994e-18,2.524468336634593e-17
11824,Zdhhc23,496.7896612877786,0.9028952374995062,0.0851312749393895,10.605917016306112,2.797064633545196e-26,3.8042055740337312e-25
11829,Sidt1,109.7097421214418,0.6574760136698915,0.1703887470627449,3.858682131325133,0.0001140000951603,0.000348035983559
11835,Btla,144.3240429554196,0.7992818716086668,0.1506275717940535,5.306345060793318,1.1184514347770481e-07,4.908688224010101e-07
11849,G730013B05Rik,10.27648164371159,2.287722797311607,0.6356393483583933,3.599089331426533,0.0003193334887332,0.0009075980048988
11855,Zbtb11os1,77.9141041983091,1.4962882307679233,0.2125918575639232,7.038313921867922,1.945799242915536e-12,1.2868352725054809e-11
11856,Zbtb11,861.1899635018796,0.6220641313917875,0.0644948479106572,9.645175568961944,5.152295276649599e-22,5.875906524392387e-21
11864,Gm16892,92.59303781752124,1.6145596122369348,0.1924626452553562,8.388950542037724,4.905009837935218e-17,4.3177548007347407e-16
11872,Cpox,29.67011037590176,2.1726616565611945,0.3596590966229492,6.04089171374113,1.5326481710651607e-09,8.050716902667763e-09
11876,Arl6,27.33356870565948,4.917766788781641,0.6277974917019818,7.833364825095744,4.749834744450598e-15,3.7121043515513406e-14
11882,4930453N24Rik,162.20642092706737,0.6190154666271622,0.1425179483965886,4.343421117069484,1.4028086240230298e-05,4.888556264250468e-05
11884,Cggbp1,112.40561339585456,2.9980315627984755,0.2065634116477873,14.513855764110051,9.89958338590525e-48,2.669246686679461e-46
11895,D16Ertd472e,88.04799642071886,6.440862638295564,0.5359082368694167,12.018592354394045,2.837642931781899e-33,4.88137995281722e-32
11896,Mir155hg,36.87178132849844,2.059915355143497,0.314809845257687,6.543363831132271,6.015025351330603e-11,3.552256628656922e-10
11899,Atp5j,138.86568203528614,2.0719318459270046,0.1667305212295177,12.426830016771952,1.8689989461040068e-35,3.4419985375858e-34
11901,App,369.590546656319,0.5117327311199495,0.0958071451185849,5.3412794054822745,9.22928768547346e-08,4.086687178761846e-07
11907,Adamts5,46.4577755366611,1.95822117487401,0.2777467626392162,7.050383436575546,1.7842542752992809e-12,1.1830481835705307e-11
11909,Usp16,62.74003369333087,1.862415422136091,0.2374335141183305,7.8439449841437,4.366084456290028e-15,3.4226189556538334e-14
11919,Eva1c,123.4777150080845,1.5733708270825524,0.1780896111780233,8.8347142580359,1.0035444298216985e-18,9.668692141135712e-18
11926,Olig1,793.8360862161475,0.5218543971451926,0.0678564496072015,7.690564421894083,1.4648734652931264e-14,1.1023065430915433e-13
11934,Son,769.241255643295,1.8646457092379047,0.0781982069035936,23.84512104653148,1.1378217751494455e-125,1.0489762904311894e-123
11941,Slc5a3,475.3145839955216,0.9273748971200066,0.0922721767315724,10.05042830860941,9.146899456040008e-24,1.1275073180559804e-22
11947,Gm49961,4214.2579579115545,0.9487268869877488,0.039942563949339,23.752278100901645,1.040768637782931e-124,9.425690557238827e-123
11949,Cbr3,26.066788410807018,1.3711900808760251,0.3634902076865995,3.7722889141989273,0.0001617567977608,0.0004828242842818
11950,Gm30881,11.391881183262155,1.5664733254258365,0.539676286198759,2.9026165601223317,0.0037005942045202,0.0085637078570259
11956,Vps26c,512.1316341576127,0.6161995452167601,0.085578325697676,7.2004159954428015,6.002913171091843e-13,4.085802439528294e-12
11958,1600002D24Rik,51.5460741745876,2.494674427643323,0.2799863372977428,8.90998629333273,5.103887320482324e-19,5.027475955607541e-18
11960,Hmgn1,244.2080795333821,1.00749026315253,0.1191850092671931,8.453162602806053,2.83516399324456e-17,2.52313207167591e-16
11982,Dynlt1a,18.187681329106123,1.2966578493584473,0.4256790115943178,3.046092980957663,0.0023183612919189,0.0056051335506255
11989,Gm49719,65.43241420050522,0.8433090845331829,0.2216922590439838,3.8039627011327903,0.0001423996307782,0.0004281165232302
11995,Rsph3a,28.39046519678079,2.093247301224436,0.3698781826299508,5.659288380679243,1.520019514029137e-08,7.278969162439446e-08
11996,Gm1604a,10.29919633147516,7.218977418033431,2.0024769294808644,3.605024013887105,0.0003121240659753,0.0008897356266907
11999,Mpc1,116.44770170745036,2.0118692139911976,0.1855953380114625,10.84008486175953,2.222647853441008e-27,3.148103620200346e-26
12001,Sft2d1,89.74799220245283,0.6894404361329116,0.1986577097452699,3.470494233608908,0.0005195014974674,0.0014254580386755
12021,Tcte2,94.15436858554332,0.6282068176519834,0.2160723841731819,2.907390595313077,0.0036445780570587,0.0084492224193517
12022,Afdn,77.01624427305022,2.1667235908440774,0.2214443841921226,9.784504577746494,1.312364065914117e-22,1.5295349855271572e-21
12035,Zfp960,19.13455192502368,1.8034073672288864,0.4285419608292247,4.208239873965456,2.5736757887772755e-05,8.636510994772217e-05
12038,AC154200.1,297.5123376704657,0.751670031097502,0.1080566615676805,6.956258135244152,3.494293514933564e-12,2.2805486628197177e-11
12045,Zfp677,122.58147826369031,0.8653233491283187,0.1609949341392806,5.374848306591475,7.664718280723077e-08,3.42542823367235e-07
12047,Zfp54,67.16713927374398,0.635710213275697,0.2224046120683414,2.8583499567012267,0.0042585045097168,0.0097275868592879
12067,Mmp25,681.9122743386233,1.77419353281315,0.078814592371981,22.51097771894185,3.240453541897158e-112,2.457636587736387e-110
12068,Thoc6,25.20704542886612,1.5589683204722609,0.3866469117253128,4.032020619318447,5.529933395312882e-05,0.0001769670641326
12069,Hcfc1r1,28.08686365536346,1.453110499168545,0.3442547582983751,4.2210324306079565,2.431859432695076e-05,8.182016570317611e-05
12071,Cldn6,178.67740782637324,1.0028783919097093,0.1391236164274487,7.208541710333542,5.655424926079618e-13,3.8578166664564375e-12
12072,1520401A03Rik,65.14813007706975,0.96911096764909,0.224897526513246,4.309122393091375,1.6390364782272145e-05,5.6503819119539176e-05
12086,Ccnf,252.5066980330208,2.6996479083528757,0.1375116812698479,19.63213512788913,8.218733195343901e-86,4.503046842545006e-84
12095,Rab26os,60.68081945770627,0.7896214690187557,0.2380283696328156,3.3173418371802974,0.0009087835292974,0.002389689362436
12102,Noxo1,107.555092954592,0.6692027085845388,0.1770745672191882,3.7792141417811833,0.0001573240860071,0.0004702313391896
12106,Rpl3l,347.78114117893693,0.5731928439951662,0.0984835502054831,5.820188679218161,5.878123362605579e-09,2.9478692928558796e-08
12113,Spsb3,68.94424867081902,1.379530272069989,0.2262586657925523,6.09713783663352,1.079844047151347e-09,5.744740480284085e-09
12114,Eme2,12486.103249209797,0.7011936784352709,0.0289023086234861,24.26081900826003,5.083737765487393e-130,4.922592870279489e-128
12115,Mapk8ip3,182.12247525596797,1.7088407887474786,0.1395220617756067,12.24781777878115,1.7257732326530727e-34,3.0716768427660928e-33
12128,Ube2i,296.0738014292989,0.7267535491397548,0.1037704703981375,7.003471665411267,2.4969642930065885e-12,1.6485103882988608e-11
12136,Fbxl16,242.0204889353276,1.346718022121179,0.1241190561729796,10.850211592362683,1.98964215882306e-27,2.822281088735453e-26
12140,Rhot2,28.13317746286431,1.1708584311009955,0.3492395786205445,3.3525937573448847,0.0008005812056414,0.0021284317461673
12152,Tmem8,79.7094236632438,1.0013223327322194,0.2073588381865315,4.828934910560554,1.3726526337817695e-06,5.389788306478991e-06
12154,Arhgdig,178.03544678093098,1.053817383411882,0.1398181649338154,7.53705631818812,4.806987664290298e-14,3.500869540180389e-13
12159,Ergic1,24.693744399031164,2.597974451165935,0.4079790983258358,6.36791066460724,1.916204644367535e-10,1.0870260392292768e-09
12163,Bnip1,10.110248048778557,2.0130951906274417,0.6510642186271529,3.092007106261029,0.0019880808980012,0.0048879740507229
12164,Gm17382,148.91717275950222,4.599226398737189,0.4164099549656536,11.044948238849246,2.319012701081534e-28,3.387430696949839e-27
12174,Gm50295,10643.399039726735,0.8129385484984036,0.0329334019900653,24.68431742167524,1.5762446210340706e-134,1.6071431910887783e-132
12175,Itpr3,53.89249401368648,1.524493298413682,0.2606929474474648,5.847850175236902,4.979667548739115e-09,2.52111021310054e-08
12179,Grm4,126.30037224390124,1.5271195853548198,0.1655362716513938,9.2252868215542,2.828030022800039e-20,2.9965829477652715e-19
12186,Snrpc,816.9282183846036,0.5820297422137215,0.0674689848991841,8.626626635681898,6.3188030264464285e-18,5.82192049043502e-17
12188,Anks1,619.6665440036927,0.8227793515527329,0.0757611281812497,10.860178185102104,1.7840076398197088e-27,2.5361571212063008e-26
12196,Tulp1,61.12977056640396,0.7180979532874182,0.2364001856197012,3.037637011176581,0.0023844098276707,0.0057449724110827
12198,E230001N04Rik,15.8116335291394,1.681217498357067,0.4731192403166606,3.55347522377619,0.0003801770067083,0.0010677134613794
12200,Srpk1,128.8636269626396,0.9101659756385964,0.1672684367547181,5.441349206684227,5.287854256688755e-08,2.402945812750298e-07
12203,Mapk13,100.75945807287074,0.6458402762804031,0.1793759811079354,3.600483589225825,0.0003176258768325,0.0009032449205233
12207,Gm41556,161.86955765280865,1.086902362387984,0.1464258842923345,7.422884059337615,1.1459708754697968e-13,8.149361477474822e-13
12209,Cdkn1a,1156.1575600364845,0.5308502480993644,0.0575603617082018,9.222496738128084,2.902613536974732e-20,3.0734964247085955e-19
12211,Ppil1,90.50743945876214,0.8168825215876875,0.1894100436630338,4.312772996562663,1.6121962624519054e-05,5.5653304163025865e-05
12215,Gm36199,1247.4091075234503,1.1090672280853482,0.0603754740361824,18.36949930067125,2.305286213139552e-75,1.0988293045664564e-73
12216,Gm26885,826.8906119063763,1.0540631003114225,0.0680580848136894,15.48769853275984,4.2006039776550355e-54,1.325256123770019e-52
12217,Pim1,549.8552786731718,0.7143858803221826,0.0802463148552972,8.902413545224928,5.46452365791533e-19,5.3621291419543935e-18
12240,Pknox1,5708.59254700727,1.5061099080512466,0.0419298249752371,35.919775695241306,1.5008030255565489e-282,6.244963076072603e-280
12245,Rrp1b,15030.481758852911,0.5665458806071443,0.0267645424847163,21.16777751499641,1.892750082392755e-99,1.2244025322907082e-97
12263,Zfp955a,240.2945303311836,0.6779885273101272,0.119023585475268,5.6962536005185855,1.2246867133841841e-08,5.91816592569457e-08
12269,Zfp414,45.8788947310733,1.2588593987575696,0.2686442674895334,4.685971565749549,2.786349489528596e-06,1.056664701329238e-05
12272,Rab11b,790.709383532227,0.6255186287068291,0.0685665554229574,9.122794996019191,7.321137014435008e-20,7.554706801222611e-19
12274,Angptl4,342.1171179238656,0.5954657263078634,0.1075444760927271,5.536925260526074,3.0782783192954184e-08,1.433550302597467e-07
12276,Rps28,102.134111696254,1.1711121768419763,0.2229561050970919,5.252658034782163,1.4991973134481214e-07,6.516556137167497e-07
12284,Rgl2,98.82463076633336,0.5309532165518662,0.1788597779555276,2.9685445359542166,0.0029921373891862,0.0070633160447579
12285,Pfdn6,20.94310023622603,2.1379344693762463,0.4654944841702717,4.592824495411676,4.372868032909995e-06,1.6148878924126237e-05
12288,Rps18,43.705432572480085,1.5079764694979758,0.2853114199850624,5.285370174025724,1.2545081638541886e-07,5.487047639403149e-07
12290,H2-K1,409.7396794985962,3.23090390179241,0.1126116455402749,28.690673032008,4.987664206135767e-181,8.726145240643895e-179
12296,H2-DMa,176.18652786776093,0.6110275439977194,0.1408452775478131,4.338289182541406,1.4359613407498492e-05,4.993914796066112e-05
12297,H2-DMb1,55.87691374574639,3.597599799516359,0.32740935579284,10.988078794524885,4.361102899600838e-28,6.3342962492692915e-27
12306,Ager,669.424753090498,0.5864844016070734,0.0722100374258082,8.121923523577353,4.588524474278443e-16,3.822777208116391e-15
12308,Gm20463,40.986570171903374,0.8609194248976618,0.2982602040907543,2.886470984361367,0.0038958866794081,0.0089711443787268
12309,Agpat1,379.1857447090487,0.5045130212981367,0.0938724375912506,5.374453186087924,7.681543682614728e-08,3.431951437537329e-07
12315,Nelfe,81.6964545978732,1.0480177527408003,0.2087095491011249,5.021417358498579,5.129157175385222e-07,2.113152364790765e-06
12316,C2,171.17895583354118,0.9956388883263472,0.1457818994774064,6.829646834726919,8.512392920686482e-12,5.3777924253955296e-11
12325,Clic1,107.18408117327108,2.2961688886913145,0.2319340151733864,9.900095451608388,4.158779282105282e-23,4.9481117331756495e-22
12329,D17H6S53E,27.59889517467978,1.1063454582019987,0.3727840761933922,2.967791622161593,0.0029994759936359,0.0070780228902535
12331,Prrc2a,100.61858846028284,0.6890719494394015,0.1818204172833653,3.789849125499969,0.0001507388130568,0.0004516883545784
12335,Atp6v1g2,737.53328638254,1.1315202720773645,0.0754443871057003,14.998070969707298,7.558427477283371e-51,2.1549916563010147e-49
12339,H2-Q4,1868.3930633971613,0.6379732865194527,0.0492998281414735,12.940679725874263,2.6527201252723787e-38,5.359747906652696e-37
12345,Sfta2,52.20032853980907,0.9981997770333352,0.2615964978562894,3.815799466786845,0.0001357427148157,0.0004095674874501
12350,Tubb5,182.02330942009343,0.6248496541384235,0.1311369401541438,4.76486376305524,1.889812931199346e-06,7.290293131732682e-06
12353,Ppp1r18,41.43661415782165,1.67051032271448,0.2966962944110641,5.630371373631098,1.79822004633458e-08,8.53697065475399e-08
12357,Atat1,130.82478357316373,2.5311939767379936,0.1817363694879468,13.92783394908672,4.291747355140205e-44,1.0572118764758176e-42
12366,H2-T23,26.536979893396445,1.65276351806566,0.3686211516893125,4.483637226164032,7.338137475132152e-06,2.6347473080022063e-05
12367,H2-T22,301.05608450607525,0.6379783112526418,0.1032177695256309,6.180896120742267,6.373874903031231e-10,3.4529267419799035e-09
12375,Trim26,144.6052387914783,0.8858536676833416,0.1538755623003469,5.756948370750775,8.56480913855257e-09,4.204840608965415e-08
12377,Znrd1,176.79980557362364,0.563852393723428,0.1365379745897611,4.129637893176356,3.633350325457802e-05,0.000119298489253
12379,2410137M14Rik,40.68375543565359,0.829971526150421,0.2758900191078077,3.008341979294649,0.0026267736780282,0.0062719924855649
12387,Crisp1,265.0007607435918,3.5350732191883982,0.1603800374300337,22.041853062483444,1.1435981160316398e-107,8.266120466865318e-106
12403,Enpp4,183.49775159386311,0.5379650109583379,0.131830187997571,4.080742196682976,4.489212479095616e-05,0.0001456605170245
12407,Cdc5l,1980.3336430284323,2.937352338987387,0.0532762500708282,55.134367285278415,0.0,0.0
12411,Tmem151b,104.56820992275388,0.753338488828935,0.1751938731826594,4.300027593108204,1.7077684456433723e-05,5.8715504665308976e-05
12415,Capn11,755.4046524001442,1.4451569667084951,0.0708205544289669,20.40589738898455,1.4821620233064484e-92,8.948771180716108e-91
12417,Vegfa,450.9470429915686,0.6707352053967376,0.0885315089311034,7.576231485207307,3.5573684509621165e-14,2.6155322192460723e-13
12419,Rsph9,25.628951522271542,1.3408937602875806,0.3563903767938736,3.762429761292676,0.0001682705744308,0.0005010044022311
12426,Dlk2,237.4257184347437,1.2495411129692435,0.1260721518517839,9.91131740527646,3.717120570500364e-23,4.43978186993201e-22
12429,Slc22a7,19.160027338163143,1.355064321408825,0.4098415285692153,3.306312872049465,0.0009453246872047,0.0024794240007161
12439,Mea1,54.90251423962377,0.9120317346233592,0.2621770097479056,3.478686920337968,0.0005038768919536,0.0013887734744931
12443,Ptcra,510.4280662803578,2.4010081013907465,0.0922020933173334,26.0407113873994,1.7141756865859881e-149,2.128342650861119e-147
12445,Bicral,66.88445704914939,1.454166966604607,0.2275888102307267,6.389448431715033,1.6648516902684768e-10,9.489839549564412e-10
12451,AI661453,53.98919248413875,1.0097757961752698,0.2435939500616068,4.14532378952716,3.393338670504057e-05,0.0001118951427952
12455,Usp49,125.478062118104,1.144345687369706,0.1636869256863639,6.991063474198027,2.7281028946114697e-12,1.7987953818174815e-11
12456,Tomm6,111.6960256067551,1.9052569290690244,0.1800648358333585,10.580949468847148,3.6523807403416335e-26,4.945651176631467e-25
12461,Oard1,11070.680694143315,0.9652603321130035,0.0276172652951327,34.95133648454035,1.2357694449044321e-267,4.3240696303974176e-265
12463,Apobec2,358.8820824805589,0.6860676458142252,0.0956640231015709,7.171636980872059,7.410623555943253e-13,5.017324550013295e-12
12464,Tspo2,102.91523509242028,0.5828386108302929,0.1779757756087536,3.2748198952173926,0.0010572935711713,0.0027492132784586
12465,Unc5cl,49.27144795071204,1.589250497155294,0.275725350290661,5.763889665857549,8.219716178437865e-09,4.0470339073626284e-08
12469,Dazl,103.39259956837223,0.91520498035687,0.1836419352941551,4.983638289865041,6.239967934717639e-07,2.544241163212732e-06
12474,Pp2d1,1026.2761928336834,0.6080446384830278,0.0589104433636842,10.321508441707996,5.633110584047484e-25,7.245394365246037e-24
12475,Kat2b,8538.75023205585,0.8341620769043029,0.0292193906238156,28.548236602320063,2.954162885843303e-179,5.053587976715942e-177
12476,Sgo1,41.87408534180451,0.9142425640948694,0.2871264163719517,3.1841116385144224,0.001451990018801,0.0036665308068658
12481,Zfp959,119.94872519747226,2.583159222963253,0.1859899725609667,13.888701564900249,7.416764256562577e-44,1.8182882562744816e-42
12482,Ebi3,87.06264798519469,3.514136754505099,0.2558597018513414,13.734623815620909,6.298234872343453e-43,1.498726802080368e-41
12486,Sh3gl1,659.2995118869753,0.6297860243048232,0.0725624040178538,8.679233176313524,3.984460638914478e-18,3.715612113672157e-17
12487,Chaf1a,38.42580015150326,2.359550426401453,0.3262196854565771,7.233010549620957,4.724026867197532e-13,3.2440284410068328e-12
12490,Plin5,288.7883331141164,0.953137965644959,0.1066819061317696,8.934391971471499,4.0942345077559663e-19,4.043286368275231e-18
12494,Ticam1,22.8057006331016,2.7876347340789605,0.440680084454459,6.325756103840996,2.5199557536145967e-10,1.4133784620273346e-09
12495,Plin3,314.9883077955811,0.598104811316988,0.1115328506530339,5.362588760307257,8.203763357896953e-08,3.650437591276922e-07
12499,Safb2,34.49719470227279,1.1961786648959205,0.3223222472383878,3.711126598131568,0.0002063388711739,0.0006059113600217
12504,Catsperd,119.14635832691393,1.6003582207807694,0.1789778137614232,8.941656997297114,3.833779558087999e-19,3.798254187665562e-18
12505,Ranbp3,127.942058562836,1.1840732310257045,0.1619046832386386,7.313397039173011,2.6047190696112546e-13,1.8170482462951917e-12
12513,Mllt1,132.8917843796933,0.5813776935251624,0.1552396666988768,3.745033121289024,0.000180369978596,0.0005346507875365
12529,Fbxl17,314.46778289498883,1.2330242557773798,0.1079432505171704,11.42289350996748,3.2135348464868685e-30,5.002586703388455e-29
12532,Man2a1,352.6350457051269,1.532096346705064,0.1042754414050775,14.692782174408148,7.170805814524652e-49,1.9864770682420152e-47
12534,Vapa,36.9878132550275,0.9692443908979748,0.3039755970510352,3.1885598722427906,0.0014298339642634,0.003614732957931
12537,Ndufv2,158.8105762648062,1.0984734739027275,0.1427008854815115,7.697734111433014,1.3850018540298611e-14,1.0442452764272157e-13
12541,Mtcl1,33.93212995044847,1.8177884612663544,0.3284176902699178,5.534989481755268,3.1124703201548516e-08,1.4481593547628916e-07
12542,Rab12,47.43260761797287,0.9558611370480604,0.2641784029479876,3.618241030990915,0.0002966120953616,0.0008488178104439
12546,2410021H03Rik,12286.463494496604,0.6458979094903154,0.0303645821150474,21.27142428778016,2.0884240696619236e-100,1.362431227818431e-98
12550,5031415H12Rik,3181.1722245709384,0.8283211754740761,0.0382628108125184,21.648205081762423,6.319383117589887e-104,4.324143221262839e-102
12560,Ndc80,46.94633372994422,0.883471565951577,0.3042583755718019,2.903688564994283,0.003687948121954,0.0085357259900186
12573,Nlrc4,619.7017577066277,0.6845666999468468,0.0767377709088397,8.920857249816057,4.62692673656177e-19,4.5605738819529465e-18
12578,Gm50020,8799.261278684653,0.5488376233568641,0.0300384400724675,18.271175934329342,1.4039257344522492e-74,6.569860367059827e-73
12579,Ltbp1,71.97426002357862,4.51967979814995,0.3508228990103131,12.883080924592337,5.605248267668926e-38,1.1164088270249776e-36
12592,Atl2,5994.64247077821,0.8171071698780525,0.032999329596772,24.76132636215676,2.3411615237909455e-135,2.402968188019027e-133
12594,Galm,10396.2242901992,0.981920629179418,0.0300508776965331,32.67527288538061,3.5072711923408015e-234,9.817808595868904e-232
12597,Morn2,52.87842038312181,0.7860581564557622,0.2439660609450793,3.22199798369789,0.001273000309776,0.0032524249534204
12611,Zfp36l2,192.5996361092053,0.5955939696475082,0.1401600993739821,4.249383186139977,2.143599580514944e-05,7.274158946794815e-05
12612,Plekhh2,43.49543154578894,3.4558263175267743,0.3603232664022928,9.590905278007838,8.731549450145677e-22,9.855640420413697e-21
12622,Epas1,53.4198541017793,1.0835500727368943,0.2767801094794511,3.914840827163341,9.046386737977666e-05,0.0002798436210928
12623,Rhoq,486.2118797782385,1.2659189104003574,0.0947571031243909,13.359620214840694,1.0409387939463144e-40,2.2829478164668743e-39
12627,Mcfd2,170.51810541018585,2.633612632910621,0.1650934593978391,15.952252999703587,2.748016010198469e-57,9.217528211985975e-56
12636,Gm31615,107.72571829307373,0.82327627170714,0.1747367750837541,4.711522639195616,2.45872776586958e-06,9.381554568358871e-06
12637,Ppp1r21,197.20119181609104,0.6322623607735988,0.1279866697299972,4.940064165334011,7.809686706667907e-07,3.151715243403908e-06
12638,Ston1,116.33720710255596,1.4732436917948353,0.1711187578239249,8.60948098577685,7.339209553339586e-18,6.749968356225582e-17
12655,Mkx,184.7043215213287,1.887611200328428,0.1405154638943102,13.433476629648451,3.8490783729572766e-41,8.588465308702933e-40
12660,Ccny,4636.755523153573,0.8706009333743145,0.0349685534414019,24.89668138069288,8.082111263968654e-137,8.522752398634344e-135
12661,Thoc1,194.05346975952057,0.7411562333620987,0.1284005262368323,5.772221151142717,7.823334348359143e-09,3.862990879645201e-08
12663,Snrpd1,62.74163140671961,0.8605257185243504,0.2232054028692096,3.855308641559128,0.0001155837122822,0.0003525910113528
12666,Gata6,47.08185174218679,0.8356409811105922,0.2617027702429071,3.193091843601683,0.0014075816953028,0.0035625723789056
12675,Cabyr,51.60229394704564,0.8039993417894186,0.2503788855355343,3.2111307631621884,0.0013221375743473,0.0033670062360225
12676,Osbpl1a,463.8738684169661,2.8873396207014546,0.1052227273486527,27.44026593355949,9.078433369946332e-166,1.3703094133695462e-163
12678,Impact,314.6900057334298,0.9751614549140872,0.1086496579555278,8.975283247677023,2.826236613555096e-19,2.82366897484064e-18
12681,Taf4b,924.1409525559644,0.8213112636717159,0.0623012935469612,13.182892632118964,1.1008742360287267e-39,2.35077111482639e-38
12682,Kctd1,74.87863200436058,1.2490257360107575,0.2091892716438982,5.970792508599425,2.361038623880927e-09,1.227229934276528e-08
12689,B4galt6,47.02526743544567,2.734332066193774,0.3073174396083045,8.89741913013089,5.716030852604494e-19,5.598219529688218e-18
12693,Mep1b,6742.45601706405,1.014233744622728,0.0308715682519705,32.853327577810624,1.0209634452299736e-236,3.0228371543770537e-234
12695,Asxl3,233.67127426866787,1.1207087130433615,0.1240271667549225,9.035993825916222,1.6251886508308353e-19,1.6515778526859102e-18
12705,Rprd1a,19.125112397470573,1.8009567298122262,0.440785543899353,4.085789007235339,4.39272837914923e-05,0.000142710373761
12710,AW554918,79.72730608410093,0.9113104179563856,0.1980386642082539,4.601679281163337,4.190981945591476e-06,1.5518123625379115e-05
12711,Celf4,264.8485537788848,1.4151964247042437,0.1164703293225113,12.150703384597673,5.687416842247086e-34,9.961714414475102e-33
12727,Stard4,150.40247009091445,1.021472745850845,0.1593123188390434,6.411762463158045,1.4384684636362296e-10,8.232959281094197e-10
12732,Srp19,78.76774916509682,0.5962147373755399,0.2084266042232269,2.860550070359482,0.0042290676622243,0.0096732618819797
12744,Kdm3b,272.00677542435454,1.752883759749094,0.1237452767311892,14.16525790763609,1.5031405583448146e-45,3.8699585344944423e-44
12745,Reep2,155.7509101194655,1.5383948493704998,0.1509340455997823,10.19249728089657,2.1419016910330977e-24,2.709672837727656e-23
12747,Etf1,27.04700827417052,2.0939483203978404,0.3912752254192531,5.3515995503016205,8.718015527529415e-08,3.869200549491002e-07
12760,Dnajc18,164.71540712369122,0.5622777269044757,0.1426480222496395,3.941714143926007,8.09013599899365e-05,0.0002521371130374
12767,Igip,421.1209979275549,0.7390833910735632,0.0895396941191599,8.25425414219069,1.5285378565611264e-16,1.313979276360419e-15
12772,Slc35a4,146.98095646532718,1.1355472835482592,0.1525173221540904,7.445365991942866,9.667602219350553e-14,6.900435965188739e-13
12773,Ik,238.56152642892167,0.6825172438815862,0.1206710967940591,5.656012599656654,1.5493009884057235e-08,7.406298016724476e-08
12776,Hars2,1327.8862684421972,0.752725293127751,0.0532447852997437,14.137070680072291,2.2443392698965857e-45,5.758974566554639e-44
12784,Pcdhga5,408.1804361176703,1.1178222795356278,0.0950127975602636,11.764965438751844,5.915056412693591e-32,9.75034352567779e-31
12789,Pcdhga8,2674.3128363224278,0.9781234343603809,0.0417826266829893,23.409811972366903,3.3952753299687404e-121,2.888047457469543e-119
12793,Pcdhga10,120.33951316697234,0.5064338436084553,0.1624733062168281,3.1170279930944225,0.0018268422465346,0.0045233295637902
12807,Spry4,337.65936342965364,1.218261485678874,0.1000691297906837,12.174198858600374,4.265618045620195e-34,7.496969797987273e-33
12808,Gm5820,469.0781651349564,0.7971646906958202,0.0867529917564806,9.188901437929603,3.968736317959704e-20,4.1708303311472763e-19
12812,Sh3rf2,28.653284422665468,3.3890825320470226,0.4635556180601797,7.311059126473676,2.650448659086011e-13,1.847275126993582e-12
12817,Ppp2r2b,496.4496042703117,0.7088089823807192,0.0840340312816382,8.434784950458473,3.3181236513759936e-17,2.9410380965218663e-16
12821,Spink1,16.397828811858815,7.890967787121819,1.9801893272025035,3.984956225508861,6.749256657025956e-05,0.0002135709698242
12822,Dcp2,20.985820606581434,1.274487558054685,0.4174856979009337,3.0527693869817583,0.0022674011452539,0.0054948236578062
12827,A330093E20Rik,13.69146400955222,1.9886129956396017,0.508547035419411,3.910381650341437,9.215040318903308e-05,0.0002848318826537
12831,Fem1c,204.51688117322823,0.7863037728311605,0.1259888873752133,6.241056566278204,4.3462502442087017e-10,2.394948774510994e-09
12838,Commd10,188.7741338588138,4.9899080867596055,0.2451188583756013,20.35709581803556,4.0169942179580284e-92,2.41584542889382e-90
12846,Pudp,1483.1120826177564,0.9703082180412378,0.0596921125520052,16.255216586544513,2.05142099707632e-59,7.178108561587957e-58
12847,Prr16,6990.330803184495,0.9151701579007306,0.0396126058172814,23.10300317333524,4.319088329646116e-118,3.4998254696437686e-116
12848,Srfbp1,5343.646988839411,0.7489382784072114,0.0434907719003445,17.220625104639225,1.859687273122096e-66,7.594627389121428e-65
12849,Lox,145.09380148100504,1.522907737062216,0.1541684956854668,9.878203262547483,5.175248501894623e-23,6.100928478956325e-22
12850,Sncaip,3604.594881877658,0.6012215899337903,0.048173941730145,12.480224128256737,9.571684006331032e-36,1.7776314470623952e-34
12851,Snx2,5066.688064423226,0.6041030766092572,0.037697002051119,16.025228631976187,8.517702593582428e-58,2.8821659149625288e-56
12853,Ppic,1745.4925748776143,1.2340076295700693,0.0511555358633753,24.122660602477485,1.446085756258062e-128,1.3575570916676293e-126
12854,Prdm6,490.0384559185545,1.1912326973932736,0.0899570976374439,13.242231337813111,5.003973709388682e-40,1.0835608893072876e-38
12856,Cep120,3198.162185290059,1.5741839377395246,0.0480604228857999,32.7542672997294,2.6398685797337534e-235,7.52655863955201e-233
12857,Csnk1g3,24.927085623675566,1.902696687780748,0.3941209854763192,4.827696970972562,1.381210506055833e-06,5.422008401640898e-06
12858,Zfp608,538.4035545406513,2.240721183235482,0.0885610381334471,25.301433118467703,3.080311557292783e-141,3.4616406376700504e-139
12862,Lmnb1,911.8172378972322,0.5062116628345354,0.0625979798481962,8.086709252632886,6.129836010439875e-16,5.049489310686588e-15
12872,Rbm22,331.3993107588208,3.987731855601299,0.1453628922820903,27.432942431158647,1.1101718298252897e-165,1.6594374264068114e-163
12879,Csf1r,29.437225246565863,1.4202071965200498,0.3330416052260436,4.264353685048209,2.004816648899324e-05,6.828795824436723e-05
12889,Gm9949,165.49831283041885,3.621856961448792,0.312936423218927,11.57377886598703,5.596239905030288e-31,8.993706636518406e-30
12890,Htr4,917.5251182435754,0.7378535071123574,0.0617623324319666,11.94665871670454,6.758830876954616e-33,1.1510946922742621e-31
12898,Onecut2,455.11482817914606,0.5432712219961158,0.0898960931492931,6.043324052958438,1.5097099895927952e-09,7.943778195410349e-09
12913,Gnal,55.01916709923288,0.8319690790537778,0.2392860956626941,3.476880162007197,0.0005072844997458,0.0013966652643217
12916,Impa2,350.6490768333435,1.2695202427845529,0.0981070609286742,12.940151613628696,2.6710186205453927e-38,5.389646485179144e-37
12917,Cidea,317.31911077058913,0.856251180343945,0.1026278759116305,8.343261250785648,7.226926562246726e-17,6.321918258656284e-16
12938,Cxxc1,436.63574989106974,0.8859009984980255,0.0887399460076496,9.983114012957126,1.8070473595140666e-23,2.1958406588065173e-22
12940,Myo5b,12973.402920478338,1.254992492936436,0.0279314812495557,44.93111130496877,0.0,0.0
12944,Gm20544,33.276572418714444,1.4308035890080584,0.3145304806423202,4.549014092644168,5.389783394236311e-06,1.9691766762615628e-05
12952,8030462N17Rik,315.0191927644617,1.226440440908893,0.1077049819917755,11.387035383400788,4.8521877588256034e-30,7.507968114058188e-29
12954,Atp5a1,56.4123265448826,3.170737629043468,0.3000482505265389,10.567425817278744,4.21916759808989e-26,5.693102922015071e-25
12961,Ctdp1,1891.7831110172983,1.0202434330937085,0.0547499668668897,18.634594529968663,1.6842578885398955e-77,8.25822753247141e-76
12962,Gm50209,107.9193968570134,0.8188636594330093,0.1704638708323313,4.803737328236818,1.5573110247064152e-06,6.068428381771695e-06
12964,Gm47272,192.0241388517786,0.7122935583516682,0.1440137447913816,4.946010947659868,7.574970072877618e-07,3.065025998476316e-06
12966,Mbp,1335.6726542135189,1.4052119099154812,0.0576057742599551,24.3935947041392,1.9999664660101622e-131,1.9865473361737067e-129
12969,Tshz1,245.46141006838263,0.5724234278511298,0.1153012361506195,4.964590553941377,6.884615839271318e-07,2.798192858010064e-06
12976,Rttn,173.0688295642124,1.051331869344542,0.1375284426205348,7.644468659078411,2.0980990422608493e-14,1.5627640471527837e-13
12985,Gm48683,20.418946454697817,1.667610353937627,0.4075571013517133,4.091721990383168,4.281817881601481e-05,0.0001392559674848
12993,Unc93b1,42.47381067651528,0.9833883142884436,0.2720617796577665,3.614577231412191,0.0003008381291941,0.0008601121331613
12996,Gstp2,23.82303745124172,1.5307257988161656,0.4104692761834301,3.7292091945320553,0.0001920816402774,0.0005667475917422
12997,Cdk2ap2,156.34474005670583,0.973803130028392,0.1618208551739355,6.017785093161726,1.768197229529113e-09,9.265883099329553e-09
12999,Aip,5609.220451959257,1.041837555031361,0.0464746802578476,22.41731517572814,2.668003294712665e-111,2.0037355475803022e-109
13000,Cabp4,303.9858963624385,1.1871938414274523,0.1071811834753927,11.076513646632902,1.631004493633221e-28,2.3983710777437507e-27
13005,Ankrd13d,123.17261385963734,0.7490513311230347,0.1627637162364943,4.602078082529581,4.182963185380233e-06,1.5492158095288448e-05
13015,Rbm4b,449.7715848830293,0.7967371431168638,0.0865307954135775,9.207555984072783,3.336346098396495e-20,3.523071641352019e-19
13018,Actn3,118.22108141119692,1.367683002359274,0.1787928380442585,7.649540201496866,2.0169921320912743e-14,1.5038068215824338e-13
13022,Peli3,4874.401192460352,1.6042543602066337,0.037265328363097,43.04951628429202,0.0,0.0
13024,Slc29a2,44.72344255345151,1.5707528271565787,0.2843849721011038,5.523332739952759,3.3262893969696275e-08,1.5411240311689553e-07
13037,Eif1ad,38.33286889633535,1.0851163222507516,0.2942753078745548,3.687418866666586,0.0002265402892583,0.0006614478083483
13042,AI837181,18.513571628275976,2.3700572942740785,0.4592395515334357,5.160830086085306,2.458572510066287e-07,1.0456403968226674e-06
13044,Fibp,904.1229133279212,0.6671437853004829,0.0632499610969369,10.547734318413545,5.203677194610248e-26,7.003130602117078e-25
13050,Kat5,10.67560179370083,2.9121149405529967,0.6551565231291991,4.444914822253426,8.79266968943288e-06,3.1278175263056524e-05
13056,Znrd2,115.89903429267474,1.1188639590514862,0.1713694436020968,6.528958345977824,6.622866480945365e-11,3.9037386041590667e-10
13057,Neat1,17.10835768098172,1.328858537904514,0.4515024464434284,2.943192331231399,0.0032484653484813,0.0076065965787404
13061,Pola2,35.47705694034787,1.8650235002835287,0.33850587370639,5.509575003419869,3.5970110414080916e-08,1.6625512456775438e-07
13062,Capn1,69.65993477805507,1.589451504075333,0.2350905676114281,6.761017765300027,1.3702571894632551e-11,8.523830177364152e-11
13070,Naaladl1,41.79005560383239,2.472085721310112,0.3190465321871853,7.748354775596599,9.3090752048861e-15,7.123385778053004e-14
13075,Gpha2,116.07869577348411,0.5373344677890672,0.1712862985955943,3.1370545816843745,0.0017065435451314,0.0042520383076587
13076,Ppp2r5b,93.93458340496616,0.8995147254088918,0.1947422707504408,4.619000907931315,3.855921704090232e-06,1.436037023613285e-05
13079,Men1,45.92413598941519,0.8163082740361198,0.2608091743684723,3.1299062849792083,0.0017486207858605,0.0043465399391128
13082,Sf1,1495.3167417621291,0.5848340805484444,0.0602245807316851,9.710886708435869,2.7096944994809193e-22,3.117971338864591e-21
13086,Gm14964,59.913714007249695,1.0325642912994275,0.2385378168783152,4.328723658212095,1.4997597569243764e-05,5.1946684404066806e-05
13089,Trmt112,80.09530359229679,0.6713567540210237,0.2038643418583547,3.293154398170738,0.0009907005443884,0.0025869785585828
13099,Fermt3,220.7380463332311,1.8199896828257716,0.130553239631481,13.940593798845166,3.589414010636296e-44,8.870404190651109e-43
13102,Flrt1,2061.6140600258973,0.7767048361564138,0.046406249150339,16.737074216883535,7.03626928710222e-63,2.6616806374502648e-61
13103,Otub1,77.17687837772834,0.6560183654083709,0.2185880028203809,3.0011636363567358,0.0026894999275992,0.0064068607280392
13107,Mark2,612.8675724130736,0.5187161597039078,0.0817492870426487,6.345207138421808,2.2212637209266758e-10,1.2563767908665355e-09
13114,Slc3a2,47.20860812949913,1.0639760525451278,0.2663227315060044,3.995062856739811,6.4677091187348e-05,0.0002052284616488
13118,Nxf1,57.24304723787649,1.2416654229983597,0.2513895300836906,4.939208974156539,7.844011572920399e-07,3.1647380025336074e-06
13125,Bscl2,92.23577714706312,2.5099221730710397,0.22545609572992,11.13264276552426,8.701672260029683e-29,1.2919088342856028e-27
13126,Ubxn1,328.9751963686837,3.0671072047194508,0.1235825353088256,24.818290036330183,5.6906431331148915e-136,5.880076622646769e-134
13127,Uqcc3,49.90857320497394,1.1118113957570592,0.2542820132609151,4.372355643638253,1.2291308672532756e-05,4.307693792904947e-05
13130,Ganab,249.77226082714068,0.5668380296911116,0.1140332589439723,4.970813207834522,6.667266047816764e-07,2.7148698247074024e-06
13134,Mta2,117.20047650166542,1.1468781141536637,0.1711028834847539,6.702856730382665,2.04383834026904e-11,1.2511703811841803e-10
13154,Cpsf7,690.4677972483265,1.4148309674301622,0.0751973988445775,18.814892392148007,5.702412008466904e-79,2.8049308396918988e-77
13184,Trpm6,24.963445502295254,3.5188809416922835,0.4696548240736071,7.492483333122931,6.758251373851543e-14,4.878107742701283e-13
13187,Anxa1,56.76544896283777,1.129931005139511,0.2435085403090859,4.640210990979154,3.4805363015274028e-06,1.3038038174772725e-05
13190,Zfand5,47.00243401865402,1.0230018991709315,0.2714935490064523,3.768052327264023,0.0001645262194747,0.0004904251064924
13202,Fam122a,531.874855958454,2.80740201189786,0.0931335110608452,30.14384382076771,1.291628428469514e-199,2.6514548379622185e-197
13203,Gm10053,58.84769391785614,9.734174199845423,1.9519840854623969,4.986810226754252,6.138430631315769e-07,2.5048311158159977e-06
13204,Cbwd1,79.65836728151463,1.2851616459124957,0.2165569913130283,5.934519306535909,2.9470765303654664e-09,1.5185137303047766e-08
13208,Gm35554,258.2075567499067,0.5409794758684072,0.113284991875375,4.775385220167023,1.7936357220825125e-06,6.934910993767544e-06
13216,Rln1,833.4201857433667,0.5515857396786144,0.0657422463202094,8.390126144945167,4.8562082162279145e-17,4.279689851004291e-16
13220,Ermp1,180.5244531711124,1.6683194673030877,0.1389705827759011,12.004838966483709,3.3511554225736135e-33,5.751882818945746e-32
13224,Uhrf2,1088.3374488171132,1.9372336893601607,0.0660809235107216,29.31608074523723,6.4701526597002594e-189,1.2148106140090878e-186
13226,Dkk1,12.732863308188286,1.622834937845914,0.5193182682969227,3.1249332767898133,0.0017784539497827,0.0044127440791064
13229,Sgms1,55.40064239201333,1.835953919156167,0.2606600790888107,7.043479483218565,1.874976203772395e-12,1.2426661056082564e-11
13246,Hectd2,151.86287123539935,1.981555399490173,0.1542544612008744,12.84601679629698,9.0554241925241e-38,1.7989330434593687e-36
13248,Tnks2,701.1778111518046,0.6930711242999895,0.0700848661827147,9.889026861992129,4.645213406374397e-23,5.501361969580016e-22
13256,Myof,87.25305240307169,2.9264279331932386,0.238346565124161,12.278036948712831,1.188470490312171e-34,2.1400808969410744e-33
13257,Cep55,316.0027995729884,0.9298914121279817,0.1033709019600048,8.995678614546337,2.347772587868237e-19,2.3563433352555002e-18
13266,Tbc1d12,2227.2768803382646,1.3486466745508892,0.0481138991407786,28.030292672909823,6.946386067744059e-173,1.1025418546287374e-170
13273,Zfp518a,24.74755893327484,1.5989186995854223,0.3686019082439008,4.337792788982068,1.4392074213445595e-05,5.003033369165616e-05
13275,Lcor,92.60217220905082,0.713031463869483,0.1871900616165336,3.809130985437445,0.0001394560691617,0.0004200050158086
13284,Ubtd1,65.61346584598736,0.8894398063839613,0.2328464324450844,3.8198558468089514,0.0001335296902072,0.0004034981571011
13285,Hoga1,391.7378995618481,0.5250391902883282,0.0913411743541874,5.748110794507849,9.024609903357656e-09,4.427753157173182e-08
13286,Morn4,1764.089935301694,0.5553840141282104,0.0501765733976794,11.068591904960492,1.7817823781818235e-28,2.6175879288632977e-27
13293,Loxl4,81.90901410678727,1.2171664845695014,0.2071885426815115,5.874680466479843,4.236597267743699e-09,2.154116629266248e-08
13294,Hps1,285.2123366382703,5.001116326174495,0.2044141467646057,24.46560771517227,3.433322265341584e-132,3.4324304933246125e-130
13299,Cox15,27.07249373456224,1.4123398787882069,0.3476033834841819,4.063078628958388,4.84297068319381e-05,0.0001563808234866
13305,Sec31b,222.27065392586292,0.6912452128519685,0.1238598897456195,5.580864105980001,2.393265823827205e-08,1.1206423547336879e-07
13317,Fgf8,507.3741113707088,0.6657169694561589,0.0807502516633832,8.244147302862617,1.663421373261583e-16,1.4251550062735297e-15
13323,Gbf1,25.74030739689897,1.754578281825558,0.3820894632162491,4.592061416863853,4.388891578391513e-06,1.6192517311506288e-05
13329,2310034G01Rik,25.47882657240594,1.1889216697413774,0.3567742797283043,3.332419788351284,0.0008609428432724,0.0022712604549387
13332,Arl3,96.97585946932502,2.046751769506096,0.1935295133432562,10.575915446425206,3.853951580657006e-26,5.214010416150727e-25
13340,Calhm2,366.5569110166178,0.5046439155378885,0.0979199037412966,5.153639824556532,2.554784192624417e-07,1.0850608946109109e-06
13341,Neurl1a,266.8601809213416,1.1523068611789975,0.1144492863004913,10.068274765415032,7.630478174601985e-24,9.443636814804837e-23
13343,Gm16068,72.91701043989022,0.8031537050539782,0.2187360731157979,3.6717935620467688,0.0002408542055254,0.0007004517091556
13346,Cfap43,1238.1685026983455,0.9342288696652722,0.0546668793388544,17.08948600988221,1.7773348944896798e-65,7.163311004074111e-64
13361,Shoc2,376.29318525148,0.8471094535138908,0.0948770861030714,8.928493573186032,4.3184898759363793e-19,4.262017316020288e-18
13371,Tdrd1,27.1874622798268,1.632051480023381,0.3690837137243403,4.421900558967283,9.783648498756347e-06,3.461940985678068e-05
13382,Cacul1,343.11991186655945,0.6450617336862867,0.0988924515131188,6.522861187243543,6.897869706715102e-11,4.0580665649440477e-10
13385,Fam45a,310.95512781217604,1.0372173712549233,0.103608415822656,10.010937461202984,1.3645332332411826e-23,1.667329655474702e-22
13386,Prdx3,2042.9526578165403,1.1378717898868091,0.0487056095167912,23.362232834690797,1.0351161912719272e-120,8.708551300995952e-119
13388,Zfp950,180.2999540668588,0.7805737635295406,0.1340066873222473,5.824886646533441,5.715137697525246e-09,2.868935767561092e-08
13392,Nudt11,21.091976121446443,2.515696367274609,0.4448213798662866,5.6555203529804,1.5537481550009108e-08,7.423019617812099e-08
13399,Plp2,33.406858756686965,1.2261998350719117,0.3161225064086555,3.878875468255297,0.0001049404566698,0.0003218452730854
13403,Slc35a2,13.052471713847972,1.7453595565247184,0.5332470962674962,3.273078407255278,0.0010638296245895,0.0027657414556198
13407,Gata1,93.16977518318886,0.6729999619935575,0.1873840511090801,3.591554126459728,0.0003287118871865,0.0009325314566286
13409,Gm14820,57.692968609286766,1.024265239070853,0.2364665743972461,4.331543439835874,1.4806772669316152e-05,5.137819968825591e-05
13419,Fthl17c,276.48961118448614,0.577978871044462,0.1077254195259203,5.365297007781821,8.0816123578984e-08,3.599204624304419e-07
13420,Lancl3,13.017631952530245,1.899297814321242,0.5189257170794652,3.6600572139892513,0.0002521589390921,0.0007313939386328
13430,Gpr34,15.766395145706014,2.783898380961773,0.5245799518849023,5.306909596828409,1.114994415305152e-07,4.897704427400319e-07
13435,Chst7,550.7242536442276,1.4310808687857342,0.0849696843059536,16.842252392427234,1.195962310603038e-63,4.580357147772231e-62
13437,Rp2,100.14690865412572,0.5585389993302181,0.1953057651593474,2.859818289923564,0.0042388381125085,0.0096941698722788
13441,Uba1,22.01808483087135,1.6281860192413984,0.3955856446247337,4.115887523638407,3.856923700112583e-05,0.0001264775235078
13467,Gm9,58.77472672890371,1.810291599836846,0.247386195084757,7.317674291472172,2.52305332176562e-13,1.760876198635697e-12
13468,Rhox1,241.6903184887095,1.8251991462481776,0.1247076236553043,14.635826525674831,1.6594671700923488e-48,4.570511010866156e-47
13471,Zbtb33,10.632752576849462,2.2203234771332183,0.6370494948153672,3.485323346464192,0.0004915426653278,0.0013564780203239
13472,Tmem255a,36.03836392011864,0.9600101644984924,0.3232665938540709,2.9697165830004084,0.0029807461101453,0.0070385839128524
13474,Cul4b,11.236545022645068,1.991451132070266,0.5762777901673523,3.455713834628165,0.000548837664429,0.00149821004992
13475,Mcts1,128.72048347610706,1.5261812940958153,0.1649620643044851,9.251710691973436,2.209280022553369e-20,2.352287360112841e-19
13477,Dcaf12l1,269.7899824317777,0.6615759523613639,0.1094172704220063,6.046357671049211,1.481569946439129e-09,7.803712246109078e-09
13481,Bcorl1,52.2232707915131,1.1606161947834588,0.2472308436563882,4.694463593695177,2.673072091419581e-06,1.0169166770322678e-05
13491,Gpc3,71.34868009314225,0.8883096017900773,0.2131673279751462,4.167193960857115,3.083721013076497e-05,0.0001021449413023
13494,Kis2,23.440455521456403,2.84148886824432,0.4576155351794115,6.209336549578224,5.320876003404771e-10,2.904971877603541e-09
13498,Rtl8b,197.55459386924284,0.5537834900839151,0.1359905691408321,4.072219813349082,4.656720078370367e-05,0.0001507548411893
13499,1700013H16Rik,126.53624559843472,0.7506642140310577,0.1590734889028715,4.718977494039907,2.3703303925761663e-06,9.055485539479567e-06
13522,Gabra3,14.570734600366812,1.5914783398330794,0.4892370615108176,3.2529799253523843,0.0011420156485025,0.0029505744125433
13524,Nsdhl,65.0494467398071,0.7818457749087878,0.2200105284227918,3.5536743651027614,0.0003798892740463,0.0010671000297787
13526,Pnma5,557.5956602167489,4.775183137963606,0.1363403214764016,35.02399793585727,9.70397816916697e-269,3.474475532383598e-266
13533,Haus7,193.70107631443992,0.5010147394915484,0.1321152816340641,3.7922542592708544,0.0001492859498916,0.0004475090507265
13535,Abcd1,453.961147168526,1.04595358692537,0.1036157149000619,10.094545870133688,5.840075678449998e-24,7.268698879985138e-23
13547,Rpl10,25.156037595563628,1.2632656507622186,0.3845542168726608,3.285013127760161,0.0010197762009116,0.0026583939026814
13562,Prrg1,186.51362397493492,0.9380666743241288,0.1354100659846081,6.927599270432065,4.28042171549891e-12,2.7747946413398405e-11
13566,Fthl17a,190.87921105386505,0.944503141359767,0.1346366560094902,7.015200535678718,2.296193747752507e-12,1.5172617570986094e-11
13570,Pola1,962.2889607705108,0.7367136531601174,0.0602556702281532,12.22646184783292,2.2450624123325955e-34,3.9821406567134376e-33
13571,Pcyt1b,131.09549479512486,1.554096792182278,0.1605840628198319,9.677777264397058,3.747751616614756e-22,4.2868041522586006e-21
13572,AU015836,141.78503202796654,1.213752571164386,0.1544160619224396,7.860274093598056,3.832938038291536e-15,3.015427390778564e-14
13573,Gm14798,25.21465048497564,1.8362759761912744,0.3729020877149148,4.924284515122145,8.466957157705285e-07,3.404473032124068e-06
13579,Arhgef9,178.75629766818125,1.1023833217429695,0.1367398809975126,8.06190054943095,7.511730279491195e-16,6.161459743369549e-15
13583,Las1l,75.915417998092,1.1435983312445852,0.2127153568571689,5.376190737429795,7.607819810852185e-08,3.400987044363537e-07
13590,Awat2,26.08716042752748,3.402868959562574,0.4477449837086941,7.600015820113583,2.9609455060590794e-14,2.1885125785542766e-13
13593,Kif4,113.03109437900694,1.360635942091077,0.1720433486218636,7.908680881826106,2.601304758113348e-15,2.066547371306145e-14
13597,Slc7a3,4088.389873457218,1.432123924883663,0.0392149385763083,36.51985638322229,5.3682188021925715e-292,2.430855784663436e-289
13602,Nono,54.3232267427123,0.7495970734714693,0.2475493769990293,3.028070935013537,0.0024612030727054,0.0059170334958421
13603,Taf1,43.571016708045335,0.8379979264893079,0.2807635431805509,2.984710610915804,0.0028384672165636,0.0067315220681166
13605,Gm4779,95.86724458511098,1.027568639205411,0.1820647542556274,5.643973450032271,1.6616971006006072e-08,7.918133259315057e-08
13613,Nap1l2,230.3381454719673,0.9328881242802792,0.1221524851751988,7.6370785493416,2.2220594807010893e-14,1.6526969934721726e-13
13627,Atp7a,161.1870876994312,1.0414618775586204,0.1445197941935324,7.20636147712718,5.746672604970911e-13,3.918324686719759e-12
13629,Taf9b,571.6756585388006,0.8227655628191822,0.077707798413917,10.587940716537268,3.389666408328303e-26,4.5939528188928295e-25
13630,Gm5127,24.43927804666154,1.3221838292195969,0.3891844725264866,3.3973190673212508,0.000680495720295,0.0018297087163223
13634,Tent5d,167.69857231891112,0.6738745545365504,0.1462409945412874,4.60797300134812,4.0661344451390585e-06,1.5103065360038829e-05
13641,Zfp711,315.14306546685646,0.6529368233059967,0.1013591955185559,6.441811420913093,1.1805591185353219e-10,6.802353364135411e-10
13643,Klhl4,93.55128541649592,2.729166082504545,0.2168084693821962,12.587912687550473,2.4609506558406013e-36,4.683411161597268e-35
13645,Cldn34c1,41.75214414246109,1.306239265348711,0.2972891851529526,4.393833784019631,1.113689797132332e-05,3.921859130066191e-05
13646,Diaph2,42.69430243502821,1.90417692986645,0.2928965792544759,6.501192109219048,7.968599081163053e-11,4.664811842341687e-10
13648,Cstf2,183.0218600789869,0.6053325276751607,0.1329142444550306,4.554308909155068,5.2558075718544125e-06,1.922966097344832e-05
13651,Btk,337.3657577244212,0.7154611516019963,0.1082836957056315,6.607284198601537,3.9143416561439226e-11,2.3495206291614747e-10
13653,Hnrnph2,362.413326301652,0.7084465612592851,0.0947246556410142,7.479009097105012,7.488509062597815e-14,5.38501100082933e-13
13666,Tceal7,246.80067817429529,1.138412775508293,0.1170030026702427,9.729774018849378,2.250924533944636e-22,2.5997925074727395e-21
13673,Tmsb15b2,625.481078571413,1.4512347995372563,0.0763767810772128,19.00099453091817,1.673433180042046e-80,8.531184516532231e-79
13677,Fam199x,2109.6147450682097,1.3350136702700826,0.0479176789187041,27.86056629610608,8.021985010689073e-171,1.2350648122456898e-168
13678,Esx1,11.511067364478109,3.0379626044854007,0.6832018366802648,4.446654621490944,8.721789540946494e-06,3.104037720120486e-05
13685,Prps1,414.1987354053824,0.644740691456402,0.0903935988072583,7.132592351269799,9.849594622499156e-13,6.607597333681787e-12
13693,Capn6,112.76075862723523,1.1711813981624972,0.1702935005736931,6.877428640652543,6.094253228993098e-12,3.901335663766226e-11
13700,Alas2,1927.5739659485728,0.508507311783895,0.0485510304346917,10.473666722025838,1.1413451285434956e-25,1.5122331840839638e-24
13702,Tro,317.2891640155565,1.4344747142898735,0.1069716380707241,13.409860222402806,5.293850599037085e-41,1.1761056828683256e-39
13704,Gnl3l,298.8708455487777,0.7486938637289269,0.1043345702582907,7.175894450664432,7.183596151598784e-13,4.865756548614821e-12
13705,Fgd1,75.94734931913446,1.1012316987512305,0.2057674860245509,5.351825597071433,8.707129693001667e-08,3.865483528069598e-07
13711,Phf8,1463.41609020507,0.5541648014354357,0.0690677148360853,8.023499876181008,1.0277409043732554e-15,8.336722320195278e-15
13726,Sat1,136.62418087869864,3.032388908319546,0.1891051764478032,16.035462197707453,7.224409855516678e-58,2.4553424753981187e-56
13727,Acot9,291.3110375620469,0.6291777122678677,0.1061388831039139,5.927871990624576,3.068855740362156e-09,1.5786202131178e-08
13738,Ppef1,29.87468971607372,1.294287943528534,0.3361349574182994,3.850500862717088,0.0001178765149559,0.0003589451788492
13765,Frmpd4,1360.1121514933602,0.5084633005388978,0.0637699535896792,7.973399256498578,1.543684550878831e-15,1.2436717606138399e-14
13768,Amelx,251.35225708630017,1.0479313451330503,0.1168406554856195,8.96889306874889,2.99509154987207e-19,2.986556314885388e-18
13776,Uty,42.58784808742087,1.105608487676118,0.2740766335771766,4.033939242634459,5.484950568175257e-05,0.0001756735988092
13777,Ddx3y,35.74216203911234,1.1667600079634228,0.3117113280256813,3.743078621343192,0.0001817793209686,0.0005384137025073
13784,mt-Nd3,18.410060316848973,1.2281211280294069,0.4302429644075649,2.8544827681737983,0.0043106970163723,0.0098307645184519
13786,mt-Nd5,35.769104999016456,1.2433129484251364,0.3054492940033486,4.070439751651566,4.6924475924698834e-05,0.0001518388464347
13788,CAAA01118383.1,30.95088264873709,0.9844278626566112,0.3217984655085275,3.0591440549629487,0.0022197038680979,0.0053894591946438
13794,Gm29018,901.8964151353348,0.5993389004637032,0.0635312451845434,9.433765995342346,3.956234741576313e-21,4.3290824506971514e-20
13803,Gm10535,4230.995752113941,0.9932340025742822,0.0387705563017144,25.61825512238936,9.551767744341588e-145,1.1057068886607752e-142
13806,Cfh,239.88412859508367,0.5347056807292035,0.1184462856945057,4.5143305051228495,6.351709696634637e-06,2.29879930628554e-05
13811,Fcgr3,53.40886713310579,0.8720276395071501,0.2462983874656222,3.540533287611823,0.0003993192590808,0.0011178035114198
13812,Klhdc9,13.597502590566302,1.7448567232574368,0.5227291363935694,3.3379748741300546,0.0008439138021383,0.0022320729939394
13814,Gm34882,198.74919782262276,1.5495788745092225,0.1355691823082316,11.430170545589649,2.9552782124284224e-30,4.6192348587358365e-29
13816,1810059C17Rik,58.14125897769916,0.9677956495774293,0.2662583323604252,3.6347994858893498,0.0002781969214637,0.0007999850210788
13825,Fam78a,117.35689922221492,1.1886730257057183,0.1694584964655826,7.014537780624888,2.3071038174070752e-12,1.5238168328099238e-11
13842,Cdh22,176.66432988731,1.983179839818593,0.1479511560567492,13.404287554589365,5.706867087351217e-41,1.2660363930383192e-39
13855,Gm16048,12.119831116668848,1.941832824244779,0.5706913350970276,3.4025973496069173,0.0006674857111567,0.0017966101414281
13858,A730011C13Rik,134.97368160791208,2.5947635974590617,0.1873953231724041,13.846469343697937,1.3362019666876996e-43,3.244821053489562e-42
13874,Cfap206,882.8099479135038,1.1846257997998813,0.0666128488383323,17.78374323360553,9.445764927650408e-71,4.203092393818083e-69
13875,Cga,68.78540540865514,2.2229581147358277,0.2369727004840905,9.380650641169815,6.556685814811938e-21,7.118951678761961e-20
13879,Gm12690,312.0822653851006,0.5675911587522399,0.1040403568205311,5.455490312584478,4.8837894344340125e-08,2.2305197903454773e-07
13880,Gm12682,13569.892568301968,2.0738469480722768,0.0337464799713558,61.453726428136136,0.0,0.0
13887,Gm12898,118.91510550242008,0.5148599404604727,0.1653956778924614,3.1128983962641965,0.0018525978455426,0.0045826793749958
13896,6330411D24Rik,11088.30006210238,1.1157519396983056,0.0287451224545603,38.81534828950757,0.0,0.0
13905,5830416I19Rik,10.734254018301073,2.357462000140369,0.6226239890113557,3.786333391817597,0.0001528865213041,0.0004577675772069
13909,Tmprss11a,53.008603022076926,1.2052349908559672,0.2456488637640992,4.906332447006044,9.279518870917788e-07,3.710843442510397e-06
13913,Gm42161,96.8695628576318,1.709883811184764,0.191259899786067,8.940106175405026,3.8879663180549832e-19,3.849461699856882e-18
13924,Olfr718-ps1,30.614128548404366,1.0374257841536072,0.327738625772746,3.1654059136531507,0.0015486673802366,0.003891510198486
13935,1700065J11Rik,1745.711691101359,0.8159238155435553,0.0514086030547906,15.871347732867848,1.0006880226993215e-56,3.3132457628986555e-55
13972,Gm27252,10.315473210792112,1.844970265766631,0.611936119891117,3.01497199755901,0.0025700298236263,0.0061450814046514
13975,Rhcg,298.5813189340309,0.6162457203646456,0.1060545867791081,5.810646564944619,6.223202237554351e-09,3.109783240810996e-08
13985,Pcp2,50.61428616694733,1.2809787151696417,0.2554471729962745,5.01465214957898,5.312949630118826e-07,2.1841968626250858e-06
14008,Pdf,26.628166640351758,1.0953780581011665,0.3653693790623304,2.9980018054942144,0.0027175606341551,0.0064637051635179
14010,Calb2,40.75441841888169,1.132606867149344,0.290551493236992,3.898127848289937,9.693923606408508e-05,0.0002988983509639
14035,Gm26713,42.65299722303208,1.7008606660565802,0.2952362887931063,5.761014924721865,8.360964569138836e-09,4.111319402953098e-08
14057,Gm20492,12.828292244440936,2.3281890054717818,0.5574616784334077,4.176410855746201,2.96144722324834e-05,9.826388243347292e-05
14083,Icam2,10.359440168149648,2.429654676078996,0.6205198065904104,3.915515105680986,9.021139592299432e-05,0.0002791748043478
14085,Fam20a,16.263449102881257,3.4337695950845832,0.5724909258360479,5.997945888958874,1.9982908007901022e-09,1.0429045819987936e-08
14086,Slc16a5,10.486539792985935,7.246343256190578,2.002290210469118,3.6190274608059063,0.0002957122608985,0.0008468723900285
14106,Gm36423,20.352570844160716,1.7632909387456843,0.4194128592707622,4.204189022271606,2.6201990620185747e-05,8.7792349856013e-05
14109,4930447K03Rik,57.072876790925626,0.7549437009317543,0.2413752348887767,3.1276767116544697,0.001761938670742,0.0043752915765718
14118,Gm46419,23.473228032733346,1.621550458128395,0.3941298380555653,4.1142544957476295,3.8843270994396296e-05,0.0001273490204918
14123,1700084F23Rik,23.70901931522845,1.6371915113756352,0.3802882205437191,4.305133377612517,1.6688515757030813e-05,5.745446972165617e-05
14137,Gm15932,13.331689087631636,1.631642375676913,0.5201338404521614,3.1369663897632543,0.0017070569485345,0.0042520383076587
14146,Ugt3a2,32.968589417266365,8.899164832177375,1.961393453034156,4.53716454412087,5.701562079398291e-06,2.0766796729220746e-05
14171,Slc51a,80.81096034462993,0.7876723455517347,0.1981680790452471,3.974769041243458,7.044758618153323e-05,0.0002218018480267
14189,Olfr90,74.30636187759775,0.9117799751979976,0.2217525655684276,4.111699780612657,3.927568081110883e-05,0.0001286023780875
14201,4833408A19Rik,19.648812405195645,1.643545693767611,0.4170570273818834,3.940817648092711,8.1204340847392e-05,0.0002530301622518
14226,Gm15091,46.695978993855086,0.8699258135252437,0.2594875290556687,3.3524763856324507,0.0008009207362692,0.0021289667913676
14236,Fer1l5,15.022719477452164,2.806071333458771,0.5911586816178086,4.746731158171387,2.067304354021622e-06,7.941172114400422e-06
14241,Pantr2,61.39765558337933,1.307411553735494,0.2405526624883916,5.435032562978121,5.478642636154807e-08,2.4852440196299174e-07
14243,9330175M20Rik,128.0959048547349,1.260866063210963,0.1637713299198796,7.698942567223488,1.3719681288928588e-14,1.0349251010501937e-13
14249,Gm26813,28.352011073748454,3.817178487419648,0.4667604394120959,8.178024881944882,2.8853419740094787e-16,2.432727172321768e-15
14252,Gm10558,144.97481083279337,1.655140072882026,0.1538941221870861,10.755057109133144,5.609925957198042e-27,7.873329082681956e-26
14253,Myl1,56.6429960760633,3.5770867610798933,0.3148193371949233,11.362347665655324,6.439062450025246e-30,9.86425925179987e-29
14265,Ramp1,54.06491927162381,2.5792910742008206,0.2802233308046165,9.204412304981169,3.4354597074349674e-20,3.615334084461296e-19
14266,Espnl,191.2128492975427,0.8462407084567835,0.1355296224767677,6.24395385298033,4.26645915052597e-10,2.352664938449063e-09
14270,D630008O14Rik,37.394906275554405,1.3545810937112095,0.2958047272839018,4.579308472008073,4.665157513333984e-06,1.716653084973471e-05
14276,Klhdc8a,13.731292822103214,1.8380015679127328,0.519917292582123,3.5351806799586543,0.0004074964240465,0.0011392436797931
14281,2310030A07Rik,43.86736585614586,1.49082586426749,0.279680157355112,5.330467053386907,9.79605046449225e-08,4.331418522438906e-07
14282,2810414N06Rik,80.0560252380523,0.6381357860170587,0.2057364941421222,3.101714106084826,0.0019240367855725,0.0047433899680825
14330,Morn5,18.85954101510976,1.2774663756589013,0.4153502888644595,3.0756361796482934,0.0021005398163719,0.0051284349845959
14340,4631405J19Rik,41.78041092162994,0.8535097313010268,0.2795899093270159,3.052720083337267,0.0022677736823878,0.0054948236578062
14363,Gm14097,17.707252141219964,8.001853151728753,1.9805303653661064,4.040257746944258,5.339249076329151e-05,0.0001713361683064
14368,Banf2,203.9063341641357,0.8124605661115009,0.1275769088737852,6.368398272725724,1.9101239367777003e-10,1.083975972378528e-09
14370,Rem1,590.4829970260236,0.763964946547147,0.0793681044713749,9.625591434184754,6.234721273854384e-22,7.084115773598677e-21
14390,Hey1,3265.9063811640663,1.0315548116528268,0.0515995414740472,19.99154996700236,6.523757720332155e-89,3.7477527560535024e-87
14391,4930539M17Rik,32.12838053633103,1.0875707259395253,0.3253887320936466,3.34237365547902,0.0008306516060085,0.0022007764801424
14402,Qrfpr,28.30614411161015,1.7057726765261696,0.3499433056692394,4.874425796670153,1.0912539276637205e-06,4.333491222674913e-06
14414,Gm37696,28.27606169001436,1.0924322142086815,0.3366153008744564,3.2453433084318224,0.0011730910400155,0.0030242360458431
14439,Hsd3b2,11.280296977664968,2.323939093874809,0.5774758212556457,4.0243054485323855,5.714371103894181e-05,0.0001826036893224
14440,Gm42938,358.1776306869649,0.9212926640602364,0.0991677721629768,9.290242625861778,1.5393701637105926e-20,1.6469870076781294e-19
14446,Gm43585,474.6322643000968,0.7381712542220932,0.0831900110500309,8.873315977541495,7.099951666458728e-19,6.9052972745924575e-18
14450,Gm12500,11.47510793724054,1.8424337851776156,0.551466245314706,3.3409729078271893,0.0008348536905768,0.0022103882063838
14451,Gm12522,33.62927562640789,1.1091049457534297,0.307995416113276,3.6010436770445886,0.0003169423210249,0.0009014675733419
14455,Gm19391,222.35156906037489,1.1052043685538813,0.1291137634596245,8.559926834597245,1.1293917229441412e-17,1.0282740961826138e-16
14458,Enpep,54.25651629222085,1.8711133569799203,0.2621140706598851,7.138546024138651,9.43232896823709e-13,6.335957102747741e-12
14461,Gm30648,70.71633331635799,1.830322842492456,0.2446216310942253,7.482260805412737,7.305478157838367e-14,5.258304895655891e-13
14467,Gm15689,820.0107985522301,0.831875276883999,0.065504368143751,12.699538984307532,5.94790480541032e-37,1.1576983866510402e-35
14471,1700094M23Rik,54.29369271655025,1.4545370378311095,0.2488863144864531,5.844182476776077,5.090620248289534e-09,2.5738978437657036e-08
14473,Erich3,50.438462252985126,1.184414812787141,0.2552051977531929,4.641029348989123,3.466778767212871e-06,1.298966315405436e-05
14479,Bach2os,166.19454221584763,1.5534933012705678,0.1565447647216965,9.923636245724026,3.28563337342267e-23,3.942760048107204e-22
14481,Gm11934,787.45889766691,0.5908717713671764,0.0730547142854658,8.088071757536529,6.061669228845928e-16,5.001364386243939e-15
14485,Arid3c,41.721679913168536,1.5888256323514025,0.289888464316856,5.480817031114326,4.23366142121099e-08,1.942815238180757e-07
14490,1700055D18Rik,78.00638355749469,0.6667419952310124,0.2067748062254779,3.2244837144422838,0.0012620003431749,0.0032286070594087
14495,Baat,49.41330629044928,1.1278021207381148,0.2674025419285993,4.217619296376232,2.468952047791273e-05,8.301372729372011e-05
14504,Gm12649,27.428532498398663,2.391837542676069,0.412746585399834,5.7949299334822095,6.834971063224686e-09,3.3956506772961364e-08
14506,Gm12701,198.6978633959501,2.011157153267248,0.1498420483780733,13.421847705877624,4.503431616415712e-41,1.0019484561609289e-39
14509,4921539E11Rik,349.31510828953907,1.1921853459053546,0.0992397872187473,12.01317918263472,3.0296959684290975e-33,5.205937402894463e-32
14519,2610028E06Rik,4189.695876458472,0.9703449680934204,0.0354610451258444,27.363687805868484,7.422351047990935e-165,1.0780614786308344e-162
14525,Pax7,7120.8306598962845,1.2305876944741414,0.0304308091456269,40.43887523940464,0.0,0.0
14532,Car6,67.45299269450972,0.9831468751161608,0.2207382951512458,4.45390263815586,8.432334989850949e-06,3.008672757908348e-05
14538,Tmem88b,22.882916693236968,1.4108481936696329,0.3813182059731421,3.699923506324807,0.00021566446216,0.0006318496782904
14545,Tex47,33.841116006887006,0.9084978410353975,0.3164706157991985,2.870717835022768,0.004095409113313,0.0093926588274345
14548,Gm21847,160.1475210331791,0.5168733016768547,0.1411653079084177,3.661475396010052,0.0002507669471405,0.0007276362977192
14554,Gckr,12.216674042184968,7.467232874924909,1.997036832286044,3.739156311091686,0.0001846388963308,0.0005463579565462
14566,Ugt2b34,741.1266052481251,0.6263059608792136,0.0685142145595827,9.141255794949714,6.173126419619102e-20,6.408729221608612e-19
14569,A730035I17Rik,93.23135745517538,2.774382070973283,0.2167779590792077,12.798266404748102,1.6765216541234325e-37,3.309195818831329e-36
14577,Gm42902,157.79190310531075,0.7085577926497618,0.1514739249661089,4.677754226070895,2.9003387789511857e-06,1.0966015677979483e-05
14578,Gm17202,205.8126049216964,2.4112737972736293,0.1420440551916562,16.97553476645089,1.2461397006038931e-64,4.919376110383984e-63
14586,Tmem119,759.8096766042869,0.6689154919799635,0.0686942794813729,9.737571993332374,2.084758561411301e-22,2.411490819796273e-21
14588,Gm10390,27.778685411822853,1.062302549474995,0.3447304487416584,3.081545460671176,0.0020592902866545,0.005045326743051
14630,Tnip3,13.917187938829215,1.499338180895819,0.4869276959974609,3.079180324348684,0.0020757100188132,0.0050782824486968
14637,1700003E16Rik,15.98106388244704,1.7033554439307208,0.4735149420044032,3.5972580648043864,0.0003215893830462,0.0009135037161217
14640,Emx1,1965.9861220445512,1.4706554303563175,0.0608269390514078,24.17769911310832,3.818983652216847e-129,3.607182350277949e-127
14647,Gm44196,19.997860623026103,1.995477355305148,0.4278946761235577,4.663477875870883,3.1090962492266883e-06,1.171790596158974e-05
14648,Cntn6,205.0483791464478,1.5600054244980703,0.1409457696381803,11.06812519810091,1.7910846431293636e-28,2.6287453923374343e-27
14654,Timp4,106.5100437507808,1.8279649001603997,0.181818640781481,10.053781572140018,8.840826055258628e-24,1.0906519066246944e-22
14665,Gm44066,70.93006408384333,4.109639163721133,0.329286575696742,12.480433358163753,9.54656441908714e-36,1.775107557925913e-34
14666,Olr1,37.24068772277368,1.5957704751817092,0.3026553474531899,5.272566596327919,1.3452899653778877e-07,5.869108616309989e-07
14669,Mgp,186.31212696350937,0.5880577216759667,0.1345901136444563,4.369249016531968,1.2467453684429054e-05,4.365451829098697e-05
14670,Erp27,323.67669448664793,0.6131776870745728,0.1096540056893979,5.591931486857288,2.245574343241602e-08,1.0553336331698257e-07
14674,Gm30524,89.14134436858372,1.9068937589868409,0.2034654079228773,9.372078420866709,7.111804852242056e-21,7.716233087041487e-20
14683,Vmn2r30,18.22172370605492,1.8249969418139425,0.4374208633368634,4.172176260391331,3.0170409743887448e-05,9.997925708499594e-05
14687,Psg16,23.58957080933173,1.3153448463796098,0.376026722959227,3.4980089607148317,0.0004687453833218,0.0012979863168386
14691,Nlrp5,33.82910020288937,1.2032055873116023,0.3150025951058533,3.819668809100692,0.000133630979638,0.0004036457842862
14704,Gm12764,11.602608707593363,7.391335294550586,1.9954850735293477,3.70402935737213,0.0002122016842179,0.0006224151514991
14713,Klk9,73.12219431506439,0.7580213418764989,0.2072217376066453,3.6580203922206183,0.0002541708283762,0.0007363970782238
14726,1700112J16Rik,28.27808220539657,1.9704995702576311,0.3616182016010016,5.449116116206506,5.062075768914753e-08,2.30715567016612e-07
14729,Gm44946,52.17156619236832,0.8915367993093986,0.2481683460700409,3.5924678285029104,0.0003275611046743,0.0009296093580765
14733,Gm42397,73.85364696851725,0.996014092022082,0.2375286609305558,4.193237515506721,2.7500124192761246e-05,9.174255949550424e-05
14740,1700010L04Rik,202.7495912782302,4.0045324115537975,0.1844331368858083,21.712651420298734,1.558053571816165e-104,1.0756857754117345e-102
14743,Gm2115,44.62062833222561,0.9657160983223452,0.2767625142845616,3.48933128035329,0.0004842306321592,0.0013377381684415
14747,Wnt11,12.05286071872566,2.3329298971657155,0.5862462593348279,3.979436729903788,6.907874064306635e-05,0.0002178484823721
14750,Gm10605,58.85454561631556,0.8221065294987522,0.2368049814206788,3.4716606237193046,0.0005172497897851,0.0014197856593924
14752,P2ry6,42.8581302187464,0.8501201884337966,0.2725972468137112,3.1185941838024345,0.0018171605398463,0.0045015291506797
14755,Trim66,10.351118980018802,1.8465623404771263,0.5873763274160134,3.1437466140328225,0.0016679980158172,0.0041668825980078
14761,Aqp8,20.67073899066928,1.8465594728196963,0.4261044319115342,4.333584291850478,1.4670107373758192e-05,5.0926938698169366e-05
14767,Fam24b,490.2017224335552,1.642093330207503,0.0871662297593677,18.838641234577736,3.6419560189545566e-79,1.797165220122575e-77
14774,Muc6,27.643913184038865,2.2215687473966157,0.3750729419384058,5.923031226713867,3.1606079845880673e-09,1.620943388764753e-08
14795,Gm6213,41.50725932138146,0.8802049508790503,0.2892280169114825,3.043290758199385,0.0023400611405797,0.0056478415614305
14796,Cyp4v3,45.82017306458854,1.2337328948699342,0.2724290829799617,4.528638724525163,5.936490048624613e-06,2.155109662547148e-05
14797,Gm45607,533.6639802205506,1.392937359589333,0.0829370818509794,16.79510935882878,2.650155508006725e-63,1.0099454010215729e-61
14829,Hp,35.552163465425195,1.2277318451853367,0.3004614475473038,4.0861543309713495,4.3858210669553816e-05,0.0001425160429439
14847,Gm17571,14.749959670363909,1.751127677154527,0.4927238074831747,3.5539741546065318,0.0003794565020122,0.0010660788877702
14851,Npsr1,46.36722313423101,1.1138263876304817,0.2635096060326043,4.226891020787555,2.3694235059350508e-05,7.985911623768836e-05
14860,Gm28119,27.8926402813523,1.251931769086288,0.3613760667509414,3.464346104439487,0.0005315221691553,0.0014545530245851
14869,Isl2,638.7854871220372,1.9053722379687283,0.088027525221687,21.645186925001827,6.746970278584425e-104,4.596298867658664e-102
14871,Lman1l,484.70713344473353,1.1973101259674,0.0858834575501664,13.941102979791244,3.563896214703838e-44,8.821502591893936e-43
14872,Cyp11a1,103.14136372032031,1.4480064877039909,0.1800234865620145,8.043430973131281,8.735742378556525e-16,7.146412840608726e-15
14875,Hcn4,105.64971634985726,1.2334764252908614,0.1772885194149089,6.957452345823658,3.464810907083781e-12,2.2632256565745392e-11
14876,Nr2e3,204.72283888785503,1.6479191883572362,0.1376974421002665,11.967681920752584,5.2474249131670256e-33,8.976594884791058e-32
14879,Skor1,11.261329468351938,1.6333078221586177,0.5632594230651715,2.8997434490672283,0.0037346819926852,0.0086361015258908
14880,Gm10646,32.94720949899686,1.6381229019059376,0.32165194946908,5.092843070311963,3.5273365147604805e-07,1.4737278963704843e-06
14908,Prss44,53.286674683919294,1.4362413703472,0.2512427021949541,5.7165496064149774,1.0870874542841805e-08,5.2780821337619816e-08
14909,Ccrl2,45.56395004486465,0.795659826552978,0.2725690724500249,2.919112646937817,0.0035102934999231,0.0081675198314669
14913,Clec3b,122.00838464598309,1.0025079461748152,0.1791605363298754,5.595584645543643,2.1987953719850437e-08,1.0349328507209333e-07
14922,Gm28905,12.894904475167378,7.544443943802743,1.987047708889404,3.796810670449109,0.0001465696449093,0.0004398803612131
14923,Zc2hc1b,43.2088061725965,1.701940441647828,0.2851453124401556,5.968677608912192,2.391841867166418e-09,1.242821376540472e-08
14926,Tcf21,39.9802147472221,1.2597252672110064,0.2885486551648801,4.365729122844757,1.2669941342312471e-05,4.432320311434737e-05
14938,Gm16998,323.63675563835324,4.386725826073997,0.1652689102701762,26.54295849656612,3.096883562605843e-155,4.110312011196514e-153
14947,Mrln,124.84821174848976,1.1806235459249332,0.1630028462927382,7.242962762776797,4.389874706645568e-13,3.021301340344889e-12
14955,Gm49322,66.15368407020773,1.027024359360443,0.2225155680136258,4.615516876093599,3.92118173999535e-06,1.45787283431462e-05
14975,Tespa1,26.62060854477507,1.3156116500503816,0.3598422727859878,3.656078647638008,0.0002561028117171,0.0007414364214362
14988,Gabra1,31.18747871305761,1.882921542036205,0.3486686081813026,5.40031851980524,6.652267736467657e-08,2.991189079166357e-07
14993,Gm12207,479.405601086629,0.8720561320336775,0.0883779876289077,9.867345426503404,5.767061102812755e-23,6.772667638360426e-22
14995,Ccdc69,13.672786879580345,1.4755958763647252,0.5046870230645387,2.9237840660230887,0.0034580454051859,0.0080496019138559
15013,Slfn2,173.70546881432392,2.143452170578322,0.1582392786187851,13.545639169286924,8.407884670563457e-42,1.926306434345163e-40
15024,Hoxb1,11.299417933428009,2.32489933534472,0.5839890388650287,3.981066733483759,6.860668298467499e-05,0.0002166051588172
15030,Gm11638,13.188262598951743,1.6869436502392474,0.5132691207958708,3.286664990918384,0.001013813642123,0.0026437457374876
15031,Gm11672,28.200442180129176,1.848426950633451,0.3546209751299164,5.212401635171959,1.8641141601654506e-07,8.021213418084761e-07
15060,Foxa1,21.72068456497607,1.6094085968345846,0.4231512151067549,3.803388810849933,0.0001427300716428,0.0004290261973863
15093,Vmn1r218,27.608976052906343,1.0423204003093622,0.344576772050041,3.024929376719541,0.0024869119058215,0.0059723125412616
15108,Gm46411,15.046660580384293,2.006456914495843,0.5096786677464329,3.9367096201367073,8.260646416976679e-05,0.0002570349883503
15141,Gm17160,12.9110006499187,2.441679526355069,0.5873346543955653,4.157220262897373,3.221433650022001e-05,0.0001064545878423
15143,Gm15327,640.4983826529409,1.1225430586497804,0.0769557276007327,14.586868237720264,3.404721513701365e-48,9.327240645008224e-47
15166,Cbln3,21.339379002212155,1.3479156545386346,0.3935253100106359,3.4252324316883302,0.0006142736580135,0.0016629782378718
15174,BC037032,32.249539450375615,0.9457035540336336,0.319942159729652,2.9558578801641637,0.0031180072826317,0.0073267460505798
15192,Nfam1,35.71907363524288,2.744863528147542,0.354954406890875,7.733003098032831,1.0503874007008584e-14,8.001862652741424e-14
15195,Gm20621,42.19075218168279,0.814484384454319,0.2750561015043378,2.9611573057268616,0.0030648535760846,0.0072128532035156
15201,Gm49492,33.704251523889155,1.8672989344334057,0.3260250041872381,5.727471544976976,1.0193852921712084e-08,4.9665999867936476e-08
15205,Gm36026,77.56034397593247,1.999899567322912,0.2355434176519075,8.490577182158484,2.0561334847145986e-17,1.8469213028393203e-16
15219,Gm49750,57.81945149370471,3.900508048879282,0.3385514313302197,11.521168389551908,1.0320199941854807e-30,1.644821928621083e-29
15230,Tm4sf19,10.710688024831462,3.483796537421016,0.7235813387807442,4.814657801003153,1.474523464251502e-06,5.769190153904988e-06
15277,Acer1,26.34651911999484,1.0350568518041632,0.3458702129301443,2.9926163430940336,0.0027659721884283,0.0065737739754619
15279,Gm17168,83.30904964332116,1.0877843917770915,0.1995568927096023,5.450998845527471,5.0087695581665324e-08,2.2855665713554213e-07
15292,Gm26658,49.65971915112305,0.7935409550130169,0.2593694634309061,3.059500314787094,0.0022170655466919,0.0053839023906734
15295,Pcdhb3,11.496874906187722,1.6666145569093231,0.53935754602778,3.089999517358163,0.0020015682057615,0.0049187779881731
15347,Gm28730,91.08104872455591,0.6861519421016292,0.1856480532906381,3.695982424482716,0.0002190381259329,0.0006411237617611
15356,Satl1,11.722988105559285,2.1765249522232604,0.5748598036681188,3.786183932734708,0.0001529784588292,0.0004579537919766
