,gene_name,baseMean,log2FoldChange,lfcSE,stat,pvalue,padj
2,Gm19938,564.5987298237088,-0.5077505129415866,0.0818162471782682,-6.205986346883601,5.435489738872374e-10,4.879468723428492e-09
6,Atp6v1h,436.63015845414407,-0.9153269852037342,0.0528288494043414,-17.326271450623604,2.9803505755711434e-67,3.827361658994913e-65
8,4732440D04Rik,946.9696115009416,0.6112792047799366,0.0396121114810278,15.431623862633726,1.0031409782011943e-53,1.0045143259689698e-51
11,Gm30414,45.29160203340741,1.0966640387672764,0.1563484430994686,7.014230631446583,2.3121772383447065e-12,2.6371361139439318e-11
24,Cspp1,523.5530450176914,1.3206829053496605,0.1022129659161311,12.92089407163198,3.431309603194792e-38,1.9974021264548786e-36
26,Cpa6,19.855141739812037,1.871038163666482,0.2885330272137594,6.484658556194765,8.893295559631634e-11,8.713565008717703e-10
33,Gm29570,19.97360119344092,0.8841803291627719,0.2223023305135962,3.977377687044512,6.967944392770445e-05,0.0002985019824791
39,Trpa1,319.2674774095333,-0.505938721902529,0.0661522139723438,-7.648099610302474,2.039711903357249e-14,2.8288601277971144e-13
40,Kcnb2,67.02697543508813,-0.8435989764675764,0.1075641727200349,-7.842750565871706,4.4078301267752696e-15,6.476238098055927e-14
41,Sbspon,100.76535195086149,0.5161291850450941,0.0881666942554552,5.85401538986655,4.7984419142766e-09,3.866100973365672e-08
58,Mcm3,58.499912720764165,-0.5312607699834333,0.1197112952326016,-4.437849986930489,9.086190641458782e-06,4.549315034561341e-05
65,Kcnq5,39.65426349090284,0.6170656447898546,0.1567091525081828,3.93764904546742,8.228382252504143e-05,0.0003477168415822
68,Ogfrl1,18.687172107364344,1.0910196123265004,0.2291656767941247,4.760833417940846,1.9279513652932475e-06,1.0876568014194605e-05
70,Smap1,72.00816833212232,1.179719169173488,0.1097201797867204,10.752071054446734,5.7945703051645004e-27,1.874654927765046e-25
71,Sdhaf4,58.9728142148452,-0.7716559410903863,0.1210925010684997,-6.372450269681648,1.8603175216576798e-10,1.760186820407601e-09
81,Rab23,42.81906920940492,0.7390830466957885,0.1685334076763835,4.385380067285946,1.1578343801437851e-05,5.710421511919935e-05
89,Cfc1,246.1970530598332,-1.0170487371565375,0.0637231490310164,-15.960428080249178,2.410722363637803e-57,2.633479371654464e-55
99,Cnnm3,34.23420315143737,0.7268971058016883,0.1544818479591847,4.705388467347567,2.5338300240888083e-06,1.4008091519962545e-05
109,Gm38115,114.3122888007798,-0.534968421811649,0.0803195761275308,-6.660498568396701,2.7290022620328843e-11,2.7841118892770897e-10
110,Vwa3b,25.812646931562742,-0.8612647798314834,0.1685536397503657,-5.109737061193392,3.226074709187963e-07,2.054988823652749e-06
114,Coa5,12.566374706310311,-1.2637058186782029,0.2737518804089548,-4.6162452538786845,3.907451437910803e-06,2.0941400299449965e-05
116,Mgat4a,413.9790139763743,-0.6039732667139865,0.0779294820366221,-7.750253831151549,9.170904210360408e-15,1.314157764317659e-13
121,Txndc9,589.3559327920564,-0.6210600377808707,0.0421146210665278,-14.746898394260551,3.221324731836869e-49,2.723233465512143e-47
122,Eif5b,121.59178362997451,2.809904365626549,0.1271747515541252,22.094828818522696,3.544109064588652e-108,9.316022936496075e-106
134,Rnf149,93.64854729691588,-0.5176495917158253,0.0942141325689175,-5.494394286729384,3.920536857832861e-08,2.8392247765528285e-07
145,Gm8251,780.3048189738033,0.8005974574637101,0.0557948666668648,14.348944720019633,1.0817065499233715e-46,8.347499674018754e-45
152,Wdr75,297.9445669642436,0.6355004660437316,0.05373734973951,11.826047788443194,2.863077852492174e-32,1.2742211299596784e-30
157,Gm17767,64.4574232910678,-0.6737084183498113,0.1156390611850092,-5.825958905632716,5.678558908682973e-09,4.5232195322336016e-08
162,Gls,33.18722971262746,1.1753530572206827,0.1635205929536226,7.187798405024338,6.584438317815426e-13,7.917798843503137e-12
165,Mfsd6,36.48778337471994,0.5104145518424361,0.1571606905816659,3.2477240329839825,0.0011633204132424,0.0038715211299659
179,Ankrd44,125.09479669504358,-0.5864776752048588,0.0861439094057218,-6.808115387968495,9.888554101034577e-12,1.0568941908621643e-10
191,9130024F11Rik,497.9837897530821,0.7067482215555915,0.0542829334218704,13.019713140094304,9.452534078918567e-39,5.5796484494612995e-37
207,Fam126b,167.64487429782918,-0.7947141784507298,0.0782764213012541,-10.152663666012495,3.2244044009802398e-24,8.93643414129993e-23
211,Trak2,38.1504106863909,-0.5248667407070863,0.1402525652834324,-3.7422969030648248,0.0001823458922117,0.0007214498929158
212,Stradb,464.3669243141109,-0.5719764733736848,0.0441471772753889,-12.956127858542574,2.169241762167245e-38,1.2671234085048458e-36
217,Fzd7,122.30184303655084,-0.6232179927190981,0.0838662985066165,-7.431089768078051,1.0770658170025145e-13,1.395953639401641e-12
218,Gm973,61.00492253607755,-0.7082875806102562,0.1320513103720298,-5.363730042623495,8.152071308597625e-08,5.615982621807445e-07
221,Fam117b,45.28448721891944,1.345748321545116,0.1530949717382569,8.79028426776754,1.491820130525175e-18,2.7947539037667056e-17
222,Ica1l,69.19032087213606,-3.174495113316024,0.2704599605188224,-11.737393983295718,8.197355660335655e-32,3.5269594443433944e-30
233,Ino80d,87.08778729600408,-1.1133001811020438,0.1099290808262557,-10.12744009805402,4.174346716586309e-24,1.1418704847663657e-22
241,Adam23,401.57743088415367,-0.6268336285416881,0.0625144843126867,-10.027014306098632,1.159703932038208e-23,3.077239629129144e-22
248,Mettl21a,51.70568849175899,-0.6405558176436963,0.1675638905591182,-3.82275569937129,0.0001319685137414,0.0005375560064582
251,Fzd5,187.14783879899844,0.6569299426124423,0.066143860760782,9.931835472808515,3.026327253123894e-23,7.8446692418032785e-22
255,Pikfyve,171.53790864662486,0.5342716880198422,0.0715499530030145,7.467114450757674,8.197246781210142e-14,1.068181894657616e-12
260,Kansl1l,56.842694587582365,-0.5148593301108503,0.117056916259721,-4.3983674486051,1.0906820713262067e-05,5.398218442459777e-05
266,Spag16,236.719726631464,0.6102986788676803,0.0613569610446608,9.94669013061864,2.6071031377246385e-23,6.789364719186006e-22
280,Catip,242.28757895654115,0.6222837633327338,0.156668553280922,3.971976189867013,7.127884575842452e-05,0.0003045781107934
294,Nhej1,239.32937571047484,-0.573423297064999,0.0635859404103934,-9.018083138568633,1.9140904118108192e-19,3.779429929330213e-18
298,Abcb6,138.12376165139798,-1.1153106186945785,0.1791063133061781,-6.227087131138591,4.751868823282401e-10,4.2886635844463425e-09
301,Glb1l,36.72927679820221,1.038329031505164,0.1644682720055874,6.313248256599239,2.7323864275503377e-10,2.532613601690322e-09
313,Obsl1,277.6003569769033,-0.618803257725832,0.0606145473931346,-10.208824190542732,1.810453954602114e-24,5.101719745104081e-23
319,Farsb,11.313020746447863,0.9943010883058462,0.2817986279004185,3.528409970318275,0.0004180641288666,0.0015382967716367
320,5730419F03Rik,92.99886739471008,-0.5519861523863748,0.105634667871399,-5.22542611728916,1.7375449162146904e-07,1.1454043152617452e-06
352,Psmd1,65.76342103982478,-0.5436195476168884,0.1075653786764085,-5.053852404055321,4.329862648848022e-07,2.7108775341112864e-06
354,Armc9,100.22047097273251,0.5586021456815473,0.111882438859676,4.992759823390613,5.952255895603955e-07,3.638619219903537e-06
365,Efhd1,438.3643498938468,0.9567314770654516,0.0481050844320564,19.8883649901236,5.132118785897745e-88,1.092881447280478e-85
370,Atg16l1,43.20213690779456,-0.7144825052599025,0.1447698126054477,-4.935300339215998,8.002751248393625e-07,4.784302922946907e-06
376,Hjurp,39.32313611433582,-0.6516511957028975,0.1745394581021589,-3.7335465732996735,0.0001888022621958,0.0007438455402623
391,Scly,29.034215658185264,-0.8112480700237262,0.1662807520292161,-4.878785187844153,1.0674123959575162e-06,6.267741269526455e-06
395,Hes6,26.808719403203494,1.691732855886932,0.3672977095747977,4.60589002268859,4.107054193862789e-06,2.1920359360201048e-05
399,Hdac4,34.74438283212758,0.5777639748805911,0.1490292604589218,3.876849238206112,0.0001058178806675,0.0004386826531468
402,Gm29481,177.00086773458696,0.6582013495475076,0.0764565994472469,8.608823231821205,7.38143686797585e-18,1.3182368623137762e-16
420,Stk25,70.85656769848876,0.6818477300385408,0.1073862095344913,6.349490618900544,2.1602903885083943e-10,2.029177286760286e-09
441,Gm28404,142.19429774349385,2.1270693798261147,0.1072690455757102,19.8292934220696,1.6636023806174583e-87,3.455158376435494e-85
449,Vps4b,62.962970424868935,-0.6487296493888697,0.1327348896459437,-4.887408661876974,1.0217187055364398e-06,6.031008344996325e-06
454,Tsn,25.02770087446003,1.0091654240338566,0.1927590369644597,5.235372825710491,1.6465216343958926e-07,1.0866784407784267e-06
455,Nifk,155.85226199579853,-0.6522385219148041,0.0740936267156333,-8.8028964274897,1.3332959675899206e-18,2.5061495042195797e-17
463,Epb41l5,137.0728254834509,-0.8819466254012691,0.0769294594490976,-11.46435490015151,1.992386546202578e-30,8.01864087721674e-29
465,Tmem177,750.7459106652112,0.6007324527315698,0.0391273040829828,15.353279936115984,3.3672246666701153e-53,3.332165915728903e-51
472,Ccdc93,1623.895801710093,-1.3626343213101442,0.0579216396361698,-23.52547907603141,2.2380933054243952e-122,7.240662245606654e-120
492,Dars,172.03036295849935,1.360372893410774,0.0750680686740119,18.12185816739582,2.14235922258261e-73,3.2764462910461137e-71
503,Il24,38.96265693473195,-0.7118138129564684,0.1388784734444742,-5.125443816467802,2.968376760993532e-07,1.8980236507105352e-06
506,Dyrk3,43.39822052448928,0.5661868670639347,0.1406645730686536,4.025085028250846,5.695473251433033e-05,0.0002488053661616
520,Cdk18,2879.364505071765,0.5715770091841689,0.0293098506688313,19.50119144728343,1.0725451855273478e-84,2.098072983270532e-82
525,Dstyk,107.93661485465044,0.5538159758588005,0.0902352273771449,6.137469721709514,8.384619357242345e-10,7.369616063055798e-09
527,Rbbp5,136.4058594887169,-0.5461734894220724,0.0822830148052703,-6.637742804084631,3.1852301000324606e-11,3.2260762175103003e-10
530,Mdm4,77.4952967144389,-0.6338746654232892,0.118280625625432,-5.359074337589544,8.364943316510086e-08,5.750855799495267e-07
532,Gm28609,16.859006082178414,0.7529976267123598,0.2258574198921576,3.3339512470827883,0.0008562166372697,0.0029426215503143
538,Zc3h11a,622.2402366314157,-1.5797541718547248,0.0687078500650301,-22.99233887189789,5.5611076370089494e-117,1.7324909958778063e-114
550,Kdm5b,65.12565132487798,-0.5786183175288744,0.116802504883529,-4.953817712264391,7.277138345038419e-07,4.389505140859853e-06
553,Lgr6,68.55306880496187,0.7776666185618111,0.1095809419382499,7.096732377059096,1.277410786894578e-12,1.4954684528829148e-11
567,Lad1,748.465687426833,-0.6842794933536677,0.046999361921144,-14.559335816127843,5.09504151256489e-48,4.081613493613292e-46
588,Gm28501,32.335638299734384,0.6794367032250356,0.1586997179990132,4.281272278185523,1.858278216318424e-05,8.883721066531641e-05
591,Dennd1b,267.11030285042807,-0.7608173673416605,0.0591090046333874,-12.871429185121416,6.518472071109313e-38,3.755488207269588e-36
593,Zbtb41,36.908611634684846,-0.5793686695750521,0.159848211133863,-3.624492670048504,0.0002895292309811,0.0011022290682951
602,Uchl5,198.99419174036416,-0.5359792414846323,0.0778544343495076,-6.884376541463136,5.804116491259266e-12,6.332208283557369e-11
609,Ptgs2,14.15982239226042,-0.7475274630288821,0.2390624511735267,-3.126912902295473,0.0017665225272854,0.0056316483753122
613,Hmcn1,157.96272303138605,0.708362392075007,0.0821638415817277,8.621339733371695,6.617525598214078e-18,1.1858920798252323e-16
614,Gm20631,109.27869748755504,-0.5586066902963998,0.0851424523451749,-6.560848024810933,5.3502628120541794e-11,5.338521428658804e-10
621,Edem3,536.8720880450583,-0.529994993898858,0.0617401147212365,-8.584289101046277,9.139985733609656e-18,1.6185471578580552e-16
624,Rgl1,49.36912406985088,0.5728654694323815,0.1380852246105237,4.148636981604492,3.344606935525012e-05,0.0001528976154248
652,Soat1,244.76763055612685,0.7324896000014806,0.0692219017551198,10.581760706210344,3.620890055721303e-26,1.1218090866924395e-24
659,Astn1,201.0859413469552,-0.5344824286993659,0.069454778630634,-7.695401802974354,1.4105022127826924e-14,1.9856802280873002e-13
664,Cacybp,109.0002985108748,1.1967180356622915,0.1377546697156942,8.68731374502327,3.711101629188893e-18,6.778703877073264e-17
670,Zbtb37,12.06432713723291,-1.5071093865434413,0.2708779762918878,-5.563794470021578,2.63970828807918e-08,1.9494210943966658e-07
678,Suco,337.3598868567428,-0.5171268722741904,0.053000711837395,-9.75697975266301,1.722073407604782e-22,4.279237952161779e-21
680,Pigc,230.85950909621792,-0.5814969007213483,0.0704401655744225,-8.25518929405377,1.5166167449004028e-16,2.4940413977966254e-15
681,Dnm3,112.20167687837656,0.5279708933281796,0.0947042335579339,5.574944999741762,2.4760808246566087e-08,1.8366449608993885e-07
687,BC055324,34.79681758412574,-0.6558514129734634,0.1488474629534618,-4.406198130353889,1.0520074436934092e-05,5.217547531030137e-05
695,Sft2d2,1654.8265778357047,0.6254722468697856,0.0506364932557991,12.35220305857483,4.7395503546904246e-35,2.4235092892692105e-33
705,Cd247,484.0888736520648,0.840804017695757,0.0483789774618707,17.3795326360179,1.1791048641234607e-67,1.5496938382147645e-65
709,Gpa33,28.240875776392983,-0.8779032684559734,0.198776541627741,-4.416533567125178,1.0029633187259804e-05,4.996402697935199e-05
710,Mael,18.22898741886382,-1.6290599730379351,0.2792996996939236,-5.8326592360220015,5.45509031297564e-09,4.3658888836912086e-08
712,Tada1,220.3258921315441,-0.5266215595021011,0.0643379619837391,-8.185238438780509,2.717650314564597e-16,4.379217551908067e-15
714,Fam78b,37.67269946507425,-0.6127666433591005,0.1431203584040862,-4.2814778427888935,1.8565621184784555e-05,8.880564264760607e-05
721,Pbx1,454.93262827416936,-0.5102224817609559,0.0463115659879737,-11.017171863578346,3.158264391836872e-28,1.1162076021821785e-26
745,Ufc1,98.62209673950494,-0.5502849768342034,0.0927783409138345,-5.931179318514291,3.0076651522841926e-09,2.4827257535268393e-08
748,Nit1,131.41560575937888,-0.542778902407665,0.0809928234615534,-6.701567857617874,2.061950633720653e-11,2.125502175924176e-10
760,Copa,150.34186024004998,-0.9358797029736154,0.0887093638320285,-10.549953945625257,5.082199981179794e-26,1.565894693834939e-24
769,Igsf9,322.46356284014803,-0.6002292767085798,0.0601438093555223,-9.979901225752132,1.8665249657612612e-23,4.898681669111029e-22
775,Spta1,38.14583675037804,0.6318988919659647,0.1425130365549582,4.433972549046638,9.25124107962375e-06,4.6291977597415326e-05
786,Gm36992,72.45089608055423,0.5302665515031934,0.1066115848467044,4.973817360145779,6.564716198706667e-07,3.994149027516899e-06
817,Lefty2,52.882113729140826,-0.5837339399870198,0.1247955637774304,-4.677521558603587,2.9036305512183274e-06,1.5890623540385793e-05
822,Cnih4,54.03082423551272,0.8421432856846841,0.1198064533579184,7.029198027996074,2.077239904641441e-12,2.3788568356557492e-11
832,Susd4,538.2982275579443,0.803904866139084,0.0464759958707696,17.29720581726549,4.9376302912259816e-67,6.245545442804112e-65
837,Mia3,81.0956739846271,1.6722071442390485,0.1257257161159115,13.30043841386733,2.3011505918069747e-40,1.4553479851867946e-38
842,Mark1,513.2355824117836,1.3339858512174665,0.0530210772348213,25.159538824710573,1.1112982803327488e-139,5.665263930314495e-137
844,Rab3gap2,56.4556799831515,-0.5342204238667075,0.1162974125152988,-4.593571020304784,4.3572463397655e-06,2.315286013072489e-05
859,Cenpf,224.6357684064577,-0.6707176702157794,0.0586691417264463,-11.432205252688052,2.8868279565766825e-30,1.150831912641932e-28
862,Gm37422,31.02157184076197,0.8672559911582437,0.1616427879953072,5.365262514424223,8.083156992576944e-08,5.573071724841062e-07
864,Prox1,3087.485919931204,0.6256429781661987,0.0311831236066761,20.06351211179661,1.538258590437992e-89,3.450416568925112e-87
873,Atf3,318.63769052254065,-0.5222430191838462,0.0616097856510154,-8.476624511275816,2.3182161924738278e-17,3.9876637020436816e-16
878,Ints7,154.53138044420635,-0.5257587460969597,0.0901671654270905,-5.83093350674409,5.5118146789131095e-09,4.402908753245737e-08
885,Traf5,67.87233438904565,0.6062132115955119,0.1210075607178151,5.00971350880444,5.451112140276807e-07,3.3591230599222245e-06
886,Gm26879,23.60317628063525,-0.6101826112491996,0.1837089039198082,-3.321464546517319,0.0008954635807855,0.0030581371943879
896,Mir205hg,223.32557702929012,-0.751837858115147,0.0648230041418036,-11.598318653520954,4.202535975717634e-31,1.7586881273506905e-29
905,Acbd7,39.01708911445104,-1.386686591165199,0.2797833650491375,-4.956286771808824,7.185314111275102e-07,4.335672141104055e-06
907,Dclre1c,829.0426740050082,0.5512286502439917,0.0368702360368508,14.950505054891783,1.5457242419315344e-50,1.3614512524614766e-48
908,Suv39h2,212.1582287439747,-0.5491064460903669,0.0634419184086618,-8.655262322827177,4.917792760208244e-18,8.90549274542339e-17
914,Prpf18,218.3779380777488,-0.7540505984979502,0.0629493105852932,-11.978695103836731,4.5949925411907066e-33,2.129519546017941e-31
920,Optn,92.29741156453552,0.6394788804909053,0.09433578814331,6.7787516601805695,1.2121868194032994e-11,1.284169953578193e-10
921,4930551O13Rik,24.241084514283067,0.6591287770885899,0.1919679092514056,3.433536259570236,0.0005957625136969,0.0021202692549023
942,Fbh1,109.81191794608432,-0.5862531319576415,0.0925958324981156,-6.331312286323165,2.4308478044717435e-10,2.268117172192354e-09
947,Gm13270,94.87414651143102,-0.5276809834581245,0.0907715218784964,-5.813287830124295,6.125759909398965e-09,4.861021648859376e-08
956,Cacnb2,17.144335815156253,1.8531645269597432,0.2741793890362001,6.758949071533122,1.3899623805770156e-11,1.4578140354393474e-10
960,Arl5b,64.94323571472653,0.6952549216607308,0.1176394027509022,5.910051440272196,3.4200091500315352e-09,2.8011107074479315e-08
964,Skida1,43.34844513638363,-0.6375015941776693,0.1348440061842822,-4.727696930825675,2.270807853012743e-06,1.265798559020324e-05
979,Apbb1ip,185.5333989894116,-0.519193202789406,0.0649699243644821,-7.991285319599965,1.3353909755523277e-15,2.0441567226311933e-14
994,Pnpla7,594.1255355961773,-0.7043069891970261,0.0562876203829119,-12.51264459939476,6.366861825649006e-36,3.433003733746578e-34
1002,Tprn,142.3971425492879,1.1050698155710967,0.0918342832888587,12.033303642117753,2.374649000774225e-33,1.1136367478164272e-31
1007,Dpp7,31.461688754166687,1.0057209131905622,0.1728325269265086,5.819048827644648,5.9183445176161274e-09,4.700864486301044e-08
1008,Uap1l1,77.81815582443204,-0.8222978833315134,0.116267838788237,-7.072444898792648,1.5222743858180268e-12,1.7661532408701148e-11
1010,Npdc1,14.00577319181302,0.8500660735947212,0.2553914930176087,3.328482337256672,0.000873205417625,0.0029936691951713
1016,Phpt1,166.31167530070218,0.8505545077560719,0.0884435378787641,9.616920898415296,6.783125680555342e-22,1.614038519433982e-20
1020,Camsap1,807.3662099930137,-1.0557104459396802,0.0428339295506672,-24.64659341354392,4.003021602579419e-134,1.6425081078095992e-131
1033,Notch1,100.21476120715572,0.5303547249537058,0.101592194040487,5.220427907505826,1.785101877094814e-07,1.1749127104212074e-06
1034,Egfl7,246.80311550216945,2.1224711485025045,0.0932090493765402,22.7710845963923,8.872322819287472e-115,2.5734325308426403e-112
1037,Abo,70.15832870265592,0.8635589471675065,0.1644762252134567,5.250357284445107,1.518044791492245e-07,1.0084450649503762e-06
1040,Rpl7a,2517.2992202534338,0.7637706435787622,0.0254613139988518,29.997298788790072,1.0642699567455609e-197,1.3772471909485048e-194
1046,Brd3,59.92346944153247,-0.9058803544365268,0.1186927487396932,-7.632145721245582,2.3087824932506837e-14,3.1784490903401185e-13
1057,Spaca9,60.62263499616535,0.593554746500154,0.1229321150586585,4.828313140280164,1.3769445358050792e-06,7.924850470697517e-06
1067,2600006K01Rik,16.944101683335187,0.7651633465692464,0.2224246252169271,3.440101768511445,0.000581495489053,0.0020752012329953
1072,Zdhhc12,176.88405307372335,0.858558491202124,0.0932565539427266,9.20641450819002,3.3720032043651777e-20,7.171581530598657e-19
1073,Zer1,12.994810276175675,-1.1508380442820498,0.2696053502518296,-4.268602396825914,1.967015275309544e-05,9.358342187933386e-05
1081,Sh3glb2,137.3849102691417,-0.6895700876266927,0.0865764421330622,-7.964869780244249,1.6539786015842145e-15,2.5112709399324225e-14
1082,Miga2,44.42657047963832,-0.6794954300007056,0.1373848316995473,-4.945927593278441,7.578212571422181e-07,4.556407079665309e-06
1100,Exosc2,31.73017898910936,0.6781882740264346,0.164538886853974,4.121750711905066,3.7600396362699856e-05,0.0001703154194964
1102,Abl1,32.56898663196533,-0.8161983432527847,0.1795778715242867,-4.545094205231179,5.491068970804056e-06,2.8661574091168676e-05
1109,Uck1,1830.68739651879,0.6957499053901163,0.0316654467946697,21.97189605128934,5.3488446434266434e-107,1.3843632836364064e-104
1112,Ciz1,57.65053452678223,-0.5780823488137753,0.1205165007697979,-4.796707049418795,1.6129522524576583e-06,9.179531712819754e-06
1132,Ralgps1,139.02863337535467,-0.9705325570914932,0.0945776479207684,-10.2617540024314,1.0478586426553155e-24,2.977723977261888e-23
1137,Mvb12b,355.9835832045298,0.6885357819648069,0.0494570186822785,13.92190229637767,4.663252339305494e-44,3.310122114098578e-42
1139,C79798,224.7008124882467,0.6658674277679585,0.1431271054231717,4.652280403486432,3.282842578313048e-06,1.7803759089284464e-05
1145,Psmd5,67.03827379909006,0.5387310884854989,0.1155933746738269,4.660570642613829,3.1533390767549645e-06,1.7129035611317004e-05
1148,Cntrl,54.87750334544712,0.582893037563407,0.122975993257436,4.739892902049489,2.138312125774807e-06,1.1970989980668743e-05
1157,Rbm18,283.28561421654564,0.6123354375217838,0.0657107121481956,9.31865471402592,1.1782469660301016e-20,2.6288658765947483e-19
1171,Rpl35,377.77909871137,-0.7406135947789851,0.0504094562435486,-14.691957620030236,7.258609678281104e-49,6.015349291513447e-47
1175,Ppp6c,10.592324662615187,-1.285826169618908,0.2872055184692853,-4.477024593649715,7.569053302776516e-06,3.848116763753681e-05
1194,Gm13522,54.494790168698586,-0.7242976198040438,0.1301173154874047,-5.566496796301912,2.5991155762521397e-08,1.9202864004958165e-07
1199,Fmnl2,19.21562075419392,0.8928638862258349,0.2212312905810379,4.035884272431956,5.439702617848766e-05,0.0002389350316973
1203,Kcnj3,25.1217311722732,0.5366658936187515,0.1758184489439059,3.052386691171257,0.002270294257432,0.0070833012412425
1204,Nr4a2,3476.543354416632,0.6108998112154954,0.0246558607042266,24.77706288755805,1.5844428818558812e-135,7.0144954214372335e-133
1207,Acvr1,141.3427831102473,0.6725313593497452,0.079922621903768,8.41478098853559,3.9362964241966185e-17,6.682171013547902e-16
1228,Ifih1,886.6665315259254,-0.6530816490811373,0.0384286402266905,-16.994659327746422,8.995143398055432e-65,1.0886712042121331e-62
1229,Gca,16.947450292913388,-1.644661744463382,0.264779704694723,-6.211434318047863,5.250313633806632e-10,4.720792424453714e-09
1233,Cobll1,72.39090423862923,0.5532520608105297,0.1091632497624682,5.068116440417159,4.017716120273489e-07,2.522957756303132e-06
1240,Gm13630,63.872550747798,-0.9555452697934094,0.1177024751574151,-8.118310753579859,4.727171187765894e-16,7.467155013313205e-15
1251,Bbs5,44.87607960562772,-0.7136863322512556,0.1520247573497456,-4.694540183408158,2.6720708379215005e-06,1.4711534959906257e-05
1272,Hat1,427.6727771600716,0.6061032356839539,0.0516358897477957,11.738022500325515,8.136673829007937e-32,3.509827277574372e-30
1292,Gm13708,61.194518561384974,-0.6718235174716036,0.1136250952915133,-5.912633258946822,3.3668125870835804e-09,2.7602284674711048e-08
1296,Atf2,77.36188371132381,-0.7124271903455098,0.1274434754609598,-5.590142514308234,2.2688332353602597e-08,1.688128328990077e-07
1315,Sestd1,39.11149084370395,0.5185901520294405,0.1438724370078173,3.60451357337655,0.0003127381053952,0.0011820249712569
1349,P2rx3,681.198672342334,-0.7161812633493773,0.0578520816374704,-12.37952452320248,3.373353413350044e-35,1.7407952292266193e-33
1354,4933423P22Rik,67.96230037801337,0.9040333819452422,0.1115517667419684,8.10416014330254,5.311111139667694e-16,8.358168634483594e-15
1357,Agbl2,28.07281107373869,1.5702457805889372,0.1976364093686927,7.945124006273702,1.9399661678462923e-15,2.932259734202891e-14
1359,C1qtnf4,76.67678530016163,0.6630494009004689,0.1228062866687854,5.399148682744112,6.695786578288571e-08,4.668181417594224e-07
1361,Kbtbd4,144.84385602248616,0.5316204731026816,0.0863813704319719,6.154341734151457,7.538996672449192e-10,6.657666195307757e-09
1362,Ptpmt1,75.7644981288579,0.6632289541957275,0.1044330207950234,6.350759071668378,2.1425504714236358e-10,2.0147639229044064e-09
1365,Gm13778,127.21629850357522,-0.6821758219026571,0.1030171794164014,-6.621961752080813,3.544627853098658e-11,3.5750164492013617e-10
1368,Madd,20.27505293629202,0.6746786066614935,0.215992908816779,3.1236146147455486,0.0017864427320154,0.0056876090235986
1385,Slc35c1,415.8114987867165,0.560976752353736,0.0610591490815761,9.187431544521866,4.0233293452044204e-20,8.4817631045581425e-19
1395,Hsd17b12,39.98617530752018,-0.5892225021470182,0.1508635404396315,-3.905665347836624,9.396647976128142e-05,0.0003933311990604
1396,Mir670hg,121.52061980605563,0.5474170693312759,0.0857875274113252,6.381079929097113,1.7584349267905406e-10,1.6703642446864632e-09
1407,Gm13919,68.89385778041806,1.049061293580386,0.1359158497666669,7.718461793686005,1.1774194242536335e-14,1.6659148001866173e-13
1409,Fjx1,149.1675215960055,-0.6297586075269034,0.078001200266629,-8.073704063196708,6.819705067131607e-16,1.0642662184077459e-14
1412,Pdhx,41.42315503392472,-0.5172251854786362,0.1453149569840212,-3.559338943585208,0.0003717894511763,0.0013837641453848
1424,Platr14,42.16806751462744,0.6183095716763137,0.1390101065380964,4.447946894471754,8.669495565903405e-06,4.360147201948968e-05
1427,Depdc7,450.95410269431176,-0.6081248594688811,0.0524236221757161,-11.600206819561947,4.110835793958776e-31,1.7246032559044514e-29
1434,Pax6,431.87057950173954,0.6281962799079172,0.0532197015916115,11.803829430094613,3.7294481133009886e-32,1.6510659371069088e-30
1439,Mpped2,107.9307589566872,0.7760891632026605,0.1015255777297343,7.644272315973859,2.101302748532644e-14,2.9094828097584093e-13
1454,Slc12a6,101.12182847554656,0.7214962805693382,0.0958062727638069,7.530783316746465,5.0436826666998406e-14,6.760946095768241e-13
1456,Katnbl1,536.3438435996493,0.6147290051096699,0.0682031646670378,9.013203538438802,2.001233889851929e-19,3.942243293791452e-18
1463,Arhgap11a,398.3691626599624,1.0814651682112308,0.0530764820908237,20.37559999475176,2.753209103113476e-92,6.259086046172703e-90
1471,Gm29340,157.86118967324342,1.174151576213458,0.0767956016247406,15.289307608408528,9.010298880914038e-53,8.761864628532766e-51
1477,Eif2ak4,12.058137325388502,-0.9566588354454856,0.290704297976033,-3.2908314122151614,0.0009989175914166,0.0033683685388659
1485,Bahd1,104.06641676375732,0.5176060697878428,0.0892107009722816,5.80206257933862,6.550410396299412e-09,5.178456489518093e-08
1499,Chp1,369.4584813135105,-0.5758170804659652,0.0593531965583216,-9.701534438842826,2.9699795981759827e-22,7.272775368284507e-21
1503,Ndufaf1,10.390012872432427,1.322380817903575,0.3744078571580614,3.5319259268250707,0.0004125448977101,0.0015199830955273
1516,Ganc,16.77755515125284,1.0325504233533864,0.2360529548423305,4.374232146524365,1.2186064616528243e-05,5.992580094821826e-05
1518,Lrrc57,67.99129898904526,0.5162960032769551,0.1118276754917492,4.616889343417032,3.895348415382686e-06,2.088318878010928e-05
1520,Stard9,188.53277476742525,-0.6458705014819861,0.0753200872138832,-8.575010005603616,9.907818256680995e-18,1.7508322114721048e-16
1524,Lcmt2,61.99955961729529,-0.5147589236457676,0.1237323359009411,-4.160261906458133,3.1788285185364854e-05,0.0001458342846123
1531,Pdia3,59.091981706773865,-0.5198155684466289,0.1126724062675045,-4.61351262182591,3.959202087348671e-06,2.118500531662426e-05
1547,Duox1,189.3110577090881,0.5853723391318937,0.0769697140424027,7.605229490776216,2.8439877501817494e-14,3.899299586088637e-13
1550,Spata5l1,689.9955500630568,1.336016199956164,0.1126584802547158,11.858993632219171,1.9328424904612942e-32,8.670989124541427e-31
1567,Fam227b,38.70585285448207,1.272511468266329,0.1674771346785632,7.5981206073810865,3.004622463587252e-14,4.106154647029109e-13
1568,Dtwd1,15.176761427663928,0.7477057993056596,0.2251972604535207,3.320226000084852,0.0008994460274204,0.0030698682327642
1569,Slc27a2,250.4698130458492,-0.5568459778010975,0.0606044325666139,-9.188205453273314,3.994493855783955e-20,8.431539540257651e-19
1575,Trpm7,928.1876615551377,1.4677414175118408,0.1120522927046775,13.098718304499018,3.3486475532167515e-39,2.0191504583428465e-37
1580,Itpripl1,22.83533176031302,-0.5898685275462879,0.1881332833308398,-3.1353757139771,0.0017163413838234,0.0054841426590809
1581,1810024B03Rik,170.8193183939298,0.5888141027202802,0.0705868593968473,8.341695717185832,7.323269619023868e-17,1.2210046065494402e-15
1586,Gpat2,177.26625385022973,-0.8064246698140743,0.0875765286518093,-9.2082283030456,3.3155190856811875e-20,7.060376908660079e-19
1588,Kcnip3,1885.5507033622168,0.5130503887781392,0.026715012913267,19.20457199267721,3.3890577816167614e-82,6.334902117793197e-80
1592,Mall,34.54998364398725,-1.0333839713432311,0.1915605200284733,-5.394556097413132,6.869316382588898e-08,4.785197080923107e-07
1594,Mtln,497.1720144535486,-0.553673276978097,0.0453689809564567,-12.203784729251234,2.9670539094580754e-34,1.4510101139189885e-32
1600,Mertk,46.82130678196904,1.7755362858596817,0.1685532215767881,10.53398012360622,6.023261456259245e-26,1.8323567355994446e-24
1604,Gm14022,34.195843038513814,1.8393509779964137,0.3254466535868878,5.651774131717545,1.58800175250275e-08,1.2044613833342546e-07
1614,Pdyn,37.09874202865659,-1.279711654864876,0.1595792174097603,-8.019287696961756,1.0636012774756878e-15,1.64306375491033e-14
1616,Snrpb,183.88368270454689,-0.6568642896399235,0.0724193487998097,-9.070287161179904,1.1870375690644274e-19,2.4011373355606968e-18
1625,4930473A02Rik,279.91756595785523,-1.0444959424214038,0.070515155887645,-14.812360963728793,1.2188289903015649e-49,1.0461408216246541e-47
1633,A730017L22Rik,37.31294404104452,-0.525945904105889,0.1397887437171083,-3.762433870714585,0.0001682678087144,0.0006690544424492
1635,Gfra4,253.6112393217212,-0.8815739127420487,0.0599591292299515,-14.70291386923066,6.174456310308672e-49,5.142221708332811e-47
1646,Gm14280,60.179102331350094,-0.8615904240703735,0.1172017097099903,-7.351346889071288,1.962194470063787e-13,2.496974097570581e-12
1647,Prnp,106.68482162845046,-0.702512012440162,0.0892612235916884,-7.870293327522528,3.5381070375616688e-15,5.2534487813680455e-14
1666,9630028H03Rik,12.73268756324861,3.1617301698048315,0.4215622223440989,7.500032029018194,6.380224155169194e-14,8.398631530705112e-13
1670,Pak7,46.54648445333434,0.9603401644510964,0.1444824328590681,6.646760754560636,2.9961343476375925e-11,3.038213871627921e-10
1672,Mkks,86.31471427954966,-0.510462864335118,0.0977085689357327,-5.224340811611641,1.7477661127757065e-07,1.1507894056839809e-06
1676,Gm14066,49.77322519984647,0.5535747553793153,0.1271121954693258,4.355009000791758,1.3306145057500384e-05,6.516718436749024e-05
1681,Gm17374,656.3540219565298,0.5447317791428896,0.0444375286023901,12.258372512498145,1.5151232083786712e-34,7.541099921465793e-33
1687,Pcsk2os1,573.9016549846846,0.8951666828914142,0.0473251159028968,18.9152560075742,8.540475487714187e-80,1.4966293659355807e-77
1690,Rrbp1,24.019548711128685,-0.6018442368928401,0.1809979171662597,-3.325144544840273,0.000883727060893,0.0030241945373074
1700,Smim26,98.32993470620576,0.8404606711081649,0.0932570060660155,9.012305954935036,2.0176851967865328e-19,3.9700021129286374e-18
1704,Naa20,471.0475540034772,-0.5794820446424336,0.0456280643457343,-12.700123333121578,5.903659624985826e-37,3.2886511877859787e-35
1719,Gm14139,92.89743427355008,0.7143270304134145,0.1031143012417235,6.927526267562714,4.2826304291375535e-12,4.7492875220422586e-11
1728,Platr15,92.510205788264,0.6470283242763898,0.0993075714801773,6.515397714720498,7.249731117496435e-11,7.153209770653521e-10
1735,Nsfl1c,88.6913177117944,-0.6807168319795103,0.1009858349602462,-6.740715985043634,1.5760802407847505e-11,1.6458347542347518e-10
1736,Gm14167,33.199298327761475,-0.7653021329138467,0.156320417920039,-4.895727270287327,9.794282378689111e-07,5.8017328329819335e-06
1738,Sdcbp2,34.97312276798376,-0.6722299878964639,0.1523492852458754,-4.412426266467588,1.0221861111041204e-05,5.084635407186464e-05
1753,Id1,32.06277795668795,-1.1500757757507387,0.1618277361056728,-7.106790241443802,1.1877273474026465e-12,1.3953308076365027e-11
1757,Ttll9,153.21158016087622,-0.566523403055496,0.0851335148245356,-6.654528527608998,2.842096274812154e-11,2.8907246451732076e-10
1769,Cdk5rap1,55.009385495979934,-0.5436020648533281,0.1299940136048361,-4.181746911098562,2.8927787512598463e-05,0.000133548893887
1774,Zfp341,76.44347253880103,0.5899028656873859,0.10567392488615,5.582293515859561,2.3736734062194e-08,1.763794510283965e-07
1795,6430550D23Rik,216.96364237881167,-0.5586489123612822,0.0667585688961737,-8.368197844835784,5.850610310615429e-17,9.803637835568805e-16
1799,Cpne1,64.52945322567585,-0.6781204867467954,0.1124482147919967,-6.030513583529646,1.6343943198477495e-09,1.3879563676324429e-08
1813,Tgif2,81.38585556238114,0.665712190549609,0.1019342501540388,6.530799898401295,6.541935330135721e-11,6.47001634678855e-10
1817,Dsn1,25.04610453656872,0.9110707511215744,0.1821021059906424,5.003076412352919,5.642256280087016e-07,3.4642218029161994e-06
1819,Samhd1,39.02316529690275,-0.9384491901155808,0.1399614052306736,-6.705056930293754,2.0132786091095596e-11,2.0778764442362039e-10
1821,Mroh8,146.4527922739396,-0.9300161858112598,0.0818442621701071,-11.363242347744436,6.3734396172231e-30,2.4934970855940517e-28
1824,Src,26.536926408997957,0.6524301281680787,0.1747579154853188,3.733336635174551,0.0001889597713674,0.0007442353454882
1879,Dbndd2,47.59200016231839,0.6197343507718022,0.1268127745303719,4.887002536352316,1.0238277544319709e-06,6.0413378859379325e-06
1883,Dnttip1,24.115881204194277,4.511815866621123,0.402622795282784,11.206061652451217,3.807610915318909e-29,1.4362205925652464e-27
1885,Ube2c,313.10929628898936,-0.5857870296178721,0.054898086604035,-10.670445289705526,1.3995406349821348e-26,4.46764176514316e-25
1887,Snx21,47.531131908833856,0.9536427303796884,0.2731182191623202,3.4916847850890447,0.000479984328241,0.0017436355763334
1890,Zswim1,2155.4152657472027,0.7240852529060849,0.0409950628438381,17.662742844530595,8.119634513191422e-70,1.138305095128494e-67
1892,Ctsa,154.66745169241622,0.8275851451426671,0.0756893057593516,10.93397722227644,7.929505796440629e-28,2.7335671314246046e-26
1902,Trp53rka,212.10109870931785,-0.5451907430218113,0.0649066480799221,-8.399613277679904,4.479514115780392e-17,7.573755373846584e-16
1907,Platr29,23.69726338824754,1.1925892112630254,0.2138262426278161,5.577375333386159,2.4417465455480425e-08,1.8119762741841517e-07
1916,Kcnb1,66.07678600097465,-0.7136291594543606,0.1159911346974109,-6.152445713338555,7.62970918658316e-10,6.730707794750315e-09
1920,Spata2,64.15242031986618,-0.685610500019921,0.1165579013493344,-5.882145200650832,4.049828093764003e-09,3.289727572254555e-08
1924,Ube2v1,442.56175082216,-0.5171165047884204,0.0476509922925463,-10.852166553293555,1.9475339455381014e-27,6.539593526105287e-26
1929,Pard6b,25.68310279008503,1.1009780995213676,0.201632014983327,5.460333765014488,4.752402929604904e-08,3.406462483372105e-07
1931,Dpm1,42.11789567488773,-0.5860469181938466,0.1389857572403446,-4.216596936478968,2.480167000937864e-05,0.0001158995818243
1945,Aurka,110.92316376442368,0.5367674138548562,0.0938793278134272,5.717631627290837,1.0801899555035404e-08,8.354958906407384e-08
1949,Rtf2,63.54555836927408,0.9113828596151596,0.1278140319208144,7.130538376097823,9.997709530251502e-13,1.1836134231345605e-11
1956,Zbp1,72.72613683737316,1.197619278491237,0.1419937106323891,8.434312147752665,3.3315641734347586e-17,5.68427019165243e-16
1962,Gnas,15.465935856642698,0.8231048459668548,0.2456220573514117,3.351103133173573,0.000804903195074,0.0027861906277224
1965,Ctsz,142.0818350425164,-0.5029707424926237,0.0928531181391385,-5.416842778924583,6.066063630979193e-08,4.250286899790211e-07
1978,Gm14408,14.338179667634282,0.7305061766623214,0.2323973827364976,3.143349413235868,0.0016702633076323,0.0053562408738656
1988,Gm14406,275.7331009255823,-1.4677222845403108,0.0645145472806715,-22.75025318173532,1.42675154289709e-114,4.0681764756199573e-112
1990,Gm14325,19.343505963915163,-0.5998650530550358,0.1995105619057776,-3.006683191731637,0.0026411486095716,0.0080976932857342
1991,Gm14327,14.80253899829728,1.1827444653842898,0.2626326540334265,4.5034174053381655,6.686936334821249e-06,3.4338928559431584e-05
2009,Cables2,11.650887792123669,-1.1044808213415085,0.2619707261343284,-4.216046722621876,2.48622270830324e-05,0.000116085830202
2010,B230312C02Rik,96.47785517132652,0.5630622907247557,0.0922253678948046,6.1052864691958,1.0261646122108583e-09,8.930764237570239e-09
2013,Ogfr,11.4442540726179,2.3401761426173406,0.3351192218818391,6.983115231278711,2.8870541697724204e-12,3.268432859897808e-11
2017,Slc17a9,268.452529772709,0.629078390176533,0.0611185851066288,10.29275119963966,7.597401212736027e-25,2.169967412595216e-23
2019,Nkain4,96.910253378372,-0.5912586723357446,0.094377531575492,-6.264824502882874,3.732455252771045e-10,3.407004596710108e-09
2020,Arfgap1,28.66564147769204,3.772721043759173,0.4182848108532188,9.019502850374996,1.8894479136368184e-19,3.735156551247027e-18
2021,Col20a1,1784.3505313620103,0.8246443038113089,0.0421164925109318,19.58008026421627,2.286599208347098e-85,4.525583350826262e-83
2022,Kcnq2,535.9852949069581,0.6473131189164522,0.0485830626153399,13.323843415175414,1.6821953804534211e-40,1.0760293872763461e-38
2027,Zbtb46,71.17482006300214,1.2639983964561607,0.1389187743211303,9.098830612586964,9.130962561021148e-20,1.8710131932284867e-18
2030,Zfp512b,310.5322484878447,0.7492069855884338,0.0629720925844872,11.897444643168743,1.220266666000703e-32,5.533300841544427e-31
2036,Pcmtd2,504.8481912565079,-0.5934982221585472,0.0574343777395565,-10.333501389182624,4.971214239809865e-25,1.4295852505354082e-23
2038,Zfhx4,92.99372449084876,-0.7339694304233035,0.0966913518715254,-7.590848780339058,3.17816686992982e-14,4.3362774738709947e-13
2040,Gm8797,41.09754539291233,1.2504140719127823,0.1589667174029459,7.865885968716683,3.664942741871921e-15,5.413110776691071e-14
2058,Snx16,14.734515277952688,-1.0622490214001434,0.2298570834816236,-4.621345600102278,3.812590304314755e-06,2.047213746871597e-05
2060,Lrrcc1,80.91296503963301,-0.7604552191898057,0.1028279602364582,-7.39541285698072,1.4096958411194946e-13,1.8130973344918389e-12
2081,Nlgn1,31.70797661213155,0.5903578176651142,0.1708185445603985,3.4560522640232056,0.0005481490264922,0.0019691460757375
2082,Ect2,158.33705393802197,-0.6937827606460895,0.0784823199981406,-8.839987919094725,9.572895323005548e-19,1.81356777048336e-17
2103,Kcnmb2,135.92304994473508,0.6585533707960473,0.0954770587522227,6.897503750142655,5.292424668096038e-12,5.79651433537628e-11
2117,Gm43140,52.07508382204184,-0.5156607752573602,0.12163143295385,-4.2395354780783885,2.2398279387846725e-05,0.0001056071340083
2122,Gm38509,384.0572096325741,0.5494926336995727,0.0547400660019489,10.038216499044935,1.0352904641094493e-23,2.754750104796816e-22
2125,Dcun1d1,25.133004630671422,-0.5816516253014343,0.1935050904833444,-3.005872475233404,0.0026482003473781,0.0081122104923279
2131,Exosc9,126.8590912624776,0.5656885119250435,0.0836918574614029,6.759182184311398,1.3877280810357135e-11,1.4571552892021263e-10
2132,Ccna2,12.382208286904374,0.9727767335153304,0.2607061949771252,3.7313142236634738,0.0001904834540029,0.0007497667633811
2137,Adad1,41.926152720697935,-0.6541037150494607,0.1416305584574877,-4.618379833938159,3.867478389678254e-06,2.0740385383983828e-05
2138,Cetn4,32.72249384096445,-0.6217712377278611,0.1539430013741879,-4.038970477238697,5.368632113791091e-05,0.000236306902277
2139,Bbs12,116.14748952132692,0.5603345508062315,0.0921570201837965,6.080215589530877,1.2002106293922804e-09,1.0354432522187864e-08
2146,Slc25a31,54.699046329936166,-0.5302731792175434,0.1169091939710712,-4.535769696169127,5.739378342113175e-06,2.9818888773739942e-05
2149,Mfsd8,84.24204274803067,1.366338667052649,0.1080842688891498,12.641420264904156,1.2477943670835152e-36,6.860014587400647e-35
2158,Gm31266,587.3051172599129,-1.0359059308061866,0.0623578696480924,-16.61227262336207,5.679995612301004e-62,6.682137495506279e-60
2160,D3Ertd751e,37.152860238819706,0.6245929912606002,0.1811831426110952,3.4473018971818594,0.0005662154838753,0.0020253972114042
2163,Pcdh18,192.3177134104174,-0.7040582553968137,0.0743261139743071,-9.472555710906546,2.7307902832136347e-21,6.284553342613266e-20
2183,Supt20,41.79174683380246,0.622003050807207,0.1457802862992541,4.266715799490027,1.983716038711969e-05,9.42447187778917e-05
2185,Alg5,39.01754910871511,0.5055182971335563,0.1435517432051311,3.5215058058277005,0.0004291032710946,0.0015751264083843
2190,Nbea,97.14503285360516,-0.5051347735546486,0.0920807535699243,-5.485780187181667,4.116485166949345e-08,2.97217295981068e-07
2197,Serp1,91.7790239534428,-0.9317932428997078,0.1172183053043237,-7.949212714520769,1.8770052015088903e-15,2.8422014855971244e-14
2208,Aadac,150.16024850110924,-0.7224389746259885,0.0783654822409015,-9.218841688553066,3.0032683088927436e-20,6.41167293915008e-19
2222,A730090N16Rik,175.85736741893157,0.6145066101247633,0.0679198661063545,9.047523874127172,1.4624691850534497e-19,2.9219856413484776e-18
2223,Ssr3,28.146259776766943,-0.6920523105141761,0.2075026747070926,-3.33514886731492,0.0008525374608174,0.0029323732781297
2229,Ptx3,19.701657635454666,0.8344862712699643,0.1989213315462089,4.195056733149382,2.7280329700233467e-05,0.0001264986181221
2247,Bche,59.47033969399639,0.8671718115016972,0.1307830691124412,6.63061218387636,3.3429748939326326e-11,3.3777097081458673e-10
2248,Wdr49,14.711941985405636,0.8790762802809118,0.2485774193461016,3.536428540425661,0.0004055762074117,0.0014966020042308
2249,Serpini1,20.598645797284117,1.2582118035074532,0.204737785909879,6.14547919386649,7.972246338920458e-10,7.0218377046941825e-09
2263,Glrb,52.542886992752,0.8458290171946581,0.1388143436546476,6.0932393218598,1.1064845074152255e-09,9.570379880846449e-09
2273,Tmem131l,38.41427106630843,0.7540867378283468,0.1612391946654428,4.676820294178537,2.9135737168488586e-06,1.5939853866194585e-05
2277,Fhdc1,71.87583478609089,0.6402390028067441,0.1130915103309115,5.66124725837839,1.5027671329722648e-08,1.1434215955672733e-07
2279,Gm37240,77.4237566263537,0.5017177896389162,0.1042707167294476,4.811684482237989,1.496634965897669e-06,8.56682205896444e-06
2281,Gm15535,41.6095647427418,-0.6124635590619331,0.1343495305447297,-4.558732409251123,5.1463292760232604e-06,2.697933855111852e-05
2288,Mab21l2,146.74816066674242,0.5471356908727779,0.0759104888030006,7.207642836982367,5.692871166929828e-13,6.9098969438138875e-12
2297,Hdgf,948.2602184130432,-0.5251893823300906,0.037114398346268,-14.150556272802945,1.852857974273554e-45,1.3671328816317545e-43
2305,Mef2d,103.13950496347223,-0.870049722973516,0.0987441114845955,-8.811155519985075,1.2386238637422313e-18,2.3360279439165426e-17
2318,Mex3a,136.61814710540142,0.788836026235989,0.0886412681338985,8.899196083751868,5.625263740790225e-19,1.0802946565218489e-17
2321,Ubqln4,39.98143770439808,-0.5271855033862894,0.151580882514553,-3.4779155170552283,0.0005053291658607,0.0018278117732264
2324,Khdc4,999.0792061901972,-0.5341808156440203,0.0374646961615065,-14.258244971244922,3.9834685440288444e-46,3.0051072339101905e-44
2327,1500004A13Rik,226.0973740232779,-0.5169546880538435,0.0722498442253024,-7.155097614353079,8.36134025999139e-13,9.961956600129966e-12
2343,Muc1,58.38947616337273,0.5397941948135109,0.1232741472509381,4.3788110228392005,1.1932854892101905e-05,5.874931748604927e-05
2367,Hax1,71.48788067491228,-0.5883488128618246,0.106443767795028,-5.527320434529997,3.2515875159866995e-08,2.3741951728057399e-07
2371,Tpm3,52.81900706552712,-0.5779268773630675,0.1245403630692602,-4.640478501268436,3.476033398363364e-06,1.879694948912468e-05
2379,Dennd4b,27.51057954230847,-0.8778367629142484,0.1723309260384676,-5.093901501569706,3.507690535346896e-07,2.2234317210301742e-06
2381,Gatad2b,68.13846077836592,0.759999087063901,0.1090203482121931,6.971167305250824,3.143218952806727e-12,3.5441268393476916e-11
2387,Chtop,166.09852127042709,-0.5350158281183139,0.085446049742248,-6.261446020409536,3.8142385261648317e-10,3.4797686944507036e-09
2389,S100a13,829.5172516114599,0.5531653106470394,0.0529618250197985,10.444604400249643,1.5510068480264263e-25,4.5856921273020345e-24
2394,S100a6,294.3588102087771,-0.6008503408759437,0.06770132713579,-8.875015694608248,6.992355293735229e-19,1.3291795831243813e-17
2395,Pglyrp3,1578.8239204080994,0.6247400647750166,0.0339543617223367,18.39940535133176,1.3281423802983582e-75,2.148398006130701e-73
2407,S100a10,46.70027868545661,-0.528720944062879,0.1315351311629275,-4.019617720287766,5.829264946801887e-05,0.0002542538869589
2415,Gm15234,23.797284974814485,-1.0876250558653733,0.1906850962567737,-5.703775896574494,1.1718212116149106e-08,9.022218875513795e-08
2421,B230398E01Rik,1298.0601592110795,-0.6096605283245671,0.032325528114217,-18.86003304170097,2.4306797167791157e-79,4.215600502615986e-77
2423,Gm15265,116.10171315100024,1.6059769530766297,0.1011888143501077,15.871091714940317,1.0047784889876476e-56,1.0766489503337065e-54
2445,Golph3l,19.99436976455287,0.6636425714913472,0.2001197843755313,3.316226696736791,0.000912417826909,0.0031109860360944
2452,Prpf3,22.655946484614013,-0.6651186319351742,0.1903224517909509,-3.494693482961941,0.0004746064690593,0.0017270188525694
2461,Plekho1,66.29814626006089,-0.6449687911012103,0.1191830260924276,-5.4115826074178575,6.247016412615182e-08,4.369794474404375e-07
2469,Hist2h2ab,702.4549625019786,-0.6784090719955465,0.0415254394377498,-16.337191879992968,5.366836024941764e-60,6.141923976026891e-58
2473,Gm20633,261.6206378865902,-0.6998648839206983,0.0697208636777569,-10.0380983109361,1.0365314250350025e-23,2.754750104796816e-22
2474,Hist2h2aa1,387.84464986534726,1.1598477460133814,0.0647537866513702,17.911659008575327,9.56419333726868e-72,1.3991167348945307e-69
2490,Itga10,171.11921722069383,0.7503039931790746,0.0760625086507869,9.864307744881508,5.944305634697795e-23,1.5015173227105256e-21
2492,Pias3,33.82639558735707,1.09323078318006,0.1880944227232399,5.812138219476224,6.1679878986518425e-09,4.889918021631476e-08
2498,Acp6,41.29469730274101,-0.7866605011087733,0.1622174739791953,-4.849419004081298,1.238236166314677e-06,7.185909151362979e-06
2499,Bcl9,57.26475519416068,-0.7487470037105609,0.1236297590122799,-6.056365471327894,1.3923147620538163e-09,1.1938282997977244e-08
2500,Chd1l,72.42620628506674,-0.5234711837286358,0.1209800551093101,-4.326921352909447,1.5120792062728286e-05,7.34344933231172e-05
2511,Gm43024,103.85346299093902,0.6919167711195996,0.0916789465713392,7.547171918922413,4.448112581269115e-14,5.996041502779674e-13
2518,Gm43466,223.6635054922663,-0.6093443200241134,0.0989334453451185,-6.159133727714448,7.3143942872759e-10,6.469508680065325e-09
2520,Vtcn1,183.73709365146237,0.5907546470136867,0.0685948555629118,8.612229622261907,7.16531418640595e-18,1.2809997933890254e-16
2522,Ttf2,137.70477680839858,0.5422805972396751,0.0849631794996116,6.382536534454365,1.7417845380073435e-10,1.6554825583557932e-09
2535,Tspan2,521.9474511092645,0.5500879015996778,0.045316477662585,12.138805352337672,6.5779403000963345e-34,3.179904875532201e-32
2536,Sycp1,14.230659678350364,1.430165255375521,0.2567421358023635,5.570434517520887,2.541048079130824e-08,1.882344862845348e-07
2541,Dennd2c,94.67968262330469,0.5694077063856302,0.1262584542141324,4.509858052118421,6.4871017920301805e-06,3.340450365697084e-05
2553,Phtf1,69.4468455033338,-0.7653466843006068,0.1088023125773098,-7.034286920664369,2.0028261215905094e-12,2.2952005342995326e-11
2555,Gm42699,160.35137443619607,-0.5862900193223817,0.0723864005141508,-8.099449829775242,5.520828840178466e-16,8.671979792560442e-15
2557,Gm42701,18.075721999927172,1.0372442443687024,0.2271411929841281,4.566517551227187,4.958935353638562e-06,2.607820239270445e-05
2561,Gm43260,174.0764934991239,-0.6027076343780534,0.0776869390691483,-7.758159113999711,8.61709998485728e-15,1.2390211371389233e-13
2570,Wnt2b,66.83436115184134,1.837653161091917,0.1413490461294622,13.000817560585466,1.2104230871305446e-38,7.11991174643257e-37
2573,Ddx20,57.46523455355373,-0.5739515850520732,0.1384214479396918,-4.146406453587563,3.377340716709039e-05,0.0001541149761912
2575,Gm43848,13.55309926247556,-1.5002612570768112,0.2799474945656561,-5.3590808498018365,8.364641833913374e-08,5.750855799495267e-07
2577,Gm43328,39.26452913669214,-0.5880869927250798,0.1763114981952243,-3.3354999460892163,0.0008514617035194,0.0029298711880359
2612,Sypl2,215.65567557143544,-0.5275288287935798,0.0635242812226418,-8.304365175651194,1.0035454978270003e-16,1.6649552179431588e-15
2620,5330417C22Rik,267.5301237608059,0.692514021408522,0.0608361484291565,11.383265365902512,5.066641214108128e-30,2.000847538613639e-28
2623,Wdr47,59.91975867032301,2.0002905439354457,0.4031678247370546,4.961433976632514,6.99746556208974e-07,4.234473494641572e-06
2627,Prpf38b,337.6840083616347,0.613410981218108,0.093077574961896,6.590319757140484,4.3888031557766967e-11,4.4053004468753803e-10
2628,Fam102b,75.52889608810382,-1.1040082626229264,0.3284998088504562,-3.360757701766294,0.0007772898124918,0.0026983793882688
2639,Slc30a7,63.17196099684719,1.6247340489287336,0.136087512041287,11.938891559982464,7.420547808716895e-33,3.401522500982135e-31
2654,Ptbp2,28.68746328385806,-0.9352875430527726,0.1685687364523899,-5.548404542481294,2.8828821163029373e-08,2.122482531403252e-07
2659,Alg14,54.52761189351393,0.6182201304397138,0.1287193699567457,4.802852365168176,1.564212187154714e-06,8.920251398136865e-06
2665,Arhgap29,46.326620100530434,0.642930949771314,0.1400735814806111,4.589951531012347,4.43348946866779e-06,2.3528262880567265e-05
2668,Gm17494,25.61981639685547,-0.519643738492911,0.1699381409268571,-3.0578405510306843,0.002229381651669,0.0069724646822881
2674,Pde5a,234.1312977805265,-0.6333963598360901,0.0614454797543193,-10.308266163249622,6.465724901844001e-25,1.8530304944415948e-23
2676,4933405D12Rik,327.8552304655061,-0.6211230247222289,0.0501970146548749,-12.373704472122578,3.6269938100459786e-35,1.865960760440474e-33
2683,Tram1l1,462.9105135233313,0.5598237745581636,0.0509490679575195,10.98791002467278,4.369263857131684e-28,1.5281523049589674e-26
2687,Ank2,401.42487204996274,0.7472577123381686,0.071518848763187,10.448402417836522,1.4901415333636083e-25,4.4134948971436586e-24
2702,Pla2g12a,101.2894179871032,-0.6213345328978375,0.0925486824734535,-6.713596739489613,1.8988462623461933e-11,1.9645935222293975e-10
2707,Ostc,398.1995743831523,-0.6049417008371427,0.0580020650370586,-10.42965798632573,1.8154055100905492e-25,5.3486106648429615e-24
2710,Lef1os1,16.229850001761466,0.92682020248556,0.2482026224402699,3.734127356807439,0.0001883671634814,0.0007425179592696
2711,Lef1,25.742080864248337,2.829163502241589,0.3105024453404283,9.111565930309354,8.120134419359241e-20,1.6761352311273684e-18
2717,Aimp1,477.6166969029762,0.5455613202312691,0.0432501128397505,12.614101661484026,1.7655942821652518e-36,9.643698898982481e-35
2719,Gstcd,93.22629998658655,0.8143803177365615,0.1042773003775729,7.80975643584758,5.729860533092917e-15,8.34575270547378e-14
2723,Gm26691,209.4565652042305,0.514348100839047,0.0614472853274437,8.370558570621306,5.734574996426491e-17,9.637637878609674e-16
2726,Cenpe,264.3085624529292,0.5535356035994764,0.061145638138379,9.052740644341078,1.3942416190496713e-19,2.795628934120694e-18
2747,Metap1,19.882675287020767,0.94301168146059,0.2183841286406193,4.318132857596274,1.5735470548690216e-05,7.611208195532361e-05
2749,Tspan5,95.66352399192444,-0.5541944479795163,0.1315967398885167,-4.21130833825372,2.538959157314904e-05,0.0001183510942186
2754,Pdlim5,128.23036657345847,0.6512403202863237,0.0792976729803889,8.212603167401662,2.1644394947395743e-16,3.5249143872220578e-15
2755,Gbp7,77.06761845520643,-0.5433614991721255,0.1131194065288178,-4.803433078776813,1.5596803294733578e-06,8.90346188759087e-06
2758,Kyat3,278.2546886675605,1.2155025723834805,0.0991360285482426,12.260956891086064,1.467565725511557e-34,7.32607068257594e-33
2759,Gtf2b,475.4927043929516,1.4246176128303631,0.0644564704144345,22.10201091791913,3.0230010744581832e-108,8.072372551684128e-106
2761,Lmo4,87.55787975638393,0.6186778020615971,0.1024811147863111,6.036993287510928,1.5701225181990227e-09,1.3381039069737672e-08
2777,Bcl10,142.14387678170112,0.5751320454629182,0.0824361799032719,6.976694530699508,3.022057965212112e-12,3.418969814980724e-11
2778,2410004B18Rik,229.4100203952408,-0.8944806769106638,0.0619361808593127,-14.441973407150574,2.816606804603356e-47,2.2245904353916555e-45
2786,Rpf1,110.336837624718,-1.0128667157068298,0.1395139966760673,-7.259964876918904,3.871908495373405e-13,4.782460838301527e-12
2789,Gm43573,14.64282277529189,0.8584539132806597,0.2593293467109255,3.3102844863816303,0.000932011926432,0.0031688028776001
2798,St6galnac5,862.6052571644574,1.105180387570449,0.0456698553555469,24.199340658437546,2.260567091773822e-129,8.267286996719783e-127
2803,Tyw3,164.29665944816392,-0.555069345995691,0.0736226656929807,-7.539381259440215,4.722065422185397e-14,6.344992539730426e-13
2814,Lrrc7,62.58126375702631,0.8155790281501312,0.1243578368431646,6.558324339291204,5.441575589188775e-11,5.419989706152915e-10
2815,Depdc1a,118.91291547538528,1.345342095164138,0.0950393392999771,14.155633920368194,1.7237628402202404e-45,1.27748291898789e-43
2817,AI838599,15.752990009702025,0.962688983866992,0.314568494825909,3.060347745249476,0.0022108013513161,0.0069182126363824
2819,Tgs1,57.207793958083776,0.997765243711041,0.1582837883555048,6.303647733462533,2.90720839100998e-10,2.685702498867836e-09
2836,2610301B20Rik,27.33462237996317,0.9538558005118204,0.2337019919497161,4.081504794007293,4.47450546014656e-05,0.0001996673882123
2840,Ints8,90.86923344139744,0.6090925971036334,0.0971166748881243,6.271761237761595,3.569867190146826e-10,3.2691448432827e-09
2853,Runx1t1,65.73976927222526,-0.6877232292360893,0.1161845173464631,-5.919233000601046,3.234464656526518e-09,2.6608019030193454e-08
2864,A530072M11Rik,1294.7371413243156,-0.7312042319910469,0.0538614395147241,-13.575653353846162,5.584351376759695e-42,3.788126742388239e-40
2874,Nkain3,14.826994565354411,-1.2533118308288724,0.2424010357741217,-5.170406251880685,2.335856333698822e-07,1.518983807569203e-06
2878,Pnisr,38.90454715031519,0.532094786253491,0.1455459645368856,3.6558539286648695,0.0002563272879457,0.00098767612577
2892,Casp8ap2,62.08527868043549,-0.5617939383669011,0.1106841886825321,-5.075647615561929,3.8617840967752644e-07,2.435037251126321e-06
2900,Rngtt,306.75423769115486,0.8498965746681724,0.0593492811991654,14.320250515184394,1.6353265884577856e-46,1.2505045089829698e-44
2905,Zfp292,116.16598596333056,0.5271998228600618,0.0859124993919134,6.136474047333845,8.437314017608771e-10,7.408190695106073e-09
2912,Aptx,46.51645217693487,0.8881338122016209,0.131646525764405,6.746352074577549,1.5160848097642362e-11,1.585151942489978e-10
2913,Dnaja1,151.4582354281444,-0.6080140971546114,0.0777567243097537,-7.819440730714303,5.305853629079522e-15,7.748296493229582e-14
2914,Smu1,27.946771545896247,1.3067210426482718,0.1918974599420219,6.809475451332559,9.795524566731751e-12,1.0480298698998959e-10
2915,B4galt1,105.5567903439442,0.5993398376371804,0.0957722572422465,6.257969216713866,3.90022779160329e-10,3.552438123342835e-09
2917,Chmp5,46.65937948473134,0.5131194005646301,0.1346425339918361,3.8109755168135977,0.0001384194773756,0.0005607105388611
2920,Nol6,350.7376220477424,-0.5703301770941819,0.0603486097044126,-9.45059347493932,3.369149732792839e-21,7.732497401742691e-20
2924,Kif24,262.87043609240845,0.5906192395741898,0.0595213092008124,9.922820037132649,3.312620360464447e-23,8.54727182884868e-22
2928,Fam219a,16.8176508046693,2.104913526930537,0.2925367191541429,7.195382285741092,6.228600311786397e-13,7.51137942976219e-12
2936,Galt,61.26384441976467,-0.5608160653329222,0.1237533777814495,-4.531723298279036,5.850445047582933e-06,3.033971548566205e-05
2937,Ccl27a,15.405055978853897,1.1588176419493528,0.2793461209470858,4.148321938463066,3.349211958098168e-05,0.000153066538362
2939,1700022I11Rik,48.9761324781269,-1.3161128121509356,0.1368118041670216,-9.619877613368857,6.590953692224614e-22,1.5749945165382766e-20
2948,Ccdc107,102.51551923060296,1.1815720773501606,0.1829849101018839,6.457210469935881,1.0665052706242544e-10,1.037099316052707e-09
2951,Tln1,54.51056615461857,1.090413651711849,0.1256674614807438,8.6769768312614,4.064278645591447e-18,7.391714557274044e-17
2988,Trim14,187.4538296281752,-0.6624939664152154,0.0730496008603734,-9.069097689958667,1.2000665830269322e-19,2.423615861496048e-18
3005,Zfp189,57.76397027985319,0.5139635263359134,0.1622499514976289,3.167726841159792,0.0015363580007174,0.0049637316393451
3018,Gm12514,234.89257466307757,-0.5248998031676392,0.0617381561017662,-8.502032394722304,1.8629980339621242e-17,3.2343876083947167e-16
3026,Epb41l4b,171.3427957377106,-0.5985630128147892,0.0761661628932824,-7.858647332063257,3.883038070199255e-15,5.730206092540532e-14
3031,Txn1,96.65755724870958,0.5626869034414819,0.1014956103674203,5.543953097129232,2.957180786464076e-08,2.1762315122784406e-07
3043,E130308A19Rik,33.738069323585094,1.4668227846664408,0.1782851134365719,8.227399115901443,1.913221446795292e-16,3.130945953252646e-15
3047,Slc46a2,72.22650318952056,0.7879158818569847,0.1096696665195329,7.184446774228603,6.747986338935113e-13,8.108669584278958e-12
3050,Fkbp15,34.442266151961135,-0.6106634641844995,0.1522140555629656,-4.011873029241307,6.023889831921448e-05,0.0002621311397889
3056,Alad,93.8852927529033,0.6337020406103252,0.1220368904875298,5.192708844667579,2.0725617299690598e-07,1.3556262046372275e-06
3060,Col27a1,28.07213855786128,0.6213617053248406,0.182778415138221,3.399535469518942,0.0006750042425708,0.0023721738819237
3061,Akna,3707.504543649116,0.919231716631038,0.0606391245081604,15.15905323645188,6.601406491787591e-52,6.204215721304058e-50
3064,Tnc,257.97947288418766,0.5160757378091198,0.071287224956874,7.239385992670144,4.5072057391667764e-13,5.5508581368962415e-12
3074,Gm11250,42.338496833485024,0.7718749860197621,0.1756548489931121,4.394270869516554,1.111451624206382e-05,5.489709534358181e-05
3084,Gm11266,240.9131905771565,0.5068259968797351,0.0697286346273413,7.268548991220359,3.633693712272972e-13,4.511411758049314e-12
3087,Psip1,97.61440014279172,0.6313027709900512,0.094836873686676,6.656722711840565,2.800007229949224e-11,2.84963833208928e-10
3128,Tm2d1,24.071564024140432,1.5263439310962426,0.5025553699113058,3.037165698509244,0.0023881413897698,0.0073980098608892
3138,Foxd3,200.44651589260937,-0.5904113142470757,0.0630286595500229,-9.367346830190687,7.437864606317727e-21,1.677308261019881e-19
3158,Oma1,17.02478709661033,0.8810936311755249,0.2340603408951373,3.7643866868085465,0.0001669583550026,0.0006643619691318
3167,Ttc4,1001.9471915675792,-0.5461883365888295,0.0334676207313284,-16.31990337686457,7.124828671844823e-60,8.09871572611118e-58
3169,Gm12786,267.205456760814,0.7117937414765584,0.0554797503856413,12.82979351076491,1.1166137375919468e-37,6.367726409325194e-36
3173,Tmem59,11.114923825991278,3.3237005814738887,0.4249616035919062,7.821178556794188,5.2331052879996724e-15,7.648699414423849e-14
3175,Yipf1,824.1163307707991,-0.5689144221030443,0.0380357629118601,-14.957355355836638,1.3945887347195756e-50,1.2347982254835484e-48
3199,Txndc12,75.68722489594211,-1.444537328182549,0.1217211675208493,-11.867593431808952,1.7441281631962752e-32,7.845312323382604e-31
3202,Nrd1,346.72172168697125,1.880372110903196,0.0833901643920387,22.54908746867411,1.3708273863687942e-112,3.843571520147037e-110
3204,Eps15,28.48385781206954,1.10966507694124,0.1847656563061566,6.0057972846562215,1.903939554800069e-09,1.607123689433094e-08
3211,Bend5,32.929422153164936,1.2560354192156218,0.2194447227101737,5.72369844990303,1.0422968639658966e-08,8.069286765990926e-08
3223,Faah,47.40999534334316,-0.612404221960305,0.1322864748667235,-4.629378948810088,3.667640511862731e-06,1.974422922594135e-05
3237,Ccdc17,177.86996165092668,-0.8335775067106543,0.074963701742935,-11.119748455981435,1.0055509935361807e-28,3.693533703986719e-27
3238,Nasp,105.62837638890986,-0.5904557913368863,0.0870731109433404,-6.781149598767674,1.1922334180807315e-11,1.2638275231488436e-10
3243,Tesk2,26.65719376771542,1.4277610486482146,0.1831396353616105,7.79602430587508,6.388808642411948e-15,9.281427270405545e-14
3256,Rnf220,77.38869232340562,-0.5911362539841959,0.1001365648322778,-5.903300707132409,3.562999740271417e-09,2.9097254675041773e-08
3264,Dph2,501.7587725003816,2.024232862023976,0.0763719978681955,26.504909109716387,8.508334415545421e-155,5.963987911363357e-152
3268,Kdm4a,22.963182287489783,0.6737747879967413,0.1992918771088967,3.38084420585079,0.0007226350293137,0.0025242709921397
3276,Gm12866,34.64157149399364,0.5752518753049564,0.160160060708911,3.5917311267162275,0.0003284886651969,0.0012367532079926
3290,Foxj3,148.2892863784001,-0.7062162515955386,0.0769096422274047,-9.182414989103885,4.215298313538069e-20,8.875339615600868e-19
3291,Hivep3,45.68699680927217,0.7114099540432534,0.1374205440367718,5.176882095976056,2.2562470063817874e-07,1.470055901950457e-06
3330,Cdca8,196.4906967335652,-0.5128660972473207,0.0660972223885104,-7.759268524670576,8.542061811652953e-15,1.2292823426641372e-13
3341,Lsm10,13.616063704082068,-2.409272478449527,0.2975550307236254,-8.096897144001924,5.637870133486653e-16,8.839318663154331e-15
3345,Thrap3,309.9500073756224,0.6418450993935231,0.060502040728471,10.608652066367144,2.7163949455132124e-26,8.462576327475701e-25
3349,Adprhl2,58.48039352158108,-0.5566358821570679,0.1203352391314695,-4.625709693807382,3.7331789019555113e-06,2.0071354639692417e-05
3360,Sfpq,263.13227117667776,0.609563664787884,0.0561866922424297,10.848897496186254,2.018452856414645e-27,6.764229562442944e-26
3362,Zmym1,211.47249966485973,-0.5016566906713449,0.0669511999205038,-7.492870796445761,6.738322663759831e-14,8.849242948667575e-13
3369,Csmd2,47.94548711184292,0.7465023100981876,0.2043723508145279,3.652658038736627,0.0002595397619987,0.0009986819341502
3371,Phc2,248.63992383137133,0.598812920189528,0.061339669399535,9.762245640568558,1.634941829554493e-22,4.068731715768525e-21
3375,Ak2,50.125957395169394,0.9260728639422714,0.1287168144939861,7.1946533759623055,6.261964058147311e-13,7.546204967780245e-12
3380,Fndc5,13.896174782904849,-0.74427790865028,0.2533027458403323,-2.9382938830020837,0.0033002402253286,0.0098877900820486
3382,Yars,24.508921893081485,0.7094848843464541,0.1774397851717129,3.998454369519597,6.375746916015167e-05,0.0002757919039004
3383,C77080,860.7021915670737,-0.6141900737250383,0.0337973857850117,-18.17270949983992,8.490040829872837e-74,1.3224810822310253e-71
3386,Zbtb8os,21.303662153789748,0.8591459806726588,0.2005825294370199,4.283254294798483,1.8417946757686422e-05,8.814939354325996e-05
3392,Ccdc28b,816.1071359771371,0.9702631593576696,0.0458706901261208,21.15213781806953,2.6371585185946227e-99,6.337845394045335e-97
3395,Tmem39b,10.485802584396666,2.00294134904972,0.3378209021532423,5.929003611923178,3.0477838423209275e-09,2.5146085129654224e-08
3398,1700003M07Rik,669.8637668932661,0.5308188254176587,0.0451755985326116,11.750122691445204,7.051638885434672e-32,3.0733088334110753e-30
3402,Serinc2,109.11010142338314,0.5489160254362064,0.0875799975754568,6.26759580534669,3.6666503472305993e-10,3.350573535657815e-09
3413,Gm12992,184.42296999510688,2.464795710959822,0.3010682739958085,8.186833100169624,2.6818968298671873e-16,4.325747878126145e-15
3417,Taf12,38.75689207622696,-0.5186075603289425,0.1558338441996323,-3.327952044002557,0.000874869250821,0.0029987623077756
3423,Gm17300,586.3287796883828,0.6768219941396347,0.0456149449170294,14.83772468366955,8.354177959924611e-50,7.244450299990296e-48
3426,Sesn2,2021.6786716561885,-0.5647724924873451,0.0297440486853126,-18.987747715939737,2.15369684080424e-80,3.8138570476683916e-78
3435,Stx12,548.1416181398218,-0.6574762736879675,0.0426077184848293,-15.430919492252656,1.0141498308428144e-53,1.009529148181578e-51
3437,Fgr,399.1321669497062,0.6889297387979529,0.0554137465784219,12.432469943590169,1.7416842291711714e-35,9.156360558545817e-34
3446,Tent5b,62.86449473927771,-0.7706610064189958,0.1219801372972922,-6.317922110062284,2.651035620694782e-10,2.461278821575514e-09
3450,Gpn2,56.33833988443679,-0.5050781824003255,0.1125636326716992,-4.487045863857521,7.221753275838309e-06,3.689388258713267e-05
3456,Hmgn2,179.36737840351583,0.8450191221030986,0.0689428817549828,12.25680013066794,1.5448039239512086e-34,7.66614643440448e-33
3466,Grrp1,105.5884653351713,-0.9262150104403336,0.0965390877633282,-9.594196836736312,8.457320013253158e-22,1.995476782369676e-20
3489,Ifnlr1,145.10122887506398,-0.775477921661141,0.0850642168220502,-9.116382312475748,7.767387540685513e-20,1.6052918992254594e-18
3504,Htr1d,174.82470510728098,-0.7432662490369275,0.070874104614317,-10.487134237273771,9.898517751297804e-26,2.9683202162225128e-24
3509,Cdc42,88.10090805078842,0.7677665326146156,0.0991488160309713,7.743577415738247,9.665789024268366e-15,1.3791990564484034e-13
3529,Pqlc2,47.8227764464123,0.5521819175535541,0.137037343419031,4.029426605747159,5.591306903815056e-05,0.0002448270589351
3539,Padi3,56.32018819501902,0.50933348432835,0.1203628918087964,4.231648780401989,2.319844623703168e-05,0.0001090741925784
3542,Mfap2,178.74293880119097,-0.657369706038736,0.0774774168389532,-8.484662148780247,2.163463907155303e-17,3.736750853190314e-16
3556,Fblim1,254.2315705194682,0.8555345934667942,0.072820618867737,11.74852132224649,7.186537226911333e-32,3.1240081593883562e-30
3564,Tmem51,53.31959077845436,0.7695929491658093,0.1219701278093408,6.309683879062653,2.796059873004286e-10,2.590204583895986e-09
3565,Kazn,63.02117034237777,0.6390893783424233,0.1240120517556866,5.153445728012622,2.557431129750982e-07,1.6547563036846449e-06
3570,Pramef12,57.99904029593388,2.0349018989514502,0.1543851831156721,13.180681318535678,1.1336239838530285e-39,6.909766768246195e-38
3573,Tnfrsf8,203.59862440561287,0.6830741621859837,0.0699095688721083,9.770824984425111,1.5022377643448994e-22,3.744021616233221e-21
3578,Zfp986,41.03286409422854,0.7155174058919987,0.1545368767062308,4.630075494874742,3.655324364520572e-06,1.9684225923280917e-05
3580,Zfp600,31.120694369670485,-1.049663315769143,0.1959817983799903,-5.355922460380448,8.512100975983378e-08,5.849635405186616e-07
3587,Gm21411,112.5214369866938,1.0039566744515256,0.1048479241487214,9.57536052909797,1.0150254575161074e-21,2.3848845351666863e-20
3592,Zfp988,166.37960467069908,0.6579813603273585,0.0727215786630417,9.047952099281844,1.4567464975709685e-19,2.914012643119668e-18
3599,Zfp984,97.22416310708348,-0.577051099880855,0.0942192906479297,-6.124553644084713,9.093817269942971e-10,7.955553194604817e-09
3605,Plod1,10.65128322212452,1.9226193193604388,0.5482536099960832,3.506806493028244,0.0004535188186146,0.0016557176834968
3614,Disp3,57.36780712696391,-0.6371502940674604,0.1174135642848579,-5.426547587991325,5.745451194841101e-08,4.040791197776415e-07
3630,Ube4bos1,157.3486163777418,-0.8141342701882066,0.083000133623121,-9.808830837368877,1.0315680065993117e-22,2.5862993405395258e-21
3638,Spsb1,60.04012602207209,-0.5407405715886323,0.111117426096153,-4.866388563758796,1.1365595966022608e-06,6.625205160651363e-06
3639,H6pd,191.26938981637332,0.7825086050941944,0.0705034004366691,11.09887750445591,1.270292242845469e-28,4.625568485149205e-27
3653,Dnajc11,26.04346535028519,1.499525919268591,0.1875373864410965,7.995877236668093,1.286545240137551e-15,1.971179469474865e-14
3673,Smim1,31.723907832137915,0.820926238001559,0.1845915735909083,4.447257380344429,8.697360501180851e-06,4.372854026042004e-05
3681,Pank4,182.585303919986,-0.5270814468444683,0.069038554998256,-7.634595580075265,2.26530380347672e-14,3.123705400482693e-13
3707,Cptp,188.8316445923988,-0.6501836286730102,0.0720615922017102,-9.022609809301144,1.8366076482847921e-19,3.634970643187653e-18
3709,Acap3,16.791766411910256,0.7167968209754453,0.219018153273616,3.272773559002491,0.0010649776007831,0.0035703703025059
3712,B3galt6,16.396092185023488,3.0603448641827797,0.3328798545366638,9.193541821395227,3.8011489378177175e-20,8.043613657975782e-19
3721,Cdk6,140.60282972795346,-0.8667792636114974,0.1071301038776496,-8.090902857719827,5.922407570316601e-16,9.276784223038748e-15
3725,Gm43017,149.60302156549034,-0.5097908434664904,0.0798726259203231,-6.382547682544351,1.7416577006169315e-10,1.6554825583557932e-09
3728,Pex1,186.6059358701874,0.5870509420958254,0.0696398887219543,8.429808732746498,3.4623065543495124e-17,5.90135594364963e-16
3730,Ankib1,110.27647143792696,0.7288966880294794,0.1384428120999838,5.2649659232800605,1.4021536305044466e-07,9.360488303958848e-07
3741,Gm43728,88.11883658715935,-0.617625657627831,0.1217283125553071,-5.073804480343991,3.899397242721436e-07,2.456912352595608e-06
3743,Gm8773,50.66272138049883,-0.5679682384942472,0.1263815116528799,-4.494076950545039,6.9872360416333125e-06,3.5771841731100795e-05
3744,Cfap69,630.8900150474739,0.8879075644269133,0.0520008978319119,17.074850655405825,2.2840942787398285e-65,2.825391033179422e-63
3749,Adam22,17.586100441151096,0.769346633704474,0.2241088638781785,3.432914791459015,0.0005971297271144,0.0021236092228728
3751,Slc25a40,182.0226373611076,-0.8675120071051039,0.0821631546235342,-10.558406758844429,4.644782732252908e-26,1.4337464202695535e-24
3775,Rsbn1l,205.23743596250912,0.635015930441019,0.0912638558002848,6.958022153158217,3.450829622730448e-12,3.872802317758127e-11
3777,Gsap,104.24831905705042,-0.5467798389050627,0.0969773998461877,-5.638219211613118,1.7181769940577774e-08,1.2985126491929017e-07
3786,Psmc2,252.59590756458385,-0.8387581351671509,0.0743332076074055,-11.28376081383563,1.5785034648491857e-29,6.10463535382939e-28
3796,AI506816,29.241327217397718,0.7001386946035518,0.1747529219761558,4.006449143660569,6.163838924999783e-05,0.0002675290563345
3803,Kcnh2,26.48712063947019,-0.7291374494431567,0.1857723071861891,-3.924898497989709,8.676631531239637e-05,0.0003654656290687
3804,Nos3,478.1976687201116,0.5957490219498506,0.0537967161670739,11.07407783217958,1.6759663569488584e-28,6.0633939834302464e-27
3811,Agap3,193.9331778752456,0.5604499581442338,0.0658943732080826,8.505277929792785,1.811610727053663e-17,3.1484222377297286e-16
3813,Chpf2,162.5482562561474,-0.6750313636118596,0.0710915570345005,-9.495239544187626,2.197056515586974e-21,5.09105809390078e-20
3814,Smarcd3,268.38858185700127,-0.7041740697096535,0.0571895418804162,-12.312986720230883,7.711562883700812e-35,3.907578987725867e-33
3816,Wdr86,11.577183830185446,-1.4328625568067586,0.3655317567137854,-3.9199400065496977,8.857101430955378e-05,0.0003725075434324
3826,Insig1,14.54736423614136,1.4377444290782897,0.2521328733552376,5.702328339599764,1.1818190379549756e-08,9.08256814779194e-08
3829,Rbm33,43.525683518027954,1.0935047527531585,0.1472415305921757,7.426605444505384,1.1142008030064633e-13,1.442971524940549e-12
3835,Dnajb6,274.9016086767752,0.8814924306268789,0.070886221098615,12.435314183282111,1.6807863382733122e-35,8.863908642248255e-34
3840,Hadhb,51.97711448938431,-1.272329695904826,0.1375361822363544,-9.250872571977762,2.2266739397239348e-20,4.814824638557295e-19
3849,Agbl5,40.1537176196869,1.8596600858550665,0.1935739161094239,9.606976617675253,7.471047600783748e-22,1.7727141577995066e-20
3859,Mpv17,869.7160826194091,2.797127687091672,0.2138718416147939,13.07852247389162,4.368490851183736e-39,2.624682913909428e-37
3862,Snx17,70.28280287588568,-3.0628538211791145,0.192059879625953,-15.947390090758084,2.970541522997848e-57,3.2240916155737278e-55
3865,Gm9970,274.9103750738821,0.914763779366845,0.0698203961387197,13.101669855172188,3.2209228203665786e-39,1.949121748454207e-37
3869,4930548H24Rik,155.5739878463312,-0.5159785587304689,0.0814209492735104,-6.337171985027911,2.340207224246194e-10,2.1908350658594168e-09
3871,Gpn1,47.08932257220811,0.7279575139283359,0.1270619247119029,5.729155414408279,1.0093189251720028e-08,7.824288466716138e-08
3877,Gm17130,13.413542874665794,1.7776943289744094,0.2872645271099572,6.188353107357231,6.07960232734957e-10,5.417221925476792e-09
3880,Gm15614,60.93618963869041,0.5255203384256233,0.1194957405380948,4.397816491694022,1.0934536835501416e-05,5.408753695490747e-05
3912,Mfsd10,101.07169824152896,0.5949210688216254,0.0877825812424578,6.777210927284512,1.2251795772834843e-11,1.2963016370213869e-10
3919,Lrpap1,19.34394475398088,-1.0283907623751842,0.2174312223389769,-4.729729021032293,2.2481971224333847e-06,1.2540258683918048e-05
3921,Cpz,23.758151557765665,-0.715661408184392,0.1967951714603973,-3.6365801196926735,0.0002762817354756,0.0010572992802335
3922,Trmt44,43.59426555884289,-0.7703919454920694,0.15631240665645,-4.928539979460933,8.284638335515975e-07,4.944039401148821e-06
3925,Ablim2,33.397607053719206,0.6478205916630191,0.1547356826259338,4.186627031782285,2.8313050084988133e-05,0.0001308545169175
3943,Wdr1,107.48955202389104,0.5316651315875637,0.0887213239994854,5.9925292772980585,2.0660222647152227e-09,1.7387039799551875e-08
3950,Gm7854,243.29732655427856,0.7593695291231833,0.1372211982982547,5.533908306737483,3.1317273654300857e-08,2.2946818716091047e-07
3960,Tapt1,758.2021543726418,-0.7327714829231826,0.047429206188489,-15.44979437376761,7.568451204013361e-54,7.670123771392575e-52
3962,Gm42984,31.34400693866269,1.0817171187904024,0.1746673187614466,6.193013818845911,5.902455201723923e-10,5.2677455627905345e-09
3978,C130083M11Rik,36.21635831041859,0.8051864239124801,0.1606574243173838,5.01182206383322,5.391704980594074e-07,3.3261698895685407e-06
3994,Pgm2,293.7581220460227,-0.6120539209400692,0.0768591652504279,-7.963317308298007,1.674872282924515e-15,2.5407012097059616e-14
3996,Gm31363,66.80490963358812,-0.8542261777894401,0.1099673236634337,-7.768000068855791,7.973501829120962e-15,1.150413561503447e-13
4000,Fam114a1,77.00016840546206,-0.670276977435578,0.1094868455455534,-6.121986381977735,9.241592407280486e-10,8.07643163987946e-09
4004,Rpl9,179.46744211163366,-0.845364310949056,0.0909450910212796,-9.295326459690436,1.4675513972865382e-20,3.239976004796777e-19
4014,9130230L23Rik,268.81245708807745,0.6442783913305004,0.0597782077870339,10.777813774976469,4.3817608661090415e-27,1.4313468553505325e-25
4024,Bend4,32.480549113579464,-0.5129042804316073,0.1607830976347775,-3.190038554902588,0.0014225381439692,0.0046423587189126
4027,Gm15478,73.72915073880458,-1.45485946190393,0.1316053143926786,-11.0547166626036,2.0799252940259563e-28,7.476620346452706e-27
4042,Fryl,24.188592439891146,0.7110759465843304,0.1897073266838292,3.7482787777059694,0.0001780522865976,0.000706122964977
4055,Chic2,105.25215706944422,0.7615835356383792,0.1283337463328208,5.934398062870292,2.9492549977003993e-09,2.436901612294392e-08
4057,Kit,27.05891071897138,0.6599011485929126,0.1933865706834804,3.412342161405745,0.0006440721389557,0.0022777434504209
4066,Aasdh,36.71863658516948,-0.8744178536309662,0.1482154508818563,-5.8996403440284455,3.642947909317481e-09,2.9706889325471636e-08
4069,Srp72,45.06161022976572,-0.779812648100636,0.1353726230756516,-5.760490048751183,8.38700751544722e-09,6.556441795184415e-08
4106,G3bp2,1091.2754990295016,-0.5728930176017367,0.0667173375266407,-8.586868703700532,8.937166863691624e-18,1.5842988213686427e-16
4128,Paqr3,19.532606965832898,0.9210505715844876,0.2131150251645583,4.321847184980466,1.5472834277925545e-05,7.501253598841861e-05
4145,Coq2,42.00748564136183,0.5946517893124523,0.1398996683823096,4.250558962637587,2.1323768996599413e-05,0.0001009653154601
4148,Helq,121.23768728765008,0.6975796204933289,0.0848304835136819,8.223218725151073,1.9811305419163268e-16,3.235782437539648e-15
4155,Gm20548,156.8199178071075,0.5222112911368625,0.0760142033976268,6.869917302233628,6.4239133178492136e-12,6.990264796001121e-11
4172,Lrrc8d,145.4256928476206,-0.9377126153379294,0.0900527779388754,-10.41292269711452,2.1647172453077268e-25,6.3444317452633955e-24
4175,Hfm1,11.550955779440857,1.040255204560652,0.2830649119057286,3.67497051314893,0.0002378768861794,0.0009218619802341
4181,1700028K03Rik,120.519732703034,-0.6446685571925975,0.0890896200925479,-7.236180337539928,4.614975894070228e-13,5.6752733527736434e-12
4208,Zfp932,797.9055252356626,-0.590104998580574,0.0401017362006011,-14.715198255474236,5.149509643787399e-49,4.309960235693304e-47
4212,Gtpbp6,23.736202020152923,-0.5953817763927046,0.185137823343676,-3.21588406755481,0.0013004335479841,0.0042795762084774
4228,Ep400,202.00477509638296,0.5782742403933364,0.146790592350902,3.939450281738597,8.166852391958944e-05,0.0003454484419223
4232,Hscb,173.3935001274268,0.5567303640247924,0.0781878546339848,7.120420001686629,1.0759867127053533e-12,1.2684880496035147e-11
4238,Miat,88.81021479617974,0.6820095761267749,0.0962047046397426,7.089149940023132,1.3493826607649925e-12,1.5753410480256393e-11
4240,Tpst2,127.2258983945154,-0.5618517702207199,0.0828091930769402,-6.784896088755369,1.161700940909922e-11,1.2345732740952378e-10
4241,Tfip11,138.24103816615562,0.5943854472044873,0.0768461888623835,7.734742034753542,1.0361298196443907e-14,1.4734414163886377e-13
4242,Srrd,1162.5936186243648,-0.5421259277879101,0.0624413838683289,-8.68215747637975,3.883312486399477e-18,7.070234411114546e-17
4246,Crybb3,142.40541396236702,-0.5539863924560612,0.0925827901627913,-5.983686508928592,2.1814298373085293e-09,1.8303338729696458e-08
4250,Ficd,268.78394551666446,-0.5484858138161482,0.0599015197576005,-9.15645906874598,5.3628126953088104e-20,1.1207279251326721e-18
4255,Svop,161.0050389117875,0.8969351536692447,0.1124473776392107,7.976487958190329,1.5055584925610598e-15,2.2962838187084963e-14
4266,Ankrd13a,18.387985741786377,1.042113465947421,0.2105270148164269,4.950022527304212,7.42048919558807e-07,4.467963125890411e-06
4272,Hnf1aos1,75.77474537962107,-0.6666072467694805,0.1058493748349492,-6.297696588278583,3.0210110073752143e-10,2.781744289932853e-09
4294,1110006O24Rik,24.90598120744755,1.586147483222026,0.2111760106872006,7.511021152736277,5.866791086007143e-14,7.783677164029824e-13
4316,Fbxw8,11.24051701656728,1.0557283852625756,0.2804528371834499,3.764370494037834,0.0001669691734821,0.0006643619691318
4325,Rita1,49.42122135054796,-0.5106243877373895,0.1248418574936562,-4.090169739450861,4.310576075999283e-05,0.0001931721399215
4330,Ptpn11,797.077043341693,0.8535726658176098,0.0644444785080793,13.245086089269831,4.817291396892941e-40,3.012687478436057e-38
4342,Acad10,2574.385336742881,0.6044440788844049,0.0302091218274401,20.00866103745409,4.6291626992001264e-89,1.0246895274821544e-86
4350,Tctn1,36.63870322204943,0.6419264967958809,0.154731861820502,4.148638097178414,3.3445906397414605e-05,0.0001528976154248
4353,Vps29,79.19486623524885,-0.91308456722815,0.1043103871223415,-8.753534450574222,2.067727283619848e-18,3.843687966004056e-17
4354,Fam216a,37.156591535551314,0.5615058256767332,0.1470992230652662,3.817190967946851,0.0001349796938085,0.0005478319394308
4366,A930024E05Rik,40.61695297478306,-0.6362365542562888,0.1418340207049351,-4.485782403221053,7.264685345094656e-06,3.707943008511148e-05
4377,Gm43409,307.9746699884283,2.944909679902352,0.1712641914243016,17.195127921437063,2.888197467853364e-66,3.625981044902772e-64
4381,Gm15747,345.86572400491247,-0.726423431177734,0.0638366224710351,-11.379415186123564,5.2953632457895374e-30,2.0862739082884635e-28
4386,Zcchc8,118.50444235566766,0.8699821769827063,0.0894882563430557,9.721746880927087,2.4356649766119265e-22,6.025763514932712e-21
4395,Ogfod2,77.51966063154084,0.918508610179675,0.1156966431700248,7.938939151673213,2.039177741388457e-15,3.0766894298993734e-14
4396,Arl6ip4,665.5987801093416,0.8641218040605019,0.0754156940795086,11.458116438595424,2.141207642942908e-30,8.597025340627337e-29
4410,Tctn2,30.79383817694358,-0.6357925270284835,0.1547652215482439,-4.108109823822997,3.989104185775818e-05,0.0001795310318815
4422,Bri3bp,182.0264738780641,-0.6239491923828603,0.0868573264974889,-7.183610382031491,6.789417172891102e-13,8.15263134186631e-12
4426,Tmem132cos,59.66868472566713,0.5313220489296119,0.1128235544510818,4.709318470904788,2.485464617832494e-06,1.3767853561342131e-05
4438,Zfp11,39.90611712521893,0.7819718568511519,0.1572979561585813,4.971277923425782,6.651302181522885e-07,4.040984348131437e-06
4439,Mrps17,50.42974362572035,0.849107569629627,0.1534754737497742,5.5325293930286765,3.1564552698356736e-08,2.3117565086828705e-07
4444,Phkg1,179.03041465462468,-0.5057553324852357,0.0776267314956081,-6.5152212741798845,7.258258176165105e-11,7.157425398454018e-10
4458,Auts2,356.8241975449495,0.5684304900555281,0.0632321804115426,8.989575977863398,2.4818607382503023e-19,4.843659303896152e-18
4473,Wbscr25,353.8373119276632,-1.1681662832589996,0.0542299101639665,-21.54099609840764,6.430904774354827e-103,1.6147330002831527e-100
4478,Vps37d,23.40602208961985,0.8300108146303988,0.182710467967685,4.5427655233043245,5.552099654540507e-06,2.8962162011886808e-05
4490,Tmem120a,94.68083662781832,0.7553397199979306,0.1134373794205019,6.658649237637584,2.763555884251802e-11,2.8142433801917715e-10
4494,Hspb1,109.9859522840109,1.1240304702543065,0.1065497412434567,10.549349600821612,5.1149936705151516e-26,1.5731177060160218e-24
4496,Ssc4d,187.27283141477787,3.662414867929433,0.1275664902132587,28.70985053995611,2.874565750620804e-181,2.8446364483937525e-178
4498,Dtx2,28.00227801488719,0.7036224027923215,0.2039109363650856,3.450635926326893,0.0005592674604386,0.0020043793112397
4512,Fis1,290.7111906961981,-0.6662796494135628,0.0622474760728635,-10.703721523321716,9.777089711627836e-27,3.138930920204487e-25
4515,Ap1s1,15.293228707401264,1.0428948365126254,0.2426538180077501,4.29787111975018,1.724463773274776e-05,8.302992002805254e-05
4518,Ufsp1,71.41731711075269,-0.6772235509687815,0.1085717587394433,-6.237566369298858,4.444305701384874e-10,4.019707248085901e-09
4524,Pop7,113.33163667741373,-0.7410887408225407,0.0841644887933783,-8.80524258445738,1.3056987048166065e-18,2.459772599230657e-17
4525,9130604C24Rik,782.7095565179524,-0.5362390887789421,0.0359362389983756,-14.921959106604918,2.372053179994643e-50,2.078388054533848e-48
4533,Gm36266,748.531705729529,0.5810445712464165,0.0411713328461763,14.11284335674303,3.165526849305253e-45,2.315376442863577e-43
4536,Agfg2,386.3469271981589,-0.5113366432564854,0.0539791616215101,-9.472852632315108,2.723036770671548e-21,6.275294190822938e-20
4546,Zfp113,34.55783951633442,-0.5541635698809896,0.1797922505470511,-3.082243913154457,0.0020544641873736,0.0064674870928494
4549,Ap4m1,418.3080705619639,-0.5887032402504012,0.0478330261378101,-12.307463854666194,8.257744612206037e-35,4.171772901235501e-33
4554,Map11,25.343472815578448,-1.5424508403435506,0.4056086907883668,-3.802805204556997,0.0001430668473973,0.0005768968297614
4559,Zfp157,19.8822794719442,1.9029393070188316,0.6231541509683399,3.053721625799637,0.002260217041573,0.0070584056599933
4569,Cox19,110.1462502638694,0.661710029618187,0.0917473042758472,7.212310321714641,5.501042939450962e-13,6.686708480519041e-12
4579,Mad1l1,97.60410238967792,0.5266519007815359,0.1073994400777655,4.903674548025569,9.406028368388468e-07,5.585514127829128e-06
4581,Gm16121,71.31981846377924,1.6621708296013722,0.2551438116262001,6.514642934144706,7.286277146698843e-11,7.180845954242217e-10
4582,Nudt1,44.91040630113648,0.8435454311151961,0.1384367257989137,6.093364504593151,1.1056191999095535e-09,9.567814711974495e-09
4587,Ttyh3,42.08960419631586,-0.564348270192694,0.1544403277010599,-3.654150950035966,0.0002580344337514,0.0009935713616388
4595,Ap5z1,39.90750924039196,2.3676282340640253,0.2374366474327647,9.971620891987492,2.0289028337930604e-23,5.316547098582656e-22
4606,Rnf216,35.162557095552096,-0.5564860935860357,0.1504304302516132,-3.699292042542489,0.0002162017080488,0.0008427157864933
4612,0610040B10Rik,12.079650426541123,1.5773010814292103,0.2902220285313373,5.43480827217393,5.485538333488869e-08,3.879075720230485e-07
4624,Pms2,862.5130417204844,-0.6881977778758095,0.0656571864449493,-10.481682434760328,1.0486145205675548e-25,3.133364490143512e-24
4633,Gm15708,27.045908897042604,-0.7060098896626511,0.1889661703327844,-3.736170809935512,0.0001868437737645,0.0007373382139433
4668,Slc7a1,123.27793791952384,-0.7338867632818554,0.0831867431028929,-8.822160069112423,1.1227260502488833e-18,2.122204532959209e-17
4695,Samd9l,79.54224300277328,-0.5657300922745877,0.1223552684440094,-4.623667615370968,3.770138238736853e-06,2.0257117722858537e-05
4709,Slc25a13,50.39000888263085,-0.8100779701788473,0.1303271339363458,-6.215727651729871,5.108734664702672e-10,4.598407879309419e-09
4712,Asns,775.1985350807819,0.7774241051412786,0.0368583637005154,21.092203426556512,9.378983567539887e-99,2.222290712066529e-96
4727,2610001J05Rik,298.963103129874,-1.4150087596696694,0.0730333826706556,-19.374821594265416,1.2589709308118064e-83,2.4067804510280703e-81
4737,St7,21.3243069444348,-1.2663322641815564,0.2053054463277101,-6.168040287446768,6.914153037625391e-10,6.128387594940567e-09
4745,Fam3c,173.80964645139738,-0.5037212090533065,0.0665428111147153,-7.569881713967942,3.735642197888349e-14,5.064037767532288e-13
4746,Ptprz1,20.057145442877403,-0.599038228120122,0.1995592694012789,-3.0018060795540418,0.0026838308211487,0.0082016504821407
4747,Aass,94.03785401138944,-0.5826224759414793,0.1066957559967671,-5.460596539183179,4.745373614013114e-08,3.402873840943846e-07
4777,Ube2h,16.727335743558797,-1.019896910705474,0.2148604663164794,-4.746787197246484,2.0667319145064173e-06,1.1597275182702286e-05
4788,Mkln1os,546.1685998486474,-0.612030257554241,0.0420064300825916,-14.569918375612684,4.3641213860193356e-48,3.512804501292024e-46
4807,Agbl3,12.948349359196762,1.0059603243943789,0.2786682508527096,3.609884948558708,0.0003063328483018,0.0011603896591601
4819,Dgki,38.71250897435327,0.9251656401308452,0.1770638528991173,5.225039583081711,1.7411785761375466e-07,1.1469008295364894e-06
4825,Zc3hav1l,130.01911987589432,0.6409934789456015,0.0945850681015023,6.776899269742347,1.2278242746265664e-11,1.298283329481001e-10
4827,Ttc26,38.93646081799469,-0.8652934218199828,0.1516053984607115,-5.707537004655035,1.1462270608423497e-08,8.841347017217261e-08
4829,Fmc1,276.2133079472291,-0.6725115503984102,0.0541760385239675,-12.413450091979136,2.2092370865495108e-35,1.1506500156972885e-33
4830,Luc7l2,44.11672612167291,-0.5886500929181409,0.1494597392501428,-3.938519469333133,8.198594248057252e-05,0.0003465451031031
4831,Klrg2,194.0352673976357,-1.3701957143841976,0.0896537279029227,-15.283198439532246,9.896200008179478e-53,9.459305269182008e-51
4838,Slc37a3,535.5292517283583,0.6869565635999373,0.0564953242275231,12.15952953616768,5.105184789298476e-34,2.4750583201835234e-32
4856,Fam131b,38.4443774036316,-0.6439047363313262,0.146462378455954,-4.396383174433897,1.1006955844769968e-05,5.4413757912596285e-05
4894,Gsdme,114.0082141387848,-0.50745757302822,0.0870725792554395,-5.827983704715152,5.6101055036695155e-09,4.479297811496548e-08
4895,Osbpl3,389.0273936188894,0.960359716473874,0.060733869791876,15.812588918915454,2.5477818910170317e-56,2.7127427058594633e-54
4898,4921507P07Rik,23.902454835573977,1.8942515027246136,0.2249767558505141,8.419765391155565,3.772389764226717e-17,6.423371761496564e-16
4900,Hnrnpa2b1,98.33842085920996,-0.5930335196590044,0.1022138625517397,-5.801889341172449,6.557183260400872e-09,5.1813759506681016e-08
4913,Hibadh,49.589659191322696,-0.6649997435598325,0.1232936414466626,-5.393625622190047,6.905001098528734e-08,4.80518037079952e-07
4915,Jazf1,12.678788987878304,-0.8138103451501257,0.2567732161689667,-3.169373960774036,0.0015276769966274,0.0049385299988977
4928,Gars,52.28250597023342,-0.6394723666767409,0.125152499052577,-5.109545326842384,3.229350120057201e-07,2.0562966339788902e-06
4929,Mindy4,21.3298774730001,0.8108725695598568,0.2015918448618803,4.0223480772023406,5.762082001412627e-05,0.0002515192151265
4933,Avl9,76.02134993544676,-0.7400067622403897,0.1148707786744433,-6.442080142397676,1.1784701985829468e-10,1.1407021950955648e-09
4936,Herc6,13.30391900432488,0.9640171135102704,0.2540342109909501,3.794831844694388,0.0001477435550999,0.0005937625005844
4939,Herc3,54.63385951459013,0.8916779113098541,0.1223881073432529,7.285658146579802,3.201037255137088e-13,3.991923628107577e-12
4948,Hpgds,29.519122094909783,-0.5298764735025239,0.164665194661072,-3.217902086674485,0.0012913189128855,0.0042554080453424
4953,Vmn1r32,41.41668513668005,-0.8630548312700698,0.1438644167160037,-5.999084770028903,1.9843275412894357e-09,1.6707878992548642e-08
4964,Foxi3,17.15323198032115,0.8412124650036498,0.2231050721146544,3.770476650442748,0.000162936047531,0.0006496973518878
4966,Smyd1,50.41132852312352,1.0956602614644682,0.1392658853592174,7.867398815139552,3.6209091624428175e-15,5.362196728853478e-14
5004,Hk2,55.38767607326295,0.5615466641020014,0.1649978428703627,3.403357609609499,0.0006656309767251,0.0023436395817177
5028,Nagk,40.71860898613552,0.9842042029998704,0.1864787283049602,5.277836308441253,1.3071815211116557e-07,8.775225351022098e-07
5030,Gm43920,113.61685199065614,0.7228831854194259,0.1065245109062602,6.786073733354673,1.1522627825196662e-11,1.2253171169613365e-10
5039,Cct7,10.099714960798291,1.174205616865983,0.2959519390956647,3.9675550714551258,7.261373598840443e-05,0.0003094176495777
5044,Dusp11,50.9098853830964,0.5011168405844612,0.1338641832898675,3.743472139215536,0.0001814947350491,0.0007184202182898
5059,Anxa4,349.71363275801616,0.8784915890421997,0.0544309440894106,16.139561856563642,1.3449263368100378e-58,1.4885326160628465e-56
5062,Nfu1,149.78550753094285,-0.5022818719135264,0.0736206426759956,-6.822568421795343,8.942701248809799e-12,9.606836724695227e-11
5065,Aplf,77.70193016508296,0.7634374581777087,0.109139136612859,6.99508427380906,2.6509953046460146e-12,3.011323025662384e-11
5072,Hmces,108.9891803511218,0.5368340691073259,0.0911497218066946,5.889585381794299,3.871657378641126e-09,3.1495595783790946e-08
5079,Ruvbl1,69.26512842699033,-0.6598069242037956,0.1130673344874974,-5.835522055901607,5.362240242740461e-09,4.2977116533407715e-08
5090,Vmn1r47,23.04872522384756,0.7448410381318531,0.1969943990749268,3.781026473999156,0.000156183062688,0.0006245466279061
5095,Iqsec1,4540.631130263931,0.957640540862166,0.0416523305253129,22.99128353166672,5.697954300189601e-117,1.7428488216743574e-114
5107,Fgd5,252.46082637195585,0.990896681695637,0.1335865138865015,7.417640096046879,1.192255494911067e-13,1.5405003218808664e-12
5114,A730049H05Rik,156.4907459384963,-0.6739449370102187,0.0723485143148788,-9.31525606838368,1.216587203622093e-20,2.7072283765257243e-19
5119,Lrig1,94.01642769399444,-0.6285783586693335,0.0928318405430574,-6.77115044786584,1.2776232809306431e-11,1.3467077979383588e-10
5132,Shq1,151.6772270996829,-0.5504111411415847,0.0890493217339852,-6.180969494476484,6.370912783269641e-10,5.66479205882374e-09
5138,Cntn3,51.03056648972599,-0.6969448613153367,0.1238893029727051,-5.625545100281058,1.8492308174901663e-08,1.3931755504987497e-07
5152,Rad18,11.4478455156697,0.9889351974903924,0.2639350176478064,3.7468889361623945,0.0001790413096262,0.0007098779052185
5186,Atg7,11.826645676372236,2.165910009417784,0.3188654661458036,6.792551214772834,1.1016768595758496e-11,1.1759841249139923e-10
5191,Tsen2,356.74858147552663,-0.5240431157559196,0.058326502653911,-8.984648348717341,2.59562990788602e-19,5.053967817172049e-18
5199,Gm20404,245.7782262531441,0.6516708589388168,0.0622705298705578,10.465156797179173,1.2486963052766034e-25,3.71115117660072e-24
5212,Rasgef1a,121.86882382389012,0.5004447835844937,0.0905062979365361,5.52939182127867,3.2134288744107295e-08,2.350031831861743e-07
5216,Ankrd26,531.1952996636737,0.6330449205124085,0.0448669813002124,14.109371795632962,3.3252693560243394e-45,2.4216885877228334e-43
5229,Slc25a18,101.19351555267528,-0.9147156221040648,0.0946367228580442,-9.665546253922432,4.2236057807557154e-22,1.0267878619892107e-20
5235,Pex26,67.25864849942467,0.5314637016594282,0.1207929222441426,4.399791740986706,1.0835481565628027e-05,5.364488121794007e-05
5239,Phc1,106.04655542516944,1.031220816365716,0.0943107277873091,10.93428966735724,7.9022401354247045e-28,2.729761515364473e-26
5242,Apobec1,95.0428475912008,1.690098085829155,0.1887234991195277,8.955419403064026,3.384465510106287e-19,6.5369533038482294e-18
5259,Eno2,123.39861757965414,-0.8493527870214387,0.0823652914351998,-10.312023089114664,6.2178416626241e-25,1.7850298684355846e-23
5264,Gpr162,11.737830035443377,-1.6066090389721464,0.347697789685528,-4.620705355720634,3.824375875354515e-06,2.0528868969715697e-05
5265,Lag3,98.33222001227055,-0.5563700871544638,0.1026496484343263,-5.420087605175005,5.956983678860105e-08,4.179079917825836e-07
5275,Iffo1,10.663898535091672,1.5643468820849218,0.293059881226881,5.337976919719818,9.398941993127807e-08,6.440668071298944e-07
5299,Prmt8,43.63737517637605,0.5574938259911512,0.1387941928480582,4.016694175392876,5.902023595439137e-05,0.000257160691391
5303,Tulp3,130.3663860448444,-0.6833433204093662,0.0787840112326772,-8.673629454981803,4.1856080888796665e-18,7.604156034473287e-17
5306,Foxm1,11.773961210347608,1.1982171239748372,0.279974966734365,4.279729498500782,1.871205985949054e-05,8.940442573592995e-05
5314,Clec2g,300.2107912300239,-0.6196845940870862,0.0552168429110316,-11.222745840169743,3.153250238776184e-29,1.1947551524083723e-27
5322,Gm17088,33.232732176348826,2.127546330451632,0.2285053375036088,9.310707372067538,1.26983789688404e-20,2.814556381986852e-19
5328,Borcs5,517.7772510845807,1.6367121173195356,0.1295567066712083,12.633171677273465,1.385778558663775e-36,7.593795665277095e-35
5329,Dusp16,17.361641486118646,1.201768270058647,0.2323634980476966,5.171932253369516,2.316855896587237e-07,1.5077936846532724e-06
5330,Gm36328,330.16979408226126,1.3310665389531935,0.0736474503723655,18.07349110150112,5.1546311669337614e-73,7.742532153689881e-71
5351,Strap,12.336116221138663,0.9612253161312893,0.2650634321725863,3.6263973051757006,0.0002874030433346,0.0010953741273263
5352,Dera,25.937051946578872,-1.4500039634708315,0.3454138839135083,-4.1978740027540775,2.6943245720641116e-05,0.0001250389580023
5355,Pde3a,727.0402382364192,0.7485678857529835,0.0428566041685032,17.46680354817124,2.564666475457433e-68,3.4242368346524124e-66
5362,Cmas,270.9575343118149,1.9165023369824772,0.0890102955714885,21.53124337670849,7.93752841584634e-103,1.963721184408573e-100
5364,C2cd5,12.219444438695716,0.9064185743251666,0.2689630424463544,3.3700487846985703,0.0007515487703758,0.0026187458500481
5381,Stk38l,138.0692988198157,0.624972592231928,0.0971160156654031,6.435319529429276,1.2321384924144115e-10,1.189911932140508e-09
5386,Mrps35,18.76791516349541,0.6967545339465034,0.21510676791349,3.239110236767254,0.0011990322119678,0.003973078373436
5405,Gm21814,61.37718677777301,0.8140288626092044,0.1210859554889761,6.722735591604715,1.7834404497035286e-11,1.8520258447754606e-10
5421,Mboat7,265.40750816049217,0.6419662373697681,0.0640266097780652,10.02655364066611,1.1651254996425885e-23,3.086756894564923e-22
5423,Rps9,10.97495353026046,0.9256269456966512,0.2732019711036711,3.3880683289265363,0.0007038672712739,0.0024641387592816
5435,Dnaaf3,511.27680650543687,-0.6749478038862556,0.0433465366460755,-15.570974202557508,1.1464767252054779e-54,1.190566540008133e-52
5443,Cox6b2,28.624539595666057,-0.8142833195442745,0.1662521048069073,-4.89788276960475,9.687479867033469e-07,5.7438330658332e-06
5444,Il11,42.80126995634464,2.0115254006758323,0.1709959868795,11.763582510818477,6.012773304378384e-32,2.634189721342645e-30
5455,Zfp524,330.5420698491537,-0.5196130312391758,0.0553971333288805,-9.37978194926347,6.61093037466177e-21,1.4928279421870464e-19
5462,Zfp787,15.188371716562209,1.4539416772686118,0.2805174180987545,5.18307093770826,2.182619762691055e-07,1.4248433165600162e-06
5465,Epp13,44.715585799599374,0.6835013557937704,0.1495891032795369,4.5691921457441484,4.896077621397758e-06,2.5796026879039926e-05
5472,Zim1,47.70895797071595,1.0326263038302903,0.1331661064806692,7.754422886728983,8.874613128462051e-15,1.273870449318405e-13
5476,Zfp773,1448.9314736113213,1.940853857763775,0.0527256760850593,36.81041196385429,1.2581775853197093e-296,3.527720252972245e-293
5477,Zfp418,35.901350417348326,2.333822356476884,0.1998691222884407,11.676752915884787,1.6757534177184658e-31,7.137012593994367e-30
5485,Zfp110,2538.201645277264,0.9088199090844756,0.0473942629914541,19.17573671835237,5.902640915201583e-82,1.0912101990817168e-79
5493,Zbtb45,33.29532303630271,-0.7075455873485229,0.1566702458609145,-4.516145254387698,6.297547530528534e-06,3.24880840558361e-05
5499,Pla2g4c,152.28751545161748,-0.5593174619412989,0.074905123094495,-7.467012119260566,8.203621533018114e-14,1.068185178405292e-12
5507,Zfp541,147.660106877508,0.7364061190601786,0.0813867414596828,9.048232007482168,1.4530178440227838e-19,2.9100141892851543e-18
5518,Tmem160,47.12428260066019,0.5131727538444583,0.1288006687406188,3.984239824700717,6.769647954978619e-05,0.0002908217250934
5552,Opa3,47.66458990087096,0.5345640235968264,0.1292597463317974,4.135580014404884,3.54059217593244e-05,0.0001608516936962
5561,Gm26852,25.46630058215674,0.7866535271510018,0.2236782400762312,3.5168978747459043,0.0004366217374064,0.0016006292195225
5562,A930016O22Rik,26.630699493852795,0.526138503011346,0.1725950940441104,3.0483977886235847,0.0023006516227071,0.0071660548507316
5582,Gm16175,49.111869499061264,-0.5276909319116995,0.1336564896022084,-3.9481130582003576,7.876960529246959e-05,0.0003337886825781
5583,Gm16174,101.2457675201766,1.4177427057873089,0.1364818041529925,10.38777817003398,2.818420269890452e-25,8.231646562563727e-24
5591,Zfp235,29.2840034622372,0.5280024734787111,0.1680023401341179,3.1428280883302064,0.0016732407919847,0.0053627223935148
5601,Pinlyp,12.423567207730482,-1.1153502186644684,0.2770586470139071,-4.025682759536766,5.681023710981657e-05,0.000248303096622
5606,Tex101,100.20486335538769,-0.6859943384989514,0.0989587502772306,-6.932124108046574,4.145679956263553e-12,4.608899930063257e-11
5609,Cd79a,228.8453180405022,1.4202429562345191,0.1314369720062647,10.805505745878154,3.2416568492950006e-27,1.0714026164182672e-25
5621,Prr19,22.14568249657318,-0.6909717180513021,0.1861729187230406,-3.711451282982909,0.0002060743328306,0.0008054805997235
5634,Hnrnpul1,96.38450140803282,3.778505665354205,0.1725160472860318,21.902343143124742,2.467593720289434e-106,6.289746841883205e-104
5635,Axl,68.46069051710556,0.8717198109358161,0.1229789917553491,7.08836361799087,1.357070239199475e-12,1.5832172423060172e-11
5636,Gm30146,343.4391476635916,0.561083998621676,0.0605852989392755,9.261058514938554,2.0241544591328784e-20,4.382541887515111e-19
5637,Cyp2b23,16.851673007757714,1.2993507430227442,0.2727091135907138,4.764603301717413,1.8922555618774608e-06,1.0689528313453498e-05
5638,Egln2,18.72299351000114,1.6240870654902748,0.2737311403656694,5.933146894871751,2.9718273614265924e-09,2.4543471625566804e-08
5641,Snrpa,48.92094850095194,1.19451482598252,0.16341456656046,7.309720615025917,2.6769839844135393e-13,3.358307350468976e-12
5642,BC024978,134.8727201207106,2.5182391728802607,0.1399389305886792,17.995272382651613,2.121763632534577e-72,3.158799078772495e-70
5656,2310022A10Rik,446.9037398159696,1.7034066078986216,0.0755737945854208,22.5396464110753,1.6966815277844366e-112,4.6792251380192766e-110
5675,Selenov,30.17065970166505,-0.5749778136873688,0.1614578477167846,-3.5611636214545928,0.0003692149020808,0.0013757037204223
5686,Gmfg,52.2552744332428,-0.8245711905351346,0.1245036030898004,-6.622870102324652,3.522905875435199e-11,3.5552396846098594e-10
5699,Gm44702,15.952228958965758,-1.81497269624258,0.2416980703515637,-7.509256046614678,5.946431928853859e-14,7.876915302292006e-13
5710,Gm16282,119.16722458423732,-0.6871053856829743,0.0865880221176182,-7.935339887422693,2.099196435408177e-15,3.1644069563505165e-14
5714,Psmd8,43.7791251773813,0.8528013254711077,0.1508514964425168,5.653250684165896,1.5744142031367977e-08,1.195233309538373e-07
5715,Kcnk6,194.67825602867623,-0.5750687633377105,0.0672751148750479,-8.548016074083298,1.2522228191939429e-17,2.194390050760385e-16
5721,Sipa1l3,89.85216193448329,0.542839788203812,0.1354059361073542,4.008980727207048,6.0981392717838254e-05,0.0002650878474656
5727,Zfp27,70.18361710968472,0.5097514832736041,0.1392324645753311,3.661153918580572,0.0002510818545972,0.0009690181325739
5729,Zfp74,41.011384335165296,1.5898348224260954,0.1908865531148246,8.328689457081644,8.174217497214012e-17,1.3601865574246422e-15
5731,Zfp14,224.54746272924183,0.9429551917592756,0.0672966928394843,14.011909827551346,1.3181199925872904e-44,9.436056440551485e-43
5739,Gm26810,13.701725276104424,1.2892375794886508,0.3003533611193201,4.292402704215056,1.76750008490969e-05,8.488339688391584e-05
5740,Tbcb,210.14335515578367,0.8115650157836836,0.0672300774663766,12.07145739478832,1.4946358313618696e-33,7.123019430878393e-32
5751,Nphs1,414.1075647008511,1.4020106599068185,0.0593201683612705,23.63463723447849,1.6983223439785898e-123,5.7141753585503615e-121
5765,Haus5,90.40779269802655,-0.5625291393094838,0.1004003782401139,-5.602858765772368,2.1084502228248893e-08,1.575064746828735e-07
5775,Fxyd5,68.56878488036847,-0.7964176369581596,0.1285674157975845,-6.1945527334237855,5.845076970944883e-10,5.222078060658829e-09
5795,AC150683.1,1104.2957488367597,-0.9006307188778552,0.0347408940916754,-25.92422395639101,3.551777792515868e-148,2.29813683859594e-145
5797,Rhpn2,95.80713001085554,0.5014680434539973,0.0909586136959579,5.513145188538441,3.5247722349731265e-08,2.566980229824801e-07
5806,Zfp507,150.6171753096059,0.6306268772423278,0.077846830756345,8.100867705406584,5.456856600474415e-16,8.579504541101036e-15
5814,Pop4,777.3101782582854,-0.6757761209625722,0.0346856878071578,-19.48285196821488,1.5348674237065282e-84,2.9679396171281516e-82
5822,2610021A01Rik,28.16934868428996,-0.7687351321716739,0.165173813153168,-4.654098113354173,3.2540184073278323e-06,1.7653128560617906e-05
5827,Zfp976,840.8022588344184,-0.5968125457291888,0.0403031437263579,-14.808089160024467,1.2988026377886015e-49,1.1091247094171394e-47
5829,Gm17067,340.64799007539915,1.047694225603228,0.0906202884100404,11.56136494360513,6.467253757036769e-31,2.6930348998670685e-29
5841,Ctu1,181.44553817473783,-0.7032865704617278,0.0865857963661862,-8.122424230960556,4.569627852699422e-16,7.231876704229763e-15
5845,2410002F23Rik,62.08187789262078,-0.6370162296758679,0.1195879128809938,-5.326760993895639,9.997958140304753e-08,6.826122150744596e-07
5856,Kcnc3,447.6347373461337,-0.7965212289122255,0.055250623275654,-14.416511193697422,4.074228548703569e-47,3.202838639011222e-45
5865,Tbc1d17,2508.7965038341003,0.6734099516319916,0.0448709049082493,15.007719434429928,6.535643044455403e-51,5.879632242613544e-49
5879,Rras,165.21128038492017,-0.5944868704182201,0.0782696893744757,-7.595365142870827,3.0692572509085185e-14,4.191080741236527e-13
5880,Prr12,306.3727322180907,-0.5606840255397767,0.0531854583473066,-10.542054970711186,5.527761605823816e-26,1.6846654618618487e-24
5898,Ppfia3,64.72495022753645,0.7556371037131268,0.1084874903904553,6.965200328568089,3.279367675871288e-12,3.6877541718705e-11
5904,Ftl1,40.19684302038502,-0.5059945224270266,0.1333428652581731,-3.7946876381225225,0.0001478294487573,0.0005939658028288
5906,Dhdh,25.40983934391112,-0.8781329910034753,0.2006464264850513,-4.3765194645462495,1.2058942724940184e-05,5.9335359304378094e-05
5908,Nucb1,105.35781180047324,-0.5472829199970188,0.0855373342808058,-6.39817600815538,1.572439720518347e-10,1.5021665768472543e-09
5925,Lmtk3,698.1582388341193,1.7032122210833056,0.0719222202622397,23.68130759691686,5.618889955970848e-124,1.969303869360366e-121
5954,Htatip2,107.21089429048293,-0.5889672346646639,0.0939247090970804,-6.2706314485989845,3.5958683425941006e-10,3.2876789743185087e-09
5977,A330076H08Rik,24.440507255045127,-0.7065119363875405,0.1861767894940723,-3.794844342882145,0.0001477361130264,0.0005937625005844
5987,Mtmr10,11.407233259975795,0.942908091651094,0.2922022904277325,3.2269017818814607,0.0012513840702325,0.0041367722958383
5992,Fam189a1,403.73035336287455,0.5377455501310834,0.0477301994930817,11.266358738119804,1.9236159136049638e-29,7.405260987317234e-28
5995,Tarsl2,32.39811612393841,0.6744686035130585,0.1564973453693723,4.309776641393797,1.6341951528446613e-05,7.893214199341297e-05
6022,Gm44686,33.82414267673263,-0.7089407400851885,0.1595313971546565,-4.443894761342252,8.834483027620203e-06,4.431201788123276e-05
6026,Slco3a1,303.29316640768315,-0.5129130684195325,0.0550468849937203,-9.317749196490317,1.1883437904840875e-20,2.6478817996442134e-19
6031,Agbl1,82.64525521172318,-0.8238711797681278,0.1005802608418378,-8.191181578497426,2.5867398873820933e-16,4.176269205895293e-15
6034,Mrps11,45.72953928607599,0.8770848220387351,0.1302563374203203,6.7335289737841775,1.6559666672064156e-11,1.7249738230596612e-10
6040,Mfge8,78.5424605275911,1.1517740160686036,0.1407707166928983,8.18191484086341,2.7936846556942926e-16,4.4974312883009655e-15
6044,Polg,91.0444431244902,0.6248379549890121,0.1256391655672779,4.973273677581219,6.583162010710906e-07,4.003923879471785e-06
6066,Unc45a,44.70259087820957,0.5438054878690405,0.1527097144232608,3.5610405659052664,0.0003693880031687,0.0013759874779564
6069,Fes,87.73445546487181,-0.5281663481519793,0.0950678638849246,-5.555677034999973,2.765377721066757e-08,2.038648089461265e-07
6084,Ap3b2,18.956098450176302,-0.7244515808633627,0.2467720269009906,-2.9357119198685586,0.0033278321470096,0.0099598150167483
6087,Homer2,10.228525007202707,2.802650168320207,0.4376435357117341,6.4039565071201,1.5140125740933527e-10,1.4504688800667694e-09
6099,Gm16638,130.63228157725408,-0.5013101900348156,0.0878730736592638,-5.704935188436601,1.1638736558151376e-08,8.965131186711566e-08
6109,2610206C17Rik,74.12331997444012,-0.8061859841210124,0.1151380237758244,-7.001909166781163,2.5249777315766258e-12,2.873998672416345e-11
6141,Usp35,88.04481103868467,0.5964110222723173,0.112495102484892,5.301662108823046,1.147530856031306e-07,7.790521223169758e-07
6155,Emsy,31.48326907014989,-1.218114833786456,0.1701178962433061,-7.160415574645262,8.043285317875165e-13,9.603420078255066e-12
6156,Thap12,208.48745173872751,0.5900253916334,0.0632862326824556,9.323123950099946,1.1296427390390547e-20,2.523768897590176e-19
6157,Uvrag,125.83120542857162,0.7029589197389537,0.0824927908208762,8.521458817720804,1.5755603808345782e-17,2.7438563443871753e-16
6160,Map6,18.44454568186658,1.077898987968524,0.2117527270118609,5.090366500489732,3.5737210211362585e-07,2.2618776801570838e-06
6161,Serpinh1,15.051879893510376,2.14871591614698,0.3211356140266354,6.6909922857972495,2.2166235017699708e-11,2.2793555727552707e-10
6164,Arrb1,47.499281026202766,0.7451803923308687,0.132447573044698,5.626229119950636,1.8419166114068783e-08,1.3882868796459644e-07
6167,Xrra1,32.759082187485305,-0.7502126496177933,0.1570275244716719,-4.777586936697415,1.774113541596011e-06,1.004912865665646e-05
6176,Ucp2,102.02986030470218,-0.5556531679405655,0.1032749865468124,-5.3803267036854034,7.435078209981275e-08,5.140991398541512e-07
6181,Arhgef17,109.29236232971957,0.5701772671513269,0.0930550463724973,6.127311622294183,8.937631876791413e-10,7.822985487162433e-09
6206,Stim1,40.48940232977127,-0.5205151350547714,0.1435821359014663,-3.625208190327915,0.000288728757178,0.0010996793937075
6210,Trim5,142.91996168341927,-0.5241349651417884,0.0754433388091548,-6.947398848129798,3.720826631727799e-12,4.153647407137144e-11
6211,Trim12a,37.22464371431185,-0.5503140688545854,0.1649911936324559,-3.3354147984437126,0.0008517224928043,0.0029301692221775
6240,Ric3,48.87522299416239,-0.5784253528420971,0.1275055973556921,-4.536470279249861,5.720354652656846e-06,2.9738419753289905e-05
6247,Tmem9b,32.45466364731826,-0.6507943556210921,0.1648098438396251,-3.948759008924089,7.855738733533134e-05,0.0003329732746642
6268,2310014F06Rik,21.804118657026592,0.7582386407870103,0.1959860138403793,3.868840566371013,0.0001093541151403,0.000452228190513
6275,Rras2,63.83663654780902,-0.8788777226494177,0.1098766021970077,-7.998770485035546,1.2566770987587905e-15,1.9289305504032052e-14
6284,Sox6,29.207954075511157,0.5097894397676257,0.1714669577674609,2.973105993161603,0.0029480262883613,0.0089150901040989
6285,Gm45025,356.6781398102857,1.820739308374345,0.1360779419440166,13.380120851059086,7.901879022718097e-41,5.1128196461225587e-39
6290,Rps13,43.74083058854541,-0.9506607884108372,0.1453083113818329,-6.542370352875031,6.055132251583168e-11,5.99914545750198e-10
6306,Ccp110,12.182617230855485,0.801393684530732,0.2645893465501366,3.028820679969732,0.0024551036146456,0.0075797775939041
6309,Gprc5b,3398.457298891881,0.7400963277928784,0.0312829078802519,23.658169203000487,9.72585644116816e-124,3.3391445491790198e-121
6320,Uqcrc2,101.87610430951533,-0.6786397170096367,0.090105858060844,-7.5315826475053935,5.0128965933200294e-14,6.730403782076843e-13
6321,9030407P20Rik,791.7546442341469,-1.3311367725771015,0.0460316661878431,-28.91784901170165,7.122214747694162e-184,7.48856366877868e-181
6323,Eef2k,113.1059679544617,0.907698627626647,0.1117268455135297,8.124266137243868,4.500772229790692e-16,7.136332820147862e-15
6324,Polr3e,147.43539568144723,-0.8711555028837146,0.080875173930376,-10.771605927347697,4.687526531947194e-27,1.5253048132871885e-25
6327,Otoa,12.21087858233067,-0.8411795866295837,0.2746586507096835,-3.0626364196288054,0.0021939644725606,0.0068693587049856
6329,Cog7,275.4255669190471,-1.1807935816203263,0.0711132345136459,-16.604413927955196,6.47494542233667e-62,7.564444919442348e-60
6337,Ern2,169.82164525623426,-2.2432986028680517,0.1821360674665101,-12.316608314168924,7.373049194804656e-35,3.747335546954645e-33
6338,Prkcb,189.51981907501272,0.695318950068668,0.0968856083195201,7.176700049976132,7.141412771059427e-13,8.563078192981664e-12
6342,Tnrc6a,4059.509302668067,0.5335313585651464,0.037181420753552,14.349407519995774,1.074512626095348e-46,8.330196271337346e-45
6362,Nupr1,58.376877990560274,0.581877658011579,0.1161314932848045,5.010506982671479,5.428682845207724e-07,3.3465273545228853e-06
6374,Hirip3,12.6729013895586,1.3860051961378597,0.2690483183120659,5.151510348896695,2.5839696308447897e-07,1.6687186602572703e-06
6378,Sez6l2,503.454112835156,-0.8245327352341832,0.0440244535596117,-18.7289714821268,2.874150385019033e-78,4.835183192717519e-76
6392,Zfp747,155.8795327358446,-0.8719498817627055,0.1550256114873945,-5.624553732746318,1.8598815666800573e-08,1.400572408068872e-07
6394,E430018J23Rik,48.280732734663424,1.0141411853394195,0.157583761312216,6.435569102390769,1.2301154876063444e-10,1.1886406001149644e-09
6400,1700008J07Rik,341.80640660329186,-0.7673134585387824,0.0666238096386657,-11.517105711911515,1.081840919302064e-30,4.4607376925045645e-29
6403,Tmem265,18.438941508836116,0.6360696902142685,0.2008559079643417,3.1667960213905726,0.0015412838768638,0.0049786902189862
6406,Rnf40,33.89783378764972,-0.7321491859605361,0.1779522963299693,-4.114300298788745,3.8835559783999865e-05,0.0001752966520649
6410,Gm39090,88.03808624273738,2.353022453929774,0.1609513025650058,14.61946822691555,2.1104223467951095e-48,1.7234774339870941e-46
6418,Stx4a,125.84452705976528,-0.6282108415884036,0.0884041748951153,-7.106121880937483,1.1934902671042928e-12,1.4011225934051304e-11
6430,Tial1,209.64957561892984,0.6297885126190251,0.0636582759990763,9.893270006686384,4.452417062071045e-23,1.1383436509912037e-21
6439,Ate1,115.46372372005736,0.710051056081213,0.0943980575771709,7.521882063100107,5.3993279695010075e-14,7.180465962918216e-13
6448,Acadsb,251.20691273981024,1.504192446091758,0.0828873178971896,18.14743780173346,1.3453146269067991e-73,2.0763511897663386e-71
6449,Bub3,147.2256775679131,-0.7281614618568325,0.1180857762097957,-6.16637740148443,6.987220707988763e-10,6.186632314236578e-09
6450,Chst15,118.96523516349262,1.5045955619099292,0.1052295079685495,14.298228614350409,2.2445016360191733e-46,1.7085633946945946e-44
6455,Zranb1,71.03181945778472,-0.6573220795032609,0.1109249557210538,-5.925826836985608,3.107298922427757e-09,2.5607338740771216e-08
6459,Bccip,34.77844028467557,2.73901644744666,0.2577569904003689,10.62635175555161,2.247324601917221e-26,7.079914190646704e-25
6470,Tcerg1l,394.5807358320861,0.924051428973432,0.0611475266938959,15.111836552265247,1.353151223961071e-51,1.2439378710763443e-49
6474,Stk32c,10.887854888522916,1.6971142076446488,0.3212056565769003,5.28357509556604,1.2668689756677886e-07,8.531840183210249e-07
6476,Pwwp2b,219.7783665692004,-0.7319870656359456,0.0613307620038506,-11.935072086500202,7.769155702533157e-33,3.551644195209655e-31
6478,Nkx6-2,152.96207945336985,-0.7875582764443185,0.0761548615156629,-10.341536453090908,4.571485178682368e-25,1.3191439993305912e-23
6485,Tubgcp2,14.418552676406224,1.3002158840002054,0.2657200043807611,4.893180274591117,9.921944378416713e-07,5.869088265756131e-06
6487,Caly,79.10154453212147,-0.5024343741483638,0.1058696027145196,-4.745785015394762,2.0769922309284355e-06,1.164319903395837e-05
6488,Fuom,430.7387554616653,-0.7244584725375296,0.0513911854537502,-14.096940285401866,3.965956375107174e-45,2.8758312111391383e-43
6502,Ifitm5,384.3781741737344,-0.6330251374811543,0.0598422786854588,-10.578225819381675,3.760106710419081e-26,1.1627991762753714e-24
6515,Deaf1,88.56282073882144,-0.5142678671811166,0.1018580480471331,-5.048868273453929,4.444350420942356e-07,2.780487435162263e-06
6537,Tnni2,17.93649753335197,1.2947933865095766,0.2325975547047827,5.566668093965792,2.5965629649956064e-08,1.9192433550141078e-07
6538,Lsp1,20.823746300297813,0.592396112552574,0.1983384105375068,2.986794695728131,0.0028191897722267,0.0085624173204858
6541,Gm33148,19.284110974934084,3.3845045077802,0.3219594955615626,10.512205896822325,7.589718435576399e-26,2.292312984590696e-24
6549,Phlda2,349.87685114378223,-0.6078885196131529,0.0808038223500045,-7.523016881306215,5.3526509307419824e-14,7.129663231027108e-13
6550,Nap1l4,231.7390964148686,-0.7185605634136276,0.0624865788532366,-11.499438385022223,1.3277654028557996e-30,5.434792547991026e-29
6554,Tnfrsf23,16.98016172760824,0.7397320597389941,0.2212548442975069,3.3433485358825625,0.0008277386636264,0.0028575923534144
6573,Pnpla6,373.4443212335235,-0.5284714037643974,0.0489199361988752,-10.802781950000751,3.3392987039570046e-27,1.101510237189582e-25
6574,C330021F23Rik,138.20915322398946,1.04114209782554,0.112914758592885,9.220602433198174,2.954356408343225e-20,6.315265293209414e-19
6591,Zfp958,34.047289688508265,-0.5777101603118737,0.1545418863744361,-3.738210875154924,0.0001853344672918,0.0007318971228286
6598,Tnfsf13b,561.264396316051,-0.6218679247892261,0.0428511745139384,-14.512272576961616,1.0130773226255159e-47,8.039150848362762e-46
6604,Rab20,13.925887086579811,0.8959118990503206,0.2422431509992317,3.6983992957273006,0.0002169633965831,0.0008452930108192
6609,Sox1ot,30.295945009767784,-0.5527112593513711,0.1689167399315506,-3.2720928640663067,0.0010675450516193,0.0035782646749136
6615,Gm15347,21.808183651091408,-0.7487205799511542,0.1938576334832339,-3.8622187143118536,0.0001123619027563,0.0004636409835834
6623,Dcun1d2,20.830103780624665,0.6937516692284096,0.2140666728487041,3.240820535005617,0.0011918619298794,0.0039508755165244
6624,Tmco3,3281.749602606555,0.7073210155191518,0.0258712275558517,27.3400639375214,1.417548951579568e-164,1.1923713006211536e-161
6638,Gm16725,15.059863813735053,0.8964127347663007,0.2310449040603193,3.879820411586625,0.000104533616995,0.0004338931751067
6657,Plat,83.63236527287422,-0.9396973625150392,0.1077473467785041,-8.721303963491296,2.7501605358017487e-18,5.073020909407106e-17
6662,Gins4,73.1241638086924,0.5457428460795314,0.1128925194698657,4.834180764520944,1.336950612729275e-06,7.718435194902059e-06
6667,5830408C22Rik,22.46699499106873,-1.3309547907862056,0.2111240142313372,-6.304137384048714,2.8980335410886977e-10,2.678770234161272e-09
6672,Letm2,36.11438503759669,0.8278916480813487,0.1748406669771683,4.735120623793203,2.1892485465071973e-06,1.2239856529707736e-05
6673,D830025C05Rik,42.06455073959216,-0.585992243396786,0.1354141876244924,-4.32740655670261,1.5087531940486943e-05,7.331529457966836e-05
6676,Bag4,15.650404732267248,-1.3092677021092702,0.2395884260989376,-5.464653378409066,4.6381220004306555e-08,3.3316450219148125e-07
6698,Adrb3,60.16670761814154,1.0778033818256392,0.1346719336135222,8.003177446896169,1.2124901545847589e-15,1.8662142608032382e-14
6708,Purg,467.5319910911712,0.546776735698792,0.0509856814450808,10.724123326423554,7.842723147313793e-27,2.5275504120164737e-25
6718,Saraf,12.539257672579948,1.3335833821328218,0.2858527426259617,4.6652810460448,3.0819551145193963e-06,1.6768347636338877e-05
6720,Tnks,42.21620584307063,0.6053756977788703,0.1525924561556522,3.967271469576162,7.270016741697235e-05,0.0003097074997355
6721,Ppp1r3b,145.77373217656933,0.904745467695388,0.0831460261077067,10.881403598572312,1.4136916783390263e-27,4.804552546403524e-26
6733,Cnot7,921.8655786495544,0.5206015524460644,0.0465038980569844,11.194793860250927,4.32406792622299e-29,1.6237454179207445e-27
6745,Frg1,26.94704299503049,1.8906697140280817,0.2137469188914343,8.845365930109077,9.122885483109968e-19,1.730262711187813e-17
6747,Triml2,129.0331122502259,-0.6485903825982259,0.0909527745042257,-7.131067591215613,9.959339389895114e-13,1.1799011729310246e-11
6748,Zfp42,37.62361717961315,0.5234744366802802,0.1478236684453842,3.5412085370732487,0.0003982986417682,0.0014736261382158
6758,1700029J07Rik,50.265011081902365,-0.5928445177329819,0.1560513384269895,-3.7990351361859744,0.0001452604998825,0.000584901242107
6759,Ufsp2,93.92466114242696,-0.567351029813103,0.0900298390342291,-6.301810998433499,2.941877735248605e-10,2.710361946335558e-09
6768,Irf2,33.71821738151887,0.7054068676283511,0.1571360226221588,4.489148037840668,7.150859144995055e-06,3.655390562025275e-05
6784,Asb5,47.54830210083127,-0.7032770341811002,0.1645981346605381,-4.272691398547839,1.9312765614947624e-05,9.209145576538092e-05
6787,Sap30,42.10556424677984,1.1813736642183277,0.1438681111391268,8.21150465425856,2.1843374372699851e-16,3.5538789852217546e-15
6815,Naf1,176.48103823545128,-0.8849622117451972,0.0703892156952967,-12.57241188161624,2.99447054603262e-36,1.6250315482550567e-34
6830,Zfp866,64.63685093787045,-0.6660773138955246,0.1204930242468283,-5.527932575840029,3.240265260080042e-08,2.367983599927305e-07
6831,Atp13a1,262.7248969233724,0.7944673772447586,0.0601677033885457,13.204216423457554,8.295846294786564e-40,5.09346796413118e-38
6844,Nr2c2ap,64.91216195474722,-0.5076877962318357,0.1150571167568841,-4.412484951318402,1.0219089958553673e-05,5.084635407186464e-05
6845,Borcs8,21.010871359941707,0.8754317917872461,0.1953868072943853,4.480506150388398,7.446623388866613e-06,3.791697561935467e-05
6849,Armc6,24.938142210822203,-0.7845220331261802,0.2081758491134235,-3.768554500761217,0.0001641956375774,0.0006542546686321
6851,Homer3,12.583058099680697,0.9360642187758694,0.2566655394748653,3.647019466232381,0.0002652998325349,0.0010182840708954
6854,Upf1,27.23245243080387,-0.6284630994591621,0.1678861281870991,-3.7433890830979046,0.0001815547650262,0.0007184887819421
6879,Il12rb1,26.494537741728628,0.6677338789868152,0.1830236985529799,3.648346548922602,0.0002639334698501,0.0010135021144234
6883,Rpl18a,510.3487177732368,0.6763053639557182,0.0447272357099984,15.12066089531518,1.183488441700008e-51,1.0939464865230348e-49
6884,Map1s,375.35709709522274,0.7440054347898956,0.0504345960852064,14.751886453753686,2.9918343312256152e-49,2.542001462333764e-47
6892,Babam1,57.169602307440144,1.8385389701343064,0.2556169243449486,7.192555715337709,6.358960443783572e-13,7.652131011857726e-12
6902,Pgls,63.63767201428977,-0.7624324320390717,0.120952541094051,-6.303566879559931,2.9087261207496855e-10,2.685702498867836e-09
6910,Zfp961,32.25571425957205,1.7241909394957733,0.1892346189434127,9.111392773281946,8.133106847557338e-20,1.6767555943193273e-18
6914,Rab8a,29.76683409578047,1.4164696383023083,0.1818957024327212,7.787262806971626,6.847642582468795e-15,9.930852686626945e-14
6929,Sin3b,103.92639619290831,0.5195313826219454,0.1034332068608854,5.022868364902383,5.090543583000679e-07,3.1554242703323665e-06
6940,Gm45406,122.32704148154704,0.6998274201490043,0.0874695647877002,8.000810588775357,1.2360279869004565e-15,1.9007037315929045e-14
6943,0610038B21Rik,305.29754938580504,-0.5639642934566075,0.1550877443013777,-3.63642076294998,0.0002764526291478,0.0010577126632144
6944,Prmt9,61.669456936197214,0.5403751847003009,0.1418568387251908,3.80929949910368,0.000139361065027,0.0005635748069592
6959,Gab1,598.8092277625195,0.5875926011145748,0.038278370469522,15.350512414900903,3.513997703815531e-53,3.457075050952554e-51
6963,Il15,162.4307145191381,1.0706304844859464,0.080829593189223,13.245526078296445,4.789141557315341e-40,3.006258523086417e-38
6968,Ndufb7,77.86936629453929,-0.5015042659419651,0.1046491621258976,-4.792243490097252,1.649265673668787e-06,9.370346649148936e-06
6972,Pkn1,214.76099006656756,0.5218755689197339,0.0903562839314455,5.775752899662045,7.660973505024573e-09,6.014025071163247e-08
6976,Gm10644,101.30733924711184,0.6909108794483003,0.1030992482242646,6.701415299803251,2.0641048745553583e-11,2.1264198594393628e-10
6979,Samd1,59.162549842081305,0.5919198179807943,0.1184632720302209,4.996652615080484,5.833401298998956e-07,3.569854858241522e-06
6989,4930432K21Rik,1281.1117614102884,0.5163389898583856,0.0498186232159371,10.364376944347322,3.6009752304609573e-25,1.0426713649233165e-23
6994,D8Ertd738e,2642.6191405292643,0.5291180890559033,0.0302763019522016,17.476311667496304,2.1709526697276003e-68,2.9217549410261935e-66
7000,Dand5,15.047376400499374,-1.1303576109213789,0.243489850777603,-4.64231920678212,3.4452005886381683e-06,1.8636208843299004e-05
7001,Gadd45gip1,150.12870316138395,2.1545497963472093,0.1267172699681188,17.002811036643067,7.827473460078955e-65,9.542143914413642e-63
7003,Calr,46.84514611416222,0.6586027742549551,0.1313546121888936,5.013929570343947,5.332951388970245e-07,3.2923391272163826e-06
7005,Farsa,57.656783769947566,-0.6772624702605757,0.1177450013688107,-5.751942438211856,8.822384096216995e-09,6.871248502345303e-08
7014,Asna1,220.50503640119732,-0.9795023487640186,0.0871967753312895,-11.23324050737614,2.8001676083946895e-29,1.0681909223588178e-27
7024,Orc6,292.27223516363875,-0.5201131311099058,0.0637611457808753,-8.157211178377372,3.4284864601978543e-16,5.4878618192110835e-15
7027,Itfg1,87.5622678617339,0.7445237500411992,0.1045512398390889,7.121137455539207,1.0703997302621909e-12,1.2636726078737429e-11
7056,Irx5,32.07997823441031,1.186442002173333,0.1728121612711405,6.865500630547738,6.625847227210762e-12,7.200686557065028e-11
7067,Mt2,18.504493251061614,-0.928265715332528,0.2041163798834392,-4.547727702512727,5.422823481829462e-06,2.8340527938744035e-05
7083,Adgrg1,15.15189144739041,1.5500062924125309,0.297145359261044,5.2163234057135,1.825094093058596e-07,1.1998264137368017e-06
7085,Kifc3,75.1221897427935,0.5745657785486736,0.1559005825179379,3.685462679285141,0.0002282875346968,0.000886537672254
7102,Sap18b,45.231918936649045,1.2152330698737714,0.143264849139843,8.482423128701752,2.205518159462057e-17,3.805480204782583e-16
7109,Cmtm4,1614.8014068147395,0.8496735124031525,0.0432312176243719,19.65416564913363,5.3257388063150595e-86,1.0794566739594968e-83
7128,Tmem208,34.028909312412935,-0.6066485506158361,0.1534373871937746,-3.953720548237081,7.694527221169625e-05,0.0003268813925296
7129,Fhod1,15.868368218911073,0.9555069143458328,0.2337428066911636,4.087855912538568,4.353784155327216e-05,0.0001948712292923
7137,Ripor1,35.65743162316325,1.926788162824376,0.2126376389200482,9.061369250572088,1.2882311767532656e-19,2.595335093982878e-18
7142,Pard6a,843.2219139551671,1.0328940353697016,0.038598450683032,26.759986918950723,9.44895379365523e-158,6.9112934639418216e-155
7143,Enkd1,238.73009982801696,0.8288528429091169,0.1456252726732059,5.691682684564822,1.2579346847343748e-08,9.649902052570172e-08
7151,Nrn1l,23.06878232385261,-1.3156490488421526,0.2485405472275602,-5.293498640435369,1.199981345215651e-07,8.117123510479654e-07
7157,Gm45752,53.59286595552186,-0.8346533022729797,0.1419757084377748,-5.878845835369027,4.1313691016439074e-09,3.3543447102777725e-08
7162,1810019D21Rik,15.71638887902978,-0.7482318717858505,0.2328760473199992,-3.2130048598673246,0.0013135406692759,0.0043193304689659
7173,Chtf8,48.84910434842468,1.4512497454004014,0.1982082365864231,7.321843786081134,2.445867824449519e-13,3.084470345630754e-12
7186,D030068K23Rik,64.61482883141105,0.9887464447618008,0.1175824985036714,8.4089593038451,4.13664600518825e-17,7.008136530239872e-16
7197,Hydin,42.71716384554097,0.7836280181780595,0.1603262818243828,4.887707799750666,1.0201679288941031e-06,6.026083240093222e-06
7198,Vac14,27.196687434841323,0.5332861339032915,0.1773646600654354,3.0067214838995846,0.0026408159632475,0.0080976932857342
7199,Mtss2,23.083789388631875,0.7951638312391676,0.221860864920284,3.584065317354977,0.0003382874293431,0.0012697477518606
7200,Sf3b3,14.09120772161043,-0.930286648506193,0.2502275195674788,-3.717763138579658,0.000200994585554,0.0007880120047391
7212,Mlkl,658.5126781109889,0.8691922594458393,0.0434543459931264,20.00242414379741,5.245962170957314e-89,1.1461405402859075e-86
7213,Wdr59,1279.5223635878256,1.0189346419484095,0.0447106336829831,22.789537029894884,5.822778425826051e-115,1.7185368676784502e-112
7219,Chst5,137.38863129531916,-0.7217341665320266,0.076893782357171,-9.38611867445376,6.225205233277628e-21,1.4076159628955585e-19
7227,Nudt7,109.6738875167758,-0.5131224970543599,0.104408795728218,-4.914552394513261,8.898552614527788e-07,5.291634875722904e-06
7235,1700030J22Rik,341.6118406160417,0.6511001474950154,0.0552683961324684,11.78069553410677,4.908634379345807e-32,2.1617266011448822e-30
7236,Gcsh,39.221048952260645,-0.5637856782795382,0.1486620000833065,-3.792399388973689,0.0001491987048777,0.0005989797418452
7240,Sdr42e1,2009.4511818382816,0.5672746064440363,0.0306100415192503,18.532304377544936,1.1332807955032256e-76,1.8876418636386893e-74
7243,Hsbp1,135.37557653450003,0.6576178471547486,0.0786648852425507,8.359738212635632,6.28575819736655e-17,1.0521921408387809e-15
7244,Mlycd,328.5243562204631,-0.5078542276647672,0.0600569385859046,-8.45621238149426,2.7620235644816208e-17,4.731723261229563e-16
7258,A130014A01Rik,294.82260687643657,0.5285647885227732,0.0572145065286521,9.238300224752898,2.5044395442624048e-20,5.374003374123269e-19
7260,Gse1,93.7813698281966,1.423938238794992,0.219641498397534,6.483010948221517,8.990997096381071e-11,8.804164386054641e-10
7284,Piezo1,32.82548852918284,-0.6220973062118905,0.1523875164279719,-4.082337718955696,4.458494359786745e-05,0.0001990585207396
7292,2810013P06Rik,36.53578627269907,-0.7775318915152578,0.1473866275979477,-5.275457510543408,1.3242529219659976e-07,8.87919765095017e-07
7305,Tcf25,998.6178840580998,0.6345552783518272,0.0476071995659893,13.328977216403093,1.5703579056080103e-40,1.0083256124444107e-38
7311,4732419C18Rik,36.858079002030046,-0.6047615341595115,0.1518547040548371,-3.982501154136936,6.819379355476772e-05,0.0002928833773224
7313,Rab4a,876.3589860105147,-0.6390138577454685,0.0384052028964368,-16.638731462209098,3.652744606475565e-62,4.327473416530875e-60
7326,2310022B05Rik,43.26695125321753,-1.072461858278287,0.1777827581944055,-6.03242895526207,1.6151335808449716e-09,1.3729859641513372e-08
7358,Alkbh8,11.770745266458713,1.2433198638395453,0.2994172321609537,4.152465958175681,3.2891169353967896e-05,0.0001505184391228
7363,Pdgfd,37.0371247783998,1.2241939620027442,0.1626931795764162,7.524556131916679,5.2899723720997606e-14,7.057351722112155e-13
7365,Dync2h1,51.28191686798458,2.7037691615506825,0.174832807343393,15.464884438080029,5.988062898406615e-54,6.1052837660542105e-52
7367,Birc2,729.3373874794727,0.6785171778725592,0.1252543595806524,5.417114263680824,6.056863552258704e-08,4.245608980818674e-07
7368,Birc3,46.97055280736309,0.6971074715051286,0.1486682123227282,4.689014958973552,2.7452332222022075e-06,1.5058056242943508e-05
7376,Gm16833,98.18396446819416,0.8532461799768075,0.0989498794261658,8.623013842209689,6.521456895135311e-18,1.170869470083899e-16
7378,Jrkl,14.921341509466506,1.1384655047942849,0.2495659499597103,4.561782186143892,5.072124983100363e-06,2.663182228174076e-05
7384,Kdm4d,105.96018654449932,0.632745820172414,0.0999810253835827,6.3286590405014325,2.4730087999698757e-10,2.304899005091037e-09
7392,Vstm5,215.8536780930575,0.5206446110317866,0.0926816740001506,5.61755726413552,1.936759960626451e-08,1.4545586079294097e-07
7398,Zfp558,45.18752589981327,0.8300322581833123,0.1450577728708216,5.722080532164805,1.0522740467750105e-08,8.142781181644895e-08
7409,Col5a3,38.70309916920514,0.5635161385071518,0.1524284243464753,3.696922938901863,0.0002182285503334,0.0008498284495973
7420,1700084C06Rik,29.674886997873728,-0.6941668315706355,0.1650108805462851,-4.206794299094256,2.5901870496811476e-05,0.0001204054068438
7426,Atg4d,14.02551075254635,0.8309995451405754,0.2464051113448633,3.372493129728653,0.0007449094488459,0.0025993801406212
7431,Ilf3,169.81065642005566,-0.6431379635949755,0.0784212672911834,-8.20106567784681,2.382653050240668e-16,3.8615965572445815e-15
7432,Gm16853,105.05668712266232,-0.6035226506496667,0.0966394335697133,-6.245097144679558,4.2353679806833116e-10,3.839124895390231e-09
7449,Epor,456.5148868692723,0.8408950726697534,0.0789386136241674,10.652518888579882,1.6970969678416082e-26,5.376697229755061e-25
7459,Acp5,179.48332324446832,-0.5108580388254566,0.0882155079076394,-5.791023040532948,6.995897817271645e-09,5.515088518273706e-08
7469,Dpy19l1,16.848152890446666,0.8540405757326366,0.2427209699428433,3.5186105919638857,0.0004338129607943,0.0015910258206767
7477,Glb1l2,39.79041363352373,3.22668071145256,0.2177894959668396,14.815593824340596,1.1615818550763829e-49,1.0021175152794864e-47
7480,Vps26b,46.96692392045755,-0.7602198921779948,0.1366828083370432,-5.561927658841958,2.668108989769073e-08,1.9686665585475927e-07
7484,Igsf9b,75.70317355220918,-0.6406317363694776,0.1063304912503815,-6.024910905950308,1.692028042942117e-09,1.4347272059685098e-08
7489,Gm29724,18.145293809826462,-0.7288723830715352,0.2115710999939661,-3.445046998821305,0.0005709601068262,0.0020406334984358
7494,Prdm10,243.4933408087844,0.663749050048672,0.0630889453408416,10.520845553253906,6.924930524197917e-26,2.09528968001046e-24
7506,Foxred1,98.61998926040572,0.5514461178798812,0.1219832512130771,4.520670767469786,6.1643995352262284e-06,3.1850028679702346e-05
7508,Rpusd4,11.93106795605232,-0.9903771566476706,0.2880688467741268,-3.437987716263604,0.000586054283326,0.0020896971615927
7515,Chek1,53.96545433689633,0.6054813100921178,0.124281686341114,4.871846592347183,1.1056000297649178e-06,6.471645546532781e-06
7516,Stt3a,121.82701759728404,0.7915604754700477,0.1056123125685334,7.494963950878283,6.631658691892825e-14,8.715968294821328e-13
7520,Pknox2,67.11659404123878,0.5291258395923353,0.1118349706711458,4.731309324953874,2.2307629399302245e-06,1.2451269057215052e-05
7523,Gm34885,85.86887013520867,0.6678072678474439,0.0974835296183368,6.85046253928241,7.361158680057072e-12,7.958661470089981e-11
7544,Hspa8,29.996596063852145,-0.6032836330632813,0.1579096804563728,-3.820434765745449,0.0001332166375227,0.0005417218982463
7554,Pou2f3,48.29706511835275,0.7781566153903092,0.1299828872971309,5.986608172593543,2.1426210877049153e-09,1.7986683911407083e-08
7565,Gm48604,37.98367839702894,0.6443487032855411,0.160198014555702,4.0222015551977774,5.765668610159813e-05,0.0002516104877528
7569,Gm48853,67.26835938699514,0.7406810458151454,0.1085718926438992,6.822033104318042,8.976097416838197e-12,9.636559466717868e-11
7570,H2afx,56.95926192374009,-0.7691932998596845,0.1203796572734474,-6.38972827537156,1.6618078625476774e-10,1.584840911090679e-09
7578,Foxr1,191.76416095369248,2.0737484433891176,0.2703270276674542,7.671258258127863,1.70317227233145e-14,2.377798102691451e-13
7579,Bcl9l,18.19993256976949,1.5652663500751358,0.2418638823385616,6.471682894282132,9.691735313404507e-11,9.46280111302403e-10
7580,Cxcr5,269.2090604228816,-0.5209957042054753,0.054841792354097,-9.499975873172811,2.0993893680189123e-21,4.8714520466458156e-20
7582,Phldb1,485.3187234962345,-0.6937482081619724,0.059064503359924,-11.745603005149256,7.438997173933939e-32,3.2254188004404814e-30
7586,Gm39326,34.266950733943965,0.6852408375784995,0.1575544730227119,4.349231249561032,1.366155927331317e-05,6.677176399039729e-05
7591,Mpzl3,672.7844525447717,-0.5252162466146975,0.0521235196050171,-10.076377239961808,7.02693377778034e-24,1.8893847176225795e-22
7601,Gm48529,69.05125145480014,1.1444255857198102,0.1177857224257397,9.71616561117019,2.572881898129268e-22,6.337275574264813e-21
7615,Zw10,38.67933259700852,-0.8426023523045751,0.151007472901356,-5.579871883923226,2.4069580576652988e-08,1.7869486056532797e-07
7629,2310030G06Rik,40.60272063090626,-0.5950144408522963,0.1394383773878441,-4.267221492382112,1.979226284960953e-05,9.40579768132715e-05
7634,Alg9,34.47317232564495,0.9912052998586396,0.1691220926562352,5.860885968774082,4.6040407001484996e-09,3.718376221728191e-08
7654,Elmod1,44.10424503867222,-0.5800383562588322,0.1504053732033395,-3.856500229381123,0.0001150219901843,0.0004736878680221
7670,Scaper,37.83227230068724,0.5977897440647828,0.1413566036316033,4.228948126277236,2.3478646857903275e-05,0.0001102375875217
7673,Peak1,64.21474241873514,0.7472046394448504,0.1785855944715434,4.184014067069185,2.8640637631009896e-05,0.0001322958393373
7701,Sema7a,25.653585739546408,-1.274428589543475,0.1998505426785623,-6.376908325904592,1.8069854872418982e-10,1.714546917759191e-09
7712,Adpgk,50.64373982701426,-0.5989103100214797,0.1558279975029885,-3.8434063173403312,0.0001213383303623,0.0004975869278542
7717,Parp6,252.47938726793944,0.7565500666088867,0.0580118592207316,13.041300119864436,7.123191661922558e-39,4.234397644117427e-37
7723,Thsd4,47.76843180784288,-0.6716009928872688,0.1482503851943581,-4.5301804241978285,5.893333633222166e-06,3.054329997279621e-05
7755,Slc24a1,61.97847843334043,1.5316498945812362,0.1289897408725992,11.874199329495658,1.6116976056508205e-32,7.269058664842829e-31
7757,Hacd3,359.351903687321,-1.2146059971385186,0.0633530980649024,-19.17200633020675,6.34152552165238e-82,1.1596030853343259e-79
7776,Ppib,242.1697920771832,0.573552803258698,0.0829513989639249,6.914323452316131,4.70101456472491e-12,5.175730891516176e-11
7792,Gm19299,33.78109673304076,0.8979464123682455,0.1592573594746678,5.638335429711032,1.7170180409114848e-08,1.298219977629389e-07
7798,Bnip2,270.9315769447052,0.7185873423909629,0.0781719083150341,9.192398623493276,3.841774351021162e-20,8.119368078797614e-19
7804,Gm32511,33.0824926935995,1.1069649017956462,0.1902709921539588,5.8178332349260025,5.961533277864448e-09,4.7329341356070614e-08
7805,Aldh1a2,92.40730269802852,-0.9209402785669492,0.0933100404931981,-9.869680408445236,5.634384018442051e-23,1.4318314553210065e-21
7817,Rfx7,56.09416896183063,-0.5549819004122549,0.1172500414761527,-4.73331943788806,2.2087745625772303e-06,1.2336724590384043e-05
7820,Prtg,23.556380404196965,1.2943902902889797,0.2143640984596287,6.038279262200022,1.5576632101601163e-09,1.3295062498489925e-08
7823,Ccpg1os,499.8414323047136,-0.576472942251403,0.0463950298018623,-12.425316778830098,1.904704390549023e-35,9.951193155964665e-34
7825,Pigb,140.1279017041265,-0.5800101823081404,0.0782313824587743,-7.414034676094196,1.2251386422770609e-13,1.5805603818272237e-12
7835,Myo5a,16.000638141612253,1.2290010938490743,0.2275817877508923,5.400261180803804,6.654394390628189e-08,4.641246966564594e-07
7851,Gclc,1796.1352747385122,-0.501884728955718,0.0466380869893045,-10.761263193981652,5.244627175521464e-27,1.7032888604980229e-25
7858,Dppa5a,2131.378517065164,0.5166379649781454,0.0368097188861573,14.035368392134952,9.470303258511049e-45,6.837721532958427e-43
7859,Ooep,46.38310134739727,2.1187083488681084,0.2657358963040897,7.972985126719974,1.5488682180186232e-15,2.3580642562649137e-14
7870,Filip1,19.4301648341812,1.1382102260628555,0.2168987974271536,5.247655771098169,1.5404678476686897e-07,1.0218963170871597e-06
7881,Gm2087,179.2374200293066,0.5081824367381741,0.0751495093123414,6.762285494453889,1.3583170174402176e-11,1.4290786231642762e-10
7890,Ube2cbp,75.89352190357755,1.6728252825586802,0.1212638997597197,13.794915765312895,2.7347212148423457e-43,1.9010832643509412e-41
7895,Snap91,84.46776082777865,-0.6181602666932925,0.108331444548082,-5.706194256635493,1.1553014164898012e-08,8.90317715511128e-08
7904,Mthfsl,357.7940149644825,0.5512494893703954,0.0499862679566183,11.028018531985804,2.7996536933216078e-28,9.93640803433532e-27
7911,Plscr1,192.0587276842252,0.8035671988231206,0.0788425110869314,10.1920548666583,2.1516734578533127e-24,6.022895604237318e-23
7926,C78334,39.31887334631801,2.350653199472662,0.3879370750070973,6.059367229671607,1.366580744474129e-09,1.1729585645045038e-08
7930,Rnf7,433.9329224796775,0.6652039083235833,0.0482137737177673,13.796968314854126,2.6579772159634033e-43,1.8554004441556983e-41
7938,4921534H16Rik,32.87766339811363,0.559686704967865,0.1596729961738225,3.505205754131283,0.0004562545286034,0.0016649826322548
7947,Gm1123,70.69219789764458,-0.5272684260753709,0.1162381431969276,-4.536105030360703,5.7302651070661445e-06,2.978073830589241e-05
7948,Pik3cb,53.40792142064513,-0.5899637605412962,0.1254859129710255,-4.701434181520579,2.5834053839559354e-06,1.42680987440219e-05
7952,Mras,41.1116508862678,0.7612691539433922,0.1406360612698785,5.413043760394627,6.196233966700052e-08,4.336075042503951e-07
7965,Cep63,21.266450124148594,-0.7537220427752102,0.1947317593041832,-3.870565569111143,0.0001085831457584,0.0004494041455268
7972,Trf,147.28415100371495,-0.6140732673744613,0.0812152028042737,-7.561063029718217,3.997884461186452e-14,5.415169910671472e-13
7975,Cdv3,179.54894049312222,0.7534970493451477,0.0759668148886339,9.91876585124388,3.449954383715136e-23,8.887991209378213e-22
7985,Mrpl3,431.3765636959791,-0.7005903544749447,0.0690357183479931,-10.1482300936369,3.3742722918256426e-24,9.336411639043223e-23
7995,Ppm1m,65.91503428337424,-0.5402880977588987,0.1124169957487266,-4.8061068894470855,1.5389764073581589e-06,8.797213761803025e-06
7996,Alas1,30.838473028253382,2.2586997626606578,0.2086871933038105,10.823375056716596,2.6676894896699564e-27,8.886839660340134e-26
7999,Rpl29,171.80453231601788,0.9396925081359868,0.0767747726869476,12.239600004647649,1.9097144890818062e-34,9.42144482399508e-33
8011,Dock3,110.234355480502,-0.6900222153955745,0.0880901904260697,-7.833133429024431,4.7585883422362505e-15,6.979401192802131e-14
8020,Gm9917,484.7945180785187,0.691975756384233,0.0452657016408242,15.286977364781498,9.338489208858994e-53,9.028816319576717e-51
8025,Hyal3,152.15084716779626,-0.6793894690782201,0.0777489695165568,-8.738244034649775,2.367616311288613e-18,4.3817831908480013e-17
8027,Sema3b,42.1936780451727,-0.641232596454735,0.1473614462533857,-4.351427138901348,1.352542688052775e-05,6.612561941619249e-05
8028,Gnai2,44.089779349660944,-0.890773587919665,0.1610817340706371,-5.529947843304475,3.2032601357743943e-08,2.3439950093141643e-07
8032,Gm37850,25.47887833644786,0.7965862940803347,0.1789767911785787,4.450779840418079,8.555902161606969e-06,4.310749986963583e-05
8039,Gm38134,33.485637329088526,-0.5861870482546244,0.1541889228572857,-3.80174553004166,0.000143680256843,0.0005788153641931
8047,Tcta,64.86961778180583,-0.5562418131467665,0.124708628437958,-4.460331415027102,8.183300874476822e-06,4.136648756349867e-05
8059,Ndufaf3,243.363290795589,0.5122329326028539,0.05866446669347,8.731570599275058,2.511601710525373e-18,4.6431511622163013e-17
8064,Arih2,481.5091978153956,-0.5116783027427981,0.0479979016432468,-10.660430669364256,1.5587395730715746e-26,4.947674686374171e-25
8094,Prss42,96.6022362537827,0.593311996476675,0.1047401738359653,5.664607712088265,1.4736127238995515e-08,1.1232708135098394e-07
8095,Prss50,110.32786564507634,0.8851268772113053,0.0934299313209097,9.473697183519308,2.7011018573035386e-21,6.233283476737644e-20
8098,Tdgf1,48.944738396334685,-0.5035977391433465,0.1289043614297833,-3.906754849545304,9.35439745898961e-05,0.0003916601006784
8103,Trank1,114.20457940501772,-1.0746794297388946,0.0934115310005375,-11.504783384106082,1.2480229821211612e-30,5.123087521513254e-29
8111,Ccr4,35.58658732874746,-0.5905797300933818,0.1507260772397852,-3.9182319404083454,8.920085400551924e-05,0.0003748753352322
8123,Zcwpw2,71.30416253187117,-0.6253945086097965,0.1103799496737739,-5.665834333664215,1.4631083637241566e-08,1.1157693564338844e-07
8145,Wdr48,49.6017139908711,-0.5755551303965712,0.1323905585797433,-4.347403142421934,1.3775887279216692e-05,6.729144938973937e-05
8147,Gorasp1,92.3426889287568,1.4143706097834396,0.1429388802387058,9.89493276721814,4.379045603467404e-23,1.1229982345599412e-21
8149,Csrnp1,170.5689976217126,-0.5683758658421085,0.0775684464211529,-7.327410720025872,2.3464188108230455e-13,2.965725293349068e-12
8162,Gm34655,28.233214497424463,-0.5488349569253357,0.1639874217352432,-3.3468113049025603,0.0008174683481257,0.0028250349261544
8189,Tmem158,24.85868980696973,1.0641427868219606,0.1905313186482075,5.585133165360433,2.3352120952991943e-08,1.7367494729981585e-07
8200,Plekhg1,321.8362808257866,0.5178383064771128,0.1351465609012444,3.831679496864981,0.0001272714690494,0.0005198077018256
8208,Ccdc170,18.97106470180604,1.016329648454413,0.2224194145645041,4.569428664509258,4.89055588302493e-06,2.5775006773223183e-05
8221,Ginm1,53.74977674744368,1.2480099262304294,0.1333608003855754,9.358146641458044,8.114756784441413e-21,1.827504061374269e-19
8223,Tab2,28.142589792423134,0.8073233702900868,0.1699984020889444,4.749005639874717,2.0441924251565967e-06,1.1474624347150291e-05
8229,Rab32,13.052162796841884,1.474553539036345,0.2849436955680398,5.174894415883807,2.280399004168813e-07,1.4852168969079345e-06
8253,Cited2,218.5459161385565,-0.7022112187353784,0.0702406365695224,-9.997221737026075,1.5673252507524568e-23,4.126308715713393e-22
8266,Map7,157.83710709811905,0.5716944066200488,0.0729240840232203,7.839582961892414,4.5204521943833694e-15,6.635913374006234e-14
8268,4933406P04Rik,225.84005842852355,0.5443659185724764,0.0657994405716201,8.27310861374202,1.3051070560312644e-16,2.1546433762133426e-15
8274,Hbs1l,92.63436841911565,1.899965860891238,0.2988148450888757,6.358338255671789,2.039479786409336e-10,1.921062063088704e-09
8279,Raet1e,83.39821899684372,0.6494985110474889,0.1018941795089016,6.374245459140752,1.8386591088437344e-10,1.7414593856450526e-09
8284,Vnn1,214.84042601450355,2.0968856987799613,0.218016637193607,9.61800771616272,6.711851846686149e-22,1.5993411277167293e-20
8287,Gm15270,233.6868686171047,-0.5653851750022401,0.058561349744367,-9.654578958139952,4.7008633259372635e-22,1.1346144007495347e-20
8308,Trmt11,50.88562849262675,-0.6096540144445787,0.1378032802493402,-4.424089276695558,9.684996672073905e-06,4.8347388431542807e-05
8311,Ncoa7,41.375340925814726,-0.5068285847474857,0.1539774378812834,-3.2915769460864155,0.0009962735807187,0.0033608001701287
8321,Rwdd1,49.75105917123738,1.0622427664487804,0.1340298385940947,7.925420022818577,2.273764539466565e-15,3.4153161470933953e-14
8322,Gm48045,44.45686783766641,-0.5262620767617316,0.131726670039025,-3.995106508088474,6.466517560128043e-05,0.0002790821572961
8325,Dse,90.5810003804964,-0.6011046198148243,0.0936854862681322,-6.416197895311498,1.3971980171516262e-10,1.3416131416975918e-09
8326,Gm26564,18.193745331586243,1.1431790794476628,0.2275116156397902,5.024706436341303,5.042031898911481e-07,3.1276586517473395e-06
8328,Nt5dc1,10.22633833724288,2.070427040560819,0.6424332782900166,3.222789214892067,0.0012694893520955,0.0041925047841193
8344,Gtf3c6,386.73974936830456,0.6915143308454079,0.068627624368135,10.076326220123242,7.030582138927271e-24,1.8893847176225795e-22
8350,Ak9,51.944035559740975,0.5094133360452012,0.1303449587630739,3.908193618528464,9.298877322568802e-05,0.0003896264338669
8360,Snx3,96.79103214240442,0.5722655400637667,0.0971996491842212,5.887526805566541,3.9201760445714655e-09,3.185947903276607e-08
8362,Sec63,149.45013120336233,0.6831774423558322,0.0744474238463033,9.176643153781276,4.447391557622173e-20,9.3406327308212e-19
8366,Gm47889,33.27124754365218,1.2498011489007552,0.161203104237911,7.752959564948826,8.977521145158805e-15,1.2875433778772942e-13
8369,Cd24a,82.8385702965576,-0.6726860847500239,0.0966691491141994,-6.958642865009093,3.43566225048261e-12,3.858354208268955e-11
8373,Prdm1,14.055409048565986,1.3426557922150024,0.2609828441873422,5.144613226956784,2.6807253046744e-07,1.728548938311132e-06
8388,Mcm9,43.39830200022988,-0.5703293492571032,0.1489776495084784,-3.8282880092335287,0.00012903770616,0.0005265101457022
8392,Msl3l2,153.22391803919274,0.523351475447255,0.0908758863352988,5.75896969539619,8.462889269555585e-09,6.606551562957478e-08
8400,Lims1,19.053181826186844,3.072509071948696,0.334978799288366,9.172249343767366,4.632500061031569e-20,9.705174162731517e-19
8403,Sowahc,901.4713332506884,-0.698072904658928,0.0383052671840356,-18.223940360605592,3.3326892647920505e-74,5.289229386943084e-72
8408,Ddit4,215.7298458151912,0.7822270778818085,0.068096185322576,11.487091004824244,1.5318370817023376e-30,6.223173070723203e-29
8417,Unc5b,11.5240002896106,0.9663423588975556,0.274382777598449,3.521876873452198,0.000428503112846,0.0015739536828402
8429,H2afy2,41.38074622551313,0.5091738745483368,0.1417166675887189,3.592900420337491,0.0003270175832916,0.0012318443358071
8449,Mypn,338.10450501920445,-0.6108808533156416,0.0520229523925398,-11.742525658794465,7.714756860669613e-32,3.336384438741514e-30
8466,Ank3,12.259130193502877,-1.2331465957114107,0.2632029093325085,-4.685155642233257,2.797472678042716e-06,1.5339596760988464e-05
8467,Ccdc6,53.872239380648175,-0.8321321463646877,0.1385336890813993,-6.0067132542449295,1.893219112494838e-09,1.59887676352915e-08
8468,Slc16a9,23.72007593091722,1.232411081918328,0.1929553687708405,6.387026646467535,1.6914217458500071e-10,1.6121692935090463e-09
8474,Ube2d1,14.455381347131642,0.9199887114520108,0.2356096985502479,3.9047149464257167,9.43365133764031e-05,0.000394585570495
8481,Rsph14,27.67125421209767,0.6398539572748988,0.192284464512442,3.32764250558316,0.000875841807965,0.0030008730621988
8485,Specc1l,63.72818294202193,1.3609578949479444,0.1223776632097419,11.120966516703389,9.91915400023587e-29,3.651420738423808e-27
8503,Prmt2,33.63463066691369,0.8375742170475964,0.1554316051983938,5.3886995246463,7.096934399732917e-08,4.91931303694713e-07
8522,Pfkl,197.6149394504972,-0.6047674941519124,0.0696513345787755,-8.682784009944868,3.861973419820265e-18,7.046635449201337e-17
8527,Pwp2,91.26364820763692,-0.6604353420461927,0.0917154975065258,-7.200913258952781,5.981058937687382e-13,7.233598454975903e-12
8532,4921516A02Rik,65.42894569090744,-0.6202748717012213,0.1172825423587257,-5.288722935456329,1.2317330008503985e-07,8.315186305500102e-07
8534,Ilvbl,301.0178487455225,0.8807650058530845,0.0558067599251426,15.782407131940875,4.112024077903694e-56,4.3507283687153355e-54
8536,Slc1a6,19.618793566817693,2.490262616494226,0.2686382534965985,9.269947909804133,1.8623685437533155e-20,4.0583712450209883e-19
8537,2610008E11Rik,114.18283049203582,-0.7587362325121039,0.0829966591526957,-9.141768358605797,6.143932527381577e-20,1.2792002092591618e-18
8546,Hcn2,27.740570845887063,-0.6088980171925045,0.1712436603444321,-3.5557404926278338,0.0003769159823986,0.0014006754079727
8547,Polrmt,72.63614942147142,-0.6097079607082583,0.105184580288377,-5.796552679458012,6.7691928172436316e-09,5.34137573942259e-08
8565,Polr2e,116.85846177777064,-0.6816255305268841,0.0838759769749991,-8.126588268892009,4.4154199887536997e-16,7.014221951917232e-15
8571,1600002K03Rik,101.474237950796,-0.6611841381777595,0.0936397721940036,-7.060932792616289,1.6538857745751437e-12,1.9135708655899343e-11
8601,Sppl2b,300.59417340148553,-0.713921650418954,0.0721105770471678,-9.900373560344336,4.147230253188832e-23,1.0651733518991712e-21
8605,Gng7,43.25596448595526,0.685573443149796,0.1604357916630512,4.273195127117543,1.92691689953175e-05,9.190962007604942e-05
8612,Pias4,86.83774321575802,0.5518459838374181,0.097205487830813,5.677107292521491,1.3699155464791278e-08,1.0485026951054765e-07
8620,Pip5k1c,307.4392693275466,1.516372368805244,0.1258382449831949,12.050170987427135,1.935480162004131e-33,9.197904735987427e-32
8623,Hmg20b,336.59032168036515,-0.5844224719887036,0.0547940224635858,-10.665807066402,1.4711621481037926e-26,4.687378942717823e-25
8624,Mfsd12,1955.783251735394,-0.8139062111842299,0.0396287480888551,-20.53827714565444,9.797685887251792e-94,2.2578968449484504e-91
8625,4930404N11Rik,219.39088756587384,-0.5059883442901204,0.0792531364533072,-6.384458293183494,1.7200525158267315e-10,1.6366766670674835e-09
8634,Tle2,51.91784280510146,-0.5128117125256078,0.1220406870833625,-4.20197333185547,2.645983106923992e-05,0.0001228633006011
8643,Zfp781,502.9156622928942,-1.2904471903381955,0.134867675228066,-9.568246714092194,1.0873391182292937e-21,2.551228170986249e-20
8645,BC024063,47.77427093868072,-0.5298064452956337,0.1348911691667993,-3.927658486231244,8.577689542266971e-05,0.0003617489894549
8661,D10Wsu102e,56.97024974863925,1.4072035706194144,0.1524213920258576,9.23232331050151,2.6482431716106656e-20,5.675336926879774e-19
8663,Appl2,217.88910154770403,-0.88246972609599,0.0632693063455378,-13.947833113207938,3.2430961043385013e-44,2.3118053289528224e-42
8665,Nuak1,38.53433000592148,0.5520997361544894,0.1513108374203685,3.6487785380544655,0.0002634901195799,0.0010122617679133
8676,Cry1,27.80067939059687,0.868761903792255,0.2058473117523709,4.220418991127528,2.4384867357783584e-05,0.0001141420766722
8678,Pwp1,459.1766112246145,0.9272621503009428,0.0612357196821285,15.142504327773286,8.491745302771491e-52,7.892631559587003e-50
8683,Timp3,30.19277761222447,1.3496376311563418,0.2257611160911025,5.978166898376403,2.2566247675679202e-09,1.8905975331073266e-08
8689,Parpbp,25.664423333927523,0.5178530764111327,0.1761800428358174,2.93934016631907,0.003289118663747,0.0098597368639018
8695,Sycp3,44.03821828325314,0.5045508165830837,0.1419234627804297,3.5550909391470804,0.0003778483795469,0.0014030711790047
8713,Nedd1,344.51955113475395,0.5185677787723035,0.0518054463862987,10.009908512427222,1.3787998690393191e-23,3.6413736572760543e-22
8715,Gm32468,120.60843596317844,0.8371531542946896,0.0863177530835904,9.698504935409831,3.0594872439358183e-22,7.481068881501784e-21
8720,Amdhd1,131.69057601448284,0.501923949157899,0.0787951454843561,6.369985689759916,1.8904583808942967e-10,1.7866955809991436e-09
8721,Ccdc38,555.8326182682961,0.50340779184069,0.0548415627654017,9.179311574218644,4.338561489716721e-20,9.123452492688051e-19
8733,Plxnc1,110.8225106837258,-0.7467855476511208,0.0827496992060398,-9.02463156744156,1.803010491384265e-19,3.575391747631619e-18
8734,Cradd,76.73726678686637,0.786082745326141,0.1059288454610319,7.420856348475138,1.1636547461443932e-13,1.504701290882946e-12
8737,Socs2,26.43708839221096,0.7197249674226811,0.1763452346102104,4.081340610159073,4.477667951247336e-05,0.0001997555235848
8746,Gm10754,23.96107237401136,3.437349823786031,0.3052125704830976,11.262150239570127,2.0177443874192328e-29,7.7498890021812225e-28
8748,Poc1b,142.05372971899388,-1.074878658730561,0.0983848525289674,-10.92524541228625,8.730407678321382e-28,3.003510191664634e-26
8751,Dusp6,108.95263824627264,-0.973279376473877,0.0903425916314656,-10.773206290607352,4.606734173485043e-27,1.5019203294678075e-25
8758,4930430F08Rik,28.10329272582907,-0.6434182961788824,0.1789120550101766,-3.596282520718263,0.0003227972140638,0.0012164913826604
8770,Lin7a,50.42332851550919,0.9893150583012832,0.1405324637679287,7.039761716090098,1.925688614203228e-12,2.2098130666262557e-11
8771,Ppp1r12a,875.7885633520493,-0.5434379863050971,0.0363012143221024,-14.97024263384539,1.1490128885609373e-50,1.0227430594846903e-48
8772,Pawr,40.04300629530661,0.7029099177284369,0.1431109957243883,4.911641584006186,9.0317035078285e-07,5.368916894423988e-06
8776,E2f7,200.25905056589752,-0.8084410417082657,0.0693248498537251,-11.661634225159796,2.0016323760059606e-31,8.503399358976839e-30
8777,1700020G17Rik,10.721377046830908,1.6657343068209003,0.2978139239648646,5.593204926904021,2.229159207840484e-08,1.6608124602967433e-07
8805,Cnot2,77.5796811523632,-0.9059119525463228,0.1081932031739562,-8.373094852268775,5.612439434324879e-17,9.441806860364744e-16
8809,4933412E12Rik,889.2280874444343,0.6435324549988163,0.0368132628579588,17.48099475674942,1.999797230313268e-68,2.713112000448396e-66
8825,Grip1,21.46981943226036,1.952412629681884,0.3827662098581059,5.100796724992147,3.382266696571897e-07,2.148786730982969e-06
8834,4930471E19Rik,97.51569811830224,1.18704009593269,0.128844627175676,9.212957668108222,3.172601517096712e-20,6.764597632714574e-19
8847,Rxylt1,114.44401973048934,-0.7390432920020171,0.0923848021411856,-7.999619795392165,1.248039756852182e-15,1.9174221762122606e-14
8853,Tafa2,184.1629298518,1.1287932125281348,0.0931520769827906,12.117746045927388,8.50665061731961e-34,4.065550662930903e-32
8857,Avil,136.67154789185747,0.5891187841922474,0.0766078139283388,7.690061287264069,1.4706456299727637e-14,2.0668898440293905e-13
8859,Eef1akmt3,61.9016938040974,-0.5647917314323858,0.1240378885886591,-4.553380727927234,5.279060715222105e-06,2.764932702745376e-05
8866,Dtx3,25.833046882427663,0.7388814883836841,0.1935547801409254,3.817428264213941,0.0001348499778613,0.0005474375428477
8879,Nab2,43.98984019847592,-0.6447809550344915,0.137089547768706,-4.7033560583506295,2.559195408751088e-06,1.414367423174098e-05
8899,Gm17201,48.79205253020292,-0.7035066900341054,0.1333874800821691,-5.274158336305119,1.3336672777144073e-07,8.935198969728983e-07
8900,Nabp2,56.38507063022223,0.5284503896124452,0.1238562684049668,4.266642265408778,1.984369712297681e-05,9.424915773569703e-05
8901,Rnf41,50.44265821835574,1.239923335963727,0.1355410897419675,9.147951653068418,5.802325482336047e-20,1.2110734688503641e-18
8904,Myl6b,51.56225576976088,-0.5161512470034839,0.1313753457270048,-3.9288288388297374,8.536056636047497e-05,0.0003600854583456
8912,Rab5b,44.28476057944496,-0.6891938104645848,0.145497519149234,-4.736807984730597,2.171106930340197e-06,1.2142464058880697e-05
8923,Rdh5,312.37112597710365,-0.7138319596187851,0.070205219176813,-10.167790486074653,2.761005808841012e-24,7.702885691895912e-23
8924,Bloc1s1,126.2570363048869,0.6424637723824956,0.0936490454687736,6.860334445124897,6.869951882802572e-12,7.456335517702429e-11
8925,Itga7,198.63736934667597,-0.5195906277243995,0.0675653227886694,-7.690196779634619,1.4690890084658586e-14,2.0664284606539414e-13
8929,Drg1,75.32971096392679,1.4407028154321215,0.1376602327558039,10.46564273930722,1.242305405010629e-25,3.6989918280520034e-24
8935,Limk2,285.9118411251732,0.6458834948651009,0.0539646386141823,11.968643012377331,5.18700128362583e-33,2.3972780932537727e-31
8939,Tug1,35.6858388653784,0.9088857882823104,0.1513775699010697,6.004098155864818,1.923982871855214e-09,1.6232278762898828e-08
8941,Osbp2,30.39374998441369,0.5983058960955625,0.1581888308716289,3.7822259182197935,0.0001554321946216,0.0006218396694696
8946,4930556J24Rik,42.81989800358674,0.8064151025326657,0.1797376813207353,4.48662237437929,7.236116233849592e-06,3.695603624834599e-05
8962,Uqcr10,540.0354053135377,-0.7355397816401091,0.0536350537981902,-13.71378845647634,8.395707956945756e-43,5.741503860150342e-41
8964,Cabp7,19.64883153734869,-0.7036958112732131,0.2113117568724282,-3.3301309008473376,0.0008680516493855,0.0029766067871205
8970,Rasl10a,766.6487291015808,-1.0201122707951555,0.0405099021116003,-25.1818004394298,6.340087949244524e-140,3.3331031115668943e-137
8981,Urgcp,108.31306031616852,-0.7434270433248967,0.092508056200891,-8.036349198716985,9.255473352083296e-16,1.437717711930723e-14
8993,Ogdh,89.3284357118498,0.5288370704654721,0.0969416998292438,5.4552073194196335,4.8915739891115876e-08,3.498764847739125e-07
8996,Purb,32.987816461078,-0.5020839199723642,0.1543393241944889,-3.253117263489304,0.0011414638144384,0.0038048039925297
9005,Upp1,126.20969747341871,-0.7974858235504622,0.0826387071731264,-9.650269841222778,4.902655151213844e-22,1.1816241777775144e-20
9014,Cobl,64.14496643555519,0.5829972916511105,0.1104480577141611,5.278474820805845,1.302635613356659e-07,8.750432454698193e-07
9019,Egfr,25.05589483800212,-1.8201727305644837,0.2831297588151918,-6.428758100813312,1.2865066526210438e-10,1.2402808834982134e-09
9023,Cnrip1,37.22814216903783,-0.516549177222656,0.1428864138817225,-3.6151035160714544,0.0003002276337412,0.0011390909973903
9025,Wdr92,13.113971184526456,-1.078120328273139,0.3472351242988775,-3.104871174683248,0.0019036191535392,0.0060287245896065
9034,Rab1a,221.07754724852077,-0.5039343621293056,0.0683622950734406,-7.371524925954226,1.6868721565893517e-13,2.1580418471713055e-12
9038,Aftph,35.959083779276426,-0.5369878160458553,0.1499919744338711,-3.5801103230533444,0.0003434491718725,0.0012879726746347
9048,Gm20456,151.99259111466193,0.5937735212210441,0.0800968668685498,7.413192855539651,1.2329438682798934e-13,1.589411087821659e-12
9061,Papolg,133.2714386303611,-0.6577263260096139,0.0807051554386709,-8.149743624611812,3.64696611010716e-16,5.820959285610318e-15
9063,Gm12064,3309.4569380788207,0.7787688289253741,0.0245453482750325,31.72775632267292,6.437052401373137e-221,1.203228139425559e-217
9071,A630052C17Rik,11.581012846890946,1.5783782909731594,0.3002758925774339,5.256426939322589,1.46881088548746e-07,9.78993879815988e-07
9076,Mtif2,415.15205139176766,1.026719040082953,0.1419730979716568,7.231785843596402,4.766834955376756e-13,5.84919507325333e-12
9084,Psme4,29.167839563410816,1.7144850058978955,0.1840739244622497,9.314111224099564,1.2297779837111396e-20,2.7329663170373187e-19
9095,Nprl3,24.1044819184656,4.322973009058437,0.3974238025260757,10.87748892135065,1.4757229422178963e-27,4.9851580435605766e-26
9097,Sh3pxd2b,16.982246194561725,-0.9009364241898568,0.2160080754922879,-4.170846030346779,3.0347086122515345e-05,0.0001396414195402
9103,Gm12116,166.8348569352715,0.8267633101012448,0.0987859198691646,8.369242410216334,5.798984540145841e-17,9.736159373141069e-16
9117,Nudcd2,280.9749747342252,-0.5652887289008964,0.0572865696754021,-9.867735703218784,5.744671678166091e-23,1.4576562841898665e-21
9120,Gabrg2,713.5839223306269,0.6091773709560052,0.0717651340465209,8.488486492077232,2.093455633788448e-17,3.6195482145141893e-16
9130,Thg1l,283.2009648953178,0.6772580254535716,0.0577834373163892,11.72062544056165,9.99314761300158e-32,4.288640874834836e-30
9132,Gm12166,134.03246457408594,-0.8823998443846831,0.0795668528805763,-11.090043308726775,1.402198623356626e-28,5.0948568986454695e-27
9138,Rack1,2497.7912645147403,0.5061790798645824,0.0290151250565976,17.445352342173823,3.734086820367874e-68,4.94634193535817e-66
9145,Zfp62,315.54593379214487,-0.6230663820802936,0.0567010529211043,-10.988621021680997,4.334985399057865e-28,1.519322070173968e-26
9149,Gfpt2,33.046738052153124,-0.5684272561172206,0.1487934660233239,-3.820243397167168,0.0001333200442371,0.0005420113833256
9153,Sqstm1,61.35779730144985,0.7555032303419215,0.1235635532473341,6.114288643267237,9.698861857563203e-10,8.454090830558848e-09
9159,Rufy1,61.46885656351536,-0.5667617367461334,0.1160869537033863,-4.8822173264557,1.0489955145164092e-06,6.168210954459822e-06
9172,Rmnd5b,274.5093904787455,0.6507918369830733,0.0626107555488474,10.394249858162802,2.6335094756453834e-25,7.704961723266485e-24
9177,Sar1b,10.206306224351184,0.9292661095095242,0.3085256034672697,3.0119578377491334,0.0025956864711748,0.0079699276336146
9183,Tcf7,16.285482763589645,-0.7836574506901074,0.2374838927484288,-3.2998341134665945,0.0009674199432005,0.0032746289143789
9185,Vdac1,54.88840891588145,0.6062999698761132,0.1260007479724288,4.811875958139408,1.495201476692329e-06,8.56152976255788e-06
9187,Fstl4,28.524312913716667,-0.7163885176404841,0.1787681077645658,-4.007361976354048,6.140072214400547e-05,0.0002666350925732
9190,Uqcrq,16.753356895961677,1.0704037178258112,0.2311744724675648,4.630285110636492,3.651625761099804e-06,1.9670605244630804e-05
9191,Shroom1,36.83554696454274,0.9528997930083036,0.1511718118604151,6.303422452118031,2.911439131727676e-10,2.6867328860699224e-09
9192,Sept8,37.90508858194926,1.573694705470774,0.1798676312397097,8.749182354959187,2.1490414708338653e-18,3.990433185854096e-17
9193,Kif3a,30.68188299496169,0.8221276792811778,0.1864894522697817,4.408440634443288,1.041175505153838e-05,5.166871835753102e-05
9195,Rad50,82.39860790396209,-0.8622144351785324,0.1037803963775521,-8.308066506527918,9.72740079343116e-17,1.6154399165635977e-15
9228,Gm12248,15.200382691520009,-0.8862367987598944,0.2438245675572698,-3.634731346552,0.0002782704562664,0.0010639417922206
9250,Arf1,59.19988872058366,1.0024104370784854,0.1560289703865579,6.42451484871712,1.3229074835359284e-10,1.2739137146837392e-09
9254,Zfp867,729.5497979594343,1.3653223003660222,0.0534915223608463,25.52408755831903,1.0652423842585636e-143,6.179507803579937e-141
9261,Gm16062,114.22016961523832,-0.5538236785891222,0.091628766103291,-6.044211901367409,1.501420770971655e-09,1.2834553673809022e-08
9269,Drc3,59.23667486814784,-0.5364938007185512,0.1251269295714834,-4.287596623331663,1.8061669978590224e-05,8.65673715241662e-05
9286,Mapk7,37.82464460925139,-0.7493889805024799,0.1659432481200536,-4.515935351345693,6.303789524466935e-06,3.25103161159127e-05
9289,Slc5a10,24.939926910061715,-0.6483351240011368,0.1946626708667595,-3.3305570149343207,0.0008667241189444,0.0029744797741744
9301,Trpv2,20.546137517492305,-0.7223813163732107,0.2180405729562759,-3.3130591549035744,0.0009228145958453,0.0031419773215759
9311,Tvp23b,331.4392963021456,2.063391016357189,0.0824732406547471,25.01891522603122,3.806341678111178e-138,1.7787246125240095e-135
9312,Pmp22,19.60810223152717,0.6771356794554867,0.2080322025258287,3.254956065618809,0.0011340990849997,0.0037825037484043
9317,Elac2,296.8875975927021,0.5576204018935158,0.0768268009240302,7.258149437263636,3.9242188440482913e-13,4.843516772811768e-12
9323,Gm12296,11.741118166633534,1.3513597535871165,0.2739639536292919,4.932618819684864,8.113439349871119e-07,4.848752759605039e-06
9324,Shisa6,60.23820797921724,1.2349783083738468,0.1650799081180988,7.481093989283896,7.370643874394643e-14,9.64201725497209e-13
9331,Gas7,116.71747956703828,0.9856210829391452,0.2099517667121552,4.694511974697675,2.6724395671089294e-06,1.4711534959906257e-05
9332,Usp43,180.5384620166829,-0.6855212247459632,0.0729627166977906,-9.395500274275308,5.694655166199516e-21,1.2893833628664124e-19
9344,Rangrf,47.14399227332893,-0.8617743774909952,0.1250680012531722,-6.890446547926556,5.561752224592849e-12,6.083573320827404e-11
9347,Aurkb,85.5339195074651,-0.593146268344574,0.1013134863641346,-5.854563786431396,4.7826363030958645e-09,3.855212770818482e-08
9369,Mpdu1,85.57829064170421,0.5871999989000803,0.0937922502911846,6.260645171398239,3.83387977272157e-10,3.49579183829241e-09
9370,Cd68,213.2574022377,0.5040173231095414,0.0672777693336999,7.49158790639444,6.804528511158697e-14,8.915310213646631e-13
9377,Zbtb4,17.926136421382324,-1.1242443973178788,0.2110865294401647,-5.325988353210196,1.0040556481816434e-07,6.852425220835614e-07
9413,Gm12319,31.76964736217792,-0.6358274374065703,0.1536045308511396,-4.13937944332358,3.482465463481441e-05,0.0001585105965696
9420,Gm19967,708.5876499238268,1.1106513619447445,0.044686840312835,24.854103672792903,2.334765340090132e-136,1.0615610085496296e-133
9428,4933427D14Rik,148.72031203578842,1.9570239883684812,0.1026890160203651,19.05777330635213,5.6634304858333055e-81,1.0244719469158464e-78
9430,Txndc17,26.06160579641818,0.5313306966355783,0.175386104032019,3.029491415913867,0.0024496586506017,0.007565743983674
9431,Med31,29.792663913465077,-0.7628963841683718,0.1648818246878501,-4.62692832040564,3.711288874286815e-06,1.9966425561921035e-05
9439,Cyb5d2,11.683806723497687,1.1422218727835731,0.2771293076309059,4.12162063459863,3.762163764319819e-05,0.0001703657631417
9454,Ccdc92b,14.082731504216303,0.9372197080020788,0.2630129314714012,3.5633978251901555,0.0003660852267346,0.0013646469686144
9455,Cluh,109.35119607979333,0.5203610686592137,0.1107900831200554,4.696819913884668,2.642432301289104e-06,1.457567571688278e-05
9458,Mnt,158.97223816804092,-0.6179741617091887,0.0822020640182191,-7.517745072340545,5.572903036359604e-14,7.405446112217821e-13
9459,Sgsm2,654.5108792476927,1.1303183046921348,0.0612425562704333,18.456419416931325,4.6303858714574595e-76,7.562813739371733e-74
9463,Ovca2,23.21521763830184,1.4758878600351566,0.2044298736042728,7.219531245673621,5.21670816012947e-13,6.370422715190325e-12
9473,Scarf1,805.2626666910185,0.731214724915692,0.0660007354202844,11.078887534501058,1.588337582488667e-28,5.75875067892389e-27
9488,Blmh,53.29646466071684,0.7700580088281461,0.1251303376222137,6.154047239551617,7.553017027512693e-10,6.6665480301073494e-09
9495,Abhd15,15.352164800372943,-1.1114309014264865,0.2336989379742868,-4.755823501212374,1.9763908977879034e-06,1.1131176455803784e-05
9500,Pipox,18.13624839775323,1.4238412299856107,0.2358612870884125,6.036773764623289,1.5722590725640571e-09,1.3392462976073489e-08
9505,Flot2,18.257097690676844,1.6306306836856497,0.2328175062403263,7.003900651707985,2.489326643306328e-12,2.835337990544506e-11
9507,Fam222b,238.7391539232861,0.7039766649588115,0.0636899833116659,11.053177098727003,2.115914950570326e-28,7.573624939030765e-27
9511,Rpl23a,157.16572399139807,-0.5891908877572493,0.073409904858351,-8.026040748780833,1.0066879610160161e-15,1.5594393709182727e-14
9528,Tmem97,196.83023069546093,0.957268366905351,0.0753430430320962,12.70546461068149,5.514096769862472e-37,3.081848835860344e-35
9529,Nlk,154.97924134425102,0.6187227574109321,0.0815636321509164,7.585767591444612,3.3052441650906113e-14,4.498715419847844e-13
9535,Omg,280.614862881623,-0.8330211414540798,0.0613960151957177,-13.56800011855137,6.199041079519082e-42,4.1882115695080126e-40
9540,Crlf3,247.9654629881527,-0.5559755993085932,0.0563514691361038,-9.866213034584138,5.83251440079891e-23,1.4754945829269185e-21
9543,Adap2,12.563190687167433,2.212143970134339,0.3065436799613497,7.216407039979606,5.337912325095025e-13,6.507224568483595e-12
9563,Unc45b,156.20138956723136,-0.5284747666192233,0.0775387917947914,-6.815617762240174,9.385955088992375e-12,1.0057319902045779e-10
9565,Slfn9,2462.627780576048,0.6576611831354394,0.0270313440219497,24.329577641474675,9.538217364590414e-131,3.7316611796396406e-128
9570,Heatr9,28.61489911768838,0.5498636825633829,0.1753511166476571,3.135786603904296,0.0017139386685328,0.0054799539516592
9574,Dusp14,62.17683372014722,0.7890433980809823,0.168432102222383,4.684637831327418,2.804553893531627e-06,1.537341484225564e-05
9582,4930502E09Rik,15.399274218171032,3.0936707487260624,0.3583718217641505,8.6325725429441,5.998727452207622e-18,1.0781687171847097e-16
9590,Bcas3,156.89100758377825,1.1670575906208491,0.0843187216230615,13.841025672069176,1.441351584705196e-43,1.0103274045623129e-41
9594,Brip1,33.22676110571421,0.9737369830430532,0.1597064532010472,6.097042189129701,1.0804901061210671e-09,9.374463669558902e-09
9604,Dhx40,12.005512353322278,-0.8491731140145684,0.2640251718034906,-3.2162581628640816,0.0012987394294014,0.0042748372961886
9607,Smg8,45.892685090693405,1.823394141202952,0.156622077992354,11.641999420362474,2.5203690934797326e-31,1.0653308859198376e-29
9611,Trim37,85.49041228265905,-0.5596532367777567,0.0976784822412964,-5.729544767037208,1.007005119799814e-08,7.81044127726707e-08
9613,Rad51c,46.80873721146789,0.5377755262203843,0.1316096151249281,4.0861416220229065,4.386061186719657e-05,0.0001959806303962
9615,Mtmr4,76.66763028889021,-0.662366633190261,0.1021355872758867,-6.485169869353062,8.863186807386675e-11,8.689125388150702e-10
9616,Hsf5,86.93051195118495,0.9925716781465672,0.1039686497362702,9.546836288288368,1.3371736500999854e-21,3.1330462835142143e-20
9626,Cuedc1,151.48320870174837,-0.513773064275296,0.080278100179022,-6.399915582575695,1.554628803838477e-10,1.4876860277004947e-09
9634,Elobl,46.42414054818623,0.8749705757146147,0.1383531694549283,6.324181651650968,2.545781072160988e-10,2.3674778870627037e-09
9655,Luc7l3,10.67499142607617,1.1613324994687952,0.282984365020144,4.103875135950095,4.06286801284042e-05,0.0001825090215754
9661,Lrrc59,12.308142546418264,1.965244463632985,0.3071337502928409,6.398660068322664,1.5674636665367067e-10,1.4982637080765351e-09
9664,Xylt2,14.143076212880608,2.6352246456385213,0.3240419531689736,8.132356381225634,4.2102487178068956e-16,6.694613816603535e-15
9667,Ppp1r9b,54.9883832560849,1.1594704322038096,0.1268601547025465,9.13975262699672,6.259534786773658e-20,1.3016582659813753e-18
9692,Hoxb4,88.22259164918223,0.9098252672501744,0.1974901380029101,4.606940257628294,4.086373433767688e-06,2.181690265829064e-05
9693,Gm11536,12.408373589663055,-1.275597791556946,0.2780716854145027,-4.587298378313845,4.49018720184728e-06,2.38066244237872e-05
9695,Skap1,24.127611914001868,-0.6221328181597705,0.1797977653748845,-3.4601810365251318,0.0005398123346647,0.0019421007070285
9720,Srcin1,80.01052413147762,-1.1918482904602772,0.1109806417579914,-10.739244895152671,6.658675740815993e-27,2.1500748941986078e-25
9729,1700001P01Rik,273.1037958848267,-0.7761803359457545,0.0629350347390208,-12.333040557845424,6.013401560033165e-35,3.0655592255890282e-33
9730,Lasp1,33.59988282314945,-0.5004860939337669,0.1569262000629497,-3.1893086924490675,0.0014261349852372,0.0046522918085411
9733,Gm11630,184.64497649474413,-0.5015261670744152,0.0704654600297128,-7.117333327036243,1.1003515585637826e-12,1.295396379966306e-11
9737,Fbxl20,48.85285969354121,1.3595271113835412,0.1380578737280043,9.847515934238002,7.025895374488421e-23,1.772063536507027e-21
9741,Erbb2,47.08950220014359,1.349654681644732,0.2838181208574166,4.755350636412557,1.9810228084609963e-06,1.114979816217442e-05
9749,Rapgefl1,1299.2289998782644,0.7095077388653415,0.0630511129376093,11.252897939603647,2.2410569964304758e-29,8.5684776933977e-28
9754,Igfbp4,820.3963507406512,1.0737591415754677,0.1105499969598174,9.71288259705476,2.657140888883882e-22,6.535245785627712e-21
9760,Krt12,33.4470649506189,-0.6262427208797006,0.146663701257755,-4.269923065551895,1.9554040602190517e-05,9.313636043336666e-05
9769,P3h4,23.852509395042347,-0.905613364344433,0.18542272920023,-4.884047216058932,1.0393017035003128e-06,6.119766383614198e-06
9776,Nkiras2,577.304148612805,-0.6082762883422131,0.0495897896161724,-12.266159889975397,1.3762728011773843e-34,6.890784920894982e-33
9781,Stat5b,467.2020201069427,1.391714987684456,0.0857941438182346,16.221561586219373,3.550515630292072e-59,3.9820216298935694e-57
9798,Coa3,34.09808268104476,-0.5245898442503235,0.155568030692126,-3.3720928517023085,0.0007459929396779,0.0026026211580676
9802,Aoc2,38.72953365368304,0.5683167703387279,0.1463778956847339,3.8825313595350375,0.0001033746796821,0.0004292945535157
9814,Tmem106a,15.071216854494269,0.9316401055603492,0.2444837089460447,3.810642883227665,0.0001386058731348,0.0005613304294046
9817,Arl4d,21.6325288094356,1.186202204844915,0.2077026604356498,5.711059272697292,1.1227513050914724e-08,8.664240919978826e-08
9825,G6pc3,21.17693772250596,-0.6791565834271562,0.1938765985560055,-3.5030353765514755,0.0004599883672198,0.0016775166489789
9835,Fam171a2,27.862936077869733,-1.1214674786769847,0.1723517463164649,-6.506853006396546,7.674143697379977e-11,7.549831545089087e-10
9855,1700023F06Rik,24.672725671303382,1.632877562068226,0.198697373416077,8.217912164590828,2.070765377150952e-16,3.375628482539774e-15
9858,Plekhm1,61.1759157743145,-0.5372461458379585,0.1379333626613179,-3.89496881299932,9.821136531297736e-05,0.0004088616180797
9863,Wnt3,21.662431400329,-0.8042047139869618,0.2276205369053283,-3.533093827651613,0.0004107266749213,0.0015142789507347
9864,Nsf,12.893905305216103,-0.93694355594486,0.2518083707401312,-3.7208594503468486,0.000198545921845,0.000778950103358
9876,Tanc2,44.9503572207127,0.5505686563390247,0.1340052226648456,4.10856118433553,3.981317346441175e-05,0.0001792285301556
9879,Dcaf7,11.445152273748093,0.835930672091693,0.2634993088896847,3.1724207384606817,0.0015117381874571,0.0048954709389011
9887,Psmc5,197.00607536257212,1.37647810990063,0.1978404217074223,6.957517063607175,3.4632201440297528e-12,3.8841168322008346e-11
9896,Ddx5,194.0711057696048,0.6566815101561603,0.0720946185205568,9.108606490079648,8.344685943974479e-20,1.7161693353970984e-18
9903,Pitpnc1,317.4780817136121,2.273279159065717,0.2720534850768095,8.35600087396012,6.488022935208491e-17,1.083892848450968e-15
9908,Psmd12,260.87069740110604,0.5539348804574974,0.0578265994733184,9.579240098894038,9.776155299013741e-22,2.300199448885429e-20
9912,Cep112,50.85053080800607,-0.7138310116281721,0.125837365602912,-5.672647454180757,1.4060740145553496e-08,1.07568812926533e-07
9923,Sox9,14.477765746043788,0.7874121578633776,0.2674786612601612,2.943831684193704,0.0032417624906551,0.0097264437988748
9928,Cpsf4l,148.02518955706145,-1.289797874953864,0.0951845154167628,-13.550501037973644,7.869117537509922e-42,5.295286573341178e-40
9956,Tmem94,1033.5252964034553,1.5943261866415337,0.0644570342776878,24.734712114941647,4.528401519965585e-135,1.904532469259526e-132
9961,Recql5,264.152490720018,-0.504890903325553,0.0616083819371951,-8.195165778582682,2.502480248569694e-16,4.0441138541486994e-15
9995,Snhg20,58.56976296637123,0.7411698493716641,0.1403729308289303,5.280005518121674,1.2917999600222313e-07,8.682361457232919e-07
10008,Timp2,236.56501500477893,-0.6273345782295833,0.0567552084182956,-11.053339344752631,2.112093266021398e-28,7.573624939030765e-27
10009,Cant1,66.02670121566948,1.8278603635448487,0.251182606451683,7.277018060151598,3.4127958555027163e-13,4.246558038248682e-12
10013,Cbx2,33.21442251200741,0.5130844439322108,0.1572674697879128,3.262495699995328,0.0011043584821847,0.0036891625785931
10018,Gaa,122.80456291652226,-0.8321929306921899,0.0904494101074704,-9.200645197170354,3.5580686339757365e-20,7.557751089567402e-19
10019,Eif4a3,72.36752758358845,-0.6115813393795091,0.1035503029589874,-5.90612795813581,3.50241973145688e-09,2.863032417021336e-08
10034,Gm11769,1110.296786259286,-0.5692596743541725,0.0364777555302811,-15.605666140330769,6.661082601383111e-55,6.960210720687458e-53
10035,2810410L24Rik,29.433135341545,-0.5384444473858712,0.177798430458668,-3.028398203498432,0.0024585389168125,0.0075889908619333
10036,2900052L18Rik,25.097432092616163,0.7619292632063018,0.1735010980736817,4.391495337295956,1.1257375026138124e-05,5.558638686959839e-05
10043,Oxld1,109.90911212518324,-0.6138226896504276,0.0868491647753434,-7.067686732949357,1.5753768280167536e-12,1.8265034030134973e-11
10053,Anapc11,194.4734315179059,0.7481939777105405,0.103017131637608,7.262811202534009,3.791269439963797e-13,4.696651383542781e-12
10064,Hmga1b,172.06769121358855,0.7525681852552191,0.0809977441650656,9.29122400892495,1.5252407496193794e-20,3.362925967345586e-19
10082,Rab10os,69.98639043921942,0.8457824068356808,0.1127343409009986,7.502438033309057,6.264163007801054e-14,8.271743664068847e-13
10083,Rab10,410.4540146534301,0.5428912841567767,0.0516916710563834,10.502490499187196,8.413067489468159e-26,2.5318968582347562e-24
10102,Sf3b6,45.810370301969655,-0.6434222338131602,0.1331022152905716,-4.834046018005962,1.3378563854632387e-06,7.721014741903281e-06
10111,Ldah,25.523297399420517,1.084408611124386,0.2324897406663923,4.664328877550092,3.0962586115383345e-06,1.684072377042011e-05
10116,Sdc1,163.9241721717795,-0.8923115943187852,0.0788432716841521,-11.31753636370399,1.0744918599023145e-29,4.1746366187382525e-28
10120,Ttc32,26.448230126989387,0.8174368447693618,0.1836430306778637,4.451227153854062,8.538096658632895e-06,4.3043572097147495e-05
10125,Fam49a,439.46513327326807,-0.693136892473718,0.0474060708290507,-14.62126854961704,2.0553470177987457e-48,1.6866879453867462e-46
10141,Gm49957,27.95437146519103,0.9269087673765756,0.1708029260284322,5.426773351776657,5.73819176348568e-08,4.037373485450422e-07
10143,Gm49692,14.378481323040448,-0.8494860812462709,0.2342408443455696,-3.62654977452628,0.0002872334722246,0.0010949759128112
10150,Itgb1bp1,447.1166258687715,0.7392380428176687,0.0507076009375265,14.578446409413733,3.851828615044807e-48,3.1304015841013903e-46
10155,Gm4419,60.08966055729408,0.8564799771501368,0.1177854900231887,7.271523656959099,3.554551089734833e-13,4.416411593988854e-12
10159,Taf1b,57.4458479104532,-0.514908452360213,0.116929254836546,-4.403589615618411,1.0647427136500396e-05,5.276043202278237e-05
10163,2900060N12Rik,467.4303449979608,-0.6971393763348961,0.1378652093503722,-5.056673685985402,4.2663231601523996e-07,2.6740817631610955e-06
10177,Eipr1,139.02445654545895,0.5382858022866921,0.0774744390062788,6.947914811529863,3.707247378514546e-12,4.14674352717754e-11
10182,Alkal2,240.3210928915979,0.6122452448611081,0.0586414840588957,10.44048005753416,1.6198943738631028e-25,4.780961938859469e-24
10189,Dus4l,70.50676697669836,-0.66845409508204,0.1101863685223603,-6.0665770552769365,1.3066505117596152e-09,1.1249632323097242e-08
10192,Nampt,117.81205822488911,-0.6176107103373566,0.1240685375328297,-4.977980095670354,6.425126162486653e-07,3.917720095379231e-06
10198,Atxn7l1os1,19.9939416125069,0.930394091863762,0.2154357824044629,4.318660908971118,1.5697875141624813e-05,7.597392218284068e-05
10199,Atxn7l1os2,53.80226323982,-0.792923977476496,0.1216298383882436,-6.519156713383722,7.070375494569377e-11,6.98443493512276e-10
10223,Gm47373,27.81219279071625,0.8062949654124607,0.1804369796289563,4.468568289440969,7.874487405737779e-06,3.9913378013475945e-05
10225,Lrrn3,61.001844677896834,1.2759827471937448,0.1379457762598282,9.249886308880985,2.247315817444736e-20,4.853221308969549e-19
10232,Nova1,119.7201500580081,-0.5501167473633127,0.0897454173916262,-6.12974749410037,8.801865435420824e-10,7.712176157296071e-09
10233,Prkd1,122.8544648517384,-0.5121643595605104,0.0844555380898896,-6.064307577028186,1.3252333202453332e-09,1.1392130887321021e-08
10249,Sptssa,356.83156311651857,0.5440528840615331,0.0598878017458482,9.084535885461015,1.0414203631817524e-19,2.126191112840609e-18
10254,Srp54a,24.753817800489635,-0.6437696773772307,0.1946944081139976,-3.306564803855537,0.000944475012566,0.0032056260656833
10257,Ppp2r3c,207.3727613410736,0.8453429601154163,0.1341184061564147,6.302960080882118,2.9201412169844536e-10,2.6932859480992033e-09
10262,Brms1l,17.118314491505455,1.413706648916568,0.2675364653552509,5.284164336399391,1.2627985612930196e-07,8.507833478827581e-07
10264,Nkx2-9,128.8504125778694,0.5357962146472686,0.0814928997473223,6.574759473629772,4.873187899165684e-11,4.86826841019384e-10
10273,Gemin2,29.77668800321132,0.5636367371451025,0.1740522516505605,3.2383191357771053,0.0012023622979325,0.003983328266664
10281,Togaram1,10.040712575304411,1.025079193952926,0.290762290811383,3.525488780172987,0.0004227020821358,0.0015536633444987
10284,Fancm,128.7216290094629,0.5879641517005296,0.0812641044501757,7.235225880831796,4.647549556831221e-13,5.711156040509249e-12
10286,Rpl10l,54.96780760082666,-0.5500227733261248,0.1267449103416579,-4.339604421538227,1.427394285025552e-05,6.954258342596254e-05
10290,Rpl36al,223.57113909808655,0.7373342226409736,0.0745852955016733,9.885785364012282,4.7980461109262817e-23,1.224848705980468e-21
10299,Gm9887,51.03645456636934,0.5915966892585725,0.1229675368078799,4.810998940174443,1.50177813624301e-06,8.593337954427264e-06
10302,Sos2,33.465916414783806,0.969953988434663,0.1613439714613819,6.011715093221341,1.835707364971304e-09,1.551085133144764e-08
10305,Cdkl1,60.15554968959368,-0.817748039790138,0.1327821257583878,-6.158570177420743,7.340465524434017e-10,6.489156674595558e-09
10306,4930512B01Rik,2059.6406001090795,0.525216320822832,0.0348815579435702,15.057134823866011,3.099307552676032e-51,2.8183595112793998e-49
10322,Dact1,1311.7130556663224,1.0144418239631865,0.102816333128007,9.8665435062754,5.81333720490288e-23,1.4728580090072464e-21
10325,L3hypdh,15.292007068873636,0.8222976327932341,0.2342089809975499,3.5109568783010774,0.0004464968200712,0.0016329165226214
10330,4930447C04Rik,40.61051866241112,1.1423877842675974,0.1593433999720142,7.16934485186231,7.535751527521243e-13,9.023056793415647e-12
10331,Six1,189.0430541516644,1.461311692416174,0.1441271396857291,10.139045953472609,3.7070221007372125e-24,1.0190070719068972e-22
10337,Tmem30b,12.433875190095144,2.4219625866220227,0.6672018104381467,3.6300299980174464,0.000283388282945,0.0010817883104116
10345,Rhoj,135.14634342464552,-0.5856736989418153,0.0757848596541433,-7.728109567196319,1.0915537874970364e-14,1.5496379212711091e-13
10353,Mthfd1,47.87371635954326,0.6085842136107623,0.1278880008553418,4.758728024055603,1.9481672671936154e-06,1.0983249978551673e-05
10355,Zbtb25,17.550169897337106,1.1427330669260476,0.23901005641213,4.7811087285616525,1.7433103732535993e-06,9.887967096846024e-06
10357,Hspa2,12.279034408956328,1.82725153176181,0.3036078207093871,6.018460023501346,1.760841865880463e-09,1.4900725709108164e-08
10363,Gpx2,839.200568319917,0.5993228355410724,0.0357823396449103,16.74912377134958,5.746647193277587e-63,6.90541755232206e-61
10374,Plekhh1,289.52573581968375,-0.696063871693796,0.05506076387593,-12.64174019202234,1.2427269295556052e-36,6.854555782266866e-35
10378,Vti1b,253.31250683551056,0.9866961208543836,0.1972894540340006,5.001261348132362,5.695644050050312e-07,3.4944500311450182e-06
10390,Galnt16,68.62803910096827,-0.7473848670304192,0.1124244064030076,-6.647888042666372,2.973283208505604e-11,3.0168602784493225e-10
10395,Gm20337,235.18104051983468,-0.5742176886186493,0.0624466922054867,-9.195325938628285,3.738594439787372e-20,7.931194736512355e-19
10396,Slc10a1,15.908846198020498,-0.7089992138312362,0.2288891200815716,-3.0975662520724563,0.0019511677743543,0.006168858385259
10397,Smoc1,213.47366240468472,-0.5023191665205642,0.065585638332237,-7.658981132057709,1.8741392673756878e-14,2.605673131823239e-13
10398,Slc8a3,156.19181929861594,-0.6741753653416434,0.0800995576697395,-8.4167177067488,3.8717914398376707e-17,6.585960302567155e-16
10400,Gm28370,16.564451879851898,-0.8696877403218262,0.228485388971868,-3.806316649984588,0.0001410517718646,0.0005698640629393
10403,Adam21,3388.5221533660265,0.6654191347869202,0.0290049464371068,22.941574335597817,1.7883995982313272e-116,5.372544007329574e-114
10410,Rgs6,59.10016661668084,-0.5377040748773582,0.1193048187002132,-4.506977008434927,6.575775567742447e-06,3.381971029536264e-05
10414,Rbm25,770.9270195945157,0.6695131032000524,0.0380849109558437,17.579484535917572,3.5377790456493475e-69,4.878365318439261e-67
10415,Gm29361,183.13373970049324,0.6471899722276179,0.0747365019142035,8.659623552766531,4.733247650420962e-18,8.580541511102571e-17
10434,Abcd4,576.6421511139206,-0.6514837607808551,0.0482807033494311,-13.493667564570195,1.7040812421194808e-41,1.1286519187470878e-39
10437,Isca2,1253.7657736634103,0.5803921128478537,0.067074205958432,8.652985220690365,5.0169523727174975e-18,9.071515636222375e-17
10445,Rps6kl1,180.5906787611126,0.7734733777871694,0.0964678112987115,8.017942641946307,1.0753099535500913e-15,1.659627463171852e-14
10452,Fos,119.86767093177215,-0.7235818659795452,0.1030520333513995,-7.021519541610463,2.1946811262834587e-12,2.506525498130796e-11
10473,Ahsa1,11.862691083787782,-0.9238806754262968,0.2677852014862749,-3.450081148243173,0.0005604180678122,0.0020072201734737
10474,Sptlc2,92.34044127425464,-0.6965850710006642,0.0954422083161496,-7.2985011903040435,2.9099093289635764e-13,3.642366416752548e-12
10487,Gm8378,50.17334374014586,-0.8131155975030419,0.1315190403064718,-6.182493391133951,6.309695349923297e-10,5.613326540019018e-09
10505,Kcnk13,29.560890458548183,-0.6060203174447945,0.1603775699896542,-3.778709937330314,0.0001576429194555,0.0006297855222038
10507,Calm1,24.641913718050077,1.3669189048123374,0.4065270914398299,3.36243004118375,0.0007725970006474,0.0026831955701676
10508,Ttc7b,41.431042884965215,0.5255695581082874,0.1498707045392436,3.506819826623736,0.0004534960955269,0.0016557176834968
10516,Atxn3,43.34423674341266,1.104234312513869,0.1508948006504381,7.317908289444187,2.5186588933886563e-13,3.169139757926504e-12
10519,Rin3,76.70259644534485,-0.5393645687462845,0.1290827186290537,-4.178441347336832,2.9351366614445257e-05,0.0001353558225205
10521,Chga,127.99217136689543,-0.5017383075377884,0.0857000512632881,-5.854585850787247,4.7820014365703884e-09,3.855212770818482e-08
10522,Itpk1,63.82105236804043,1.066278554945331,0.1180529814934746,9.032203519605895,1.6824915427259453e-19,3.353620287118315e-18
10535,Gsc,94.10794828238438,0.7776676289196247,0.0975289683235356,7.973709168540018,1.5398165602933212e-15,2.3464070646571143e-14
10550,Ccdc85c,254.8144708165902,-0.5711606995987052,0.0598557329896438,-9.542288951628516,1.3971396142091989e-21,3.2689957899640274e-20
10555,Slc25a29,59.58875866388842,-0.5460357642179952,0.1130513199851861,-4.829981324318421,1.3654585699423763e-06,7.86412513596049e-06
10560,Gm34081,12.267678478364068,0.9932418349030704,0.3145218181565409,3.1579425577678784,0.0015888686259372,0.0051166801099046
10584,Exoc3l4,231.6072980954763,-0.6445424207423452,0.0611113851464789,-10.547010498901804,5.243909806088544e-26,1.6098228953983136e-24
10589,Mark3,207.13569007319228,-0.7027087178111254,0.0702623462059679,-10.001213391753188,1.5054103165900426e-23,3.9695168896542764e-22
10592,Trmt61a,32.339425624850804,-0.7060868766855085,0.1727507907187517,-4.087314875652631,4.363946501169339e-05,0.0001951998723455
10595,Zfyve21,668.4304555056302,-0.5354629133816778,0.0415849487640089,-12.87636342707512,6.11496044620217e-38,3.535119573417839e-36
10603,Siva1,36.64670588293612,-0.6677902756536933,0.1445636184069715,-4.619352247906166,3.849398783323771e-06,2.065659831957123e-05
10605,Cep170b,10.59133525841373,0.895229652435096,0.2992588353762326,2.991489461988984,0.0027762011983552,0.0084532185990824
10606,Ahnak2,14.856629068483343,2.317330308285039,0.3439108489789015,6.738171578958255,1.6039210434022808e-11,1.6728309803568864e-10
10607,Clba1,43.03084883557123,1.1608784555318188,0.144073268352218,8.05755619212998,7.78348164674583e-16,1.2135450578610296e-14
10609,Jag2,20.23652365223609,-0.8287668908138144,0.1904560689652736,-4.351485858741133,1.3521804415452224e-05,6.612561941619249e-05
10611,Btbd6,143.60841378344108,0.5373581268491572,0.0740844392749001,7.253319753898902,4.0667846514558074e-13,5.012125874830846e-12
10616,Tedc1,86.43351583975026,-0.5056224192442382,0.1002341012319982,-5.044415154418783,4.549106331090355e-07,2.83863560118446e-06
10618,Zfp386,48.63500797374337,-1.3052780013982437,0.1348358243672578,-9.680498543495416,3.649320592846958e-22,8.897466714994837e-21
10620,Esyt2,82.8695245840519,-0.8775177014828899,0.0982788815051844,-8.928853157904516,4.304477844751746e-19,8.304384264020487e-18
10630,Itgb8,315.76383384659624,0.5119880111504037,0.0539329380760169,9.493048764166552,2.2437397208847866e-21,5.192081612715923e-20
10633,Gdi2,16.09108185219111,-0.7605362479334921,0.2300977758629346,-3.3052742256254164,0.0009488351477169,0.0032175476093615
10651,Chrm3,14.73552396153114,1.2414116747935846,0.2408068956385765,5.155216471279131,2.533380949792178e-07,1.6404568020921409e-06
10652,Ryr2,134.82610584417102,0.881639597478246,0.0801941462107102,10.993814874738325,4.092542615046257e-28,1.4433720002709262e-26
10656,Lgals8,797.5178127678355,-0.5794607404829789,0.0463283342165533,-12.507696429886645,6.776086852200207e-36,3.6419843167592364e-34
10672,Gli3,10.36473841546508,-1.0621956762985725,0.2804510999925549,-3.7874541277490814,0.0001521987727614,0.0006099189981339
10685,Gm32036,82.26598057102768,0.9438352920703372,0.1011978502988013,9.326633809745228,1.0928666597926036e-20,2.44485316724614e-19
10694,Nkapl,33.8520242946928,-0.8719706606517749,0.1944311385371837,-4.484727432098104,7.300719875209802e-06,3.72294666446361e-05
10697,Hist1h2bl,24.032041569379988,1.3183750738783522,0.2177534597051175,6.054439160983713,1.409077154431201e-09,1.2075855817114668e-08
10702,Hist1h4k,212.8552513029065,-0.9151403804693056,0.0638541763383574,-14.331723200375505,1.386374110756373e-46,1.0649758751257744e-44
10721,Zfp322a,15.108783583767142,-1.540551202611411,0.2472868487211861,-6.229814527453378,4.66987705560896e-10,4.219191283915658e-09
10723,Btn2a2,35.922874792377264,0.6549625885835786,0.1570156959569283,4.17131920851559,3.0284127925540607e-05,0.0001394279923621
10734,Hist1h1e,72.79233965335165,0.5177857231392106,0.1050607087477831,4.928443081249786,8.288747401318241e-07,4.944737501148113e-06
10738,Hist1h1c,37.83009507551566,-0.6937955519123342,0.1404379208505228,-4.94022944593993,7.803069532031733e-07,4.676559983518698e-06
10740,Hist1h2ab,18.73659022942341,1.4653815772022898,0.2302741161490809,6.363640003089156,1.97027632304283e-10,1.860159942914131e-09
10748,Armh2,504.6499842669391,1.0866971087198911,0.0462676240068288,23.487203677446274,5.512186377004901e-122,1.7496511588745936e-119
10749,Gmnn,172.11680300668507,0.6163806437075671,0.0751175645206993,8.205546168069889,2.295449589389384e-16,3.727446760839538e-15
10750,BC005537,11.011988071110071,-1.0487849179189748,0.268976365954495,-3.899171268067494,9.652248493659844e-05,0.0004030274917072
10757,Dcdc2a,16.152285253378096,0.7097168916696024,0.2277395569827441,3.116353175848928,0.0018310283511683,0.0058196466940687
10761,Gm11361,84.95528256740657,-0.5055260190464779,0.0953833656894214,-5.299938992428988,1.1584138231831609e-07,7.861232653251437e-07
10766,E2f3,32.72791020686384,2.475867274029909,0.3288891851690088,7.527968038102611,5.1536002164500585e-14,6.891813707578643e-13
10772,Serpinb9,53.31382525516008,0.5654099915405585,0.1236560839680148,4.572439732822274,4.8207790581152445e-06,2.5439136165204757e-05
10779,Ripk1,982.95251950569,1.2075290385489337,0.0910529130544304,13.261838617146562,3.853311116259936e-40,2.427874640780558e-38
10790,Eci2,154.22002578682623,-0.6041663541066086,0.0858829084386075,-7.03476821046984,1.995925196237489e-12,2.2888513685278307e-11
10795,Gm48770,130.0383279688955,1.060141316651755,0.0934375001491296,11.345994006257994,7.763893803672554e-30,3.030440497892886e-28
10808,Slc35b3,20.75814034200677,-0.844812713670525,0.2092828106067978,-4.036703784802307,5.4207440869117984e-05,0.000238310208322
10824,Gfod1,22.666299247201096,0.6255675445174702,0.1890579288843215,3.3088670134550924,0.0009367432008271,0.0031836021954577
10827,Ranbp9,21.00826210334046,-0.9784990032859668,0.2309166709745545,-4.237455005549561,2.2606770487475514e-05,0.0001065006160489
10830,Dtnbp1,35.99627144625784,-0.5925578697514189,0.149031517124446,-3.976057421844631,7.006721364557122e-05,0.0003000103678186
10842,Tpmt,193.06437679018055,0.8045682145681121,0.0739429450943186,10.880932772448237,1.4210132886047704e-27,4.819698902056058e-26
10853,Ninj1,39.56680153443138,-0.6543237943088892,0.1703103197460342,-3.84195036028711,0.0001220605255651,0.0004999815489611
10856,Bicd2,223.12833815220904,0.6342850563970284,0.0671818186052644,9.441320130433692,3.681119364005902e-21,8.425506266757998e-20
10861,Aspn,17.76764529900325,0.61634085638417,0.2051554254139918,3.0042630124961587,0.0026622507231422,0.0081475430080811
10864,Nol8,154.38281096908875,0.546228956195187,0.0873970922229806,6.249967159108286,4.1053899988461317e-10,3.7271978386718015e-09
10865,Iars,26.46560739143087,0.7567852726446478,0.1789358117627048,4.2293673088104695,2.343494533217115e-05,0.0001101070195265
10870,Cks2,14.302312426821732,0.9885781954820014,0.2466341593122643,4.008277678317704,6.116317989149854e-05,0.0002657582588
10885,Arl10,29.814212245580705,0.896446906567149,0.1880481013353418,4.767114904119855,1.8688273864811008e-06,1.0564275242866789e-05
10889,Tspan17,14.74118297068247,-1.4297704653816323,0.2811648391303379,-5.08516808077429,3.673006467232221e-07,2.321224184757613e-06
10892,Fgfr4,169.65215345826962,0.8252111568297913,0.0777963353245948,10.607326853979782,2.7551895730565067e-26,8.567570090116379e-25
10893,Rab24,46.618814120089326,-0.847993252983203,0.1382452375394065,-6.133978052889413,8.570834777477003e-10,7.521499919744165e-09
10900,Dok3,16.690922858633893,1.460141073662921,0.2347835107977541,6.219095492275467,5.00028937570383e-10,4.503204934018497e-09
10902,Fam193b,210.1546079381404,0.6851653379644143,0.0734366933026126,9.330013473523849,1.0585745019474108e-20,2.3744531795015055e-19
10908,Pcbd2,117.71491942856514,1.2635347575901066,0.089153777533431,14.17253191673571,1.3552467853989169e-45,1.0088193217153087e-43
10914,Slc25a48,319.9659081226755,-0.7181584379876795,0.0661140612735552,-10.862416014895956,1.740815878289106e-27,5.857149104091526e-26
10919,Hnrnpa0,42.16125684499672,0.6901943152904931,0.1417037810417608,4.870683832261958,1.1121267507055225e-06,6.503061636120612e-06
10927,Naa35,21.49336744054254,0.9394320537291524,0.2110991033504025,4.450194429152989,8.579258325881972e-06,4.321223437614144e-05
10932,Tut7,104.5178339511526,-0.5458694677532635,0.1051618240469762,-5.190756937702231,2.094408870337982e-07,1.368851609389894e-06
10941,Gm40977,136.27268221211693,1.282704369370123,0.1905292024676449,6.732324246137271,1.6697402229852238e-11,1.7382450353515108e-10
10948,Fbp2,24.360295140678613,-0.7122682159767589,0.1825903573899802,-3.900908164911917,9.583250246433486e-05,0.000400444656969
10961,Cdk20,145.41335306328614,-0.6820869548755052,0.0841080085164413,-8.109655274291413,5.076357248911802e-16,8.003707403790371e-15
10962,Cntnap3,26.906491543220454,1.2361075105557937,0.1946908238557319,6.349079458782111,2.1660713906247948e-10,2.0334720426607662e-09
10972,2410141K09Rik,146.76630095422,0.684442999801266,0.0780260783961466,8.771977444852181,1.755555743315125e-18,3.2742477017505924e-17
10984,Gm48900,160.82413290049396,-0.5453988434574534,0.0756485055734865,-7.209644649591152,5.609807770267365e-13,6.813992499581797e-12
10992,Zfp738,12.316402393454869,1.5293999045045783,0.2743741730953212,5.574139457992079,2.4875640743689414e-08,1.844349511816161e-07
10999,Gm10037,30.1838582143476,-1.2231534132308963,0.1662029306840808,-7.359397383647049,1.847423090684981e-13,2.3580575610465426e-12
11003,Tent4a,446.3534084001888,0.7478216237434342,0.0457482770804659,16.346443439347496,4.6112053120697567e-60,5.3133086962294194e-58
11006,Med10,69.30968932682225,2.0097954496040717,0.1502749378736596,13.374122645079796,8.565845390067755e-41,5.5211960535291136e-39
11007,Ice1,112.26802521051842,0.6024826860809304,0.0925645278973372,6.508785814249928,7.57606519916809e-11,7.457703033680794e-10
11017,Nkd2,71.49407927596303,-0.9521023062014052,0.14022100162062,-6.790012160784588,1.121240932601802e-11,1.1950670741378338e-10
11043,Mctp1,49.74287838021385,1.0084889249859366,0.1509864328229347,6.679334733132047,2.400293516540206e-11,2.460703097425709e-10
11044,Slf1,421.46225797716966,1.325888228762708,0.2023945623134312,6.551007169399233,5.715031480713556e-11,5.675559303426454e-10
11047,Pou5f2,3471.6944022749,0.5663575267425404,0.028531742515117,19.85008544229172,1.1001377434195168e-87,2.3134521571933164e-85
11048,Gm38604,197.1441872047032,-0.5948006098927159,0.0743653520162755,-7.998356677751466,1.260906755740078e-15,1.933658555315892e-14
11063,Vcan,34.96888912983405,0.5241263239998178,0.15502081959352,3.3810060182505097,0.0007222096104399,0.0025233088839941
11064,Xrcc4,114.1484837728444,0.6633477079071223,0.095362272377443,6.956081177277301,3.498683117238036e-12,3.9212755550496647e-11
11071,Zcchc9,27.29838713914367,0.5494140482143722,0.1712680567948535,3.2079189692241643,0.0013369916254707,0.0043895804284336
11079,Serinc5,20.419925202502952,-0.7964285860447254,0.1976676694570544,-4.029129236117993,5.598383652062165e-05,0.0002450093865209
11089,Wdr41,37.44133029314234,-1.050089466845883,0.1490216188758671,-7.046557907283185,1.833978233630358e-12,2.1108540319844948e-11
11094,AC171003.1,28.38805595539533,0.616491187265382,0.184755714353018,3.336790904813016,0.0008475168310802,0.0029186848821419
11098,Poc5,98.15164523101532,0.5330503697007885,0.1008490228807698,5.285627510055252,1.2527457527311398e-07,8.446870460198781e-07
11104,Nsa2,330.32142063229577,-0.6175697408077399,0.0576713167830344,-10.708438358206765,9.29159148517482e-27,2.9887656511490638e-25
11117,Ptcd2,64.25916792745555,0.5050801280295413,0.1104231010728945,4.574044046237376,4.7839919839768125e-06,2.526085911689953e-05
11120,Mccc2,72.99187420542836,0.5042473498884604,0.1258019898887711,4.008262113614377,6.116721025225839e-05,0.0002657582588
11121,Serf1,57.6486199610873,0.5613704114657008,0.1200831164269882,4.674848789480075,2.941702836053724e-06,1.607283754820779e-05
11149,Kif2a,73.99555445280403,0.8646336478891449,0.1176039614814836,7.352079275197536,1.9514700218849485e-13,2.4852066751075312e-12
11150,3830408C21Rik,93.30302631984917,0.5401780967764376,0.0993157795193401,5.438995690219062,5.3581751132609784e-08,3.8001930830686957e-07
11167,Mtrex,11.4443515922523,0.9408418776862072,0.3096549298439384,3.038355882660669,0.0023787285268856,0.0073764700475202
11168,Dhx29,2346.410300494016,-0.521748871078871,0.0365344063532623,-14.281027753234088,2.8733242569321718e-46,2.1773844132599065e-44
11173,Snx18,82.66465345513107,0.9634654975544822,0.1113458351516235,8.65291006387888,5.020258608644732e-18,9.071515636222375e-17
11175,Arl15,628.6211319948972,-0.5167416539080117,0.0406112224895219,-12.724109796038167,4.3439735119440995e-37,2.4523042413233425e-35
11181,Isl1,69.22002584768721,0.6769942886931762,0.1067725628990913,6.340526726261974,2.289809449988872e-10,2.1460425836859496e-09
11185,4933413L06Rik,168.7808038300888,0.7116241597206687,0.0734536869441386,9.688065900107336,3.3888513433430108e-22,8.274404375770604e-21
11200,Gm3164,477.11321657122687,2.251109863550207,0.137624050674531,16.356951074444734,3.8807705446606233e-60,4.502496749850046e-58
11202,Gm3252,20.53884506404675,0.9091958282057996,0.2026762215202935,4.485952132844374,7.2589038165837695e-06,3.706116507022421e-05
11214,Flnb,110.42526495018836,-0.547669935506051,0.1152473321504398,-4.752126797964762,2.012880708073029e-06,1.1313963298333636e-05
11215,Abhd6,402.2583553037441,0.6958260395344119,0.0482710308459008,14.41498197450452,4.1654792478854363e-47,3.2593422040547315e-45
11234,Lrrc3b,37.69607551152525,2.417059455774849,0.1980696537158809,12.20307811130915,2.9929209739864197e-34,1.459417667981842e-32
11250,Gng2,29.01240564545336,0.946197075169477,0.1821960310257536,5.193291367778099,2.0660844983860813e-07,1.3519151892784537e-06
11253,Gm30054,10.593671910247876,3.1384953907190978,0.4288714146031598,7.318033526723126,2.5163100555353986e-13,3.1685541964275457e-12
11254,Dnajc9,288.856081128971,0.6342068990296007,0.0562150784905331,11.281793356143828,1.6142127069474518e-29,6.22841751582041e-28
11260,1810062O18Rik,41.478085009270345,-0.5245430267704034,0.1505640004664717,-3.483854209142186,0.0004942486363634,0.0017904273922358
11261,Usp54,25.33655459052052,-0.5898098579680933,0.174919166735495,-3.371899540660272,0.0007465167267639,0.0026039085412295
11265,Fut11,20.782400014759837,0.8055923333510311,0.2152901280508927,3.741891654040895,0.0001826402602963,0.0007224446505913
11275,Gm30363,11.440569941028832,1.1041438697148565,0.2793358417257771,3.95274685444337,7.725915920573308e-05,0.0003279663980111
11283,Dlg5,89.0146458556363,0.6669766165053176,0.0975114315491455,6.839983845065002,7.920211161618066e-12,8.552099638761279e-11
11288,Ppif,10.797376992590117,1.735146232106053,0.3118930598579471,5.563272978553392,2.6476123248708962e-08,1.9544002694735886e-07
11290,Anxa11os,758.1610888956933,0.5479141022696941,0.054197895519944,10.109508810504824,5.0134998346071984e-24,1.3581659857906099e-22
11295,Slmap,174.54494516418063,-0.832936671634633,0.090592629753596,-9.19430944769069,3.7741087009087525e-20,7.996452226119389e-19
11296,Dennd6a,69.86512747603312,1.3881157543111649,0.1158759800354748,11.97932266796104,4.560343062267908e-33,2.119299760677708e-31
11304,Arhgef3,74.3780918027511,2.3202037242665625,0.1336584126196924,17.359204548301786,1.6803537178707703e-67,2.1745069689030746e-65
11312,Selenok,66.27608263331716,0.5285095211168964,0.1063644398191483,4.968855399563258,6.734926862139454e-07,4.085888013046233e-06
11322,Glt8d1,14.135151884451451,-0.9877370339607155,0.2356401630455666,-4.191717664741697,2.7685039658388183e-05,0.0001281985747792
11339,Ncoa4,180.13425665997318,0.7325442250940466,0.0790733409031474,9.264111225441958,1.9670869989852775e-20,4.2644722401970795e-19
11361,Ghitm,47.539188574886566,-0.9851899003453058,0.1336703279925103,-7.370296124361322,1.702494413247309e-13,2.176372607451328e-12
11370,Gm32857,93.81110490472877,-0.793911472204642,0.0930548387591695,-8.531651688305255,1.4427288188901822e-17,2.5177413817624e-16
11371,AC160336.1,19.92196073856322,-1.949805950795774,0.3194465800222529,-6.1036995627248505,1.03641020154232e-09,9.01060920958473e-09
11376,Fermt2,20.03097708430087,-0.6828928461533075,0.2005289215746313,-3.405458129385858,0.0006605314168913,0.0023286538894395
11405,Tep1,140.10066527173475,2.1090092845043604,0.1909165543432533,11.046759626263334,2.272707405774418e-28,8.117570421941196e-27
11407,Osgep,141.09440232752831,-0.7443733061365685,0.0752385088351214,-9.893514872387986,4.441536110790868e-23,1.137290136862021e-21
11410,Pnp2,19.3900491495286,0.601379238298723,0.2009908716107843,2.992072393532798,0.0027709054624054,0.0084410441903227
11419,Supt16,53.09498867733155,1.1357170116652648,0.1562806070518634,7.267165345015358,3.6710935839866507e-13,4.554484318835356e-12
11420,Gm26590,78.44192890763884,-0.7715811787541935,0.1340962732374831,-5.7539345436374,8.718992753380734e-09,6.793868230204915e-08
11421,Chd8,177.00901122418458,-0.5677016708155034,0.0732888522913145,-7.74608488285444,9.476917153042083e-15,1.3568525724734214e-13
11430,Rem2,19.643815410818576,0.7003231839018739,0.2016352851149863,3.473217415803496,0.0005142585856779,0.0018553232225734
11453,Dcaf11,185.01195218930744,0.5230547032553154,0.0664679935215108,7.869271743339761,3.567115965926892e-15,5.2871887131971905e-14
11456,Rec8,141.53493101500166,1.2826021668498346,0.1120089645527377,11.450888524605014,2.3274747628783727e-30,9.322644746643537e-29
11458,Tm9sf1,113.36497685227825,1.1594580423032843,0.0878280389702359,13.201456572384735,8.6054825673918e-40,5.264364844772082e-38
11460,Mdp1,17.44138308089319,1.668929237193367,0.2657221319573264,6.280731021160813,3.3698472494331405e-10,3.091109066369342e-09
11478,Cenpj,53.39909355330249,0.940003706184335,0.1285404761412825,7.312900452859298,2.614367016533872e-13,3.2846524510193668e-12
11484,2410022M11Rik,188.0325783291049,-0.681626062577401,0.0767384586706454,-8.882457041558245,6.539950603748248e-19,1.2488262089314049e-17
11487,Ift88,23.344281838018837,-1.2753738307698144,0.2033543883239668,-6.27168088813504,3.5717102906459036e-10,3.2691448432827e-09
11489,Eef1akmt1,200.17552858938328,1.6346503229419636,0.0895132501598373,18.26154586078693,1.6748153094280825e-74,2.683373138143679e-72
11498,Phf11d,15.975227860313604,-1.0822065271325536,0.2318729816953534,-4.667238585625348,3.052747759657706e-06,1.6625566707905986e-05
11499,Setdb2,59.61238386107456,-0.6961229917137212,0.1212146772563335,-5.742893579146568,9.307222460366854e-09,7.23546226667059e-08
11500,Cab39l,15.673738501717592,0.7152848978206833,0.2291234961093719,3.121831282983054,0.00179729907124,0.0057167635234395
11517,Serpine3,688.2428644250431,1.7688230347292526,0.0685963497806737,25.78596441916796,1.2742057530797537e-146,7.655701208593104e-144
11526,Gm15918,122.39916054033696,-0.6037313704148796,0.0835978971872383,-7.221848763284949,5.128549261923447e-13,6.270173272771668e-12
11531,Kif13b,54.08554239813033,0.8550017176689333,0.1467470541279112,5.826363757351312,5.664807209778578e-09,4.5144032065421616e-08
11543,Gulo,88.63334241203606,2.8612654923239798,0.1445138748001967,19.799244164478544,3.0219379912251477e-87,6.199763759314713e-85
11544,Adam2,570.0023786698313,0.5446414298257101,0.0537052742016966,10.141302468361731,3.622371897735546e-24,9.973676339706234e-23
11561,Nefm,32.2919243110907,0.5630413898205088,0.1674164662931299,3.363118349629229,0.0007706731653091,0.002677066830476
11563,Slc25a37,59.72069500404514,0.820044868467498,0.1196208926009324,6.855364900203942,7.113071684452999e-12,7.710258050744382e-11
11571,9930012K11Rik,21.13647781596396,-0.6701612189916629,0.1893622658120032,-3.539043093500959,0.0004015802906675,0.0014834838010321
11573,Sorbs3,28.81950729526742,-0.7205861638255242,0.1604585682497423,-4.490792680537839,7.095859451811827e-06,3.629481409481009e-05
11582,Fam160b2,25.768082027235565,0.8684929096327375,0.1953416911828952,4.446019200374292,8.747613332862172e-06,4.394180325432676e-05
11589,Rcbtb2,36.73690904494743,0.7480251400360169,0.1575960034160966,4.746472777364955,2.0699456860778214e-06,1.161143590426382e-05
11592,Med4,45.7504046546888,-0.8769856737317034,0.1332199138463701,-6.58299235010051,4.6107287599015876e-11,4.617041067132405e-10
11597,Lrch1,346.81818248251903,-0.5312501185533315,0.0553132929153055,-9.604384236656625,7.661449059051459e-22,1.815331796062291e-20
11604,Gtf2f2,19.663933030390723,-0.8023264005002221,0.2205392615980276,-3.638020707453922,0.0002747413402362,0.0010516435874391
11607,Nufip1,59.90910238296391,0.592700206318783,0.1157515023239176,5.120453682408178,3.04801475744442e-07,1.9452485684555187e-06
11616,Gm49003,184.04012860980825,1.3456906443897485,0.1693893885881819,7.9443621327507135,1.951925843237584e-15,2.9476883717042974e-14
11626,Wbp4,1275.9192664408472,0.7007484899933538,0.0403437210558161,17.369456055475343,1.4055198526079755e-67,1.8329504248390682e-65
11627,Elf1,14.27424948607262,2.3281494638196043,0.2942334200054417,7.912593558463027,2.5208129506580617e-15,3.779646726285256e-14
11629,Pcdh17,25.77837057762435,0.62959109407139,0.1815088897846153,3.4686515620170693,0.0005230773868085,0.0018855219366361
11636,Rpl36a-ps1,23.38928045450549,-0.7573226946016213,0.1839027016755619,-4.118061821286766,3.820722121740093e-05,0.0001726921231972
11638,Bora,26.576371194018847,0.7410861395352447,0.1964441089670275,3.772503759120786,0.0001616175307035,0.000644745487082
11644,Tbc1d4,986.1574569300464,-0.5479220151760199,0.0361559171067307,-15.154421710797092,7.08361606341871e-52,6.620426279716276e-50
11651,Scel,31.70156566807508,-0.5715392001255605,0.153042563953476,-3.734511402326641,0.0001880799704777,0.0007418685447471
11657,Gm10076,48.89156624729102,-0.9733763544396012,0.1790533754244139,-5.436235715369159,5.4417955342275314e-08,3.853001947487785e-07
11665,Sox21,49.28935330084055,0.6543059042088395,0.1278414803584443,5.118103313371249,3.086235420372012e-07,1.9681477815359498e-06
11666,Gm4675,17.694003955766025,-0.7111942437246639,0.2189291032532759,-3.24851393970172,0.0011600952444726,0.0038617711693331
11668,Dzip1,15.369117442160066,1.6472545580939515,0.2862699575341029,5.754199889793593,8.705310361313136e-09,6.78635014867335e-08
11672,Gm16835,50.41729845376189,0.5807004133570582,0.1255136503591509,4.6265917029375965,3.717323157620604e-06,1.999249599765071e-05
11674,Mbnl2,60.84588372501992,0.5660084989299352,0.1272271705335845,4.448802064497098,8.635054588701673e-06,4.348025242314524e-05
11678,Slc15a1,58.96153699067592,1.6155618892817647,0.148480683706383,10.880619949706716,1.425898638732968e-27,4.826537786600548e-26
11687,Zic2,52.20234625666479,1.3872672030111972,0.1967036369713459,7.052575256721267,1.7563636298649281e-12,2.0251751436064213e-11
11694,Fgf14,30.27015417351642,1.1194789108583392,0.3295461963173138,3.397031807280865,0.0006812104835359,0.0023919857993164
11705,Prkaa1,133.4110670934631,0.5187186409499908,0.0850464374596489,6.099240090992659,1.065738937727842e-09,9.25602795528936e-09
11707,Ttc33,28.611201846433683,-0.7061799696615145,0.1648826889808214,-4.282923659400379,1.8445347076926563e-05,8.825542487916256e-05
11712,Lifr,29.93879697883113,0.8248172776732823,0.1618296537534153,5.0968240896695045,3.453990066506162e-07,2.191870044844706e-06
11713,Egflam,2116.119093600215,-0.574051064311522,0.0452812133409842,-12.67746648016486,7.883915355532774e-37,4.377264291291349e-35
11720,Lmbrd2,436.8546171828477,1.2550135967878016,0.0478804227414888,26.2114142885443,1.9695260824197246e-151,1.3253334913818811e-148
11721,Capsl,30.201166647121365,1.4533811254109703,0.2299467719166119,6.320511104796137,2.6069959492460476e-10,2.421727932311776e-09
11722,Spef2,157.96506501994068,-0.6560420280315056,0.0738845976095167,-8.879279975221849,6.729453378625094e-19,1.2821018594406566e-17
11727,Rai14,53.42213674543335,0.8867971118443514,0.1226753017033814,7.228815413786815,4.872251203048726e-13,5.974189649335913e-12
11733,Sub1,54.75283482148964,-0.6535222394803362,0.1230423508012374,-5.311360155464161,1.0881005072737881e-07,7.398995486607491e-07
11736,Pdzd2,25.062879734671093,2.856596807365907,0.282572614470005,10.10924860048366,5.026832486536432e-24,1.359588471398752e-22
11746,Gm2824,74.93768454509208,-0.5179000996506377,0.1027682435625038,-5.039495487102004,4.66760634850959e-07,2.906111828311504e-06
11762,Cct5,97.6427176271352,0.7452335806243527,0.0948405508248716,7.857752555660164,3.910869124799064e-15,5.766218342374641e-14
11765,Sema5a,121.36129085737691,0.8712109335167487,0.1256786642704022,6.932051184458057,4.147818162108882e-12,4.608899930063257e-11
11767,Cpq,16.71805580553691,-0.6811072813334559,0.2085283244875164,-3.266257871717712,0.0010897895970793,0.0036441125803352
11771,Matn2,1013.1442507178288,0.5983212710784626,0.0392185040737007,15.256096202804589,1.4995534305100913e-52,1.4252535232469645e-50
11772,Rpl30,66.14102814873905,0.5772981561476418,0.1099907720843592,5.248605362137775,1.5325498036994374e-07,1.017446146315534e-06
11774,Pop1,322.9941446333225,0.6328689146866041,0.0547459771373716,11.560098984050908,6.5633090499946695e-31,2.72628513945828e-29
11781,Rgs22,67.93792359026708,-0.7147647613780193,0.107469790704209,-6.650843522579089,2.914179788714217e-11,2.95867511077485e-10
11783,Spag1,26.361766342669583,1.0028833353752624,0.1813747388798937,5.529344061740436,3.214303777634114e-08,2.350031831861743e-07
11785,Ankrd46,28.664378547267884,-0.9373428391302338,0.175494636932293,-5.341148057372639,9.235978283049605e-08,6.339325281752079e-07
11787,Pabpc1,39.47643829508326,-0.5527905496839048,0.1362614740981856,-4.056836705623643,4.974183358076965e-05,0.000220096492985
11802,Azin1,38.460621984277246,0.6842201257847724,0.1413689115065673,4.839961760284098,1.2986411421358132e-06,7.51015466969776e-06
11803,Gm49077,33.98195597536974,-0.5450404216063299,0.1488417951575016,-3.661877505774357,0.0002503735766502,0.0009665063515344
11804,Atp6v1c1,204.54840345419464,0.6903837505166093,0.0637986752479805,10.821286615014198,2.729188623578071e-27,9.055846196144752e-26
11823,Eny2,24.19572536920976,0.8494960514442089,0.1865214001699591,4.554416011621961,5.253130720499614e-06,2.752208598908907e-05
11831,Taf2,73.51089649827767,-0.5271726868925172,0.1048267674262919,-5.028989253753284,4.93072020885506e-07,3.0619972710804237e-06
11833,Gm9920,20.50919894053485,0.6590168353413046,0.1999472945781921,3.2959527496061565,0.0009808851109589,0.0033128749692156
11837,Sntb1,657.9713267111147,0.8923214165235477,0.0505951050838171,17.636516715308826,1.2918277309660948e-69,1.7960675965324472e-67
11860,Myc,199.23135643835727,0.6727510666588913,0.0869426364661876,7.737872855058026,1.0109386734318315e-14,1.4400526082255466e-13
11867,Phf20l1,109.50103854243424,-0.991543282543717,0.0883476393966409,-11.223200634621788,3.1370714093577707e-29,1.1913081787725912e-27
11870,St3gal1,97.87969127580476,-0.5914140920856794,0.0948540273254022,-6.234991900310137,4.5180146795837987e-10,4.084178450007429e-09
11877,Ptk2,277.3721722838233,0.6171657845017565,0.0860950940907152,7.168419885243077,7.586830954663896e-13,9.077756554076154e-12
11881,Mroh5,72.86457581584543,0.5963454423410142,0.109463267655544,5.447904626943693,5.096667300821584e-08,3.631564337218192e-07
11884,Lynx1,98.49267306113634,1.2785004009578056,0.1045342454401126,12.230445588190092,2.1376279481066582e-34,1.0515004377484886e-32
11893,Eef1d,345.348165142955,0.6188259787739675,0.0549729851217632,11.256910597146751,2.1413456614581934e-29,8.205890219296398e-28
11919,Fbxl6,15.951704807187854,-0.8714432040326817,0.2232535590779941,-3.903378775378184,9.48590721250904e-05,0.0003966726747105
11922,Vps28,59.16173299850588,0.6570655745823343,0.1203150264604914,5.461209575498025,4.729013805309568e-08,3.394035804041078e-07
11931,C030006K11Rik,328.3173135242394,0.6416059190727397,0.0548565275048705,11.696072432141705,1.3349011353255467e-31,5.714259999893556e-30
11932,Zfp251,11.071671178194354,3.207432821500467,0.4016783538858867,7.985077588750702,1.4043394754407316e-15,2.1457950041180225e-14
11939,Apol8,21.01051289362997,1.6858481013757325,0.2170078120966925,7.768605586533293,7.935484198493942e-15,1.1468956243235702e-13
11941,Eif3d,45.33427470340058,-0.532227644636422,0.1332340314558179,-3.99468243076406,6.478102475374044e-05,0.0002795104332988
11950,Cdc42ep1,92.29775114547049,-1.1671046508144391,0.0949314033728176,-12.294189376206186,9.732822125120571e-35,4.8876198988329346e-33
11953,Pdxp,63.07437140301172,-0.50544421086612,0.1133714733463595,-4.458301510486195,8.261164550786326e-06,4.173500637774125e-05
11958,Gcat,23.903690636596416,0.7151224486667714,0.1925297146472975,3.7143484577268056,0.0002037279106067,0.0007976063858823
11963,Sox10,19.988326811893945,0.94707163864359,0.2086447329818213,4.539159101256133,5.647900991039283e-06,2.938900042445217e-05
11967,Tmem184b,62.87965647932805,-0.6219285578151411,0.1521263552005973,-4.08823676209853,4.346644089886477e-05,0.0001946329345865
11969,Kcnj4,54.710118246182304,0.9354846422221748,0.1476092421296024,6.337574996833937,2.334096049392572e-10,2.186330614639824e-09
11971,Ddx17,18.916525456679416,0.6732510909393802,0.2097704774814829,3.209465407251172,0.0013298204734614,0.0043681063901261
11977,Gm16576,69.86524075986509,0.591412388352949,0.1335376957344563,4.428804803768592,9.475673271227242e-06,4.735866055907781e-05
11981,Gm10856,518.8912929544039,1.9033105524800067,0.1569887252299326,12.123867810840135,7.894364439009388e-34,3.794482655927284e-32
11985,Pdgfb,21.78828457683974,0.6243274046306151,0.1842198406948486,3.3890345484815816,0.0007013917283881,0.0024566964494428
11997,Rbx1,284.782826950334,1.0288940818904062,0.0682012084582427,15.086156171563488,1.9974478374669892e-51,1.826253530962345e-49
12006,Polr3h,47.57381825911433,0.7094399301685698,0.131345108969093,5.401342583190586,6.614396809333436e-08,4.615263273472269e-07
12007,Csdc2,11.771409704499382,1.892177778703681,0.3130016603004163,6.045264350635027,1.4916522340554406e-09,1.27640211258976e-08
12010,Xrcc6,75.27462344200214,0.6583366648943363,0.1099038027612237,5.990117251216814,2.0968980678467367e-09,1.7620437660032794e-08
12013,Mei1,64.10539004419783,-0.5299085852851907,0.1103295389871156,-4.802962018603864,1.563355489315249e-06,8.918389079942501e-06
12019,Naga,67.7856288104396,-0.7388533487460857,0.1195959319130926,-6.177913721036864,6.49541922876208e-10,5.767160543929042e-09
12020,Ndufa6,14.76992486647606,0.9467993306143858,0.2408728224538862,3.930702189515984,8.469813201127361e-05,0.0003573806558378
12022,Tcf20,82.41023689517556,-0.7442741898651158,0.1074501256111926,-6.926694460630652,4.307875910953692e-12,4.774136788535834e-11
12027,Cyb5r3,14.941040170611608,-0.7080822495715711,0.2307650280929164,-3.0684122954994075,0.0021519948654379,0.0067454834397732
12028,Gm49463,233.56506355181148,-0.6622915844473056,0.0761362774543072,-8.698764985519233,3.3551556143963462e-18,6.155265310904005e-17
12042,Parvb,86.38032402988863,0.6867452943822485,0.0980089884711102,7.006962372483604,2.4354772946110767e-12,2.775883098051636e-11
12054,Gtse1,262.37800924789553,-0.6061981453467989,0.0627239023375949,-9.664547688440948,4.264997568882588e-22,1.0353543160362448e-20
12065,Tubgcp6,399.8345230121989,0.6443144906148586,0.0539521728454692,11.942327002478946,7.12028531486986e-33,3.2728021817501544e-31
12067,Mapk12,57.21894511718107,0.527182051253914,0.1221872438686386,4.314542456008569,1.5993379688228054e-05,7.731512255605188e-05
12073,Syce3,19.990609139949363,-1.4993493282585193,0.3931471379540502,-3.8137103987610823,0.0001368958757819,0.0005552071644841
12077,C230037L18Rik,295.3240496895174,0.5140947233507622,0.0622378554671611,8.260161271495235,1.4547578167978554e-16,2.397002032516193e-15
12083,Slc2a13,417.9993539798847,-0.6222705199749415,0.0764938320001604,-8.134911060196812,4.122408832648542e-16,6.561143215860589e-15
12087,Pdzrn4,636.6023158129511,0.9215904731586492,0.0714796341219548,12.893049670431722,4.92567371604582e-38,2.85740030775996e-36
12101,Gm49173,134.92773916131105,-0.5781979415314499,0.0780992431983731,-7.403374448364621,1.3276668689746353e-13,1.7089012805478416e-12
12111,Pced1b,48.77804424164834,-0.5450157377128341,0.1246984583987307,-4.370669410924982,1.2386620826826748e-05,6.087645988013625e-05
12128,Arf3,1313.1950215488112,0.5258956174754843,0.0297087514070622,17.701707159273973,4.067870525355482e-70,5.750738306559267e-68
12143,Kcnh3,34.365369978071385,0.5112891135990967,0.1509102763446784,3.3880337773109264,0.0007039559458543,0.0024641387592816
12145,1700120C14Rik,18.848876367201186,1.0774395371970884,0.2784989018095105,3.868738907753548,0.0001093997110143,0.0004523055636262
12147,Fmnl3,32.89650834008217,0.712105353801081,0.1904856392540106,3.7383676616770862,0.0001852189470508,0.000731612666409
12155,Cox14,41.47123789310722,-0.9233247579813014,0.1498455527373678,-6.16184291835207,7.190316011670811e-10,6.363108167508577e-09
12157,Gm17058,80.63623380374347,-0.5407291742415781,0.1012766951871342,-5.339127360370958,9.339502048090345e-08,6.405154625153846e-07
12159,Gm17057,242.9927239028031,1.7550194656206928,0.0931939480518914,18.83190381250378,4.136201273085831e-79,7.028617577487165e-77
12169,Slc11a2,11.406939004465174,1.022106985718389,0.2881352123659746,3.547317168649839,0.0003891757658063,0.0014417758000794
12173,Tfcp2,214.63087078200468,0.6398153046376424,0.0735583687576648,8.698062714597286,3.375979570950613e-18,6.186721603714832e-17
12185,Nr4a1,10.560272076641146,0.9305208374539032,0.2828983268476134,3.2892412190021165,0.0010045788770432,0.0033854227661256
12190,Spryd3,144.80928677624271,-0.6842841761750965,0.0792355446966924,-8.636075877240245,5.817687846571095e-18,1.0489920969224599e-16
12193,Csad,11.856858400753673,1.0152777805404445,0.2803955815552394,3.620876530611197,0.0002936066152746,0.0011154796948432
12194,Zfp740,15.841848024425651,0.8743757825765762,0.2360857656220015,3.703636177610746,0.0002125310083069,0.0008291765196538
12196,Rarg,645.7461356676256,-0.7387439476147262,0.0664529768825935,-11.116792388697796,1.0394209054903894e-28,3.8096248133038825e-27
12203,Amhr2,222.75687802321409,1.2061412170746744,0.0947951547025656,12.723658934458497,4.369118205325344e-37,2.458250019002952e-35
12206,Map3k12,543.4883955126674,-0.5510480564709039,0.0497977952838234,-11.065711912147815,1.8399596843187253e-28,6.642412396844189e-27
12220,Nckap1l,359.166656655854,-0.7045771850484578,0.0654775346508569,-10.760594283298005,5.2828376586093605e-27,1.7123926383580976e-25
12230,Slx4,1320.290218692818,0.9878809161088232,0.0968649853367913,10.198534719992418,2.012862791761985e-24,5.662607148129077e-23
12251,Glyr1,13.243263679362848,0.9154794912866242,0.2435324726168364,3.75916805446722,0.0001704793010617,0.0006773673315448
12252,Ppl,12.843112637824625,0.7586285271606285,0.2545894028037238,2.979811880644123,0.0028842545181007,0.00874424468517
12253,Sec14l5,81.26083898852792,0.5787592772049965,0.1064984002717871,5.434441040691554,5.4968468270494343e-08,3.883807399053029e-07
12255,Alg1,11.642646175263506,-2.1351882946492227,0.3018338976101666,-7.074050699921464,1.5047526773964488e-12,1.7470292817005147e-11
12259,Abat,40.48684141635172,-0.512640328959052,0.1384429560494803,-3.702899328267963,0.0002131494801342,0.0008313966390674
12264,Rpl39l,12.259095079823084,-0.8129709986115191,0.2603621809876899,-3.122461931788614,0.0017934529767592,0.0057056088177043
12266,Atf7ip2,11.0617712079436,0.9086055493771876,0.2830385793445492,3.210182694816037,0.0013265063258677,0.0043594092440072
12289,3110001I22Rik,398.4941088012358,0.5111193044673156,0.0568597459289548,8.989123959610176,2.4920883075511906e-19,4.8579839626806114e-18
12299,Fopnl,337.5630728940245,1.0307291012152495,0.0841210865541281,12.252921870570718,1.620503522129164e-34,8.018156103758508e-33
12300,Abcc1,275.59004262986195,0.6166367634352262,0.091194170267992,6.761800251300249,1.3628752184751511e-11,1.432978112525467e-10
12301,A630010A05Rik,463.1908034326853,0.524996221617239,0.0479137038966199,10.95712038355428,6.1422776690885415e-28,2.1393693007676303e-26
12303,Efcab1,182.967364665592,1.975029633629019,0.1551201309379614,12.732258680331505,3.913516893560562e-37,2.2167371952986309e-35
12306,Cebpd,957.4741699452468,1.9718718588757376,0.1667577647698144,11.824767869715863,2.907052027049381e-32,1.2903782651992544e-30
12313,Top3b,38.76247180878887,2.0462646207098256,0.1700510111599449,12.033239948130444,2.3764821522088652e-33,1.1136367478164272e-31
12323,Ccdc116,2140.35998660564,-0.6728362617987078,0.0490089907533655,-13.728833249897168,6.822331158494057e-43,4.684574574667163e-41
12335,Scarf2,36.54236324439964,0.8941298247669597,0.1531418701373745,5.83857193310287,5.265015053967693e-09,4.2219721029134715e-08
12337,Ess2,858.8113208103383,0.6633876631560377,0.0603524194847917,10.9918983997519,4.180394179437529e-28,1.4712713657045514e-26
12363,Alg3,10.902195946407362,1.0028833765168303,0.2923848796683963,3.430011078733738,0.0006035566054919,0.0021434732476653
12365,Camk2n2,45.70416418123771,0.504543953799215,0.1348956639172012,3.740253312433404,0.0001838348923494,0.0007266575173858
12374,Ephb3,10.762335110149968,0.853712137905,0.2701598998931518,3.1600253710585577,0.0015775540112062,0.0050831624459917
12380,Liph,29.29478063484049,-0.5934262924280926,0.1641401973739282,-3.6153623665762167,0.0002999277904296,0.001138723813676
12384,Dgkg,13.210255829406185,1.668954176669522,0.2718483585576945,6.139283626814023,8.289444809941025e-10,7.289771564957547e-09
12388,Fetub,23.091544658762345,1.302824445038042,0.2020721539882225,6.447322994903965,1.1384300538853722e-10,1.1032147924258995e-09
12396,Lpp,80.38971723617333,1.8260295498222112,0.1673827230775645,10.909307222681734,1.0404621303705538e-27,3.5576614673219165e-26
12399,Ccdc50,58.52032025287394,1.9932399936809824,0.451463847102836,4.415060046274215,1.0098195625252007e-05,5.029068827815705e-05
12405,Lrrc15,22.393083367500463,-0.823769520781362,0.1867028859965412,-4.412194896637125,1.0232793600733592e-05,5.08856892536628e-05
12409,Fam43a,15.41469430780991,1.390813673333647,0.2479524787521808,5.609194472799415,2.0327050688668544e-08,1.5225377281187486e-07
12411,Xxylt1,111.51687944166504,-0.6058538162784537,0.1213858944244961,-4.991138543328061,6.002442321654265e-07,3.667965389654548e-06
12424,Wdr53,17.45050423792281,0.808584043226447,0.2165397209809126,3.734114182670999,0.0001883770225383,0.0007425179592696
12426,Ubxn7,172.79816430926292,0.5781022099367481,0.0733694377815253,7.879332695150028,3.2913406737589264e-15,4.895687369995262e-14
12435,Gm17106,24.33940091656391,1.0580808465400775,0.1885243531755265,5.61243589338798,1.9949812795046425e-08,1.4962109132857472e-07
12438,Osbpl11,92.48602808506124,1.083378030188522,0.0999735009553505,10.836651911113654,2.3076238521005467e-27,7.705774433116496e-26
12445,Kalrn,37.01981093819619,-0.5219358690777487,0.1487655171150462,-3.508446575520018,0.0004507317516333,0.0016473300581638
12450,Sec22a,75.43265874190965,0.5272693225285847,0.1006668751577305,5.237763879155176,1.625338176733822e-07,1.0739616711387702e-06
12451,Pdia5,16.81091432638205,0.6702722355674097,0.2138472655108974,3.1343502754925496,0.0017223512448593,0.0054991677723037
12463,Ccdc58,23.795572522495966,1.2597404355150297,0.1875272860502941,6.7176380677592284,1.846937399567947e-11,1.913648251180181e-10
12464,Ildr1,247.06742846303908,1.7193613239606589,0.1298392901981536,13.242226766155785,5.0042783622676325e-40,3.106530438687394e-38
12467,Golgb1,25.615965028282325,-0.569858535145265,0.1748111016068192,-3.259853235333855,0.0011146987869278,0.0037207495421602
12476,Gpr156,38.75920881926884,0.8962662912723498,0.1481215795652127,6.050882618881033,1.4405438623127487e-09,1.2332961524522836e-08
12482,D930030I03Rik,26.894860344776266,0.8403750762663804,0.1820993067296169,4.614927378686722,3.932327920669772e-06,2.106801038516802e-05
12483,Cd80,42.63650195810968,0.5564937969869412,0.1402508210147952,3.967846982715604,7.252487367671555e-05,0.0003091172915792
12499,Naa50,19.87660170771881,0.8146885248568547,0.2109328170667482,3.862312826358604,0.0001123186136269,0.0004635760640446
12501,Sidt1,88.8958686381353,-0.5656002662744165,0.0974281925526548,-5.805303900806118,6.42493617584207e-09,5.0840405120503834e-08
12512,Abhd10,42.24379867807038,0.6973305267912665,0.1364077106994012,5.112104903863966,3.185888141720767e-07,2.030928238278456e-06
12526,Cblb,47.93585266643987,1.3770783519566732,0.3576286117848005,3.850582158637007,0.0001178373913977,0.0004843338469299
12533,Trmt10c,13.872215768014025,-0.7472228022484818,0.2430406045088919,-3.074477220620737,0.0021087182427455,0.0066209344900538
12542,Nit2,13.80561373283882,0.7918534884522865,0.247404692525591,3.200640539064872,0.0013712248007867,0.0044923300532884
12543,Gm16892,99.55665446042684,0.5530206450477747,0.0911873028316481,6.064667205573267,1.3222715491925796e-09,1.137829886039221e-08
12549,Filip1l,14.185978158821918,2.5362099849944983,0.3034305751931422,8.358452286425415,6.354640722767428e-17,1.0626652174862472e-15
12554,Cpox,51.50560829471677,-1.513796702883487,0.1680043959799816,-9.010458887420196,2.0519606517587721e-19,4.032725939782455e-18
12571,Gbe1,131.34119701400098,0.7860908412903653,0.0802779826844356,9.792110053143787,1.2172860691324572e-22,3.047381479317757e-21
12572,8030451O07Rik,15.845211498489826,1.4777793099724053,0.2478690546456039,5.961935474701721,2.492675851196702e-09,2.079042431565797e-08
12574,Robo2,37.02199997352804,0.5774098233882802,0.1484444277442326,3.889737271803478,0.0001003528082642,0.0004173634841604
12576,Hspa13,50.60323962665316,1.3380323481184586,0.1713766667395705,7.807552647477826,5.83091222319181e-15,8.485591378093066e-14
12577,Usp25,24.638911908551037,0.5887765493816908,0.1746194089955224,3.371770370593729,0.000746866910624,0.0026045899745911
12578,Mir99ahg,10.43637049412521,1.2430316042671945,0.2850298452109011,4.361057710807239,1.2943521850698738e-05,6.344663988761797e-05
12580,D16Ertd472e,53.45012720198022,2.541928824104131,0.2666972197640924,9.531141068334342,1.5556379941205993e-21,3.634791385429283e-20
12581,Mir155hg,161.4250558168833,0.911598630250531,0.2110075278371202,4.320218522981831,1.558747665446958e-05,7.548305116814673e-05
12591,Adamts1,89.89659519915193,-0.6038284676313657,0.0934898326935679,-6.4587608110342565,1.0556380675872848e-10,1.0277198617488942e-09
12596,Cct8,65.89056519158602,2.13650467908589,0.3018879985206678,7.07714347557815,1.4715615961658126e-12,1.709709818235029e-11
12604,Eva1c,47.83072138636337,0.7712385548992585,0.1418781830316831,5.435920720291658,5.451419130684596e-08,3.858192008224945e-07
12605,Gm36363,601.8654531691172,1.5286665679910614,0.1139258847139105,13.418079410397668,4.738344619033341e-41,3.077728630347409e-39
12614,Gm49625,162.57968282760694,-0.7202735869787174,0.0821460523546378,-8.768206947659264,1.8153394761827384e-18,3.381999557898362e-17
12620,Son,554.8751835670503,0.6958513836507818,0.0643627231747889,10.811403702746826,3.0398253351755288e-27,1.0066728664105892e-25
12623,Cryzl1,618.7584411881803,0.5231792049962573,0.137955944305979,3.792364349562737,0.0001492197644934,0.0005989797418452
12629,Rcan1,24.12787820521313,-0.7407339649734337,0.1786168808058412,-4.147054643612441,3.367797067803878e-05,0.0001538323379627
12634,Gm49961,1204.9429315846924,0.8023206105664081,0.0296740152962825,27.037817516624397,5.312278252283695e-161,4.0622025926440265e-158
12650,Wrb,43.311716057621744,-0.5716168748010304,0.1340923080114542,-4.2628610341482265,2.0182604150492936e-05,9.57777008811686e-05
12652,Sh3bgr,28.55262349246388,1.565566890244219,0.2042183482978305,7.666142162510334,1.7724672970682894e-14,2.4663537914458094e-13
12675,Dynlt1a,16.414195217058925,0.8463042898632102,0.2472515312648476,3.4228475169954646,0.0006196882901849,0.0021975160425339
12688,Rsph3a,66.48450034449894,0.766594985895613,0.1257425883017988,6.096542120285321,1.0838740033482223e-09,9.398975442436674e-09
12694,Sft2d1,168.43916936471894,-0.5389239970169277,0.0713609822450435,-7.552082105124879,4.283542903138962e-14,5.783470486316754e-13
12711,Tcp1,406.2225741655908,-0.9285040767310332,0.1337573712891538,-6.941703980738472,3.873983352853138e-12,4.316027943380685e-11
12712,Acat3,143.82996728784215,-0.6789682375470262,0.0830462445822595,-8.175784961287322,2.9394583749529684e-16,4.718559946739866e-15
12713,Acat2,20.51542239012324,0.7802032242911096,0.2066026577754363,3.77634650343724,0.0001591455584437,0.0006353359586377
12714,Wtap,11.91484894067816,0.9985490089756192,0.2795955789164376,3.571404858565572,0.0003550715326902,0.0013265978151612
12743,4930549P19Rik,43.40335584461541,-1.1697287354257848,0.1468148775286343,-7.9673719388394035,1.6208427986097808e-15,2.465410343672002e-14
12755,Zfp760,35.27618274263692,0.5415549761690331,0.1537753640999812,3.521727809513925,0.0004287441119945,0.001574151505038
12762,Zfp994,1045.521087875568,0.5923589302329363,0.0491594059313115,12.049757701722758,1.9452088713704268e-33,9.218098265652028e-32
12775,Cldn6,28.092082073972318,0.6467235254643805,0.1791560318208191,3.6098339469317664,0.0003063930848237,0.0011603896591601
12780,Flywch1,65.84105204970585,-0.6801119107515716,0.1101847447579372,-6.172468904345119,6.723175406668649e-10,5.965399781982419e-09
12792,BC028777,77.40137667883464,1.9808350151519816,0.1354559159363175,14.623466250696945,1.9900508338244348e-48,1.6411090773249251e-46
12794,Ccnf,31.122267294920537,0.9752056478701976,0.2422551807451117,4.025530619699143,5.684698237627586e-05,0.0002483991648093
12801,Mlst8,168.63812734773597,-0.5041238634223266,0.0714852973756606,-7.052133542553762,1.7619497589978545e-12,2.030224712028829e-11
12806,Gm33508,273.60608636871655,0.8522781619773112,0.0644850940051495,13.216669295841484,7.030900815244769e-40,4.348560456428777e-38
12814,Gfer,16.61228200177654,1.3340511724722584,0.2364542154205224,5.641900568783316,1.681832217787243e-08,1.2727603868571657e-07
12815,Noxo1,142.2275405304722,-0.8641655620108025,0.0792014023609007,-10.910988142268229,1.0214000728187154e-27,3.499595402246283e-26
12821,Msrb1,126.81889026469878,0.5677782721599416,0.0929345456886288,6.109442596967612,9.997970735653335e-10,8.705789942334167e-09
12824,Hagh,13.005143134319257,1.0705209656413026,0.2676579793768993,3.999585471479113,6.345352859126873e-05,0.0002748254573813
12827,Spsb3,92.78713355636066,1.6450978630787392,0.2150160763312961,7.651045871304886,1.993512074065968e-14,2.7670671305290245e-13
12828,Eme2,2454.272299807011,0.8437893418492305,0.0287296337697375,29.369999931500605,1.3273885860326888e-189,1.4887105455218617e-186
12831,Jpt2,39.88937162590779,-0.7760850326427944,0.1363589909188539,-5.691484128865663,1.2593986416518616e-08,9.656728964680617e-08
12840,Tsr3,104.61548008873292,0.5645773267759504,0.0922548293431426,6.119759049968001,9.371695892427203e-10,8.179888887044693e-09
12842,Cacna1h,169.41163921121327,0.5711793696949078,0.0722258337010053,7.908241974186543,2.610490368588724e-15,3.910621502294577e-14
12862,Capn15,43.70930983767758,0.9148039019907264,0.1425660826294165,6.416700838786807,1.3925919643250978e-10,1.3379540043313035e-09
12864,Rab11fip3,200.4708078466197,-0.8455390240767493,0.0628119197996624,-13.46144213986107,2.6371833866639304e-41,1.7330209419471602e-39
12869,Arhgdig,35.96957152795692,0.6809062214037916,0.150233658342822,4.532314721711791,5.8340840830408725e-06,3.0273533784391304e-05
12870,Fam234a,66.4007643738225,-0.5702957644924275,0.1675476130690217,-3.4037832831285537,0.000664594595037,0.0023409704506507
12876,Gm17218,624.5156303395223,-0.7256930867568859,0.0450071729278549,-16.123942908392586,1.7319728894453125e-58,1.904377772492712e-56
12887,Gm50254,3234.823566386234,0.6741651472662774,0.0285716029958935,23.595636106352607,4.272946085399386e-123,1.4094857253857622e-120
12890,Gm50295,2471.1763471836844,0.7184038550190455,0.0259456059655984,27.68884473045592,9.513371949352884e-169,8.423339805471768e-166
12891,Itpr3,17.033680277638872,0.7323167244922003,0.2486387363448306,2.9453042404324687,0.0032263723943487,0.0096872335945509
12913,Tulp1,322.69175592069234,1.4830052968651992,0.1597690893608987,9.28217906728674,1.660473044371665e-20,3.646754311418345e-19
12914,Gm22146,63.731363179120144,1.6534541690219946,0.162829635347291,10.154503911375995,3.16415260861728e-24,8.798436253680745e-23
12932,BC004004,16.915543630196872,0.7623464735959045,0.217078557082857,3.511846051680375,0.0004450056946662,0.0016281711181752
12934,Fgd2,93.08018334123084,-0.5075477753935355,0.0941184729580251,-5.3926477921065645,6.94269541688755e-08,4.826320867698316e-07
12947,1700097N02Rik,31.24038817897572,-0.6550980011645869,0.1867136680963121,-3.5085701429563745,0.000450522416698,0.0016469227762085
12956,Pde9a,20.354050930563627,-0.7173571720509803,0.2160554487615892,-3.320245687682529,0.0008993825953374,0.0030698682327642
12957,Wdr4,243.91040246652216,-0.6722524671430679,0.063039927710449,-10.66391557793046,1.5014022351883995e-26,4.77468616305755e-25
12958,Gm50103,2262.6990562078704,0.8560888750981082,0.0286988338269675,29.83009275776436,1.5911331575834869e-195,1.911973793573357e-192
12962,Pknox1,5478.094967376616,0.6618210586770075,0.0499732204664574,13.243514276235771,4.9192040809133006e-40,3.065028527896462e-38
12967,Rrp1b,3235.701663991923,0.6951025224738616,0.0277519615568043,25.046969060226104,1.8837818938158902e-138,9.054532228475634e-136
12971,Gm26549,467.8572326163962,-0.5528499579207463,0.0439473291455823,-12.579830644300255,2.7261367664760586e-36,1.4842006091400235e-34
12985,Zfp955a,82.4724787850223,-0.7139246363426547,0.1105891554345175,-6.45564778515183,1.0775696461492037e-10,1.046648623393075e-09
12997,Rps28,50.82601757219347,1.4284013605574537,0.3773455327364108,3.785393589263032,0.0001534654926789,0.0006147023769851
13006,Rgl2,312.4564664244634,0.564075466594869,0.0541609576838276,10.414798606179378,2.122463277267569e-25,6.2314484665745754e-24
13012,H2-K1,38.33919755235889,-0.874619165463896,0.2023888495993786,-4.321479010307004,1.5498679753076323e-05,7.509628153398703e-05
13021,Psmb8,411.1891477251546,0.5684008250831455,0.0487723268224582,11.654166657913333,2.185076091387187e-31,9.25932873687825e-30
13032,Agpat1,107.00263981985955,0.9810345382440052,0.09003271250472,10.896423210536652,1.1987750376644122e-27,4.082387137374172e-26
13037,Dxo,25.771205238028195,-0.7246657822392012,0.1848328055244762,-3.9206556443425207,8.830837782820296e-05,0.0003715887544281
13040,C2,249.6611585239706,1.053394629615165,0.0999000373292435,10.544486846821291,5.386610568471709e-26,1.6476172653345371e-24
13045,Gm10501,12.83244689243558,1.3420259490375386,0.3212861205532387,4.177043025470994,2.9532318018288272e-05,0.0001360783856537
13059,Ltb,61.8720179385506,0.5358460642780755,0.1103776074995139,4.854662792726643,1.2059176976063251e-06,7.012496863750851e-06
13064,H2-Q4,450.47896420900616,0.7392033655643017,0.0479017775231285,15.431647921778897,1.0027670586734711e-53,1.0045143259689698e-51
13070,Sfta2,37.4129428512024,0.5731333380266648,0.1865676237647622,3.0719871243539663,0.0021263889707618,0.0066736985103423
13071,Gm9573,112.37044915222292,0.6882266173524347,0.0902335000537035,7.627174130925078,2.3995538106287197e-14,3.300710854963773e-13
13075,Flot1,42.12059686180462,-0.637624558659618,0.1362687669310432,-4.6791687708033525,2.8804027681160726e-06,1.5768635134401787e-05
13081,2310061I04Rik,104.54291625782724,0.6193407084883619,0.0888037729467463,6.974261204642363,3.074823321736639e-12,3.473992796613531e-11
13096,Gm8909,62.32724265058148,-0.6324133597100683,0.1152065596184179,-5.48938673114378,4.0333166377278316e-08,2.915878203545136e-07
13099,Rpp21,82.02505653053265,1.458771599889182,0.2946816739278752,4.950330234129943,7.408765952297923e-07,4.46250159740451e-06
13106,H2-M5,47.82428934805003,0.5274689552266694,0.1258635497882863,4.1907999266977525,2.779726977275735e-05,0.0001286828479326
13107,Mog,13.011995380045995,0.8163487607119343,0.2465087041180102,3.311642741511985,0.0009274990914762,0.0031553725411334
13110,H2-M3,504.8352545536381,0.5918255954571109,0.1497184139913547,3.9529245580392343,7.720178321959321e-05,0.0003278883108061
13113,Crisp1,78.74998184289127,1.3344878932621769,0.2766464980424417,4.8238018652144525,1.4084733678685575e-06,8.089705519854129e-06
13117,Cenpq,84.61331547910727,-0.5612005485536476,0.1069987376488713,-5.244926817690988,1.563443717423186e-07,1.0350969562459765e-06
13121,Adgrf2,622.4194934504587,0.718502752144655,0.0405050327502509,17.738604399479296,2.111134841319924e-70,3.035523199617528e-68
13132,Cdc5l,229.0501625002971,1.2652201104309655,0.0633016610277108,19.987154995460628,7.124374703121554e-89,1.5365814824437681e-86
13153,Yipf3,93.4561005829842,-0.5053243419509356,0.0929238136094768,-5.438049971502679,5.386686828711837e-08,3.818804573089728e-07
13156,Abcc10,28.20696753585733,-0.6774173730475973,0.1670526448581066,-4.055113126900749,5.011004513155952e-05,0.0002215509301572
13161,Srf,19.76297040860389,0.6530163323337039,0.1993456062366303,3.2757999770436386,0.0010536315416337,0.0035355463367643
13164,Mrpl2,38.06851110890864,0.6257017208697362,0.1529918057115327,4.089772768938371,4.317960024395857e-05,0.0001934515086295
13173,Ptcra,1386.3866289454245,1.0849217557263229,0.0310900269554058,34.89613429034615,8.509121450526206e-267,2.0449850023171767e-263
13176,Bicral,102.08538945351246,-0.6666299559386526,0.0946040944273981,-7.046523302965955,1.834434164394776e-12,2.1108540319844948e-11
13177,Tbcc,589.235534847307,0.7998070367691376,0.0600418466437961,13.320826747952434,1.7515703356369134e-40,1.116161657440144e-38
13182,1700001C19Rik,130.6374193241913,2.289988502030609,0.5490378110577918,4.170912195680389,3.0338275092865835e-05,0.0001396390702837
13183,AI661453,44.440472366439735,0.5446313605580364,0.1307181571272996,4.1664553152141535,3.093725000144615e-05,0.0001422014635995
13184,Taf8,354.2291696289256,0.5994195376244891,0.0700634468895397,8.55538178944462,1.1747925989789817e-17,2.0673154699396866e-16
13186,Med20,19.120207605041287,0.751505156845992,0.2466587334629976,3.0467405159149923,0.0023133731969369,0.0072003473250825
13187,Usp49,19.90450363496608,0.8941124665109023,0.211114437196633,4.235202851987434,2.283454776250916e-05,0.0001074833791294
13188,Tomm6,563.4597743492254,0.5773193285514755,0.0507823177307558,11.368510819304865,6.000254451742233e-30,2.352966914723999e-28
13189,Frs3,40.005957776226325,1.5230786631850328,0.1747168909863725,8.717409373452215,2.846394831864005e-18,5.2447864464893926e-17
13192,Mdfi,52.27540889703632,-0.9733895648722688,0.1239034764366103,-7.856031104746763,3.964966486346394e-15,5.840860875639699e-14
13194,Oard1,2352.224865312812,0.5633998249987677,0.0252491622962143,22.31360464118209,2.726170310293776e-110,7.397155343560029e-108
13198,Unc5cl,18.347247527961056,0.7573334949230521,0.21671252770851,3.494645662302026,0.0004746915041479,0.0017270188525694
13205,Satb1,103.5039162038737,-0.7372271794354605,0.0986453144502714,-7.473514414180387,7.808088210899682e-14,1.0190494024202122e-12
13219,Stap2,196.91579455979291,2.2511587961071133,0.3600814645245587,6.251804155149944,4.05737992633519e-10,3.689583918958751e-09
13224,Hdgfl2,31.69643471811858,2.639153490868055,0.3497788880154145,7.545205217622365,4.5157584093694776e-14,6.082354181010626e-13
13225,Plin5,151.99839988188702,-0.6613697509751257,0.0767133682350922,-8.621310290382798,6.619227622635044e-18,1.1858920798252323e-16
13226,Sema6b,2952.563843480517,0.6245603801860301,0.0292554010629264,21.348549583806467,4.022293829367943e-101,9.806818708906795e-99
13231,Plin3,37.6840023859052,-0.5781467378067745,0.150427135330219,-3.843367332214508,0.000121357615466,0.0004975869278542
13233,Kdm4b,38.65839490446298,1.2802487639562836,0.2880795924276773,4.444080030686975,8.826874553447297e-06,4.428705953255111e-05
13239,Lonp1,11.296454244560683,-1.135020066983,0.2834605696636925,-4.004155034083319,6.223953948410803e-05,0.0002699989099384
13241,Ranbp3,282.76618861979824,0.6138845953992396,0.0569105920007054,10.78682497963877,3.972783718417145e-27,1.302809756236484e-25
13243,Ndufa11,34.050091583964544,1.6027793279572733,0.5435997309020375,2.948454969426965,0.0031936666328629,0.0095958302848103
13244,Nrtn,74.85916210578783,0.7867121026487623,0.1137327644562535,6.917198455607444,4.606625528599234e-12,5.081787624106552e-11
13245,Dus3l,49.411204272022616,0.7529512108957626,0.1401621632665642,5.372000498192793,7.786789375822189e-08,5.38197032331375e-07
13258,Gm11110,130.76716641752787,-0.7279555715685357,0.0873746518126741,-8.33142743880946,7.987338605278322e-17,1.330405914421755e-15
13265,Efna5,146.60221368389622,-0.5286387526069922,0.0738318354447153,-7.160038070607525,8.065465896398325e-13,9.623073246461632e-12
13278,Gm49932,438.0482792153139,0.7206146764573393,0.0551275872006348,13.071761581632238,4.77468705401637e-39,2.858525277925885e-37
13285,Epb41l3,173.17289497631162,0.6306212132533267,0.0683920958175771,9.220673905583894,2.952387690908988e-20,6.315265293209414e-19
13286,2410021H03Rik,2042.9492878110311,0.5213985002686821,0.0362174838811679,14.396320351226668,5.457263170204851e-47,4.250348995942416e-45
13288,A930029G22Rik,132.05735859520232,-0.903005429079831,0.084791058022503,-10.649771923357518,1.7479278423827956e-26,5.527328964737927e-25
13290,Dlgap1,21.17690820599188,2.474270112221888,0.2784163708990859,8.886941900118027,6.2813834747713615e-19,1.2035502755817609e-17
13291,5031415H12Rik,615.4939932382804,0.6207735227154946,0.0416803923434248,14.89365833221152,3.623861270594217e-50,3.158767780062513e-48
13302,Smchd1,15.169529743499876,0.7762059887675643,0.2602051749092858,2.983053619276286,0.0028538799233468,0.0086583989090106
13304,Ndc80,92.72823663323938,0.8844163294244811,0.1259313679709977,7.023002637660256,2.171501108298028e-12,2.483423735207187e-11
13308,Wdr43,48.47857760468708,-0.638066684688089,0.136254527047371,-4.682902641952258,2.8284087202407134e-06,1.548903642597966e-05
13313,Galnt14,39.74245304434744,0.5285920195723077,0.1406296499153491,3.758752296478655,0.0001707627909777,0.0006783335141958
13319,Nlrc4,556.7349200506072,1.301472109557526,0.0703051077562446,18.51177177723515,1.6595136361753618e-76,2.737058617782168e-74
13324,Gm50020,2121.5162604432044,0.609139076212247,0.0339603239290581,17.936786394756286,6.08754040012103e-72,8.983394048354042e-70
13326,Ltbp1,22.738252048761133,-1.7384980136163397,0.2354562287117356,-7.3835295125904175,1.5414747822419345e-13,1.976541940675005e-12
13334,Sult6b1,1015.9250234541012,-0.6187910711793161,0.0328406908146136,-18.84220629439267,3.404729501823455e-79,5.844669837671018e-77
13342,Atl2,2301.464977433231,0.9000243739814217,0.0272587206817208,33.01785085552314,4.503454536187511e-239,9.470201957785311e-236
13344,Galm,2295.5714408196386,0.8011801631137815,0.0309480526027538,25.88790233096893,9.113861445690097e-148,5.678610781512759e-145
13354,Thumpd2,37.50120338427773,-0.5723737726843253,0.1417976523998533,-4.036553236229159,5.424222164622283e-05,0.0002383795440842
13363,Plekhh2,13.31217138399807,2.319567626319765,0.3410102267904524,6.802047106185815,1.0314285824095792e-11,1.1016967010715143e-10
13369,Ppm1b,1537.592880629292,0.753100537981366,0.0480977953759638,15.65769349914354,2.94381211571953e-55,3.095234451421854e-53
13374,Epas1,109.58368142624803,1.194349959351459,0.2764729344966493,4.3199525534964565,1.560627513483822e-05,7.555233571032617e-05
13383,Stpg4,410.5847344797309,-0.6489478701804136,0.0500536548841261,-12.96504464424672,1.9311793593249438e-38,1.1319940892656282e-36
13386,Epcam,87.57190298430685,-0.9336396395960652,0.0990741667454941,-9.42364362240298,4.3570023667299925e-21,9.9169475981197e-20
13390,Msh6,33.934366142393834,2.0826879106938354,0.1875036861086727,11.107450492929289,1.1540755279997003e-28,4.211499481027975e-27
13392,Ppp1r21,136.14177932393503,0.5108329797669489,0.0795762021840417,6.419418943687561,1.3679546909081515e-10,1.3157862644452735e-09
13394,Gm10184,18.43671665446095,1.4303136698964187,0.2264373427722363,6.316598015085836,2.6738388978355296e-10,2.4810806275944355e-09
13398,Gm20939,64.08399527488065,-0.6403152234965723,0.1582144614826983,-4.047134613965705,5.184842668959496e-05,0.0002286958789195
13414,Mkx,49.501953324370646,0.5237406283203535,0.1260486617521586,4.155066948272336,3.251923101244976e-05,0.000148903381416
13417,Wac,1843.1089256014725,0.5247622184322921,0.0349893087051053,14.99778754862119,7.590766885580954e-51,6.792525070006829e-49
13419,Ccny,959.8281943441358,0.5781947442568173,0.0339673361944532,17.02208088814556,5.633255294105612e-65,6.917390789251001e-63
13435,Osbpl1a,376.7462808282343,0.5890431436321149,0.0591726982251703,9.954643970951343,2.406828095114985e-23,6.277530084359595e-22
13445,Gm50084,114.84978329780743,0.7307457961297456,0.0863357064762273,8.46400436105723,2.583501558950525e-17,4.434923135329049e-16
13452,Mep1b,1045.8891049056945,0.5106019312353349,0.0410507529870721,12.43830853470911,1.61895974528979e-35,8.564704338053502e-34
13463,Galnt1,64.60344731850184,-0.5562072399535166,0.113651903449053,-4.893954461597279,9.8829716451815e-07,5.848091170836735e-06
13464,2700062C07Rik,402.7265583489012,-0.6412865082295806,0.06177989866945,-10.380180641939027,3.051971552758963e-25,8.882926891360559e-24
13467,Mocos,18.020431363277087,3.974801580583202,0.3930445255981044,10.112853180017355,4.845227166541068e-24,1.3189523725359284e-22
13481,Iws1,23.93014911612311,-0.5630665010912047,0.1774162436500922,-3.1737032049991325,0.0015050750623059,0.0048776493494842
13487,Wdr36,2149.619089840107,0.7862379304898529,0.0320918982754396,24.4995769256682,1.4925575990485818e-132,5.978403925903403e-130
13489,Stard4,56.82289860368161,0.7111595650324167,0.1263075554108962,5.630380247000386,1.7981275306600022e-08,1.3577154150939506e-07
13493,Apc,76.08561457211677,-0.5145011072316859,0.1035368784655166,-4.969254577276466,6.721078012759839e-07,4.07919598039443e-06
13495,Reep5,124.87837854799236,-0.5113365441005417,0.0823838351969267,-6.206758193257996,5.408872412114271e-10,4.858166609129652e-09
13506,Fam53c,51.26931560920391,0.7678061481445327,0.1401927110700851,5.476790785226279,4.3310878249040786e-08,3.117753122736898e-07
13509,Egr1,2991.605517955336,0.8041499454837397,0.0331694442328331,24.24369669383073,7.706045762744107e-130,2.8808623970365355e-127
13510,Etf1,75.54448899992201,1.4610752113494605,0.132040602260394,11.065347978859634,1.8474441582446075e-28,6.655150551209643e-27
13513,Ctnna1,52.142478141484254,0.6314344550564596,0.1432282116344826,4.408589954804965,1.0404580398035504e-05,5.164834937626181e-05
13523,Spata24,81.67753741265072,0.9747846491066804,0.2525349074296486,3.859999629469984,0.0001133871970005,0.0004675276507695
13529,Nrg2,83.9250027053458,0.5201137372198877,0.1101888076723935,4.720204784920237,2.356073229071288e-06,1.3089900902465746e-05
13541,Ik,268.30110885363734,0.6916515058437126,0.0770572800348911,8.975810014712906,2.812744426457506e-19,5.457762339826369e-18
13556,Pcdhga7,1213.3852577660086,-0.6716550230166338,0.0322319403280156,-20.838181511301663,1.95110612378166e-96,4.558813655608176e-94
13557,Pcdhgb4,357.3931192807293,1.918221285390888,0.1367358969745429,14.02865910001685,1.0410128359252816e-44,7.48417048665428e-43
13560,Pcdhga9,27.044292425239,3.1737792777863905,0.3141809535466883,10.10175582561136,5.426182848044409e-24,1.465243564248011e-22
13564,Pcdhga12,197.91070176176456,-0.6244907157557781,0.0687882278620044,-9.078453322108604,1.1012861457639265e-19,2.245689312749883e-18
13565,Pcdhgc3,181.278433023136,-0.5513190992659562,0.0710950302459502,-7.754678454438956,8.856759812536791e-15,1.2723934272101321e-13
13572,Dele1,62.16843888355576,0.5004336102429762,0.1171680110835676,4.271077110680426,1.9453112547415535e-05,9.26887311959716e-05
13578,Gm5820,376.8120906585888,0.602953758017312,0.0494663338410197,12.189174155399298,3.5500064419289627e-34,1.7260623807101423e-32
13582,Sh3rf2,67.81988061486891,1.0556722341652092,0.2430433232492364,4.3435557910086535,1.4019485273940532e-05,6.84217582719761e-05
13593,Mcc,146.64012688522038,0.5461550757035969,0.0792773487962152,6.8891692771853945,5.611912929737878e-12,6.134451671018862e-11
13600,Gm4107,30.685034346606678,-0.8737866425482652,0.1620988595589383,-5.390455213107533,7.02794299335212e-08,4.877520007308693e-07
13609,Commd10,19.149485703980293,2.32484183551203,0.4422752765794349,5.256549390443888,1.467833694279932e-07,9.78730330514122e-07
13614,Gm16283,81.19302679259806,1.188868657850908,0.1375531379475083,8.642977365624272,5.476677287856216e-18,9.885637555107844e-17
13618,Hsd17b4,2275.1304472833435,-2.5199659484661936,0.041271996567203,-61.05752466719032,0.0,0.0
13622,Lox,94.01081158579952,-4.001071458353111,0.1617437932292546,-24.737094255493428,4.2688677284689046e-135,1.8414144050264716e-132
13625,Snx24,399.20219344578015,-3.4795445452990927,0.077107117028794,-45.12611389684985,0.0,0.0
13626,Ppic,2509.0927164703057,-2.9541675711091058,0.0461747135950476,-63.97803778529442,0.0,0.0
13627,Prdm6,580.3687342721403,-3.3212325664756386,0.0637320886017293,-52.11240741270042,0.0,0.0
13628,Gm19466,205.7647708101421,-2.781908416619257,0.0974671642686292,-28.54200630021449,3.5299290892534395e-179,3.299110948250589e-176
13631,Zfp608,438.9106647605664,-4.135145969200578,0.0867183233974119,-47.68480071103389,0.0,0.0
13636,Lmnb1,169.7021981810749,0.5784233864491483,0.072982402483564,7.925518573870079,2.271961862629245e-15,3.4153161470933953e-14
13642,4930511M06Rik,235.98680932297628,-0.6682243121350352,0.0586519950877474,-11.3930363517102,4.5292637915499684e-30,1.7928424650645906e-28
13647,Rbm22,224.5852407630706,1.580671733680986,0.0817688692454363,19.33097214462465,2.948104391773052e-83,5.572579795820006e-81
13653,Slc6a7,29.392960702218232,-0.5801751606194455,0.1625343880243535,-3.5695532968230355,0.0003575904638044,0.0013356448429357
13686,Alpk2,41.98997178321779,-0.5656084141954726,0.1452091393172247,-3.895129582442061,9.814624535207844e-05,0.0004087928411879
13700,Impa2,284.230728530155,0.7701149889826941,0.0787433847437778,9.780059512155365,1.3712988967845301e-22,3.4227539081018025e-21
13727,Cxxc1,62.88913569150554,-1.0995378105321472,0.1507335868887216,-7.294577361473364,2.995980419241922e-13,3.747314393524673e-12
13729,Myo5b,3018.848689601694,0.6816271494214996,0.0268903238036063,25.34841731173521,9.354852048885756e-142,5.076666968335647e-139
13746,Setbp1,23.90699780837068,-0.6768001772274403,0.1917155776558021,-3.530230487803856,0.0004151977897049,0.0015287529910714
13758,Mbp,358.8412278600846,0.6274298964536156,0.0491011820349394,12.7783053370721,2.1674067350622407e-37,1.231833902160543e-35
13764,Cndp2,20.677384460885936,-0.8914010150885104,0.1929747848696457,-4.619261608145596,3.851080573253856e-06,2.0659033317554085e-05
13769,Rttn,167.0404006255853,-0.715785539852833,0.0711915972331747,-10.054354273137196,8.789575839288353e-24,2.350827255077074e-22
13776,Tesmin,2828.700327108053,-0.5678550324136176,0.0298511970391701,-19.022856325275303,1.1030718578640204e-80,1.97414658136664e-78
13777,Gal,39.28184395064645,0.8023873968115623,0.1454665375270698,5.51595858712349,3.468839430930842e-08,2.529531241722998e-07
13780,Gm48683,428.3365147943424,1.261775825819506,0.0502042295625399,25.1328590601654,2.1759846555193037e-139,1.0766644076412127e-136
13782,Gm36608,13.149586254028373,1.1632629782572743,0.2539898273922965,4.579958930640842,4.650672427422852e-06,2.460322712155177e-05
13783,Kmt5b,48.391269407890384,0.8404351426728518,0.1326900411907115,6.333822305962802,2.391609393479166e-10,2.233983610577457e-09
13790,Cdk2ap2,226.34328275487644,1.1151590995784268,0.0844469167924886,13.205444815927466,8.161616421917213e-40,5.029409269813674e-38
13818,Slc29a2,56.64305100895072,0.5226022718475483,0.1241328068950537,4.210025414871789,2.5534196292414102e-05,0.0001187947412132
13819,B4gat1,176.74947953278587,-0.53795752145834,0.0765680158814562,-7.025877780236775,2.127246099665872e-12,2.434466743855712e-11
13823,Yif1a,11.099307407371962,1.0259902943993109,0.288906158299439,3.551292573472647,0.0003833440246259,0.001421423082716
13826,Gm50203,257.980566778921,-1.313721712969626,0.0808981089704859,-16.23921411375526,2.663140206759964e-59,3.0068461542498576e-57
13830,Banf1,11.406027724404142,0.7914708843130625,0.2637847865516475,3.000441741389423,0.0026958831949235,0.0082329694292462
13831,Eif1ad,77.74834173862456,-0.5355671421846308,0.1036401753258894,-5.167563066162099,2.371659520763359e-07,1.5410748597065272e-06
13835,4930481A15Rik,12.638259395424392,1.7432079824656714,0.3073472552533092,5.671786400138681,1.4131610697650864e-08,1.0796370879499569e-07
13848,Sipa1,89.07861387200694,1.526434376532569,0.1186413414799055,12.865956819875509,6.997006754304606e-38,4.017428144288956e-36
13858,Dpf2,68.1719839358858,-0.5746808261552706,0.1140316752187985,-5.039659595043221,4.66360591577089e-07,2.904696124435901e-06
13860,Pola2,63.34358705848066,-0.7519083152895163,0.1381404843343398,-5.443069921991015,5.2370077952845137e-08,3.723676337281123e-07
13861,Capn1,89.8506820476596,-0.9735827000119216,0.1209532775501249,-8.049246119919765,8.330557288954597e-16,1.2952399747881996e-14
13867,Gm550,129.34835566948794,1.598072243417228,0.1909698026590673,8.368193406316804,5.850830640736539e-17,9.803637835568805e-16
13868,Naaladl1,67.39739917574582,1.100835250360502,0.1414713144944813,7.781331885507042,7.176495105138955e-15,1.0389860340254101e-13
13869,Sac3d1,18.50298309566564,0.6447379716569133,0.2151236294505648,2.9970578931919394,0.0027259893936422,0.0083168878435335
13875,Gm14963,10.889917676657808,2.378370375662024,0.3397870969547067,6.999590028514408,2.5671257949726844e-12,2.919997109454055e-11
13876,Ehd1,18.543617850228543,-0.7581839812919899,0.2165629527151015,-3.5009865343377347,0.0004635392647264,0.0016900999242507
13880,Gm14966,73.82406445442965,0.5531467588188548,0.1143464729990005,4.837462357266493,1.3150727987536977e-06,7.60256690495995e-06
13884,Nrxn2,39.54328691658812,-0.838961609481767,0.1558726642033948,-5.382352407777058,7.351865191782747e-08,5.085543919463863e-07
13887,Prdx5,19.965089758707183,-1.2226064999060484,0.2186117140503393,-5.592593723612271,2.2370232659802553e-08,1.665933705338018e-07
13890,Catsperz,12.386380590506985,-0.7492098551879812,0.2425191217408461,-3.0892815783350085,0.002006411785743,0.0063316198596052
13892,Gpr137,21.796103572746738,-1.0848289249097005,0.3652426638204246,-2.970159382703078,0.0029764527897022,0.0089913566674737
13898,Fermt3,1211.488763728604,0.6347894401387428,0.0435544138180137,14.574629400159656,4.0732704680516056e-48,3.2944533213477e-46
13902,Otub1,605.2754732570296,1.9312600507086848,0.081027479908955,23.83463058308992,1.461766389475305e-125,5.2321906319453306e-123
13909,Gm50232,573.6833210518479,0.5166404615053697,0.0452767004859816,11.41073567552322,3.695901233882267e-30,1.4664185485283347e-28
13918,Stx5a,1524.153725304456,-0.9631192965774904,0.0353050679880015,-27.279916212165556,7.343089111011382e-164,5.882513719740214e-161
13925,Gng3,13.21753704612947,2.582461968129373,0.3358599145535108,7.689104463575164,1.4816845104549724e-14,2.0806659865929885e-13
13937,Eef1g,63.341814473199264,0.548120631372029,0.1191761564482601,4.599247430923763,4.2401992369421605e-06,2.257369359591075e-05
13941,Gm50321,12.11375721149158,-0.8438920596636429,0.2644955023500578,-3.190572437586323,0.0014199124104363,0.0046346888786904
13944,Gm50340,33.32686520789258,1.4683313446170223,0.1705815732083441,8.607795771842476,7.447879374728776e-18,1.328692202768422e-16
13949,Gm10143,32.011410551947534,-0.9496495615608872,0.1559664986695312,-6.088804773216375,1.137567322959055e-09,9.824073446683873e-09
13950,Fen1,66.82578722968748,0.901498213981349,0.1321757202428969,6.8204524425869,9.075422843013512e-12,9.730773644870384e-11
13956,Tmem216,28.08625683788722,0.8404534974557204,0.1791976656962511,4.690091772067671,2.730825408530205e-06,1.4998588262391e-05
13961,Vps37c,643.462059832103,-0.5060285028795479,0.0496277770873044,-10.196477307241665,2.05594688411098e-24,5.764532405233168e-23
13970,Patl1,90.30586010881072,1.0740925970658826,0.10480289427338,10.248692123560014,1.1995562680109647e-24,3.385928707508131e-23
13981,Rfk,44.40358373596007,-0.682505953799708,0.1633540157213222,-4.178078823382254,2.939817797403332e-05,0.0001355345431781
13990,Tmc1,10.169303165311192,0.8838875136300767,0.2762946177951121,3.199076119121252,0.0013786876204787,0.0045150207979977
13991,AC106834.1,45.801315066054805,0.6673026860753152,0.1345918323237222,4.957973114373754,7.12324177145892e-07,4.30130281124384e-06
14006,Fam122a,94.0458588990394,1.4335627902958046,0.114991746825171,12.46665808525665,1.1348645964954974e-35,6.041717438874605e-34
14007,Gm10053,49.6542795506455,1.9625653659090216,0.357936411469545,5.4830000609647565,4.1817287415520435e-08,3.014105510673951e-07
14008,Cbwd1,34.83480591349933,1.0122753314908126,0.1806745927030233,5.602754191092601,2.1097231452306565e-08,1.5753161328102677e-07
14022,Rln1,220.34047060184224,0.624189481255909,0.0670203733569198,9.313428887239434,1.2377069607816931e-20,2.746958337893196e-19
14025,A930007I19Rik,15.261034539911948,1.3766352002183606,0.2514563554248381,5.474648663751293,4.383804844909295e-08,3.1530033734890576e-07
14026,Ric1,202.8017449054929,-0.5155650914863191,0.0665781701655024,-7.743755801709613,9.6522308023202e-15,1.3784336060053716e-13
14027,Ermp1,322.73907151505966,0.8664535148396743,0.0643163753611804,13.471740438946458,2.2939424808225887e-41,1.5133723276422907e-39
14031,Uhrf2,733.1794039748014,-0.6095965567656895,0.0405046293842172,-15.0500465263662,3.4499158847670794e-51,3.1203190822277728e-49
14039,Minpp1,13.526401017025298,-1.2321065916208886,0.2554053212239201,-4.824122636586222,1.4062087936582316e-06,8.08221747034931e-06
14047,Rpp30,162.39999357508847,0.5003529286469753,0.0818599618323597,6.112303468594858,9.82032102338384e-10,8.555528771433783e-09
14061,Myof,48.26856606871369,1.054803202922109,0.3101440751933124,3.40101032806979,0.0006713729121874,0.0023608918272847
14071,Tbc1d12,446.2037597479813,0.6069323775162085,0.0464608235077783,13.063315104920544,5.3352839357706197e-39,3.182818498279047e-37
14090,Mms19,53.42976054881681,-0.6551849024529556,0.1190616988097672,-5.502902352332365,3.735893622864914e-08,2.7160301822582736e-07
14111,Chuk,114.51783222328606,0.6309029161796875,0.0885311032909104,7.126341960367985,1.0307145922902893e-12,1.2193890004289408e-11
14127,Btrc,289.9108602416194,-1.0253135168779106,0.0575192494805836,-17.825571893527876,4.474912512909736e-71,6.489780448679351e-69
14131,Gm15491,20.023192493271623,1.3251141981218144,0.2271930386338126,5.832547537944681,5.458744550941521e-09,4.366685335635503e-08
14141,Cuedc2,34.26222076696213,-0.7357020323421459,0.1643433554999767,-4.476615620412168,7.583560641550282e-06,3.8543275127734255e-05
14158,Slk,34.02667304954375,0.5372827422486464,0.151055451479269,3.556857677012626,0.0003753173563838,0.0013956595681796
14162,Cfap43,358.1346521466603,0.6331821945992527,0.0551819914249956,11.474435377343813,1.7733141421811333e-30,7.154068060890456e-29
14166,Xpnpep1,214.24700984525785,-0.6894660241578916,0.0679757743674464,-10.142819711489391,3.566533931870386e-24,9.836032841943525e-23
14167,1700054A03Rik,140.91126956722394,-0.7248857421230921,0.0744384209456376,-9.738059095214762,2.074791618980859e-22,5.140533049501472e-21
14190,Vwa2,70.73018108864568,0.8091999367875853,0.117080017174461,6.9115119412888,4.795151615081494e-12,5.2724729163735927e-11
14192,Ablim1,11.320390211501566,1.3199627976419164,0.2803878824143742,4.707631393610639,2.5061174248264303e-06,1.3863996526752724e-05
14195,Atrnl1,13.275304210844856,0.98900589378321,0.2645036138816445,3.739101629914793,0.0001846790591124,0.000729651435286
14200,Slc18a2,55.51022201442319,-0.6382330233498056,0.1206074537159507,-5.291820726544344,1.2110457756178266e-07,8.188674872676326e-07
14220,Ccdc22,14.466421192281848,-0.7919098956652686,0.2337245034848183,-3.3882193944491896,0.0007034796928587,0.002463496851158
14221,Prickle3,48.26840686995065,-0.7206567336619892,0.1322110942505091,-5.450803790312128,5.0142668426667146e-08,3.578914344258894e-07
14223,Tfe3,21.963979913903923,1.3296593640364862,0.2772599254865475,4.795714208258346,1.6209624652292132e-06,9.218881525541262e-06
14229,Hdac6,53.932234412113694,0.7504970834569539,0.1223001660833221,6.136517287684191,8.435018889052911e-10,7.408190695106073e-09
14239,Porcn,18.25884277339232,0.7494529528346484,0.2063420398137531,3.632090452876757,0.00028113453707,0.0010741599630092
14252,2010308F09Rik,99.62199537525548,1.0568234607683582,0.1288958887646835,8.19904708285715,2.4230002010733627e-16,3.919435806024729e-15
14260,Chst7,113.09512169864335,0.5565280013060593,0.0864991497614436,6.433912967247769,1.2436008490971506e-10,1.2002924316902678e-09
14261,Slc9a7,13.7709728496795,0.9100325045882788,0.244146029235091,3.727410629775175,0.0001934571264574,0.0007602264046704
14272,A230072C01Rik,1125.768407842343,0.5682199501100659,0.0357955787571564,15.87402606240762,9.588775238003398e-57,1.0340510630059689e-54
14280,Gm14569,29.82857429682568,-0.6702228337188495,0.1757986987972261,-3.8124447922786593,0.0001375989701888,0.0005577897531295
14287,Ube2a,108.707188156862,0.5297959390912538,0.0982821550012558,5.390560871243451,7.023811849219429e-08,4.876664743682147e-07
14288,Sept6,176.155812546182,0.5967219067923479,0.0681276226937961,8.758883448411995,1.9719388281445765e-18,3.669682179853563e-17
14289,Rpl39,14.946928663866286,1.9772817729084131,0.295612157222443,6.6887701489913445,2.2505388471919576e-11,2.312817044979249e-10
14293,Ndufa1,21.124653529624865,0.8419121564378822,0.1974590693139769,4.2637299940838345,2.010423603405405e-05,9.545965644958829e-05
14297,Rhox5,31.824014292642904,0.6544695231099168,0.1883192500503598,3.475319293884722,0.0005102456344692,0.001842425908709
14298,Rhox9,258.8612388089671,0.696430392958958,0.0603120247039047,11.547123419881965,7.63327036620767e-31,3.1551476012459855e-29
14305,Dcaf12l1,497.4877034441704,0.6379452554170265,0.0463316589696991,13.769100213619405,3.9105324829622046e-43,2.7072793399536277e-41
14313,Slc25a14,50.1187087357535,-0.5609042503788946,0.1338607690071423,-4.19020639534027,2.78700828699608e-05,0.0001289489560289
14322,Gm14582,52.8050401587204,0.811642585740027,0.1303952971724436,6.224477441595577,4.831636551880388e-10,4.355981870969119e-09
14333,Zfp449,17.447184596517495,-1.430270500756011,0.2952904302973386,-4.843606002794672,1.2750364721264718e-06,7.383799852180252e-06
14334,Smim10l2a,24.719673550832542,0.6589597815449395,0.1818151787737125,3.624338660773103,0.0002897017974193,0.0011026365018066
14337,Slc9a6,397.3835935193418,-0.536946644730471,0.0461441954113406,-11.63627710796552,2.695254897412282e-31,1.1363978230367625e-29
14355,Mamld1,39.01151331720399,0.5260046278698389,0.1418426747481113,3.708366532173298,0.0002086005621789,0.0008142197813308
14366,Pnma5,435.1650568910443,1.2953432723971745,0.0716667038617432,18.07454790855323,5.0568142825413175e-73,7.664034835602936e-71
14375,Abcd1,323.0477443745748,1.8337559193569395,0.159391260310918,11.504745716797183,1.2485679628011857e-30,5.123087521513254e-29
14379,L1cam,33.82304297434539,0.6243747730976904,0.1565817630399194,3.987531887340612,6.676423310087556e-05,0.000287256954848
14387,Rpl10,36.26256706571272,0.7306793608200726,0.1478911284517612,4.940657147385305,7.785971136875063e-07,4.669639659024926e-06
14398,Dkc1,93.09522145392236,1.13344857678654,0.1039913678451268,10.899448678034243,1.159577545319693e-27,3.9569113681365503e-26
14411,Fthl17a,262.97014585902866,0.5660791250902456,0.0595606273949713,9.504250540148597,2.0149366283058237e-21,4.6819445991697334e-20
14412,Gk,24.42073301472991,3.0076151538694806,0.2736484442854988,10.99079938759535,4.231614368212689e-28,1.4861889043098552e-26
14418,AU015836,38.41557828092304,0.5986013113240354,0.1456707803213112,4.109275106535978,3.969030257872888e-05,0.0001787232227735
14422,Klhl15,29.474855810232608,2.0047912196649245,0.2160075438064923,9.281116688502747,1.677115073596687e-20,3.672571799760926e-19
14434,Eda2r,148.715347083046,-1.0884106698307383,0.1647662144468536,-6.605787924937805,3.954085981554077e-11,3.9808251626381945e-10
14448,Slc7a3,1160.563931088031,0.5222902460378397,0.0433747998773825,12.04132923988854,2.154557037402478e-33,1.0181492427028621e-31
14449,Snx12,99.2091454093731,-0.6302857278843483,0.0892109154781719,-7.065118931982783,1.6047848822199118e-12,1.8580382707216498e-11
14464,Nap1l2,20.70313620672552,0.5814300930616438,0.1872577901040258,3.1049714553324934,0.0019029738837602,0.0060278157873278
14467,Gm26952,14.202228200386466,1.6443106844031428,0.263296491046649,6.245091523501602,4.2355203030638227e-10,3.839124895390231e-09
14469,Jpx,31.61635182117683,0.8676659060071694,0.1627197561402646,5.33227142535317,9.699181738817955e-08,6.630204566929477e-07
14470,Slc16a2,20.145268658441992,-0.7477668292639973,0.1970175763310948,-3.795432078645356,0.0001473865427689,0.0005930360700793
14480,Cox7b,98.58116387292766,-0.537905422172285,0.0936174203707861,-5.7457834240874,9.149635717545984e-09,7.119533842565963e-08
14481,Atp7a,81.42588866533912,-0.6818327862779486,0.1414064041542069,-4.821795663047864,1.4227164659471546e-06,8.163151127772504e-06
14498,Chm,69.07347314492297,-0.6223126737099114,0.1075921658479284,-5.783996156276772,7.294660950623458e-09,5.7398541240569896e-08
14501,Cldn34c1,24.35673566973246,1.249575867116656,0.1907819612145717,6.549758997976036,5.7630010932358455e-11,5.716448549027514e-10
14502,Diaph2,40.62585404113019,0.6983255271015931,0.1658314393800843,4.21105629735889,2.541793873939553e-05,0.0001184082202838
14506,Timm8a1,63.46236740336607,1.2585749417882437,0.1495978990030818,8.413052256584939,3.9947688691385e-17,6.774596440072278e-16
14508,Rpl36a,55.47066555586481,-0.6118101278224914,0.1231548106561428,-4.96781347446272,6.771204513653495e-07,4.1034572598412365e-06
14520,Bex4,23.68946267401416,2.1970917458004164,0.2308875799251067,9.51585072922974,1.8023208051490747e-21,4.199507327565496e-20
14528,Glra4,203.60072162223412,-0.5982678600614587,0.0656705410259236,-9.110140570111804,8.227529945794564e-20,1.694146098875177e-18
14534,Fam199x,936.392165813458,0.8099838225227733,0.033327352356247,24.30387550335797,1.7838372623694213e-130,6.820339605645629e-128
14556,Rtl4,37.92200029832314,-1.0235456497343756,0.1697608930054435,-6.02933709650994,1.6463356991007143e-09,1.3973917994940122e-08
14563,Tro,60.80908528660212,0.6487725056337255,0.11794787315946,5.500501944249685,3.787115765468056e-08,2.749704295315887e-07
14586,Rragb,55.16290556740816,-0.5607031278309647,0.1378673751317415,-4.066974708811097,4.762740972530553e-05,0.0002114078928255
14598,Mbtps2,20.263516230332268,0.7201861910527538,0.2117980211407542,3.4003442863809425,0.0006730105552205,0.0023661560230878
14600,Bclaf3,11.707181417335278,0.8833193496530455,0.270648685084808,3.2637119569831143,0.0010996289829678,0.0036740930249191
14606,Ppef1,23.77699622320506,-1.1912069539813193,0.2028707889411328,-5.871751966849071,4.312135756393795e-09,3.49436704382528e-08
14609,Nhs,17.277179545014487,0.7838817847638752,0.2164409647366636,3.62168864714495,0.0002926862558163,0.0011124855132396
14614,Ctps2,17.262746551450764,1.581077958036994,0.2343020690465097,6.748032420162473,1.4986346679654775e-11,1.5688569395882532e-10
14617,Car5b,74.29276300127619,0.6729497597168838,0.1184085194518566,5.683288354859436,1.3212921094175132e-08,1.0122084315451197e-07
14622,Mospd2,23.95762556176001,-0.9374724202152888,0.1846159393655081,-5.077960350754183,3.8150828263710906e-07,2.4092018914429757e-06
14638,Amelx,65.1855851740644,-0.7036366363586558,0.1180647094494203,-5.959754101288822,2.5261777032279637e-09,2.10385581690119e-08
14643,Gm15247,28.25263270363724,-1.0034967868268825,0.1848362421660807,-5.42911268410884,5.663491864577145e-08,3.986482160576624e-07
14646,Kdm5d,56.92552960233682,-0.9175583747790064,0.1338646448598154,-6.854374250496716,7.1625343876658205e-12,7.758874179246756e-11
14677,A630095N17Rik,10.185066330651477,-1.1370698951657534,0.2857072884712987,-3.979842100807939,6.896105682143641e-05,0.0002958765261175
14679,Serpinb3b,19.40184003816268,0.6885592886393004,0.1991394239269594,3.457674402492251,0.0005448594514306,0.0019594207221776
14681,Lax1,71.4258179361223,0.5025423657156898,0.101459107324707,4.953151855627572,7.302094440241704e-07,4.401402177290799e-06
14682,Gm10535,534.7262125017506,0.540041563722151,0.051287647973517,10.52966133290042,6.306094846396373e-26,1.9114852901067783e-24
14686,Cfh,61.72448805505304,-0.6237312090409484,0.1135348939342728,-5.49374018354248,3.9350929899715525e-08,2.847314811625437e-07
14694,Gm34882,53.397326515348965,-0.9089589520971568,0.1323500147142842,-6.867841715464916,6.518048239816357e-12,7.088114126595383e-11
14701,Gbgt1,20.12520288295931,1.0723355822044538,0.2294569393933873,4.673363050336918,2.9630731003187943e-06,1.6184343755410092e-05
14702,Gm10134,13.714491337639046,1.2936084117609497,0.2550603937895633,5.071772973220751,3.9412640682971333e-07,2.4814328376108785e-06
14722,A930104D05Rik,174.77135815187782,0.5438611696574333,0.0763605249254382,7.122281704957937,1.061548046509029e-12,1.2541027237655471e-11
14726,Capn3,15.503015198017549,-0.740275565716331,0.2330139750053437,-3.176957801347984,0.0014882868953362,0.0048278924875127
14727,Tgm3,472.0473445738929,-0.8635932712284912,0.0439795499958354,-19.636246194203157,7.579826531054398e-86,1.5180407349039065e-83
14730,Cdh22,34.211264174753374,0.6006568728364557,0.151515729736367,3.964320231843791,7.360538997863761e-05,0.0003134050811467
14744,Gria2,27.199089795578782,-0.516647421624114,0.1728607072853575,-2.988807750110817,0.002800682932976,0.0085185118389904
14745,Gm16048,30.60823613150824,-0.5411204371095143,0.1539009683037994,-3.516030100872051,0.0004380513173879,0.0016051704013108
14750,Ctss,14.250772671484418,-0.9090221691086536,0.2361768044613043,-3.848905362158839,0.0001186468312183,0.0004874226230978
14752,Cd160,1667.083358255043,0.5581109090893851,0.0322287595066018,17.317170056609243,3.4910925158647465e-67,4.449291620787321e-65
14756,Ptpn22,40.42755228126634,-0.7204939211913814,0.1524713168808723,-4.725439091959255,2.2961865280787118e-06,1.2795212309330297e-05
14760,Clca3a1,78.40217100206706,-0.6503331212603559,0.1058856869935513,-6.141841638142863,8.15701602943943e-10,7.177064888245791e-09
14765,Gm11827,18.70163301575575,1.5676970019201537,0.2329734843162144,6.729079090358291,1.7074023496270293e-11,1.7752552365745066e-10
14768,Cga,48.74167071650176,-0.8814399331085674,0.133715587215537,-6.591901149772229,4.3422969175358165e-11,4.3612215548480624e-10
14769,Platr9,69.66875235021662,-0.6557595253329158,0.1042780415669604,-6.28856771261695,3.2040831003296687e-10,2.945480327696504e-09
14784,Foxo6,34.18926135597103,1.2363087593415232,0.1680237264835034,7.3579415551345,1.8676777839539105e-13,2.3821033631127094e-12
14792,Klhdc7a,47.49326981157061,-0.5360709005448648,0.133222120794393,-4.023888055139161,5.724513565957057e-05,0.0002500090646939
14795,6330411D24Rik,3005.127405939284,0.5941179451618661,0.0187274940882845,31.72436965464232,7.16797302976794e-221,1.2058681027978608e-217
14806,Usp46os2,57.02690504246638,0.8045559570799401,0.1221436869664404,6.586963084723286,4.4891383802905534e-11,4.5033258778549775e-10
14811,Lrcol1,88.57086329475383,-0.5854506863610321,0.0947654502592347,-6.177891676338876,6.496326000562048e-10,5.767160543929042e-09
14813,Cmklr1,123.07864949717772,0.7360200884836136,0.0962975991507669,7.643182124730591,2.119178998545689e-14,2.931821405636031e-13
14826,Card11,60.169812546402994,0.7084499740594037,0.1288000987246552,5.500383781334712,3.789654745894554e-08,2.7503607329673894e-07
14828,2210417A02Rik,17.484406435032906,2.3704770118371825,0.2697943115743506,8.786237923270374,1.5465188153790205e-18,2.8940028955641e-17
14831,Asz1,352.0585339157696,0.6518396996731625,0.056110101934308,11.617154081030112,3.3718179367890243e-31,1.4181023287650437e-29
14841,Rarres2,15.084336062252818,0.8977250980871114,0.2414934212737085,3.717389456624701,0.0002012920165597,0.0007889877899778
14843,Sftpb,39.37723288842638,0.6923993476123982,0.1589535222129055,4.355986190007068,1.3246912858706775e-05,6.489598573733958e-05
14844,Dnah6,112.63092397509692,0.5800052741566304,0.0863410545964145,6.717607016358084,1.8473308921813078e-11,1.913648251180181e-10
14850,Efcc1,17.589789866215607,1.4805722820703686,0.2294052831465344,6.453958957539097,1.0896533251160727e-10,1.0577748348775356e-09
14852,Gnb3,88.62063424439908,0.7914851569050373,0.0985227271462401,8.03352870785045,9.470848234226974e-16,1.4698162347269413e-14
14854,4930417O13Rik,14.62032748844226,-1.326148440569356,0.3366553413149967,-3.9391872868831888,8.175809049398554e-05,0.0003456688505605
14855,Gm26728,38.75629864246663,1.6503612408686503,0.1807999393637369,9.12810726970666,6.970729084241337e-20,1.4441942781304437e-18
14859,Gm15929,45.28032029263044,0.5371931769711212,0.1307150902155097,4.109649284451029,3.9626047829183976e-05,0.0001786251346812
14864,Crxos,37.49847852427367,0.6561489566238587,0.1455702560850385,4.507438361862555,6.5614983094427055e-06,3.375660124151518e-05
14868,Gm26604,74.98925439113253,1.095494954898207,0.1235680962029584,8.865516169310206,7.615046325005957e-19,1.4459133671058153e-17
14870,Cd22,54.62932491852883,0.5014579711413697,0.1175126283571102,4.267268787636033,1.978806873048346e-05,9.40579768132715e-05
14879,Abcc6,21.73058183185424,0.8114459433172276,0.1951358111154374,4.15836508265106,3.205334568031859e-05,0.0001468900665704
14899,Pcp2,14.993390951398082,0.8362075628588642,0.2405225027909568,3.476629226603508,0.0005077594679691,0.0018362075515143
14908,Gm9939,52.3372596231896,0.6858861509379152,0.1257547887654579,5.454155326181207,4.9206177368935706e-08,3.5180430169044e-07
14910,Gm34474,28.29730870287,1.0124291167163038,0.1788620521786502,5.660390811713787,1.5102865681955642e-08,1.148623460070252e-07
14911,4930512H18Rik,41.91609962806527,0.9270890413159284,0.1369467717036873,6.769703511681731,1.2904657321118663e-11,1.359392924941636e-10
14923,Gm10638,45.28446263892481,-0.5044260312623723,0.138723683315512,-3.636192603934179,0.0002766974786214,0.0010584087500793
14924,Gm19935,282.79466892581337,2.4096564841819577,0.0766847413747264,31.42289379848031,9.850276753490671e-217,1.3809267151997798e-213
14927,Ces4a,24.83695915559254,2.11243898009343,0.2193443679777546,9.63069624066057,5.932612864376062e-22,1.4196919803328374e-20
14934,Spata2l,14.309793626955102,1.048900939591829,0.2494806432113243,4.204337964221739,2.6184744196230667e-05,0.0001216867269649
14935,Capn9,137.51219693696794,-0.7439570979387167,0.0917929445263557,-8.104730726064794,5.286246267271634e-16,8.326827804710739e-15
14937,4930433N12Rik,14.590644262420028,0.8552528981054236,0.2301963814573919,3.715318601842255,0.0002029478161705,0.0007950260854057
14946,Vsig2,10.22329276772825,1.1956813337615646,0.2936816481346956,4.071351891941069,4.674107733415069e-05,0.0002078026279049
14948,Gm48284,10.35017182188388,1.5040433403062683,0.3112704774788649,4.8319498607393365,1.3520230913111467e-06,7.79475135885107e-06
14951,D630033O11Rik,39.385847704912855,1.543710626572963,0.1602606898449465,9.6324970775211,5.829531618622559e-22,1.3970115444456882e-20
14970,AU023762,29.085344681264967,2.220139596027362,0.2188387647397022,10.145092889132815,3.4844676855580174e-24,9.62548437999056e-23
14982,Gm26576,72.1647608955305,0.5460232429440961,0.1097164703184418,4.9766752554043565,6.46857096487734e-07,3.942781497903315e-06
14985,Gm32688,24.087112387831745,0.5679809309780852,0.1793684958665684,3.1665590338707204,0.0015425403301095,0.0049817922774876
14991,Best3,15.151799724625128,2.93577820474169,0.3501076360045957,8.385358966301302,5.057119404473984e-17,8.516108082228812e-16
15000,4933415A04Rik,159.94506870243063,0.7170298593855613,0.0871809445775477,8.22461677675172,1.958159289756377e-16,3.2013715968485448e-15
15004,Slc36a3,13.711204951879576,0.8044012053794194,0.2350413287542407,3.4223819684941503,0.0006207504232255,0.0022003549030602
15006,Kcnj12,28.50619319503055,1.3886644481387205,0.1795348586366188,7.734790105298701,1.0357384053800548e-14,1.4734414163886377e-13
15013,Dbil5,14.9532610946934,1.2684501371528614,0.2622901265795663,4.836057512702729,1.3243961708709843e-06,7.648581113135109e-06
15014,Trarg1,12.757316416032175,0.7648176489680819,0.254323588685125,3.007261941065928,0.0026361250628263,0.0080867126061137
15015,AU040972,12.528539337326707,0.8892103018176912,0.2646805692501642,3.3595601835707467,0.0007806664544969,0.0027084247811923
15018,Slfn3,40.32524075332535,1.0540682292420958,0.1447100971960004,7.28399917950735,3.2406698414047125e-13,4.035365561950517e-12
15019,Ccl5,80.26204819491922,0.5366733869265619,0.1045482026103134,5.133262681970012,2.847620292609036e-07,1.8284548161283131e-06
15021,Ikzf3,50.295759927436265,-0.7794445536610408,0.1260260908738465,-6.18478719967021,6.218629976139437e-10,5.5381689829853785e-09
15025,Icam2,86.12726758958695,1.2413611404895453,0.1079860075800072,11.49557399434196,1.3885491718401188e-30,5.660706699407411e-29
15028,Fam20a,14.291591693098962,1.8468780637530688,0.2712240411317426,6.80941872278932,9.799387655902851e-12,1.0480298698998959e-10
15031,Card14,39.0238247087168,0.5194155223475028,0.1416289492511611,3.667438931756702,0.0002449920367414,0.0009470360832033
15050,Gm47080,76.34266492228598,0.6757010161090761,0.1232792280562887,5.481061382056627,4.2278175563366883e-08,3.046020331916578e-07
15053,Ifi27,15.919719971426384,1.721104831169315,0.2509280315319392,6.858958007448622,6.936462327044559e-12,7.523668970204425e-11
15058,Gm36264,16.528998820906068,1.4402122923862162,0.236879084647889,6.079947052003481,1.2022224006380784e-09,1.0366472294174473e-08
15060,4930447K03Rik,137.3814614179835,0.6297129752958922,0.0781538975401517,8.057345764136405,7.796887619868033e-16,1.2145096336022211e-14
15075,1700084F23Rik,78.80258240495475,2.172687116488611,0.1401825555497129,15.498983507388768,3.524236894621421e-54,3.615136419403425e-52
15087,Syt15,12.928009178098709,1.4930599539019234,0.3034366203592656,4.920500209019454,8.632330800988158e-07,5.140591188142435e-06
15089,Gm34250,48.78863569758838,1.0198626066655638,0.1405410523240002,7.256688275781481,3.9668244942538673e-13,4.8925138172164816e-12
15090,Gm7247,22.43196288113312,0.5663948484811165,0.1900010493728806,2.981009054163464,0.002873002983842,0.008711703171805
15091,Olfr221,35.8279373921507,1.058314200358071,0.1577687446491276,6.708009261984853,1.972974121452412e-11,2.0400334139639783e-10
15092,Gm43647,19.293002382285557,2.305579726231249,0.2574349380003429,8.955970561494562,3.367598542486757e-19,6.511851756351116e-18
15095,Gucy1b2,17.886519315953944,1.0826572247148067,0.2188821219480909,4.946302672319509,7.563632458327839e-07,4.54926667309436e-06
15097,Defb30,55.89751569358996,0.6846058269157297,0.1256403931988607,5.448930948760651,5.067348064976314e-08,3.6137344848281706e-07
15106,Timm8a2,206.1709098450932,0.5513784405877126,0.0645395292262392,8.543267160423344,1.3047927066275667e-17,2.284133996211816e-16
15110,Gm26766,65.1779138062189,0.6281423706677126,0.1176247908862555,5.340220934166276,9.283337720948236e-08,6.369232890681572e-07
15117,Gm6569,13.089862544052805,1.3750979021891891,0.263696921492012,5.21469076851109,1.841241294405759e-07,1.209968839679222e-06
15118,Cacng2,35.37588160305176,1.6285418753890093,0.1724797157407621,9.441932742031623,3.659656633943808e-21,8.387793399569029e-20
15119,Rac2,25.718422334720948,1.0098496278333442,0.2036594550476877,4.958520720763412,7.103196368912216e-07,4.292279903527665e-06
15121,1700027A07Rik,60.30799676157084,1.9967185757826935,0.1355068627750426,14.735184144123254,3.831515607667257e-49,3.222879353389313e-47
15125,Vdr,31.21781536239047,1.5096277027791662,0.1857867901234811,8.12559225430295,4.451832337914172e-16,7.065393907616049e-15
15133,Cyp2ab1,10.568434227744849,0.9657069478371356,0.2813837160837548,3.43199301394431,0.0005991629924068,0.0021292182131938
15134,Kng1,43.78284072562524,2.6712216629099195,0.2007466964184282,13.306429000167125,2.1239308244731687e-40,1.3483354060419667e-38
15144,Gm15964,91.19906116758696,0.5722734859769386,0.094676268114717,6.044529398682337,1.4984673018924466e-09,1.2815818718727318e-08
15146,2310043M15Rik,72.01292253117761,0.9808129412340992,0.1061074202568375,9.243584839401429,2.383740649428059e-20,5.128090657970363e-19
15150,Gm49953,60.21273485286633,0.7139905258033091,0.1287942275828186,5.543653152810682,2.962253391666012e-08,2.17901131648436e-07
15152,Gm16050,13.077406276412924,1.6405439547156753,0.2780610950930481,5.899940637746164,3.636323796365163e-09,2.966725277703741e-08
15154,Abca17,132.4443157654505,0.8501982935406432,0.0880145902246579,9.65974267869118,4.469852860808576e-22,1.0835206725847647e-20
15155,C230013L11Rik,20.701965687077102,1.267485112919471,0.2189021633969357,5.790189979169544,7.030685576376323e-09,5.539916789291751e-08
15165,Treml2,12.516553594399966,0.7547651329264158,0.2537152584626205,2.9748511678008285,0.0029313072974494,0.0088741016132791
15168,4930471L23Rik,45.34044233764157,1.6586797467874823,0.1535762681596134,10.800364969564177,3.4283808308280905e-27,1.1286820101178273e-25
15182,Ptprcap,17.348847711061335,1.9145214815894924,0.2444758875801999,7.83112600812805,4.83519760335507e-15,7.079419432658167e-14
15185,Ccdc88b,26.03924698490505,1.71926625986678,0.2033853720275551,8.453244413437215,2.833177278495774e-17,4.843754202859187e-16
15187,Cd5,44.82408512208004,-0.5592842825614864,0.1290772502547646,-4.332942338464802,1.471296546461793e-05,7.155716045425482e-05
15196,Gm50373,19.16280707762221,1.1983184401749631,0.2128859440877385,5.628922310066136,1.813390471583986e-08,1.368012013607955e-07
15202,AU022751,69.08305092326762,0.7267657707388633,0.1060584096494667,6.852504889908252,7.256790523560879e-12,7.850867329766217e-11
15206,Xlr4b,34.37835053289553,1.25991982049953,0.172011982903052,7.324604944584793,2.396034976611149e-13,3.0238932041657435e-12
15207,Xlr5c,239.22720273561004,2.520366705755841,0.237571906641466,10.608858351082214,2.710405015241886e-26,8.459581367609323e-25
15213,Gm15091,15.33236413270844,0.7126073715078313,0.2231546210671185,3.193334595090009,0.0014063988278019,0.0045965875702269
15216,Gm28095,41.49537021327126,0.974452369482641,0.1543371525306835,6.313789994855008,2.722833708226475e-10,2.52515057737012e-09
15228,Rfx8,29.97758672911078,0.84642458633226,0.1863367807370354,4.542445044850068,5.56054949597122e-06,2.898826283567519e-05
15229,1700066B17Rik,18.9261771533138,-1.3170935099870411,0.2210632743926227,-5.957993310312583,2.553539674722974e-09,2.1245399578568052e-08
15236,9330175M20Rik,241.186118099887,1.415907810362919,0.0828531666099313,17.089362643541964,1.781098701670177e-65,2.2195128487553624e-63
15242,Gm28777,91.34382491320248,-0.5005109937587697,0.0925405895688695,-5.408556354466327,6.35347962360043e-08,4.442418441721946e-07
15245,Gm26813,54.08750286072031,1.597028707129542,0.1343309690782809,11.888760410854172,1.3540120742555916e-32,6.123264818602639e-31
15247,Mdh1b,10.014161843186194,1.442768150347581,0.3094063617614213,4.663020314559914,3.116019801236012e-06,1.694272822113556e-05
15248,Gm10558,82.20803512398388,-0.5660235044285308,0.0996715317862552,-5.678888387532392,1.3557290276605987e-08,1.0381169518586373e-07
15249,Myl1,49.36110176508274,0.9820309532736636,0.1289351034805793,7.616474697455693,2.6069766372413992e-14,3.58310195819543e-13
15256,Ihh,14.34753352638898,0.9318416719850566,0.2393818216420695,3.8927002292528816,9.913461927003804e-05,0.0004125010388275
15272,Gm29101,336.6941876999518,0.6392184456439384,0.0569354337102029,11.22707607528752,3.0025062682910844e-29,1.1427864921145005e-27
15275,D630008O14Rik,11.427140282225928,0.9909753031343436,0.3348220115828768,2.959707751737978,0.0030793100182925,0.0092804071009918
15285,Chit1,25.548091410018262,1.3216823121348489,0.2665384137932245,4.9586935456147225,7.096881320894586e-07,4.290004831527475e-06
15293,2810414N06Rik,22.64013183292921,0.9279598449956624,0.2426518168365702,3.824244372423791,0.0001311737623464,0.0005345775687875
15299,Gm37362,12.908320016358934,1.3046190309397625,0.3313724040968116,3.937017732347481,8.250051279943928e-05,0.0003485449841348
15306,Gm20711,18.638461962260717,3.462061920982315,0.3338044512103362,10.371527127422295,3.3414157029922427e-25,9.691833857144569e-24
15307,Spata46,16.7998848343721,1.1026293789938857,0.2256711051712021,4.886001591375163,1.0290436639696572e-06,6.064143650611943e-06
15316,Gm37885,14.028369079314857,-1.0352271990548916,0.2454723027810886,-4.217287194222084,2.472589798622469e-05,0.0001155775998394
15325,Gm32200,25.650857990316243,1.2375138119519766,0.1869617746685975,6.6190739478460445,3.614560156874427e-11,3.643364021515786e-10
15341,Gm17171,29.9245545370911,0.96240127350922,0.1700684547650133,5.65890526164295,1.5234161707384224e-08,1.1580854152884087e-07
15345,Pax8,43.13981704205616,0.9799808912471022,0.1420119704378306,6.900692161553479,5.174976630645455e-12,5.671572107970585e-11
15360,Morn5,24.364025676433805,1.0618923417382518,0.2010938969560242,5.28057965861823,1.2877582066007398e-07,8.662117676786981e-07
15367,Haglr,12.329914902808255,0.9986422348493004,0.2705422748479031,3.691261321029143,0.0002231447321648,0.0008679685154242
15378,Pax6os1,24.747033819966934,0.798814920420529,0.1781461942407326,4.484041457215044,7.324242280668822e-06,3.733809935990654e-05
15384,Ccdc9b,11.503047216789188,1.107300320263777,0.308789044624666,3.585944318749079,0.0003358606224449,0.0012614831996856
15389,Slc28a2,369.118534095906,0.5922557395133979,0.0528449302245383,11.20742778913512,3.749310499141215e-29,1.4174078770124189e-27
15397,1700026D11Rik,29.256079387921734,0.8057565871664385,0.1669403128088941,4.826614815852375,1.3887334520689488e-06,7.98450542178945e-06
15398,Gm14097,51.79675735626179,1.3778152881808965,0.1521777500178082,9.053986460042024,1.3784192398511642e-19,2.767201297376627e-18
15420,Slc32a1,37.491655453801656,0.8843911526308764,0.1494410792727549,5.917992274511847,3.258952716589027e-09,2.6796364394514764e-08
15421,Hnf4a,10.932101935396071,1.5152644217173012,0.3018603612513147,5.019752893145727,5.173799105399357e-07,3.2011335913988006e-06
15424,Cbln4,26.30602760238565,0.7768135227033299,0.17469640793433,4.446648513776776,8.722037413994814e-06,4.382641440132459e-05
15425,Gm10714,11.075965094895524,0.947850073950796,0.2806201781142406,3.377697499589376,0.0007309544177892,0.0025522719324343
15440,Dnajc5b,14.859124486684882,0.8379839491656426,0.2333802878541584,3.5906372250654983,0.0003298705017198,0.0012412013979943
15442,Trim55,24.193644939911408,0.6925184362156425,0.1817588104286438,3.8100955578575166,0.000138913089032,0.0005622018078276
15444,Cldn11,19.96613191775432,0.9984394762875276,0.2039140318453422,4.89637455182481,9.762091810337308e-07,5.784701321778954e-06
15459,Gm30173,19.69790439804259,0.7491885478674207,0.1962114849885136,3.818270617090936,0.0001343904607536,0.0005459673318662
15468,Gm38186,34.798136001675545,0.7590279601945475,0.1519014565153528,4.996844517536485,5.827601703695092e-07,3.5676034738450705e-06
15473,Gm37359,20.23603679081789,1.1087073890873156,0.2185416587068671,5.073208447522766,3.911636042322653e-07,2.463700978659453e-06
15476,Fstl5,19.200677060275844,1.4810072522669169,0.2191129250357579,6.759104931967044,1.3884681261314916e-11,1.4571552892021263e-10
15477,6430573P05Rik,18.747541059162742,-1.035762508527098,0.209573217068207,-4.942246547611102,7.72274673632741e-07,4.63502562772872e-06
15496,Celf3,26.071814597920916,-0.720401844974496,0.1745512076664219,-4.127166203004612,3.672609637188085e-05,0.0001665794336112
15525,Henmt1,84.1194789090649,0.5499881716270945,0.1209768975430397,4.546224798263043,5.461670213594116e-06,2.8516970205864e-05
15533,Gm29811,29.393949265004597,1.9197262106187416,0.2258496253474158,8.500019460584447,1.8955891512906738e-17,3.2875769373363923e-16
15538,4933401H06Rik,24.011862219069272,-0.9531150681153664,0.1937641276066694,-4.918944904240159,8.701195462140126e-07,5.179766852780727e-06
15550,Asb17os,12.90964263108384,1.305667266512727,0.2711548003888249,4.8152098529712655,1.4704527742611787e-06,8.42842487952157e-06
15552,4930570G19Rik,22.400466274466456,0.6496976898637935,0.1836836998037646,3.5370459684658297,0.0004046292336054,0.0014934351902026
15556,Gdf6,13.767132458553744,1.0082549398556089,0.3175968038676138,3.1746381814216464,0.0015002344051113,0.0048647732068598
15567,Arid3c,57.5551475777361,1.0126034165790498,0.1257391891019598,8.053204603999365,8.065390761617475e-16,1.2551717741229491e-14
15575,Gm16731,28.41371925328267,-0.6897025696486145,0.1907796633973796,-3.6151786692904255,0.0003001405499895,0.0011390909973903
15579,Tal2,141.80826743497352,0.6072727191386211,0.0834623014801091,7.276012144037835,3.438326506065685e-13,4.275163844164302e-12
15580,Svep1,18.39999876060789,-1.1164713857395274,0.2081670835745625,-5.363342592728513,8.169584596607658e-08,5.625743825981606e-07
15595,Gm12709,15.467196778002354,2.473929414770528,0.3272581914145466,7.55956452633675,4.044210298966e-14,5.47351165402293e-13
15608,Gm12840,13.950369262517052,-1.1555979496776834,0.2632257413670859,-4.390140355103511,1.1327752147982828e-05,5.590107784849373e-05
15622,Gm12999,193.93206441943664,0.5831259968131843,0.0727006555021046,8.020918006665056,1.0495777398494666e-15,1.6228902865337846e-14
15639,Gm13134,15.10905005376807,1.1338375331481,0.2389517171203523,4.745048693569432,2.0845618378243226e-06,1.1681740105835637e-05
15643,Tmem88b,15.014768107701595,0.8400104363170556,0.2412927823289387,3.4812911857923883,0.0004990026927674,0.0018064820960677
15650,Gm43111,12.063634069442449,0.8433970044976976,0.2530626416590619,3.3327598217122945,0.000859891388161,0.0029528378899844
15669,Spon2,53.47143340380088,0.5111698747503803,0.1191076984876064,4.291661086907572,1.7734148021256622e-05,8.514314274018269e-05
15679,Cnga1,24.869393821174512,0.9740418356185304,0.2430723575723196,4.00720939783838,6.144038733382602e-05,0.0002667384867398
15682,Gm33050,18.181367888128317,-1.48198887578422,0.2288267004407786,-6.476468318292973,9.38943199939122e-11,9.188971176600261e-10
15686,Gm16226,14.231867230936976,-0.8022529500110044,0.2308945363964931,-3.4745428043969477,0.0005117247127817,0.0018469737917029
15688,Nkx6-1,101.53644177579154,-0.514461931451447,0.1011095468866174,-5.088163752017956,3.615471271825835e-07,2.28572240533356e-06
15693,Gm17202,44.92031160044549,0.8719353988385314,0.1686677299881053,5.169544873225135,2.346647850558996e-07,1.5254117770461356e-06
15697,Sez6l,100.07578473665023,0.5381647406020201,0.0987165149010667,5.4516181121402685,4.9913553157554586e-08,3.565586856770874e-07
15712,Pitpnm2os2,51.99110250004659,-0.9999492467464332,0.1332575897974371,-7.503882129839214,6.195501892158463e-14,8.187504189456543e-13
15720,Ache,15.942364841815024,1.05296225486623,0.2293344990163197,4.591381843476152,4.403208981223152e-06,2.338231839997383e-05
15729,Gm15411,26.921743311855348,-0.7004439659899115,0.1730765845156439,-4.047017497774809,5.187436492526371e-05,0.0002287503122248
15748,Trpv6,17.752921819190405,0.6826683810014291,0.2146086464501305,3.180991969771653,0.0014677169791467,0.0047703637442399
15753,Gm15050,12.622988544601869,0.7365499923990045,0.2489294058364886,2.9588709695583875,0.0030876835513985,0.0092989796607907
15759,Ppp1r17,288.40021608575256,0.5976790339540046,0.0591071605289287,10.111787279334507,4.8982416745615275e-24,1.3290825756636866e-22
15761,A730020E08Rik,41.42032230351988,-0.819471006655711,0.1421932735588366,-5.76307856304209,8.259332466244511e-09,6.462639538587507e-08
15780,Dnajb8,151.74750202368529,0.8300203789434233,0.0835256366759129,9.937312805695544,2.8645007931326463e-23,7.437988778816157e-22
15787,Cntn6,259.6570362189558,0.9091662442875524,0.0733291319641614,12.398431836502503,2.6648776952203266e-35,1.3794226912828174e-33
15797,Gm44317,68.51164699615515,0.6085829038177504,0.1141845682642012,5.329817444416883,9.831153829491589e-08,6.717688906317505e-07
15799,Slc6a13,148.85741587132722,-1.2063506224656375,0.0828983890886881,-14.552160008501906,5.658764044054669e-48,4.5117245266887066e-46
15802,Gm15884,47.51592436767555,-0.6219929513840016,0.1347882276027568,-4.6145940372264365,3.938644154990982e-06,2.1095132320730115e-05
15806,9330179D12Rik,16.83688074468429,0.6318187983061941,0.2138969525435486,2.953846657434533,0.003138399067648,0.0094415750205728
15813,Mgp,50.52434313257765,0.5298884204603973,0.1274593228829957,4.157313945146412,3.220113358345966e-05,0.0001475271433209
15817,Lmo3,11.33807773531659,0.8137266018679711,0.2619946440456598,3.105890217076943,0.0018970713279477,0.0060113827368742
15824,Gm44877,1775.9437412934774,-0.6601518333771723,0.0394318703536483,-16.741580540221385,6.523284192273346e-63,7.783064536639326e-61
15829,Vmn2r30,20.291135160006213,0.6700459494132338,0.2081580426144232,3.2189289493578586,0.001286703629231,0.0042410296149205
15840,Nlrp5,28.517266694301387,0.8192219576479898,0.1821902055628406,4.4965202993056925,6.9074587689181785e-06,3.53957291713404e-05
15853,Fxyd3,13.94853697534395,0.78188351774652,0.2433144389691639,3.213469455652037,0.0013114174574327,0.0043131917666454
15855,Gm12784,32.65721756398878,0.720508150099954,0.1577344717411273,4.567854712712682,4.927413685852081e-06,2.5936758584821515e-05
15859,Slc7a10,20.270642216294156,0.8543120553647019,0.2093357752292637,4.081060938719445,4.483059833241332e-05,0.0001999430423505
15866,Klk9,74.71487259783792,0.5271267620150775,0.1041058756915557,5.0633718655500815,4.119052689988172e-07,2.5846633123338685e-06
15868,Lrrc4b,51.28056541355353,0.7354098840863491,0.1262073811216059,5.826995834560197,5.643402037583658e-09,4.501609885171639e-08
15883,1700112J16Rik,27.604322425829352,0.8639335658687826,0.1830818395412683,4.718838132899816,2.371954546733186e-06,1.3165091171129132e-05
15886,Gm44946,45.8206040301968,0.9549603268575624,0.1438091546599632,6.640469649623948,3.126852180281394e-11,3.168857483667102e-10
15888,Gm28258,303.3338833488661,0.5105730830740972,0.0629070285348391,8.11631219858575,4.805634609525517e-16,7.583976645032625e-15
15891,A730056A06Rik,13.788639332277786,-0.8873802901772094,0.2569432287032815,-3.4536044972096054,0.0005531479529999,0.0019849846444791
15902,Gm2115,12.18694025194178,0.9677283136908668,0.2841165847826059,3.4060958265823587,0.0006589904439883,0.0023246375003598
15927,Pagr1a,16.06239254655139,-0.7259466452331295,0.2335998103033556,-3.10765083366466,0.0018858072628713,0.0059801952089132
15947,Gm26793,89.08494275930227,-0.5955313653459172,0.1332243063108003,-4.470140485900495,7.81682355354371e-06,3.963303877072508e-05
15962,Gm45411,352.1956769533227,0.6095701247850513,0.0601443603145322,10.135116935274228,3.8591156518971415e-24,1.0573599773919481e-22
15974,Gm45607,631.6458813606243,0.8869183294927481,0.048725186238325,18.20246155970849,4.933997816290886e-74,7.757443482566503e-72
15984,Gm34030,36.63855969210167,1.6980850502278444,0.1755899908526497,9.670739442391282,4.0146673967204833e-22,9.774059278585918e-21
15987,Tm6sf2,33.37220572041927,0.8061430550706201,0.1561613505417775,5.1622443855270985,2.440064429364464e-07,1.5830776666100418e-06
15995,Gm31105,20.488701970151027,0.7102241527516608,0.193859689098569,3.663598946506839,0.0002486960820379,0.0009604715767045
16003,Gm45767,34.64374240925069,1.80325386829976,0.206154529363883,8.747097984526158,2.189096035385812e-18,4.055854912257216e-17
16013,1700082M22Rik,34.44783259909143,2.3861361659500244,0.1913476547404372,12.470161545417492,1.086056542880992e-35,5.800231498694262e-34
16014,Gm3830,35.17532589758101,1.162687909349024,0.152890592557552,7.604705364140425,2.8555369235085404e-14,3.911946063858645e-13
16024,Hp,37.9490371114371,0.7120552714552055,0.1622835011276009,4.387724362042989,1.145428100877257e-05,5.650890598550761e-05
16034,Irf8,179.87458519038975,0.5846622142432496,0.0796710911260664,7.338448689225529,2.1608371906095198e-13,2.737331630845177e-12
16040,Gm45353,409.3717633497353,2.1100965883732075,0.0668966398765474,31.542639395150918,2.2622639895053936e-218,3.459824281404476e-215
16041,Gm20735,37.00862671001415,-1.4395176053701897,0.1587077062623383,-9.07024390479639,1.1875089242028768e-19,2.4011373355606968e-18
16043,Gm45709,53.60088678337777,0.5730147305771095,0.14705658311028,3.896559531424695,9.75688329336546e-05,0.0004067907004815
16054,Npsr1,21.63765630693041,0.6845188073466209,0.226193467424413,3.026253654188162,0.0024760449183956,0.0076374227470059
16056,Gm48091,18.06602716630337,0.7939929290144343,0.2276040709635935,3.4884829856203994,0.0004857697364669,0.001762748981144
16064,Gm28119,35.20885205282957,1.6485568805037514,0.1717509151304426,9.598533313500504,8.109006508241913e-22,1.915980568653844e-20
16067,C030014I23Rik,86.8804287914205,0.9928355859035658,0.0986726197947801,10.061915736791727,8.139873458373172e-24,2.180526929780444e-22
16072,4930448E22Rik,221.8196439045574,1.1754999143024358,0.082899991003012,14.179735125179036,1.2230732342999821e-45,9.185607598494911e-44
16078,4930563M21Rik,26.103473581802888,0.5622859543020889,0.1850989265032938,3.0377591319638646,0.0023834438219473,0.0073883684202358
16080,Cyp11a1,563.0826429471014,0.7620559566404417,0.0606367964686995,12.56754975559786,3.1844077564040346e-36,1.7225495718966262e-34
16081,Ccdc33,3080.3666809632887,0.7008344305720964,0.0274823757600154,25.501231650858635,1.9102048444341597e-143,1.071179203263862e-140
16084,Hcn4,112.79300277292371,0.555065273131429,0.1144252487227631,4.850898550164194,1.2290340221517402e-06,7.141982505927022e-06
16089,Gm10646,21.752043008049533,1.8792094499864256,0.2603680727046802,7.217511081390918,5.294768216876546e-13,6.45931005892053e-12
16094,Mlip,49.380699565215565,0.6320316627179144,0.1245145305270078,5.075967118398473,3.8552996593544457e-07,2.431859998849638e-06
16112,Col6a6,12.866637838181871,0.7567822442521881,0.2483168108244316,3.0476480498425005,0.0023063988172917,0.0071812969282432
16118,Gm38150,77.62716029392439,0.7928280533079985,0.1042112599966006,7.607892403698605,2.7860161850278536e-14,3.822932323060651e-13
16120,Spink8,13.074379136275722,0.78620847039055,0.2640920663999997,2.977024191252081,0.0029106104285244,0.0088177920473739
16121,Prss44,36.34361093313528,0.8308755569848268,0.1524821979013227,5.449000397558012,5.065370017140392e-08,3.6137344848281706e-07
16124,Arpp21,117.84757204394931,1.23064952642167,0.0867943726986267,14.178909163786624,1.237552939580672e-45,9.25304582336251e-44
16134,Gm46210,14.998292934374373,0.7848624965460297,0.2454023430365816,3.198268145422849,0.0013825565842046,0.004525048524528
16135,Gm28905,108.1704264666529,0.997147271699562,0.0894456135430164,11.148084653922258,7.31642875805181e-29,2.7051490328946286e-27
16137,Zc2hc1b,16.394542024141593,0.7621557866215722,0.2205106677355763,3.4563216122292357,0.0005476015306472,0.0019675994340195
16141,Gm26577,14.865815713070388,0.8685512079127385,0.2713325574163754,3.201057831699485,0.0013692404760009,0.0044884513888862
16154,1700027J07Rik,16.546875106475277,7.01382413704116,1.1314935290411567,6.198731108064552,5.69201795615163e-10,5.0947364634019115e-09
16161,Smpdl3a,12.976569418705816,-0.9943318250130389,0.2435435948355774,-4.082767299564327,4.450257897954991e-05,0.0001987435322996
16163,Gm17455,21.04661289559284,0.8141017981849714,0.2018222044784114,4.0337573374987805,5.489200479676218e-05,0.0002409833498684
16172,Mrln,38.40243722188104,0.5417021329034248,0.1475652225718548,3.670933594395188,0.0002416661271574,0.000935038927592
16180,Gm47922,36.62616412054701,0.915515302445255,0.15316905090438,5.977155940052083,2.270668225489022e-09,1.901416204947825e-08
16187,Gm15344,64.16222511866187,0.5799282133889471,0.1128524061337931,5.138820103679564,2.764689151151054e-07,1.778310292755932e-06
16209,Tespa1,55.82391917686316,0.5436226177477481,0.1202428233318399,4.521040031199921,6.153654880775582e-06,3.181405533475342e-05
16227,Gm12153,57.89494472819519,0.5032344165576212,0.1256864576781715,4.003887338810888,6.231004707885226e-05,0.0002702350920359
16238,Wnt3a,47.6777262714352,0.7907712910117348,0.1352272941794083,5.847719543678846,4.98357859988972e-09,4.007588087282254e-08
16239,Med9os,17.552410902327438,0.9685127265752492,0.2137369899118764,4.531329495070394,5.861363449606302e-06,3.038696989606373e-05
16240,Gm45605,20.537153560705192,2.3125257979220235,0.2479353341062947,9.327132843964057,1.087734869966246e-20,2.4366130116434296e-19
16243,B430319H21Rik,86.042178047208,-0.5703266381571064,0.0959032694966075,-5.946894627792447,2.732772024078158e-09,2.2647006778850672e-08
16249,Aipl1,102.75524442955852,-0.6929082359360749,0.1974423578728353,-3.5094203867963785,0.0004490844813731,0.0016420230884894
16262,Mmp28,41.06029379397155,1.1631672290431712,0.1492820719675514,7.791740921816799,6.6092145720300514e-15,9.593340530221015e-14
16267,Abcc3,173.7109458014171,-0.6962527364358775,0.0749721756245577,-9.286815150230408,1.589739965216997e-20,3.4959732594569335e-19
16279,Zpbp2,55.21413580496962,-0.6096155917309369,0.1348890393444579,-4.519385672057451,6.201932738245361e-06,3.203411558351296e-05
16300,6030468B19Rik,23.794669371346988,0.9530127207261436,0.186479927759956,5.110537805188864,3.212430179483553e-07,2.047072458691356e-06
16304,Nptx1,23.866882724311036,1.362703544463595,0.2660845769835556,5.121317289080653,3.034086312484954e-07,1.9370942707754983e-06
16319,Gm34047,15.90476116988701,0.9579605496363388,0.2336611264003889,4.099785721287802,4.135328437939471e-05,0.0001857144429029
16323,Gm33680,82.98276122495824,0.9261996218595996,0.1063633697265246,8.707881522003213,3.096066703818109e-18,5.692363951730279e-17
16330,Foxa1,12.022563805237889,0.8996948412471284,0.2726812630336626,3.299437707005416,0.0009687872599523,0.0032766200390388
16336,Dbpht2,22.293310378100216,0.680495982145887,0.1864301923510442,3.650138282668975,0.0002620991675455,0.0010080691119383
16340,Gm4787,12.05249855796224,0.8789262308229434,0.2770379624416784,3.172584085865032,0.0015108879995378,0.0048936597643867
16341,Gm17191,36.8185078948055,0.7614455495583782,0.161354453715877,4.719086037124075,2.369066140481578e-06,1.3157741723777348e-05
16355,Gm10432,29.652891313820447,-0.6919528918957882,0.1656517780502168,-4.177153424130617,2.9517993292251952e-05,0.0001360496441522
16390,Prl3b1,15.49760739507168,1.044240502648006,0.2340327381025461,4.46194199629648,8.122021332834499e-06,4.109376387436835e-05
16412,Cd83,37.72134199496251,0.7899318761021431,0.1556614259236,5.074679686474466,3.881492907315544e-07,2.446547590100015e-06
16417,Hrh2,27.807716933308377,-0.6876597428282399,0.172332932386575,-3.9902979268390233,6.599035110329938e-05,0.0002842180431671
16427,Ctsr,10.833391836896212,1.0651476649566107,0.3404878792880186,3.1282983323338875,0.0017582162064746,0.0056062303338747
16437,Gm20554,115.21489839261756,0.6715727127213147,0.0971247672498973,6.914536134675008,4.69396754588566e-12,5.171356648620463e-11
16448,Gm15907,14.704615412944072,1.0758771737284418,0.2375623255790403,4.52882068360828,5.9313808149315e-06,3.072110511649747e-05
16469,4930405A10Rik,22.03591988144702,2.035682027802741,0.2385966259402453,8.531897799395379,1.4396621466573918e-17,2.51499857665808e-16
16472,Gm47920,361.01302717135576,0.7184559118918137,0.0798490304761135,8.997678589306558,2.305405985805534e-19,4.514999406194004e-18
16486,Gm10101,26.381401468750315,-0.8254203543392857,0.1806306785973322,-4.569657606055611,4.885216722412001e-06,2.5754936045483265e-05
16511,Gm49106,17.89466812304151,0.6570490859127998,0.2136693253731653,3.0750744626786672,0.0021045000447431,0.006608923698472
16532,Gm17597,32.23084817241033,0.8522385605480205,0.1692208838036726,5.036249317411522,4.747421358080497e-07,2.953619434430037e-06
16535,Nfam1,31.25567917167913,0.9936655432688848,0.171642339494879,5.789163362566092,7.073787450532661e-09,5.5712699569433977e-08
16548,Gm49492,51.70921932290431,0.9251335940626692,0.1365570382641768,6.774704591007231,1.2466071103150169e-11,1.315663200553923e-10
16553,Gm36026,97.0079368242423,1.219651829841294,0.1454339974007044,8.386291043633147,5.0172029857140466e-17,8.45735529345365e-16
16556,Hoxc5,13.756322689882095,0.9883956142697528,0.2579197390976218,3.832182902044764,0.0001270112533021,0.0005189969187034
16562,Gm15835,70.57668000380731,-0.5944239856732448,0.1060570473507896,-5.604757067271108,2.0854725749494435e-08,1.5585919648322744e-07
16576,A230028O05Rik,26.07423974055322,0.5571428000011917,0.1762022748441504,3.161950096807661,0.0015671641850114,0.0050545251312208
16587,Nr1i2,216.56384346081188,-0.6153085467582836,0.0612653487683304,-10.043337043342712,9.829150915793156e-24,2.624695331053782e-22
16596,Pou1f1,42.79668447112676,-0.6020113267815248,0.13342903528309,-4.511846507053476,6.426568943335047e-06,3.3113068708644866e-05
16607,Gm29050,45.56913066706085,0.5065044313073566,0.1305164887981359,3.880769671108333,0.0001041264180477,0.0004323096571613
16611,Gm5091,47.58117113874128,0.6054112115096251,0.1470539344643823,4.116933108350533,3.8394744939429335e-05,0.0001734465075499
16622,Pnpla1,116.24958675927684,0.5117730419255734,0.0908258523654217,5.634662693464685,1.754013042271991e-08,1.3250005123548138e-07
16627,Gm10503,10.886586217272257,-1.585082419888444,0.3094348316056389,-5.122508063050128,3.014981991314293e-07,1.9256280197372947e-06
16629,Gm50046,52.67285942163597,0.5012573328510332,0.1343209587108789,3.731787932886721,0.000190125529885,0.0007485330655876
16635,Gm20522,20.624222099962346,0.9112950402161504,0.2161677431870963,4.215684665900459,2.4902152100454647e-05,0.0001162077405786
16636,Gm16181,29.32480529914113,1.0304907425110732,0.1658512329391926,6.213343876007786,5.186876593469202e-10,4.66624732256323e-09
16644,Prr22,21.914754379983723,0.8706541295442142,0.1914101286951604,4.548631441185735,5.399591354313244e-06,2.823665693304684e-05
16645,Acer1,54.017563338237615,1.317917518774791,0.1303273255432338,10.112365256337547,4.8694240297364156e-24,1.3233977455937918e-22
16649,Gm9984,104.73422889117944,0.5089892335250898,0.0899051497233668,5.661402434579348,1.5014086129524942e-08,1.1429048459592673e-07
16650,Gm49944,38.75633530930604,0.7961747989946494,0.1447747372989747,5.499404204412172,3.8107666927533634e-08,2.7632986238012855e-07
16685,Gm50410,16.85783702343634,0.8824017768452735,0.2289710465163958,3.853770117533562,0.0001163128095794,0.0004786522494017
16693,Gm10532,381.3492125458866,0.7015273209659494,0.0496964942092444,14.11623359209618,3.0169007234046026e-45,2.2163022213902024e-43
16729,Gm50217,222.80732443285285,0.8674583098571698,0.0640374827662236,13.546102569707935,8.354989522219495e-42,5.555572677165952e-40
16735,Tlx1,150.59136796044675,0.6374399800225995,0.0776706080721738,8.206965232334367,2.2684922099648044e-16,3.687231347655836e-15
16741,Gm50287,18.53065320730901,0.6427870753634776,0.2110019826772386,3.0463556181210087,0.0023163369576261,0.0072069052410106
16742,Gm17203,39.89896971717151,0.7545820155156834,0.1482715915923017,5.089188073130936,3.59599836356906e-07,2.2751214919263747e-06
16780,Gata5,44.81521667452435,0.6089073913029492,0.1299929217998948,4.68415805162279,2.81113037019231e-06,1.540444502206685e-05
16785,Gimap6,16.369135339531603,0.8349646402971143,0.2225054902977613,3.752557472535836,0.000175039685514,0.000694339219383
16802,Cd226,12.656845504265725,0.9833697956299838,0.272118907571218,3.613750343212075,0.0003017996765615,0.0011442812618423
16803,Gm16538,19.287805461337527,-0.778594943499761,0.2215556515064927,-3.5142183835330605,0.0004410500551732,0.0016158068550043
16815,Oit3,17.862723237164253,0.8484105770760489,0.2579673758059633,3.2888289630631524,0.0010060513999156,0.0033897061287362
16819,Adh7,46.56156241154373,0.9526535725184826,0.1500743000864891,6.347879496818975,2.1830296662849638e-10,2.048249195533293e-09
