,gene_name,baseMean,log2FoldChange,lfcSE,stat,pvalue,padj,significant
2,Gm19938,473.3260457273413,-0.8212138210938458,0.0544941041355635,-15.06977376948768,2.5598808829856332e-51,4.887248567866021e-50,True
3,Mrpl15,13.133859526842414,-0.9083812845115992,0.2033317751327091,-4.467483175803306,7.914523358868446e-06,2.292681538841997e-05,True
6,Atp6v1h,166.6088288260659,1.0033025367783983,0.0589698001471486,17.013836476888773,6.4848695023287145e-65,1.6154899979590394e-63,True
7,Rb1cc1,705.1571650215614,-1.3428823824010503,0.0348508928676347,-38.5322231915658,0.0,1e-300,True
9,St18,46.8927700284053,-3.80178670649066,0.1822270375232326,-20.86291232170176,1.1636537366901744e-96,4.710642719268002e-95,True
13,Sntg1,41.22274326966433,0.6794650719404075,0.1114718357151153,6.0953968110554175,1.0916631340946183e-09,4.465732137788699e-09,True
14,Rrs1,396.0470996639054,-0.5312477302136364,0.0353541085749668,-15.026477872780994,4.925053435889999e-51,9.32135654619527e-50,True
17,Mybl1,61.148276841827794,-1.223706078225418,0.0938362642906853,-13.040865250503035,7.16393939441631e-39,9.89596936252389e-38,True
26,Arfgef1,122.52075573374576,0.6891523867584423,0.0667954819117073,10.317350321229634,5.882412269829565e-25,5.2405311143545294e-24,True
27,Cpa6,88.00367778645413,-2.7397422653462224,0.1065199287174198,-25.720466567475043,6.900811491474908e-146,5.113618278089542e-144,True
35,Gm29570,10.85786254113489,2.8276232183508943,0.3057785056550146,9.24729229182994,2.3025145418576212e-20,1.6939997605387494e-19,True
37,Lactb2,21.237630086075125,-2.274386073506361,0.1841814964265917,-12.348613284358082,4.955828777363554e-35,6.086203206357713e-34,True
38,Eya1,69.58245751820955,1.3494781288623074,0.0991410252317514,13.611702377575543,3.412023545600068e-42,5.126242935176459e-41,True
41,Trpa1,140.96632119498938,1.1399132828450511,0.0632137789644767,18.032671065047868,1.0794863721840406e-72,3.104943696834622e-71,True
47,Rdh10,398.5221501900824,1.6754775536077224,0.0450224549512009,37.21426464691322,4.01217022880902e-303,1.1316908542163248e-300,True
48,Stau2,38.99228446028549,-2.0058652163091124,0.1391089805511929,-14.419379743574083,3.908390813626706e-47,6.661787382914604e-46,True
49,Ube2w,13.575336397239118,1.2253553876915677,0.1927102466781556,6.358537798657002,2.0368326804062802e-10,8.803788906313651e-10,True
52,Tmem70,73.91772805302446,0.9190147820127548,0.0817821970532249,11.237345230706485,2.67300080018858e-29,2.76927950199632e-28,True
63,Paqr8,61.82211658075102,2.3334936111676208,0.1158323152088736,20.14544565529722,2.9504255572839283e-90,1.0954786018212596e-88,True
64,Efhc1,32.404175215167264,-5.763352753765546,0.3962739682679778,-14.543859085561012,6.388712281560675e-48,1.1094915628593155e-46,True
66,Tmem14a,27.93061922346377,-1.8095692861332613,0.2387768780595422,-7.578494621585683,3.4958739228721274e-14,1.8992184890707602e-13,True
69,Kcnq5,84.74056833254689,-1.9295905557215547,0.097543212858832,-19.78190485189497,4.262794897024629e-87,1.5090639101045895e-85,True
70,Rims1,287.6489457767225,-0.8036693876571539,0.042126232380863,-19.077646925345302,3.8730750805751324e-81,1.2519840482273182e-79,True
72,Ogfrl1,36.261493595372734,-1.5221672808467046,0.1307904377843405,-11.638215351466258,2.6347091147232907e-31,2.8996723095205105e-30,True
75,Sdhaf4,21.25200194671843,1.6227810415715738,0.1788443340254739,9.07370675405591,1.1503542500506726e-19,8.174479936971217e-19,True
77,Lmbrd1,13.80082577354352,-0.958567609193988,0.1966322230480502,-4.874926369315097,1.088490467878949e-06,3.450732290738733e-06,True
78,Adgrb3,37.52759612561288,0.5069434052570182,0.1286969108833918,3.939048744661348,8.180531031290671e-05,0.0002099356259448,True
79,Phf3,135.18863495629182,0.5137878765880928,0.0653819565551712,7.858251781660022,3.895317109187682e-15,2.2124490290832796e-14,True
85,Rab23,52.11558916430197,-0.7227031510110178,0.0990123087953517,-7.299124319025532,2.8964660439999e-13,1.4981779999251774e-12,True
86,Bag2,433.86345417589087,-0.5947624820697517,0.035065237671566,-16.961598482249475,1.5798738343424203e-64,3.880454159407338e-63,True
99,Uggt1,35.64601647467136,-4.54575436809458,0.255656158140534,-17.780734879054947,9.96650418432781e-71,2.7534632729150827e-69,True
100,Arid5a,13.636123070518131,-1.0141641118436375,0.1956546271029499,-5.183440467830093,2.1782977915365914e-07,7.412740178710237e-07,True
102,Lman2l,92.74064031904358,0.5491705430555978,0.0720735612423402,7.619583847245543,2.5449485542585958e-14,1.3908143849023225e-13,True
105,Ankrd23,12.537551379420576,-0.6218348300558134,0.2011354830706764,-3.0916217296045594,0.0019906634335505,0.0041661946057841,True
109,Fam178b,47.61684166345415,0.6922849577023101,0.1030548666117906,6.717634794581404,1.846978874383306e-11,8.613324414724067e-11,True
111,Actr1b,24.56023663832148,-2.1342852243995374,0.1650465956765441,-12.931410161178228,2.992787810664835e-38,4.063499474604552e-37,True
112,Zap70,62.08281446581504,0.5599215285014547,0.0913234511796197,6.131191071613925,8.722357219856602e-10,3.5882517774841744e-09,True
115,Vwa3b,19.11571636390281,-0.8787523542865898,0.1572606193622191,-5.5878729070916044,2.2986776906495237e-08,8.525827243707076e-08,True
118,Inpp4a,28.05117487077119,2.16209720089419,0.1743771377715312,12.398971726023898,2.646984954641893e-35,3.2806855341443955e-34,True
119,Coa5,13.75880319571572,-2.0188827927051123,0.2163703923181434,-9.330679540186892,1.0519427858415391e-20,7.831577453723641e-20,True
121,Mgat4a,169.110236067006,1.3273396712310324,0.0884774232945687,15.002015449883832,7.122331376692374e-51,1.3436389548608008e-49,True
122,2010300C02Rik,11.513602165476806,-0.8062505718406011,0.2217728510038451,-3.63547913187364,0.0002774644551767,0.0006614365310975,True
125,Mrpl30,181.58415895311063,0.6086886890419965,0.058435941607905,10.41634090755636,2.088336728191763e-25,1.889334335365626e-24,True
127,Eif5b,230.89734207270487,-0.9650558378435472,0.0513055741066074,-18.809960801496256,6.258403472870893e-79,1.947454803088366e-77,True
128,Rev1,10.27565676601572,-1.1052373195255192,0.2371446035282055,-4.660604977224643,3.1528130596419863e-06,9.527629996028868e-06,True
130,Gm16150,116.98745626858135,0.7528567468803491,0.0713867716644349,10.546166037865865,5.29123797269009e-26,4.885595019345527e-25,True
132,Lonrf2,60.95769668917868,0.5956690526216056,0.0870473062434851,6.843049811965743,7.752467929212559e-12,3.710321815710708e-11,True
134,Npas2,24.08880634466551,1.3119150467636154,0.1508237329034132,8.698332958008402,3.3679511686228982e-18,2.2394954386645338e-17,True
138,Gm15832,18.26897105881445,-2.8864546543880967,0.2236442596394514,-12.906455363716915,4.139205430875465e-38,5.598331366987636e-37,True
140,Map4k4,143.9424245719836,1.168976792204364,0.0645092695117852,18.12106695752929,2.173391697857546e-73,6.324172048607782e-72,True
152,Bivm,218.2398528556723,0.7567337743645712,0.0540231223012548,14.0075904932839,1.4007733990444421e-44,2.2474059818797435e-43,True
160,Slc39a10,66.87600287359099,0.891136804269063,0.0843242427397172,10.567978736787774,4.1943708151230376e-26,3.901657277386792e-25,True
165,Stat4,14.837438341110053,-3.1015201002916584,0.2638588576609667,-11.75446648934111,6.6982481276051e-32,7.470597146400384e-31,True
166,Stat1,102.31209447760504,-1.156032977415977,0.083510228382212,-13.843010608533016,1.4020897569324329e-43,2.1951428531096137e-42,True
170,Mfsd6,43.83846124929713,-0.8378985032020209,0.1098397926499696,-7.6283693094012115,2.3774168603225135e-14,1.3004775118335977e-13,True
178,Asnsd1,161.8322287981891,-0.6029182027376329,0.0564551430204718,-10.67959747297073,1.2682035778809283e-26,1.2073132373424974e-25,True
179,Dnah7a,14.385524692120194,1.3281107311748404,0.1862053089586136,7.132507330765898,9.855682615219228e-13,4.954187340470073e-12,True
186,Sf3b1,10.887830022534663,-1.8071805264756329,0.2355772758628153,-7.671285440655217,1.7028113118626596e-14,9.367336968183136e-14,True
187,Coq10b,98.7945530932535,1.0113211970473253,0.0754800184564325,13.398528746135176,6.167363294975328e-41,8.972949193222007e-40,True
188,Hspd1,46.23113640267877,0.8286425146887594,0.1003050673547552,8.261222852859937,1.441876006402929e-16,8.847553543850675e-16,True
189,Hspe1,25.22638113837644,2.487462586265215,0.1738039909100857,14.3118841704392,1.8444746997713573e-46,3.08967179593884e-45,True
195,Plcl1,42.47120240884275,0.6913216369214055,0.1042000094674103,6.634564050952638,3.254630015991244e-11,1.4911440848743743e-10,True
197,9130024F11Rik,369.8593902606008,0.6666862204512544,0.043469476595061,15.336881708094966,4.335256334075891e-53,8.634961591152527e-52,True
204,Sgo2a,20.67717523974808,-1.6593733034307112,0.2016336013828985,-8.229646705955481,1.877664054206102e-16,1.144530811431032e-15,True
212,Gm15834,79.05079225491723,0.7948851284492209,0.0833199684351758,9.540151579241812,1.4262369867470017e-21,1.1021667001428e-20,True
214,Ndufb3,21.41400527503605,0.6768367330322701,0.1448607124729464,4.672327793214971,2.978051779330252e-06,9.026025912812382e-06,True
216,Casp8,769.9575850620535,1.5077794317450888,0.030428461994085,49.55161493335363,0.0,1e-300,True
217,Trak2,18.99680118789063,0.620812675175044,0.15763302395487,3.938341469315345,8.204677535343057e-05,0.0002104788040752,True
221,Als2,153.2614450618092,-1.1986714232151945,0.0603169454218073,-19.872880080923665,6.987642484358627e-88,2.493875342172728e-86,True
227,Fam117b,34.58398713107064,1.1647091689788251,0.1323644919184632,8.79925690113545,1.3772507241758744e-18,9.342653477264429e-18,True
228,Ica1l,191.74352114565056,-5.205216113146137,0.1376925393455802,-37.803181914468894,0.0,1e-300,True
229,Wdr12,145.638927419809,1.2108626896708314,0.0668913822022634,18.101923593228715,3.0773059378759694e-73,8.924697552499989e-72,True
230,Nbeal1,12.318955356305452,1.175270498770864,0.1995679522934589,5.889074299077151,3.883648278744455e-09,1.5331205665616935e-08,True
235,Gm11588,37.04342012435468,0.5061175202227629,0.1105415674374286,4.578526720360171,4.682623552261382e-06,1.387961367490628e-05,True
238,Nrp2,110.9609210795928,0.8783759221998827,0.0686487324130913,12.795224198959511,1.7434858127828749e-37,2.320401818413007e-36,True
239,Ino80d,34.38804453089556,0.508278002635449,0.1240601683190234,4.097028155954142,4.18488018729954e-05,0.0001113590759517,True
244,Gpr1,23.20369853327349,2.148078234557479,0.172746093113843,12.434887503602493,1.6897852159067329e-35,2.103271448809747e-34,True
246,Gm11608,33.08508043253082,0.7946099126175128,0.1211310720138589,6.559918106946164,5.383733637770778e-11,2.4278167575383025e-10,True
250,Klf7,67.14840478082625,-0.7149685886834882,0.0838780553640777,-8.523905157077426,1.5426195901228502e-17,9.921784256001615e-17,True
252,Creb1,28.414102441137832,-1.0453402341832578,0.168827421832438,-6.191768036479064,5.9493062335012e-10,2.4795392614744762e-09,True
253,Mettl21a,50.42843331252083,-1.267951155414541,0.1131487167144424,-11.206058647704474,3.807740130306397e-29,3.9332403661428396e-28,True
255,Ccnyl1,11.631858896668705,1.244680726629415,0.2372296667848075,5.246733022470045,1.548199961605805e-07,5.341274596283748e-07,True
257,Plekhm3,19.08616839542415,1.2215260951473956,0.1692883284219384,7.215654537640855,5.36751647983565e-13,2.7390466355227845e-12,True
260,Pikfyve,122.0345874519745,0.6508813131910627,0.0625511316577183,10.405588131525812,2.33807816031434e-25,2.1109091826317597e-24,True
262,Map2,88.9872287311686,0.5687340711454736,0.0730484020227507,7.785715435203396,6.931981417301035e-15,3.8917011565252174e-14,True
265,Kansl1l,24.519126966958584,1.234489573457745,0.1448036904792059,8.525263198557912,1.5246274211313652e-17,9.809670471208724e-17,True
266,Acadl,10.49141183640324,1.1559076427800137,0.2196322355349765,5.262923450032154,1.417826224141616e-07,4.908918037574456e-07,True
285,Catip,620.1735935482432,-2.2482235724555912,0.0362494293814499,-62.02093690352216,0.0,1e-300,True
290,Cnot9,32.15964661253232,-5.018974184174132,0.3108165964445281,-16.147703313101157,1.178692819645642e-58,2.592827676724904e-57,True
291,Plcd4,54.26117696535581,-0.6899987200840767,0.101039264507728,-6.829015664809215,8.549923936963739e-12,4.077476678746166e-11,True
304,Abcb6,96.65859236276516,-1.012649297018673,0.1428106985486859,-7.090850386628758,1.3329038482317333e-12,6.642867625499159e-12,True
307,Glb1l,63.81057481713494,-1.3341139819148091,0.0922161176619859,-14.467253835223737,1.9510769097577139e-47,3.351712475230148e-46,True
312,Gm28294,377.4443631483518,0.6543493015948669,0.0357828970329163,18.286649652568308,1.057162171592956e-74,3.1495148308036833e-73,True
318,Chpf,95.45163527517984,0.5014844608701652,0.0755010521133172,6.642085730375021,3.092749751332014e-11,1.4199529443763258e-10,True
323,Pax3,173.99047878212824,0.6189330103554621,0.052937557445583,11.691756103248467,1.404520426677029e-31,1.5545729887169548e-30,True
325,Farsb,16.723686169054087,-1.0255476197883016,0.1792305430483084,-5.7219467304291065,1.0531033024626316e-08,4.015846173891519e-08,True
326,5730419F03Rik,42.66347361102467,0.8798529839572479,0.1063659091397759,8.271945316624226,1.3179075154069057e-16,8.106776865788242e-16,True
329,Ap1s3,46.74924857332461,0.5316613658641507,0.0999069898145823,5.321563254491626,1.028793258971852e-07,3.604073820693058e-07,True
332,Serpine2,1008.3117405881486,0.7594321576941048,0.034941477737547,21.734402975122084,9.703676565289098e-105,4.3400996361579473e-103,True
334,Dock10,105.53747269851569,0.5040910867203423,0.0707211307024044,7.127870860005975,1.0193334248781902e-12,5.11216029087175e-12,True
336,Rhbdd1,13.658144196700484,1.1818634541512054,0.2013629251451016,5.869320051342905,4.375860022549355e-09,1.7212109778304797e-08,True
344,Ccl20,13.103720955475206,1.1720588364369562,0.2002968937598637,5.851607653197755,4.8684400303526214e-09,1.9098088661015395e-08,True
346,4933436I20Rik,63.29871459492574,1.0273345312608226,0.0972357628649877,10.565397966664598,4.3113607920640735e-26,4.004093336782609e-25,True
348,Dner,17.24965866128325,0.5238435710125882,0.1584480814199464,3.306089706597378,0.0009460779347341,0.002084016994915,True
350,Fbxo36,71.84889654259146,-0.5896945339020558,0.0954762675506894,-6.176346740712086,6.56018290158147e-10,2.7237530527743766e-09,True
358,Psmd1,32.57204010041232,0.6094540986649396,0.1211832955410485,5.029192315194126,4.925501862302585e-07,1.61366010805447e-06,True
360,Armc9,71.74305767211418,0.659253320119831,0.0876692776889982,7.519775883844903,5.4870217975789205e-14,2.953432970023397e-13,True
361,Gm16341,73.36095091962731,1.642783965378231,0.0916410156418344,17.92629592625656,7.351731310245607e-72,2.0905215797329295e-70,True
370,Gm28375,199.76527759641752,0.6979829553994017,0.0550163774639818,12.686821407977243,6.996817243056751e-37,9.063728884931587e-36,True
373,Gigyf2,26.68550934606584,1.3203125478174518,0.1439345294217615,9.173007707890784,4.6000155358312293e-20,3.3449094258052613e-19,True
374,Kcnj13,62.38816614569416,0.8875264988192373,0.0901188684009146,9.84839817196628,6.964505426203056e-23,5.664896320625072e-22,True
391,D130058E05Rik,173.83969244517093,0.5235586391268928,0.0543447305573024,9.63402769243358,5.743312915849799e-22,4.5019747320655006e-21,True
394,Rab17,45.4616858913374,0.6985446425786689,0.1099841688254622,6.351319922117283,2.1347521558458628e-10,9.220189108775611e-10,True
395,Lrrfip1,59.95806874990293,0.5796388980629497,0.0897872287434489,6.4556942693839545,1.0772389074828839e-10,4.734544864051439e-10,True
398,Scly,11.810399183918102,0.9298951622679832,0.2005399822444313,4.636956440609263,3.535768878771736e-06,1.0626143006007926e-05,True
399,Gm17090,19.332415781422224,0.5024312550680912,0.1638281105880833,3.0668195663402678,0.0021634940952767,0.004503652510201,True
402,Hes6,18.136392305378195,2.283945983988475,0.2118764286000739,10.77961337690623,4.29687954871261e-27,4.1746571971047847e-26,True
407,Ndufa10,13.073464282531534,1.5226667862223626,0.2217253373547733,6.867355821342184,6.540279718922308e-12,3.1448009822522215e-11,True
409,Gm29481,230.31038534021536,-0.9203878800446412,0.0652225153127464,-14.111505446107344,3.226165264898418e-45,5.238549503485935e-44,True
413,Rnpepl1,36.92169547058665,-1.0437328671785382,0.1229174473558736,-8.491332106472212,2.0428188504742916e-17,1.3076433403036022e-16,True
416,Gpr35,309.97221881386173,-0.5377515863881482,0.0415702100807907,-12.935984334528012,2.8198813283914023e-38,3.834687766011574e-37,True
417,Kif1a,34.73161476079074,0.7184168902235968,0.1154061497181873,6.225117915968204,4.811939657421338e-10,2.019467260114815e-09,True
424,Hdlbp,18.40306090986813,-0.7629852709554151,0.1675119987352947,-4.554809665671157,5.243303192035298e-06,1.546288131910848e-05,True
425,Sept2,52.92305657505565,1.7911892389938198,0.1182998025727481,15.141100830598027,8.67493581271455e-52,1.6707849944135688e-50,True
428,Bok,15.194857229885963,-1.4805141768433905,0.2025256700692533,-7.310254430152637,2.666370227475138e-13,1.381614297424747e-12,True
429,Thap4,67.1001401511174,0.903305747391554,0.0889776135718499,10.15205635586225,3.2445367895427702e-24,2.813111520848982e-23,True
438,Panct2,225.5804723635406,0.5587315561485093,0.0519173142533309,10.76195030856515,5.2056621575006205e-27,5.024096016024882e-26,True
441,Gin1,27.768810660143703,0.9609311842275946,0.1328588312796653,7.232723447678479,4.734028162315661e-13,2.4242660176449865e-12,True
443,B230216N24Rik,18.743704990906718,-0.9805756546868344,0.1691009977710947,-5.798757355732461,6.68081156031363e-09,2.5911295756656637e-08,True
444,Cntnap5b,11.902208243209762,0.8225705413333249,0.2009352742219909,4.09370900414707,4.245270500792203e-05,0.0001128801741186,True
445,Cdh20,265.3949866467971,0.8469780755290598,0.0465511150935418,18.19458188761116,5.697220175787777e-74,1.6858373339116185e-72,True
449,Gm28404,95.23857928661762,3.0460266168126404,0.1048361402805409,29.05511981518482,1.3258865615877232e-185,1.4675382398130442e-183,True
455,Bcl2,271.51910013802086,1.7091369299572452,0.052900720299884,32.308386734026975,5.3333827145746076e-229,8.636129343748215e-227,True
456,Kdsr,90.87356955982568,0.5469212824370607,0.072212060339737,7.573821877730018,3.624012305573455e-14,1.966999602727144e-13,True
457,Vps4b,28.01316277483428,0.8408357199797193,0.1426676010040479,5.893669719419071,3.777117675480842e-09,1.4928645596610128e-08,True
459,Dsel,453.2249343657948,0.7155184554524303,0.0487086189292945,14.689770951853038,7.496676946581428e-49,1.339140821673299e-47,True
462,Tsn,39.663176684322906,-1.1575007003544109,0.1187370970993758,-9.748433544620443,1.8733653380199689e-22,1.5007518566785714e-21,True
464,Clasp1,39.34277439066979,0.5530710929011227,0.1109656220465232,4.98416611109739,6.222960231440697e-07,2.0183072798114784e-06,True
465,2900060B14Rik,25.89146200019256,-0.6415256567215553,0.1372439052693495,-4.674347144687568,2.9489017008948163e-06,8.940775475944615e-06,True
467,Gli2,259.65655093659115,-0.5946531554707835,0.0440128384285161,-13.510902198152811,1.34858565715193e-41,1.9986496586671993e-40,True
469,Inhbb,23.282820701347024,0.7215184719511009,0.1424823618237806,5.063914316941632,4.107343112165419e-07,1.356035800369055e-06,True
473,Ptpn4,16.46906466100333,-1.691343654417832,0.1883906577330007,-8.977853120587925,2.76101339118314e-19,1.9275290293417465e-18,True
481,Ccdc93,509.5708385196211,0.9277337547999176,0.0474906027836694,19.53510169213806,5.523579436216273e-85,1.890339670852254e-83,True
483,Dpp10,204.6539029706105,0.8651977389840277,0.049322576953344,17.541616688082797,6.893797213685344e-69,1.8405912316477755e-67,True
485,Slc35f5,74.98981241036994,0.5840243657461014,0.079861202568921,7.312992378772189,2.612578386623738e-13,1.3541425852186108e-12,True
489,Mgat5,122.79675950708408,0.8263983735653404,0.0633950630345369,13.0356897526094,7.667050645939223e-39,1.0582587347765204e-37,True
494,Rab3gap1,77.69045771454924,-1.285798314041619,0.0838598456704207,-15.33270546543766,4.623225529846648e-53,9.198062351076015e-52,True
495,Zranb3,174.37345127543583,1.1221844263475045,0.0609178869371118,18.42126315881547,8.870901779901683e-76,2.665538321768396e-74,True
499,Lct,19.424674480241027,1.1443910142692717,0.1695712851387504,6.748731150636044,1.4914364966060336e-11,7.003824235404489e-11,True
506,Cd55,38.14964329818645,1.69004146042112,0.1292562863141428,13.07512004726536,4.568421594798882e-39,6.338227926085463e-38,True
509,Pfkfb2,36.19829963605154,0.6902566620317574,0.1239667543752692,5.568078841059503,2.5756328792530028e-08,9.522762746802645e-08,True
512,Il24,18.39556870329606,0.5200391036718085,0.1535290625480369,3.3872355828988137,0.0007060073546089,0.001590858989486,True
515,Dyrk3,50.059153927858176,-0.7051615358210956,0.1012799498882214,-6.9624988618117785,3.342892990495398e-12,1.6334314785633843e-11,True
517,Rassf5,62.39072853646383,0.9207570225448166,0.0911060152843326,10.106435010588784,5.1732573583731895e-24,4.441331599569482e-23,True
518,Ikbke,105.24049068728608,0.5972285802834395,0.0682529083363753,8.750229035517117,2.129201618148803e-18,1.4299338670578444e-17,True
523,Slc41a1,25.347840554971768,-4.263844810209443,0.2807496314020029,-15.187356752408633,4.28867652393628e-52,8.324125976758899e-51,True
532,Nuak2,54.25398542859261,0.6355187677562741,0.0927008164216614,6.855589759485356,7.101891257435013e-12,3.406414544981445e-11,True
535,6030442K20Rik,283.6906429471263,-0.6197696706529574,0.0478399748629799,-12.955058451181465,2.199684813272136e-38,3.005319376133056e-37,True
539,Mdm4,30.626488391191906,1.4235162181430994,0.1418602740957853,10.034636033354396,1.0735459063730969e-23,9.060893248384516e-23,True
545,Sox13,163.7549845274767,0.7957686807555402,0.0575869615954961,13.818556470216292,1.969803468688986e-43,3.070224871696345e-42,True
547,Zc3h11a,133.01084436685625,2.639183781938043,0.0898268143449502,29.380801280596778,9.661392857755206e-190,1.0971327162105392e-187,True
548,Gm38394,17.35785440664514,0.5973554289720066,0.1645841975983261,3.629482281341948,0.0002839902227204,0.0006757035394469,True
554,Adipor1,25.728273757605223,0.9124130392854862,0.1378294962296274,6.6198677659343925,3.595203282329123e-11,1.6407336900149188e-10,True
558,Mgat4e,101.19602840611851,0.6623777242807949,0.0760698589168959,8.707492477466307,3.1067083256413096e-18,2.0689305102366802e-17,True
559,Kdm5b,31.154826564380382,0.685230253876043,0.1205979726162331,5.681938419119056,1.3317661650353525e-08,5.044385248892841e-08,True
562,Lgr6,83.4351028449726,-0.7002190856205168,0.0786980916405811,-8.89753577276637,5.710028613743929e-19,3.936026030632788e-18,True
566,Elf3,464.4266156685848,1.9008878023758733,0.056874594192901,33.422441590152715,6.472967873371492e-245,1.2171963674142003e-242,True
567,Rnpep,19.12426280726638,0.7960525583923257,0.1543899405750769,5.156116748456292,2.521237335272485e-07,8.516785497246518e-07,True
576,Lad1,603.6704469089284,-0.8959657193901038,0.0424039706962982,-21.12928824064864,4.279492498271654e-99,1.7734541424117223e-97,True
582,Gm26568,83.55583503322698,0.5031264584388314,0.077891281339905,6.459342429395511,1.0515891667263714e-10,4.6264632321284973e-10,True
588,Platr23,12.052755370464816,-0.8634694313974489,0.1970118907949481,-4.382829015615895,1.1714805438035928e-05,3.331133976184531e-05,True
593,Gm4258,13.096650547558207,-3.952327728925641,0.365235957548164,-10.821299620819628,2.7288013196934885e-27,2.6645046051814475e-26,True
597,Gm28501,38.19691366985873,-0.6900652941188374,0.1122092403530119,-6.149808090206135,7.757675538976004e-10,3.200430050144194e-09,True
603,Aspm,13.423310820057106,0.7496888188020943,0.1863402389684842,4.02322559503044,5.7406460469321424e-05,0.0001503105525808,True
613,Rgs2,40.25588503616614,0.7597918824893063,0.1083604008807979,7.011711624480943,2.354200581103917e-12,1.1571180371654103e-11,True
615,A230059L01Rik,19.798067655973902,-1.4280745068621976,0.217872743685775,-6.554626717887324,5.578123105689863e-11,2.5122383948571806e-10,True
617,Ptgs2os,88.21305770224733,-1.5970894837278582,0.1125443532925238,-14.190756239690892,1.045254204495928e-45,1.722846892386879e-44,True
619,Odr4,199.14001735442895,0.6645541430159649,0.0565731610213121,11.746809459093422,7.333577957489974e-32,8.16356532912697e-31,True
621,Prg4,22.07899844538313,-5.09712013608712,0.3929568843323129,-12.971194396422954,1.782312039844562e-38,2.436987721094738e-37,True
625,Ivns1abp,15.337545413807169,0.8465646528959243,0.181288143188563,4.669718813410691,3.016122862614043e-06,9.1382461229027e-06,True
636,Ncf2,12.799492206041222,-1.4997069825774556,0.2061628997746578,-7.27437858226034,3.480187297124553e-13,1.7953249395903889e-12,True
638,Gm28791,10.95842937210748,-1.9457791181606896,0.2409938317926279,-8.073978921730278,6.804362772378263e-16,4.016020795253157e-15,True
643,E330020D12Rik,38.18130523137521,-3.778954689949108,0.2006865994358967,-18.830129667706988,4.277122370087298e-79,1.3356842144301191e-77,True
655,Gm37571,17.941820466946712,0.9443177632559536,0.1641971739845996,5.751120682165474,8.865380050915035e-09,3.402189298450782e-08,True
656,Cep350,45.646098082473024,0.8605448964284733,0.1042111042407629,8.257708261495083,1.4849596036339443e-16,9.105530697177566e-16,True
658,Tor1aip2,40.64636499677781,0.5292005489650528,0.1296468430978037,4.0818622059762095,4.467628354237695e-05,0.0001184683618785,True
660,Axdnd1,197.34251328107803,0.9785060024556006,0.0610605336680079,16.0251793372104,8.524459906534724e-58,1.8427163763347248e-56,True
663,Abl2,51.43782071549429,1.3825280448527897,0.1013236976081888,13.644666326715802,2.172054119333417e-42,3.2802143729622436e-41,True
669,Astn1,82.82130040660113,1.4226436040971826,0.0807151381484349,17.62548682603931,1.5701131597878103e-69,4.237367120118708e-68,True
670,Gm37679,214.80199480284105,0.6480522103196897,0.0510674596489803,12.690120377519678,6.7082601385497855e-37,8.709283838378517e-36,True
673,Mrps14,132.9585176808397,0.6114764364417109,0.0636437054458529,9.60780696469576,7.411057279761027e-22,5.778179657086974e-21,True
674,Cacybp,302.73277623752443,-2.1504813532623595,0.0625516478906426,-34.379291765773914,5.1428010767284273e-259,1.0337621290784683e-256,True
682,Dars2,17.658057496843483,0.5124485048909979,0.1580472277989099,3.242375788729478,0.0011853760709225,0.0025754574143736,True
687,Prdx6,85.78047367474335,1.43476219794159,0.078860242461854,18.193733028853007,5.7861609029437615e-74,1.7092632072750084e-72,True
692,Eef1aknmt,39.06550735554377,-0.9002117608534036,0.1156076176483878,-7.786785846511711,6.873530852980779e-15,3.861365485285186e-14,True
699,F5,45.69796452943587,0.5137300435162822,0.1014198336169138,5.065380460559217,4.075854829925119e-07,1.3461482392017087e-06,True
703,Nme7,34.87183395118848,0.5751626721093553,0.1170745018517187,4.912791965904158,8.978853242956304e-07,2.8721819190199357e-06,True
705,Sft2d2,1122.7998418452662,0.939647509048822,0.0347402481853348,27.047806453077712,4.053268086281175e-161,3.491800605560847e-159,True
708,Gpr161,2293.9787409869305,-0.5049879423893633,0.0175079358814718,-28.84337398812253,6.135493051044796e-183,6.425000148303676e-181,True
720,Mael,19.41658789856528,-2.30611213093783,0.1997534560657627,-11.544792147068598,7.843084133099102e-31,8.556447618193208e-30,True
724,Fam78b,42.05652325239172,-1.5052031372112018,0.1135983078508614,-13.25022498739437,4.498526311288031e-40,6.406370369039501e-39,True
725,Uck2,48.41480854361348,0.9651255586110192,0.1130070089471548,8.540404419183751,1.3375288612319558e-17,8.634442497314303e-17,True
727,Tmco1,52.21029232706102,0.8085024496647721,0.1064714183509405,7.59361021189618,3.1111333487408343e-14,1.6938823164003645e-13,True
728,Aldh9a1,159.13602927676462,0.8582605753819688,0.0564278520324133,15.209874990261294,3.0412332151556986e-52,5.922615419447979e-51,True
735,Uap1,94.73570863791888,-0.5912700702730646,0.0702546188986819,-8.416102450513149,3.892169535242321e-17,2.4617092525250525e-16,True
737,Nos1ap,59.74254329396303,1.9156731588069127,0.1055272454470521,18.15335130459834,1.208006694981822e-73,3.538629996958476e-72,True
747,Tomm40l,362.1850739470409,-0.9990960342169012,0.0516226124082623,-19.3538449064812,1.891881431778023e-83,6.338165225849436e-82,True
754,Usp21,128.01875371732214,0.8133823062093386,0.1388345739185258,5.858643731543894,4.666626195597971e-09,1.8331077921971545e-08,True
757,Dedd,493.444338221676,0.5272389653294498,0.036097238782698,14.60607467799346,2.568990795980732e-48,4.524321353485503e-47,True
758,Nit1,65.91237667484235,0.5578924111071791,0.0843422662967679,6.614624382325352,3.724963452177274e-11,1.6981793756954162e-10,True
760,Arhgap30,54.73802860028653,-0.813113474751003,0.0977328054594173,-8.319759889514689,8.814168666053524e-17,5.475743574847035e-16,True
770,Gm37756,1166.4961141488757,0.584813268904345,0.0231634037068952,25.247294236393174,1.2127698089541345e-140,8.517637919273054e-139,True
776,Kcnj9,39.062412772343485,-0.5084452771168092,0.1601921140211935,-3.173971953760105,0.0015036821967813,0.003213146903386,True
777,Pigm,34.284855705804624,-3.5613054107608564,0.2070931050324933,-17.19663921308283,2.8138602543780424e-66,7.162851255977176e-65,True
785,Spta1,45.40063067244318,-0.7359665638546891,0.1017566770413776,-7.232612003981035,4.737915940740302e-13,2.425546661934028e-12,True
786,Fmn2,38.3264683356573,-1.1830409838380058,0.1166789733881087,-10.139281735903367,3.6980861408078056e-24,3.2015906153686584e-23,True
799,Zbtb18,11.505803961692196,-0.7602370692965182,0.2043285098941426,-3.7206607618798655,0.0001987022057363,0.0004832296167316,True
806,Cox20,30.365856292789505,0.7985490109608054,0.12634804122768,6.3202326146221335,2.6116986500300086e-10,1.119720176310978e-09,True
807,Hnrnpu,117.422737727953,-2.494365307874975,0.0862723622064936,-28.91268123509463,8.271572732998218e-184,8.874433371452322e-182,True
808,Efcab2,236.5805712461944,-0.5021900682976249,0.0459798256628324,-10.92196547199107,9.051552308085166e-28,8.958321831567254e-27,True
810,Smyd3,385.9397531432908,0.7831313118159219,0.0412682020867136,18.976627820383108,2.661389543933582e-80,8.446892984448364e-79,True
814,Kif28,677.5933973290502,0.612251341622082,0.0389099245494116,15.735094547525671,8.69267932358985e-56,1.8249408884866662e-54,True
823,Acbd3,11.516375323632436,-0.895874808371448,0.2107049070203674,-4.25179850360509,2.1206061687539835e-05,5.84662788572752e-05,True
828,Pycr2,143.17217834134752,1.77634083258836,0.0759770882743273,23.37995404844416,6.835838436656118e-121,3.8315750827000714e-119,True
832,Cnih4,42.56529591919814,0.5783566019170229,0.1039154705835194,5.565644832952791,2.6118474217038456e-08,9.650536173834113e-08,True
833,Wdr26,15.120105406179334,0.6831919190035624,0.1734708260485999,3.938367819913176,8.203776714475945e-05,0.0002104788040752,True
838,Srp9,23.171963449130686,0.5367470495842419,0.1522511042247337,3.5254066124339185,0.0004228332313816,0.0009837046096052,True
840,Fbxo28,102.86360899579164,0.5280768812101443,0.0662278147995624,7.973641932900271,1.5406549119246589e-15,8.933346518480914e-15,True
842,Capn2,23.45086787408924,-1.4274055146956868,0.150805669716899,-9.46519794232732,2.9300557833080484e-21,2.2336885587833982e-20,True
846,Brox,35.89061935321906,0.659333167131286,0.1160089057053678,5.683470274306517,1.3198867431893812e-08,5.0026396542903995e-08,True
848,Mia3,69.09730785482283,0.9347695190688908,0.0901925923658741,10.364149588659306,3.609548250716898e-25,3.2471080148424444e-24,True
849,Taf1a,15.704760373666804,1.0815344618757994,0.1765581462710297,6.125655965007495,9.031075658955871e-10,3.710017644440223e-09,True
853,Mark1,416.1078504666957,0.880434466660729,0.0436058066693621,20.190762054617142,1.1802987077900219e-90,4.410483718340151e-89,True
854,Gm38251,27.160355201131114,-1.2937254733768369,0.1409674733756435,-9.177475075611074,4.413175703325883e-20,3.2117193799318785e-19,True
855,Rab3gap2,28.877723264789903,0.5051754470023013,0.1282343083041647,3.9394718440251792,8.166118469650093e-05,0.0002096433937129,True
864,Gpatch2,31.693205578332893,0.8004910994814559,0.1212905157282027,6.599783129583346,4.117596722649479e-11,1.8732708503042167e-10,True
868,Kctd3,42.207252053890365,0.8588621469480682,0.1109479286264359,7.741128271442321,9.853842185115851e-15,5.475817989618874e-14,True
870,Cenpf,105.88676350850966,0.5942234261028879,0.0682136413228848,8.711211050736463,3.006453075265819e-18,2.005984409776751e-17,True
880,Spata45,94.72792122550317,1.7598157140686532,0.0813130554422223,21.642474317289743,7.155845522525545e-104,3.1521769898722098e-102,True
881,Tatdn3,161.59951406739927,1.322530654093718,0.0597242296099336,22.14395502012046,1.1929546514717785e-108,5.608169608854425e-107,True
882,Nsl1,11.111424270464893,-1.064096432177458,0.2129889983849945,-4.996015945640625,5.852682332482613e-07,1.904926644899608e-06,True
883,Batf3,109.79455518354293,-0.8583925982826737,0.0717218264794173,-11.968359430012772,5.2047578215428386e-33,6.019894496239494e-32,True
887,Ppp2r5a,59.49823673054336,1.073728810290371,0.0937695718761259,11.450716781652984,2.3320909289765493e-30,2.4974651663160985e-29,True
896,Traf5,76.35611753535626,-0.613496303475709,0.0820655126954037,-7.475689645086071,7.68000145194982e-14,4.1047636122157227e-13,True
901,Hhat,31.956811722108927,0.6210756188958116,0.1222108751459533,5.081999602360076,3.734821947948045e-07,1.23960080139904e-06,True
903,Syt14,36.992029152062834,0.5140674021311383,0.1099486384649321,4.675523128875296,2.93205227568471e-06,8.892773187161674e-06,True
910,Cd34,214.80487537922045,1.1690582825102418,0.0598713291611629,19.52617887208325,6.5781199692675e-85,2.242459298685186e-83,True
912,Gm32250,164.65656452008412,-1.3747283098377043,0.0585740408149514,-23.469924401848573,8.276227413392969e-122,4.683969741275606e-120,True
916,Nmt2,40.906223609175065,1.0163484546701145,0.116088569303982,8.754939963199734,2.0421216061257488e-18,1.3751491200588025e-17,True
918,Acbd7,266.6941790136356,-5.024678204595393,0.1138525535467107,-44.133206046484496,0.0,1e-300,True
922,Hspa14,14.197478628793876,0.8646782901110831,0.2091657657969949,4.133937916734872,3.565998409519301e-05,9.564751562219868e-05,True
923,Gm45902,15.943752967201853,-2.309945003873583,0.2104759676233283,-10.974863448579091,5.048207188743785e-28,5.0447455609572175e-27,True
924,Cdnf,43.13369816696122,-1.3039496467417684,0.108145621273185,-12.057350370644045,1.773986352660627e-33,2.087716913548388e-32,True
927,Prpf18,98.81261097316938,0.6089840307325557,0.0725046334498607,8.399242941538176,4.493662708247365e-17,2.8318981420479247e-16,True
928,Bend7,535.0148948103707,-0.8201917367864573,0.0470918741248405,-17.416842120407633,6.147790484710605e-68,1.6167302255130686e-66,True
930,Phyh,49.46453555460148,-0.988167348717689,0.1020419633084617,-9.683931165951469,3.5288014606874743e-22,2.7936478019240627e-21,True
934,4930551O13Rik,29.99959422329783,-0.8143399864784989,0.1250207096103368,-6.513640732136496,7.335081722775552e-11,3.2706759094313836e-10,True
936,Camk1d,12.766096252654114,0.698314936348369,0.1926503389074236,3.624779174065912,0.0002892084611777,0.0006870910975515,True
943,Celf2,148.93178729506977,0.5434155895243458,0.0600353535058784,9.051593066261136,1.4089750801412585e-19,9.975771741502156e-19,True
959,Rsu1,38.45333250482533,0.591622308445524,0.1107189168077833,5.343461853701352,9.118802640952399e-08,3.208644277363693e-07,True
960,Gm13270,42.26181958760322,1.0463440325910711,0.115302743269769,9.074754016415582,1.1393456138705634e-19,8.099543128198544e-19,True
964,St8sia6,83.25430382351568,-0.5787755734280027,0.0788273953221435,-7.342315080470729,2.0993046430217017e-13,1.0945927130937245e-12,True
987,Gm13362,116.7405409687818,-0.7100286585071783,0.0704374803351049,-10.080267708742992,6.754184761992287e-24,5.767440581919977e-23,True
989,Enkur,11.40982557319249,-3.2457233997609847,0.3099173864244759,-10.472866453886212,1.1510378373011405e-25,1.051140976434587e-24,True
992,Myo3a,315.59830651451813,1.108037182949598,0.0455593206239513,24.32075737246802,1.1825077793890266e-130,7.519889471256469e-129,True
997,Mastl,222.0916447337657,1.936844713987971,0.0543175572891381,35.65780220340064,1.783687030463577e-278,4.051054388148966e-276,True
998,Yme1l1,22.36588082808401,-3.03962438643696,0.2146929960379346,-14.158004418084886,1.666599089604123e-45,2.739237300657604e-44,True
1004,Arrdc1,473.2093800519092,-0.5024882162647061,0.0341690139706406,-14.705961860546042,5.9026206100808136e-49,1.0576334961997264e-47,True
1005,Zmynd19,38.97678551128047,1.0267008640982054,0.1133762336252153,9.05569740032238,1.3569784067373942e-19,9.615412632505493e-19,True
1010,Nrarp,11.564496165074717,-1.7911957307025037,0.2296601437084358,-7.79933209907118,6.223568323810596e-15,3.5052419596392816e-14,True
1011,Tor4a,218.2461052987035,1.1530423467185458,0.0588116039184486,19.605694623078406,1.3825170626492993e-85,4.797114760240267e-84,True
1017,Tprn,186.07243804968743,-0.6831295367114397,0.0570284427801893,-11.97875136349938,4.59187565618263e-33,5.325114156188451e-32,True
1019,Anapc2,25.011209745747397,-0.7296534823826237,0.1380082727361232,-5.287027131900618,1.2432020616627468e-07,4.32143066077482e-07,True
1023,Uap1l1,51.75427747670352,-0.5849720350186766,0.1010372549375608,-5.789666745995606,7.052621191086096e-09,2.728677862604284e-08,True
1026,Abca2,82.86010886478937,1.149945676099162,0.0800140359724864,14.371799423973332,7.778367901313752e-47,1.3168257295079854e-45,True
1028,Traf2,103.25313436341833,0.7317320996783383,0.0686226450722874,10.66312875155903,1.51416234415953e-26,1.4359908391899058e-25,True
1035,Camsap1,310.11314605793444,0.7172237791875805,0.0481324494625405,14.901044663138643,3.2446643031133224e-50,6.023640056565369e-49,True
1037,Nacc2,30.202464800669265,0.7892851169820302,0.1384900931433274,5.699217171911177,1.2035882179297337e-08,4.5757284250337354e-08,True
1039,Qsox2,81.18301768124242,-0.7512589247462268,0.0745062110393902,-10.08317178213569,6.5574484919244426e-24,5.60218169158645e-23,True
1046,Sec16a,67.74023808908515,-2.1973657081446585,0.1082765525340844,-20.294012477474727,1.4524350316914574e-91,5.486000828125314e-90,True
1047,0610009E02Rik,21.078057875513103,-3.248584195692964,0.2295287536625649,-14.153277721660858,1.7825147555346717e-45,2.9215199667094976e-44,True
1049,Egfl7,1205.5375937120716,-2.8439194816263265,0.0338387475828548,-84.04328424575796,0.0,1e-300,True
1050,Agpat2,20.433729240245235,0.5861703076628824,0.1516988268416091,3.864039820656695,0.0001115270282189,0.0002810757557995,True
1052,Abo,217.0861604284628,-2.4650320649257287,0.1609032725150359,-15.31996227544333,5.6250145599991405e-53,1.1165749673696364e-51,True
1054,Med22,1755.0659618196485,-0.62205111774918,0.0233299884007134,-26.66315589467492,1.259679887677438e-156,1.0391170696086339e-154,True
1056,Surf1,132.46216095495552,0.5334785694891246,0.0645608230454665,8.26319344029158,1.4182612691528904e-16,8.708761613393873e-16,True
1058,Surf4,16.218599990948398,0.6696499683505274,0.1863954066498226,3.5926312798500737,0.0003273556401957,0.0007724727345491,True
1066,Ppp1r26,59.38121996963894,0.8810737724745852,0.0964095750597016,9.13886169427653,6.311312467563867e-20,4.560836050940369e-19,True
1073,Ak8,797.1226917429798,0.6000882902312369,0.0266570057060185,22.51146647336126,3.204926688648691e-112,1.5832699980533424e-110,True
1082,2600006K01Rik,10.874120663151931,1.3605138319769612,0.2292481621994095,5.934677159128238,2.944242633394751e-09,1.1734028070375436e-08,True
1083,Cercam,18.0498158275474,-1.0907537359114865,0.1660670619035919,-6.568152187486216,5.0943461554153226e-11,2.30325557305851e-10,True
1084,Odf2,85.03703917693208,0.521752220967807,0.0757462604078474,6.888158150098621,5.651935898105555e-12,2.7266497927191712e-11,True
1086,Pkn3,117.56492470898004,1.47477021788238,0.072069142710606,20.46326850042223,4.57651569424585e-93,1.7706660721453857e-91,True
1087,Zdhhc12,107.9955250405083,1.7987217947079055,0.0864810238760537,20.799034448133582,4.416094138633398e-96,1.7672460937396078e-94,True
1090,Endog,140.07147852286965,-1.491715551905213,0.0684129854776355,-21.80456738571744,2.0998210774542043e-105,9.488803876619929e-104,True
1097,Sh3glb2,60.74196112887548,0.8050841510006395,0.089307557126636,9.01473712755404,1.973431735519319e-19,1.3876708560821008e-18,True
1099,Dolpp1,399.3469380089017,0.6811677714726072,0.0418952870875132,16.25881617781363,1.9343944564604506e-59,4.3093872935771164e-58,True
1105,Prrx2,62.53523317731602,-1.4586511676082965,0.1062950606620363,-13.72266179184052,7.428723762356973e-43,1.1336258390584532e-41,True
1131,Ciz1,27.544452156675536,0.6849414419253791,0.1284064721670778,5.334166030464247,9.59846692189873e-08,3.371996575535657e-07,True
1132,Ptges2,20.99210944394133,0.8161292669090398,0.1605955914478578,5.081890851119786,3.7369613544662827e-07,1.2400755249887354e-06,True
1133,Slc25a25,55.28994714716843,0.5370594036314199,0.1033143880241283,5.198302132961322,2.0111705056197506e-07,6.864041725659288e-07,True
1135,Fam102a,14.239260489652422,1.2494015788825947,0.1930538052089668,6.471779085266968,9.685566083324884e-11,4.277302516797615e-10,True
1140,Ak1,73.6215141306005,0.7607781501729834,0.0834609769435272,9.11537556872541,7.839845799636833e-20,5.63052251926279e-19,True
1141,Eng,14.232962921184589,1.446826290044816,0.1977100464182938,7.317919935053655,2.5184403880125817e-13,1.3084517381332154e-12,True
1144,Ttc16,121.21625739835716,0.6340920591274329,0.0639679674979766,9.912649782838413,3.667869624191097e-23,3.018883211373478e-22,True
1147,Fam129b,24.711022707269063,-1.0516821735491526,0.1740300825038593,-6.043105642530684,1.5117559604359655e-09,6.135434726410807e-09,True
1152,Ralgps1,98.84777647044616,-0.9061719166824396,0.0743357877666307,-12.190251074317922,3.503403380468458e-34,4.219526054933361e-33,True
1153,Angptl2,25.398665338623385,1.2828007743132062,0.1495203039524102,8.579441991513741,9.53344827335312e-18,6.193199977875162e-17,True
1159,C79798,169.77109294157188,0.5840895094300658,0.0870653863558789,6.708630534786873,1.964593832043139e-11,9.139882132154939e-11,True
1160,Mapkap1,18.38370855450958,-3.532323639221202,0.2781176481808412,-12.700825216688044,5.850947303821884e-37,7.607536538976736e-36,True
1162,Hspa5,12.551342645894904,-4.465443153747476,0.4223823084601951,-10.572041168169086,4.016559375303234e-26,3.7402337782376446e-25,True
1164,Fbxw2,10.107026639041214,-1.231216419887458,0.2244416550963957,-5.485685887312948,4.118681920128517e-08,1.4971421621119832e-07,True
1170,Gsn,21.8144692788884,0.6522209109464978,0.1419736202618207,4.593958439206553,4.34916034602571e-06,1.2948266280438815e-05,True
1172,Ggta1,33.27990421577494,1.1715024672237253,0.1218287211107556,9.615979356449952,6.845477396094001e-22,5.351529222301829e-21,True
1173,Dab2ip,58.350472247123946,-0.95822935252688,0.0981930748218747,-9.75862456965665,1.6943751659382176e-22,1.3598546535992452e-21,True
1175,Ndufa8,14.584128903518032,-0.7535244379247518,0.1817850985700744,-4.145138649163169,3.396081588147412e-05,9.135621414170426e-05,True
1177,Rbm18,175.38577949273926,1.3470607850271723,0.0800078088769975,16.836616374510623,1.3154658581929266e-63,3.160009193417294e-62,True
1182,Zbtb6,28.057872650960903,-1.124084244585446,0.1335152863663689,-8.419142670307682,3.792493312526462e-17,2.4004025714608313e-16,True
1195,Golga1,94.0510681937427,-1.6153217349679776,0.0909166283828085,-17.767065977926425,1.2717052720214508e-70,3.502296346001753e-69,True
1209,Gm13483,256.7669680048036,-0.6606064107434914,0.043708604017339,-15.113875759597146,1.3119099988900637e-51,2.518406373280948e-50,True
1225,Galnt13,101.83056273338777,1.001694002410937,0.0742219649916805,13.495924050558555,1.6526992547868688e-41,2.4452118923614854e-40,True
1226,Kcnj3,43.40589250141477,-1.5758016346524564,0.1145957843211405,-13.750956407231063,5.026067418536092e-43,7.710163773277121e-42,True
1236,Wdsub1,133.27435370128833,-0.5709580310864595,0.0668838139296464,-8.536565090128335,1.3827080278342216e-17,8.912936966739722e-17,True
1239,March7,17.799559683026047,-2.3690898070195856,0.2024397432070117,-11.702691227962047,1.2347439917289854e-31,1.3701270892992702e-30,True
1240,Cd302,12.222044486953706,0.7914953235603618,0.1989768611744549,3.977825958699842,6.954824622822174e-05,0.0001800532538918,True
1243,Gm13580,69.52058373257539,-1.0260051226033815,0.0854437044133952,-12.007966293682044,3.226830099489685e-33,3.7645633608989737e-32,True
1245,Itgb6,81.09816973533815,-1.3423821566853096,0.0889467235493748,-15.091979818010332,1.82871631589837e-51,3.5028029498828804e-50,True
1251,Gm13565,10.77492111959844,-1.453017066518934,0.2478967309085673,-5.861380507897282,4.5903474312467724e-09,1.8035496714815447e-08,True
1252,Ifih1,428.0230662780783,0.5367188764628936,0.0422550172417293,12.701896993497185,5.771356732010598e-37,7.509634414389981e-36,True
1255,Fign,68.21280376207353,0.8559266018738554,0.0840448916866023,10.184159735317971,2.3336720490518774e-24,2.0283924847822686e-23,True
1260,Gm13619,46.7121049298074,-6.297319497795815,0.3914603560538675,-16.086736243935928,3.1606567913091426e-58,6.90057003326021e-57,True
1265,Gm13629,21.23037762675644,0.851928033092619,0.1528611287561144,5.573215637128035,2.5007970605055224e-08,9.255860104575783e-08,True
1268,B3galt1,52.13969808924369,0.5130816925367524,0.0928433379690934,5.526316736991422,3.270235154392333e-08,1.2004591179683696e-07,True
1274,Lrp2,73.20307225135623,-0.5292629488313527,0.0782748867460737,-6.761593287874036,1.3648239135611263e-11,6.424775397135123e-11,True
1276,Klhl41,107.94960984479542,-0.6306965606580922,0.0703104359322057,-8.970169965468825,2.960572349892187e-19,2.0635507873620792e-18,True
1277,Fastkd1,63.061866790341945,1.074051886812616,0.089555146520367,11.993189990129164,3.857576791843829e-33,4.482478600383049e-32,True
1279,Ccdc173,36.601974030737,-0.6734385915600564,0.131826159535652,-5.108535315996417,3.246657273878644e-07,1.0831274781684418e-06,True
1293,Dcaf17,306.48317571386406,-0.5361845862802042,0.0427996639460494,-12.527775614221762,5.2617813880975255e-36,6.629541276300397e-35,True
1299,Dlx1as,127.04142744677524,0.7644616593583028,0.0725332780406844,10.539461058543516,5.682359791057479e-26,5.241197680696899e-25,True
1301,Gm13647,80.90512385334425,-2.0813908244587696,0.1151042260962865,-18.082662079823653,4.364910466739297e-73,1.261711640369204e-71,True
1302,Itga6,97.11848463388988,0.5617975016739026,0.0720799878229938,7.794084303309032,6.487722357377519e-15,3.650491910740606e-14,True
1310,Gm11084,200.8439010297892,0.8811575654772447,0.0519621553550874,16.957679285160246,1.6888412950411105e-64,4.1364785108794034e-63,True
1320,Chn1,261.9086104952343,-0.9391656751146836,0.0475524443691895,-19.750103019376905,8.005437147159673e-87,2.822562194143717e-85,True
1327,Nfe2l2,142.95466662837498,0.6105063608399469,0.0635795212541679,9.602248472418712,7.821914735877875e-22,6.0876566489110934e-21,True
1328,Gm13657,15.473467798053868,-2.546732452417708,0.2272665711048697,-11.205926327117176,3.813434711254997e-29,3.934474703860022e-28,True
1331,Pde11a,108.3562917566207,0.5595826791665404,0.0642274081324911,8.712521576648536,2.9718872023507032e-18,1.983677992164469e-17,True
1336,Fkbp7,12.51133054399694,-0.6540615267182508,0.1945705127218164,-3.3615655197115246,0.0007750196714593,0.0017349646715926,True
1337,Plekha3,42.015274693929285,1.0315287016347765,0.1112975283282354,9.26820853193273,1.892985169409668e-20,1.396226260760703e-19,True
1339,Ccdc141,11.850896463013518,-0.8101337894885219,0.1977321813876355,-4.09712664778795,4.183100690085286e-05,0.0001113286636253,True
1340,Sestd1,20.799367760595995,2.1157730169605284,0.1797967334790589,11.767583181409432,5.734385419139381e-32,6.407855093284951e-31,True
1350,Nckap1,82.7163732011466,-0.5468170912937943,0.0759489310846089,-7.199799700730839,6.030107518817308e-13,3.062867275314467e-12,True
1360,Gm13710,27.540250736098304,0.7248399031424804,0.1431181067015155,5.064627529304822,4.0919962847295356e-07,1.3512241508185445e-06,True
1361,Ctnnd1,33.44052426164428,-0.5454958364925497,0.122015969126885,-4.470692159362239,7.796685536281592e-06,2.2596691524443565e-05,True
1367,Clp1,43.6589765415161,0.5360384351802934,0.1016915414236688,5.271219490587145,1.3552028619025206e-07,4.7023388192363653e-07,True
1373,Slc43a1,220.31352468902284,0.9267801495758204,0.0496550179061818,18.664380533038536,9.648749781700575e-78,2.965506787036549e-76,True
1381,Nup160,87.62308191909436,0.8895165946174415,0.075880298056196,11.722629159398874,9.759529909597153e-32,1.084337096944314e-30,True
1382,Fnbp4,203.4914390905625,-1.0135266503773197,0.0504759816417002,-20.07938463825744,1.1177072316451764e-89,4.080681433613954e-88,True
1383,Agbl2,130.17204650666017,-2.8897883009734384,0.1307693285829494,-22.0983645957958,3.2772307967760257e-108,1.536520433619816e-106,True
1384,C1qtnf4,57.07217776189615,0.6091290222166363,0.1070766654791182,5.688718634364146,1.2799616137161731e-08,4.852366941397883e-08,True
1388,Celf1,90.6031147001826,0.7376851167676081,0.073193575596964,10.078550074252773,6.873285478444315e-24,5.866277034994348e-23,True
1392,Slc39a13,68.50975310279243,0.6781184792826566,0.0868273131272852,7.809967334686067,5.720280920796597e-15,3.228017836169438e-14,True
1415,Trp53i11,22.004556147187007,0.5023532300192954,0.158884309234013,3.161754816703792,0.0015682154436403,0.0033392124288789,True
1416,Tspan18,20.189316735657307,-1.3773465558850346,0.1688797936667007,-8.155780664934671,3.4693156104486024e-16,2.0849275393651257e-15,True
1419,Accs,96.08638912516771,-0.5888272935110846,0.0714359842601329,-8.24272668193218,1.683297971913593e-16,1.027487432210294e-15,True
1422,Mir670hg,77.54656039068756,1.1079776412632825,0.0852436170802358,12.997778358236424,1.2594921232788675e-38,1.727529274658889e-37,True
1424,2810002D19Rik,358.1362819428961,2.0669349143314646,0.0442352206499244,46.72599986985702,0.0,1e-300,True
1425,Api5,20.028292400019478,1.225001669684907,0.1694428124981993,7.229587679901884,4.844626440951226e-13,2.4794506057756814e-12,True
1426,Lrrc4c,64.68738510694446,0.6218910312082382,0.0864506041575742,7.1935995967675606,6.31050813514373e-13,3.202500472065977e-12,True
1434,Gm13919,129.54250414628208,-1.4850754930408658,0.0658323933240024,-22.55843085837512,1.1099037159986106e-112,5.5457131958239156e-111,True
1436,Fjx1,71.10709885588518,0.6084361164916325,0.0837307662952801,7.266577668069543,3.687092595846151e-13,1.8987006865770752e-12,True
1439,Pdhx,43.57872932848309,-1.3133679708016217,0.1124361510516387,-11.681011476446118,1.5938750054590847e-31,1.7619270603962372e-30,True
1442,Abtb2,182.5826420824001,-1.2359576510718124,0.0545190514362519,-22.670197270709917,8.819803145522135e-114,4.496813918626563e-112,True
1447,Fbxo3,108.02934655939622,-0.5554752387216059,0.0715006169573815,-7.768817422270645,7.922226189721733e-15,4.4334045313873185e-14,True
1450,D430041D05Rik,42.40600110781231,0.5195458385413795,0.1019193297387922,5.097618281761829,3.4395350266939294e-07,1.144199896268279e-06,True
1462,Rcn1,103.89703530033428,-0.7481941924891935,0.0694323215235577,-10.77587751743744,4.474945245984642e-27,4.342832545048802e-26,True
1463,Pax6,731.5107413376849,-1.4844207199523376,0.0350011801263548,-42.41059057419072,0.0,1e-300,True
1465,Dnajc24,1027.2482845667323,0.6527219811030542,0.0340831722172802,19.150857700156298,9.520574288947976e-82,3.106264984423921e-80,True
1466,Gm14015,347.68160637054785,-0.6016391537036418,0.0377907471503198,-15.920276762735298,4.583450009994528e-57,9.798945449240134e-56,True
1469,Arl14ep,31.67723862521285,0.982342159496622,0.1291533727267532,7.606012438985547,2.8268209457962044e-14,1.5410051340425193e-13,True
1471,Bdnf,12.829230984548444,-2.9569880165543485,0.2737689019879951,-10.801036915010943,3.4033812317094796e-27,3.315784455717849e-26,True
1474,Lgr4,15.449542954056769,0.5393331111108214,0.1755047145964297,3.0730405866931227,0.0021188966707674,0.0044160725751854,True
1475,Ccdc34,61.23548123261289,-1.2946052365588157,0.0942007940841732,-13.743039526843264,5.60714204807012e-43,8.586488628428218e-42,True
1483,Slc12a6,78.4336627318751,0.5243170323645302,0.0781320702908071,6.710650702240769,1.9375841891436382e-11,9.019023768896443e-11,True
1484,Emc4,11.263170168705392,-3.048894572897171,0.2976047365830559,-10.244778385932312,1.249108058375039e-24,1.0999195229034585e-23,True
1485,Katnbl1,395.118430426421,0.6045427072469756,0.0443219587580601,13.639801222391515,2.3219261925654665e-42,3.5035241808097387e-41,True
1486,Emc7,26.039523232026134,-2.699598197214572,0.2968718978341322,-9.093478422544685,9.592009748005187e-20,6.843943960551395e-19,True
1491,Scg5,16.926097402178772,-1.9569343800896488,0.1988571887703522,-9.840903374881712,7.503402665423204e-23,6.083426324196615e-22,True
1494,Zfp770,130.13992427750804,0.6714153136496215,0.0623574422259341,10.76720419700575,4.91706118377976e-27,4.756060065372812e-26,True
1503,Gm13986,257.854828845927,-0.6487564842248252,0.0464991344690085,-13.952012045669752,3.0585352130469445e-44,4.8580984383074455e-43,True
1507,Eif2ak4,198.8944332840039,-6.022757686496563,0.1745521701897279,-34.50405503380554,6.973351606280661e-261,1.4517853915551928e-258,True
1517,Ccdc32,53.44806272639109,0.6466162992132825,0.0942943713686943,6.8574220266551205,7.011427096605707e-12,3.3657929471710294e-11,True
1519,Rad51,166.29738569388238,0.685039681041477,0.0574003577644429,11.934414831571488,7.83076330188592e-33,9.003575846376133e-32,True
1522,Dnajc17,946.4837634327444,0.5120199026044702,0.0277620247912009,18.443175757365943,5.9162139508772e-76,1.783840509878284e-74,True
1527,Chac1,20.13212962148289,-1.7071241424396963,0.1876517286605052,-9.09730037994045,9.260496170353984e-20,6.615504780520854e-19,True
1529,Chp1,172.92710968157428,0.771929586103338,0.0672050034215851,11.486192200020138,1.5478534112714788e-30,1.6688569948406673e-29,True
1533,Ndufaf1,25.18444387056665,-1.8575756558160648,0.1856659809259638,-10.004932764483076,1.4499014694990888e-23,1.2155262175743081e-22,True
1536,Rpap1,900.3424692405055,-0.5611887013250746,0.0456719198229651,-12.28739022796437,1.0586894809747502e-34,1.2884037330053189e-33,True
1550,Stard9,134.29121840807903,-0.5696955054954306,0.067512228122984,-8.438404735474604,3.2169799891162155e-17,2.0420524881910847e-16,True
1553,AV039307,42.88310062650313,-0.6037718478377886,0.1043286924819908,-5.78720803907335,7.1565924515025884e-09,2.7670680696855466e-08,True
1563,Serf2,12.019432317663794,-1.015982979700264,0.2105205173114341,-4.826052076421923,1.3926610720965485e-06,4.369367927668539e-06,True
1566,Mfap1a,81.79857815928735,0.5492654758562947,0.0743097911612399,7.391562636267941,1.4511317532523538e-13,7.641491147508932e-13,True
1569,Ctdspl2,25.9430891177567,0.7318946589153195,0.130789568608018,5.595971197892999,2.193901242953336e-08,8.155381851610917e-08,True
1570,Eif3j1,22.47312598950524,-0.7332774980805916,0.1568159395064317,-4.67603931327731,2.9246856245300123e-06,8.87504810025696e-06,True
1581,AA467197,171.76850679754787,-1.700967124566142,0.0628254494147774,-27.07449195207905,1.966784109235404e-161,1.7027287377380566e-159,True
1583,Bloc1s6,482.5314110244811,-0.7028082406484936,0.0327958726520937,-21.42977709738196,7.051692782508312e-102,3.0078049605001307e-100,True
1587,Myef2,70.95177178587782,0.5385047429259601,0.0812667571560254,6.626384043995693,3.4400946855448136e-11,1.5732315863181932e-10,True
1589,Dut,14.132475925662549,-0.7661889647218388,0.191801067893433,-3.994706458816708,6.477445554045956e-05,0.000168442480073,True
1592,Shc4,20.13775845272265,-0.7046042279588993,0.1548564249765033,-4.550048395252635,5.363357874368788e-06,1.580094381855818e-05,True
1597,Fam227b,59.565478320647145,-0.9687924984888924,0.099597988365622,-9.727028772232588,2.312488956930828e-22,1.843245527748693e-21,True
1604,Usp50,47.06999022128807,0.8489352226862096,0.1040991016390023,8.15506771259343,3.489842977418669e-16,2.096543249367835e-15,True
1605,Trpm7,717.4412951778278,1.2180816083784194,0.0713593053326847,17.069695433547057,2.494980344513421e-65,6.26698660925166e-64,True
1606,Sppl2a,25.091843345375707,-1.473402471575506,0.1482866254883413,-9.936179117457549,2.8972764841461066e-23,2.3922365984299865e-22,True
1610,Itpripl1,10.803540673408987,0.7047223017574648,0.2087827557426078,3.375385573635509,0.0007371233810325,0.0016560654788665,True
1611,1810024B03Rik,110.38677727792098,1.1051683041924103,0.070816542260636,15.606075486217671,6.618493697631347e-55,1.360096566206545e-53,True
1615,Stard7,85.48740710036475,1.32742052604996,0.0808306327342101,16.42224588807596,1.3256768397907268e-60,3.0344812269974124e-59,True
1616,Gpat2,68.63439128595819,1.16174358390501,0.0853709227470026,13.608188204171649,3.580092825306581e-42,5.374134191327165e-41,True
1622,Mall,13.382525818121934,0.7101173619368634,0.2239024991177072,3.17154727944126,0.001516291836377,0.0032373228707804,True
1625,Acoxl,17.585941890250012,0.5207924700732648,0.1613742123884529,3.2272347754028754,0.0012499285740113,0.0027062957660407,True
1630,Mertk,36.30463227136256,1.461343697210678,0.1266798044080621,11.53572745110487,8.714734346635524e-31,9.49553110616586e-30,True
1634,Zc3h6,31.713950189604866,-0.954925988841965,0.1236759675146868,-7.721192791384994,1.1524608244248607e-14,6.383983179455803e-14,True
1635,Gm14022,80.58150848002428,-1.6318955402430226,0.1188462716290131,-13.731146277243738,6.6079710826452e-43,1.0101415934728956e-41,True
1637,Polr1b,109.82373361344524,-0.8538000732040921,0.067524802713426,-12.644243876248016,1.2037701415312198e-36,1.5422367937800713e-35,True
1638,AI847159,39.24571014502947,0.8875452281113599,0.1159401976279659,7.655198509833101,1.9301385860195912e-14,1.0591234261785571e-13,True
1639,Slc20a1,35.67977791867287,0.5038106623939518,0.1205305682888567,4.1799409854813545,2.915847562890665e-05,7.900889708681739e-05,True
1640,9830144P21Rik,127.5421966650036,0.8233911698128126,0.0699943195154129,11.763685617823594,6.005432851512905e-32,6.706450172877247e-31,True
1643,Gm14023,171.04390368067433,0.6680795381065557,0.0644190581757726,10.370836783792246,3.365645053260076e-25,3.02925376692806e-24,True
1645,Pdyn,11.883046010074503,1.0117992409157448,0.2069790618681815,4.888413503198349,1.0165184257310665e-06,3.2333347088368293e-06,True
1647,Snrpb,68.98619853227956,1.6657119265745255,0.0934945424464892,17.81614073920818,5.296700004175085e-71,1.4679665558322328e-69,True
1656,4930473A02Rik,107.2337179216422,0.7510312992278964,0.088325839187283,8.502962509480787,1.8481260520770842e-17,1.1843176401144755e-16,True
1665,A730017L22Rik,37.8223408184743,-1.2417769314739528,0.1180874177604545,-10.515742955722438,7.310234556775629e-26,6.710833697054708e-25,True
1666,Atrn,45.57663904700677,2.197911148978509,0.1514253395911398,14.514817367509565,9.761733537687134e-48,1.6868892895955792e-46,True
1667,Gfra4,100.27959919668976,0.9132721689213626,0.0859124667374447,10.630263611361483,2.155024777667708e-26,2.0305535189575903e-25,True
1668,Adam33,22.126098136725407,-0.6482942278534757,0.1572076733952993,-4.123807787825579,3.726599124919285e-05,9.96647277819062e-05,True
1670,1700037H04Rik,77.75591466440845,-0.7589000836313621,0.0823099840880629,-9.22002466698839,2.9703187886237873e-20,2.1761598230185503e-19,True
1674,Ap5s1,184.00748037551168,0.7025805962740876,0.0557500883149041,12.602322570424702,2.0501715146483844e-36,2.615127603805321e-35,True
1678,Smox,89.40566801101296,-0.5003910095823322,0.0706654176332088,-7.081130011565598,1.4298367639256977e-12,7.107727495034849e-12,True
1696,Tmx4,171.34282223335364,-0.508067209455562,0.0541937757224031,-9.375010371265423,6.916896919569022e-21,5.1915319025503463e-20,True
1702,Gm14211,10.74353246669361,0.9004897564554922,0.2347828137999513,3.835415982460973,0.0001253519527116,0.0003133440464581,True
1703,Pak7,71.51367183685086,-1.114224446563439,0.0832784837058669,-13.379499685642603,7.968191697507251e-41,1.1525867361952588e-39,True
1707,Jag1,33.51704447290808,-0.5795254809897834,0.1160862434833323,-4.992197728174327,5.969609468755325e-07,1.9415385975375323e-06,True
1709,Gm14066,32.50866457052452,1.01561138350251,0.1211045137136583,8.386238896956723,5.0194279488101714e-17,3.155275196577724e-16,True
1714,Gm17374,404.16026394530405,1.2832347008580405,0.0482857898481253,26.57582499725561,1.2920731846124625e-155,1.046100733912164e-153,True
1718,Kif16b,34.087550595400835,1.874126630195308,0.144443340679942,12.974821970837707,1.699908576787671e-38,2.3261346784712672e-37,True
1720,Pcsk2os1,450.6580550520739,0.6384362579478806,0.0380571782253029,16.775711908230893,3.674290477446973e-63,8.754222325557585e-62,True
1724,Rrbp1,11.690546718930069,0.5893811202648306,0.1934635605883023,3.046470965760088,0.002315448401802,0.0047971284978929,True
1725,Gm5535,62.12777520254176,-1.5974035655357015,0.0957027957114867,-16.691294686430705,1.5164623484328705e-62,3.5597172549522205e-61,True
1727,Mgme1,129.0480737789994,-0.7223142779492826,0.0621584294481348,-11.62053617445375,3.2409584384217835e-31,3.560168415271366e-30,True
1732,Rbbp9,65.24429538691498,0.5636120910068563,0.0854531182999858,6.59557079038682,4.236228406644924e-11,1.92423798377679e-10,True
1736,Slc24a3,206.41920055797536,-0.5065090353250112,0.0478205500650676,-10.591869701118515,3.250338890614696e-26,3.0445595350331983e-25,True
1737,Rin2,19.859799803059826,-3.943651207311755,0.3158288308326544,-12.486672597035144,8.826864850814638e-36,1.1065534947028414e-34,True
1747,Nxt1,19.14465543352383,0.8409935135389206,0.1591836372738284,5.283165581222646,1.2697053314994826e-07,4.4111154290361765e-07,True
1748,Napb,21.37292805875812,-0.6620649785798137,0.1528597258200159,-4.331193026993645,1.483035978551245e-05,4.1649804388797454e-05,True
1749,Cst3,19.091594362773943,-1.085525500608419,0.1675449167664724,-6.479011846843713,9.232525554793708e-11,4.087554605119807e-10,True
1751,Syndig1,27.573672818218725,-1.9186165832612967,0.1622267196178596,-11.826760645723342,2.838873265416494e-32,3.209192997130165e-31,True
1752,Zfp120,41.768274229902126,0.615827675258445,0.1092167280324234,5.638583817266734,1.714543608651967e-08,6.43156126728992e-08,True
1761,Acss1,320.347394278716,0.9477123533859098,0.0426010752381618,22.24620735715502,1.2274401575980857e-109,5.89710809782289e-108,True
1767,Ninl,21.803082102263875,0.6592399833220308,0.152738712755986,4.31612897232692,1.5878922539249118e-05,4.4437605595517454e-05,True
1768,Nanp,23.791325087089017,-0.6534677924459176,0.1511093535906614,-4.3244695111070985,1.5289934748746917e-05,4.288538554708678e-05,True
1772,Sdcbp2,15.766104506169183,0.7709800697316365,0.1810901425284435,4.257438085623794,2.0678290198200188e-05,5.708317900333463e-05,True
1776,Tcf15,15.60387539213842,0.9020452727830188,0.1787136311072956,5.04743408319789,4.4778318740019154e-07,1.4725145508188322e-06,True
1783,Sox12,75.14827892292466,-0.7418704000751565,0.0850684309905482,-8.720866147837896,2.760816516546368e-18,1.847022159195213e-17,True
1786,H13,71.4617111783961,0.97154951817181,0.0823984196452643,11.790875630314927,4.3499467009001375e-32,4.879529692452957e-31,True
1792,Ttll9,70.49185606530393,0.856792314023441,0.0836125087544528,10.247178643324846,1.2184831414249024e-24,1.0740339303043699e-23,True
1793,Pdrg1,23.441802881522246,0.874126292782506,0.1399898485322443,6.244212004995243,4.2594194388919416e-10,1.7923177850659834e-09,True
1794,Tspyl3,25.27063083380565,-0.9612784302921868,0.1445860804015371,-6.648485301092425,2.961245466087613e-11,1.3617212913736568e-10,True
1796,Pofut1,47.86460779614777,-0.8031560143472395,0.1055130358290921,-7.611912670659721,2.7006902655616763e-14,1.4745448443378893e-13,True
1805,Cdk5rap1,22.49844736830367,1.456939012723051,0.1638197075443496,8.89355154250062,5.918619060414179e-19,4.0765974843845284e-18,True
1811,Zfp341,55.05984251587379,0.6643065447422907,0.1054010860460104,6.302653698011258,2.9259214999574336e-10,1.248621649371781e-09,True
1817,Gm45609,130.68638883157735,-0.5038470481435029,0.0664145966142018,-7.586390248973706,3.2894072193707135e-14,1.7887174580956166e-13,True
1818,Itch,37.67744683508102,-0.5618083487197087,0.1096529700792017,-5.1235123710184745,2.998959599488536e-07,1.004708917161983e-06,True
1819,Dynlrb1,25.704517323094706,2.047330721747844,0.1617634443543141,12.656324980713997,1.0321929129371426e-36,1.3263034284676524e-35,True
1827,Trpc4ap,75.762186659939,0.5204417332314915,0.0881670339699701,5.902906220127069,3.571533161592281e-09,1.4137386131717025e-08,True
1831,Uqcc1,69.55839804590356,0.5681923331602916,0.0824862951448935,6.888324080530205,5.645348817017474e-12,2.7242235130243267e-11,True
1833,6430550D23Rik,102.36619332089192,0.7643549510057929,0.0731992803572194,10.442110185724074,1.5923117865338352e-25,1.4480680459128295e-24,True
1837,Cpne1,29.010505552204595,0.7555128916623225,0.1274547597657042,5.927694603568796,3.072171696276417e-09,1.2213261792335074e-08,True
1842,Scand1,159.00816133802644,-0.5336038283817667,0.0559360722588978,-9.539529803093846,1.4348136222318518e-21,1.1073265942449524e-20,True
1843,Cnbd2,52.44672935894929,1.2723795904493254,0.1022597111249256,12.442628445282052,1.533724669385113e-35,1.9117446199719782e-34,True
1844,2900097C17Rik,106.04940718090728,0.9157786209286032,0.0692866963594206,13.217236050309804,6.978134838401637e-40,9.857320036669454e-39,True
1848,4930405A21Rik,14.283887773722777,1.043338436050996,0.1884115134980402,5.537551377197807,3.06729731138286e-08,1.1283318338549317e-07,True
1849,Myl9,623.2567841948083,0.5566544284989996,0.0462682371916108,12.03102738048404,2.4410411471785425e-33,2.8611881757277707e-32,True
1852,5430405H02Rik,813.0656766781366,-0.7638519850043294,0.0322450051064356,-23.689001830918457,4.681278695707762e-124,2.7198073697852937e-122,True
1859,Mroh8,49.92563074508168,1.518967207798761,0.1052618794048238,14.430363740295814,3.333186240541149e-47,5.692457126424182e-46,True
1860,Rpn2,23.39884573732105,0.9321775747557414,0.1497653523639285,6.224253874758415,4.838530547761434e-10,2.0301396885617077e-09,True
1865,Nnat,163.00217768045994,-6.520221875632915,0.2259731141740758,-28.85397185175815,4.517639654909129e-183,4.759306161750051e-181,True
1868,Tti1,27.84636793055068,-0.8578899034601756,0.1746818166674785,-4.911157439433098,9.054035275636812e-07,2.8957016989820145e-06,True
1871,Tgm2,152.65686141855886,-0.6878804045325941,0.0607776659282782,-11.317979952444036,1.0690696952563364e-29,1.1262584837736635e-28,True
1877,Fam83d,108.8300387746361,-0.5233191653927053,0.066309294265004,-7.892093728237682,2.97158411249394e-15,1.693289767327925e-14,True
1880,Gm14221,15.843784992328764,-0.8571324247688626,0.1729335474296085,-4.956426543656909,7.180149525938943e-07,2.3171517791035287e-06,True
1882,Plcg1,404.7921953181946,-0.5180272229346278,0.0351938279594536,-14.719263375710089,4.849135594201742e-49,8.72445301146091e-48,True
1887,Chd6,45.434092127671846,0.8570626742663812,0.1017734961854338,8.421275738673572,3.7240662466150083e-17,2.357946072440379e-16,True
1892,Sgk2,2390.586683919222,1.4147016858745487,0.0288159297602986,49.09443136635008,0.0,1e-300,True
1897,Tox2,144.66558212861557,-0.7484474458554408,0.0623543864532625,-12.003124213505586,3.4213321175312445e-33,3.986159631671313e-32,True
1898,Jph2,10.994678979289189,-1.437100450004671,0.2372432197128685,-6.057498510364044,1.3825462197119092e-09,5.622783323330668e-09,True
1900,Gdap1l1,18.18759959829473,-1.4560881697801114,0.1843133740741992,-7.900067898458264,2.787515410762589e-15,1.5930741667783057e-14,True
1906,Pkig,14.963637244074596,-3.5032376178125126,0.4284689853706011,-8.176175493267998,2.9299516560747167e-16,1.7680812478065785e-15,True
1909,Rims4,293.122942402982,1.0856386690522586,0.0552296911925025,19.656794119457885,5.056904593753791e-86,1.761656325409687e-84,True
1912,Tomm34,379.8532955165824,0.6661585313872341,0.0392727682016181,16.96235233450609,1.5597320267547472e-64,3.836370419674686e-63,True
1919,Dbndd2,31.85755135792381,0.9851928471771046,0.1286673324103846,7.6568996086343875,1.904754112881904e-14,1.0455222826766713e-13,True
1923,Dnttip1,45.10256157133884,-0.7300494144836011,0.1055019245759865,-6.919773429894084,4.523665543105517e-12,2.1968859488428012e-11,True
1926,Tnnc2,130.35475270305304,-0.7680410055723528,0.0639229625531991,-12.015103413474606,2.9599911400191417e-33,3.4648142608202643e-32,True
1927,Snx21,94.5877391039284,-1.636189162772362,0.0879835620611233,-18.596532402674026,3.4277566113715152e-77,1.0443311431997396e-75,True
1929,Zswim3,13.123056142878298,-2.995578808231542,0.2911610872473076,-10.288389964992623,7.949444041454425e-25,7.038981134023037e-24,True
1933,Pltp,26.95656541837928,-0.8567941004944599,0.1388068285602026,-6.172564486788597,6.71911081904818e-10,2.7877534994902627e-09,True
1935,Zfp335,19.202262054347138,-0.5386757453403644,0.1567204233157351,-3.437176431403117,0.0005878125753998,0.001338672524885,True
1937,Mmp9,12.92646319680292,-1.6667602885023294,0.2260042113489878,-7.374908098188384,1.6445845844779865e-13,8.644573253186362e-13,True
1939,Cd40,47.56208560232207,-6.815772325250511,0.4669249399394133,-14.597147726002609,2.928430986942121e-48,5.141807339321668e-47,True
1941,Zfp334,13.50839884496334,-1.600669155680812,0.218217516832519,-7.335200120113721,2.213904258187455e-13,1.15365785659065e-12,True
1942,Trp53rka,174.95882964545217,-0.8179999758860047,0.0560180922763255,-14.60242472826424,2.710316847614241e-48,4.763620204128427e-47,True
1943,Eya2,149.0257274975697,-0.5009594042374595,0.0579785097229479,-8.640432578058826,5.600058021140468e-18,3.6900457676603046e-17,True
1947,Platr29,87.75123721642933,-2.639862096370021,0.0984619237957256,-26.810994490081452,2.405462459730797e-158,2.0127620811374252e-156,True
1950,Trp53rkb,928.8726441604372,-0.5623754981929608,0.028250545423146,-19.90671294198093,3.5591508257042704e-88,1.283349064740542e-86,True
1951,Arfgef2,61.754589988698704,-0.80571674814381,0.0894874511832095,-9.003684175720334,2.1826739898596993e-19,1.5311112208049106e-18,True
1953,Stau1,833.404885065137,-0.9801494802500532,0.0289150362832528,-33.89757047677444,7.234044037950046e-252,1.4214490127603414e-249,True
1957,Kcnb1,50.88439293595467,-0.824263488672372,0.101273336450154,-8.138998057776716,3.9856236911250883e-16,2.3837410092474533e-15,True
1958,Ptgis,386.3324928423913,-0.6637964706074381,0.0364912264800871,-18.19057715063821,6.129135320281214e-74,1.8075264499338601e-72,True
1959,B4galt5,182.25388895248363,2.24742841188156,0.0842390434396791,26.6791777317708,8.211393114150618e-157,6.805727145984172e-155,True
1961,Spata2,44.62516124585429,-0.5557189140952641,0.109361147088161,-5.081502241808724,3.744615931527239e-07,1.2421442225066077e-06,True
1965,Ube2v1,343.1605584314552,-0.6479265466948326,0.0404261442731041,-16.027413901204113,8.223447424114294e-58,1.7864801062473386e-56,True
1966,Tmem189,265.43221379686435,0.6162896394392583,0.0480614043998733,12.822963605301595,1.2194864333424657e-37,1.6317045712542493e-36,True
1969,Ripor3,116.9065871651664,-0.5783290907240186,0.0639194813834704,-9.047775079000791,1.459109461622921e-19,1.031819905574672e-18,True
1970,Pard6b,20.915316714220378,0.6797969675627346,0.1807547651687023,3.760879924400694,0.0001693166978586,0.0004159532921954,True
1973,Mocs3,22.77947067340249,-2.8808176922619992,0.2338062480916913,-12.321388824186744,6.948717767629276e-35,8.509746240917421e-34,True
1975,Nfatc2,280.93421853883564,1.3406867346961264,0.0477851864072931,28.056534576822447,3.324687128825385e-173,3.194622445543864e-171,True
1978,Zfp64,62.50393786994193,1.0783118983734166,0.1056175904151949,10.2095862453825,1.796291689673096e-24,1.5675423687127297e-23,True
1987,Aurka,79.02175141863376,0.6400023660855587,0.0859317499915837,7.447798586066751,9.491056882366655e-14,5.046506620821771e-13,True
1989,Cass4,139.258433245319,1.0985855056842806,0.0664125603965234,16.541833338830124,1.833560951841298e-61,4.2470614471259095e-60,True
1990,Gm14455,154.2520077482254,-0.59442362610376,0.0594833263199991,-9.993113413092818,1.6336831665142602e-23,1.3676328968885296e-22,True
1991,Rtf2,84.35469848083629,-0.8202153572672505,0.0749114081569443,-10.949138154616524,6.708283496386449e-28,6.684584717082976e-27,True
1993,Tfap2c,194.5198291734877,0.708859927646417,0.0511595625361674,13.855863742878691,1.1723807409736813e-43,1.8421019225649362e-42,True
1996,Rae1,22.339639267945746,-2.678263988267801,0.2026368920890559,-13.217060134788998,6.994470643757223e-40,9.872421518807611e-39,True
2000,Rab22a,736.9319846156574,-0.5491666691597952,0.0365237309797502,-15.035886379304136,4.272903782413855e-51,8.104614028942896e-50,True
2002,Stx16,138.44872188507748,-4.500751956556715,0.1367782407037031,-32.90546751735534,1.8356876538900126e-237,3.2102505691228534e-235,True
2005,Gnas,17.895693728406044,-0.5416288897082756,0.1708454426504759,-3.17028585196953,0.0015228904039238,0.0032490310337708,True
2006,Gm20721,108.5721149637136,-5.699857121692377,0.2166476691730574,-26.30933969171553,1.4994550632994965e-152,1.1758955222861702e-150,True
2017,Gm6710,11.915674819180916,-1.5630465603531325,0.2309336315210937,-6.768379945605116,1.3023238732416115e-11,6.1371705457422e-11,True
2022,Gm14408,17.131194196760106,-0.6846473522200675,0.170820421023215,-4.00799475916888,6.123647890615615e-05,0.000159788651613,True
2023,Gm14296,146.9559798045262,-0.7009807495254361,0.0593945904700332,-11.802097530735669,3.8070191524294455e-32,4.281488806282066e-31,True
2029,Gm14418,16.474914994226733,-0.6548734503923322,0.1764767586707001,-3.7108198004378856,0.0002065891289486,0.0005012251230653,True
2032,Gm14406,79.7230492595357,1.0540365406863943,0.0834905309876921,12.62462375334248,1.544780139842686e-36,1.9747891144421703e-35,True
2035,Gm14327,12.717688327263092,0.5346589385450259,0.1893114112851395,2.824229849196604,0.0047394383378058,0.0092939333540646,True
2042,Fam217b,165.22120641138503,0.7595476833277907,0.0553617366475034,13.719722850530244,7.736054688627312e-43,1.179495417565078e-41,True
2045,4921531C22Rik,275.04221000998496,-0.7557623847301205,0.0459674198455685,-16.441261816938347,9.688061289926451e-61,2.2205087265823568e-59,True
2046,Lsm14b,639.0145761324642,0.5912424201821078,0.0427047637564647,13.844882120267068,1.3660466182396972e-43,2.140629324352673e-42,True
2051,Adrm1,154.0618396788574,0.5776675225663627,0.0594763525526371,9.71255797932668,2.665619158671337e-22,2.1198884878055637e-21,True
2052,Lama5,35.47590774632305,0.6110056614488966,0.1143147332096814,5.34494237350982,9.044582389694102e-08,3.183168783074471e-07,True
2056,Slco4a1,40.52798804253734,-1.2823956269466192,0.1192714124617873,-10.75191112838945,5.8046276817393486e-27,5.586754479816055e-26,True
2057,Mrgbp,18.840617957822705,-0.6786310967330917,0.1599259972259855,-4.243407003891575,2.201516279287828e-05,6.057287081841652e-05,True
2058,Ogfr,11.17047821897267,0.7759781791003679,0.2186170815911055,3.5494855820632214,0.0003859846016448,0.0009033858021365,True
2067,Col20a1,2032.0531874863489,-0.5100890457888643,0.0200248659430251,-25.47278205208325,3.948826445731344e-143,2.901557852224779e-141,True
2075,Tpd52l2,12.412806633306795,-0.5390303254348633,0.1912580189690242,-2.818341047034287,0.0048272505692724,0.0094512939941152,True
2078,Prpf6,245.05982368355367,-3.536543219040765,0.1068695741814186,-33.09214288659214,3.855356892187441e-240,7.023175138601455e-238,True
2079,Samd10,58.58961261415451,-0.9050539760697832,0.0928093065552698,-9.751758844688757,1.8129951114916144e-22,1.4537211604660869e-21,True
2080,Sox18,41.43160636321015,-0.8912780519133711,0.1095319414932299,-8.137151955518473,4.046846726887368e-16,2.4195301046087617e-15,True
2081,Tcea2,618.0110525005131,0.9278863866340872,0.0481267882437823,19.28003967216665,7.901588369539441e-83,2.6220678824763902e-81,True
2083,Pcmtd2,243.6649933657617,0.6222082638715083,0.047738628683498,13.033643425258033,7.875529340526743e-39,1.0861771065231205e-37,True
2086,Pex2,32.721956516584946,-0.8984775636891859,0.1191187374935288,-7.542705560810668,4.603196979865659e-14,2.4891994058098533e-13,True
2089,Zc2hc1a,90.99800365428128,0.6998001259958202,0.0781767640884481,8.951510517934404,3.506506944577617e-19,2.438242284165939e-18,True
2092,Stmn2,31.75588932282852,-1.0078503073782852,0.1396371508404618,-7.21763729288471,5.289857941329715e-13,2.700205361295215e-12,True
2098,Pag1,174.72936929845824,0.7588756942374596,0.0536172090343981,14.153584416350403,1.7747559330742206e-45,2.911532059812568e-44,True
2102,Impa1,70.99810592475727,1.097262831933514,0.0899029572840262,12.204969281121445,2.9241884675674208e-34,3.5267729600564864e-33,True
2107,Lrrcc1,33.16237956920647,0.994500241401072,0.1202073702179906,8.273205208612339,1.3040496932334181e-16,8.027180934623728e-16,True
2108,E2f5,13.44107937662014,-4.688881009166378,0.4400228210103809,-10.655995064982683,1.63486836136291e-26,1.5479468274777784e-25,True
2109,Rbis,43.69481070587572,-0.5299989010850352,0.1072018594467755,-4.943933844246177,7.656169390990716e-07,2.462591324437109e-06,True
2114,Ythdf3,208.15732459828507,-0.7176399924928549,0.0487218765583221,-14.72931757121075,4.17904559524898e-49,7.538194616734848e-48,True
2115,Bhlhe22,12.84417168000166,-1.4047475579052546,0.2044735849121242,-6.870068613062988,6.417103202195445e-12,3.086421914191253e-11,True
2120,Gm16093,35.80893939544995,-0.7524077301113083,0.1248662386950364,-6.025709895442038,1.683689527250323e-09,6.817402744281929e-09,True
2127,Naaladl2,71.64339956428715,-0.5541467432686179,0.0840933054726869,-6.58966537411949,4.408189753335342e-11,1.9997515539903618e-10,True
2129,Ect2,74.90686200236719,0.5471153299132231,0.089785203593458,6.093602375626699,1.1039767684781668e-09,4.512937290122997e-09,True
2131,Fndc3b,21.91564064532441,1.2833166650448686,0.1550685598095361,8.275801791292249,1.2759409344051243e-16,7.859688291960836e-16,True
2138,Mecom,13.193014617324062,-3.417445675692558,0.3025034253343672,-11.297213153587071,1.3544836090077593e-29,1.4175469392176955e-28,True
2139,Mynn,160.96860653112307,0.5334459849112173,0.064027953172805,8.331454598767193,7.985506090951148e-17,4.97508124398125e-16,True
2153,Mfn1,310.12015143446,0.8198460871558955,0.0458483322339716,17.88169922892909,1.6376879854817957e-71,4.619336691952523e-70,True
2157,Mrpl47,224.68010432566936,-0.6322579106124957,0.0493762882402413,-12.804889414453992,1.5394496754315953e-37,2.05041096145832e-36,True
2166,Dnajc19,221.52343715623977,-4.006707894208199,0.097063900617263,-41.279073566260514,0.0,1e-300,True
2168,Sox2,448.9764143520815,-0.577724990765521,0.0369394432547797,-15.63978608937932,3.900360365314649e-55,8.0721304223222e-54,True
2178,Exosc9,159.4322414507901,-0.8993945312441207,0.0603813613733011,-14.895234403274085,3.539411668251416e-50,6.5499715613101335e-49,True
2182,4932438A13Rik,201.06254917566852,0.6632257869708219,0.0518407245627862,12.79352849645388,1.781958194644916e-37,2.369801133684433e-36,True
2184,Adad1,18.406987577575464,0.8885052399959645,0.1668373285329078,5.325578201287917,1.0063240898050593e-07,3.529602022164235e-07,True
2185,Cetn4,26.45692865982866,-0.8480219644868868,0.1337647416287945,-6.339652393903624,2.302841325360144e-10,9.914349851772083e-10,True
2189,Spata5,105.59811074511327,1.2095497922409746,0.0732671016406835,16.5087708556133,3.172797854928509e-61,7.329707911095082e-60,True
2199,Larp1b,103.91244294409542,0.7348666742105272,0.0675889160686658,10.872591498049044,1.5571398347150886e-27,1.5307060949689414e-26,True
2202,Platr4,22.80563063331486,-1.6644388182398704,0.1748030906792245,-9.521792845723924,1.702166835459921e-21,1.308461257957059e-20,True
2204,Jade1,420.9128687811412,0.5702435728364539,0.0404513849156339,14.097009880521108,3.962047991897229e-45,6.427485647708603e-44,True
2205,Gm31266,206.75645952587988,1.1169166956953516,0.0533190328473051,20.94780486536531,1.9648156412734223e-97,8.028199984717199e-96,True
2206,Sclt1,27.79310291086061,1.2569146577673629,0.1386018530330186,9.068527081437596,1.2063668724098951e-19,8.5690267525200035e-19,True
2207,D3Ertd751e,111.7565201761427,-2.5217965516120544,0.0888787202447329,-28.373457051003165,4.299699675137511e-177,4.2007345206036195e-175,True
2209,Gm31415,58.14415664602789,1.3171524231189011,0.0977965276817612,13.468294369356704,2.4035424003757017e-41,3.547101223440529e-40,True
2210,Pcdh18,75.96504328183774,1.2809801300053345,0.0876128859630779,14.62091010841909,2.0661971472587636e-48,3.646181201943618e-47,True
2219,Maml3,312.91540140442976,1.225266519028612,0.0481276262821578,25.458694177960098,5.656062966919023e-143,4.138628835375728e-141,True
2222,Foxo1,42.31390168267101,0.7114644429143515,0.1089295508440607,6.531418126683142,6.514983387837884e-11,2.9168978363161525e-10,True
2231,Supt20,76.32493873510406,-1.630391571903625,0.0916246532612646,-17.794245477302034,7.831510680641709e-71,2.167048398466174e-69,True
2236,Sohlh2,24.577454092565432,0.756591740621212,0.1386466177537293,5.456979426393986,4.843024438991481e-08,1.748447799114018e-07,True
2245,Serp1,32.25201369652585,1.358141486461416,0.1346271626807868,10.08816838606108,6.23214987038903e-24,5.332085955644e-23,True
2248,Siah2,51.28498352429432,-0.5528112533232483,0.0988220140552237,-5.594009175064232,2.2188522118531356e-08,8.241989694326175e-08,True
2253,P2ry12,85.14957083841053,0.5855541343742079,0.0787289346480162,7.43759758711484,1.0253283589919775e-13,5.440213089214716e-13,True
2256,Aadac,65.74090237028551,0.7899399899300084,0.0879162223953318,8.985144816367276,2.583937894645168e-19,1.808239531874938e-18,True
2258,Rap2b,143.70119663982507,0.676677561625876,0.0572753275269874,11.814468652440851,3.2861992418105663e-32,3.702902857009226e-31,True
2260,Dhx36,10.457266604411526,-4.744715241542862,0.514757116439588,-9.217386394501071,3.044298684217306e-20,2.229426105091803e-19,True
2266,Vmn2r1,360.945775075302,-1.4336939159808204,0.0471869221198768,-30.383289512686765,9.132766062354015e-203,1.1327220772939508e-200,True
2270,A330015K06Rik,38.57486788627853,1.0167569341878493,0.112433094568211,9.043217551670269,1.521267104779877e-19,1.0749058233693126e-18,True
2271,A730090N16Rik,124.01566833045962,0.7707278668885392,0.0761501110943241,10.12116536420898,4.450842497224946e-24,3.838083510427509e-23,True
2272,Ssr3,10.97952333230465,1.3582879758526385,0.252987375822044,5.368995079059136,7.91765796164956e-08,2.802347752141824e-07,True
2275,Ccnl1,313.72079661375375,-0.5204824482710306,0.045080114789143,-11.545721449590928,7.758769699229193e-31,8.475038382268589e-30,True
2278,Ptx3,13.05931229329376,1.298093236545472,0.1985447696986139,6.53803793731734,6.233111589229637e-11,2.7949911659602023e-10,True
2286,1110032F04Rik,153.25148717427604,-0.6503650383494786,0.0551189607684886,-11.79929790550932,3.9358150571694037e-32,4.420650849054499e-31,True
2288,Smc4,865.086022031945,0.606547203217991,0.0271841273634374,22.312550081478573,2.791210447266242e-110,1.3521520305205553e-108,True
2291,Ppm1l,60.382417562878,-1.166645762955079,0.0917780861316565,-12.711593934106602,5.098450508731597e-37,6.653858395275984e-36,True
2296,Bche,99.36740414274416,-1.332311442300254,0.1334146799663128,-9.986243212790848,1.7509224418528158e-23,1.4615814636335104e-22,True
2299,Serpini1,26.986399778055127,-0.6138089575675879,0.1467506663438502,-4.182665556893468,2.8811106871679216e-05,7.810395860671619e-05,True
2313,Glrb,94.3189992664817,-1.4922216010059468,0.0950240138120532,-15.70362628500826,1.4283830594146575e-55,2.9879859979717137e-54,True
2316,Ctso,31.081059472926245,0.6624347707395959,0.121174162932699,5.466798818387683,4.58235631703766e-08,1.6574197988077478e-07,True
2321,Sfrp2,179.33145847767614,0.5301215254724944,0.0565570679773002,9.37321442627231,7.035650071483307e-21,5.2783976169069105e-20,True
2323,Tmem131l,51.44039142923359,-0.9235204178040186,0.0983940814705822,-9.385934641608822,6.2360871944315386e-21,4.690610445428763e-20,True
2328,Arfip1,155.63409790333543,-1.1957517203002517,0.0594570332784322,-20.111190457496395,5.88933139114717e-90,2.1728402398392768e-88,True
2329,Gm37240,80.76713041024242,-0.5139315615394277,0.0882091000431422,-5.82628732509535,5.667400919984787e-09,2.2137928811412545e-08,True
2338,Mab21l2,158.71723903843088,-0.5682614360332963,0.0606473245850152,-9.369934121936556,7.257781348356323e-21,5.44271356003668e-20,True
2341,Cd1d1,51.38107036897996,0.5988293373418202,0.0954288919923173,6.275136647190975,3.4932735843306763e-10,1.4802609266482882e-09,True
2356,Mef2d,75.94755305928703,-0.87469710195579,0.0918428030451299,-9.52385024143894,1.6687891589251973e-21,1.2839324598013132e-20,True
2362,Smg5,130.5388512938061,-2.600917618827298,0.1328728756922865,-19.5744812872917,2.552218333069384e-85,8.786061852109723e-84,True
2371,Lamtor2,24.988282325929717,-1.6542180830316624,0.1532022238268436,-10.79761142959216,3.53274192686046e-27,3.4398992659763765e-26,True
2375,Khdc4,488.9388354348229,0.663933408604695,0.0396942755115278,16.726175249422997,8.449289533364603e-63,1.9913905034970372e-61,True
2377,Syt11,18.13085512595205,-2.7234474836348,0.2210835716938018,-12.318633459598448,7.190236515760784e-35,8.793206726407315e-34,True
2378,1500004A13Rik,254.0833251127542,-1.44387492889122,0.0535794588383764,-26.94829250229456,5.973284189664336e-160,5.095648483358532e-158,True
2382,Dap3,117.09239079403068,0.7213254483938336,0.0670877186775738,10.75197461789618,5.8006329046961866e-27,5.585983933773508e-26,True
2388,Clk2,31.536773886397057,0.5352950327675554,0.1199750839154235,4.461718344326491,8.130504559407964e-06,2.3505747021809638e-05,True
2394,Muc1,40.05888167816884,0.7944809903676534,0.1115453756110712,7.122491506396423,1.0599328758092542e-12,5.306643610693454e-12,True
2404,Dcst2,28.337517291909013,0.7073922222182797,0.1317206486959148,5.3703973463669925,7.856334445362625e-08,2.781769118860125e-07,True
2405,Zbtb7b,97.59257228223557,1.8246933213239385,0.0797301445952312,22.88586494590498,6.425359433663554e-116,3.374374948225472e-114,True
2410,Pbxip1,72.61702338787138,0.5240217500352311,0.0845246044046389,6.1996356413171405,5.659402464306447e-10,2.363783861853144e-09,True
2417,Hax1,26.82214906400152,1.8409670090045416,0.1546877137191724,11.90118442339074,1.166792577095916e-32,1.330173962728382e-31,True
2423,Nup210l,52.65438546032636,-1.8797744429921248,0.1088519424916197,-17.269094147188454,8.039440990129995e-67,2.073654041819961e-65,True
2426,Jtb,50.10269871225572,0.6893506896951622,0.1015071176384605,6.791156184243484,1.1123841653577969e-11,5.26620852294996e-11,True
2430,Dennd4b,11.0260491125718,0.8674481803760742,0.207461297156044,4.181253044627473,2.8990700853652523e-05,7.856646157270655e-05,True
2431,4930537H20Rik,10.799626632837914,0.8228087628245706,0.2116900780113612,3.886855588859536,0.0001015511260468,0.0002573805930879,True
2434,Ints3,36.27734576900554,0.5065610851305489,0.1117699126652205,4.532177515856423,5.837875799821834e-06,1.7106697719048968e-05,True
2440,S100a13,903.7392939830934,-0.5792813588201857,0.026862464805042,-21.564713551954284,3.852956062394497e-103,1.6678340499790832e-101,True
2456,Tchh,24.642434485561974,-3.6302285858084873,0.2363076339002864,-15.362299244806948,2.9299630653420473e-53,5.8492230692581865e-52,True
2461,Mrpl9,310.3683155673131,0.5726253938897798,0.0399746756557232,14.324703940600838,1.5338033020681886e-46,2.576671675943178e-45,True
2467,Selenbp2,49.24643260152922,0.9362737853487808,0.0992327334457838,9.435130453806526,3.905080091614935e-21,2.9563653957645876e-20,True
2477,Psmd4,30.93635580949672,1.0649611801369891,0.1364704468696415,7.803602937962493,6.016428698115248e-15,3.390760717777617e-14,True
2480,Scnm1,544.1415252597931,1.4965517647058524,0.0494248796060959,30.27932038748501,2.146069529406025e-201,2.6062822173786506e-199,True
2482,Sema6c,669.1591145464708,-0.706435360604294,0.0358233974193029,-19.719943151557185,1.4539180868635424e-86,5.105646486560167e-85,True
2483,Gm16740,153.21793117146677,-0.5074807623864466,0.0552427483298825,-9.186377899883276,4.0629187060181995e-20,2.9629825826040983e-19,True
2485,Cdc42se1,81.48265487604286,-0.6512307166992866,0.0825514139835884,-7.888789364998085,3.0513202419015173e-15,1.73776353209863e-14,True
2496,Hormad1,49.631841508914135,1.4430174471910933,0.1073384060302953,13.443626569075509,3.3557862942947345e-41,4.927455139767114e-40,True
2497,Golph3l,13.08357446252726,1.1671917008349584,0.2100920835020767,5.555619618686969,2.7662869561618852e-08,1.0199626036128832e-07,True
2508,Ciart,136.56178852836763,0.9319429917959364,0.0643805694369083,14.475531980331766,1.7298219653107124e-47,2.9774730835978093e-46,True
2519,Sv2a,120.43922409548624,0.5720491635464447,0.0656340987001705,8.715731226228579,2.8888793854574887e-18,1.9304823344623826e-17,True
2525,Gm20633,106.4454639657651,1.132648523790705,0.074693601708016,15.163929679255912,6.128988273202713e-52,1.1830435642579366e-50,True
2526,Hist2h2aa1,763.5798348813747,-1.525740030402294,0.0378770661945696,-40.28136769000966,0.0,1e-300,True
2530,Hist2h3b,62.69433643609441,-0.6502139915672106,0.0877702410801813,-7.408137240653315,1.2808571877118344e-13,6.765216097464379e-13,True
2537,Polr3gl,322.9224245118382,0.5163628611490394,0.0460939260837225,11.202405718513656,3.9680911910425664e-29,4.086806757888834e-28,True
2543,Pias3,100.20885088640452,-2.2975960481927,0.0925327848499368,-24.830075652848645,4.245169447723578e-136,2.801491445350564e-134,True
2546,Rnf115,14.586148603884688,-1.0749493191822244,0.191026935825535,-5.627213327464855,1.8314417708081823e-08,6.853921842559059e-08,True
2551,Chd1l,31.137416838330815,1.216145660511838,0.1337146177102974,9.09508385348494,9.451350991233705e-20,6.746335760599797e-19,True
2555,Sec22b,55.0758361643392,-0.9871782215002092,0.098451811595512,-10.027019366144504,1.159644519337556e-23,9.764017021750208e-23,True
2556,Notch2,10.669725324057325,0.5854368244200989,0.2020629930130051,2.8972985883784235,0.0037639133456534,0.0075037980607372,True
2564,Tbx15,59.94967752821875,-0.7525525876776439,0.1120665843977267,-6.715227306355822,1.8777327575782088e-11,8.747413549421343e-11,True
2575,Ttf2,102.13664806514406,0.5106558817301281,0.0865410054446126,5.90073895151304,3.618770935148217e-09,1.4321128335341034e-08,True
2591,Csde1,657.9928345039757,0.9419757761066446,0.0326991275351845,28.80736726363937,1.7343950384869567e-182,1.7947396705952605e-180,True
2596,Trim33,39.93401442593075,0.5351581883404568,0.1134928138169633,4.715348666952061,2.412971833900696e-06,7.388907622352543e-06,True
2607,Magi3,158.021564669154,-0.9118000911154944,0.0612896645312536,-14.876898055960751,4.655910572220077e-50,8.607036372831364e-49,True
2608,Gm42699,75.92314160275227,0.7121537868825097,0.078104323358554,9.117981646332437,7.653637565473848e-20,5.5013075933007245e-19,True
2611,Gm43258,15.727207535576708,0.8517312314113169,0.1736103442667649,4.905993562817721,9.295557334897516e-07,2.9713161519409203e-06,True
2614,Gm43260,85.01689721900415,0.5727644997536524,0.0866915424748287,6.606924774927807,3.9238529185580764e-11,1.7865227763536486e-10,True
2618,A530041M06Rik,53.72704050186724,-1.305303080901006,0.0975046890114933,-13.38708008952414,7.19543345660309e-41,1.0425330595615148e-39,True
2619,4930509H03Rik,33.400453974809004,-1.4247305221288624,0.1496012242048963,-9.523521814083068,1.6740735564799e-21,1.2874317658628186e-20,True
2621,Mov10,17.288393116670463,-0.5556381977737127,0.1672139217356286,-3.3229182833962665,0.0008908100589798,0.0019714611884889,True
2622,St7l,165.1672702299732,-0.5722468867196746,0.0569586379084636,-10.046709467303517,9.498625392350865e-24,8.032493271829395e-23,True
2623,Wnt2b,254.9362811746793,-2.4911604596740187,0.0776097852785087,-32.09853565158434,4.621251394603203e-226,7.215753963287572e-224,True
2625,Kcnd3,54.21032867110429,-1.729241020969131,0.129942610368831,-13.307728820137042,2.0873078422771223e-40,2.999411630710133e-39,True
2626,Ddx20,66.06072640157761,-1.5341479408605072,0.1101819799104952,-13.923764504020983,4.543299537434115e-44,7.177346188857073e-43,True
2627,Inka2,69.53480856696108,0.8398276257532691,0.0834605117743108,10.06257459844343,8.085568144551279e-24,6.864097850092853e-23,True
2642,AI504432,281.83913975209435,2.30611249645388,0.0669551501228792,34.44264544581852,5.8024688564600615e-260,1.1799252949043436e-257,True
2644,Slc16a4,18.8302043957912,-2.6741161341645467,0.2111038039856968,-12.667304348270909,8.97457273276049e-37,1.1565757402396126e-35,True
2646,Kcnc4,25.485082820036936,-1.5509180071075968,0.1488852558451888,-10.4168676629756,2.076806226341732e-25,1.880848642478726e-24,True
2652,Gstm5,318.9654619112451,-0.8528824902740583,0.0487254161130893,-17.503852369255497,1.3389857716335492e-68,3.558690452025457e-67,True
2653,Gstm7,26.78420528199472,-1.6691331482599412,0.1490487716387334,-11.198570306272703,4.14366573218064e-29,4.265122208615364e-28,True
2658,Gstm4,1756.4257027069518,-0.5038213682756784,0.0209539200038997,-24.044253685320548,9.58706278520452e-128,5.90347021083298e-126,True
2667,1700010K24Rik,12.785962348273577,-0.7903551992235266,0.2176094574835015,-3.631989199198518,0.0002812448958083,0.0006698094427203,True
2669,Sort1,124.81865186685418,-0.8589795304938029,0.0785167500538816,-10.940080045395831,7.413442655333793e-28,7.370453960004398e-27,True
2678,Gm27244,35.18141067652014,0.6330009826390817,0.1156992511558748,5.471089711603028,4.4727679967238446e-08,1.6201277283907746e-07,True
2680,Prpf38b,235.1230592692567,0.8133444076136448,0.0656936215000524,12.380873348761812,3.3171335657057827e-35,4.093862512142747e-34,True
2687,Amy1,327.6357664155367,0.9598532154805794,0.0397916340644199,24.121985388351803,1.4698730799926723e-128,9.14773680530671e-127,True
2691,A930005H10Rik,27.69808921204552,-0.9667797576273466,0.1311139930881931,-7.373581834068978,1.6610364753175145e-13,8.723184949054863e-13,True
2692,Dph5,243.09434448489105,0.5082901903555049,0.0455412708474297,11.1610892910379,6.321225840276136e-29,6.4760162562829e-28,True
2693,Slc30a7,52.17013433090944,1.0226326333009896,0.0972304445618378,10.517617582737708,7.166270323978785e-26,6.585587778546558e-25,True
2708,Ptbp2,29.151330851715045,-1.5998696304632438,0.1410708981118116,-11.34089065765499,8.230252431218792e-30,8.712509353338632e-29,True
2712,Tmem56,64.78373741220577,-0.6308119896763721,0.0838881265714624,-7.519681455026857,5.4909861057758574e-14,2.95374853945888e-13,True
2713,Alg14,68.34235018541949,-0.8619758798643246,0.087723298608402,-9.826076920707196,8.69397679727943e-23,7.03890121438994e-22,True
2714,Cnn3,294.8735416277547,-0.697349864346932,0.0547525552963643,-12.736389389907384,3.711789640903882e-37,4.876917899333366e-36,True
2715,Slc44a3,69.11226920826893,-0.5010647914091829,0.0840510580503299,-5.96143347903062,2.500347029001228e-09,1.0010546896330922e-08,True
2719,Arhgap29,35.34161782772319,0.5043523687142465,0.1204228417979694,4.188178597880846,2.8120219018198812e-05,7.632568526932498e-05,True
2723,Dnttip2,1066.795949350407,0.5291138351044196,0.0268273481657945,19.722927209743816,1.3706178024356838e-86,4.822809683902462e-85,True
2728,Pde5a,178.36751207246428,-0.71536411359413,0.0547363283485616,-13.069274742702545,4.933362504160998e-39,6.830929807820075e-38,True
2731,1810037I17Rik,80.99946922704785,0.6528746794019544,0.0789477862243539,8.269702174379077,1.3429406222760334e-16,8.254954517526634e-16,True
2733,Sec24d,14.90278792605038,-1.2019479797012824,0.1837278736852087,-6.54200125213797,6.07009945993611e-11,2.7239902323675307e-10,True
2735,Prss12,92.4801106926858,1.1725915142757022,0.1088223078556174,10.775286220096207,4.503791762970535e-27,4.365981726764341e-26,True
2741,Camk2d,371.4895486077325,-0.8232732484322064,0.042721562569149,-19.27067267494392,9.469720402532679e-83,3.1305570963987047e-81,True
2742,Ank2,284.8416716301081,0.8851540720177037,0.066662155056555,13.278209671840855,3.097107032751652e-40,4.439525228586958e-39,True
2744,Zgrf1,39.10912535311528,2.0131647481606185,0.1283755375618485,15.681840842853097,2.013336738069176e-55,4.2015791020708526e-54,True
2748,Ap1ar,720.9030206363556,0.6944915605499264,0.0362372174398192,19.16514593603382,7.235354247584617e-82,2.3695107693213443e-80,True
2752,Elovl6,163.28230415795835,0.5565749406773157,0.054934729089262,10.131567951722324,4.001802298521378e-24,3.461103788157362e-23,True
2766,Lef1,48.66461564004002,-0.9623871900748724,0.2635163117282893,-3.6520972222288326,0.0002601073675251,0.0006225205478691,True
2774,Gstcd,152.9538904736478,-1.322071321999453,0.0732676718243552,-18.04440197265799,8.730438927941053e-73,2.519437557290975e-71,True
2787,4930539J05Rik,475.4395244793997,1.0116052445260753,0.0421261988930989,24.013684384227595,2.000998039674868e-127,1.219284101666693e-125,True
2798,Gm43689,301.0856132111539,0.8578836803649054,0.0504635623000866,17.000061851825166,8.203332528872402e-65,2.0320096213161556e-63,True
2799,Dapp1,202.10325520688187,-0.5812209649001104,0.0529151540235283,-10.984017256033596,4.561762462083949e-28,4.563850225224491e-27,True
2805,Tspan5,45.66071484687026,0.7209188101839856,0.1407093906431563,5.123459115904067,2.999807145445898e-07,1.004800370801721e-06,True
2808,Unc5c,29.673805773522105,3.4841419830660425,0.2088676411630168,16.68109987581438,1.7987635313973456e-62,4.211081209782701e-61,True
2813,Gbp2,35.66239970841846,1.0656150962680735,0.1286172010959962,8.285167825046425,1.1794265102723075e-16,7.275418275711507e-16,True
2814,Kyat3,166.54076945216698,2.5946239831968296,0.124727868665961,20.802279482106773,4.127209424595405e-96,1.6554274866358816e-94,True
2815,Gtf2b,693.0807087506488,-0.7835957712149647,0.0390167968053298,-20.08354953187551,1.0278157450201945e-89,3.760343462115724e-88,True
2817,Lmo4,137.61915851736856,-1.3396223380533805,0.0623389292848634,-21.48933825815093,1.9588311634430927e-102,8.416717293929434e-101,True
2823,Clca3b,52.03810769553375,1.3038224767458075,0.1018170961488067,12.805535868360035,1.526682580543536e-37,2.0349561713830303e-36,True
2824,Clca4b,67.13034241581845,0.8513725989792911,0.0931806855486177,9.1367926085399,6.43319887636144e-20,4.646996363065216e-19,True
2826,Gm35066,48.97121273215624,-0.904926535770418,0.1072369063271352,-8.438573684789668,3.212334258191983e-17,2.0398439182012128e-16,True
2829,Znhit6,13.010448068305983,-2.6790704735653508,0.2621146707075503,-10.220986358121383,1.5970743063888439e-24,1.396481773506405e-23,True
2833,Bcl10,106.19393508607745,0.517472614590726,0.070596840778208,7.32996843607286,2.302069443227985e-13,1.19888595661617e-12,True
2836,Mcoln3,290.9085848507372,0.911210689058236,0.0451709483948655,20.172494079442668,1.7080388080932316e-90,6.355358016156264e-89,True
2838,Ssx2ip,204.0864423268399,-0.6458697843637623,0.0504196302302362,-12.809887367568193,1.4434392755610857e-37,1.925466518002461e-36,True
2841,Gng5,99.86095077468862,-1.086181568552674,0.0758726751554702,-14.3158464668207,1.742297366303941e-46,2.924116731470568e-45,True
2842,Rpf1,40.12199573700625,1.01213552794482,0.1159079238128617,8.732237578329462,2.4968306400281018e-18,1.6729721928280245e-17,True
2845,Gm43573,18.723157959260117,-0.7624489086857338,0.1666636910077492,-4.574775129936868,4.767317481023368e-06,1.411629666578677e-05,True
2852,Ak5,30.061412882074382,1.1322518897368117,0.133744073965602,8.465809782555436,2.5437903678951013e-17,1.62297723289856e-16,True
2853,Pigk,39.40709835527115,-0.8629965427203953,0.111994150905688,-7.705728698699074,1.3009875855099162e-14,7.195341839151619e-14,True
2855,St6galnac3,44.37501328423486,-5.497092615728278,0.3137615026348956,-17.51997160124802,1.0087574274738255e-68,2.6851065284113032e-67,True
2872,Lrrc7,75.08577420629005,-0.6488865393007094,0.0780629894013957,-8.31234550811485,9.382876392739385e-17,5.81665162553089e-16,True
2873,Depdc1a,204.82562105050684,-1.1806613346949786,0.0633985097924392,-18.62285625577561,2.0972367978167263e-77,6.400781347333141e-76,True
2874,Wls,148.7730033053222,0.8387419117860664,0.0618422328754562,13.562607182622337,6.672167533504253e-42,9.9728945150361e-41,True
2878,Lyn,502.6091443133377,-0.7569136062860111,0.0320898438970274,-23.587325906441237,5.200238355383482e-123,2.9816973232441413e-121,True
2887,Tox,130.67832790288296,-0.5658308967452294,0.0606630772152549,-9.327434787679046,1.0846414276461714e-20,8.068145166599849e-20,True
2890,Chd7,108.85626008134516,-0.6442721683341175,0.0785920756083282,-8.197673408511498,2.450841183857832e-16,1.485626018138848e-15,True
2894,2610301B20Rik,37.79414819373063,-0.9006794154343679,0.2251509909253258,-4.000335116149187,6.325284641931186e-05,0.0001648041981795,True
2895,Plekhf2,565.444059803871,-1.1370877346803934,0.0351282506072593,-32.36960893365443,7.350855261873359e-230,1.2127524228268047e-227,True
2899,Dpy19l4,53.335333019168814,0.6557629101273695,0.093251783076492,7.032175562685637,2.0333771775018037e-12,1.0022463382229858e-11,True
2900,Esrp1,302.22360529596153,0.5113925838820242,0.0498938908106779,10.249603219410174,1.1883032843379768e-24,1.0484887909436197e-23,True
2903,Rad54b,170.96837048945372,0.8621285187552326,0.0730119873544439,11.808040706657438,3.5473130931115407e-32,3.991982713792447e-31,True
2904,Fsbp,76.15497383466827,-0.5412835656583905,0.0820576773900654,-6.596379313606101,4.2132016584917365e-11,1.9147731445868887e-10,True
2906,1700123M08Rik,41.47878121247769,-1.145368943746735,0.110958093108133,-10.32253629873152,5.573116630206691e-25,4.9751232072003385e-24,True
2910,Runx1t1,56.515707858450526,-1.042909770306913,0.1011206816315373,-10.313516023428903,6.121972792875138e-25,5.44562869795526e-24,True
2912,Otud6b,45.80464099463139,0.7246585319542393,0.1039727381235658,6.969697490250016,3.176232126481924e-12,1.5547003229789494e-11,True
2915,Necab1,87.78046324050094,0.7355751687358437,0.0856668789511658,8.58645929140428,8.969057389031312e-18,5.830887569493665e-17,True
2918,Nbn,123.37907761015724,0.8587952445446123,0.0656817889716578,13.075089122727595,4.570279857498724e-39,6.338227926085463e-38,True
2923,Gm11867,46.38846461566927,-0.9781543538864672,0.1051260063448915,-9.304589681428524,1.3451068823523908e-20,9.967469982448565e-20,True
2937,Faxc,10.72721417832286,-1.9432600767666943,0.2417470724142052,-8.038401695459404,9.101783559754622e-16,5.335970194200095e-15,True
2938,Fbxl4,28.648002975913773,0.6735556302547153,0.1308868020069304,5.146092806355303,2.659678775827012e-07,8.963665914754824e-07,True
2944,Fut9,66.75533612732052,0.9512187742685696,0.0944362523040646,10.072601898748026,7.302032847364017e-24,6.217037508992304e-23,True
2949,Casp8ap2,29.777414872330937,0.6945368485836982,0.1226833153825935,5.661216820052125,1.5030337512164872e-08,5.662441671967671e-08,True
2953,Ube2j1,594.7545507441127,0.7253529377687818,0.0355814179401883,20.38572321620476,2.2388333028759142e-92,8.604992703449228e-91,True
2955,Srsf12,46.40596807382722,-1.0346171725834263,0.1027596315351375,-10.06832310633238,7.626729312962794e-24,6.487171314450066e-23,True
2959,Rars2,143.33881254915144,0.7476783586568627,0.0630897482509174,11.851027772107011,2.1256757905310967e-32,2.41075345167366e-31,True
2969,Smim27,43.73179180270929,-3.671412487990581,0.1812689032931664,-20.25395653248258,3.278222391082096e-91,1.2355507149837005e-89,True
2972,Dnaja1,71.28836868693561,0.6931276968600695,0.0830748388875512,8.343413073581468,7.217650134440625e-17,4.507938055396345e-16,True
2973,Smu1,20.52924823373405,1.299869545878049,0.1658955928319716,7.835467619652979,4.671010186677825e-15,2.646149211034072e-14,True
2975,Bag1,270.7688175829092,-0.5581045357598492,0.0443482124309625,-12.5846004870807,2.5663787629953247e-36,3.266436084953584e-35,True
2979,Nol6,175.86832351799265,0.523787369011113,0.0546731076820981,9.580347472778092,9.671899010152854e-22,7.517429772869027e-21,True
2987,Fam219a,36.54916859945255,-1.3959531689310418,0.1458711603716846,-9.569768043073806,1.0714578945440114e-21,8.309381667310721e-21,True
2992,Rpp25l,21.60774536349851,-0.5351695193064528,0.1463211362909255,-3.657499749334864,0.0002546875085508,0.0006107192032821,True
2996,Ccl27a,75.28894526493397,-3.0997553422574544,0.219982967296636,-14.09088794623626,4.320941806339554e-45,6.990252572550058e-44,True
2998,1700022I11Rik,70.83736933257869,-2.556521430889556,0.109678910840505,-23.309143127863894,3.581083043043996e-120,1.98183481825169e-118,True
3004,Atp8b5,41.71174165592935,1.069866518979903,0.1093724374537571,9.781865924239314,1.3470391049952745e-22,1.084577341996195e-21,True
3008,Ccdc107,242.25549532024635,-1.854099105790466,0.0968976735085005,-19.13460910522079,1.3005104503073823e-81,4.235256378952608e-80,True
3009,Arhgef39,93.76740424906586,-0.5336418849981078,0.0717992667375767,-7.432414135210409,1.0663332260719708e-13,5.64920795442188e-13,True
3012,Tln1,43.627812273345775,0.73070141412807,0.1161238435059465,6.292432217769746,3.1252981247767605e-10,1.331106030348173e-09,True
3022,Glipr2,43.98701039345968,-1.03443153513927,0.1072927976148955,-9.641202001761007,5.355712766515708e-22,4.2085463877377516e-21,True
3030,Fbxo10,130.96884438554338,-0.930362681861066,0.0610377705648869,-15.242409302483155,1.84923555520515e-52,3.6254967925367337e-51,True
3033,Trmt10b,32.48752563823934,-2.963057536654809,0.3301486310138833,-8.974919955158644,2.8355789328540447e-19,1.977217080452613e-18,True
3034,Exosc3,11.99953597821878,-2.8946338355195085,0.3010525068071129,-9.615046445615969,6.907816829341889e-22,5.395439960318488e-21,True
3035,Dcaf10,51.91543867615605,-3.22396718070684,0.1575102736124088,-20.468297760945863,4.127886809629444e-93,1.6006315859600825e-91,True
3043,Xpa,64.37261328449323,1.275928066953017,0.0990364699592834,12.883416255421718,5.580941418873514e-38,7.530825889912038e-37,True
3044,Gm12446,19.3585643261835,0.9742759282275316,0.1656560599389892,5.881317765171738,4.0701290639734024e-09,1.604924849397223e-08,True
3045,Foxe1,48.62029925406444,-0.7888297810109804,0.0989863772404366,-7.969074159517151,1.598675082836459e-15,9.263628180465208e-15,True
3046,Trmo,46.46225540665674,-0.7322946274203502,0.0996963164600767,-7.345252597307306,2.05370873564156e-13,1.0711380366507485e-12,True
3049,Trim14,89.0984411366573,0.566579242390766,0.0864447334603609,6.55423667481802,5.5927207387054654e-11,2.5181642708156844e-10,True
3050,Coro2a,30.93025249496812,1.3922169554933428,0.1357036249673021,10.259246617979429,1.075424695502098e-24,9.498498522697316e-24,True
3057,Sec61b,515.9150212973783,0.729898130940445,0.0415064905167074,17.585156486469064,3.2009657130704896e-69,8.585657728554713e-68,True
3061,Tex10,40.298382739045714,-1.0008270767155942,0.3394629724858245,-2.948265813460369,0.0031956215856723,0.0064629386249841,True
3063,Tmeff1,125.32195871684888,-1.5644220360942498,0.0722677233911851,-21.647589860082277,6.404290463788599e-104,2.8282381724933084e-102,True
3065,Acnat1,104.33407716895329,-0.7370739870796003,0.0675366377207608,-10.913690878825356,9.914740000347609e-28,9.795987182264345e-27,True
3066,Mrpl50,11.306375387652244,-1.5453368950804172,0.2329269171573864,-6.634428145701374,3.2576299135653144e-11,1.492127604201944e-10,True
3067,Zfp189,31.09172282716811,2.0239456693097937,0.180361258867601,11.221620884757325,3.193625878389636e-29,3.302787070448134e-28,True
3068,Tmem246,143.46707017357735,0.5574935663081698,0.0568853546629042,9.800300439573768,1.1225126877890497e-22,9.058837971414352e-22,True
3074,Abca1,1389.460292248071,0.7504446427857235,0.0256604286570433,29.245210702266967,5.1662649992711523e-188,5.82888014885509e-186,True
3086,Ctnnal1,53.17363195542114,1.122936859951646,0.0992539217519624,11.313778237981245,1.1215376500521869e-29,1.1786929341413846e-28,True
3089,Epb41l4b,76.45646392069891,0.9310139496676388,0.0848565085793337,10.971626870521296,5.232238391253253e-28,5.225664476655448e-27,True
3094,Txn1,150.89427850396638,-1.358793422802165,0.0660880942836823,-20.56033598078288,6.220087812478354e-94,2.438943848982544e-92,True
3099,Dnajc25,117.04053469542004,-0.9031149358003274,0.0728255397960426,-12.401074380356372,2.57843041021934e-35,3.1979851782919012e-34,True
3100,Gng10,107.67926293804378,1.2006756210380527,0.072311255720058,16.604270097124086,6.490483293753749e-62,1.5093826042708187e-60,True
3103,Susd1,45.32001459069043,1.1140205025751029,0.1084692696665687,10.270378937735712,9.58275110976389e-25,8.468072329840875e-24,True
3106,E130308A19Rik,83.77249357024836,-1.84992166626724,0.0945358698638921,-19.56846294354366,2.8721379514840387e-85,9.867966305609605e-84,True
3110,Slc46a2,49.577278203156105,1.0689967823049318,0.1012205868184354,10.561060905746835,4.5152948268004436e-26,4.184603917916594e-25,True
3111,Zfp37,228.2673549736459,0.5024290556409565,0.0473203416080089,10.61761260734264,2.4679214650265808e-26,2.3203769129239165e-25,True
3112,Slc31a2,27.358227418092003,0.9140951290212964,0.1317397166692847,6.93864502013476,3.958784773074409e-12,1.9279094433730232e-11,True
3113,Fkbp15,12.124393408859374,2.213227968184014,0.2562403124092404,8.6373137285646,5.755018431285485e-18,3.789298280358455e-17,True
3118,Alad,371.4875510141048,-2.975696355880722,0.0608782653340991,-48.87945376810819,0.0,1e-300,True
3123,Akna,2192.034618572369,2.119467678730071,0.029314537223793,72.30090867713955,0.0,1e-300,True
3127,Tnc,300.31918393412064,-0.7613990338895104,0.0519833897002636,-14.646967777202278,1.4086320806725966e-48,2.4933358124293904e-47,True
3133,Brinp1,86.24317728868225,-0.5687613426798838,0.0824259117891345,-6.900273595212545,5.190247976389651e-12,2.5129306924446905e-11,True
3134,Cdk5rap2,314.3954690449519,-0.5479634338915611,0.0515768687515991,-10.62420901374652,2.299532671449793e-26,2.1655480537595037e-25,True
3138,C630043F03Rik,23.441931689758224,-5.640949735189339,0.4459711981572631,-12.648686189820197,1.1376125878005613e-36,1.4606878807236575e-35,True
3139,Rasef,90.58883173944888,1.475006586025639,0.0791556291690777,18.634260146868407,1.6948155665534402e-77,5.1816319279521956e-76,True
3140,Gm11240,460.47567253803976,1.202284626796429,0.0474786519091707,25.32263614174353,1.7994913044798382e-141,1.2897337677353857e-139,True
3144,Dmac1,279.5440699552275,2.180752737048865,0.0541760507206703,40.25307692309918,0.0,1e-300,True
3148,Gm11266,174.96641854090777,0.5470129908130327,0.0622750210126338,8.78382667590042,1.5800510336967506e-18,1.0685202040714917e-17,True
3153,Ccdc171,1074.5100752571375,-5.393325486755024,0.0681936517833627,-79.08838060012556,0.0,1e-300,True
3155,Cntln,71.93201946476512,-0.6928201630034277,0.2026706382019521,-3.4184535517821963,0.0006297806587691,0.0014286683305946,True
3160,Plin2,131.5971613441197,-3.33082238916269,0.1735333370952589,-19.194135518377525,4.143190647622503e-82,1.36195710612072e-80,True
3163,Acer2,20.99541280267851,-0.926936149247078,0.1546698197475132,-5.992999479537968,2.060055111417345e-09,8.287610717383607e-09,True
3165,Mllt3,724.4066025791643,-0.5605689967963029,0.0286703608367105,-19.55221282316514,3.950100455955421e-85,1.3544971916421257e-83,True
3169,Gm13274,311.7913952548628,-0.5203490588993431,0.0408983227095508,-12.722992641892086,4.406542650009125e-37,5.763770969585608e-36,True
3176,Tusc1,89.44959893088306,-0.5537153469447759,0.0780563200463861,-7.093792618147031,1.3048562301192926e-12,6.504938925976679e-12,True
3177,Gm12655,276.50490492147304,0.6760318296267488,0.0451722928103277,14.965630203127244,1.2315176226261234e-50,2.3108133245156278e-49,True
3179,Plaa,18.233391646706902,0.8415283031396971,0.163944493377172,5.133007433215036,2.851486406762049e-07,9.576876182341984e-07,True
3181,Lrrc19,327.9843854811376,-0.6588437042674902,0.0448663913053129,-14.684570902618422,8.094499082061163e-49,1.4429826702047462e-47,True
3185,Junos,105.31224517732528,0.5511420357051402,0.0688593504516557,8.003880839568502,1.2055805874507649e-15,7.030074462600526e-15,True
3189,Cyp2j8,113.77650394046334,-0.7198536923363293,0.0632665845009638,-11.378102643194897,5.375654432707576e-30,5.725301140023757e-29,True
3190,Cyp2j6,24.87640165859273,-2.121196764605476,0.1777018433563736,-11.93683039264542,7.60669764336415e-33,8.751705814944228e-32,True
3194,Patj,732.7836319593904,0.8385968494252136,0.0405331420858454,20.689164626051998,4.33661102341153e-95,1.715806642023096e-93,True
3196,Kank4,43.72608760864171,1.1189256582024163,0.1150646934718382,9.724317898402695,2.374917304911513e-22,1.892143682382348e-21,True
3198,Usp1,48.70350918572112,0.869582655765361,0.1019417507012073,8.530191504304446,1.461056497680915e-17,9.41103352907692e-17,True
3201,Atg4c,42.09277666036855,0.8252408503577455,0.1102473572361779,7.485357209877327,7.135279746716358e-14,3.822970962333813e-13,True
3213,E130102H24Rik,104.85569088455291,0.5739101568670962,0.0679992904789923,8.439943311532046,3.1749160674613726e-17,2.0175484079856283e-16,True
3214,Ak4,31.662569116093383,-2.2570563032158013,0.1527966641032385,-14.771633376045433,2.232365217659979e-49,4.0751151280206375e-48,True
3218,C130073F10Rik,11.428984308170769,-4.206728989159886,0.4100632107911667,-10.258732991539324,1.081159519551982e-24,9.544329973712804e-24,True
3221,Wdr78,29.196551737062794,-0.5092245013028072,0.1269580943087792,-4.010965224984432,6.047101763162335e-05,0.0001579090871049,True
3222,Mier1,27.335654295693768,-1.169211994882377,0.1363658167109923,-8.574084202937405,9.98783370492532e-18,6.471553754417711e-17,True
3223,Oma1,27.60458568879364,-1.26658073611951,0.1410211563147242,-8.981494473728583,2.6711353176863733e-19,1.867018962258165e-18,True
3225,Fyb2,25.23960542907531,-0.7302944482159177,0.1523840525577583,-4.792459814251974,1.647487788075726e-06,5.118363197347362e-06,True
3226,Prkaa2,34.82086545194995,0.7907786004892043,0.1317019099747,6.004306244617964,1.921517205927178e-09,7.74809612572158e-09,True
3232,Ttc4,465.3553774016553,0.8495299889289423,0.0408882555066979,20.776870482766867,7.008056385044548e-96,2.791728702999068e-94,True
3233,Ssbp3,27.17595060500237,-5.730603390941553,0.4264476146522951,-13.438000809581292,3.6208722163228284e-41,5.312232660994433e-40,True
3237,Tceanc2,31.4077113915249,0.572257423895005,0.1197648913169611,4.778173449684094,1.7689475892014478e-06,5.482076101356534e-06,True
3238,Tmem59,61.71130466815874,-2.865754035823086,0.1332556100498227,-21.50569146583481,1.3771789664580045e-102,5.93204575502896e-101,True
3240,Hspb11,25.46145087098116,-2.195164861689255,0.1639120865197937,-13.392330659058326,6.704340322450627e-41,9.729917307802204e-40,True
3241,Yipf1,413.19335068419167,0.524154102895643,0.0380943991886854,13.759348199703972,4.475435523593226e-43,6.8896493342076e-42,True
3244,Dmrtb1,75.55184374131434,-0.9177340988658026,0.1013253742459388,-9.057297894980003,1.3372201397927396e-19,9.479248400768313e-19,True
3249,Cpt2,86.28608026249795,0.519484820706095,0.0769128182821973,6.754203425495046,1.4362212327047927e-11,6.753599601382473e-11,True
3252,Echdc2,22.31981544445303,1.9021492982548656,0.1656990594694531,11.479541913788164,1.6716382064258553e-30,1.8000990735206505e-29,True
3253,Zyg11a,45.185129364784416,2.297889928658397,0.138850426006598,16.549390554618846,1.6173155690394754e-61,3.7511425293584014e-60,True
3255,Coa7,43.4909793715394,-2.235203158074107,0.1289106796061504,-17.33916200661674,2.3818410502140342e-67,6.189247590808773e-66,True
3260,Gm12743,17.09695906622792,-4.002772397368092,0.3155040171340781,-12.686914207076654,6.988534026062343e-37,9.059709640309728e-36,True
3265,Txndc12,23.188669866671763,0.8572045600567599,0.1417395029922799,6.04774633719048,1.4688597816854031e-09,5.968266696587903e-09,True
3267,Rab3b,46.01828922740362,0.978510164456431,0.1053834867098739,9.285232392721248,1.6135467174129744e-20,1.1941474817654716e-19,True
3268,Nrd1,268.37981895481124,1.5647089933301552,0.0619219822173378,25.269039157019183,6.996408012766831e-141,4.95357017519297e-139,True
3270,Eps15,49.00600268743829,-1.273470456962548,0.1083722774272734,-11.750887654983067,6.988089206640976e-32,7.783930193996012e-31,True
3277,Bend5,59.0128484579285,-1.309626282078998,0.1620318438968951,-8.082524092686036,6.3439800042029935e-16,3.750626176927044e-15,True
3279,Skint11,229.28120637279608,0.909588323308428,0.0650420697454121,13.984615293897331,1.935204415836176e-44,3.0906716734377214e-43,True
3283,Stil,18.92626699438972,-0.7875741094661881,0.1559342844294576,-5.050679601011507,4.402409613706851e-07,1.4488020196557285e-06,True
3285,Efcab14,18.731606845859087,0.5587093163609361,0.1674632951737422,3.336309104519162,0.0008489871149321,0.0018853443385311,True
3297,Pik3r3,53.14617545807636,0.5396572922915036,0.1003863372035094,5.375804191336084,7.624161362380538e-08,2.701749420573675e-07,True
3298,Mast2,37.078020157297566,0.8277870639678523,0.1106795976533964,7.479129681697481,7.481641860519498e-14,3.999967987060989e-13,True
3302,C530005A16Rik,158.03021508975428,0.8299259145805247,0.0565010939694831,14.688669834052725,7.619484315793086e-49,1.3596892011692803e-47,True
3303,Ccdc17,79.48366178575031,0.52853751834115,0.0845262662630046,6.252938189610767,4.028015892884472e-10,1.698214607877619e-09,True
3304,Nasp,46.54939297572369,0.9952475521691876,0.10520542853084,9.46003990542598,3.0782570653203107e-21,2.3436029411546196e-20,True
3309,Tesk2,34.75925224724348,-0.5242254764334809,0.1162640262392716,-4.508922436202439,6.515772314135097e-06,1.900080477398609e-05,True
3311,Hpdl,91.345378846423,-0.958380276357107,0.0725234242439408,-13.214768695056176,7.210763601172186e-40,1.0169502730427353e-38,True
3320,Armh1,30.39444385382516,1.854695933640302,0.1410298171933789,13.15109081576102,1.6773699397339597e-39,2.3467076404853986e-38,True
3321,Tmem53,20.99027480886452,0.7255703907789982,0.1521215482018988,4.769675298176735,1.8452310752101477e-06,5.705339646972253e-06,True
3322,Rnf220,34.605599073531366,0.9307010593065572,0.1218013762455785,7.641137464900705,2.1531103095633132e-14,1.1792544031833145e-13,True
3324,Eri3,13.400258788492694,0.6284685289142296,0.187854221020092,3.3455118841700737,0.0008213083947571,0.0018296867780271,True
3331,Dph2,1245.0808350257007,-1.6809998051649784,0.0456198927558264,-36.8479560914857,3.1534967153216155e-297,8.231097098140957e-295,True
3333,Artn,11.380409774168564,0.8718515099557794,0.2034095034296674,4.286188674843495,1.8176462922775423e-05,5.050365166722221e-05,True
3334,St3gal3,1102.4265049056464,0.7134155115284733,0.0335027299524298,21.29425012652536,1.2834391643372475e-100,5.4083817122722366e-99,True
3337,Med8,10.253672328925012,-2.070411189533377,0.2585143723386089,-8.008882333325353,1.1575559395382984e-15,6.761302027603795e-15,True
3339,Cdc20,185.21882477321645,0.5720006782180701,0.0577993627553164,9.896314612317369,4.318981701547488e-23,3.5426994369916734e-22,True
3341,Tmem125,48.61806466592327,-0.9094077407107128,0.1069157426500498,-8.505835699868182,1.802921366650019e-17,1.1566210146726167e-16,True
3345,Gm12868,116.70486148604734,-0.958718749188296,0.0677787050917461,-14.14483720057151,2.009812222715535e-45,3.2848220701728295e-44,True
3347,Svbp,14.317954519131089,-1.398231161832783,0.1956011432298391,-7.148379292394042,8.780841350978999e-13,4.421518961875058e-12,True
3358,Hivep3,87.23541813542836,-1.6702876131976874,0.0944578113286333,-17.68289556685258,5.6802576300654536e-70,1.54009837883077e-68,True
3360,Ctps,191.62004260044168,-0.5181693034677393,0.0507655424213526,-10.207106607212982,1.8427809623662162e-24,1.6073093999930365e-23,True
3361,Cited4,102.80147564438673,0.6610986842411828,0.0687074392728333,9.62193746758626,6.460267216262974e-22,5.059433635378722e-21,True
3371,Mfsd2a,27.162506969585703,-0.756947731765653,0.1335074983078514,-5.669702011944132,1.4304609657109889e-08,5.3995038567566953e-08,True
3372,4933421A08Rik,84.86717411388773,-0.5528528157367418,0.0765834117898424,-7.218962994935008,5.238550680276806e-13,2.674796329830096e-12,True
3375,Ppie,90.80644387890412,-0.6564593730433458,0.0719607548317683,-9.12246368979916,7.343558409144818e-20,5.284944422186197e-19,True
3377,Bmp8a,1321.3666645518326,-1.0886381166580132,0.0287555471424288,-37.85836907452642,0.0,1e-300,True
3383,Mycbp,26.013061921420285,-2.910403652507943,0.1892739712025416,-15.376671361713685,2.347076298005062e-53,4.701680446679557e-52,True
3389,Fhl3,45.57049854750951,0.5771369435722019,0.0981550018363008,5.879852608374751,4.106319637457764e-09,1.6188304287615278e-08,True
3390,Sf3a3,51.52252631539766,-2.6272081528558524,0.2380433401657936,-11.036679921505224,2.5425501285831648e-28,2.568695358097192e-27,True
3397,Cdca8,100.4353628901603,0.5323670689032121,0.06744896768728,7.892886832182151,2.952753492864664e-15,1.6836567682822702e-14,True
3401,Snip1,132.25952843057345,0.9635702327497738,0.0655877431081457,14.691315588660672,7.327717693790702e-49,1.3102978223825336e-47,True
3406,Mrps15,399.307119291751,0.5267888325334957,0.0413790860226983,12.730799134725402,3.987370318419983e-37,5.2272212989901545e-36,True
3409,Stk40,34.266881383253,-0.6693958728987103,0.1215610132496936,-5.5066657886746215,3.6569356822493234e-08,1.3356827738340885e-07,True
3425,Ncdn,278.9585082054935,-0.7686332318362122,0.0461796798955504,-16.644403633258445,3.3225966109638523e-62,7.74740927100478e-61,True
3426,AU040320,161.96644427131758,1.7615375296036735,0.0606653157855792,29.036979479836624,2.247030316742556e-185,2.471450703093951e-183,True
3433,Smim12,16.915332581002723,-3.695514081646208,0.3102150374452034,-11.91274965933586,1.0157158718602083e-32,1.163250764053132e-31,True
3440,Trim62,129.34654216773865,0.7052059868276832,0.0621654216515154,11.344023222120176,7.940797125624147e-30,8.416282432297883e-29,True
3442,Ak2,40.97636269382229,0.5102266826912735,0.1188190973695631,4.294147102500829,1.753661768460986e-05,4.879560382950792e-05,True
3453,Zbtb8os,33.302897871251425,-1.205571812820771,0.1254266902182585,-9.611764535306808,7.131619520856516e-22,5.565272743451082e-21,True
3455,Zbtb8b,492.0446842519804,1.2537496748598067,0.0383742349347454,32.67165265944143,3.9480990427313526e-234,6.703335539736493e-232,True
3458,Iqcc,119.62448629026068,-0.5322013670396414,0.0667257571408755,-7.975950964723032,1.5121197219763305e-15,8.778223272412631e-15,True
3459,Ccdc28b,1229.195231218289,-1.067426931098875,0.0407524524254163,-26.1929495667148,3.1973156895849194e-151,2.4632007391833064e-149,True
3461,Kpna6,161.24987934322482,-0.6163343482410727,0.0546977857284496,-11.267994490689263,1.888217785465421e-29,1.9678875227782643e-28,True
3463,Khdrbs1,25.505412206135883,1.225657475609318,0.1472857460757613,8.321629949030237,8.676182496723117e-17,5.391936016442569e-16,True
3466,Adgrb2,1367.895325069773,0.7044182015322571,0.0349981317727465,20.12730868339652,4.254846309886883e-90,1.5731237265814338e-88,True
3467,Pef1,66.56750489351144,-1.7659501793664198,0.1016501933586517,-17.37281672584358,1.3255618025301871e-67,3.4702731740490885e-66,True
3468,Tinagl1,19.948150077643827,-1.718873585871716,0.1778324997669788,-9.665688713390557,4.217733152089701e-22,3.3225097911596707e-21,True
3469,Serinc2,80.0585505045644,0.5556862627485233,0.0860573867368929,6.457159388855803,1.0668651810385417e-10,4.691309601710338e-10,True
3472,Snrnp40,39.555135003754295,0.7996970792391872,0.1216519828826873,6.573646070449664,4.909786026014594e-11,2.2203862948782834e-10,True
3473,Nkain1,23.08654254080076,1.3799653068244242,0.1542144267004459,8.9483541608266,3.608217629272457e-19,2.5069729797662585e-18,True
3475,Sdc3,31.677324542723102,1.0428202827054265,0.1235452813590351,8.440794105886445,3.151889226221681e-17,2.0036437218525899e-16,True
3476,Laptm5,130.20200331749945,0.5768809473767929,0.0663350563973265,8.69647180099544,3.423626956449124e-18,2.2756513954535265e-17,True
3477,Ptpru,154.73244029908943,0.8408590092295435,0.0587548887704416,14.31130288604276,1.85995790632926e-46,3.1126262072618284e-45,True
3480,Gm12992,168.93873028167536,1.075334739679528,0.1134874331084919,9.47536401366597,2.6583221205017656e-21,2.0291897530918758e-20,True
3484,Gmeb1,51.13515945883532,-0.5183183422680794,0.094646383192642,-5.476367133999204,4.34146476782204e-08,1.575177092524312e-07,True
3488,Trnau1ap,16.53346517856644,1.9877004361661408,0.1989483052179375,9.99103980297152,1.668225206498944e-23,1.395213888630011e-22,True
3490,Snhg3,133.09693586841544,-1.8641202735947169,0.09370770570199,-19.89292406243524,4.686132630805077e-88,1.6793255624491634e-86,True
3497,Dnajc8,40.3225545123261,-0.9115542787782313,0.1144246224217215,-7.966417187890046,1.6334085901493005e-15,9.455494678759011e-15,True
3499,Xkr8,19.91400882543985,1.5017702758443832,0.1649736292727553,9.103092915301428,8.779525902961905e-20,6.284746172369945e-19,True
3515,Kdf1,439.5049766156799,-0.5858146897771433,0.0393201448733969,-14.898589302337264,3.3661163452067577e-50,6.2358731615440445e-49,True
3517,Gpatch3,36.03178164445141,-0.8214806553944755,0.1214305186436198,-6.765026325922208,1.3328496131691364e-11,6.277639115298104e-11,True
3519,Sfn,346.50318623783966,0.5495112446146163,0.0425427054809107,12.916697196448562,3.623649452749885e-38,4.904828299511609e-37,True
3526,Dhdds,255.8896225188909,0.672832410979453,0.0578147760880474,11.637724064775092,2.649926689412241e-31,2.9145860342415896e-30,True
3534,Zfp593,31.437666023193906,-0.712431863093838,0.1232784390349384,-5.779046755223169,7.51250490029748e-09,2.8976331207852304e-08,True
3535,Grrp1,37.8488130019603,1.2692765550264138,0.1230481516249519,10.315283393245444,6.010372745032889e-25,5.3518023709335634e-24,True
3536,Pdik1l,12.073828749541285,1.1322708906069268,0.2002095103327918,5.655430097825251,1.5545649025956782e-08,5.843987750772403e-08,True
3537,Trim63,301.57931578665523,1.2010294219200222,0.0568940599936853,21.109926450201005,6.4472942218902776e-99,2.66549128492712e-97,True
3538,Slc30a2,1781.189233865195,1.370101715346817,0.0415041810286574,33.011173365902586,5.6153320838043225e-239,1.0083925077882306e-236,True
3541,Stmn1,20.81971615516308,0.8504113905228148,0.2047106208292404,4.154212356339764,3.2640993604742326e-05,8.803604197404901e-05,True
3543,Mtfr1l,104.2197568419199,1.0131266938094652,0.075522778775068,13.414849271196616,4.949383588731976e-41,7.237025100313112e-40,True
3545,Man1c1,64.8420538045461,0.7937227694802557,0.0835451106668799,9.50052927268326,2.088261838572281e-21,1.601733466357546e-20,True
3547,Maco1,66.08199826021686,0.6185471259982195,0.0860801178711602,7.185714207827008,6.685676366712298e-13,3.387977638396543e-12,True
3551,Syf2,267.59287194713073,0.6300645939661372,0.0505544275623926,12.463094220353527,1.1867504119600296e-35,1.4824208003112143e-34,True
3562,Cnr2,173.30920790060682,0.5608837504720595,0.0608219079510173,9.22173883337834,2.92320726841522e-20,2.1425418570848852e-19,True
3563,Fuca1,13.719990231583369,-0.7560077935972827,0.2019466209890572,-3.743602095913495,0.0001814008444596,0.0004438698709823,True
3567,Pithd1,81.97263259178327,0.5106325100762487,0.0804636992236161,6.346122723703681,2.2080911398993267e-10,9.513905400880396e-10,True
3570,Rpl11,35.36276307699355,-0.5424799296914231,0.1159735772380909,-4.677616596905733,2.902285519377236e-06,8.810131776231402e-06,True
3577,Luzp1,1188.7710206980264,0.7337255702458124,0.0346565839152546,21.17131832843025,1.755768934638403e-99,7.310687411656284e-98,True
3578,Kdm1a,54.74745369102212,1.2155852645793457,0.1042971841496792,11.65501518080135,2.163418682533731e-31,2.3854896544861216e-30,True
3579,Ephb2,22.737644196419254,-1.2258360928008658,0.1545523946084697,-7.931524425139432,2.1647201122678155e-15,1.2444650007672441e-14,True
3581,Cdc42,66.63565466206009,0.6611886514625441,0.0889696328571579,7.431621669430648,1.0727426235603745e-13,5.679722373849176e-13,True
3582,2810405F17Rik,17.401302722543218,1.0269249646049834,0.1788055922665197,5.743248584050403,9.287722386528974e-09,3.5603614444458286e-08,True
3584,Ldlrad2,23.76731417755892,-0.9050522614138324,0.1455112381911215,-6.219810048108401,4.977571096388375e-10,2.086475631199423e-09,True
3585,Usp48,15.923520216824365,-0.5753908672277616,0.1723418980047054,-3.338659222681021,0.000841837692341,0.0018711308545578,True
3586,Rap1gap,29.760504555009792,1.186619263605623,0.1327687580790231,8.93748861384509,3.9811471179229864e-19,2.7595045897042085e-18,True
3595,Mul1,330.28843713008604,0.5329281799628464,0.0415204243608601,12.835325942988645,1.0396450420481617e-37,1.394272430624099e-36,True
3602,Pqlc2,71.85513469358153,-1.2838981107540286,0.0906895223409996,-14.157072146950693,1.688851900962745e-45,2.7732058257311254e-44,True
3605,Ubr4,13.612994312160511,-2.6435928495765486,0.2640047901087371,-10.01342759155134,1.330609087850883e-23,1.1171239427909862e-22,True
3606,Iffo2,48.39718029198635,0.7197758952533603,0.10266654446477,7.01081251936312,2.369380571525027e-12,1.1639249279446535e-11,True
3608,Igsf21,16.097094323580578,1.0505326695165986,0.1910164765845559,5.499696614137716,3.8044527340296194e-08,1.3881132779618189e-07,True
3612,Padi3,39.12362898341444,0.7140198529565857,0.1091271142502765,6.543010487008972,6.02926005559295e-11,2.707052627784583e-10,True
3615,Mfap2,80.79184774336171,0.7766580677940665,0.0795985331496171,9.75719070518829,1.7184961280303585e-22,1.378580747109858e-21,True
3626,Gm13075,83.3734091711214,-0.9953808117951088,0.0981556975985419,-10.14083579606585,3.639719984747938e-24,3.1526212527623545e-23,True
3627,Clcnkb,49.44174956355264,-0.5317014314005672,0.0984187970853317,-5.402437818250997,6.57412503089544e-08,2.3424673704217493e-07,True
3631,Tmem82,226.02656227222505,1.1795846970574209,0.0532158369474168,22.166046138163374,7.305272849902987e-109,3.4528273405163086e-107,True
3634,Dnajc16,1079.5188406791783,0.6316109006689038,0.0320898945457014,19.68254834148436,3.0430941838013108e-86,1.0622281653955551e-84,True
3635,Casp9,84.0730557391537,-0.5544053041507477,0.0773516444511911,-7.167337011181155,7.64706244244967e-13,3.859504415398552e-12,True
3638,Tmem51,63.72808190532785,-0.6612565394524368,0.0846153696369918,-7.814851395075048,5.502791199996364e-15,3.1103042180199234e-14,True
3639,Kazn,93.00563946112648,-1.2046039421686014,0.1411882208031947,-8.53190114101462,1.4396205526361932e-17,9.276375911754512e-17,True
3641,Prdm2,13.074005200529667,1.1535541029036438,0.2002359265234431,5.760974680877703,8.362958575178904e-09,3.217145172959276e-08,True
3646,Vps13d,16.066062769006034,0.7860796829516421,0.2083206751883899,3.773411747253456,0.0001610301985047,0.0003967450142928,True
3649,Zfp990,198.59032011268573,1.223866986518852,0.0607597601816365,20.14272246730726,3.11721530149422e-90,1.154954686282435e-88,True
3663,4933438K21Rik,26.46598467899335,-0.8558721899896936,0.139448856435757,-6.137534662279481,8.381193642034102e-10,3.451962185866519e-09,True
3664,Zfp991,28.433028381142112,0.6733406270790248,0.14027618434717,4.800106519953319,1.585812604872529e-06,4.938554997384087e-06,True
3675,Miip,20.73949857249387,0.7660163245337025,0.1508075083859059,5.079430943010609,3.785670995300275e-07,1.255286582590277e-06,True
3678,Plod1,27.130173408635923,-1.761258480227657,0.2875115153629352,-6.125871090778269,9.018880515362757e-10,3.7058783471020645e-09,True
3682,Agtrap,52.705730679428974,0.6977918690177696,0.0954083090322659,7.313743174944908,2.598014850231882e-13,1.347792456269806e-12,True
3687,Disp3,27.33295908985517,0.6080630451237,0.1327455249852717,4.580666995675865,4.634953479317971e-06,1.3754635405788678e-05,True
3695,Gm13205,43.13024037670391,-0.900166386182205,0.103420461456216,-8.7039486529781,3.2053210875861897e-18,2.1337896908910272e-17,True
3699,Cenps,11.0402111720603,-0.9491754432344764,0.2094149066307156,-4.532511359892169,5.828654049212603e-06,1.7085400940769358e-05,True
3702,Ube4b,12.334852093219729,1.4089659595801196,0.205870739365385,6.843935004670323,7.704688883176641e-12,3.6894742384718806e-11,True
3703,Ube4bos1,108.6514219569338,-0.6687603346165735,0.070256068788108,-9.518897742962976,1.750256161900066e-21,1.3442459270666822e-20,True
3710,Slc25a33,23.245650810132883,0.8310723184558546,0.1485618798434488,5.594115525002912,2.2174927318124397e-08,8.238689801133618e-08,True
3724,Per3,38.726943434919214,0.7382059310527369,0.1282468556096378,5.756132792056232,8.606269518836849e-09,3.306380521648041e-08,True
3727,Thap3,61.80132526776057,-2.2956502768929274,0.1093952311750043,-20.98492093517746,9.007271717966498e-98,3.688973484866466e-96,True
3728,Phf13,40.593502685253085,-1.1997891756818295,0.139606477578915,-8.594079561986135,8.393485633028612e-18,5.464827876038882e-17,True
3732,Nol9,140.93204180581975,-0.6020520993799973,0.0595618192856713,-10.108020651491945,5.090225618484487e-24,4.374342290715317e-23,True
3741,Nphp4,112.89863924017152,0.7996224783902068,0.0676116743126977,11.826692453910052,2.841179855885884e-32,3.209725666649376e-31,True
3743,A430005L14Rik,86.25055154600405,0.5679164444773115,0.0719583758383014,7.8922910343819295,2.9668884644808655e-15,1.69116510648114e-14,True
3746,Lrrc47,330.08184033944906,-0.7229864614766108,0.0446623329819701,-16.1878346518189,6.145335751169677e-59,1.3638278123915646e-57,True
3747,Smim1,44.247668824064334,-0.9780041743221494,0.1115249645955837,-8.769374443369045,1.796616329735212e-18,1.2126293467545115e-17,True
3750,Tprgl,223.14572028952665,0.5916517558654741,0.0458939142255019,12.891725751662085,5.010977593006549e-38,6.766947964980581e-37,True
3756,Pex10,209.0406722554617,-1.6144140188099878,0.1007330552117487,-16.026655951379254,8.324343174736765e-58,1.8039171429962397e-56,True
3757,Rer1,12.55900734744596,-1.6388236639544946,0.2103447659955166,-7.791131175516983,6.641192176795013e-15,3.735643897966908e-14,True
3770,Cdk11b,53.66571168047516,0.7233300639798137,0.0977277595020576,7.40148006733526,1.3467489627755658e-13,7.100375598739551e-13,True
3771,Mmp23,20.118806070613683,-1.244214073335418,0.1610534252035016,-7.725474150973639,1.114377541811046e-14,6.174979230415581e-14,True
3779,Mxra8,53.58983797815005,0.5070211496352918,0.0925513439153011,5.478268906600587,4.295070597428231e-08,1.559256338366585e-07,True
3786,B3galt6,27.442861618389674,-0.6397649295809168,0.1477996588236788,-4.328595442457279,1.5006329893886903e-05,4.2116947068575535e-05,True
3792,Plekhn1,11.328218467043085,2.6218309378957545,0.2662535749720856,9.847120130389351,7.053610925825341e-23,5.734707013985754e-22,True
3795,Cdk6,61.04096924375608,0.5736160782464188,0.098590389290759,5.818174391772936,5.949381475375762e-09,2.3203118474882097e-08,True
3797,Gm42435,14.228393415666652,1.1121159372877365,0.1860488712609974,5.977547349522008,2.2652209948823556e-09,9.085822192317116e-09,True
3799,Gm43017,74.9019820765701,0.6188303710307208,0.0804603871569625,7.691118485715257,1.4585428074141323e-14,8.059082659102162e-14,True
3801,Rbm48,12.146124535555876,-1.2217384011712278,0.2089739822587036,-5.846366078523363,5.024277061186891e-09,1.9691742995525856e-08,True
3813,Cdk14,99.02893582844432,-1.2121670464060568,0.0795253539132668,-15.24252312951777,1.8460162350285905e-52,3.6232471288641967e-51,True
3816,Gm10484,13.186853372246658,0.8685116697979087,0.2048821147892425,4.239079973824589,2.244376991595346e-05,6.165514424916653e-05,True
3820,Gm8773,20.69300034961652,1.3856459359084008,0.1582817083195138,8.754302380356421,2.053698076380157e-18,1.3824123156172513e-17,True
3822,Steap2,438.3309155881837,-5.330873494603007,0.0960196768832448,-55.51855273461382,0.0,1e-300,True
3826,Adam22,45.04854097530522,-2.187064351512611,0.1292329306991919,-16.923429188519403,3.0230498948774064e-64,7.383672704136325e-63,True
3828,Slc25a40,73.97324827279559,0.8245929443219413,0.1003304665743503,8.218769158328122,2.0560235934626046e-16,1.2501996037021573e-15,True
3837,Gm10482,154.22874217229415,-2.2005366270975832,0.0735031918850805,-29.93797372144108,6.30975198526728e-197,7.45573937286177e-195,True
3838,Sema3d,29.24107498889612,-1.1431037110992075,0.1300618008030934,-8.788927294877345,1.509947404968026e-18,1.0226940440774918e-17,True
3839,Sema3a,75.01939003200152,-0.7452977494994865,0.0796309211642105,-9.359401330578285,8.018975831129719e-21,6.003246974948481e-20,True
3851,Magi2,69.39554254171607,-0.8848112927846561,0.0868295173239154,-10.1902131907965,2.1928280275802852e-24,1.9078694799166185e-23,True
3853,Tmem60,52.43534698139143,0.7465333773075815,0.0954872360535758,7.818148353238725,5.360599322618654e-15,3.030913706885064e-14,True
3854,Rsbn1l,145.47679522768777,0.7685158904458269,0.0702783089140818,10.9353213291653,7.8128704285949005e-28,7.758743785080501e-27,True
3855,A630072M18Rik,494.3986033506112,-3.4817946844403296,0.0580261582792507,-60.003880796040285,0.0,1e-300,True
3856,Gsap,44.8310598762021,1.1903879149082108,0.111223000921963,10.702713512858896,9.884060618116816e-27,9.445489185225512e-26,True
3861,Armc10,30.67737969928477,0.5086595958868683,0.1275814868113103,3.9869389250743135,6.69312461282221e-05,0.0001737668694017,True
3865,Psmc2,81.83202155608663,2.1221381221802176,0.0926896436741602,22.89509418808804,5.199638613546735e-116,2.747168582287169e-114,True
3882,Kcnh2,11.045019377647742,0.9684564240982432,0.2242539779238282,4.318569655104161,1.5704365971059556e-05,4.396317466013919e-05,True
3886,Slc4a2,53.02452029146122,0.81670010847488,0.0956658213641631,8.537010364088289,1.3773920449174697e-17,8.881943982860144e-17,True
3893,Chpf2,74.74529226127221,0.6746805918185945,0.0786492136883033,8.578351393218473,9.62425525112107e-18,6.247549214239243e-17,True
3903,Actr3b,105.58770214398038,0.6260086437532123,0.0674368977020097,9.282880219659877,1.6495791344468862e-20,1.2202977962439568e-19,True
3906,Insig1,26.987546412090197,-1.3035780415697833,0.1614185308006411,-8.075764505500047,6.705518315453242e-16,3.959017700899604e-15,True
3912,Lmbr1,13.774952233716666,-2.16802025633956,0.2233789941521796,-9.705569069142507,2.8547876062528573e-22,2.267235497645321e-21,True
3918,Garem2,39.084044799121486,0.5948032589309542,0.1136607337702704,5.2331463927829525,1.6664864926885257e-07,5.727892253171568e-07,True
3920,Hadhb,15.522970501686004,1.3638892906677356,0.2053983783525671,6.640214502212936,3.132269816109026e-11,1.4369657540428814e-10,True
3923,Slc35f6,98.14886938360202,0.691132819439016,0.0779371162443453,8.867826431660667,7.458746863877675e-19,5.123274358031924e-18,True
3925,Dpysl5,149.0652130254022,0.5218851389602525,0.0701450880927793,7.440081025630286,1.0062356257430854e-13,5.343774255388727e-13,True
3929,Agbl5,34.735751513719016,0.974785581529618,0.1258001661204839,7.748682784695419,9.28506450083328e-15,5.169602291963464e-14,True
3934,Preb,92.67325662619328,0.8153821687039144,0.0827779245696268,9.850236919362166,6.838258991163003e-23,5.567387022228054e-22,True
3940,Gtf3c2,168.10835249162457,-0.5140621794203805,0.073158429339882,-7.026697867338462,2.1147860673795557e-12,1.0414919387872051e-11,True
3941,Eif2b4,29.46798768054696,-4.64939686478153,0.2914902522529695,-15.95043686313927,2.829109500997448e-57,6.078067193297711e-56,True
3945,Gm9970,173.9748608178617,1.653310333058061,0.0681445286054145,24.261820675749657,4.9614788364460964e-130,3.1323589130602644e-128,True
3951,4930566F21Rik,16.557502122255848,-0.8707474666902326,0.1795445828249214,-4.849756272175144,1.2361326885614692e-06,3.898555177198012e-06,True
3952,Gpn1,59.34392273754662,-0.8093126833772372,0.0917063874556771,-8.825041590133388,1.0941913928570554e-18,7.455708817946227e-18,True
3957,Rbks,11.398636749482227,-2.225356044699234,0.2488511861404249,-8.94251733019059,3.804041413591616e-19,2.639883977813102e-18,True
3958,Babam2,98.48468142801605,-1.261307218336991,0.0734471856962715,-17.172982278080937,4.231111386103933e-66,1.0708202014498636e-64,True
3959,Gm17130,98.35302735985816,-3.5669220849920347,0.1229203802666288,-29.01815042595018,3.883816097114471e-185,4.245010994146117e-183,True
3962,Gm15614,99.558380834031,-1.470037746755767,0.077284420838019,-19.02113945884164,1.1397932430982296e-80,3.6440044305853447e-79,True
3965,Prr14l,185.70930536354217,-0.7226944130932845,0.0792028020610766,-9.124606633689352,7.199724409773943e-20,5.183564449490602e-19,True
3966,Depdc5,1407.0594644657513,-0.5219557684576955,0.0323940204805035,-16.112719591933214,2.076852107125049e-58,4.5456808071843383e-57,True
3968,Ctbp1,87.42351422307372,-0.6763777074171919,0.0741145306557664,-9.126114696168116,7.1001763668457e-20,5.11399852979397e-19,True
3976,Fgfr3,200.02065328810656,0.6440829074673572,0.0481853670553855,13.36677391555473,9.455364749792799e-41,1.3643186365047564e-39,True
3987,Gm15513,338.0490984083977,-0.5477898864462556,0.0375643048765694,-14.58272389829145,3.61788296333638e-48,6.32695372628266e-47,True
3989,Rnf4,33.634711025101645,-2.347630035395618,0.1711171449974927,-13.719432003321565,7.767148497057455e-43,1.1832046421301459e-41,True
3992,Sh3bp2,389.1767820451488,-3.2016475640285678,0.0615281775645113,-52.03546880080578,0.0,1e-300,True
4002,Cpz,27.958725384349872,-1.6904234274579346,0.1432631703492309,-11.799427747809917,3.92974713930554e-32,4.416672106180931e-31,True
4003,Trmt44,15.587914096202471,1.661771908260435,0.1941491715747547,8.55925314942995,1.1360102562548104e-17,7.347095917671645e-17,True
4006,Ablim2,44.67437262112737,-0.9887605101805116,0.1095306491866836,-9.027249610246272,1.760405404538409e-19,1.2393707614560266e-18,True
4014,Bloc1s4,180.5090011308488,0.8355575168721311,0.0801041429700737,10.430890162376352,1.792015338626943e-25,1.6246119358168991e-24,True
4019,Jakmip1,104.37033487527566,-0.5605572485540837,0.0731286540844377,-7.665357110317365,1.7833430696121874e-14,9.807265283452181e-14,True
4025,Wdr1,77.65397245092169,0.5931493629186648,0.0771742993343888,7.685840597639966,1.5199566094392414e-14,8.38517387566986e-14,True
4030,Bod1l,10.517503084844138,-1.4063792572684042,0.2448703863751759,-5.743361939706474,9.281504240279094e-09,3.5587578634948654e-08,True
4033,Cpeb2,121.46986897803298,0.6253614994913492,0.0660887470845431,9.462450524162069,3.0080941446115857e-21,2.292180845358057e-20,True
4035,Fbxl5,34.740532433731914,1.3928761684874873,0.1508145513709816,9.235688173492068,2.566309791000764e-20,1.8849065781193348e-19,True
4042,Tapt1,321.1733957100626,0.904437551809937,0.0406552476739346,22.246514375309044,1.219068503989963e-109,5.873022037954952e-108,True
4044,Gm42984,23.671740367101183,0.9555994981114904,0.1668174155472206,5.728415675166668,1.0137292161850386e-08,3.8733005314931083e-08,True
4054,Slit2,65.09562016711763,1.867095293671449,0.0973575112618324,19.177722082994705,5.681550033111133e-82,1.864145346698827e-80,True
4055,5730480H06Rik,106.34516522749033,0.6670796850693785,0.0672417916456281,9.920611404659828,3.3867516498002325e-23,2.791117476517741e-22,True
4056,Kcnip4,26.134820753444227,0.6154865328941791,0.1291887445108427,4.7642426995063945,1.8956423303769516e-06,5.853668079982039e-06,True
4060,C130083M11Rik,25.694366215309355,0.9353379148422254,0.1438641388113615,6.501536258932918,7.950386761941549e-11,3.53872139711972e-10,True
4067,Sel1l3,30.844170795081563,0.5090776464627383,0.1303508677009202,3.9054411791931978,9.40536348752338e-05,0.0002394540641575,True
4072,Pcdh7,198.4440651909471,-0.6020137735747857,0.0549339147261961,-10.958872612217196,6.024517350521698e-28,6.006656751763024e-27,True
4077,Pgm2,144.14400486906536,0.5418957772002715,0.0803300825640958,6.7458635657182295,1.5211951300497498e-11,7.135906768859985e-11,True
4079,Gm31363,25.96042624132052,1.0489397144994284,0.1411118049854859,7.433394495997819,1.0584562103111149e-13,5.61087669170075e-13,True
4082,Klf3,516.2814966163925,1.0081732338296028,0.039960604675469,25.229178637742137,1.9171278440826115e-140,1.3410692694926682e-138,True
4083,Fam114a1,32.37433712141372,1.0352679300159688,0.1248063477309167,8.294994195712006,1.0859050743813803e-16,6.715101817815269e-16,True
4087,Rpl9,73.39943034804845,0.8540934940205024,0.086011806575551,9.92995645627189,3.0839018439910964e-23,2.5451286195241293e-22,True
4089,Ugdh,78.54305231794824,0.8815051059001551,0.0832872310154554,10.583916587844971,3.5385048896591584e-26,3.3038640421975103e-25,True
4090,Smim14,34.98025540400432,0.6403889369817454,0.1245867443949872,5.140104913179763,2.745851095378875e-07,9.236284661662968e-07,True
4093,Pds5a,13.806865905360324,-2.628349298402751,0.2541726984866187,-10.340801014634245,4.606706955490352e-25,4.1271563134024215e-24,True
4096,Chrna9,381.59364639158434,0.5718059225900948,0.0415809448105226,13.751633715773355,4.979229881883139e-43,7.645019506090634e-42,True
4103,Limch1,30.914777377383245,1.1190215809838269,0.1279162918872551,8.748077078173344,2.170190182637504e-18,1.4569015705936528e-17,True
4109,Atp8a1,88.04145000931715,-0.6894904332279947,0.0975097468245407,-7.070989882361867,1.5383235673525693e-12,7.629666065190508e-12,True
4110,Gm15478,19.65392000686125,1.4754772073677702,0.1789755564780932,8.244015196278324,1.6652599396546702e-16,1.0168319072863436e-15,True
4112,Guf1,34.71117171129305,1.349057830726323,0.1203873313127825,11.20597837011013,3.811193968889585e-29,3.934474703860022e-28,True
4115,Gabra2,155.7683717929643,0.7710373231504443,0.0551253149455242,13.98699170993211,1.8716280231146125e-44,2.991867538229282e-43,True
4118,Gabrb1,46.86320584873052,0.802022396948442,0.112132703890099,7.15243964628287,8.524901710844891e-13,4.2951161371148216e-12,True
4119,Commd8,44.96138937220176,0.5749216522165507,0.1050205127925456,5.4743748333454985,4.39058841630736e-08,1.5923394903439053e-07,True
4123,Slain2,23.26752551518567,-2.7049343371954637,0.1972622088865953,-13.712379844385252,8.560329562215648e-43,1.3028985499045015e-41,True
4124,Gm10135,18.04201618280492,0.6738428459894612,0.1703419854608004,3.95582359901827,7.627142737650486e-05,0.0001965568408429,True
4129,Sgcb,27.387833727022667,0.6802647267064109,0.1326680370607668,5.127570602366149,2.935049262025671e-07,9.842404888649076e-07,True
4138,Chic2,122.00896935475372,-0.5948246601975963,0.0649022444569981,-9.164932047792352,4.957819956994628e-20,3.599101511329268e-19,True
4140,Kit,34.122244726031674,-0.8486187039673062,0.1357811854742784,-6.24989906372605,4.10718029626053e-10,1.7303389308842243e-09,True
4143,Tmem165,31.280436573081037,0.7468317696829638,0.1399428338352421,5.336691770599885,9.465775000786702e-08,3.328055352106109e-07,True
4147,Cep135,22.749355691746143,0.6478533656111813,0.1464710650209664,4.423080869374748,9.730329874934902e-06,2.7895739156206816e-05,True
4149,Aasdh,13.468936396247358,1.2752552232436132,0.2001267521202994,6.372237643056519,1.862899248045289e-10,8.07194798062835e-10,True
4152,Srp72,20.216962703716828,0.5977222405445828,0.1535715782032116,3.892141029856803,9.936345422956464e-05,0.0002522746933168,True
4153,1700112J05Rik,26.957707362933203,0.9638843503166364,0.1372171357189286,7.024518805661619,2.148052452878232e-12,1.0572795186021536e-11,True
4157,Noa1,33.75575500349384,0.9764653017408104,0.1198290802927817,8.148817460294152,3.6750019077848223e-16,2.202482294836908e-15,True
4159,Igfbp7,29.41985340691483,1.0484174104006354,0.1296083222291631,8.089121071615347,6.009681183007852e-16,3.558154513933998e-15,True
4186,Mthfd2l,231.49993897445384,-1.4340613346586926,0.0521995220948015,-27.472690881235263,3.722698915150043e-166,3.390758261882497e-164,True
4188,Parm1,395.6923037409413,-0.8508573935791733,0.0405422163853807,-20.986948160189577,8.631280250259721e-98,3.5432823712803282e-96,True
4189,G3bp2,484.90517896064347,0.9901775011838284,0.0490826079256196,20.173693758985976,1.6670996629995875e-90,6.216255630391639e-89,True
4190,Uso1,35.891776973209964,-0.6274476486663048,0.1141790535485397,-5.4952955832618136,3.90056530327869e-08,1.4211059588278698e-07,True
4197,Nup54,12.680827530402595,-0.7715203441926475,0.1965737303200323,-3.924839514092611,8.67875774953645e-05,0.0002220218190811,True
4200,Ccdc158,176.86622679237632,-0.8494765027821656,0.0560095315913722,-15.166641795537174,5.8809737862870785e-52,1.1364250781722477e-50,True
4216,Prdm8,319.27870078613734,-0.5476416632452701,0.0395492310471599,-13.847087509545824,1.324754873934684e-43,2.079651098327626e-42,True
4224,Enoph1,44.03171620505291,0.5301561986879934,0.1211615785478304,4.375613169142608,1.2109159626187704e-05,3.434955126403416e-05,True
4225,Tmem150c,198.05191913993795,1.1223632935904448,0.0558816300543606,20.084655592519937,1.005180248796878e-89,3.685239453031405e-88,True
4226,Sec31a,108.05663229400396,-0.657905325232015,0.0680594948605743,-9.666620749680696,4.179510555870064e-22,3.295368827820364e-21,True
4227,5430416N02Rik,34.60049282630386,-2.299326428371688,0.3034227895304727,-7.577962195686582,3.5102464157268163e-14,1.906434450876725e-13,True
4229,Plac8,18.39295958727071,-1.1875484595712689,0.178269257364316,-6.66154376323205,2.7096608505099286e-11,1.2493158173930302e-10,True
4230,Coq2,50.7792350929714,-0.8017261851310673,0.1016485153949672,-7.887239494013916,3.0894416890520508e-15,1.7587290448614017e-14,True
4233,Helq,195.21761023170976,-1.3476521579955831,0.0563307890252094,-23.923899901215197,1.72774926883261e-126,1.041892386667058e-124,True
4234,Mrps18c,32.40006447894239,-3.002707286786285,0.1747461434272874,-17.18325353506713,3.54461621342297e-66,8.996843010209131e-65,True
4243,Arhgap24,32.388355904202854,0.8089494180495729,0.1261504794125597,6.412575059695197,1.4308193787985587e-10,6.243056211683932e-10,True
4245,Ptpn13,14.895032738263026,-0.8504176272118611,0.1817611051050064,-4.678765716793812,2.8860698107772804e-06,8.765472186674728e-06,True
4255,Gbp4,48.31327097578103,0.7139613656404334,0.1004536492285532,7.107371122138336,1.1827409052381778e-12,5.909649414515786e-12,True
4270,A930041C12Rik,20.393082316915898,0.5813309499178366,0.1580635344866274,3.677830891267453,0.0002352258224762,0.0005667717254705,True
4276,Tmed5,117.48580136963191,0.8441176549950119,0.0690095644503737,12.23189367615897,2.0998546085325404e-34,2.5378201378035288e-33,True
4285,Idua,22.25969226419012,0.7885260827812145,0.1620910105281817,4.864711992427972,1.1462359289521218e-06,3.628121977468725e-06,True
4297,Gm35315,102.64263291697034,0.8921234387526502,0.0698861425586215,12.76538389573188,2.5588596587336136e-37,3.3773085065610136e-36,True
4304,Gm43138,52.34367016896426,0.5016528505044383,0.0928959920821003,5.400156015999958,6.658296574456157e-08,2.3714926780873585e-07,True
4309,Pole,109.31572440875917,0.5155881040527539,0.0709922276345732,7.262599318712771,3.797215054732596e-13,1.953683344429645e-12,True
4315,Ep400,506.2251894421754,-2.231375923482516,0.052163631746811,-42.77646798660502,0.0,1e-300,True
4331,Asphd2,92.61237057092325,0.8093394786315513,0.0719986449715786,11.241037646625664,2.56351264171358e-29,2.6621561210384252e-28,True
4332,Grk3,126.20981918359014,0.9694824591850149,0.0658846126515643,14.714854048124945,5.175778154233107e-49,9.293019338935171e-48,True
4337,Ficd,133.8711210574268,0.5787959789595535,0.0613890097953586,9.428332219219378,4.166610334364307e-21,3.1516298238478805e-20,True
4342,Svop,186.71878052360836,-0.5171956185338091,0.0586698187541365,-8.815360768390713,1.1930027502731384e-18,8.121149122918118e-18,True
4347,Kctd10,114.805915815325,0.5973487860510451,0.0661204365973401,9.034253504537125,1.6512557920412705e-19,1.163932337413049e-18,True
4353,Tchp,110.08529169297437,0.5781946524031945,0.0643924387927259,8.979232084443275,2.7266307961759835e-19,1.9050467184788494e-18,True
4356,1500011B03Rik,83.50278398689937,1.4094998367252516,0.0870934537436587,16.183763258187216,6.565586196043375e-59,1.4552467857592717e-57,True
4360,Hnf1aos1,35.773678247196564,0.5954458710129138,0.1170664252204725,5.08639321557401,3.649370387868263e-07,1.2121593417481516e-06,True
4364,Unc119b,44.02119265904985,0.6787492698660613,0.1044191001906237,6.500240555865366,8.019167653750037e-11,3.5684275808850035e-10,True
4382,1110006O24Rik,22.06611344826505,0.7042745091156286,0.1549907282331882,4.543978321438857,5.520233757030472e-06,1.624122610076529e-05,True
4383,Rab35,23.374098639885958,0.5259366101007813,0.1432565992990437,3.671290625871308,0.0002413287316427,0.000580756413784,True
4387,Prkab1,49.6076606091641,0.8422301014225272,0.0967146474520242,8.70840274571977,3.0818659432323742e-18,2.0539508999713318e-17,True
4388,Gm13842,36.66553592991662,-0.7768550979791783,0.1173058619070984,-6.6224746602554,3.5323462837922266e-11,1.6133108334018926e-10,True
4393,Srrm4,44.9430103272368,-0.9936205330720796,0.1144525354180965,-8.681507399048622,3.9055764734008045e-18,2.590091822784728e-17,True
4402,Ksr2,17.270523464314437,-0.5714556906448811,0.1649082651625486,-3.4652944173635096,0.0005296512985704,0.0012141226778607,True
4417,Iqcd,69.0518074686333,0.5794103322697809,0.0847591645828385,6.835960867730119,8.145717869548959e-12,3.887890668741053e-11,True
4418,Rita1,24.472676620932404,0.6567758304476589,0.1425333383109849,4.607875169629993,4.06804755589699e-06,1.2142347782475944e-05,True
4423,Ptpn11,630.9163591860878,0.5758480811246699,0.044251421196906,13.013098010170394,1.0307692502430055e-38,1.4193773738779275e-37,True
4424,Rpl6,13.068505630590971,1.1869913088794948,0.2081530532716687,5.702492902327528,1.1806782918525332e-08,4.490583290108113e-08,True
4430,Tmem116,22.383828817621303,1.8888464674452372,0.1644646777194464,11.484815424424102,1.5727098570718935e-30,1.694611828741422e-29,True
4432,Mapkapk5,164.1904542450574,1.6830919228328616,0.0650862114204712,25.85942377195253,1.9062795276023485e-147,1.4307732351377627e-145,True
4434,Acad12,45.662249628530695,1.0640888992003046,0.1052234005025021,10.112664047338036,4.854592370716745e-24,4.175952355095644e-23,True
4436,Brap,18.774296237121245,1.0052302934141724,0.1584008853229387,6.346115372807203,2.2081965932166928e-10,9.513905400880396e-10,True
4437,Atxn2,111.43174279278554,0.9309171374980444,0.0765172832192055,12.166102850661428,4.710402026970601e-34,5.63058856101585e-33,True
4443,Tctn1,40.96610724529432,-0.5812087506626928,0.1058988269142994,-5.488339839052669,4.0572891176362e-08,1.4760530911009333e-07,True
4446,Vps29,31.146283933407407,0.8869228732822967,0.1222607383343737,7.254355612155971,4.035785280418381e-13,2.0733787598107125e-12,True
4452,Atp2a2,13.990229381389208,-2.060275146103456,0.5303215945716232,-3.884954275278344,0.0001023491493224,0.0002591402813595,True
4453,Ift81,924.5814359893916,0.5747572655536964,0.0373951829888145,15.369820913180591,2.608892942547468e-53,5.214207974773728e-52,True
4456,Camkk2,409.6439063814059,-0.662936972105514,0.0383938315388662,-17.26675732882822,8.371608097271595e-67,2.156151434537344e-65,True
4459,A930024E05Rik,19.687878085697395,0.5434039473678033,0.1531219840294981,3.548830370844198,0.0003869462613182,0.0009055153509881,True
4460,Gm2479,26.006816945319525,-5.439701844705554,0.3989339045862076,-13.63559672960828,2.4597058590457564e-42,3.7050246393619456e-41,True
4467,4932422M17Rik,23.3943463131386,-1.528615109619453,0.1549640596339628,-9.8643202380614,5.943565743302475e-23,4.857059706489425e-22,True
4468,Setd1b,15.69387685280315,-1.558353269238225,0.2164741794991643,-7.198795130410651,6.074694203407368e-13,3.0846182412656226e-12,True
4470,Gm43409,774.9957276659208,-1.5182549049197205,0.0566454631653948,-26.802762658797235,3.000317474820949e-158,2.498550095222321e-156,True
4478,Zcchc8,141.07080782838565,-0.5934614351512516,0.0602704243990652,-9.846644371073252,7.087068509254788e-23,5.759231138004076e-22,True
4483,Hip1r,40.12448115696116,0.8426931070628674,0.1186431652278075,7.1027530784837625,1.222957960733655e-12,6.105363636114804e-12,True
4484,Vps37b,15.039572171154076,-0.7485165020064467,0.1863174942926339,-4.017424691375529,5.883762971683452e-05,0.0001538735559276,True
4488,Arl6ip4,483.2714095224846,0.9131092699462092,0.0439193135820354,20.790608856867557,5.263875901352831e-96,2.101704606457952e-94,True
4490,Mphosph9,108.42446128208913,-0.8008729336770594,0.0706078503528369,-11.342548026529482,8.075827428770764e-30,8.554213814315151e-29,True
4498,Tmed2,25.73586850877841,0.7925081682639201,0.143983027194747,5.504177705556906,3.70895292351251e-08,1.353833619836919e-07,True
4500,Eif2b1,110.83207582762697,0.5524270904124853,0.0679967450085747,8.124316691083099,4.498896874248739e-16,2.6824653439093738e-15,True
4505,Ccdc92,15.017563919816537,1.2961673829435445,0.1871547579065567,6.925644837684002,4.339940424329191e-12,2.1105917169262757e-11,True
4521,Tmem132d,16.334434098413734,-0.8243564242118581,0.1706943368763568,-4.829430426909736,1.3692414414784949e-06,4.298203972101223e-06,True
4530,Zfp11,58.8123243271684,-1.11872859287339,0.0975907139693741,-11.463473801661792,2.0127657236721043e-30,2.160788641840255e-29,True
4531,Mrps17,88.43155191393413,-1.446306077360808,0.1026168042145788,-14.094242053538151,4.120480353544319e-45,6.67830958505867e-44,True
4533,Psph,16.547043336400563,0.9551111062354392,0.1860421622679188,5.133842214003008,2.8388612207758255e-07,9.53630523029728e-07,True
4539,Nupr1l,209.59574456518536,-2.6096415026666957,0.0756996421633578,-34.4736306287308,1.9931057048598308e-260,4.1006391254810264e-258,True
4541,Gusb,21.35573716706524,-1.0963371056254732,0.1583280570932287,-6.924465099574324,4.376259089456436e-12,2.1270711216346344e-11,True
4542,Asl,37.25235017399847,-0.8143428990179292,0.1615609959549104,-5.040467188288451,4.6439674789360754e-07,1.524567360083238e-06,True
4551,Auts2,237.7713698205304,0.9466231192838176,0.0533035017777269,17.75911690063424,1.4652174084742308e-70,4.028887113112791e-69,True
4565,Cldn3,128.21687795663857,-0.5408495422268695,0.0622423380831143,-8.689415579226063,3.643086907673152e-18,2.4187662809942325e-17,True
4567,Abhd11,81.21628028348893,1.493300514529998,0.096659106560277,15.44914460386378,7.645129380305918e-54,1.5402997995713121e-52,True
4569,Bud23,16.2502854137534,-2.5097732078574992,0.2241981989516513,-11.194439650243288,4.3413832096368893e-29,4.46600644530176e-28,True
4570,Dnajc30,80.804505490989,-2.319062174834273,0.1671095753728867,-13.87749427080728,8.672299094775858e-44,1.3650870078257445e-42,True
4576,Fzd9,10.237567370297027,-0.8022358994088958,0.2225186904362471,-3.605251755868754,0.0003118504658356,0.0007377761020743,True
4578,Pom121,532.4026391828712,0.675425511815778,0.0386599895260666,17.470918127392927,2.386236432516147e-68,6.322803444218543e-67,True
4579,Hip1,34.124941594214135,-2.744749062399966,0.1650105010877544,-16.633784179227952,3.967270693785806e-62,9.238299586275124e-61,True
4582,Tmem120a,68.0944480801221,0.837193533929363,0.0929380115922231,9.008085277342191,2.0968528733895602e-19,1.47209004615964e-18,True
4587,Ywhag,239.08707364772383,-0.5366551495294776,0.0554863921488807,-9.671833556766993,3.971969943414077e-22,3.135973380154644e-21,True
4588,Ssc4d,202.75948099750235,0.7611965018300003,0.0632479909960597,12.03510957173994,2.323253665422941e-33,2.7249537291023737e-32,True
4591,Upk3bl,91.20569184928011,2.6309143472957914,0.1012468237615503,25.98515439350417,7.28824042945259e-149,5.51760816581242e-147,True
4592,Rasa4,22.07126931109396,0.800229812765691,0.1431011889708734,5.592055653210318,2.2439686424182503e-08,8.328209596479279e-08,True
4596,Alkbh4,32.8231087023248,-1.9850095599860689,0.1408557534215918,-14.09249896981337,4.223474531417055e-45,6.838900241242728e-44,True
4598,Prkrip1,64.50829499218565,-0.5633375919249757,0.0841673710021166,-6.693063894211554,2.185456564252908e-11,1.0137735913966803e-10,True
4601,Gm16599,92.19256606369106,-0.8535697334693426,0.074119225985328,-11.51617171013507,1.0936280189458112e-30,1.1857015992141565e-29,True
4608,Ap1s1,48.30008065805082,-2.4261897038711617,0.1287948925602068,-18.83762357064747,3.71264854057986e-79,1.1614811749134276e-77,True
4611,Ufsp1,70.70506128323495,-1.3248478119782652,0.1023855911185734,-12.939787693797172,2.683701006542485e-38,3.655184050032319e-37,True
4616,Epo,791.1037647999045,-0.8439950182440772,0.0291244105337062,-28.978956235605335,1.2118599428423366e-184,1.3163358186600484e-182,True
4621,Gnb2,81.6890193897481,1.0466365515794362,0.0935882519782168,11.183418104903234,4.9159361035579923e-29,5.051109904760411e-28,True
4623,Mospd3,638.3213057834715,1.2420155194097275,0.0393089304166021,31.59626848776231,4.154593656861728e-219,6.1572486331523635e-217,True
4631,Tsc22d4,13.987494186275285,-0.7646862974007685,0.1826978319077447,-4.185524750982843,2.845080633853748e-05,7.718704642388201e-05,True
4633,Mepce,383.50234658361774,-0.6440070499168437,0.0398497423353691,-16.16088366386366,9.518736463589089e-59,2.101813930243005e-57,True
4636,Cyp3a13,75.7344821742265,-0.5466003696727585,0.0821823514163008,-6.651067537650677,2.9097471365685788e-11,1.3394487476786338e-10,True
4646,Lamtor4,119.70351676968184,-0.8305279001828573,0.0662651625331169,-12.533401691541762,4.9014355580753295e-36,6.184437593046276e-35,True
4647,Map11,28.501831318066092,-2.31445139678698,0.1778790407259125,-13.011377773018436,1.0542400625908895e-38,1.4505546982367803e-37,True
4648,6330418K02Rik,295.411921782458,-4.939244649052421,0.1021759552416312,-48.34057716780655,0.0,1e-300,True
4650,Gpc2,224.3988845809931,0.7320287314504454,0.051470111278621,14.222404289895234,6.652737901412368e-46,1.1017337160975333e-44,True
4653,Zfp157,49.800609091718805,-1.7423621041361166,0.3356647745710299,-5.19078031456475,2.0941459077986945e-07,7.131922811213938e-07,True
4654,Zfp68,10.409153486963216,0.7676365309980647,0.2172450733116043,3.5335048997728444,0.0004100884884682,0.0009553253611739,True
4655,Fam20c,12.635409904609574,-2.0147591548650725,0.2307830766956617,-8.730099207066104,2.5444933033434146e-18,1.7036025608296184e-17,True
4658,Gm15672,12.119188661578969,0.969027733143751,0.2013932985203291,4.811618560614295,1.497128795510349e-06,4.68117081635705e-06,True
4661,Get4,570.6989814718062,0.824548051992162,0.0335498153229278,24.576828338863223,2.235193002705483e-133,1.4477427863449442e-131,True
4664,3110082I17Rik,70.4171605251592,0.5598271985881315,0.0838390104045949,6.677407043409585,2.4320677219929647e-11,1.1254829405189987e-10,True
4673,Mad1l1,58.16364012683386,1.416594340173921,0.1010259827319502,14.022079289567866,1.1421847481956414e-44,1.8358940143791707e-43,True
4674,Gm16122,106.19926894550242,1.2285887748287412,0.0723922254411874,16.971280649838086,1.3397811942765412e-64,3.309335243715841e-63,True
4675,Gm16121,98.25362099674892,-0.5517272941514518,0.0946766954241058,-5.8274878699555375,5.6267938402115964e-09,2.1989133112317408e-08,True
4681,Chst12,209.2255568765005,-0.5593376864606354,0.0520750224128922,-10.740997517500066,6.53346075071541e-27,6.270974841301378e-26,True
4688,Sdk1,885.8481852139404,0.9445414742343384,0.0412572539876594,22.89394913478396,5.338017870160832e-116,2.8117848347401397e-114,True
4722,Rsph10b,24.956616932557267,0.8836670608267954,0.1385749334566442,6.376817500715358,1.8080569777377877e-10,7.842088399473817e-10,True
4733,Smurf1,74.3087470408585,0.5699860731379084,0.08209859978834,6.942701515097703,3.8467164521553156e-12,1.8748990333136056e-11,True
4734,Kpna7,64.48677630818095,0.9802838894845576,0.0851426480639713,11.51342965922352,1.1289742371999451e-30,1.2225078303500087e-29,True
4735,Arpc1a,23.71188683031912,0.8715111955456454,0.1493010375382947,5.837274877089238,5.306151687561783e-09,2.0777872976283132e-08,True
4739,Ptcd1,81.41593879025278,0.6685655523217882,0.0769251584458254,8.691117000332547,3.588931974950003e-18,2.384621670893832e-17,True
4743,Zkscan5,1195.221844310067,-0.794269418069311,0.0246204783524177,-32.26051934085653,2.5049106153883077e-228,3.982352440173702e-226,True
4759,Flt3,27.922418959882634,0.808872481982071,0.1275168209886295,6.343261035767171,2.2495179014303527e-10,9.687163028863334e-10,True
4766,Slc7a1,57.895554218389634,0.5099911686687811,0.09094494553006,5.6076911772981815,2.050434685495796e-08,7.647259923214006e-08,True
4767,Ubl3,13.228750201768824,-1.7604378785805856,0.2100761623340344,-8.379998277869232,5.292847766349192e-17,3.323566310158516e-16,True
4777,Gm20005,209.13721276965643,0.5590193349749973,0.0488335493374188,11.447444278776755,2.421807194528589e-30,2.5919561944869015e-29,True
4784,Gm43597,25.137567060829703,0.5305686202119141,0.1319891215468442,4.0197905251124055,5.824991028628419e-05,0.000152404911892,True
4789,1700028E10Rik,154.75249238131656,-0.9403960609021024,0.0600890914108026,-15.65002962805726,3.32064892500914e-55,6.88051047399998e-54,True
4793,Samd9l,57.54648948745654,-0.534041933993479,0.1770272637920344,-3.016721393947845,0.0025552454598563,0.0052541014229239,True
4808,Sem1,341.2688704132808,0.744986774684306,0.0393635794860574,18.925788366075285,6.993529507195319e-80,2.2116246658559083e-78,True
4812,Mios,20.2750222993916,-0.5544698280613889,0.156041940543845,-3.5533384558595187,0.000380374736083,0.0008913296776926,True
4815,Gm16043,28.695899852455103,-2.501619570171365,0.1646574183089272,-15.192874975592492,3.942423117375276e-52,7.669087372264607e-51,True
4816,Glcci1,65.76817152453619,1.0248312510538522,0.0905464844981188,11.318288686018985,1.0653119540876252e-29,1.122976217786883e-28,True
4830,Cav2,10.630801783853036,0.7634746567273709,0.2144515776479802,3.560126090471601,0.0003706767661642,0.0008693033775889,True
4831,Cav1,606.1826710834114,-0.6162487037822585,0.031368311253295,-19.64558113460842,6.307066731253398e-86,2.192802842865993e-84,True
4836,Cttnbp2,21.31778653923588,-2.79942674113579,0.2064029062340309,-13.562923081914589,6.643488896633616e-42,9.938522996093128e-41,True
4838,Kcnd2,30.290660877968914,-0.8098767509608497,0.1288803230597701,-6.283944140838762,3.300893518625432e-10,1.4021381067214367e-09,True
4848,Ndufa5,151.60018198734062,-1.376883740079225,0.0631428506831226,-21.80585331804241,2.0416399601083854e-105,9.249792648283796e-104,True
4851,Pot1a,118.06623419719146,0.9409233952697764,0.0685588641329928,13.724314239578712,7.261290478348772e-43,1.1090432129726055e-41,True
4854,Zfp800,119.84064560409816,1.3971539401372155,0.0749687116268819,18.636493942844147,1.6255189300974679e-77,4.9784719876610364e-76,True
4856,Arf5,55.15020904510785,-1.806060652466426,0.1043380912137456,-17.30969611823312,3.975072997202719e-67,1.0298678011123134e-65,True
4863,Fam71f2,230.73896070787575,-2.8668444474424937,0.0726744788555537,-39.4477468925587,0.0,1e-300,True
4880,Cpa2,53.511896854536,-3.468940916221955,0.1595970265193304,-21.73562372605856,9.449065741331166e-105,4.2370579919076776e-103,True
4885,Lncpint,156.4504864941446,1.0154270041063558,0.0576788240382672,17.604849284594753,2.2610868377315672e-69,6.074022522004554e-68,True
4905,Agbl3,131.66029615489637,-4.300268396927602,0.1244137560178443,-34.56425185259116,8.706716053577987e-262,1.8344945824695404e-259,True
4906,Tmem140,35.71782632871348,-3.5094447349590205,0.1947614750241681,-18.01919365482075,1.3773637788325568e-72,3.948743895774386e-71,True
4910,Cnot4,173.3864462648252,-1.3121512872122465,0.0555820833069593,-23.607450623355007,3.2315564773649816e-123,1.8589953840841715e-121,True
4913,Slc13a4,446.7486207921961,1.413898851097945,0.042831165500309,33.0109824139094,5.650872927907514e-239,1.0083925077882306e-236,True
4914,Mtpn,319.1282893854032,-0.7301754058075587,0.0569757505087357,-12.81554695265674,1.3418878918550854e-37,1.7941082150429457e-36,True
4917,Dgki,99.29977531908482,-2.1109746841310044,0.1020924334286579,-20.67709244687708,5.569830273130981e-95,2.1987627949551827e-93,True
4929,Klrg2,59.30458585089183,1.0101482431788888,0.1177997583916808,8.575130008502859,9.897493049798457e-18,6.417773765475542e-17,True
4930,Hipk2,35.91280765418158,1.3996593479447836,0.1353406152121972,10.341753994174562,4.5611178886604165e-25,4.0884074647305675e-24,True
4933,4930599N23Rik,18.300466416395363,-1.0904061327999253,0.1679573537430354,-6.492160709248731,8.461392431553794e-11,3.757562997537145e-10,True
4934,Kdm7a,26.07796376585237,0.688449202425157,0.1325027704144488,5.195734400660387,2.0391321896878666e-07,6.954045189793568e-07,True
4935,Gm49041,10.442192906700669,0.6953246588883399,0.216026936660974,3.218694250058088,0.0012877571521731,0.0027813137059655,True
4936,Slc37a3,326.21390972043173,1.5370724322886198,0.0541867207693968,28.366219812967827,5.281018222329393e-177,5.130802592894245e-175,True
4940,8030453O22Rik,33.103188837538035,-0.6509006774056012,0.1164826570373019,-5.587962139266442,2.297497159246756e-08,8.523256326030391e-08,True
4944,Tmem178b,291.476794090626,-2.550783306767762,0.0572905189054287,-44.52365514402863,0.0,1e-300,True
4953,Gm44284,47.955733749467946,-6.052463489320694,0.3576780254905536,-16.921541324826343,3.121533413836503e-64,7.602977206291472e-63,True
4954,Zyx,28.59469361943683,-0.7138802552918835,0.1324687620851307,-5.38904602153004,7.083266729658944e-08,2.5187508858941764e-07,True
4955,Epha1,17.017712629713962,-1.1910567457995112,0.2162906664233143,-5.506741300932647,3.6553680957811015e-08,1.3353891217677026e-07,True
4958,Arhgef5,48.33688913841152,-0.5060645695961278,0.1082306234962161,-4.675798339217923,2.928122438367956e-06,8.883780462389846e-06,True
4959,Tpk1,25.760451396663168,-5.92099548728358,0.4660499646551451,-12.704636704918189,5.572762140660628e-37,7.267447003420809e-36,True
4967,Zfp282,110.57034957961828,0.5301050196129885,0.0650046869568034,8.154873816487276,3.4954463202508233e-16,2.0991883670517306e-15,True
4968,Zfp212,29.291004538897862,-0.6548345612468809,0.1248625526426358,-5.244443168810242,1.5675501231583756e-07,5.403768293671136e-07,True
4973,Krba1,429.7378748100084,-0.5615961773348166,0.0359168886480555,-15.635991826514196,4.1397851869849935e-55,8.537330583725656e-54,True
4977,Zfp775,425.0655485748257,-1.6347441409274577,0.0615922072164229,-26.541411889710105,3.226844531645412e-155,2.5534415008785054e-153,True
4979,Tmem176b,90.59511125042168,-1.612391098423967,0.0819023677106226,-19.6867458596663,2.8011666911609712e-86,9.797360619004612e-85,True
4990,Gsdme,91.7720617709466,-0.7281611860157896,0.0803811350441382,-9.05885672821051,1.3182495677024345e-19,9.352352308308389e-19,True
4991,Osbpl3,242.4963771791788,1.817645245883764,0.0596002518163806,30.49727460017543,2.8319881158117263e-204,3.7237449751365023e-202,True
4994,4921507P07Rik,126.58940425296532,-3.0253404382385445,0.1012265749947602,-29.88682012006378,2.919301627141784e-196,3.403516457030368e-194,True
4996,Hnrnpa2b1,46.841807115809246,0.6700423881293048,0.1003639918928852,6.676123333599725,2.453455190063027e-11,1.1344797557858861e-10,True
5002,Hoxa1,248.73624342515345,-0.7195599276554534,0.0454473571694259,-15.832822246912226,1.84745387324456e-56,3.930446877773828e-55,True
5003,Hotairm1,122.56230260922592,-0.589937453680632,0.0612662272673943,-9.62908081651364,6.0266144530744185e-22,4.721928026674078e-21,True
5006,Hoxa7,10.522555935409082,-3.6156578056159328,0.3661868082451395,-9.873806822651767,5.407263224462791e-23,4.424998561974978e-22,True
5010,Hibadh,23.98307916490849,0.5132280436448393,0.1424103134586723,3.603868506291708,0.0003135157129179,0.0007416154183023,True
5011,Tax1bp1,73.22693679635964,1.2972407008888085,0.0875869366699186,14.81089247107258,1.2457522689436549e-49,2.283617995732352e-48,True
5012,Jazf1,17.81823023314887,-2.09631175648258,0.1947388080247367,-10.764735482083752,5.050638410113922e-27,4.8825629914910044e-26,True
5020,Fkbp14,10.232862735831786,-1.3770830607854874,0.2338850822461692,-5.887861883110941,3.912238460169395e-09,1.5437099772437366e-08,True
5027,Adcyap1r1,45.558960681366905,0.5958612951035703,0.1040204803921846,5.728307472307535,1.0143758848397508e-08,3.874924743136208e-08,True
5029,Lsm5,19.116315243022235,-1.8151924700235609,0.17729758821744,-10.238111461490304,1.3382299371785435e-24,1.1772115262262762e-23,True
5030,Avl9,31.41897060798972,0.9986910061849064,0.1337152996044227,7.468786362812544,8.093781862685415e-14,4.3193181939164653e-13,True
5033,Herc6,16.731757154114984,-0.6591150537467579,0.1698601398561512,-3.8803397566076416,0.0001043106504367,0.000263724830828,True
5035,Abcg2,67.0711828836134,0.5014543874697923,0.0952136542956834,5.266622641249952,1.389564281212434e-07,4.812972895591809e-07,True
5045,Smarcad1,28.44664065951643,0.747619907907667,0.1297744316192138,5.760918376443712,8.365749128907175e-09,3.217510903152159e-08,True
5046,Hpgds,14.082739018223773,0.7700908248464128,0.1807587478348996,4.26032396257687,2.0413080669649745e-05,5.637775659362519e-05,True
5049,2610300M13Rik,31.77455244966485,0.7676449801581273,0.1225328515765624,6.2648095615278985,3.7328131429670245e-10,1.580233266623271e-09,True
5055,E230016M11Rik,222.98432591419643,-2.1645707764710846,0.0601351001085643,-35.995130507196265,9.969305742360275e-284,2.3882632715396784e-281,True
5070,Reep1,13.692039289887132,1.167505619822164,0.1980952722474262,5.8936571609034605,3.777404892783612e-09,1.4928645596610128e-08,True
5077,Gm45051,23.265988114143465,1.1360746638206525,0.1462043926176059,7.770455069650527,7.820465012670608e-15,4.380662784804087e-14,True
5078,0610030E20Rik,56.183430103895525,0.6996564006203262,0.0939355934107632,7.448256568315445,9.458175119756672e-14,5.032082947803609e-13,True
5081,Vamp5,114.73973639943983,0.5784020083508548,0.0625022188085713,9.254103604263316,2.1603546315616127e-20,1.5914187782961032e-19,True
5085,Capg,12.711518881172507,-1.0430137642526442,0.1960799650565816,-5.319328591024933,1.0415088415269877e-07,3.6456978824307364e-07,True
5095,Suclg1,22.162410457165567,1.259095772293164,0.1531406587570637,8.221825493715185,2.0042868313535183e-16,1.219588312689991e-15,True
5096,Ctnna2,13.691302963347695,0.7177702488151962,0.1913775184085859,3.750546327404955,0.000176449699435,0.0004321176787171,True
5099,Mrpl19,69.60701497556904,0.5730002778680877,0.080476372293897,7.120105709729436,1.0784431829890721e-12,5.394683748316045e-12,True
5102,Gm44145,2279.8662862011006,0.7692420071481334,0.0253535362454565,30.34061993170617,3.340824846893363e-202,4.1143904874979674e-200,True
5103,Hk2,38.75150330198144,0.7431945484401343,0.1146792429830722,6.480637028183355,9.133615963490546e-11,4.0447879455437484e-10,True
5104,Gm17034,79.13967279521931,2.0437658534252594,0.0922444183896265,22.15598395116657,9.134303041676809e-109,4.3056790186750396e-107,True
5107,Loxl3,11.927011909022442,-6.031507030180842,0.7164572563925561,-8.41851621484046,3.8128240558584246e-17,2.412397506832567e-16,True
5115,Rtkn,46.16176760327287,0.6097693113674206,0.1059870396780146,5.753244106259413,8.754692730962334e-09,3.3611869699027285e-08,True
5123,Dguok,150.1264871139969,0.7926564879865043,0.0597525031422213,13.26566162592124,3.661746916801605e-40,5.2360286247773074e-39,True
5128,Nagk,51.894635040330336,-0.6824946742411591,0.0998172187370284,-6.837444309475426,8.061841182716016e-12,3.8499584544876486e-11,True
5129,Paip2b,588.9293784686259,0.7096383931009346,0.0306151454679361,23.179324555036125,7.360868733224365e-119,4.010182941016439e-117,True
5130,Gm43920,204.81240208719657,-1.557754490388021,0.0573341699177476,-27.169740010586978,1.4801651033575122e-162,1.3073296630058671e-160,True
5134,Spr,198.39180219348748,2.0624960140947044,0.0786230921583752,26.232700310744505,1.1261674564306531e-151,8.753073990248562e-150,True
5143,Tprkb,168.13043933056002,-1.1754617501868108,0.0771224709002334,-15.241494942601122,1.875299638487581e-52,3.672479292034805e-51,True
5153,2310040G24Rik,228.75126654356745,0.8610351199975528,0.0577638964702727,14.906112167150471,3.007625588759156e-50,5.595463435768098e-49,True
5164,Antxr1,104.20735463398243,0.7048516501030823,0.0738522950640186,9.544072387893747,1.373310672532367e-21,1.0626750903206208e-20,True
5168,Isy1,14.573753270352514,-1.4951236868613167,0.1927774036854651,-7.755699881199535,8.785757777881407e-15,4.902531334383856e-14,True
5170,Copg1,74.96440164579134,0.9610033223659614,0.0848531209204221,11.32549176673442,9.81266233278931e-30,1.0362550656752383e-28,True
5174,Gm5577,164.3272417458837,0.5421857534483343,0.0530194556082918,10.226165984313509,1.5139493791137131e-24,1.3271151249093038e-23,True
5184,Podxl2,247.5258938836016,-0.6014817719780395,0.0454385399054334,-13.23726011508824,5.346388969045751e-40,7.595259974871818e-39,True
5187,Gm26811,67.81564358567195,-4.0550204678384505,0.2267157778808177,-17.885920890649857,1.5182395592638205e-71,4.289333346107543e-70,True
5191,Vmn1r47,53.050560342442616,-1.9959531799263617,0.1126849047604205,-17.712693498476654,3.346669901367916e-70,9.14477550548783e-69,True
5198,Hdac11,26.935423430445077,-0.91818617200092,0.1334068207214128,-6.8826029061761735,5.876868151621961e-12,2.831269060631069e-11,True
5200,Wnt7a,11.841096783812375,0.7288667944941428,0.1983288690413532,3.675041349336632,0.0002378108964161,0.0005725271140592,True
5202,Chchd4,16.37415805117536,0.5357124912749616,0.1730646199254059,3.0954477668853606,0.0019651598200194,0.0041152813953419,True
5209,Fgd5,350.72448420814703,-0.8806865480220357,0.0587544293908746,-14.989279228006914,8.628450498627264e-51,1.6225198098924045e-49,True
5216,A730049H05Rik,66.73339618754977,0.9802027613778516,0.086607399685663,11.317771517623724,1.0716140882148672e-29,1.1282593121433831e-28,True
5219,Magi1,97.83542911000288,0.9623083071592844,0.0729948605774409,13.183233717370577,1.095907176857808e-39,1.5381400247904772e-38,True
5221,Lrig1,45.37335680806766,0.5711572712217193,0.1012719694654766,5.639835723906064,1.7021247561012625e-08,6.386345791611003e-08,True
5222,Kbtbd8,10.670527667221847,0.6762092497813484,0.215573368799136,3.136793999872115,0.001708060915081,0.0036136667412214,True
5227,Uba3,24.065048816316224,-2.876924479848947,0.2130119023005778,-13.505932996126022,1.4427433019666114e-41,2.136383985164445e-40,True
5229,Frmd4b,39.13844763533572,0.8500764083599517,0.1096117691114497,7.755338822199113,8.810791686693209e-15,4.9149322174446845e-14,True
5237,Ppp4r2,31.164583026086444,0.5014057037213079,0.1252364298472603,4.003672927540551,6.236657486301668e-05,0.0001625919292195,True
5241,Cntn3,22.66492273135813,0.7746520119126681,0.14829574509123,5.223696819056474,1.7538585630694892e-07,6.016374764801732e-07,True
5246,Gm34933,144.6521209739071,-0.5008559386443219,0.0595504617460641,-8.41061385518853,4.07870427200595e-17,2.5768923521979784e-16,True
5250,Gm44040,96.25293196240912,2.043108232443432,0.089868221706341,22.73449049787164,2.043310879808717e-114,1.047900899298969e-112,True
5256,Srgap3,203.74659127818464,-0.6824573774015609,0.0568803630266611,-11.998119229331865,3.634619268180739e-33,4.23183899879792e-32,True
5261,Mtmr14,68.07782302009736,0.5104447072181094,0.0836046792565621,6.105456198829261,1.025074646251941e-09,4.2002121400313836e-09,True
5269,Ttll3,122.87311231333732,-0.5488683138200201,0.0660147696308661,-8.314325974158798,9.227519814466292e-17,5.726432452639691e-16,True
5271,Jagn1,93.32589760826318,-0.6603813492349992,0.0745344346931568,-8.86008395922845,7.995420080616116e-19,5.4854415994434936e-18,True
5273,Il17rc,370.6816244372261,-0.762520087783895,0.0390376304168043,-19.53295012126699,5.761307899091533e-85,1.967846729283452e-83,True
5275,Prrt3,82.20133645407408,1.7089434522841422,0.0894067000084799,19.11426606867331,1.9210347151845918e-81,6.244434033298912e-80,True
5276,Emc3,61.43908177981445,-0.7068608289648128,0.094207471119898,-7.503235365114404,6.226161046276936e-14,3.343048952327021e-13,True
5289,Hrh1,31.028634238690376,1.2707265186994956,0.1318171873795484,9.640067004620752,5.415261733435845e-22,4.25054296204336e-21,True
5295,Tsen2,166.5443959018841,0.8642796032760557,0.0541263709043828,15.967809938760762,2.1417488763022815e-57,4.606999304892289e-56,True
5296,Mkrn2,33.33131647317071,-0.6295241161414873,0.1199683761964809,-5.247417161923322,1.5424636707959494e-07,5.323584897351403e-07,True
5299,Tmem40,31.66360619739768,-0.6025647643994705,0.1240077330598763,-4.8590902319658245,1.1792638292491535e-06,3.728614327591611e-06,True
5305,Gm20404,179.75137638079215,0.6661423849055642,0.0523150133743825,12.733292833902976,3.862012953318696e-37,5.0666828602878734e-36,True
5309,March8,20.83754786482693,-5.467537491101215,0.4491878023586502,-12.172052451984673,4.379302998941271e-34,5.245565126403079e-33,True
5329,Erc1,20.540625934955877,0.51649570253175,0.160188964182375,3.224290169850403,0.001262853664605,0.002733265456264,True
5332,Ninj2,84.3898789849785,0.6012297899210576,0.0837803153371365,7.176265540439611,7.164134580063569e-13,3.6209938016228816e-12,True
5333,B4galnt3,57.604922609576015,0.6430901734362823,0.0909168592220078,7.073387476638792,1.511965325910784e-12,7.503192287039669e-12,True
5337,Slc25a18,43.03668365368776,0.577866206942911,0.1063807238885115,5.432057480155174,5.5707970920893256e-08,2.001686861443561e-07,True
5340,Mical3,13.44574375892572,-1.8452031226669283,0.2137197025585962,-8.633752997859537,5.937113104164166e-18,3.904785030674047e-17,True
5343,Pex26,41.24552417273883,1.2793999890989989,0.1297515587319952,9.860382423163236,6.181350783633464e-23,5.049017398607286e-22,True
5350,Apobec1,136.43615692733752,-0.6457541978156393,0.0647590530982996,-9.971643606885824,2.0284387978778442e-23,1.6875993195664953e-22,True
5352,Dppa3,45.76299503217279,0.959325277015886,0.104283830040261,9.199175717323753,3.607060305468306e-20,2.636033038948172e-19,True
5355,Foxj2,243.41672771824472,0.6150196375489301,0.0452850134043965,13.581085469861424,5.185224719552093e-42,7.770283624295371e-41,True
5361,Lpcat3,248.47200526244976,-0.6910730145840999,0.0460986588642284,-14.991173964940616,8.385777426884814e-51,1.5785842372590056e-49,True
5363,Phb2,73.38505518945452,0.6056640666082063,0.0857826686306613,7.060447946844627,1.6596670918445697e-12,8.215187688134118e-12,True
5365,Grcc10,19.22735923272379,0.9661725786673312,0.1735625257632315,5.566711906378645,2.5959104802305155e-08,9.593677615864595e-08,True
5367,Eno2,54.07193323422373,0.5708914329392589,0.1055465612904243,5.408906040703506,6.341088455614517e-08,2.2640456290687354e-07,True
5374,Ptms,78.73064485106326,0.769481093441014,0.0941339862188376,8.17431752706366,2.9754526561108463e-16,1.7949194912061558e-15,True
5379,4930557K07Rik,43.87729660559842,0.8271127141683882,0.1148364371099561,7.202528526520081,5.910607115939417e-13,3.0047877105682708e-12,True
5383,Iffo1,19.431689518909664,-1.2074045121953938,0.1848842636673287,-6.530596429601687,6.550829472357841e-11,2.9321962071306356e-10,True
5385,Ncapd2,65.84198613447283,-0.9318687847613208,0.0985278041955496,-9.457927052873584,3.1410829259508585e-21,2.388315574305592e-20,True
5389,Cd27,121.10471771114106,-0.6153830998877582,0.0631506194664664,-9.744688256217865,1.9437453682191081e-22,1.5549962945752865e-21,True
5396,Gm28809,31.102457421370588,-0.94837076251632,0.1258456261604276,-7.535985091030021,4.8466196027428224e-14,2.6151707378206254e-13,True
5402,Tigar,60.58445917948421,0.7951332513958117,0.0873815469229302,9.099555677322954,9.070212990215505e-20,6.487520849606901e-19,True
5404,Ccnd2,63.23877855745038,0.6845883847764159,0.0938813754527761,7.292057465868456,3.052568970546844e-13,1.5770554256107296e-12,True
5411,Tulp3,62.42153965476802,0.5173947753395014,0.091639618845874,5.645972581026252,1.6425002364305493e-08,6.165280990490974e-08,True
5412,Gm44190,77.27033864491445,-0.5961689610544912,0.0786834917243851,-7.576798487067265,3.541862585917468e-14,1.9230081621398533e-13,True
5415,Gm15862,63.42314930154768,0.6442636988444349,0.085180413905547,7.563519232940472,3.923077776535237e-14,2.126682707875022e-13,True
5420,Pzp,21.49096538196136,-0.8152229365805795,0.1478462532078441,-5.513991182681706,3.507861808934169e-08,1.2841843691572274e-07,True
5423,Clec2d,217.33301000674177,0.5177600658638235,0.0514754958767437,10.058379371489323,8.43758294607023e-24,7.152518204598941e-23,True
5427,Ybx3,42.07293045307824,-0.6116582401143665,0.1048019841255441,-5.836323092715977,5.3365366481613285e-09,2.0892176606905148e-08,True
5429,Etv6,270.5345577492107,-0.5170295763588675,0.0484838388658514,-10.66395707215804,1.5007322829498562e-26,1.4247994660275292e-25,True
5436,Borcs5,459.63178184350136,0.7455485394747702,0.0654467181687355,11.39168716684292,4.5999548141450885e-30,4.9111117087771236e-29,True
5437,Dusp16,14.848911753786115,0.568887791757975,0.1794630446657917,3.1699439448238294,0.0015246834818469,0.0032524597134105,True
5439,Crebl2,107.6840916439692,1.3318571298743676,0.0704840819550644,18.895856949991398,1.2336805400258087e-79,3.89433308374934e-78,True
5461,Strap,30.830734112795152,-2.057168294653064,0.1529871600168028,-13.4466728739008,3.2203947677535176e-41,4.732627201552396e-40,True
5462,Dera,24.05354445289936,-1.899743857021467,0.2911942208852098,-6.523975136753677,6.846806389427819e-11,3.0599782810711404e-10,True
5463,Mgst1,305.37349386031,0.7122654637941015,0.0422830856782166,16.84516284394651,1.1385514007327029e-63,2.7387877436057092e-62,True
5470,Golt1b,485.8952071653444,0.5305671386708648,0.0372977146853044,14.225191627623005,6.39289925980349e-46,1.0597063720895112e-44,True
5471,Spx,76.86550623582417,-0.8631111019457121,0.0860429293706326,-10.031168258205543,1.111930885267488e-23,9.375818380693264e-23,True
5478,Sox5,81.908927430188,-4.4618904091604685,0.1701566155588358,-26.22225644596028,1.4816162136162343e-151,1.146482493084987e-149,True
5479,Sox5os4,1214.6452562698785,-1.436608489421213,0.0356550090345162,-40.29191208535347,0.0,1e-300,True
5483,Etfrf1,78.8099215263498,-0.8108545066761167,0.0860404337382719,-9.42410993815618,4.337687457077256e-21,3.2767809178992245e-20,True
5489,Ints13,78.0350594262498,1.0498024349209951,0.1007815633192809,10.416611931243516,2.0823962077390792e-25,1.8849350352453944e-24,True
5493,Stk38l,171.98144878598882,-0.8420927261458881,0.062201126930562,-13.538222982454238,9.30117966578963e-42,1.3831550169670834e-40,True
5495,Ppfibp1,353.7328428863803,0.5235813334157237,0.0380441782425172,13.762456112945596,4.287108320212245e-43,6.611371279001035e-42,True
5498,Mrps35,11.872136304274264,1.3567088057480363,0.2149653755444399,6.311289910349134,2.76719263203205e-10,1.1834840975538394e-09,True
5499,Mansc4,26.50733906929276,-1.508880827001758,0.151294892951287,-9.973111435344864,1.998674727260781e-23,1.6636279690783692e-22,True
5501,Gm6288,18.04510825754146,-0.8032291391072501,0.1606286526274862,-5.000534624230572,5.717155940824203e-07,1.864285345760464e-06,True
5504,Ergic2,10.303825217680943,-1.76631543231505,0.2424098402483392,-7.286484040852177,3.181484585487212e-13,1.643171956024819e-12,True
5510,Gm43913,34.57445715939611,-1.72361866426453,0.1285825318073957,-13.40476532882666,5.670235253805705e-41,8.270314772189674e-40,True
5511,Sinhcaf,12.513477235530456,-1.7660920514987866,0.2278914670792503,-7.749706797423092,9.210496861553431e-15,5.134624453772597e-14,True
5518,Gm21814,72.02334380409245,-0.5907049823055049,0.1001695723981485,-5.897050053858704,3.700576326050744e-09,1.4638244467309526e-08,True
5521,Cacng7,281.5144315616983,-1.134016910355567,0.0476987891207054,-23.77454294459868,6.125879501419391e-125,3.619235835162916e-123,True
5526,Gm35037,60.91796673219809,-0.8077626486684695,0.0962485802515906,-8.392463001085359,4.7606185029022083e-17,2.9936604235438263e-16,True
5530,Prpf31,53.72889056464757,0.7354629307246777,0.0962309419342765,7.642686603098839,2.1273536119148145e-14,1.1655125302370386e-13,True
5539,Ttyh1,748.6907158267758,0.5338118437482673,0.0356541844930648,14.971926895484035,1.1202775571161225e-50,2.1043409150211327e-49,True
5542,Cdc42ep5,30.057296724059388,1.595758702127576,0.1382229829150203,11.544814534270689,7.841042319102275e-31,8.556447618193208e-30,True
5545,Eps8l1,24.336618414235414,0.7425109532449518,0.1372850088956542,5.40853629407789,6.35419117657321e-08,2.268260773543831e-07,True
5558,Il11,71.67239050388551,-0.8861113986438951,0.0843729149146716,-10.502320555595844,8.428230691189714e-26,7.716905671598204e-25,True
5559,Tmem238,38.30431164459408,0.941745543990154,0.1419607697628938,6.633843600334653,3.2705637260755244e-11,1.4976595559468122e-10,True
5565,Gm36210,15.418052811598873,-6.402409105202279,0.7053923987758532,-9.076379496452043,1.122464734624428e-19,7.982782952058559e-19,True
5570,Zfp579,15.511838753609933,-3.404764013303532,0.2860783850136682,-11.901507389804578,1.1622852329581139e-32,1.3258998143490866e-31,True
5574,Ccdc106,127.47411298741888,-0.5238131243079496,0.0630052058218217,-8.313807049361753,9.26797960706276e-17,5.749500793483986e-16,True
5575,Zfp580,150.61440747711995,-2.746524001734862,0.0864959536079809,-31.753207949850744,2.8674511480611536e-221,4.3229297997666766e-219,True
5579,Zfp787,22.489488323212512,-0.7959183849863344,0.1465969326773825,-5.429297669808144,5.657625246991813e-08,2.0312163892299899e-07,True
5583,Zfp667,11.085605471187009,-3.5380923846913945,0.3498343416674794,-10.11362225854425,4.807329005378589e-24,4.139368274055183e-23,True
5589,Zim1,37.25698277608112,0.7787493717459885,0.1169295290509178,6.659988952892097,2.738481679954817e-11,1.2622711549565064e-10,True
5594,Zfp418,58.9344196517259,-0.7462042418765693,0.094134820712043,-7.9269736345405795,2.245509395166498e-15,1.2900613765660879e-14,True
5597,Zik1,20.79277593619225,0.5243544744801911,0.1540874625313808,3.402966509188916,0.0006665845081192,0.0015068808011879,True
5600,Zscan18,235.07097868801705,-2.907424539648605,0.1551656239541153,-18.73755581654073,2.446085147022914e-78,7.557798065571858e-77,True
5602,Zfp110,1997.5723660006167,0.6406111869316741,0.0483209374867822,13.257424633098374,4.086912589452355e-40,5.8392097519887903e-39,True
5607,Zfp324,19.693044049790448,0.5022403070648996,0.1607336536600252,3.124674239827895,0.0017800206633709,0.0037563655558141,True
5608,Zfp446,12.282183364110136,1.6196792772279325,0.2165410996004128,7.479777650601919,7.444846389493767e-14,3.982730916471918e-13,True
5611,Chmp2a,21.446143502796417,0.664415102112209,0.1446544792631964,4.593118066557183,4.366718405979993e-06,1.2993903604522396e-05,True
5628,Meis3,68.51033575118429,-2.8691827892510444,0.1249297340627955,-22.966372343423537,1.0110931339353392e-116,5.374467090049e-115,True
5631,Ccdc9,468.3050155180957,0.8683353414929814,0.037628765108496,23.076370935620297,7.997456218539907e-118,4.303369672302336e-116,True
5638,Arhgap35,122.96991919642228,-0.6631066323348274,0.0626122520239061,-10.59068490431624,3.2917447085680905e-26,3.081693333160533e-25,True
5643,Strn4,25.89356328159803,-1.2073407557741849,0.1480819051222331,-8.153195724876678,3.544312889150981e-16,2.127074255506945e-15,True
5646,Dact3,47.28264062995655,-2.328025348981566,0.1526548872879012,-15.250251009592638,1.64001450067357e-52,3.2225363581774595e-51,True
5647,Calm3,15.192983812542934,-1.518180830994635,0.2032633282142558,-7.469034598284008,8.078529861722507e-14,4.31249481751536e-13,True
5650,Ccdc8,13.42175756743442,0.7416967361833908,0.1928343902885072,3.8462886991978382,0.0001199204550349,0.0003007124917767,True
5651,Hif3a,158.9111530377427,1.0950139332019784,0.0692597951941936,15.810239261200962,2.6446057106189227e-56,5.5923657396981535e-55,True
5656,Mypop,143.69080859769238,0.800713825440683,0.0750804886680727,10.664739130569602,1.4881607134157626e-26,1.4136314261930936e-25,True
5667,Snrpd2,381.1148975875892,-1.0031412983379278,0.0435647121091489,-23.026464534520837,2.5322510647058392e-117,1.35840511102993e-115,True
5668,Eml2,233.39522462654165,-1.8094591005368292,0.0592116590210305,-30.559169096987382,4.2717006123799555e-205,5.659356084037931e-203,True
5671,Vasp,26.827129644047204,0.7127093748225154,0.132526616029437,5.377858396868801,7.537706186036008e-08,2.672737343499548e-07,True
5672,Ppm1n,1615.6615833990006,0.5331068922102262,0.0250681905576842,21.2662693377688,2.3309849440349105e-100,9.775603045871107e-99,True
5676,D830036C21Rik,15.854901208469078,1.1923421066226036,0.1884008133231167,6.328752437908419,2.471512628146465e-10,1.0621362408683486e-09,True
5678,Cd3eap,1322.1817347980875,0.7364030980984275,0.0235057239861649,31.328671200762063,1.8995823874378496e-215,2.7229423599600915e-213,True
5679,Ercc2,99.39108168027605,-0.7652874260951467,0.079376959350027,-9.64117840191476,5.356944338463081e-22,4.2085463877377516e-21,True
5680,Gm26852,133.2917970479521,-3.3631051300955934,0.1051204378146107,-31.992875981231457,1.3698823055498386e-224,2.101447522759261e-222,True
5684,Bloc1s3,1671.1173254791192,0.8549445997580235,0.0282978278609545,30.212375450119957,1.6291654542900482e-200,1.964885894112025e-198,True
5689,Relb,91.67448659432851,-1.540626467898019,0.0826125719919634,-18.64881374287549,1.2911021699216354e-77,3.961192060980624e-76,True
5690,Clptm1,457.251390474006,0.7967947131923482,0.0440362349770723,18.09406988602006,3.5488451136133945e-73,1.0275199229614412e-71,True
5691,Apoc2,37.72600363605892,-3.103273792976302,0.1725768446141157,-17.981982460713464,2.6967555377252343e-72,7.706023013682825e-71,True
5692,Apoc1,20.276503330342923,-0.6064510194550177,0.1494139662856619,-4.058864338662655,4.931194951973736e-05,0.0001301686601058,True
5693,Apoe,149.41809300239876,-0.7135024945608193,0.0585693458874135,-12.182183081442782,3.867880302890955e-34,4.648899707007356e-33,True
5694,Tomm40,357.91547948005626,0.8528772965082151,0.046901321632124,18.184504547608636,6.847141718267017e-74,2.0158722957753128e-72,True
5700,Bcl3,54.2707663004637,0.6631479702529218,0.0938352931700986,7.067148701190815,1.581494588344868e-12,7.832675548279539e-12,True
5702,Gm16174,318.0819578475775,-2.2875536685669897,0.0574983446311107,-39.78468742436207,0.0,1e-300,True
5703,Pvr,122.02980239086646,0.5418874060852057,0.0784001055391763,6.911819854814173,4.784752393996129e-12,2.3217466666538376e-11,True
5709,Zfp112,276.2409995369933,1.3920469509531872,0.0457557271942938,30.423447212238592,2.690215474500216e-203,3.434050234894874e-201,True
5710,Zfp235,33.592317118590195,-0.7128949212070839,0.119210639970638,-5.980128295449739,2.229619442438166e-09,8.9491817326965e-09,True
5718,Zfp428,147.09469475763711,0.9137256476809058,0.058991589434724,15.489083383521498,4.1110995672077326e-54,8.359873166433585e-53,True
5724,Phldb3,76.63247414058394,0.7187065805385245,0.0842793285546813,8.527673308078384,1.4932052310174028e-17,9.61457035347288e-17,True
5725,Tex101,47.26090323943775,0.5775828568012876,0.1032350305487867,5.59483397961832,2.2083298253787518e-08,8.206390137319084e-08,True
5726,Gm5893,204.29253332277392,-0.53601401188859,0.048288903779239,-11.100148687140834,1.2523536985216075e-28,1.276291461523652e-27,True
5728,Cd79a,427.0392721953172,-1.3143520526806665,0.0520990994158972,-25.227922697635183,1.9789439174805053e-140,1.378795666490003e-138,True
5735,Zfp526,84.07758902377002,-0.6179991681742623,0.077109803733083,-8.014534316719018,1.1055509051154029e-15,6.466178671792029e-15,True
5746,Ceacam2,20.715552678046997,0.548829257556225,0.1472447673552587,3.727326053170092,0.0001935220353249,0.0004716813036601,True
5753,Ccdc97,38.270088557608126,0.7184564456644624,0.1092848881458553,6.574160964557021,4.892827895559816e-11,2.2138622053699887e-10,True
5754,Hnrnpul1,232.773323824734,-1.339064892536148,0.0734457929766823,-18.232016270302587,2.875227023047086e-74,8.536837042283096e-73,True
5755,Axl,130.90861536374146,-1.591809334123508,0.0687444477612982,-23.155460345695936,1.2808073803439292e-118,6.956136480575974e-117,True
5756,Gm30146,378.09334956568415,-0.5998752776436024,0.0392350382133351,-15.28927471363385,9.01485087330433e-53,1.7813752776536282e-51,True
5757,Cyp2b23,37.94724486633843,-1.732192951698304,0.2222025286036897,-7.795559135097712,6.412389862326876e-15,3.6092653335169754e-14,True
5758,Egln2,95.7867193685287,-3.04192483080717,0.1228728522999981,-24.756687696808804,2.626580153493866e-135,1.7139415568768926e-133,True
5760,Mia,17.069857189556576,-2.130269873375204,0.2072092607376391,-10.280765762069263,8.60412405452938e-25,7.610972254203833e-24,True
5761,Snrpa,42.16192294291702,0.5461236642561539,0.1276877647723959,4.277024233524817,1.8940819087325128e-05,5.251895420947231e-05,True
5762,BC024978,211.2535562271877,-0.5817218951327208,0.0599120696136543,-9.709594391981128,2.7442697361561445e-22,2.1814449611772115e-21,True
5767,Shkbp1,100.90536231025492,0.6020120121621706,0.0725821949707505,8.2942106174217,1.0930863212741442e-16,6.752346727814284e-16,True
5771,Sertad1,21.56032614373886,0.724936806459998,0.1514920443473984,4.785312717792546,1.7072131192097745e-06,5.298268505544016e-06,True
5776,2310022A10Rik,829.8554120799713,-1.2016876246256467,0.0473745533175636,-25.36567715098925,6.034892332611592e-142,4.361082525318658e-140,True
5777,Akt2,274.6087634083392,-0.9311526721610356,0.0458390367848381,-20.313530507452267,9.76280991267778e-92,3.703514528262668e-90,True
5779,Ttc9b,89.8518649892756,0.5200957179240765,0.0718678519850022,7.23683404413719,4.592795672907601e-13,2.353319974445008e-12,True
5798,Supt5,37.745924858864335,1.032133143045414,0.1162900831715344,8.875504384350293,6.9617192155930735e-19,4.78375424920596e-18,True
5799,Rps16,10.497874747647446,-1.1760029267529517,0.2219726352458138,-5.297963532534716,1.1710134562191865e-07,4.08267211370836e-07,True
5803,Med29,28.980052473906216,-0.924427951888951,0.1393580244098192,-6.633474863065118,3.278748344718485e-11,1.5010144254564622e-10,True
5812,Fbxo17,21.47880588991417,1.0634595029778096,0.1503590839204867,7.072798498427877,1.5183989768668092e-12,7.53298193119057e-12,True
5816,Sirt2,23.948576220451613,0.7487541012130553,0.1358127771331681,5.513134456258718,3.5249872676575925e-08,1.290183703156048e-07,True
5822,Lgals7,48.85982347413519,0.6037404982053112,0.0984840077909953,6.130340465901644,8.769121031297031e-10,3.605951879834104e-09,True
5824,Actn4,30.67049623490412,0.8231402121840689,0.1396459158617418,5.894481103185493,3.758606052621394e-09,1.4861067747737496e-08,True
5825,Gm44699,11.785335072889517,-0.6386771624389218,0.2120937972917039,-3.0112958068288767,0.0026013529788549,0.0053401174896367,True
5827,Ryr1,84.29389059494433,-0.5662971331632731,0.0737141710307596,-7.682337401949039,1.5621175139624512e-14,8.609615847518232e-14,True
5832,1110035H17Rik,452.9854037297951,-0.5563649129867521,0.0355990751997736,-15.628633886261431,4.6465845086625766e-55,9.57119786660673e-54,True
5833,Spred3,1043.567310780243,-1.603458235426602,0.0373900666013418,-42.88460495465014,0.0,1e-300,True
5836,Kcnk6,87.95312653348952,0.9156744104283404,0.0774232064828503,11.826872743008476,2.8350856108964456e-32,3.2069842925845433e-31,True
5837,Yif1b,1468.2471502451044,-0.5029787527878448,0.0234248589671143,-21.47200772879636,2.8446007412993923e-102,1.216292854861706e-100,True
5842,Sipa1l3,58.80189786211295,0.9969694215799866,0.0912558108198849,10.924996585124244,8.754369466117686e-28,8.674017746372017e-27,True
5847,Zfp420,71.75500749517566,-2.49783453765798,0.1157271495922723,-21.583824940459547,2.5488552712710506e-103,1.1060640442676955e-101,True
5849,Zfp383,38.85780846029915,-1.2351758058571685,0.1258090525824813,-9.817861119710583,9.432354742763402e-23,7.626122040751103e-22,True
5852,Zfp14,384.5264241346108,-1.3481553366257943,0.0482587050423449,-27.936003161353927,9.752413102238473e-172,9.269032626736216e-170,True
5853,Zfp82,12.395765741644254,1.537635680187628,0.2165093892996604,7.101935325582851,1.2302180309010504e-12,6.139855286643141e-12,True
5858,Cox7a1,10.57700574853911,-0.6351264307663925,0.2137899972699137,-2.970795822428184,0.0029702918463844,0.0060407563448738,True
5859,Capns1,20.84716909889597,-0.6149707485396584,0.1487477585719715,-4.1343194307167,3.560080303401741e-05,9.553273645218604e-05,True
5860,Gm26810,66.55194431566427,-3.053292154750345,0.1334631058317791,-22.877424706411407,7.797058941757273e-116,4.082484035133269e-114,True
5865,Clip3,55.21364651450177,-0.6431862569776327,0.0944579571299858,-6.809233192419447,9.812032292470955e-12,4.662848389422068e-11,True
5871,Aplp1,181.6401354417097,-0.6652641093101832,0.0653215070194362,-10.184457457667596,2.3265400859611863e-24,2.023199056354512e-23,True
5873,Nphs1,1351.2402829755545,-2.3558787344285403,0.0323788131449165,-72.75988541903702,0.0,1e-300,True
5879,U2af1l4,113.98643133432886,-0.5270089026505532,0.0640497244375333,-8.228121311662102,1.901724362349694e-16,1.1587928797481342e-15,True
5888,Tmem147,16.081157378334535,1.0823572441400438,0.1829038488935533,5.917629676398749,3.266143291408241e-09,1.2960815493566446e-08,True
5889,Tmem147os,17.12548264156551,-0.6269029884206934,0.1628926335234463,-3.8485656156480426,0.000118811474523,0.0002980598287847,True
5894,Usf2,21.871497069833957,0.5262458810235934,0.1596661160260676,3.295914588024904,0.0009810183578639,0.0021569083533222,True
5901,Scn1b,431.85515825204817,0.5082518650375694,0.0374736082842241,13.562928373020751,6.643009593742852e-42,9.938522996093128e-41,True
5909,4931406P16Rik,114.6478543955801,-0.5585615556784852,0.0662703081506094,-8.428534154527675,3.50022014620554e-17,2.2194289309950134e-16,True
5910,Lsm14a,17.8097919461811,-2.5264840604526952,0.2117011634152003,-11.934200170159722,7.850989443436219e-33,9.020900353929867e-32,True
5913,Chst8,656.3606741568115,-0.6619585924989421,0.0324873492156039,-20.37588810665409,2.737055235513415e-92,1.0496846920758466e-90,True
5914,Pepd,89.7934354396859,0.8102407405108614,0.0792559022886549,10.223096540619958,1.5626769806935244e-24,1.367772524442861e-23,True
5915,Cebpg,22.002691051906528,-0.7213009503980125,0.1462752249600496,-4.931121798616359,8.175873430001042e-07,2.623961727727257e-06,True
5917,AC150683.1,402.13057114536014,1.2475338106625802,0.0544817338140935,22.89820318346518,4.841711530063217e-116,2.565813673871077e-114,True
5924,Nudt19,20.342016677902013,1.066025993581276,0.1562994088615338,6.8204096313996425,9.078127930286996e-12,4.323483149369798e-11,True
5930,Zfp536,33.644016023026744,0.5556445676237297,0.1206248561642424,4.606385327972253,4.097288395700094e-06,1.2223367359945963e-05,True
5931,Uri1,34.36287930693526,0.6855215467976419,0.1210275955379508,5.664175544020304,1.4773310836919856e-08,5.568009911983932e-08,True
5932,Ccne1,14.581137075901797,1.103924813764021,0.1790346038075784,6.165985738435737,7.004539789281427e-10,2.9013593518463674e-09,True
5940,Vstm2b,11.99437505129755,-0.7530490280033842,0.2019388040920014,-3.729095214708225,0.0001921685349999,0.0004685782682763,True
5949,Zfp976,596.8213014865205,-0.5122808693903171,0.0347122446593935,-14.757929785784922,2.735493824763638e-49,4.9727979217740637e-48,True
5967,2410002F23Rik,27.88711271954195,0.8383104457583265,0.1429596207614416,5.86396663122956,4.519383405885753e-09,1.7760668989242714e-08,True
5970,Shank1,26.30889482611562,0.5453980777985235,0.135715331070775,4.018691724033009,5.852217914153515e-05,0.0001530714730522,True
5972,Emc10,16.558186862165105,0.7029556871734652,0.1703988290857185,4.125355150297692,3.701630964925196e-05,9.904241480203768e-05,True
5978,Kcnc3,186.0864680936029,0.8655193780659893,0.059404016797429,14.570048032567534,4.3558465024568977e-48,7.602299763968686e-47,True
5979,Gm44832,33.45998323474749,-1.57504262133226,0.1322613781425561,-11.908560484184749,1.0680519705658351e-32,1.2215888071455411e-31,True
5982,Zfp473,461.61357502690936,0.7625066985612983,0.0382371907225112,19.941493717329784,1.7767915624463983e-88,6.419944389269135e-87,True
5983,Vrk3,107.685497120255,1.280969417059671,0.079602208980757,16.09213404328179,2.896778811300907e-58,6.332358481503783e-57,True
5986,Il4i1,39.30690663634632,0.7391110828380641,0.1138824641609032,6.490121971665302,8.576690955806864e-11,3.805865806525005e-10,True
5987,Tbc1d17,1582.4071032463232,1.3343974566626682,0.03453282118527,38.64142606546888,0.0,1e-300,True
5992,Ap2a1,41.85891893292016,0.5045759000832442,0.108586955851497,4.646745054473205,3.372134930184309e-06,1.0158810621716314e-05,True
6001,Rras,80.99175941058961,0.5674022848642432,0.0770899923511831,7.360258673777581,1.8355418786549186e-13,9.607888768008745e-13,True
6004,Nosip,19.12119174749657,0.5512668356440737,0.1612052654241127,3.4196577524546328,0.0006269996609235,0.0014230979974343,True
6005,Rcn3,16.220989552829217,-2.310694432396232,0.2147486077908214,-10.759997264554997,5.317174487987867e-27,5.126061049941114e-26,True
6006,Gm45669,24.86444871563557,-1.3078373073537102,0.1454332811109317,-8.992696151550996,2.4123846525110824e-19,1.6895387586349145e-18,True
6015,Dkkl1,539.1128200374247,-0.6083960780037029,0.0441729552920461,-13.773044478942802,3.70274084266371e-43,5.725334381653666e-42,True
6021,Snrnp70,12.793823327401403,2.089899656425556,0.2273128243632936,9.19393642782537,3.78722478265724e-20,2.7653856784597003e-19,True
6023,Ntf5,148.91106210083555,0.6103847706923856,0.0577629770479199,10.567058726665218,4.2357107214946765e-26,3.938017495879793e-25,True
6026,Ftl1,19.934485355882043,0.6628989196562681,0.152872130132029,4.336296740836614,1.4490329522122698e-05,4.074065637988452e-05,True
6032,Hsd17b14,13.70205880713587,1.6394252661388444,0.199144571075832,8.232337227584125,1.8359553025579708e-16,1.119887908306027e-15,True
6036,Izumo1,11.120365029798675,-2.331104963201498,0.2557870217754998,-9.113460671384146,7.979515203139828e-20,5.728479551416638e-19,True
6049,Kcnj14,12.898828864298244,-0.7689127215375309,0.1925211239000387,-3.993913529908373,6.499157370039554e-05,0.0001689819567161,True
6053,Syngr4,39.103110071366906,1.0516811443501437,0.1129889449666932,9.30782338626276,1.3047873402325e-20,9.681001699612204e-20,True
6057,Nomo1,36.290569701984346,-0.5711151420857428,0.1106179937846851,-5.162949738515442,2.43088427785398e-07,8.225871565617338e-07,True
6062,Gm15700,25.27384633395452,1.2509881929775228,0.1405623564946392,8.899880623623673,5.590678497370982e-19,3.856796274636045e-18,True
6065,Hps5,20.363583745444654,0.6298178870709082,0.1523439490965785,4.134183804514842,3.562183089571083e-05,9.557449811356104e-05,True
6067,Ldha,20.85753459071716,1.0251590941312,0.1509781296368922,6.790116532750433,1.1204300535671923e-11,5.302863539048189e-11,True
6069,Tsg101,41.000767190271695,0.5665147922701673,0.1069705837858991,5.29598673037106,1.1837543448959645e-07,4.124625619354578e-07,True
6070,Uevld,1124.529732875738,1.184194733021471,0.045109480776301,26.25157090355176,6.858464976976987e-152,5.354501585597034e-150,True
6073,Zdhhc13,16.562938294324287,-0.5342225040421322,0.1728961203065783,-3.0898466842104506,0.0020025983955642,0.0041891675528263,True
6075,Gm2788,24.159686434255963,-0.7105081515719379,0.1372397612183171,-5.177130485105418,2.253246297346071e-07,7.651411892813222e-07,True
6076,Htatip2,43.84806132556628,1.3546833944100838,0.1214023081045562,11.158629646838174,6.498552312277662e-29,6.649893670983719e-28,True
6077,Prmt3,82.56451705405783,0.602447393030121,0.075313461745824,7.999199333889674,1.2523084445928613e-15,7.297690796081291e-15,True
6080,Fancf,17.54723976481964,-0.8185610809016135,0.1672004928099706,-4.89568581494516,9.796347511419863e-07,3.1211245268666527e-06,True
6082,Svip,18.74676741593169,0.7235629036540447,0.1644900154308526,4.398825678013337,1.088382039223481e-05,3.103477107767852e-05,True
6084,Tubgcp5,141.01956990876053,0.7981231890296843,0.0616633271460997,12.943239133669852,2.5657898307900824e-38,3.497313527736318e-37,True
6085,Cyfip1,45.10197974801562,-0.5650125463736233,0.1054280325471421,-5.359224987158683,8.357971693932023e-08,2.954005840409927e-07,True
6086,Nipa2,17.405828024219336,0.5714676029768315,0.1801483611117575,3.172205394765227,0.0015128596782932,0.003230783985101,True
6088,Nipa1,72.32929888835827,0.8230427095104772,0.0833823550875414,9.87070596226721,5.577069954686628e-23,4.559691415033181e-22,True
6091,Gabrg3,46.19263184015144,0.9327215776232408,0.1050422756794821,8.879487535754413,6.716909091450833e-19,4.6173469414816096e-18,True
6094,Atp10a,338.9069027634743,1.6508166683618877,0.0541310915084354,30.49664476292029,2.8869705770296582e-204,3.767712048589153e-202,True
6095,Ube3a,38.69242605087601,0.571763173843547,0.1126658464396467,5.074858015200118,3.877854528406293e-07,1.2843924241054782e-06,True
6096,Snhg14,335.34675884228227,2.474321034355493,0.067359426088958,36.733107421191306,2.1636626759750253e-295,5.564431305507536e-293,True
6101,Magel2,32.89614307586997,-1.2838946168027952,0.1327366033254593,-9.672498652498964,3.946234747896454e-22,3.117062026703396e-21,True
6105,Otud7a,18.62394432189367,-0.5047338007088946,0.1607496877029061,-3.139874222597136,0.0016902038570954,0.0035784848732305,True
6121,Selenos,22.25302759019337,0.5613519194733891,0.1415146794805536,3.966739857192891,7.286244555332406e-05,0.0001881598416769,True
6127,Aldh1a3,33.96889764955242,-1.9293685074753764,0.1403788558434479,-13.744010776288343,5.5324060942073675e-43,8.4794669391322e-42,True
6131,Adamts17,18.98989679619712,0.536633306228008,0.1631402505763911,3.289398565541169,0.0010040173825945,0.0022047031625832,True
6134,Lrrc28,35.67698019560283,0.508541596590278,0.1197192420518331,4.247784966514423,2.1589446294315417e-05,5.946703997400976e-05,True
6135,Ttc23,41.87614201850281,1.8495909984373828,0.1181471638881643,15.654975858651737,3.0722981394198937e-55,6.388626618570168e-54,True
6140,Gm16158,18.536179519048208,0.5236744741450544,0.1559947719606336,3.357000158166885,0.0007879306754746,0.0017613871472198,True
6144,Gm36696,111.51791331616742,1.5983779420238051,0.0803246185264754,19.898979557518487,4.152975085528443e-88,1.4943874134922102e-86,True
6148,Fam174b,12.633824570641918,0.8254254547059956,0.2125066509562525,3.884233509829869,0.0001026532148247,0.0002597973112671,True
6149,St8sia2,36.42798566375634,0.5309085603277311,0.1218437669251116,4.357289451285936,1.3168307197160374e-05,3.719111050774235e-05,True
6155,Agbl1,33.21540954998641,0.9575234558365052,0.1231491389140039,7.775315883492713,7.525936710105882e-15,4.2210898392024275e-14,True
6156,Ntrk3,43.29442088676839,1.1517484559650544,0.112648668274207,10.224252746259657,1.5441423913338168e-24,1.3522264466522678e-23,True
6158,Mrps11,31.934523292875355,1.094170286659663,0.1267823931653888,8.630301569022347,6.119042303808194e-18,4.022925255977357e-17,True
6177,Arpin,1592.6188693245797,1.0823727819771412,0.0355847326817027,30.416774285160887,3.296401307944832e-203,4.177352614010089e-201,True
6182,Cib1,23.175259866127885,-1.7650894875887757,0.1713664297342847,-10.300089056682026,7.039610022543021e-25,6.2428346893626965e-24,True
6183,Gdpgp1,13.530665286156683,-0.5164863817620414,0.1799151708741515,-2.870721680959952,0.0040953592908834,0.0081127824285195,True
6186,Vps33b,29.77106532533261,-2.8250129241613204,0.1785138761360365,-15.825172727796904,2.0862581498360484e-56,4.4223615181009466e-55,True
6187,Rccd1,25.154526964512,0.6235841725687354,0.1380130092794702,4.518299947405718,6.233813337006715e-06,1.8221114430481936e-05,True
6188,Prc1,177.85825625210296,-0.9638262384134828,0.0576584004372837,-16.716145975326835,9.997939698499254e-63,2.3532162778917215e-61,True
6200,Nmb,31.88235975462455,1.4431299227715852,0.1313360012232774,10.988075693870076,4.361252697014717e-28,4.3682466875941215e-27,True
6205,Rps17,33.11748803427212,1.2741544912337164,0.126117983253596,10.102877150133828,5.364477687978049e-24,4.6009801769181033e-23,True
6207,Ap3b2,25.562892654960848,-1.9599583701116507,0.1699189999328224,-11.5346628151444,8.823220474057553e-31,9.607750912224065e-30,True
6209,Whamm,71.55794926628931,0.7505830542763698,0.0843952376653004,8.893665982114726,5.912523997619523e-19,4.074003927122546e-18,True
6211,Ramac,67.71671920768824,0.7344571927283409,0.0880756205194237,8.338938612034731,7.496031288499885e-17,4.676796117491474e-16,True
6213,Btbd1,36.51021625446213,-0.7278533247993894,0.1222704977884397,-5.952812313390333,2.635735063373833e-09,1.054052933644674e-08,True
6216,Sh3gl3,21.329661597516843,0.9887187646628194,0.1480903932216079,6.676454448893684,2.4479210314333814e-11,1.1322201268898963e-10,True
6224,Tlnrd1,37.14261035972198,1.6469915767120145,0.1245108228143512,13.227698118803051,6.0718593626605585e-40,8.611895907072818e-39,True
6229,Arnt2,11.997035233310486,-0.5732119226791395,0.20312326974002,-2.821990426861484,0.0047726601915124,0.0093538363139269,True
6232,2610206C17Rik,48.31402245702828,-0.5257115186907744,0.102081219545085,-5.149933758957388,2.605784730011293e-07,8.78880681937078e-07,True
6236,Tmem135,641.0713766822365,0.7164410087409752,0.0424659637421649,16.870946650143086,7.360722865728794e-64,1.7779602413793531e-62,True
6239,Prss23,28.586486625832052,-4.660186590979103,0.2999565029867743,-15.536207898731837,1.973190044899862e-54,4.026504959767654e-53,True
6240,Me3,45.72920021548865,-3.4098861481678857,0.174176099962786,-19.57723332246176,2.4180214156980728e-85,8.34050463860511e-84,True
6242,Hikeshi,87.29799758731303,-0.7147036877836601,0.0864734075475816,-8.265011268237544,1.396815489093691e-16,8.580087556470134e-16,True
6244,2310010J17Rik,61.10433687600069,-0.5543282034216478,0.0909068783284351,-6.097758647249215,1.0756598772912795e-09,4.403356726139957e-09,True
6248,Tmem126a,36.63163485977934,-3.844482584134463,0.2117007426795146,-18.159986287598773,1.0705143216687312e-73,3.1411332982118747e-72,True
6252,Gm26944,193.86164760318005,-0.7884034937939983,0.0580018983771456,-13.59271878771214,4.423385038967102e-42,6.634318830313609e-41,True
6253,Pcf11,90.43328264133233,-4.183386375516915,0.2728603698872633,-15.33160120410798,4.7025022215530415e-53,9.34515441483177e-52,True
6254,Gm26981,98.15093934061942,-0.5983391126244128,0.0803993648840929,-7.442087552395511,9.910649926014257e-14,5.266406742817906e-13,True
6266,Ndufc2,13.613132678848215,-0.8106533665459654,0.182815434127518,-4.434272031870764,9.238391632049063e-06,2.6533255519999018e-05,True
6276,Acer3,30.372029227449005,0.8413121770512214,0.1285225956362598,6.5460254120005,5.908853031723114e-11,2.6564015891715633e-10,True
6279,Thap12,146.35562407473253,0.7630732206445447,0.0600209327148123,12.713451559812702,4.978741717366698e-37,6.502482087625751e-36,True
6287,Arrb1,61.800417784560445,-0.8696817876271034,0.1015033724182474,-8.56800879525023,1.0528975754694649e-17,6.81713172891892e-17,True
6300,Coa4,12.22593804993497,-2.346423468694722,0.2692563550331575,-8.714459008426273,2.921503952748805e-18,1.9515378581234187e-17,True
6304,Relt,16.88748822536134,-0.7723359796638682,0.2426030362676371,-3.183537978526514,0.0014548702640091,0.0031179866638469,True
6307,Stard10,534.3855966656764,0.9878252139790078,0.0520281866534228,18.98634716138085,2.2118993532222074e-80,7.033035616209084e-79,True
6309,Arap1,42.72622656624832,0.5332474746168926,0.103159667558858,5.169146888852148,2.3516501290700563e-07,7.968544362948485e-07,True
6316,Folr1,77.00577974414252,-0.6843193046300414,0.0803798529039314,-8.51356751607803,1.6866221679157653e-17,1.0836020746697614e-16,True
6320,Lrrc51,26.68720182161332,0.7781787502497681,0.1339002934256044,5.811628416498784,6.186804697783285e-09,2.4071676481139342e-08,True
6322,Il18bp,276.0257858646248,-0.6596321967932584,0.0420809643244005,-15.67531085333926,2.2313070164428417e-55,4.6509054950598827e-54,True
6347,Timm10b,399.379116338021,-0.6029251552354036,0.0381727423678367,-15.794651309710748,3.3866065927661402e-56,7.152774890615249e-55,True
6348,Dnhd1,17.291578224382405,0.5721894472188503,0.1764888917427952,3.2420706004133466,0.0011866462172071,0.0025778967759651,True
6360,Ppfibp2,311.3045317942558,-0.6169519672526856,0.0423412670149324,-14.57093778122194,4.299481297258329e-48,7.511421471174191e-47,True
6363,Tub,34.36971651942812,0.5826632710442698,0.1165816090187841,4.9979004059756,5.795790384176206e-07,1.8885183946054312e-06,True
6364,Ric3,37.08758653783581,-0.6569409356796921,0.1160729773472173,-5.659723311090214,1.516172423366441e-08,5.710709312908103e-08,True
6372,Nrip3,330.4740883219334,1.0296266784932826,0.0533815944158063,19.28804655914155,6.768270850355049e-83,2.250257046216903e-81,True
6385,Eif4g2,17.670220926242237,0.5552523801571565,0.1698583824524862,3.268913621689969,0.0010796125433223,0.0023600330197027,True
6387,Usp47,30.727149616636908,0.5115485390809645,0.1194279214958103,4.283324474494101,1.841213583721823e-05,5.113410060684015e-05,True
6391,Parvaos,49.90751943577551,0.7043158007433775,0.1014505626497131,6.942453371848001,3.853481639978927e-12,1.8776730821942457e-11,True
6393,Tead1,827.4988761558567,0.5688471328370565,0.0313376392854277,18.15220118069246,1.2335701953128985e-73,3.60747083204548e-72,True
6394,Rassf10,39.2212305067059,0.572543041049835,0.1084994809158562,5.276919633319304,1.3137346587359602e-07,4.561165716095785e-07,True
6398,Gm5600,50.56923886261564,0.6160562551826151,0.0960376605611584,6.414736173110961,1.4106694296689182e-10,6.156672569515857e-10,True
6400,Rras2,26.83241051504036,0.6795384948925425,0.1329097428325175,5.1127816547568194,3.1744915469694054e-07,1.0604681599503526e-06,True
6409,Sox6,18.283141726861807,1.1508753046889213,0.1725593656606154,6.669445615327702,2.5677150779280963e-11,1.1848340097652516e-10,True
6416,Gm44777,42.371898375587726,0.5048210723283124,0.1046594932724945,4.823461843197973,1.4108776762117712e-06,4.42255400637954e-06,True
6422,Rps15a,24.15815860869927,0.9510372755957184,0.1398618327977431,6.799834211889899,1.0473961282056134e-11,4.972004204685062e-11,True
6440,Dcun1d3,156.97011610077743,0.5284846417351239,0.0539520128775734,9.795457361977352,1.177632457167093e-22,9.499278787333085e-22,True
6441,Lyrm1,323.3330997579056,-0.6417286113392667,0.0415507589176896,-15.444449826067071,8.22262482337778e-54,1.6547441071487992e-52,True
6449,Mosmo,68.40738236756545,0.5360083174727954,0.0832635242602701,6.43749255433037,1.2146327962343463e-10,5.3196840321929e-10,True
6456,Cog7,102.02190407545528,0.6302113612675597,0.1047399497576253,6.016914870838755,1.777725075214215e-09,7.189837214464893e-09,True
6459,Ears2,37.10956082649401,-1.154423135241513,0.1267407327348645,-9.108540800821396,8.349739204739347e-20,5.986889676608515e-19,True
6461,Palb2,62.73524754012772,-0.9121459517904236,0.0891036294495263,-10.236911306818518,1.3549295891722748e-24,1.1913025970560454e-23,True
6464,Ern2,145.61995445471288,-2.516920902609649,0.1546273994428028,-16.277328026464456,1.4297688139166129e-59,3.20151050163556e-58,True
6478,D430042O09Rik,534.3506741451175,-0.6428119959109655,0.0383772618753773,-16.749813939263596,5.680366329193547e-63,1.3442252552765458e-61,True
6488,Apobr,223.29547521371467,0.5956369499039683,0.0489074060929341,12.17887018526674,4.028233273278391e-34,4.838306557904705e-33,True
6492,Sgf29,43.95837738393232,-1.884172622379505,0.1203699029476834,-15.65318718582357,3.1598963920751128e-55,6.555191945979782e-54,True
6494,Slx1b,166.20841541638174,0.7456722179112761,0.0550683182484134,13.540856914270476,8.973596499660719e-42,1.3378538413134412e-40,True
6500,Aldoa,80.91094493510722,-0.5882672853379952,0.0805098097877377,-7.306777731669575,2.7362461220233745e-13,1.4165622315554997e-12,True
6502,Ino80e,11.60383245941665,-1.2193703235629576,0.2684088533825729,-4.542958655037152,5.547013416414392e-06,1.6311782516605834e-05,True
6507,Kctd13,177.76180851341846,-3.701425938808237,0.2368448882126543,-15.628059219436738,4.6886748915530115e-55,9.646534882762244e-54,True
6510,Mvp,11.27665308923424,-1.0464494147993468,0.2270846981893323,-4.608189909506219,4.06189585522937e-06,1.2126055772661526e-05,True
6511,Maz,294.2802016228205,-0.8185446277726588,0.0558069509923619,-14.667431443883912,1.042160106093414e-48,1.852164221073336e-47,True
6512,Kif22,481.0024609177154,-0.6784711093497231,0.042554610918432,-15.943539247725816,3.159416586978092e-57,6.77106339130795e-56,True
6518,Mylpf,124.21689820029498,-0.6292797623720467,0.063716545819491,-9.876237863784954,5.2777249971793873e-23,4.321013799188816e-22,True
6521,Dctpp1,26.95559603941894,-0.6295555712555131,0.1333738261449639,-4.720233268042034,2.355743326599334e-06,7.222517408059108e-06,True
6524,Zfp747,128.6241987212969,-1.128984112176297,0.0752547157648835,-15.002170969638028,7.105660458764995e-51,1.3419415777849052e-49,True
6526,E430018J23Rik,98.29372041808364,-1.6495621336655208,0.0803525100426868,-20.52906788834848,1.1842473169971014e-93,4.6227939909922565e-92,True
6527,Zfp688,816.0773588398771,0.5584605428115229,0.0298219634337767,18.72648472833295,3.0115665720776686e-78,9.288584869928443e-77,True
6532,Fbrs,244.37029914029608,-1.4525546464726244,0.0512974793790281,-28.316296708069263,2.1774937969857477e-176,2.103868039872196e-174,True
6533,1700008J07Rik,137.01558757027715,1.0790836308715597,0.0661207467887851,16.3198947876158,7.125831192215204e-60,1.6058831944517978e-58,True
6538,Ccdc189,12.853997502280327,-0.801827982874356,0.1919482861564939,-4.177312540423684,2.9497358850953824e-05,7.989001263519909e-05,True
6539,Rnf40,23.865408289918594,-0.635666677805411,0.1491926243537089,-4.260711148148713,2.037774605015404e-05,5.628905748303488e-05,True
6541,Zfp629,643.8528114806676,-0.8385152432984195,0.0287979800852459,-29.11715477322715,2.1775085043767575e-186,2.425494823219155e-184,True
6543,Gm39090,1100.3965973451352,-4.280854842123182,0.0451980647486342,-94.71323309816124,0.0,1e-300,True
6548,Setd1a,42.46965143102188,-3.669487644491369,0.1889380249995048,-19.421647095659992,5.0639482500375765e-84,1.706326146371043e-82,True
6550,Stx1b,24.45606273161476,1.015313247867519,0.1423851820917913,7.130750777233112,9.98229223008951e-13,5.013507367024852e-12,True
6553,Zfp646,13.718312674089402,-1.3814186583529686,0.1954991336709757,-7.066111406293446,1.5933551418612036e-12,7.889183103303716e-12,True
6558,Fus,10.985457986224114,1.6640412954850163,0.246757080277357,6.743641534478444,1.5446536110531272e-11,7.242064973216377e-11,True
6566,Gm32816,139.37528717462243,0.5309582504427419,0.0642114756702487,8.268899677207573,1.352009750055613e-16,8.307781626483685e-16,True
6576,Tacc2,39.03093182158511,1.8023160912939828,0.1237208463311114,14.56760234625685,4.5145976462373176e-48,7.871513822273001e-47,True
6577,Btbd16,16.81749382786323,-1.6707780963531813,0.1867336735567989,-8.947385142321316,3.640024148847949e-19,2.528067605840069e-18,True
6583,Acadsb,566.1641268334797,-1.6549439442962368,0.0411687877844364,-40.19899621435721,0.0,1e-300,True
6584,Bub3,258.95605556773563,-2.423699516010113,0.0973223892216123,-24.903822598221662,6.76355840084166e-137,4.497380582278287e-135,True
6585,Chst15,103.55805160649604,0.7304425398360159,0.0824955918921714,8.854322068393241,8.419395561699394e-19,5.769529372374569e-18,True
6595,Bccip,29.538768259815413,1.5628197394835652,0.158794410307404,9.841780554228343,7.438257426629448e-23,6.036206305192379e-22,True
6606,Tcerg1l,653.8283677609026,-1.2870608470408238,0.0383324808480281,-33.57624705125317,3.7278797609072495e-247,7.086213180298476e-245,True
6608,Bnip3,87.8823092368907,-4.901528040481176,0.1813538515528589,-27.027427311366115,7.037680218133311e-161,6.033085865427221e-159,True
6610,Stk32c,31.82964388525804,-2.073787624166399,0.2217623690480978,-9.351395518852058,8.649880363023335e-21,6.464491785835559e-20,True
6613,Inpp5a,31.4828154056717,1.2252447681346248,0.1265408992071726,9.682598873654715,3.5751031210863753e-22,2.8290227774460868e-21,True
6614,Nkx6-2,63.76084549543725,0.8674466226481041,0.0891415714398248,9.731112079773863,2.2215082555326093e-22,1.7731509070175378e-21,True
6615,Cfap46,78.66554127109605,-0.6948632743725226,0.0863678769038287,-8.045390245568472,8.59710212159853e-16,5.0485601713403316e-15,True
6623,Caly,39.98968670684066,0.5943987777655452,0.1177817502281507,5.046611861465441,4.497136396084314e-07,1.478028966260524e-06,True
6628,Cd163l1,36.09314946246516,-0.572126796877441,0.1131888096818199,-5.05462331908712,4.312410415800934e-07,1.4207881189059294e-06,True
6631,Syce1,63.25644731521326,2.739663644699327,0.1340122902762613,20.4433760444778,6.88106019763051e-93,2.6505722629110647e-91,True
6636,Psmd13,21.344133659802363,-0.5018864391865362,0.1516992294932106,-3.308431037278264,0.0009382028806922,0.0020679722684076,True
6650,Drd4,13.100257532486827,-2.231225789117107,0.2421112229716556,-9.215705747677465,3.0923725346787164e-20,2.2636840052934863e-19,True
6653,Eps8l2,74.24118335003497,-0.6021865640453598,0.0807451322915512,-7.457868319182494,8.79334840936918e-14,4.686927064402567e-13,True
6662,Cd151,380.5617926145516,0.6134406810110987,0.0439549519866024,13.956122195243813,2.887211657011829e-44,4.590141587074806e-43,True
6663,Polr2l,97.9958241860928,0.5527251928021819,0.082230125598921,6.721687322941833,1.7963210608150945e-11,8.381553551636705e-11,True
6666,Gm16982,72.0623278832066,0.6684286319034597,0.1043610867506779,6.404960437987367,1.5040837678259118e-10,6.556185675907164e-10,True
6667,Tollip,26.411886631477586,-4.043429144600398,0.3347041495669812,-12.080606559050814,1.3372956554506264e-33,1.5801774609811182e-32,True
6672,Gm45889,11.306595584674117,-2.2802412569656445,0.2577688729604384,-8.84606908032534,9.065615124768908e-19,6.1977903558232476e-18,True
6674,Tnni2,22.686195221608884,-0.5045464378697502,0.1496213622099494,-3.372155088133525,0.000745824379229,0.0016738933192962,True
6675,Lsp1,35.366058937189834,-1.504679205024671,0.1252975164348631,-12.008850995916507,3.1924980897602984e-33,3.729486078405351e-32,True
6676,Prr33,12.749434460259083,-5.410789848680759,0.5703641527980554,-9.48655314703222,2.3879999382553017e-21,1.8276298870988497e-20,True
6678,Mrpl23,108.51961334493728,0.8111465570663572,0.0668931940653082,12.125995303415026,7.69199583536574e-34,9.144637876878046e-33,True
6686,Trpm5,182.45926536916969,-0.5245552695957576,0.0509949155966638,-10.286422939585664,8.113467518646093e-25,7.180582994234964e-24,True
6688,Kcnq1,10.688175306254069,-5.3780276179269295,0.6028548435028059,-8.920932917580346,4.623766212546228e-19,3.1960641709489505e-18,True
6689,Kcnq1ot1,206.09397249451516,-0.5137401109454972,0.0476467982420912,-10.78225882744958,4.175054068860463e-27,4.058551726305268e-26,True
6697,Tnfrsf23,46.32191316838592,-2.3100671694500683,0.1311493242789591,-17.61402265814558,1.9228145747671512e-69,5.173258659004299e-68,True
6698,Osbpl5,69.27201426400455,0.6175095715323805,0.0849236417085788,7.271350581636692,3.5591091066479774e-13,1.834414973682872e-12,True
6707,LTO1,82.59494560553667,-4.766073168307689,0.1791742827067768,-26.600207888692864,6.750563182335469e-156,5.5165349968543317e-154,True
6710,Insr,95.10604084006128,0.6619622816800026,0.098920571583953,6.691856618703429,2.203567235969276e-11,1.0219035752487588e-10,True
6715,Mcoln1,25.272783088020688,-0.8783001533305496,0.1370945471339066,-6.406528718262388,1.4887007904539738e-10,6.490750292560232e-10,True
6721,Stxbp2,229.22132758766884,-0.9182082244093124,0.0548507637843681,-16.740117385037976,6.685621709805409e-63,1.5778428132399054e-61,True
6722,Retn,100.92842496934362,0.5105973295845417,0.0692955143467558,7.3684037761738,1.726831026887424e-13,9.049691638659656e-13,True
6723,Fcor,317.8237665138052,0.7574356573709567,0.0535795616645599,14.136652742942465,2.257704886568009e-45,3.683091703013185e-44,True
6734,Ccl25,14.272656125253556,0.9140194538517512,0.1843783985935519,4.957302269810018,7.1478726573606e-07,2.308439465040114e-06,True
6736,Zfp958,14.856097360366864,1.054176028506083,0.1822798528970445,5.783283296270288,7.325653930013438e-09,2.8274340306350696e-08,True
6738,Shcbp1,31.98139489817254,0.5771606343278602,0.1243304046874235,4.642151980272948,3.4479908563160785e-06,1.0380179737520329e-05,True
6739,Gm31135,577.9226488241194,0.8333864302005495,0.0467462374270271,17.827882543520225,4.293776549480253e-71,1.1976007064961828e-69,True
6743,Lig4,13.516140279153417,-4.699449096871893,0.4397237559444142,-10.68727589388178,1.1674977966729977e-26,1.113260712552747e-25,True
6746,Myo16,49.739065832445824,1.2701026777061648,0.1055174153301562,12.036900958312025,2.2733639676553508e-33,2.6682274541179045e-32,True
6754,Ankrd10,14.710292585057989,-1.1758450588790563,0.1943245680408146,-6.050933604196097,1.4400879649728524e-09,5.852720969427201e-09,True
6755,1700016D06Rik,36.61611464482669,0.6713882649922368,0.1107442565275529,6.062510924213905,1.3401270277784472e-09,5.456610351988239e-09,True
6759,Tubgcp3,85.3482217023559,0.5813721715252845,0.0750475701552094,7.746715454250163,9.429994557492554e-15,5.24695338280082e-14,True
6763,Mcf2l,68.57071144113095,0.562334688665261,0.0828813897678661,6.784812492167974,1.1623737916422831e-11,5.495429269597256e-11,True
6784,Cln8,108.78316108898127,0.6189490869285824,0.0661664227048529,9.35442875141542,8.405267954709976e-21,6.289744372784257e-20,True
6786,Gm16725,29.56205797254077,-1.637743959430752,0.147794723947361,-11.081207202051782,1.547715265777976e-28,1.5718028204370063e-27,True
6789,Gm35934,57.7077125161392,1.263540342101408,0.1052447766615206,12.005729711081996,3.3152676054651174e-33,3.8651599922915984e-32,True
6791,Defb40,82.06469457894734,-0.6031471216820561,0.0780383509543466,-7.728855291097892,1.0851794438471801e-14,6.018908377418168e-14,True
6792,Defb37,36.87058068254613,0.5890462256595265,0.1134430673622499,5.192439162267762,2.075567042832651e-07,7.07278184821851e-07,True
6798,Vps36,42.15981938484091,-0.7417693716643241,0.1069061511792909,-6.93850974412419,3.962576659717849e-12,1.929218837002944e-11,True
6799,Thsd1,13.356263114977088,-1.508048637847774,0.2010665305612234,-7.500246976154904,6.369770093078913e-14,3.418058894991225e-13,True
6800,Slc25a15,573.2053587209817,0.526547826124523,0.0340965296198988,15.442856853596842,8.42828317186914e-54,1.6941817943637647e-52,True
6801,Mrps31,27.80555872417305,-1.8045592505787145,0.1543358829890484,-11.69241537113417,1.3936582228878703e-31,1.5435272325435771e-30,True
6802,Smim19,33.360945060883644,-3.187458621308556,0.1805655187360765,-17.652642894502478,9.710379183734932e-70,2.624653959275989e-68,True
6804,Gm17491,71.84980807566689,1.591966380443037,0.0940749883934138,16.922312802054947,3.080907514340222e-64,7.51449241433498e-63,True
6806,Polb,15.930194800968044,-1.3138797758771497,0.2039235911994662,-6.443000381412413,1.1713440091557346e-10,5.133950885241977e-10,True
6807,Ikbkb,104.73549961823294,-0.7028840604781835,0.070804851219666,-9.927060764488372,3.174758431667116e-23,2.6188762006129496e-22,True
6811,Kat6a,34.919969346886575,0.8990664131152782,0.1288267575528872,6.97887946722702,2.975436068053175e-12,1.45795533645598e-11,True
6813,Gpat4,363.2653589657194,0.6384977437637979,0.0471560239720815,13.540109830757078,9.065327786801563e-42,1.3503786399964715e-40,True
6814,Gins4,52.7565514012779,0.609455740087256,0.0989856272839892,6.157012455340926,7.413002098948901e-10,3.064741860671829e-09,True
6818,Plekha2,546.9839057440395,-0.8978290576183594,0.0338242078978276,-26.54397880743934,3.0140219500574975e-155,2.4068135097080143e-153,True
6825,D830025C05Rik,19.828145814591316,0.7220865193793479,0.1595095145460588,4.5269181680748165,5.985010264701761e-06,1.7523164156890072e-05,True
6826,Nsd3,320.2335827915966,1.1749994661119076,0.0646656916735935,18.170368795293072,8.860082328485299e-74,2.604119659841192e-72,True
6830,Lsm1,127.48448767617224,0.9977622284751964,0.0714507323794705,13.964338716307918,2.572823692005918e-44,4.097772379398861e-43,True
6837,Hook3,41.73045817136244,0.9185895026951456,0.1135924122925791,8.086715337369027,6.129529915404269e-16,3.626292935067316e-15,True
6839,Rnf170,37.08128262470063,0.7280604506372585,0.1136722545805769,6.404909037157969,1.5045905693186695e-10,6.556760497444526e-10,True
6842,Gm39149,176.69375440226955,1.12366838380811,0.0581238625402124,19.332307501599903,2.872776642292113e-83,9.605949889178675e-82,True
6852,Adrb3,45.162230505228585,0.98327912927755,0.1121199698301632,8.769883998069204,1.788504489624897e-18,1.207620328747498e-17,True
6857,Tti2,14.849488272164566,0.7045035417703989,0.1816751421420157,3.877820231563037,0.0001053965483895,0.0002661240020554,True
6859,Fut10,37.01293990628459,-2.9562013858016414,0.1639692568940218,-18.028997885331165,1.1536355739097126e-72,3.312771579069467e-71,True
6860,Nrg1,57.84571352671537,0.5828098389530876,0.0915999602298091,6.3625555894447325,1.9842418809750015e-10,8.582839973903248e-10,True
6861,Wrn,59.3426218794232,-1.7844051511682044,0.1001093055074314,-17.824568276879546,4.555941900247514e-71,1.2666822249845554e-69,True
6868,Smim18,148.25354143490057,1.290348838357466,0.0728616094836454,17.709584615298656,3.5367282807916696e-70,9.64903341255612e-69,True
6875,Tnks,114.80915780687876,-2.3609531796570264,0.0831388164189267,-28.397724208153992,2.157294275984142e-177,2.1194810280006001e-175,True
6880,Gm38414,43.55383827108347,1.0528439562368312,0.1104489397912749,9.532404369172609,1.5368186741020846e-21,1.1839596904271918e-20,True
6881,Lonrf1,66.55416994098547,0.6990263641243983,0.0867432163303947,8.058570960314514,7.719150830359947e-16,4.5406158668461065e-15,True
6884,Sgcz,52.09986843176912,1.091309226872165,0.0988286398127965,11.042439002897822,2.3847073118404736e-28,2.410622050258162e-27,True
6886,Micu3,366.8757197487264,-0.7848147279844797,0.0392076284889377,-20.016888504386657,3.924788575175539e-89,1.4269584740679797e-87,True
6902,Triml2,56.42720308331544,0.9221719204096352,0.0923256832012408,9.988249081239852,1.7158569801664906e-23,1.433679257962331e-22,True
6903,Zfp42,44.898083604286825,-0.8101733509108338,0.1046169341718534,-7.744189383144873,9.619354434283782e-15,5.347211390551645e-14,True
6904,Gm9908,10.43129768339726,-0.6295782842963658,0.2234285182665587,-2.81780629071377,0.0048352971745347,0.0094649291457648,True
6906,Gm2366,28.912120857286407,0.7102016519069339,0.1337358533203103,5.310480579997737,1.0933653521749724e-07,3.821861538843877e-07,True
6907,AY512931,23.935766309726947,-1.8568603742874212,0.1650605853551026,-11.24956857685116,2.3272759776520426e-29,2.4197028714137286e-28,True
6911,Sorbs2,43.38722913744376,0.601459838419054,0.1037124408435953,5.79930270203641,6.659123411263227e-09,2.583863994146246e-08,True
6913,1700029J07Rik,18.8115284363552,1.8425719593336063,0.1860827189687037,9.901897229067782,4.084518104945536e-23,3.3550987608871553e-22,True
6914,Ufsp2,46.66374583940736,0.559195485127416,0.0982490633285141,5.691611361806483,1.2584603591016851e-08,4.7759666814700216e-08,True
6922,Casp3,96.33533802876669,-0.5930028144806694,0.0732192731827684,-8.098998920686194,5.541327579877339e-16,3.2872027380222146e-15,True
6930,Cdkn2aip,175.3594141074407,0.5184927562614455,0.053408624504658,9.708034256082094,2.7865925085009574e-22,2.214081317067912e-21,True
6933,Tenm3,533.430327503372,0.6326387238391427,0.0331474484313674,19.08559342505761,3.326772136788166e-81,1.0773813171879898e-79,True
6943,Sap30,31.11293878336688,1.1508042253198674,0.1334626859663711,8.62266645532548,6.541277824032256e-18,4.289233842770008e-17,True
6944,2500002B13Rik,95.50346891886343,0.7509988693521092,0.0790184960852707,9.504089631643817,2.0180538802200254e-21,1.5485619244092938e-20,True
6948,Galntl6,60.605128507615696,1.6661892641613905,0.1019456879115053,16.343891520038955,4.8083587355323443e-60,1.0850139040901889e-58,True
6955,Gm16178,38.9457728358834,0.5621410307768353,0.1197843320493202,4.692942901291786,2.693026735528341e-06,8.20624700312243e-06,True
6964,Msmo1,65.16352516687472,0.8088080744464304,0.0888192160019148,9.10622848133442,8.529558492642741e-20,6.108309538056359e-19,True
6968,Apela,10.114683909323531,-3.722755630884686,0.3744265210162744,-9.942553269945526,2.717703395421814e-23,2.247148793339796e-22,True
6971,Tma16,1444.3755893018017,0.5707322181712313,0.0224460027574665,25.42689780172019,1.2717292276658624e-142,9.266666972258584e-141,True
6984,Zfp868,155.47565762853725,0.7407965017424543,0.0575997065006984,12.86111591095472,7.449340984898185e-38,1.0044261768997646e-36,True
6998,Sugp1,92.5221097579212,0.6932892821161349,0.0744967818864841,9.30629840054766,1.3236505341186248e-20,9.816794122420065e-20,True
7002,Nr2c2ap,31.72756427834992,0.7128114740911232,0.1193956847104531,5.970161114447014,2.370194111297008e-09,9.498156420339616e-09,True
7003,Borcs8,28.28145269063497,-0.8712770225509421,0.1526302168606796,-5.70841764148341,1.1403133242140664e-08,4.3417808434259945e-08,True
7011,Cope,10.386955200503936,-0.6923943082553411,0.209741292385618,-3.301182615878735,0.0009627819508215,0.0021186775834865,True
7012,Upf1,10.937058992537336,1.3497761069305396,0.2169126247324047,6.222671956487998,4.88758624771599e-10,2.050230470138096e-09,True
7013,Comp,23.931165203866016,-0.5083103042624576,0.156464037877593,-3.248735691329437,0.0011591913249693,0.0025220126761712,True
7029,Gm3336,332.098436096876,-1.0422574005250196,0.0443477763970514,-23.501908893775244,3.8994876081145125e-122,2.2140986782696947e-120,True
7032,Mpv17l2,572.2017644145478,-1.5101229609173246,0.0486672869530089,-31.02952836420559,2.1551769195435115e-211,2.9912487276965815e-209,True
7033,Ifi30,72.79103021915623,-0.5591159170892297,0.079085802411116,-7.069738183634363,1.5522628478895504e-12,7.694436701783576e-12,True
7035,2010320M18Rik,38.24927053974215,0.6307706187121712,0.1087516888546322,5.800099523560673,6.627557294559143e-09,2.5727574243562773e-08,True
7045,Gm35256,66.00562763741608,0.5648863816803281,0.0826237263584254,6.836854334429624,8.095097673619073e-12,3.864784824358459e-11,True
7048,Use1,43.861111878528135,-0.5872049287398724,0.1019920421668535,-5.757360243647604,8.543945218101845e-09,3.283157854848716e-08,True
7051,Babam1,88.25523681182023,-0.7510811636677399,0.1035906147550137,-7.250475011119554,4.1531250046316273e-13,2.13240898652372e-12,True
7053,Abhd8,273.42389865844643,1.0548316819908332,0.0461375743413527,22.86274684027754,1.09142581718248e-115,5.697568564443944e-114,True
7061,Pgls,43.45936701406114,-0.5862778235531583,0.1089345326011795,-5.381928113645845,7.369219561811741e-08,2.615115902941634e-07,True
7067,Zfp709,100.84944797271282,-0.8839029213292346,0.0707735085253522,-12.48917765624981,8.553313899566e-36,1.0730297953774047e-34,True
7068,Zfp882,820.9951726542304,1.4287276513131788,0.0384422335481566,37.165573366682985,2.4568482962790464e-302,6.819898889734595e-300,True
7069,Zfp961,27.181718096249146,1.0111779365818847,0.1513674777272701,6.680285301468776,2.3847752137131677e-11,1.1041818622561787e-10,True
7071,Gm26586,86.18413520097506,-1.4799089032187314,0.118638146036154,-12.474140507621728,1.0331496159689892e-35,1.2933228692960406e-34,True
7073,Rab8a,68.84535308379326,-1.7369585085921997,0.1556057091520186,-11.16256285233906,6.217298809786258e-29,6.380758309010686e-28,True
7080,1700030K09Rik,66.39861573445808,0.657101542312117,0.08229585235883,7.984625269412046,1.409498216442687e-15,8.200034866649937e-15,True
7082,Slc35e1,35.528825408206146,1.2973446646178417,0.1247895765553013,10.396258248724124,2.5786083290493554e-25,2.323271636188312e-24,True
7086,Tmem38a,34.02338632763643,0.6988690363053833,0.1204299845440819,5.803114888299024,6.509415616174942e-09,2.530265843424481e-08,True
7097,Iqcm,24.535578173105907,-1.3797905590860295,0.1497703597998274,-9.212707780966545,3.179998124410546e-20,2.326853857727684e-19,True
7101,Gm45285,33.55314847868925,1.1707730723958012,0.1291706094943713,9.063772920006372,1.2601459385428973e-19,8.947394305009414e-19,True
7104,Tmem184c,111.94054825782732,-0.5486836494912808,0.0673540800520282,-8.146257050314478,3.7536177886256037e-16,2.2472875004274067e-15,True
7105,4933431K23Rik,103.23826824841473,-0.6363366806199544,0.0688058016017349,-9.248299791683683,2.2809182821783598e-20,1.6788172945595604e-19,True
7110,Zfp827,17.13637654886926,1.280643962891308,0.1927184665738241,6.645154383276163,3.0289941823459564e-11,1.3921111128151325e-10,True
7111,Mmaa,90.87891886389605,-0.9985836250864356,0.0781545512180025,-12.777037415274874,2.203023065001948e-37,2.916462328596069e-36,True
7112,Gm4890,32.33700160634516,1.093578419948375,0.1360735812886647,8.036669642937314,9.231311343303114e-16,5.410092921303112e-15,True
7116,Gm45435,119.12058353194357,-0.5322463766713842,0.0656237101065017,-8.110580395524618,5.037854243151333e-16,2.9946293339303374e-15,True
7118,Smarca5,1572.6782986216283,-0.7001433067965113,0.0233137607352374,-30.031332771562813,3.8275926043826376e-198,4.55353329696895e-196,True
7121,Gm9725,249.62670129998085,-1.5376737851637965,0.0607184136069584,-25.32466996119899,1.709020182474977e-141,1.2299318909926913e-139,True
7130,D830024N08Rik,25.09885419186769,0.5046119842253382,0.1461351744421166,3.4530494533690264,0.0005542873763385,0.001266777004366,True
7136,Gm10644,124.88287096818677,-0.7769733311383935,0.0724295020406743,-10.727304609964971,7.577421113122101e-27,7.257061359599087e-26,True
7137,Asf1b,52.23534956613869,-4.881621056751177,0.2382852490283617,-20.48645930311089,2.8433476471808907e-93,1.1049880811977648e-91,True
7139,Samd1,115.22075545227266,-1.7688543407876434,0.0754144175478576,-23.455121690294,1.1720328776088383e-121,6.611777730201086e-120,True
7144,C330011M18Rik,26.175415905632587,-2.1969979605821437,0.1639065386134937,-13.40396776825884,5.731517085274025e-41,8.352730898939348e-40,True
7147,Podnl1,48.94241326686544,-0.514448969489751,0.0981429616241206,-5.241832536703424,1.5898963375433373e-07,5.477562480488156e-07,True
7149,4930432K21Rik,852.8504687263008,0.8897152083853701,0.0328610779193991,27.075046368461848,1.937442219672228e-161,1.6856711212750208e-159,True
7162,Rad23a,21.19705996210833,-2.1574988763138747,0.226272834335216,-9.534944319111716,1.4996602358617766e-21,1.1563517726962411e-20,True
7164,1700122E12Rik,45.15486624346381,-0.5554252559145388,0.1045420329440156,-5.312937201173238,1.0787222062314313e-07,3.7729387885150533e-07,True
7166,Syce2,55.363674496382735,-0.5525503935906702,0.1024640121322154,-5.392628905431511,6.943425436836574e-08,2.470531516569644e-07,True
7169,Dnase2a,732.0294060072606,-2.449137634566999,0.0813899708851581,-30.09139342269515,6.279702181108889e-199,7.521878886522759e-197,True
7174,Asna1,76.18238665469222,1.3378664077849307,0.1050546138632912,12.734960974925974,3.780350721896955e-37,4.963271278118165e-36,True
7178,Fbxw9,10.248548331670682,-1.355905879179346,0.2318581536992901,-5.847997396450833,4.975263390076794e-09,1.9508387032659863e-08,True
7180,Wdr83,15.358342129511286,0.9664660177906184,0.1844827403206054,5.238788279657134,1.6163433925187537e-07,5.564293946529127e-07,True
7182,Man2b1,17.63241912722557,-2.376941727115876,0.2151488827991006,-11.04789249282503,2.2442148631208704e-28,2.269914952357304e-27,True
7184,Orc6,128.6038561973026,1.1289466579141747,0.0673082817519425,16.77277488786277,3.860513513744023e-63,9.18539596304156e-62,True
7186,Neto2,58.402177269617546,0.5602105197898667,0.0888434903476354,6.305588823647297,2.871002942910679e-10,1.2260830150335032e-09,True
7190,Lonp2,84.68041510843726,0.645509634468606,0.0732359956684647,8.814103345993852,1.206467278154301e-18,8.209610801697437e-18,True
7197,Cnep1r1,144.87976344962195,-0.5523378988271225,0.0572305186336147,-9.651107695933105,4.862759155373269e-22,3.827179662878836e-21,True
7198,Tent4b,26.816787109074124,0.6833055693308127,0.1449197844888043,4.715060622958633,2.416387934760743e-06,7.396777910571656e-06,True
7200,Brd7,22.633275568212312,-0.7319522741335855,0.151483644557307,-4.831889781056094,1.3524312542138602e-06,4.246959557136288e-06,True
7204,Sall1,27.71053988837347,-1.2375287590594777,0.1354483929573508,-9.136533347052282,6.448634644634221e-20,4.656223066282546e-19,True
7207,Chd9,248.73917117331985,1.7121480902273265,0.0631489593086812,27.11284728950319,6.94753002025217e-162,6.074920249708497e-160,True
7208,Rbl2,249.8298626020825,1.0189368526991895,0.0535801790871417,19.01704828276164,1.2322863657242623e-80,3.9325226211288136e-79,True
7214,Irx3,21.66428470724711,-0.6391641341010958,0.1632815142894013,-3.914491710116288,9.059485007880851e-05,0.0002311530111144,True
7216,Irx5,40.5662553112658,-0.565632601014434,0.1090444051414263,-5.187176731175072,2.1350609594724082e-07,7.267019474358401e-07,True
7226,Gm45774,73.97465481398292,0.5540284721011601,0.082360099240585,6.726903891686282,1.733111285974752e-11,8.097421899312439e-11,True
7227,Mt2,48.86231032114132,-3.237194914964509,0.1514707343904507,-21.371751632364138,2.4477557199816832e-101,1.041517081047194e-99,True
7229,Gm39228,87.96929619346896,1.4927786718468607,0.0891601690805618,16.74266308869424,6.405708810201135e-63,1.5138248063891546e-61,True
7230,Nup93,40.21904393880096,1.040052041903374,0.1090570921157292,9.536766676299155,1.4735489186751697e-21,1.1367191658487588e-20,True
7234,Rspry1,472.5017080832603,1.2970416438334318,0.0415310082319715,31.230680377148627,4.084897060615307e-214,5.761022564196813e-212,True
7243,Adgrg1,39.21002591535747,-1.897595347476384,0.1509877253087616,-12.567878240406,3.1712067846489107e-36,4.0245329644368754e-35,True
7247,Gm31036,459.2561993204274,-1.0864747796774632,0.0466087172013744,-23.310548861135008,3.465433621634397e-120,1.9239207357188045e-118,True
7250,Usb1,14.925553091600884,-1.3789611153932226,0.1912327463369567,-7.210904731574892,5.558133268800377e-13,2.833011792619673e-12,True
7253,Csnk2a2,64.96573267453441,0.6211815007449063,0.0866087398607004,7.172272703008964,7.376282078606515e-13,3.724990499297451e-12,True
7256,Gins3,60.18855729032014,-2.409840791822468,0.1177899314359589,-20.458801210294208,5.015637956404847e-93,1.9362798362385866e-91,True
7262,Sap18b,189.20814505196384,-2.8378301469123763,0.0800599778989846,-35.446301902468655,3.3073150250305685e-275,7.415169892017254e-273,True
7266,Tk2,78.75351181169775,0.8647109401393329,0.0779488948750171,11.093305960601572,1.3519711278538558e-28,1.3762090270028071e-27,True
7267,Cklf,1137.3854645902106,-0.5388910110506472,0.05436403617346,-9.912638004492536,3.668302163865874e-23,3.018883211373478e-22,True
7268,Cmtm3,11.98767800315992,-1.4135256382860502,0.2342056400407889,-6.035403921271378,1.5856555177406906e-09,6.423429162439008e-09,True
7269,Cmtm4,2679.2378457750333,-1.3275344759487595,0.0383613584917704,-34.60603399208479,2.0500154679731624e-262,4.372032988282276e-260,True
7271,Terb1,407.7442767381289,0.699652514405459,0.0435286481068793,16.073380287105312,3.921086183345401e-58,8.550119099045433e-57,True
7272,Nae1,232.5300627505252,0.675097369485966,0.0592136278412935,11.401047260529038,4.131193216511405e-30,4.41333579537883e-29,True
7281,Fbxl8,81.08642405378036,-0.5231541984965433,0.0798260022615496,-6.553681553316801,5.6135610031580746e-11,2.5268971640470633e-10,True
7283,4931428F04Rik,1721.2146496175703,1.187023130755703,0.0272968027767411,43.48579357312615,0.0,1e-300,True
7288,Tmem208,25.76873149212116,-0.6766312075558405,0.139584528614638,-4.847465648745852,1.2504867657105892e-06,3.941692963004106e-06,True
7289,Fhod1,29.373330342138285,-1.4922921345550493,0.1412833257902007,-10.562408028043134,4.45094832087077e-26,4.129346643787162e-25,True
7293,Zdhhc1,160.9698353108348,-0.9040630966001876,0.0632181400428043,-14.300691162189455,2.1664715625439477e-46,3.6186489671221164e-45,True
7294,Hsd11b2,140.05926672029278,-0.7304405628122875,0.0645534675505434,-11.315280038835628,1.1024971474460473e-29,1.1593788403208943e-28,True
7296,Gm38250,57.031052394757324,-0.8284103590832336,0.0942043009583722,-8.793763667428495,1.4463163298976826e-18,9.799759774215683e-18,True
7297,Ripor1,65.92534110685999,-1.1266708852162588,0.110124146186901,-10.230915963735056,1.4414945479041075e-24,1.264869877257754e-23,True
7298,Gm5914,131.60829184067535,-3.912039324550385,0.1096060213088537,-35.69182858601199,5.293239616563894e-279,1.2180022949272287e-276,True
7302,Pard6a,652.9419447774435,0.8121458389237458,0.0368310934374114,22.050549226942103,9.437153428274418e-108,4.40098504409768e-106,True
7304,Gfod2,149.21981851680093,0.582518279635861,0.0616658939292239,9.446360743662238,3.508160185532071e-21,2.6604815838935323e-20,True
7311,Nrn1l,16.138223135127124,-1.2118550650636486,0.192951209499149,-6.280629534322732,3.3720479176632536e-10,1.4313197568955094e-09,True
7317,Gm45752,19.74908970576088,1.3197555130787275,0.1729154853470582,7.632373181787909,2.304711327396454e-14,1.2611011168181848e-13,True
7318,Dus2,12.71881036275206,-1.767554555809831,0.2178195241580993,-8.114766399576244,4.867201760845782e-16,2.8991016482857976e-15,True
7319,Ddx28,191.76541227351868,0.5567689678071341,0.0537303805747838,10.36227478478778,3.681017851315737e-25,3.309698724103321e-24,True
7322,1810019D21Rik,12.709595449542457,-0.9650184139873637,0.1955018270317164,-4.936109440198775,7.969639703467535e-07,2.560122320614259e-06,True
7324,Slc7a6,40.98822800321349,-3.6128889530409625,0.1810816388796591,-19.95171335643792,1.448389644291083e-88,5.24419008268374e-87,True
7326,Prmt7,30.857589190799988,-0.6998395645974738,0.1247795786565964,-5.608606569537224,2.0396209088965316e-08,7.608551718170338e-08,True
7333,Chtf8,780.4265710693588,-4.836893571725499,0.1307322223141451,-36.99848045191647,1.211388888881794e-299,3.209813467994669e-297,True
7341,Nob1,40.45654872737656,-0.7474983695441638,0.1082903214301451,-6.902725559147526,5.1014128137637015e-12,2.4719730475782658e-11,True
7346,D030068K23Rik,83.36554489692215,-0.7114083266049795,0.078974035168083,-9.008129381902108,2.0960099384596624e-19,1.4720892290675733e-18,True
7348,Dhodh,25.458656556134304,3.0399410753478757,0.2047283144892944,14.848659712415298,7.097345722090044e-50,1.3078860061950543e-48,True
7349,Pkd1l3,687.5657626296503,0.7554374128919965,0.0340666086579984,22.175304283322863,5.947203821465903e-109,2.818555567203136e-107,True
7350,Ist1,598.2250508915088,-0.5762421501050808,0.0311386956061652,-18.505661168125105,1.8588394630635427e-76,5.624114970597793e-75,True
7361,Sf3b3,46.54181754233246,-3.5962352137578413,0.1685364805952519,-21.33802249255676,5.038085501602959e-101,2.1384960983503044e-99,True
7362,Cog4,35.009353900790224,-0.774252607787608,0.1385972360800534,-5.586349552745782,2.3189225535024052e-08,8.595446718026722e-08,True
7363,Fcsk,67.15297854548781,-1.0203221328878398,0.0936816784960004,-10.89137331085929,1.2671488515934095e-27,1.247039905270993e-26,True
7371,Glg1,66.29759247062582,-0.7250980504555484,0.0885810068750217,-8.18570567253298,2.7071262053295486e-16,1.6364404797374057e-15,True
7373,Mlkl,449.78117472971263,1.192968150402283,0.0354944793159568,33.60996339129205,1.1998555650928444e-247,2.331452680260407e-245,True
7374,Wdr59,895.0154602514893,1.2462825816240068,0.0534136644762751,23.332654552798388,2.0675270311002864e-120,1.1514940356650257e-118,True
7375,Ldhd,26.707477769224777,0.7054044515162237,0.1322287960390754,5.334726418500904,9.568871914533573e-08,3.362950804689773e-07,True
7376,Zfp1,34.178891228186345,-0.5006086578434595,0.1163216736708374,-4.303657624975914,1.680012218000589e-05,4.686561440164986e-05,True
7387,Adamts18,19.61203057364825,0.6340075633122999,0.1532718940008964,4.136489389950332,3.526596533733051e-05,9.466326965759568e-05,True
7388,Nudt7,49.21956305266493,1.0544466763035591,0.1256178104434094,8.394085779568538,4.695332664309666e-17,2.95579473122561e-16,True
7391,Gm16116,23.02074246118853,0.6857875666779186,0.1391130526582767,4.929714024481344,8.235007406709115e-07,2.641970455485764e-06,True
7395,Atmin,11.875393513000825,0.8171232510891207,0.2092405014901464,3.905186831754945,9.415261572785452e-05,0.0002396711708658,True
7398,Gan,290.78713159615126,0.5388077194752455,0.0441643448301342,12.200061419401065,3.1058959506334507e-34,3.743343100253466e-33,True
7399,Cmip,136.48017282684535,0.8763775031693365,0.063321827911758,13.840053770883072,1.4609726571848409e-43,2.2852853156394006e-42,True
7400,Plcg2,64.07873963541421,0.521717259119735,0.0860237394332744,6.064805628734759,1.3211332665074014e-09,5.381779306937208e-09,True
7405,Mlycd,248.2970344909625,-0.5780284984473365,0.0501994505820647,-11.51463794414225,1.1132613034434977e-30,1.2062400046232889e-29,True
7408,Hsdl1,21.472440943794737,-1.7756929272420092,0.1672504503440884,-10.616969482526548,2.484978657588126e-26,2.335158880381577e-25,True
7410,Taf1c,75.10545324696471,0.5057541288770431,0.0841904648317579,6.007261391034211,1.886831911339161e-09,7.609989959755362e-09,True
7417,Crispld2,10.89458694954252,-0.6317869460433253,0.2220804878500099,-2.844855719472417,0.0044431543699107,0.0087482417947533,True
7431,Klhdc4,49.95819883580421,0.6578773302699443,0.0968036778588823,6.795995202051919,1.0756735800047703e-11,5.096553662184618e-11,True
7432,Gm20406,19.803553000642417,0.9922658123472484,0.1580315415798184,6.278909908918883,3.4095507670372696e-10,1.446185394468779e-09,True
7436,Car5a,12.98716503704586,-0.8021002062252386,0.2149598741743442,-3.731395030379909,0.0001904223534851,0.000464709198681,True
7437,Banp,14.435137675211603,-0.8893363556549895,0.1893640524114063,-4.6964370709750405,2.647387460033096e-06,8.071393288190165e-06,True
7444,Ctu2,313.98905281230293,-0.73760005390689,0.0461505245261273,-15.98248473837627,1.6926224996343827e-57,3.6498868401487157e-56,True
7447,Aprt,10.147084298733043,-1.0461125742575974,0.2181487656817984,-4.795409091534829,1.623431809520146e-06,5.048110861466627e-06,True
7448,Galns,11.17225285361998,0.7187329955546239,0.205508490367636,3.4973396683946034,0.0004699230875421,0.0010848864626979,True
7453,Spg7,93.59630783598628,-0.618077967472063,0.0748527856128281,-8.257247374453595,1.490702699861777e-16,9.137542521970825e-16,True
7454,Cpne7,11.107316110938088,-2.48942879675303,0.2632057234545317,-9.458110424346732,3.1355804662065078e-21,2.3862067533951008e-20,True
7471,4732419C18Rik,14.146548569184423,1.654533814191541,0.2078024558862104,7.962051300767781,1.6921028819212361e-15,9.782312462492091e-15,True
7477,Gm29773,33.18307795943405,-0.7947757353109887,0.1277982483004562,-6.218987708207511,5.00372498730179e-10,2.096936079030283e-09,True
7478,Nup133,10.97089610167366,1.3300127936466162,0.2368353772974757,5.615769100137694,1.9568983961502025e-08,7.306199648137222e-08,True
7479,Gm45890,36.90466706859176,0.7939055886774926,0.1125983542803314,7.050774354134335,1.7792482607202574e-12,8.789687452959282e-12,True
7481,Taf5l,97.18128260055867,0.982824750158552,0.0712549291445115,13.793077362624183,2.80532761450482e-43,4.356977737341056e-42,True
7485,Cog2,68.6711986575644,-1.642558234548953,0.1046050973444648,-15.70246839061776,1.4546985512648872e-55,3.0393988368602565e-54,True
7486,2310022B05Rik,13.206712870870064,1.7887280375720302,0.224902044766513,7.953364939073976,1.8151264428431263e-15,1.0479673566338922e-14,True
7488,Arv1,58.92399458647447,0.5641411173953907,0.0894467149547766,6.307007671333875,2.8448173573485057e-10,1.2154939151065395e-09,True
7503,Gm45875,43.82367673474226,-1.6149651362218118,0.1129750024026574,-14.294889151370567,2.3548044564727147e-46,3.9257216715724345e-45,True
7506,Tarbp1,115.64723279965024,2.032882126850652,0.0806004573231863,25.22171950835633,2.314706311838764e-140,1.6063326976760435e-138,True
7508,Irf2bp2,11.676827896021557,-5.756910557990059,0.66584085262888,-8.646075913276517,5.330066275120413e-18,3.517441472426633e-17,True
7509,Gm31718,11.896979271062,0.8221561585610911,0.1960637920217789,4.193309484036528,2.7491397193832456e-05,7.468845022925927e-05,True
7511,Rbm34,182.4458648447045,-0.7268323063190978,0.0778330584350515,-9.338349551374868,9.784741347388267e-21,7.297038664525632e-20,True
7517,2610044O15Rik8,23.75432205476331,-0.8799449648112504,0.139295298960282,-6.317118893309914,2.664845680603036e-10,1.1408279378797032e-09,True
7519,Alkbh8,44.195321491942885,-2.6419236009830307,0.1372049382324051,-19.255309867258557,1.2741014785608337e-82,4.196136846906188e-81,True
7521,Gucy1a2,43.61236946526731,-2.012290893808641,0.1247068310897523,-16.136172142489787,1.4208431493304129e-58,3.1137474931692055e-57,True
7524,Msantd4,88.42651393603224,-2.670805088754372,0.0973695725433502,-27.429565715360347,1.218066939538389e-165,1.103707494230432e-163,True
7528,Dync2h1,54.54937878710441,0.5713774866761079,0.0945097967142519,6.045695859484849,1.4876650204177786e-09,6.0432719807354505e-09,True
7530,Birc2,454.1075384509241,1.415233445174757,0.1161211204117042,12.18756278063014,3.6208902850904072e-34,4.3580267932320046e-33,True
7531,Birc3,82.81374282712567,-1.522574330148639,0.0851729510464348,-17.876266014530326,1.8053019157311765e-71,5.075742749567012e-70,True
7535,Cfap300,25.09364152860033,0.645477830199806,0.1349083923255812,4.784563947971758,1.7135893595418036e-06,5.316170076222647e-06,True
7541,Jrkl,11.4253285281307,0.948509001872953,0.2051850520454666,4.62270030110563,3.7877677310188023e-06,1.1348377947585545e-05,True
7545,Cep57,52.20738936958019,1.092083739640798,0.0970992303154734,11.247089560778598,2.393604287525703e-29,2.487186677376678e-28,True
7546,Fam76b,36.10416453638855,-0.672516929859476,0.1153680387589527,-5.8293175223739135,5.565451758074431e-09,2.1754273657846592e-08,True
7547,Kdm4d,76.62016293104757,0.6877960395770101,0.0783131207676548,8.782641182409447,1.5967994681597746e-18,1.0794290335979178e-17,True
7548,Cwc15,29.18224976567797,0.6483915326320326,0.1309389670984624,4.951860756198423,7.35071958132655e-07,2.370010767666643e-06,True
7549,Amotl1,788.0172667155534,0.7336864976812981,0.0325002753992235,22.57477786476931,7.669415177945332e-113,3.854101512411149e-111,True
7553,Mre11a,622.5060669800378,-0.8477854590573362,0.0870328173329981,-9.740986044535427,2.0158866797417494e-22,1.611971936686041e-21,True
7555,Vstm5,123.37153033702543,1.6315893562351182,0.0820588534958011,19.883160521108245,5.693207740557559e-88,2.03604942672537e-86,True
7565,Zfp266,46.8444080940341,-0.6212376373023203,0.1012173549834445,-6.13765927200856,8.374624109080112e-10,3.4500689380351707e-09,True
7569,Ubl5,16.5138463589127,-2.342591624386499,0.2285702871594115,-10.248889536340776,1.1971090890869607e-24,1.055725857284557e-23,True
7577,S1pr2,22.05619179641885,-3.4609539583670617,0.5204558766463495,-6.649850858959144,2.933901579241127e-11,1.3495021256646195e-10,True
7582,Fdx2,43.8624088747787,1.052457111263178,0.1047411078046311,10.048176244481578,9.358326728154558e-24,7.91767865611838e-23,True
7583,1700084C06Rik,13.81183447807957,0.6012850116263914,0.1862667234583882,3.228086050274663,0.001246214801771,0.0026992574254858,True
7585,Cdc37,25.45827281153525,-1.9671187317716343,0.1694258084010842,-11.61050226252924,3.6446840416059965e-31,3.9961275560881294e-30,True
7589,Atg4d,16.02332500212334,-0.511868540368185,0.1729273413391618,-2.9600208758443745,0.0030761819679427,0.006240142704487,True
7591,Cdkn2d,25.129387974023093,-1.8545479071194813,0.1562370369179647,-11.870091392563,1.6928260170867138e-32,1.9235959315667606e-31,True
7595,Gm16853,51.9351105522338,0.5242795383940663,0.0943667994808105,5.5557626334532895,2.764022736726184e-08,1.0193426743961937e-07,True
7601,Timm29,77.85842447616638,-0.7291385994162076,0.0801897182879868,-9.092669421753529,9.663671751795437e-20,6.89226311563616e-19,True
7605,Spc24,277.4195246487876,0.8947883863989106,0.0549899947990143,16.271839807756262,1.5638738264482128e-59,3.4928512741923814e-58,True
7606,Kank2,47.49617302345811,-0.5175819644792458,0.1019570280488924,-5.076471670310405,3.845080969885764e-07,1.2737786702284949e-06,True
7609,Ccdc159,393.93305480709984,0.8213176175941698,0.0403107457920994,20.37465696690585,2.8067509094585383e-92,1.0740582036019891e-90,True
7610,Plppr2,170.75610607233298,1.5959055827537671,0.0742976869392618,21.47988246334526,2.40113189726366e-102,1.0291910445918351e-100,True
7612,Epor,636.1931630707613,-0.9666785216533862,0.0364211634821287,-26.541670535256785,3.20473744201076e-155,2.5474749266310983e-153,True
7614,Ccdc151,30.029069001262226,0.9375038476238052,0.1301667741057407,7.202328351951214,5.919293543710652e-13,3.008329133752162e-12,True
7615,Prkcsh,217.880010393351,0.6382245900743019,0.0536481960275791,11.896478117292274,1.2344780714769496e-32,1.4064203592175175e-31,True
7616,Elavl3,28.25662619324095,0.7701327517602133,0.1468759136569246,5.243424415790209,1.5762339645310986e-07,5.432632946732331e-07,True
7618,Gm16845,205.97034215988785,-0.5995472439744048,0.0557912506996169,-10.746259251336722,6.1713959073435854e-27,5.933225488049732e-26,True
7620,Cnn1,76.24982895958415,-0.7147976949519302,0.0811937751194614,-8.803602171474832,1.3249344490022911e-18,8.994741321487602e-18,True
7625,Zfp810,11.337862127300154,-2.5299521986397515,0.2677468749942296,-9.44904473187325,3.4193694417460525e-21,2.5976512944072532e-20,True
7628,9530077C05Rik,29.89268929423626,0.954470999538963,0.1763763779996009,5.411558000930955,6.247875055341135e-08,2.2325876372661585e-07,True
7638,Sept7,600.9156713692328,0.749732869376219,0.0482957700031825,15.523779190741,2.3951912956129142e-54,4.88194701371546e-53,True
7640,Glb1l2,72.3992109406418,-0.7926269483656778,0.0871113073128164,-9.099013352185802,9.115613920517248e-20,6.517328546279869e-19,True
7645,Jam3,12.61199696102991,0.7479143914739949,0.1902138309639497,3.931966396364432,8.425384515132584e-05,0.0002156977373746,True
7647,Igsf9b,32.788449694011085,0.9680021114001278,0.1329249854960981,7.282318728773094,3.2813069175716184e-13,1.6937277265198484e-12,True
7655,St14,11.326373524508371,-0.8879478936401957,0.203186050933558,-4.3701223069223145,1.2417696431242428e-05,3.517911472372713e-05,True
7659,Tmem45b,51.08610117071967,0.747522200282864,0.0999173251938805,7.481407241760772,7.353093083577817e-14,3.937259395150302e-13,True
7665,4930581F22Rik,12.859664729583146,-3.769503224839272,0.3353460269656907,-11.240637794181858,2.5751509391194685e-29,2.6710699657960416e-28,True
7669,Foxred1,187.42883978444567,-1.749869566110477,0.062702859421255,-27.90733281164057,2.173802289001274e-171,2.0548894286515827e-169,True
7670,Fam118b,27.566090715069965,0.7487454042424747,0.1283349985626614,5.834304068479721,5.401553867613528e-09,2.113725084735408e-08,True
7671,Rpusd4,15.930213759513498,-2.1498324342542823,0.2076524760403472,-10.353030579016869,4.054446436802708e-25,3.643584752662166e-24,True
7674,Pus3,512.4958379694757,-0.551608469501581,0.0358187863591094,-15.399976536650454,1.637287486769935e-53,3.283587565210163e-52,True
7678,Chek1,40.25874056242106,0.5461213509953777,0.117806922456065,4.635732260971749,3.556760995042522e-06,1.0685558543429586e-05,True
7680,Gm26787,60.21446688031861,-1.0226610082140546,0.0956383772480473,-10.692998330175392,1.0976405012450162e-26,1.0477913256426225e-25,True
7682,Fez1,168.57031601867433,0.90402577459123,0.0606708114665579,14.900505741373404,3.270942255918273e-50,6.06598495986201e-49,True
7686,Gm34885,58.7093890953743,0.9568272103136248,0.0962686678664874,9.939134211773078,2.8126098214617205e-23,2.3234256286123083e-22,True
7687,Robo4,10.162477080766712,-0.6379692005490701,0.217989610948554,-2.926603693511028,0.003426852471266,0.0068883673583333,True
7690,Nrgn,2453.804940438598,0.58575570909813,0.0324768372642152,18.036106913142916,1.0144357667635493e-72,2.9226445945899425e-71,True
7691,Siae,17.096261405916234,-1.6083694795107706,0.1964587105520641,-8.186806657699869,2.682485892015209e-16,1.6221062683112718e-15,True
7698,Olfr924,359.88385475365084,-0.5166256301280994,0.0390649428346311,-13.224789098375693,6.311401682021383e-40,8.944391621976494e-39,True
7706,Gm48293,26.17621312541058,-0.637904468506877,0.1371884786440712,-4.649839948745907,3.321927170808341e-06,1.0014456535613908e-05,True
7710,Mir100hg,81.40583155576017,2.084624206320667,0.0965076383460284,21.600613609942865,1.7724548014773293e-103,7.749172392058884e-102,True
7712,Sorl1,150.54163140169527,-0.6941963452692,0.0605011232730282,-11.474106722555288,1.7800643048741732e-30,1.9144996656604886e-29,True
7717,Tmem136,197.3204782795032,0.9035987657561062,0.0553900687943172,16.313371429659806,7.929281814225067e-60,1.7846496829751346e-58,True
7719,Oaf,412.5841720782345,0.7147410844061692,0.042356574709579,16.874383476634826,6.944621225864094e-64,1.6797722821287863e-62,True
7723,Gm49380,331.9771600238769,-0.7020970168631364,0.0411387985753385,-17.066541590352184,2.633449419248306e-65,6.588521236597193e-64,True
7726,Gm26737,42.102287499039456,-0.5638350288047043,0.1064836535052581,-5.295038348556123,1.1899143689629235e-07,4.1452634431122724e-07,True
7728,Mcam,56.24004451391369,-1.0228965167758026,0.1009810710669899,-10.129586723210949,4.0837176174919254e-24,3.5302053235145224e-23,True
7730,Gm48604,27.85363051063061,0.6502856594383266,0.135770548732818,4.789592923558256,1.6711999469773195e-06,5.189265744449462e-06,True
7733,Dpagt1,45.01328826889,0.5663263050684314,0.1037209633746322,5.460094918545096,4.758800925562833e-08,1.7187507349492526e-07,True
7737,Vps11,82.69333663867532,0.5343485374048084,0.0739719248875598,7.223666792733034,5.060416366877802e-13,2.5861064121554358e-12,True
7742,Ccdc84,490.8942591837437,0.8007588643652487,0.0360411387815937,22.217912403317207,2.305398501453573e-109,1.1045701094087692e-107,True
7747,Phldb1,209.52154484248888,0.8953723820595543,0.0549377722018359,16.297937578721683,1.0207891022182857e-59,2.291599463362436e-58,True
7763,Gm16536,17.82931131855494,0.5166779361274572,0.1752706739669081,2.947885829576991,0.0031995520674518,0.0064693914389638,True
7764,Rnf214,65.96844114586695,0.7253330302296149,0.087636382974002,8.27661988793844,1.267209197688932e-16,7.80865202578719e-16,True
7765,Pcsk7,25.623218343638985,-1.4541482228650304,0.1588786523053931,-9.152571486255422,5.559413473213104e-20,4.029134803959832e-19,True
7774,Nxpe2,247.5626736798264,0.6136176412465172,0.0457201416635324,13.421166665718246,4.54501245081052e-41,6.656882557770048e-40,True
7779,Zbtb16,10.212156524504424,-0.6454174323524493,0.2105392214492903,-3.0655448799971072,0.0021727376629713,0.0045207419690711,True
7781,Zw10,16.553097221977662,0.6717204610058386,0.1653375697841562,4.062721267058368,4.850393435476192e-05,0.0001281905401233,True
7788,Il18,197.4522507344876,0.7865570667328756,0.0569921867708211,13.801138564761608,2.5085898143417786e-43,3.899574993174135e-42,True
7791,Nkapd1,16.68895325927035,-2.0841321195711013,0.2321605764993683,-8.977114680695031,2.7796011467005995e-19,1.939731239166005e-18,True
7794,Dixdc1,45.50617670627225,1.4471568428252963,0.1216775454056626,11.893376366202965,1.2812043967702006e-32,1.4587045892394054e-31,True
7795,2310030G06Rik,36.66816550127437,-1.0605183142407446,0.1209227989799647,-8.770209780013928,1.7833371786291792e-18,1.2045963916518765e-17,True
7800,Alg9,26.956451544214207,0.747670232412123,0.1379730976432499,5.418956631279935,5.994785603736492e-08,2.1456571968510802e-07,True
7811,Exph5,43.725640509650255,0.5639181854809773,0.1023252185806069,5.51103817126713,3.5672334390876414e-08,1.304826989808924e-07,True
7814,Atm,25.42762116304982,1.5111940849722385,0.1461629073824918,10.33910799966242,4.688814504648791e-25,4.198565696738252e-24,True
7816,Acat1,12.199512704112848,0.6669178866852327,0.1928922395588164,3.4574635465408496,0.0005452860090881,0.001247183066562,True
7819,Rab39,15.988558730639715,0.8306593594724813,0.1775686051793781,4.677962968923234,2.897388538847806e-06,8.796793536001811e-06,True
7823,Cib2,20.77677020400453,0.8942367270673689,0.149436110217638,5.984073901314795,2.176244959030877e-09,8.742975383306221e-09,True
7830,AY074887,65.36215791421475,-1.2377448275246892,0.0914265956666611,-13.53812660855789,9.313388677306713e-42,1.3837938928525048e-40,True
7831,Psma4,34.90804161836173,-0.5397669440779036,0.1158699089363756,-4.658387574761024,3.18695775105244e-06,9.627486120297991e-06,True
7835,Nrg4,16.391711934548717,1.5081003487898124,0.1841984775182062,8.187365982114326,2.670052892800017e-16,1.615146488733542e-15,True
7840,Tspan3,522.0973001338364,-0.5122019881039178,0.0327519738202,-15.638812821351642,3.960427261606025e-55,8.186755549759592e-54,True
7841,Peak1,164.84471887382182,-2.189790478003605,0.0921380326089104,-23.766412370648297,7.4344961443347e-125,4.3775915344149904e-123,True
7844,Lingo1,106.8234658820398,-0.5572686695122027,0.0678653684940874,-8.211385009436038,2.186515485839292e-16,1.3272399450315009e-15,True
7846,Imp3,13.796475433488611,-2.000447096753875,0.2143438837881046,-9.33288630120872,1.0302632758612855e-20,7.673443001815231e-20,True
7849,Gm10658,36.97743685663966,0.9063771138723856,0.1140755127527044,7.945413454658333,1.935441431225153e-15,1.1159577892932895e-14,True
7850,Sin3a,64.10082617890883,-0.7556330001093051,0.1026795167151965,-7.359140598657215,1.8509799530588346e-13,9.680005209058882e-13,True
7851,Man2c1os,43.9646664420809,0.7199208536963292,0.1025789893237041,7.018209659138925,2.2472915873109205e-12,1.1051922181916024e-11,True
7853,Commd4,76.83014520175449,1.212762990777237,0.0816798876849124,14.847755367338172,7.1937251652124835e-50,1.3242512177814303e-48,True
7859,Mpi,620.3172605340305,1.50778260776301,0.0406521663857264,37.08984641695292,4.0955423973865234e-301,1.1191069600858674e-298,True
7862,Csk,22.51529528263934,-0.9481727124535688,0.1483257689647789,-6.392501579942724,1.6319354041346624e-10,7.101091402713853e-10,True
7866,Gm17231,13.132618808421304,-3.186277198983281,0.2912319599035899,-10.940685218882132,7.364120820227629e-28,7.325582759052378e-27,True
7868,Ubl7,13.172248879764153,-0.8245770029982636,0.1975948307765511,-4.173069709150092,3.0052294337150505e-05,8.133000980626555e-05,True
7873,Loxl1,64.73838404045696,1.038089747419794,0.0864413102416378,12.00918570667104,3.179604013975359e-33,3.7169060826471305e-32,True
7874,4930461G14Rik,44.43428965259442,0.8485489968929238,0.105072849291737,8.07581599445266,6.702689132234164e-16,3.958683807649815e-15,True
7875,Insyn1,340.43855072734203,-2.105508061770029,0.0492428409479071,-42.75764804060344,0.0,1e-300,True
7877,Nptn,125.1438803135977,0.5596151030135638,0.0648819160218493,8.625132199010741,6.401865965146153e-18,4.202546246189036e-17,True
7879,Gm47271,12.909490544600752,-1.82914834961952,0.2367150808908017,-7.727215109135014,1.099248104756028e-14,6.095006612547058e-14,True
7882,Arih1,40.62819817354984,0.7066639746346038,0.1128165205554906,6.263834154387166,3.7562496891882536e-10,1.589385302795165e-09,True
7885,Parp6,174.7087313246171,1.0028446191985565,0.0609291196244197,16.4592008776806,7.204530344679347e-61,1.6578003508914794e-59,True
7886,Pkm,194.7557860304727,0.5692202099014606,0.0568652582540263,10.009981971042164,1.3777764686028234e-23,1.1561686604091254e-22,True
7890,Gm20275,10.653189968211086,-0.6028281518737663,0.2063661713785244,-2.921157803369025,0.0034873314086044,0.006997068801477,True
7891,Thsd4,77.79921572313467,-2.244835765218049,0.0996887827308076,-22.51843892286098,2.7384617960556316e-112,1.3566634529580988e-110,True
7895,B930092H01Rik,37.53465796104131,0.5851345450268424,0.1106947884308768,5.286017104520045,1.2500821041716632e-07,4.3444824796808525e-07,True
7897,Kif23,73.44353736892052,-0.9065073627024204,0.0880042207923578,-10.30072597132909,6.993153324822854e-25,6.204782615144703e-24,True
7898,Glce,796.1620249938742,0.6565956477305662,0.0499097977613063,13.155646329619186,1.5792724341861655e-39,2.2130061161095883e-38,True
7901,Itga11,13.00749958189806,-0.7267719866371032,0.2163176080755584,-3.359744928315064,0.0007801446430005,0.0017449868812841,True
7903,Cln6,85.76306697948694,0.9388800311864536,0.0794620311597822,11.815454720740192,3.2478686717152514e-32,3.6644340213520208e-31,True
7904,Calml4,10.256571557922893,0.6815292451421824,0.2159841521293848,3.1554595021115883,0.0016024551096563,0.0034067268365755,True
7906,Map2k5,563.7370381165996,-0.6715246813606998,0.0390175372703442,-17.210842311954448,2.2020544608205042e-66,5.638291128964711e-65,True
7907,2300009A05Rik,46.87260471370169,-0.5319082790151969,0.1023130371188265,-5.198831879044287,2.00544805199557e-07,6.848479376751293e-07,True
7908,Gm16759,17.246848934128327,0.5737337589003928,0.1736119731756545,3.304690041855056,0.000950814898451,0.0020939240579412,True
7913,Zwilch,106.19297900329832,0.642683536288968,0.0684405336985969,9.39039340516047,5.977656535953796e-21,4.498160821891565e-20,True
7918,Uchl4,69.0965384231802,-1.0002051249152455,0.106771343033395,-9.367730109027566,7.410911053453795e-21,5.55516555948564e-20,True
7926,Hacd3,128.18433534248518,0.7067695416802313,0.0641626699123144,11.01527636936107,3.2254522119070898e-28,3.2511071055810485e-27,True
7928,Gm47350,12.25255536731166,0.7871627841606019,0.2139975338360181,3.67837315715885,0.0002347263745778,0.0005657242059836,True
7939,Rbpms2,17.32516575142343,0.5075087403558214,0.1737551411276841,2.9208271885485,0.0034910341153849,0.007003694460233,True
7941,Zfp609,43.37400684243527,-0.985960074024308,0.1164712235050044,-8.465267594462459,2.555652381350652e-17,1.6299507237439898e-16,True
7943,Pclaf,11.133470586180906,0.9616521511030304,0.2103147080218277,4.5724436495579015,4.820688917913586e-06,1.4262258128315475e-05,True
7945,Ppib,289.0892510145096,-0.7798335361016409,0.0528780924868803,-14.747762247572116,3.180362239157998e-49,5.763541434030577e-48,True
7946,Snx1,21.74581874193965,0.8842832228808138,0.1454916833326966,6.0778953313690005,1.2177019249435375e-09,4.9697015783926685e-09,True
7948,Dapk2,10.282632164624845,-1.596541757678543,0.236859364400608,-6.740462897545649,1.578828181423839e-11,7.398324554324785e-11,True
7955,Aph1c,26.02152606694904,0.7352232355436704,0.1421123059202133,5.173536737602792,2.297039328978774e-07,7.795580008767863e-07,True
7959,Tpm1,43.75482317695224,0.6498469161926561,0.1056373373283584,6.151678304543974,7.666726708265844e-10,3.165149118842141e-09,True
7962,C2cd4b,40.33814896565415,0.6111282635693631,0.1078194398098985,5.668071218389483,1.4441394191549392e-08,5.4476078865792883e-08,True
7967,Bnip2,175.39566715950366,1.2642849495249413,0.0711986287406042,17.75715307848232,1.5173833159570026e-70,4.1657769904954565e-69,True
7974,Gm32511,57.72332831498189,-1.3092700175452732,0.1101207688145687,-11.88940135125591,1.3436620059010446e-32,1.5278258230947638e-31,True
7976,Polr2m,20.362716177959804,0.7466635069508509,0.1553082043388921,4.807624362983328,1.5273440626267431e-06,4.768825739549452e-06,True
7978,Cgnl1,245.5226579206861,0.675336899863384,0.0473821949567042,14.25296781798474,4.296275898432536e-46,7.141946094276446e-45,True
7979,Tcf12,29.913824772609235,-0.5443687513935032,0.1332658696226801,-4.084832470120005,4.410862895574721e-05,0.0001170340924257,True
7982,Zfp280d,46.959573724904594,0.7213709318030084,0.1029802365992882,7.004945372285097,2.470822206275596e-12,1.2127347387972949e-11,True
7985,Tex9,18.228682491979985,0.646847018241643,0.1564473664544184,4.134598318279166,3.555760056768207e-05,9.543144854628977e-05,True
7990,Prtg,34.217341091125576,-0.8341784009042614,0.1179210855239945,-7.07403936452504,1.5048756674468774e-12,7.470129342126312e-12,True
7993,Ccpg1os,237.43080989710188,0.7120531881271582,0.0487595284130299,14.603364948395962,2.6731881255121436e-48,4.703089933496616e-47,True
7995,Pigb,49.73418401104929,2.279824619824238,0.1209726191559339,18.84579035926749,3.1817718982376206e-79,9.989735539744975e-78,True
8003,Gm16551,53.7602108860872,-1.6570699366816648,0.1089012201811143,-15.21626602462104,2.7583130870001412e-52,5.383636078734203e-51,True
8006,Arpp19,429.8227595714995,-0.8689466656590861,0.0363977644873921,-23.873627347637825,5.756719014387841e-126,3.43595570387763e-124,True
8007,Myo5a,21.44393309424581,-0.6809531871963601,0.154932935536607,-4.395148035102365,1.1069728937801596e-05,3.153403154655063e-05,True
8008,Myo5c,11.81702183309082,-2.251610458087832,0.2471467364949588,-9.110419542738969,8.206400495679472e-20,5.888942628988209e-19,True
8011,Mapk6,271.3716315934576,0.7858774153742258,0.0490656496650152,16.016855391493404,9.745575024091162e-58,2.104081679275386e-56,True
8016,Lysmd2,25.022819650098214,0.569113428881995,0.139058531809499,4.092617845711493,4.265303510514239e-05,0.0001133611364618,True
8023,Gclc,784.3863807072606,1.198246187562175,0.0379305478441785,31.59053205571029,4.980992806327002e-219,7.319966571180386e-217,True
8028,Gsta4,355.4102981643486,1.2499620237237006,0.0410373736428534,30.45911355346636,9.07304711469834e-204,1.1666871172194453e-201,True
8031,Ooep,154.43452092895777,-2.191276100277063,0.0808203108768706,-27.1129382763135,6.930388978124353e-162,6.074920249708497e-160,True
8034,Mto1,50.96275963245048,1.6439790521758106,0.1158423576611065,14.19151927989262,1.033941768234319e-45,1.7058088342341294e-44,True
8040,Cox7a2,10.502632797624406,-1.8679620636565368,0.272130692944283,-6.864209411464621,6.686049044276815e-12,3.214008402592439e-11,True
8043,Filip1,14.057450228605893,1.217990958241064,0.2052907058233548,5.933005848248681,2.9743825144512115e-09,1.1848747474424325e-08,True
8053,Lca5,137.8142955568114,0.6156087215941035,0.0583567350540188,10.549060378793556,5.130761911745155e-26,4.742429403414338e-25,True
8062,Tpbg,27.60850053360193,-2.0842429748754587,0.1796328962315699,-11.60279112901793,3.988538756565115e-31,4.3676622276024256e-30,True
8063,Ube2cbp,123.69635473014245,-0.939641286967245,0.0746576424248426,-12.58600267096802,2.5212099029677827e-36,3.2112832325637714e-35,True
8066,Rwdd2a,67.20741713866428,0.5629873705095405,0.0810939347080083,6.942410336070956,3.854656120874016e-12,1.8777221794385732e-11,True
8076,Snhg5,102.88669206382376,0.7477979975523376,0.0674516676051604,11.086427127787228,1.460033734367044e-28,1.484480810849469e-27,True
8077,Zfp949,63.93784702233319,0.6426166326105737,0.0930359253982478,6.907188055149671,4.943544300653837e-12,2.397468184410269e-11,True
8087,Plod2,33.70535367799378,-3.83011115391592,0.2160663805814432,-17.726548404286394,2.6161012043442295e-70,7.159683546411877e-69,True
8089,Slc9a9,32.08714425842315,0.5694086987379579,0.1209736292170137,4.706882834080307,2.5153337868563755e-06,7.687549329700158e-06,True
8090,Chst2,201.01422893984045,0.6231310599907485,0.0551346412107289,11.30198812048295,1.2828047068570837e-29,1.344139527472539e-28,True
8092,Paqr9,12.05838373814179,1.1087122667793032,0.2176528416854579,5.093948042183452,3.506829104437203e-07,1.1661423726639628e-06,True
8093,Gm16126,128.88428111674287,1.4739196744850636,0.0658760205373376,22.374145591409334,7.029142386612793e-111,3.424112592119346e-109,True
8100,C78334,201.93027167295568,-2.8742188721646795,0.3044163581331358,-9.441735949379062,3.666537697364749e-21,2.779384969723222e-20,True
8104,Rnf7,472.781732308049,-0.5040877185037631,0.0383846836941046,-13.13252240192836,2.143942830262428e-39,2.9922803045195004e-38,True
8105,Gm28729,60.28005214971586,-1.3376812791725128,0.102720236639256,-13.022568122290505,9.10561260472944e-39,1.2548380869307208e-37,True
8106,Rasa2,52.17447182449303,0.7584639245718641,0.1011829991328593,7.49596207932081,6.581381776988452e-14,3.5305277458887743e-13,True
8107,Zbtb38,14.305934061264706,0.986571838198195,0.182598453081572,5.402958357798708,6.555068173962203e-08,2.336556862485682e-07,True
8111,Gm16185,64.19311459015564,-0.9060350606935996,0.0909649758009582,-9.96026275735078,2.274607481482031e-23,1.8888098592667496e-22,True
8117,Copb2,106.5622695493114,-0.6497514299493412,0.0656384968154772,-9.898938297991805,4.207175285299514e-23,3.4542291732074127e-22,True
8121,Faim,61.23558860450379,-0.8220927854125479,0.0933010604451899,-8.81118372599301,1.2383122014316365e-18,8.419752635550721e-18,True
8123,Pik3cb,25.45986313471394,0.6859312193950035,0.1352524704566644,5.071487545321986,3.947181022438474e-07,1.3056232593229438e-06,True
8125,4930422M22Rik,105.51525357552852,-1.577927377650193,0.0794710136444801,-19.855382551293168,9.900575703001488e-88,3.52629873511385e-86,True
8131,Dzip1l,29.67617422569023,0.5662749560742955,0.1246819642946682,4.541755171068563,5.578780729948244e-06,1.6399683544349452e-05,True
8132,Il20rb,56.21013183608704,-0.9130323251882804,0.0961118639773831,-9.49968388297134,2.1052842058688344e-21,1.6140819900146504e-20,True
8136,Pccb,770.6728203354365,0.5981054057023741,0.0319764497433604,18.704559464940747,4.544728804151341e-78,1.3992643895598355e-76,True
8140,Ky,130.3867069111473,-0.6460317528473073,0.0660284261871915,-9.784145861901935,1.3170256087511602e-22,1.0609002232077516e-21,True
8143,Amotl2,38.666493689099006,0.5313289687834029,0.1096799560528358,4.844357965711139,1.270217451426004e-06,4.00028143175544e-06,True
8144,Ryk,22.53689929013734,1.5917015064061109,0.1578382767229954,10.084382188228847,6.4771353073111816e-24,5.536272837451512e-23,True
8145,Slco2a1,21.38375907495818,0.5661027380514305,0.1542525968972087,3.669972171869961,0.0002425768751282,0.0005835994486509,True
8148,Trf,72.49280116215306,0.5213632385235191,0.0893546002048378,5.834766618935544,5.386590967583054e-09,2.10834160342642e-08,True
8150,Topbp1,15.173241357531518,-2.01075833119159,0.3180970395244371,-6.321210452627044,2.5952229014859505e-10,1.1129293305832836e-09,True
8156,Uba5,166.63340210270638,-0.9201305034983056,0.0611289774113544,-15.05228031718056,3.335363163419732e-51,6.346989227626145e-50,True
8157,Acad11,11.588396358864776,-3.471326350158328,0.3308005412980835,-10.493714238001576,9.23260923617203e-26,8.448972805974698e-25,True
8161,Cpne4,61.07473054688335,0.7960525361848965,0.086886398837757,9.161992519351216,5.094777235552555e-20,3.6939247220291496e-19,True
8162,Mrpl3,163.33250943207784,1.4942932783666911,0.0921213684467806,16.220919245570677,3.5878448658493757e-59,7.982726592108636e-58,True
8170,Col6a5,338.52701142267244,-0.6502521743125238,0.0378639867886693,-17.17336787438106,4.203092152326026e-66,1.0652706602880804e-64,True
8172,Ppm1m,25.006348522310844,1.9023668659314608,0.1550344785363197,12.270605118885184,1.3027605824212472e-34,1.5821303517626922e-33,True
8173,Alas1,63.39858448218348,-1.253400704903886,0.0909059199060559,-13.787888689748442,3.014539335414489e-43,4.6777518986449487e-42,True
8181,Rrp9,107.52037645254752,-0.5905274668880824,0.0688499877714306,-8.577016292995218,9.73658312253036e-18,6.315777657522661e-17,True
8182,Tex264,26.65868471993271,-0.8675908328289293,0.1371097966083302,-6.327708553950393,2.4882854373816207e-10,1.0686428224196903e-09,True
8190,Mapkapk3,74.07481809382207,-0.8320966314016723,0.0855137566857204,-9.730558727057078,2.2336268791077233e-22,1.7820103495363072e-21,True
8192,Hemk1,17.206475704249286,-4.938955074400366,0.4134048358764513,-11.947018142468956,6.729670943419429e-33,7.752864654711397e-32,True
8199,Tusc2,190.08449468670173,-0.5489470509279244,0.0537428798764416,-10.214321454116146,1.710718462694408e-24,1.4936118060708842e-23,True
8201,Hyal1,49.945733063887765,-1.9240845549685672,0.1165062892481852,-16.514855699075817,2.868462420144697e-61,6.635406190937894e-60,True
8202,Naa80,12.969460529676152,-1.4984816757870565,0.225046123239443,-6.65855360766518,2.765354269620147e-11,1.2743218831914922e-10,True
8203,Hyal3,108.05939008915566,-0.5977762783321506,0.0757264123597573,-7.8938940813974465,2.929007726691518e-15,1.6706616805081955e-14,True
8210,Gm37850,37.78068032482265,-1.1250579914727854,0.1170209587538388,-9.614158040179944,6.967704370393113e-22,5.439786340599765e-21,True
8215,Inka1,110.07401202604122,-4.290453007576804,0.1761634346312094,-24.354957750220308,5.136942520483994e-131,3.278644189716208e-129,True
8216,Ip6k1,141.94934252303133,-0.5959478749979249,0.0647997866973529,-9.19675673905064,3.689164144248417e-20,2.6949082103014334e-19,True
8217,Gm38134,31.3338279052891,-1.1239826820155288,0.1497457143279831,-7.505942237209583,6.09883080193488e-14,3.2766928744773333e-13,True
8220,Apeh,92.75002638911324,0.9057961982848598,0.0759854446074091,11.92065405374411,9.238043888866488e-33,1.060071597956018e-31,True
8221,Bsn,47.45480352793508,1.1312390573715057,0.1093010988483343,10.349750087519311,4.195795988452364e-25,3.766739232343683e-24,True
8232,Klhdc8b,62.04602341020643,-3.038906539430096,0.131095099033781,-23.180931719247717,7.091200220715033e-119,3.8753409206207656e-117,True
8239,Ndufaf3,178.99982384159296,0.5098082872278222,0.0512624468619963,9.945063461373142,2.6500506393824135e-23,2.1964021602615944e-22,True
8245,Slc25a20,47.43480890303843,-6.431767097555538,0.4161111415878694,-15.456849035601596,6.783666398254996e-54,1.36831324074606e-52,True
8246,Prkar2a,637.5465683770168,0.6103009894483534,0.035460630333724,17.210663874407807,2.2088502116690412e-66,5.647422880360846e-65,True
8249,Slc26a6,146.4866262748021,-0.689250573817607,0.0606487830458715,-11.364623314804088,6.273449540930459e-30,6.661207381408129e-29,True
8251,Col7a1,22.481514130068785,-0.550869356210415,0.1405182429952102,-3.920269314989884,8.845006778098088e-05,0.0002259443157104,True
8252,Pfkfb4,37.65215180496442,2.6958393819629727,0.1547229151730851,17.423659442734756,5.457247135072303e-68,1.4372942454539824e-66,True
8253,Tma7,44.34189801069631,-0.7815068588514307,0.1083369074726187,-7.213671472475341,5.446306456899047e-13,2.7784424538579504e-12,True
8257,Camp,10.203578276514916,-2.3541058540131856,0.2736480600683975,-8.602676932644009,7.787796360801673e-18,5.074254201106544e-17,True
8267,Kif9,12.588662408821174,-2.1245466137858164,0.2493598955251243,-8.52000121876758,1.5955164252235808e-17,1.0258232075113963e-16,True
8271,Ccdc12,52.28296645704432,-1.1883847133904946,0.105121268759858,-11.304893171573813,1.2410510649664855e-29,1.3011691261471163e-28,True
8274,Prss42,68.31115561304836,0.7311465901849216,0.0843268127585252,8.670392799957972,4.306322149033351e-18,2.8504527533041346e-17,True
8275,Prss50,89.72636738518037,0.5050118814067638,0.0748395350917578,6.7479291632101726,1.4997012803099686e-11,7.040745232231069e-11,True
8281,Mlh1,41.3868729978702,1.0582951065550226,0.1223768370917923,8.647838363081872,5.248409828526513e-18,3.4648618754726937e-17,True
8283,Trank1,69.3164340316895,-0.6447990841957806,0.0799060391921456,-8.069466222011929,7.060616355270942e-16,4.158843341898895e-15,True
8288,Susd5,11.05721996746482,-1.1530115612936584,0.225797262658604,-5.106401856770796,3.283510239274947e-07,1.094378255468654e-06,True
8289,4930520O04Rik,20.52184005467719,0.7683587353151862,0.1692575991212734,4.539581911265652,5.636588079314836e-06,1.6550143104610118e-05,True
8297,Osbpl10,39.41063503011173,0.8188161135231544,0.1078910803539147,7.589284589951227,3.2167655447152074e-14,1.750304786744852e-13,True
8298,Rps27rt,65.10485380118378,0.553599309067236,0.0894788490910713,6.186929254127796,6.134747972270313e-10,2.5556091600539127e-09,True
8301,Rbms3,24.276493284944337,1.4181230495807686,0.1493068515365749,9.498044028028936,2.138695873310791e-21,1.638979554446061e-20,True
8302,Zcwpw2,30.71380536590945,1.0189516580375937,0.1428289047857352,7.134071773260281,9.74424782777626e-13,4.902399482512981e-12,True
8305,Gm17399,61.06010352574382,-0.6653690537652361,0.0980114608856274,-6.788686218458428,1.1315925229077548e-11,5.3542451408579036e-11,True
8307,Golga4,30.51722909449211,0.65406268031153,0.1457472271510588,4.487650935778221,7.201279113535373e-06,2.093698572527125e-05,True
8311,Plcd1,14.566852567744606,0.5231651622186545,0.1802636472521554,2.902222218364657,0.0037052560317399,0.0073952884596059,True
8315,Oxsr1,107.714355491089,-2.463426682532849,0.0940879042902683,-26.182182514481244,4.2405138931322735e-151,3.252548551013035e-149,True
8317,Acaa1a,34.073641862317864,0.5369922144442497,0.1171980871691926,4.581919615027697,4.607270073171946e-06,1.3679446356473854e-05,True
8320,Gm47320,11.49818165832815,-1.8443626163365243,0.2587451692046197,-7.128104543965318,1.017604776430309e-12,5.1064196069478455e-12,True
8322,Exog,505.2940520918014,0.9503261664872624,0.0794534301626576,11.96079470127027,5.701365305980684e-33,6.585566477608336e-32,True
8326,Gorasp1,295.2737672502625,-2.320841250090925,0.0969535867570008,-23.937652310973856,1.242519330935405e-126,7.518746733355835e-125,True
8327,Ttc21a,62.23914043248422,0.5334174478425634,0.0859550338104292,6.2057732304427535,5.442861606478445e-10,2.2766028168881853e-09,True
8328,Csrnp1,133.5745345113109,-0.7197671183482527,0.0627488303110874,-11.470606141658603,1.8535636134456047e-30,1.9923245526697442e-29,True
8332,Mobp,19.08701685651742,-2.671952190192654,0.2156474704859784,-12.390371118989714,2.946765358951027e-35,3.6470652935127775e-34,True
8333,Myrip,45.97839041559603,0.5374555926691366,0.1053198690915314,5.103078814141368,3.341717476591887e-07,1.1122945418850191e-06,True
8342,Trak1,657.9780915299112,0.9051519295760824,0.0382699612457969,23.65175976433717,1.1321153772031483e-123,6.555772753817437e-122,True
8344,Ss18l2,43.57056312614901,1.3829386944789608,0.1176299910925808,11.756684512460064,6.524640388893575e-32,7.281615259793927e-31,True
8346,Ccdc13,33.309644027773984,-1.5105957308964597,0.1637548054916652,-9.2247413830756,2.842459940882648e-20,2.0851065203924392e-19,True
8347,Higd1a,12.713778224232668,0.9240826716826938,0.1985031569789618,4.655254282835572,3.23581101885936e-06,9.76831746898196e-06,True
8349,Pomgnt2,14.991970027890297,-6.122529322732504,0.6527573744800558,-9.379487022432054,6.6294475072411896e-21,4.977920910546755e-20,True
8351,Ano10,29.16747029376096,0.822866625016656,0.1263798656578071,6.511057918392583,7.462336184377782e-11,3.3248747819719403e-10,True
8354,A730085K08Rik,10.61557959750764,0.6441070909908552,0.2268682808333351,2.8391236034623866,0.0045237630023302,0.008900941424927,True
8355,9530059O14Rik,88.64198242214285,-0.6015897272425191,0.0715844096802005,-8.403921048313288,4.318130567404672e-17,2.7252063285013668e-16,True
8364,Kif15,10.522050492023604,0.7951807908439238,0.2114156004349097,3.761220975217213,0.0001690859685417,0.0004156558079642,True
8369,Tmem158,14.861889058198948,2.293174365501532,0.2204921822180338,10.400252482575208,2.472771173923105e-25,2.229063004616869e-24,True
8373,Slc6a20b,16.656683507871097,0.7659024446753073,0.171040555799461,4.477899648392751,7.538101926702647e-06,2.187262759153408e-05,True
8382,Mthfd1l,43.32762771832038,0.5674686199234106,0.1113969612913862,5.094112203285834,3.503792238994977e-07,1.165354101855157e-06,True
8384,Zbtb2,19.656316943648637,0.670561827798862,0.160191298527104,4.186006568174515,2.8390513593658007e-05,7.704737767316748e-05,True
8386,Rmnd1,171.3439707540085,-1.6034290101770825,0.0606561359884992,-26.43473712999293,5.4659858927139245e-154,4.305818076206356e-152,True
8394,Oprm1,237.21248988244028,-0.5291230559176908,0.0444333964903927,-11.908228893375195,1.072307191417872e-32,1.2248535704451826e-31,True
8398,Nup43,499.28309290590806,0.7022344659772867,0.037238767561195,18.857618336141048,2.5442522090753215e-79,8.002496876314608e-78,True
8399,Lats1,242.64066089242365,0.7224312381113563,0.0536810295624569,13.457849895945468,2.7685557706825055e-41,4.075463242230275e-40,True
8402,Ginm1,37.66163712830152,1.488459547747335,0.1272835935385101,11.694040892214412,1.3672309158474268e-31,1.5152176334816095e-30,True
8406,Sash1,187.8207934235993,-0.7805861119046865,0.0513898929262902,-15.189487026647432,4.151557698561129e-52,8.066937892493003e-51,True
8414,Fbxo30,76.86749864015933,1.1251760263376007,0.0823490973822892,13.663489486887704,1.677486019888222e-42,2.537705494446819e-41,True
8421,Ltv1,279.4304620916992,0.7936455235693552,0.0495056444921123,16.03141483585383,7.710701606508433e-58,1.6771735036644213e-56,True
8424,Pex3,23.00006599291423,-2.597077116662636,0.1924874081146982,-13.492192253506296,1.7385310690413162e-41,2.570028008063782e-40,True
8426,Aig1,89.52218966933246,-0.8714327897514731,0.0750088029410123,-11.61774025959028,3.3487676492252063e-31,3.676286795332731e-30,True
8428,Adgrg6,27.300743892731827,0.6742775222893455,0.136764012510992,4.930226233565297,8.213444394560427e-07,2.635536065542619e-06,True
8429,Gm16234,140.97110383653316,0.6009108585244066,0.0596311247482794,10.077134400215124,6.973010136293189e-24,5.94558757988763e-23,True
8436,Reps1,42.83290152874783,0.6398018473223617,0.1180880624645486,5.418006138549671,6.026734749190732e-08,2.1562098464371425e-07,True
8437,Ect2l,20.6571004880848,-1.2509974189909705,0.1614217830513798,-7.7498674301769,9.198853334598738e-15,5.1297687217940924e-14,True
8439,Gm10827,1056.897587896083,0.6630650454750698,0.0304698297794223,21.76136362674624,5.392090903352981e-105,2.430332106129818e-103,True
8444,Tnfaip3,76.00218503627677,0.9476576697870064,0.0915376688249101,10.352652432078544,4.070496303630061e-25,3.6561293969123015e-24,True
8446,Ifngr1,15.679448834852224,-1.1646871208262473,0.1793490958839162,-6.493967059527813,8.360503587997112e-11,3.7146465128783916e-10,True
8447,Pex7,109.160967382986,-1.0769274441520718,0.0691085744149339,-15.583123415136658,9.480680486331546e-55,1.941430214812249e-53,True
8454,Pde7b,80.22831699680943,0.8741862361604856,0.0770873419411073,11.340204684036712,8.29502207882346e-30,8.775762015394111e-29,True
8457,Hbs1l,233.37756073181097,-1.7366017364943502,0.1705678743939232,-10.181294353728662,2.403429379289537e-24,2.087986735470215e-23,True
8461,E030030I06Rik,31.92414236786705,-2.179506925155802,0.1775482305079797,-12.275576720308948,1.225156692953861e-34,1.4889187106585909e-33,True
8462,Raet1e,149.32288415188685,-1.5832434409952252,0.0648319972101695,-24.42071059237517,1.0306621994453668e-131,6.651003890738219e-130,True
8463,Slc2a12,56.46492810193731,1.0259426130817937,0.0974084958826666,10.53237301105226,6.127009750951368e-26,5.645371260518309e-25,True
8468,Vnn1,420.2984118069977,-1.1933618654626117,0.1010081959322767,-11.814505292845023,3.284766948735071e-32,3.702902857009226e-31,True
8471,Gm15270,114.231964041039,0.6248077480346499,0.0633951125725438,9.855771567874006,6.471769383402806e-23,5.278838758253184e-22,True
8472,Ccn2,10.347496981435969,1.050485369056768,0.2185780188079955,4.805997303779849,1.5398197365913955e-06,4.80434746717401e-06,True
8473,Enpp1,36.22222137339444,0.6474832788045403,0.1145141025599135,5.654179392147606,1.5659259543439264e-08,5.8854315687871456e-08,True
8478,Epb41l2,166.3367879100762,-0.906646371741001,0.0537921996158463,-16.854606768560494,9.705145517719824e-64,2.337790424433668e-62,True
8482,Gm48893,27.532269709394512,1.0650594275658618,0.1344658417225165,7.9206690258461085,2.3623599767348787e-15,1.3554117871764944e-14,True
8491,Rspo3,46.86680598268697,0.6306002822007898,0.1000675772526031,6.3017442763598615,2.943144719469268e-10,1.2556651586747632e-09,True
8493,Trmt11,22.56125481712992,0.9443636242248328,0.1453157060365022,6.498703065087926,8.101538663138688e-11,3.603247918132487e-10,True
8495,Hint3,91.0553437305442,0.8681099010891449,0.074871002752487,11.594741210545733,4.381881234454029e-31,4.795390427292369e-30,True
8496,Ncoa7,20.795875998398024,0.6052745975466042,0.1476718433198914,4.098781351536589,4.15331153477886e-05,0.0001105695115241,True
8498,Tpd52l1,253.63591709163856,0.645436466252786,0.0446310825486,14.461591101895223,2.1184347417996536e-47,3.6356414881837445e-46,True
8508,Gm48045,22.440197097189536,0.5627356146995188,0.1465717904625254,3.8393173265042138,0.0001233768856944,0.0003085833777208,True
8509,Calhm5,237.93046064390512,1.4771974153088752,0.0536183172084693,27.550238280800468,4.396374148072861e-167,4.025329377041791e-165,True
8511,Dse,39.198572424473866,1.0433817770697604,0.1174057110274038,8.886976348418203,6.279437022134309e-19,4.3217156490785056e-18,True
8512,Gm26564,35.41646798311896,-1.507094731223614,0.1256128993944546,-11.997929659206218,3.642952283558775e-33,4.238719197263863e-32,True
8514,Nt5dc1,278.1190328877199,-5.479404589922114,0.3668178667063774,-14.937670945859766,1.8741175421265218e-50,3.4978193785174606e-49,True
8515,Gm47512,31.31786983302223,2.147941820036692,0.1447768901988357,14.836220180490972,8.543617745370975e-50,1.5694410412925168e-48,True
8517,Hs3st5,154.84496703582005,0.6357348612821749,0.0552795300189845,11.50036661063952,1.3135630596495884e-30,1.4188752802441014e-29,True
8524,Fyn,41.89125364669313,0.8985029913205945,0.1058340363708013,8.48973564773235,2.071076604738769e-17,1.3252465299550526e-16,True
8531,Gtf3c6,283.77976968025524,0.6968941792990181,0.0592893493339273,11.754120885591032,6.7257089368264e-32,7.496443459988534e-31,True
8533,Cdk19,42.88072160301983,0.8574966836343998,0.114744504702288,7.473095865106831,7.832973936230278e-14,4.183966041441512e-13,True
8536,Fig4,25.75466560933345,-3.158752317604415,0.2054276500908465,-15.376471065153677,2.3543465548333072e-53,4.710848117954791e-52,True
8547,Snx3,157.9627138146211,-1.4383918655969052,0.0651649107560654,-22.073104204520416,5.731814741428666e-108,2.6801597913931685e-106,True
8552,Bend3,21.99236277347076,-0.5988856191560749,0.152119880618226,-3.936931956047829,8.252999601712244e-05,0.0002115012559125,True
8561,Prep,15.955410298873993,-0.8540106491189882,0.1757433459880839,-4.859419537721178,1.177304167899863e-06,3.723091372193997e-06,True
8564,Lin28b,10.864183819203392,-1.4706892214992502,0.2222877512010989,-6.616150523601048,3.686729812360688e-11,1.6816257422682243e-10,True
8565,Hace1,15.497578626785913,1.0722709671443216,0.1787054569166785,6.00021390306099,1.9705776574968662e-09,7.936771550968492e-09,True
8567,Ascc3,27.72067969538105,-0.6926119707064362,0.1393260267157287,-4.971159998121485,6.655349649378247e-07,2.1541505583625166e-06,True
8574,Cep85l,333.13265324254496,0.629648583153303,0.0445001826936043,14.149348273210508,1.884960703307877e-45,3.0836475939614735e-44,True
8575,Mcm9,36.27945260238904,-0.871495455447888,0.1228378792766218,-7.09468008223542,1.296510504852903e-12,6.465176991407918e-12,True
8577,Fam184a,141.49776564683918,0.6403214458577041,0.0620226235941232,10.323998063157967,5.488885300066459e-25,4.9024323864944965e-24,True
8587,Lims1,39.26858243140736,-1.092446998029674,0.1475559054077051,-7.403614209890024,1.325270773922436e-13,6.989244660541486e-13,True
8595,Dnajb12,87.43338694437182,0.6555347555645802,0.0761156314614168,8.612353901272852,7.157548386072205e-18,4.677548810748532e-17,True
8608,Adamts14,28.1223416237514,-0.8859523876286168,0.1317595188995574,-6.724010492964788,1.7678969279855018e-11,8.255535774795849e-11,True
8616,Aifm2,52.35102643529833,-0.8153710118306857,0.1005113601854749,-8.112227417140419,4.970017134630959e-16,2.9563149540961295e-15,True
8617,H2afy2,45.232032879511785,-0.6165602842487876,0.1014646701655784,-6.076600685170843,1.2275693878416396e-09,5.0076355154127824e-09,True
8628,Ddx50,2373.409995512981,1.7779554586773345,0.0323118226052325,55.02492014763086,0.0,1e-300,True
8631,Tet1,48.63213927282863,-0.7941299460161992,0.0992753664835201,-7.999264814076771,1.2516427201891869e-15,7.296242630222833e-15,True
8636,Pbld2,94.12585893911525,0.7187784341715199,0.0729163661536949,9.85757343771713,6.3567032187495e-23,5.187402048039723e-22,True
8640,Gm26789,49.47246269600576,0.5524263281006119,0.0975283553249677,5.664263754473343,1.4765713843479152e-08,5.566346274946399e-08,True
8644,Gm47896,18.42816465507656,-0.5907807200502644,0.1535091771953813,-3.848504244787517,0.0001188412381927,0.0002980917345831,True
8655,Ank3,20.942390408666167,-2.771180695149296,0.2090623908791686,-13.255280796778749,4.2053990946031965e-40,5.99869652254655e-39,True
8656,Ccdc6,22.09900707290332,0.8506076726570462,0.1634463434636925,5.204201297081924,1.9483272864644213e-07,6.661260525061545e-07,True
8657,Slc16a9,43.60896511516972,-1.3617584265462075,0.111881957193283,-12.171385455777152,4.4152398216411435e-34,5.284990691366209e-33,True
8661,Bicc1,211.8231418649441,-1.0582413350825248,0.0592142446896826,-17.871398016276807,1.9699502755662647e-71,5.529773743034163e-70,True
8663,Ube2d1,10.67182984013202,0.9092795697830848,0.2187980681775468,4.155793409680549,3.241606394798458e-05,8.745524844588951e-05,True
8674,Specc1l,54.684946617516346,0.6838205294972659,0.0975885428256685,7.007180450668658,2.43168563679602e-12,1.1938607079250084e-11,True
8675,Gucd1,53.97041453102289,-2.4629601254000693,0.1218651753138245,-20.21053282086132,7.908960702201707e-91,2.961711022700289e-89,True
8677,Snrpd3,111.5194070389174,1.646088026451508,0.0861241579788387,19.112965108535075,1.9695354523851368e-81,6.3902107590558944e-80,True
8679,Susd2,36.391563803321,0.5461047335772146,0.1110577941610101,4.917302182190646,8.774505091144176e-07,2.810412912709329e-06,True
8683,Gstt1,37.52129392446127,1.019838929554784,0.1236195235625732,8.249820903399337,1.5863208130580232e-16,9.699852579985562e-16,True
8684,Gstt2,61.763866982081,0.6096683565088351,0.0967124896739895,6.303925775915608,2.901995083413351e-10,1.2390158695979658e-09,True
8690,Zfp280b,26.018703815700885,-2.9324530741429964,0.196445577412658,-14.92755964662426,2.181029979890447e-50,4.0662955531262394e-49,True
8694,1700094J05Rik,43.53308481421255,-2.7947005967259977,0.2185314203472136,-12.788552750380877,1.899787856502467e-37,2.5245813096136123e-36,True
8709,Lrrc3,43.68304489519818,1.066977940327393,0.1156761309385501,9.223838415672777,2.866508677534693e-20,2.101865985439275e-19,True
8713,Dnmt3l,70.58141203656497,0.8867346871090742,0.0850014713994475,10.431992205664775,1.7713486154261826e-25,1.606708744116861e-24,True
8716,Pwp2,35.34292788413981,1.4696944647589911,0.1239908281807166,11.853251456768328,2.0700014584531852e-32,2.3491359834801627e-31,True
8719,Rrp1,14.324605469213592,-3.7996375247615584,0.3605410885236448,-10.538708751117484,5.727994022204435e-26,5.2805039251613685e-25,True
8722,Pdxk,68.19782287257333,1.1897393460143908,0.0888433540237312,13.3914276322413,6.786362278290267e-41,9.840788020127709e-40,True
8725,Slc1a6,17.250811342457613,1.289394449156792,0.381387471108902,3.380799178871338,0.0007227534505566,0.0016264975348519,True
8728,Mier2,14.313978177537194,2.3145549486535164,0.2297042278973331,10.07624008421827,7.036745861379598e-24,5.997008363733257e-23,True
8735,Hcn2,13.534211857683395,0.5675062841900687,0.189630582793507,2.99269387790702,0.0027652696510141,0.0056467813704968,True
8736,Polrmt,31.16676440187221,1.073730978841039,0.1330681609814112,8.069029968716798,7.085887317010113e-16,4.1709187950142316e-15,True
8738,Rnf126,484.9261192259772,-0.5149362696303804,0.0337294080938129,-15.266685623363678,1.2749029121512373e-52,2.516422362042984e-51,True
8751,Cnn2,29.966358359815448,1.560828126507679,0.1636155633255137,9.539606714566672,1.4337499640114346e-21,1.1069942326989832e-20,True
8753,Arhgap45,123.23720431882091,0.9437099521305192,0.0665183256899906,14.187217467389203,1.0993495557184116e-45,1.810303675179245e-44,True
8755,Gpx4,495.01644763562393,-2.0902545714358904,0.1757839239507793,-11.891045122085089,1.3174757154957132e-32,1.4990250691339643e-31,True
8758,Cbarp,56.79604923710363,-3.560847631419987,0.1510070154325419,-23.580676839551835,6.084819063963584e-123,3.4774939800848088e-121,True
8759,Cirbp,24.285092217830652,0.8016225651083451,0.1455524945653547,5.507446419947184,3.640761693725503e-08,1.3306089968625202e-07,True
8760,1600002K03Rik,46.68595177211935,0.6945736845195603,0.1007130651881936,6.896559877526034,5.327691520925958e-12,2.578761951783924e-11,True
8772,Uqcr11,102.0033617228282,-3.72651171488538,0.3048856345563576,-12.222654308747169,2.3527532426923482e-34,2.841501982610758e-33,True
8776,Klf16,69.39831400244003,-0.6264862720599589,0.0862859065663839,-7.260586311137294,3.8541601974300353e-13,1.9823986333134254e-12,True
8780,Btbd2,21.806128867778245,-1.201411542735605,0.1594246133052839,-7.535922576992606,4.8489423153162766e-14,2.6156170021669044e-13,True
8782,Izumo4,79.05050141156563,0.9630075041206324,0.1155998594446326,8.330524870420556,8.048472404456682e-17,5.012524409157352e-16,True
8783,Ap3d1,173.7590851696797,-0.5886792845669665,0.053553742024005,-10.992309077171402,4.161412532633456e-28,4.172865961622355e-27,True
8788,Oaz1,20.699497424143733,0.7799434430368727,0.1539604191780458,5.065869833303817,4.065396543131133e-07,1.3429477662689318e-06,True
8794,Gng7,30.942550717488448,0.7818915081709729,0.1366292933625802,5.722722330825694,1.0483052211930033e-08,3.9992935663663266e-08,True
8797,Thop1,788.3080843540444,-0.5416719787552247,0.0506721543751799,-10.689736511786126,1.1369351150799122e-26,1.0847092903719314e-25,True
8802,Eef2,44.19610829442816,0.5184183255641988,0.1060893263937777,4.886620956004153,1.0258131555803497e-06,3.261119880892412e-06,True
8807,Mrpl54,15.819627929011215,-1.2354784886547223,0.1912497549669783,-6.460026518036813,1.0468463517123138e-10,4.6067561647571566e-10,True
8809,Pip5k1c,915.8792918205532,-2.16300452099104,0.0444975435386001,-48.60952648126983,0.0,1e-300,True
8812,Hmg20b,147.67451541464507,1.0188691892158466,0.0592759992191282,17.188562025742435,3.2345565261810096e-66,8.221791356083357e-65,True
8813,Mfsd12,707.1974782210436,1.477967615171321,0.0457118417006056,32.3322701555413,2.4628719124554748e-229,4.0252994397216205e-227,True
8819,Gm16105,46.41774306855667,0.7017648462986359,0.1077543919885972,6.512633344661234,7.384460943509689e-11,3.2918545240911905e-10,True
8820,Ncln,51.59609695264543,-1.7889364566907784,0.1144035096523841,-15.637076713174917,4.069870605050482e-55,8.403057513709897e-54,True
8822,Tle5,13.833863520342106,0.8963832114060772,0.1854096541339389,4.834609155564979,1.3340748635761705e-06,4.192327262213848e-06,True
8825,BC025920,164.13183621517123,-0.6263210364908537,0.0529533633394109,-11.827785753217857,2.8044222140169745e-32,3.174351823865945e-31,True
8828,Gm10778,24.956863341895243,-4.191198859241712,0.2913698483745783,-14.384463192133744,6.477876585787036e-47,1.0998553954586768e-45,True
8830,Gm3055,34.09832802565238,-4.35365162216578,0.2471088328676892,-17.618356946782544,1.7810301027506195e-69,4.799176338505829e-68,True
8832,Zfp781,273.0721815241593,-0.626577563967453,0.0746389710344827,-8.394777624653717,4.667768360395613e-17,2.9395006512999093e-16,True
8835,AU041133,220.8134448986688,0.7446682062588666,0.0938208678285544,7.937127672061739,2.069170329054008e-15,1.1907091383513155e-14,True
8843,Gm47561,23.455797483752907,-0.8602788074101438,0.1450839435980305,-5.929524564025027,3.038130623835177e-09,1.2086175693728293e-08,True
8851,D10Wsu102e,43.71387439382345,1.1926319532856406,0.1167191050976094,10.217966906859598,1.6476016155268706e-24,1.4399428811761078e-23,True
8853,Appl2,136.95226829759392,-0.5174362065046617,0.0599949693985508,-8.624659895520512,6.428340718573902e-18,4.2183423071827535e-17,True
8857,E230014E18Rik,60.33750487261332,-4.924176762794216,0.227887897990664,-21.60789057344303,1.5140932171791814e-103,6.636206060659029e-102,True
8866,Cry1,59.235201035377166,-1.8044943874868964,0.1318731819066914,-13.683558411168764,1.2730695004343388e-42,1.9292408512647934e-41,True
8868,Pwp1,355.5002074112249,0.7177717592067099,0.0413368979624682,17.363948302516786,1.5470870139787204e-67,4.044164080786228e-66,True
8874,Timp3,61.83682810982585,-1.513722769855988,0.2069605603277527,-7.314063933044942,2.591817297705197e-13,1.3449762879011425e-12,True
8877,Nt5dc3,82.35735474799428,0.6855573766442652,0.0780179755853917,8.787172077977251,1.5337176336056245e-18,1.0375881615665438e-17,True
8880,Parpbp,35.57799413998716,-1.1363153826913654,0.1196547834602611,-9.496614759816524,2.1682443726261604e-21,1.660896083595545e-20,True
8885,Chpt1,29.48742671296027,0.5411850859334116,0.1294311211815138,4.181259352412278,2.898989648952596e-05,7.856646157270655e-05,True
8887,Mybpc1,42.70799153650472,-0.8116830179865043,0.1328321587927206,-6.110591180356434,9.926274536786206e-10,4.069167583200121e-09,True
8890,Utp20,12.716961611712271,-1.439339571779405,0.223783643883403,-6.431835440705119,1.260721914518018e-10,5.51877467862105e-10,True
8895,Scyl2,19.709323915365115,1.455123124899462,0.1660117938405692,8.765179215501409,1.8647977508558507e-18,1.2581629269663239e-17,True
8900,Ikbip,88.17217162851095,1.4950031056922226,0.098002946132664,15.254675136689013,1.532558606267433e-52,3.0181739759464944e-51,True
8901,Slc25a3,29.003819985937863,-0.947023961171773,0.1790657006396887,-5.2886954776300215,1.231917885664037e-07,4.283964572254658e-07,True
8903,4930401A07Rik,1446.3811925352747,-0.5950468308011925,0.0217831709281448,-27.31681410222808,2.678238999353321e-164,2.4142805990046845e-162,True
8906,Gm32468,164.32204429106852,-0.9224420434299392,0.0594848226884721,-15.507183206392984,3.10191206530185e-54,6.3150451918508455e-53,True
8907,Cdk17,226.38934964455493,1.88083510746072,0.065916334995599,28.5336723831247,4.479005733594004e-179,4.501658176384595e-177,True
8919,Nr2c1,19.980785729937736,0.8711664984692613,0.1539999737469337,5.656926279096894,1.5410791673902054e-08,5.79827721155764e-08,True
8924,Cep83,23.055165001098487,-5.757399620482476,0.4730381883237099,-12.171109569155057,4.430189712266336e-34,5.2992583917998396e-33,True
8925,Plxnc1,50.59270220485286,0.590881659939538,0.0952176699991445,6.205588310917992,5.449266025134262e-10,2.2787365912852214e-09,True
8926,Cradd,92.83089391376484,-0.6753093924665284,0.0731470169064348,-9.232220547426316,2.6507856996519703e-20,1.945318519324954e-19,True
8927,Gm48882,181.8792809331564,0.6325316302710775,0.0521451275269554,12.13021542509609,7.305699681363954e-34,8.691297688958694e-33,True
8928,2310039L15Rik,453.4015195306623,1.3212019542577589,0.043039106284375,30.697708858731755,6.1068549993732425e-207,8.152418338094602e-205,True
8929,Socs2,29.684570050905368,-0.5448063085691485,0.1334742945098497,-4.081732071106354,4.470131169685633e-05,0.0001185167584831,True
8930,5730420D15Rik,12.603503110539876,-2.4365581831183385,0.3705033875945118,-6.576345223015798,4.821523866445335e-11,2.1821638037369567e-10,True
8935,Gm48427,36.7659506143146,-1.4276623545850498,0.1232132518388646,-11.586922131169077,4.8007524901995235e-31,5.250504036811086e-30,True
8937,Dcn,35.344629564284375,-0.9365267018397462,0.1163635442030781,-8.048282718213837,8.396381219020615e-16,4.934002512037383e-15,True
8938,Gm10754,39.63710166199541,-0.5457302094542038,0.1539008916028838,-3.5459847163353126,0.0003911488924609,0.0009144935603419,True
8940,Poc1b,49.366916022399145,1.0922277631707085,0.1087670913549762,10.041895481107188,9.973887617501225e-24,8.426248630669634e-23,True
8942,Gm16239,103.07579182170274,1.1277203355131094,0.0740441577988479,15.230375616895138,2.2231062582900684e-52,4.34873403187659e-51,True
8946,Gm20110,18.444649710175568,-4.396746831868538,0.3469035535802378,-12.674262879384376,8.212708265891052e-37,1.0599545546413484e-35,True
8950,4930430F08Rik,10.809753465904278,1.547245665776969,0.2315719173078698,6.681490932771177,2.3652341588806568e-11,1.0957143038544351e-10,True
8956,Slc6a15,48.60992981607392,-0.5763918075738247,0.1033289952604501,-5.57821941576976,2.4299303235727197e-08,9.003097775135532e-08,True
8962,Lin7a,74.31962053347748,-1.0152933268615232,0.0931214479435568,-10.902894545592943,1.1164798766028987e-27,1.1018623071123868e-26,True
8963,Ppp1r12a,442.9365048856666,0.5313514048036472,0.0373885787187866,14.21159677665574,7.763488218796248e-46,1.2832503021768316e-44,True
8967,Nav3,44.550416928257874,-5.636224254691004,0.3216728888122314,-17.521601759795836,9.802625829545603e-69,2.6132365930959382e-67,True
8968,E2f7,86.88635456982793,0.6775192894064711,0.0783997193135175,8.641858610451097,5.530584616655623e-18,3.645641303282079e-17,True
8969,1700020G17Rik,20.27441532018344,-1.2560910891812198,0.1600630541352068,-7.8474767082739,4.244912174913052e-15,2.4078827153707253e-14,True
8973,Bbs10,73.5104487296982,0.9641790913941328,0.0818961072776426,11.77319806087231,5.365131428710112e-32,6.002905849346285e-31,True
8976,Gm30624,40.21429422103995,0.5673582396832427,0.1046293393554859,5.422553971745924,5.8753466384865844e-08,2.1050617089500797e-07,True
8984,Trhde,91.1924903979953,0.9692199380455,0.072949895231015,13.286104592422094,2.7871485262048143e-40,3.9984949488326327e-39,True
8985,Tph2,254.679447581274,0.6022323100184256,0.0483620240420606,12.452586961510583,1.353846055719909e-35,1.6899400301520175e-34,True
8986,Tbc1d15,90.01294241402529,0.6872952524931054,0.0787000191168052,8.733101468158896,2.477826171639073e-18,1.661511659878225e-17,True
9004,Yeats4,32.17606878906022,-3.7280158586624994,0.2271900323147804,-16.40924040847528,1.6424749940619823e-60,3.740052434395306e-59,True
9009,Rap1b,189.77466307164516,-0.5339603159012828,0.0571665209098868,-9.34043750437391,9.593686663890152e-21,7.163722987963748e-20,True
9012,Dyrk2,11.393519890616703,-2.301921885655502,0.2653692612653782,-8.67441042221353,4.1569851294385575e-18,2.754731183918965e-17,True
9017,Grip1,165.94264275834067,-3.6235214330412178,0.2880210930393074,-12.58075023188215,2.694586129033982e-36,3.4246309756210955e-35,True
9020,Helb,36.415618977960285,0.5967929324438811,0.1143264331590834,5.22007829644657,1.788475034448618e-07,6.129110602084545e-07,True
9026,4930471E19Rik,129.7821961042822,-0.6898243872599861,0.0754083919553549,-9.14784640505784,5.807979953077637e-20,4.2057951726468616e-19,True
9036,D930020B18Rik,25.856125771482493,-1.838029210293442,0.1509832996669937,-12.173725268605,4.290447079802151e-34,5.142655142671694e-33,True
9037,BC048403,90.64213023668822,0.8900751885938475,0.0728993701537703,12.20964168437076,2.7610243700070507e-34,3.3322839325523325e-33,True
9040,Gm48877,74.91511843886228,0.5318751466230729,0.081013630089704,6.565255081572609,5.1943864816360106e-11,2.3448484974406437e-10,True
9041,Ppm1h,44.3354869637699,-0.5526510826828229,0.119525046772936,-4.623726136101871,3.769074214046613e-06,1.1296241620436532e-05,True
9045,Tafa2,142.9745146909863,0.8871862930024497,0.0644735150994995,13.76047655588947,4.4061285738988146e-43,6.788931850250437e-42,True
9050,Tsfm,99.96056881072612,-1.267448537440478,0.0840293298180816,-15.083406474672904,2.0824177022076612e-51,3.984389581641967e-50,True
9051,Eef1akmt3,23.07340471200285,1.946824665387167,0.1648203193006749,11.811800108429924,3.3921986803002427e-32,3.8198821971082202e-31,True
9053,March9,15.949535079969158,0.7264112725202245,0.1720067188489392,4.223156382386304,2.4090454166420524e-05,6.596114959485864e-05,True
9067,Arhgap9,12.748959441832676,0.6303035696620591,0.1901759736881896,3.3143175630350545,0.0009186710709516,0.0020292686230645,True
9072,Stat6,12.285410437041728,1.1922302781702585,0.204908808871196,5.818345656968236,5.943290199307717e-09,2.3184532457170057e-08,True
9079,Gm47438,25.150901783832992,-0.7536760263441304,0.1337829383671267,-5.633573574799914,1.76513160623911e-08,6.615649706367242e-08,True
9082,Rbms2,76.80844806369858,0.9798753603771504,0.0822847499417032,11.908347063962257,1.070788810823924e-32,1.2239186093914236e-31,True
9092,Coq10a,398.1244554758437,2.293848415335562,0.0582474206383334,39.38111576782762,0.0,1e-300,True
9096,Rnf41,34.55480818907829,1.599092297186892,0.1352328906370679,11.824729099952952,2.9083944533174025e-32,3.2835379083030816e-31,True
9102,Rpl41,21.72925225405528,0.7120605223739689,0.1483301748627074,4.800510233558635,1.5826188747569935e-06,4.929967738110136e-06,True
9104,Erbb3,12.496349810065755,-1.407932205743222,0.2199997761101341,-6.399698357140132,1.5568420835305102e-10,6.779396005174691e-10,True
9107,Rab5b,32.41612227738065,-0.6771334808067568,0.1354755687657458,-4.998196257641149,5.786907167390447e-07,1.8859752617093572e-06,True
9114,Dnajc14,31.72913321749991,0.5552256680133757,0.1213701770052243,4.574646603584308,4.770244861958313e-06,1.4120183166202942e-05,True
9117,Gdf11,16.54541925324049,-0.7418672475964803,0.1724113391717464,-4.302891278267227,1.685835875197101e-05,4.701307253300416e-05,True
9120,Bloc1s1,140.7920115294221,-0.5792154154249186,0.066295781555315,-8.736836670997544,2.397286981850104e-18,1.608122544633472e-17,True
9125,Drg1,443.4216189213962,-3.315430448411775,0.0610677568915163,-54.29101406657957,0.0,1e-300,True
9130,Pik3ip1,27.63922468993693,-0.5956915486501626,0.13021560260296,-4.574655699797232,4.770037625429909e-06,1.4120183166202942e-05,True
9135,Tug1,44.036397635285226,-0.6518749431951978,0.1068013666695956,-6.103619864826828,1.0369273793590754e-09,4.246788292794265e-09,True
9145,Sec14l4,11.41706872058779,-2.2298306698457546,0.247304604966858,-9.016535175900104,1.941320999068649e-19,1.3656404517985737e-18,True
9150,Sf3a1,24.1066176412934,-1.5728953573079751,0.1586427155420816,-9.914702682271905,3.593246696745406e-23,2.9599010001264093e-22,True
9155,Mtmr3,79.40723427864243,0.8969123837289991,0.084001259462234,10.67736828555815,1.2990210959578463e-26,1.235306195003307e-25,True
9160,Cabp7,13.560648538992218,-0.5555850338261699,0.1828547309464115,-3.0383957305922404,0.0023784139682013,0.0049170946300869,True
9162,Thoc5,48.306999081536986,0.5413133115120846,0.0980085877886222,5.523121225657794,3.330297862872343e-08,1.2214817329259968e-07,True
9164,Ap1b1,71.20861389673301,0.6927733299144502,0.0930160535062832,7.447889948025515,9.48448840689364e-14,5.044547848532724e-13,True
9169,Emid1,70.49914576171169,-0.5145706709004421,0.0817533752159869,-6.294182589293476,3.0902390835444394e-10,1.316815328777416e-09,True
9170,Kremen1,24.044296344542783,1.0824930057190851,0.1575540429202049,6.870613953507535,6.3926174684723006e-12,3.0754909020259586e-11,True
9172,Gm11963,1222.7267490819552,-0.5849451407199638,0.0256084060588534,-22.84191914856544,1.7583119385788797e-115,9.151594994603408e-114,True
9174,Ccdc117,27.85396002563438,1.2907441757064508,0.1381960448545439,9.339950192243222,9.637944633339195e-21,7.190630364668766e-20,True
9177,Urgcp,44.5992414802904,0.9989849192314816,0.1383132243903028,7.222627652815538,5.099249841643027e-13,2.6051908042843482e-12,True
9183,Myl7,38.5302931435745,1.9302042888499729,0.1284250717543352,15.02980891879326,4.683548055892136e-51,8.87387739993951e-50,True
9187,A730071L15Rik,15.5719226844287,0.9839244411781148,0.1852270516975855,5.311991051849907,1.0843392914818576e-07,3.7910686784155786e-07,True
9189,Tmed4,24.55327635259301,0.5131291170242916,0.1353162139696384,3.792074149661216,0.0001493942899398,0.0003694297712767,True
9191,Zmiz2,20.62005280774059,-0.6913411824086741,0.1620932372251908,-4.26508344359991,1.998275055815364e-05,5.525033071320013e-05,True
9197,Tbrg4,72.97141627392939,0.8112599583256589,0.0847122052475184,9.576659655539112,1.0023431310860869e-21,7.780282590516415e-21,True
9202,Hus1,58.41960036071203,0.5325703364679976,0.0916683637749242,5.809750654823854,6.256595576723992e-09,2.4330741259895306e-08,True
9204,Abca13,29.489873955205137,0.7567153114917706,0.1300998682501278,5.8164187379261785,6.0121749016066625e-09,2.34271200265814e-08,True
9214,4930554G24Rik,28.80018240038989,1.1976644140116124,0.1470176340458023,8.146399728065878,3.749193672999025e-16,2.245407498404348e-15,True
9221,Cnrip1,17.490663057146573,0.8473175128442791,0.1613093596246959,5.252748599434385,1.498460067004776e-07,5.179891214030347e-07,True
9227,Etaa1os,44.55820124360486,2.997738351623619,0.1494064095177664,20.064322282419536,1.5133952150687868e-89,5.513803233567279e-88,True
9229,Meis1,15.279444353066964,1.111375877494562,0.193860202267563,5.73287278407281,9.87436960584049e-09,3.7761420438866945e-08,True
9232,Rab1a,165.57405307852304,-0.5485014589865823,0.058055306446816,-9.44791256056946,3.456549154169073e-21,2.6236168232686092e-20,True
9236,Aftph,17.586564667322058,0.6698160514480493,0.1680196577518006,3.986533840209962,6.704556905359092e-05,0.000174012008253,True
9244,Tmem17,41.66302614406424,-1.8697554151924545,0.1319353948886721,-14.171749868715402,1.3704258181302415e-45,2.254563189789432e-44,True
9254,Usp34,42.32302496132366,-0.5732156845752582,0.1044286497347487,-5.489065366939433,4.0406608165459356e-08,1.4709216561148065e-07,True
9257,Pus10,22.3769625392128,-1.359942216700868,0.1609876727493489,-8.44749286374393,2.976250500356285e-17,1.894056359178701e-16,True
9259,Papolg,62.842721119906265,0.6076118278417374,0.0866668944826736,7.010887276723764,2.3681147592552164e-12,1.1636299777986856e-11,True
9262,5730522E02Rik,21.88945887550113,-1.5384954219462916,0.1595822153031273,-9.640769925545342,5.378305378548752e-22,4.223430824430201e-21,True
9264,Vrk2,114.21679114049536,-0.5966175053911982,0.0681686337083307,-8.752082489197475,2.0945120745501472e-18,1.409343099643439e-17,True
9272,Prorsd1,15.227633546930308,1.3045178082681677,0.1936167801806211,6.737627839132587,1.6099327854485344e-11,7.540038712352429e-11,True
9274,Mtif2,1360.668621097318,-2.5001198214949683,0.0353382540928894,-70.74825527382306,0.0,1e-300,True
9277,Eml6,18.354459630205152,-4.31363374927813,0.3481373926704998,-12.390607386896924,2.938096073462324e-35,3.6389110575573033e-34,True
9284,Asb3,17.906521450527134,-1.827402221184609,0.1848482328644144,-9.885959918940648,4.789690684859783e-23,3.9251223381831256e-22,True
9285,Erlec1,35.1951371545085,-0.5451714368352681,0.114122303453898,-4.77708055599755,1.7785853552039127e-06,5.508039789588459e-06,True
9286,Chac2,18.73821169265374,1.1843484888557343,0.1661877890738928,7.126567453936899,1.0290282061133493e-12,5.159301969182985e-12,True
9289,Cpeb4,261.4748507838055,0.7196346098794134,0.0462097824896134,15.573209201778116,1.107103941062e-54,2.264448388455235e-53,True
9293,Nprl3,77.75814603897763,-1.851779710960488,0.1862165478867867,-9.944227470516244,2.672394337382064e-23,2.2138717277185e-22,True
9299,Gm12111,25.868720363317887,0.7325232518491959,0.1409146517853139,5.198346960862583,2.010685652502253e-07,6.863726467101192e-07,True
9302,Gm12116,211.5220057535356,-0.763443030990501,0.0520313376617232,-14.672754253483784,9.635315323375972e-49,1.7141647444069076e-47,True
9304,Gabrp,99.39897989953624,0.8016074493913918,0.0695736432647701,11.521711553048714,1.0255341067985488e-30,1.114638934722997e-29,True
9310,Pank3,37.436558255717536,0.8552934119753761,0.1537019604184444,5.564622660939982,2.6272027674883947e-08,9.703172544421765e-08,True
9315,Hmmr,81.96092294090582,-0.5261996604941204,0.0768656375937746,-6.84570735333024,7.609890450917056e-12,3.6460757316613e-11,True
9319,Gabrg2,529.3011011727518,0.5739368729722865,0.0446706027612105,12.848200774014664,8.803401137798933e-38,1.1842606084448288e-36,True
9323,Pwwp2a,36.72323477153415,-0.7748053599964552,0.1153736121383182,-6.715620198035947,1.872679841388436e-11,8.728524804424562e-11,True
9326,Rnf145,26.151726433213764,2.4108250999081307,0.1900386936746458,12.685969648031596,7.0733023185967854e-37,9.156025976877909e-36,True
9327,Gm12158,26.8210934766698,0.6894641867827743,0.1345330806494146,5.124867307390945,2.977473633616087e-07,9.978930414848242e-07,True
9328,Clint1,14.513538624512222,-0.7956121874574736,0.1917677923637969,-4.148831134000549,3.341771983215518e-05,8.9992159597279e-05,True
9331,Sox30,26.574110479618213,0.6236868461858139,0.1304686226665032,4.78035893565036,1.7498250233496353e-06,5.424736750281585e-06,True
9334,Nipal4,125.17875842249568,-0.8226184939028678,0.0622121153667488,-13.222802167285597,6.480392905375747e-40,9.176446245280248e-39,True
9341,Trim7,1071.3183898552438,0.5989618215451952,0.0309425223416952,19.357239688830724,1.7712570291261653e-83,5.945440100836541e-82,True
9342,Irgm1,37.71629993821523,0.8098970163275853,0.1124632038859789,7.201440011870026,5.957993869139937e-13,3.027117861229495e-12,True
9347,Olfr1388,21.0701950554998,-0.9328420259000068,0.1491354812823281,-6.254997254034035,3.975229054141919e-10,1.6779822761002622e-09,True
9348,Flt4,15.424976990283549,-0.8210246827000429,0.1948684589543098,-4.213225101208121,2.5174994088011757e-05,6.875844082635476e-05,True
9351,Mapk9,37.88115563317815,-0.8145040351199665,0.1129831994803038,-7.209072135206767,5.633441476401668e-13,2.8705601555743697e-12,True
9352,Rnf130,29.291276699236075,0.6723578512090099,0.1308693613631228,5.137626134992899,2.782307134897331e-07,9.355313819474048e-07,True
9354,Sqstm1,156.4256550404715,-2.178977773500146,0.0690272061090337,-31.56694144709092,1.0499592001676027e-218,1.5301405410442528e-216,True
9357,Gm26542,18.874688576597816,-0.9808342660840648,0.1568263256519567,-6.254270525095522,3.9937821403863377e-10,1.6854069032595624e-09,True
9358,Maml1,10.719287486602171,1.5826259985995232,0.2272386927925359,6.964597354220952,3.2934432634913905e-12,1.6101687389414996e-11,True
9364,Grm6,53.42094579815407,-2.515450094950993,0.1206693476303327,-20.84580835438844,1.6637491156434628e-96,6.704065560915409e-95,True
9365,Zfp454,1592.262712329738,-0.6118367739770091,0.0212168784132357,-28.83726635277916,7.318810894301921e-183,7.618533626163812e-181,True
9370,Gm12569,19.04262591728295,-1.0661814533548557,0.1642888710910516,-6.489675449555922,8.602147835084941e-11,3.8142586546644377e-10,True
9374,Rmnd5b,307.7533296510747,-0.5821260614268354,0.0429973521654356,-13.538649058831806,9.247393175233203e-42,1.3763269093487511e-40,True
9379,Sar1b,157.8963832773691,-4.965787064851909,0.1477570647335593,-33.60778094642303,1.2912561701136771e-247,2.4814821871371407e-245,True
9388,Vdac1,38.17681170165402,0.824806682858579,0.1187532949577626,6.9455477690277165,3.769946301637811e-12,1.8395318337902357e-11,True
9389,9530068E07Rik,47.53058896321759,0.692703138406885,0.1012350175218725,6.842525001363504,7.780932002442422e-12,3.7229258237678e-11,True
9394,Shroom1,43.56341729979621,-0.5302938064949269,0.1093592065979407,-4.849100711241921,1.2402244569162207e-06,3.91075465246139e-06,True
9396,Kif3a,36.93306546270467,-0.6531738841879389,0.1151951382087844,-5.670151486811007,1.4267131258321397e-08,5.386519677148631e-08,True
9400,Gm12216,78.56991450579342,0.9459613881515828,0.0888870599680941,10.642284585530598,1.8942686150271042e-26,1.7887132580774298e-25,True
9401,Slc22a5,17.685104481507377,-4.409816155070918,0.3465554921103571,-12.72470428391496,4.311038468446198e-37,5.643071911391251e-36,True
9403,Slc22a4,443.7008932862692,1.4899773257815283,0.0410695910883826,36.27933189242288,3.427213733811445e-288,8.562159110984936e-286,True
9407,Gm12224,55.09924023389408,0.5629961439053649,0.0913224456078723,6.164926269307361,7.051598943038447e-10,2.9187778062924587e-09,True
9413,Hint1,11.276048420388872,-0.607540936285651,0.1985935797478222,-3.0592174080205283,0.0022191604088392,0.0046112971993561,True
9414,Gpx3,23.1865127718468,-1.078728888355496,0.1434188007899793,-7.521530527473681,5.4138682566629474e-14,2.915852419849757e-13,True
9419,Sparc,26.975619951567108,0.5815369345901895,0.1375076576510934,4.229123995885078,2.346030228454321e-05,6.430623297054729e-05,True
9420,Atox1,27.04350198602901,-0.5266514112824867,0.1340875558554787,-3.927668066752728,8.577347957205201e-05,0.0002194917487205,True
9424,Mfap3,12.61862644363688,0.6289134314487848,0.2083499870376974,3.018543175311037,0.0025399320709434,0.0052263009832519,True
9429,Sap30l,688.9203322589192,-0.7213461216574684,0.0287199264522877,-25.116572734120208,3.278273047474136e-139,2.2307563834329843e-137,True
9431,Gm12248,16.25703215167565,-1.6499847970929171,0.1885543087899194,-8.750713827130157,2.1200737717780993e-18,1.42435075377854e-17,True
9434,Igtp,53.70254360425258,0.7780529515518898,0.0926569034407519,8.397139583338264,4.574861065429044e-17,2.8820306308437723e-16,True
9436,Zfp692,121.08201069863895,-1.544478555152298,0.067884643458288,-22.75151604944805,1.3862656625942499e-114,7.130298208073014e-113,True
9438,1700047K16Rik,23.41261128864516,-0.8376850471237335,0.1499311231290066,-5.587132475509813,2.3084962546037856e-08,8.56042885931107e-08,True
9451,Iba57,375.9415854806668,0.8901129364654741,0.0449781388963758,19.78990145670958,3.637522645455104e-87,1.2903244629557575e-85,True
9452,Guk1,70.92194680477006,-0.5339317948130143,0.0936044997269704,-5.704125297078764,1.1694203518510129e-08,4.4497004162686064e-08,True
9454,Mrpl55,76.59027925526907,-0.9081046918042844,0.0825393125233738,-11.002086933388544,3.733889884216715e-28,3.75493193186785e-27,True
9456,Arf1,45.571442526846006,0.8067536409099435,0.1123996684266217,7.177544668973992,7.097447323933195e-13,3.590400890973205e-12,True
9462,4933439C10Rik,177.05226224604257,0.8018333389977583,0.0540575373147909,14.832960930655725,8.968800393714704e-50,1.6458172223009733e-48,True
9465,Gm12264,32.61478385368323,1.2489714882416594,0.1430184858616364,8.7329374291515,2.4814238006876682e-18,1.6632862946119566e-17,True
9470,Nt5m,11.165777242224053,1.8136893241550884,0.2481618456685374,7.3084938551657155,2.701532964034057e-13,1.3994196823171677e-12,True
9471,Med9,153.30031905880648,-0.631466347827533,0.0705362019708942,-8.95237240145278,3.4792293741660364e-19,2.4202372034771534e-18,True
9473,Pemt,41.621075332485205,-1.7180181167365272,0.1267992278720866,-13.549121280688247,8.018425855141493e-42,1.197491301065025e-40,True
9477,Drc3,30.07338316941841,0.5258714062856368,0.1267790930024506,4.147934756683199,3.3548796889705954e-05,9.031732758731185e-05,True
9479,Gid4,24.152925443327103,1.340034836577433,0.1483965135280234,9.030096494311362,1.7152048593844432e-19,1.2080347394649677e-18,True
9482,Llgl1,28.383476028816485,-4.2448794328039074,0.2605889263165919,-16.289561850555245,1.1706489114234136e-59,2.6246548926888016e-58,True
9493,Mfap4,99.8118888914751,0.5231310904312932,0.072453757560091,7.22020648822007,5.190869307499981e-13,2.651224370606299e-12,True
9495,B9d1,203.49068668746168,1.2394808499909136,0.0529705222550764,23.399445525990195,4.3294867677587625e-121,2.434535839053545e-119,True
9496,Epn2,26.88569648224829,-2.0082252450803875,0.1626915751505757,-12.34375684925121,5.264105400479103e-35,6.460257911830075e-34,True
9501,A530017D24Rik,61.6164207792383,-3.2513580422353536,0.1350846676906199,-24.06903831367328,5.275918573653291e-128,3.27181787290953e-126,True
9502,Akap10,63.465273020223286,-1.423932361971576,0.1074164255126682,-13.25618828941244,4.154832084279298e-40,5.931404366520518e-39,True
9505,Zswim7,49.049019738370845,-4.647000792041675,0.2233148152719462,-20.809191662374456,3.5731865631021362e-96,1.4365031405869e-94,True
9508,Pigl,38.29303311172119,1.6564317748916952,0.1228772517353491,13.4803777875769,2.0405930073489343e-41,3.014011023016737e-40,True
9510,Gm12279,270.11935179559555,1.5713102034612527,0.0604788856630042,25.981136825449884,8.09142915390629e-149,6.099263493254879e-147,True
9512,Trpv2,13.913381161868386,-0.5353445011484537,0.1857302359330249,-2.8823766817455665,0.0039468759390932,0.0078417366988027,True
9518,Zfp286,78.59987630530107,-1.584586079825135,0.0873464811642359,-18.141384274492616,1.5019995132308428e-73,4.385136475355756e-72,True
9521,Tvp23b,290.1881488747288,1.075163277180193,0.063296410739067,16.986165007245734,1.0396855017786306e-64,2.571714293508443e-63,True
9522,Pmp22,22.1601068152154,-0.5866065943435363,0.1523689871230742,-3.8499080778801273,0.0001181621624156,0.0002966011046828,True
9527,Elac2,202.65172042151343,0.8314083535529162,0.059234147423463,14.035963877545232,9.391085506660996e-45,1.5108675560302442e-43,True
9529,Myocd,53.23247820221653,0.7582381378457865,0.0994322147219833,7.625678860375911,2.4275347037168412e-14,1.3274773889493468e-13,True
9541,Gas7,314.2025633359229,-2.1725196375814706,0.0572386859278186,-37.95544223920769,0.0,1e-300,True
9542,Usp43,85.64739636916285,0.5413413932607017,0.0786905257002934,6.879371924931532,6.01170181540157e-12,2.894621182481901e-11,True
9546,C78197,62.523491235023606,0.5419217896999537,0.0877442195356755,6.176153740584769,6.568203088169852e-10,2.726435689672783e-09,True
9552,Arhgef15,340.3244560913788,-0.805098592645698,0.0452888209361616,-17.77698284043543,1.0656250045288873e-70,2.9393769841011317e-69,True
9557,Aurkb,62.13017994860258,-0.5662990303052878,0.0910656752737505,-6.218578279938609,5.016796500772028e-10,2.101910330749909e-09,True
9559,Borcs6,369.59002415457934,-1.858886455527797,0.0489762794842797,-37.95483191254769,0.0,1e-300,True
9561,Vamp2,172.27845421385646,0.6804942698403794,0.0590801363234318,11.518156730631778,1.0687278036279951e-30,1.160864088810334e-29,True
9563,Aloxe3,84.37740038164482,-0.666394228311806,0.0751934977076065,-8.862391677843096,7.831589278379011e-19,5.375150443496551e-18,True
9569,Tmem88,45.84373036824263,0.5875735906988375,0.1022205108452202,5.74809875083218,9.02525259170867e-09,3.4620227533187366e-08,True
9573,Efnb3,22.38073600889683,0.5315789590591413,0.1463171927625029,3.6330587610574394,0.0002800812030495,0.0006672197355851,True
9577,Sat2,28.798567038578,1.0073100177495842,0.1362716084304894,7.391928732267086,1.447140906854702e-13,7.622771138275612e-13,True
9578,Fxr2,30.22323449487736,0.6563382344889088,0.1237792038828824,5.302491968763376,1.142324936890079e-07,3.988216908830845e-07,True
9579,Sox15,173.8934526315277,-0.6135665564807156,0.058943012711451,-10.409487541540544,2.244264796551161e-25,2.0283050523042222e-24,True
9585,Tnfsf13,282.29668121234187,-0.6516704857502936,0.0475282373770598,-13.71122771880515,8.697360275298283e-43,1.3226037956036206e-41,True
9588,Zbtb4,23.08854199460974,-2.1925542382230803,0.1731074896153359,-12.665854279876507,9.141969361889709e-37,1.1772810029508629e-35,True
9592,Tmem256,90.28877402459726,0.5829271969823295,0.0739569665240195,7.88197818785615,3.2223828482407964e-15,1.8332150699425845e-14,True
9597,Neurl4,15.370844692446996,0.6403795018063493,0.1699880529346031,3.767202993099242,0.0001650867635847,0.0004062816382733,True
9599,Eif5a,87.34034955392634,-0.7331544307222418,0.0834281395115675,-8.787855452782663,1.524419339912293e-18,1.0320962220823144e-17,True
9602,Elp5,773.9071588714536,-1.3077700348520809,0.0292258766122905,-44.74699090127946,0.0,1e-300,True
9608,Slc16a11,10.669551206334296,-1.2069998586979769,0.2156083460366301,-5.598112878677326,2.1669764823409866e-08,8.06299674961259e-08,True
9612,Rnasek,20.28207960635469,0.5842382662232252,0.1482731038300434,3.9402848603810328,8.138491022363178e-05,0.0002089954933907,True
9619,Tm4sf5,20.849245476931383,-0.9747523125133076,0.1608414481566424,-6.060330366859187,1.3584224697374423e-09,5.528529706950987e-09,True
9621,Pld2,67.40011093959153,1.2565092922463488,0.0983507556835592,12.775797028841666,2.238428733814361e-37,2.961092412779542e-36,True
9624,Rnf167,30.717424316716016,-0.6577701957997089,0.1217303583048969,-5.403501681578869,6.535234274679406e-08,2.3305093188334718e-07,True
9626,Gm12319,12.64322676273447,1.384698656962254,0.2124956445888595,6.516362533648133,7.203276096834255e-11,3.2143631635988116e-10,True
9631,Zfp3,248.35575099089192,1.1662526274997151,0.04908909515421,23.757875834460037,9.10965828438956e-125,5.34596322407398e-123,True
9633,Gm19967,597.0882402057839,0.5579856272694869,0.0387344173950559,14.405421968234055,4.783871395157244e-47,8.138165657442596e-46,True
9634,Nup88,68.45088031576947,0.531407920512731,0.0845888260147336,6.282247260650842,3.337135196632332e-10,1.417188448730117e-09,True
9635,Rpain,11.124134056490924,-2.498994735508779,0.2662504727635068,-9.385879054301157,6.239377799795375e-21,4.691067883182352e-20,True
9636,C1qbp,583.1851928463888,-0.8507199515936048,0.0338932021203425,-25.10001706457259,4.9711872864081885e-139,3.3696171808025746e-137,True
9638,Derl2,27.17559976803884,0.5375677770387663,0.1353226069759218,3.972490547232928,7.112505954545903e-05,0.0001838360983344,True
9639,Mis12,130.87039386778198,-2.390890520445059,0.0818325124460213,-29.216877851845823,1.1838013212802046e-187,1.327071635035142e-185,True
9643,Gm43951,44.15225876107232,0.7219706151148484,0.1105586290502705,6.530205930706424,6.567932320527693e-11,2.9390992943036933e-10,True
9644,Txndc17,17.35307624908262,0.900054006610926,0.1639799899228101,5.488803890246646,4.0466459441978864e-08,1.4727938454137906e-07,True
9646,4930563E22Rik,75.26396990234109,-4.584250274566044,0.1836138886891218,-24.96679476315473,1.4032646393809872e-137,9.402410733139732e-136,True
9650,Mybbp1a,51.98800163423071,1.6404090830362932,0.1154143534509871,14.213215548904175,7.586059597787461e-46,1.2551088954220158e-44,True
9653,Cyb5d2,26.84538295869168,-1.827373919277824,0.1594768547036803,-11.458552544651187,2.130454716006392e-30,2.2857295750625627e-29,True
9661,Emc6,25.616920714453773,0.5411928767744697,0.1366026709591325,3.961803037777927,7.438589341475518e-05,0.0001919522656097,True
9664,Shpk,136.95541995111225,0.801916577248808,0.0623591479743102,12.859646151342057,7.59234256829646e-38,1.0229190048872764e-36,True
9667,Rap1gap2,426.6166246619683,-0.5226846708879619,0.0399646135693371,-13.078686973442723,4.359048270982055e-39,6.054887701583335e-38,True
9668,Ccdc92b,36.430998435053695,-2.1174494606759926,0.1415541320783267,-14.958584603551776,1.3690691360376966e-50,2.5634133887609456e-49,True
9669,Cluh,135.8520896497096,-0.8978147779256819,0.0833813398348333,-10.767574372205177,4.8973360837515346e-27,4.739602292896892e-26,True
9672,Mnt,60.83231039571475,1.654908482812672,0.0975362772740922,16.967107306772835,1.4384538737557186e-64,3.5430537104563387e-63,True
9673,Sgsm2,1145.7705749682648,-1.3079842796945351,0.0279390426924835,-46.81564411820105,0.0,1e-300,True
9677,Ovca2,97.1414571982658,-2.7515497203598525,0.0957403310883252,-28.73971386020601,1.217801420082324e-181,1.2527594843764518e-179,True
9681,Smyd4,18.392532212321026,-4.726104936389612,0.3731442118164968,-12.665625746631692,9.168632947659176e-37,1.1798458645229114e-35,True
9687,Scarf1,979.4732641435704,-0.7272871511504019,0.0408200488701506,-17.81691034873369,5.22434426123472e-71,1.4502116260392505e-69,True
9688,Slc43a2,16.63051602317425,-3.564444348162229,0.2844058315597946,-12.532950989835197,4.929375832060292e-36,6.215207249536437e-35,True
9695,Rph3al,16.51100509451309,-1.356338297742783,0.185204566631233,-7.32346033585356,2.416570444489196e-13,1.256645374166728e-12,True
9703,Blmh,31.52834238020704,1.8545098167739376,0.1479603478771997,12.533829795487476,4.875041942806969e-36,6.155576425690127e-35,True
9704,Nsrp1,80.4880452784166,-0.5754521814627422,0.0779519265992232,-7.382141873430952,1.5576307834237833e-13,8.197365976682253e-13,True
9708,Git1,26.311918627217395,1.5413568529456596,0.1633835198693195,9.433979964310332,3.948169273204921e-21,2.9876929575857923e-20,True
9712,Nufip2,16.42156681018173,2.0423021764856397,0.1997778432522429,10.222866276051407,1.5663944767449535e-24,1.3703405007161453e-23,True
9715,Pipox,27.763198719579453,-0.8922830907843824,0.1821563952099149,-4.898445040900845,9.659804881177387e-07,3.081639762141769e-06,True
9726,Rpl23a,74.70646670483073,0.6926572734820773,0.0829861050948722,8.346665657946113,7.021712905756217e-17,4.38869604345478e-16,True
9727,Rab34,105.13805294176328,0.74390460695653,0.0681363942091023,10.917874589511984,9.468561254240928e-28,9.360440882654911e-27,True
9731,2610507B11Rik,64.2346067148158,1.7878971322288344,0.1057663220185657,16.904219586221352,4.188329594949076e-64,1.0158877663865388e-62,True
9732,Rskr,218.15896166516703,0.5543569778318066,0.0565997184429912,9.79434161656068,1.1907058663249677e-22,9.600306219590148e-22,True
9736,Unc119,116.3214989380939,0.8303002128866585,0.0770529876076394,10.775704338871575,4.483374760617716e-27,4.348599989666257e-26,True
9737,Slc46a1,152.88503001714793,0.6568664128790562,0.0580855416872517,11.30860440995458,1.189666869502165e-29,1.248793170099271e-28,True
9743,Tmem97,150.39627422397402,0.8001433960682256,0.0639278789582319,12.516345123713691,6.07695937765329e-36,7.645601841467677e-35,True
9746,Lgals9,42.14404829276301,-0.6017985470841872,0.1033770581831398,-5.821393621184869,5.835894536465975e-09,2.2775747300539383e-08,True
9750,Omg,118.68020461776592,0.7299819086283504,0.0687934048652763,10.611219346650062,2.642773899248335e-26,2.4807745544849644e-25,True
9754,Suz12,135.28648207449655,2.0569774102972453,0.0740432141103196,27.78076877149717,7.40741946147882e-170,6.854018600123894e-168,True
9756,Atad5,76.0249963860047,-1.8987861309744285,0.1109434792653231,-17.114896193524366,1.149203829254591e-65,2.9000399085143278e-64,True
9758,Adap2,31.758161974338705,-1.6763904660749032,0.1380877339999428,-12.140038926814436,6.4795204825592895e-34,7.724189106952752e-33,True
9776,Fndc8,10.386988692806025,0.957159054046307,0.2199494440237402,4.3517229984132,1.3507184528555044e-05,3.808668865452607e-05,True
9784,Pex12,30.374383093667596,-0.9589188243786652,0.1389368255234901,-6.901833410729109,5.133561689929269e-12,2.4868622391546557e-11,True
9790,Synrg,179.94531589403948,-0.5955388266063726,0.0546588676773892,-10.895557334290135,1.2102331106345307e-27,1.1937144184307203e-26,True
9791,Dusp14,43.1591375283049,1.0379274515269523,0.1252735960438125,8.28528504253963,1.1782654222789877e-16,7.270820643900824e-16,True
9799,4930502E09Rik,34.2118600575706,-1.2404885437248123,0.1342308611612186,-9.24145560114464,2.4316638975583983e-20,1.7882648545206589e-19,True
9800,Ggnbp2,68.12590732897199,-0.956073297817744,0.1159084286851381,-8.248522636907525,1.6036464499189572e-16,9.802365996568589e-16,True
9811,Brip1,24.517213331838622,0.954357882221114,0.1547389901546834,6.167533349332954,6.936348691738696e-10,2.8758384523737873e-09,True
9817,Tubd1,138.40164118768544,-0.5598714380777643,0.061661313981807,-9.07978442111942,1.0879011199116601e-19,7.743270160771311e-19,True
9819,Ptrh2,35.94497180855911,-1.1799847526112166,0.1220685903843287,-9.666571465239956,4.181523088006872e-22,3.2954698406067677e-21,True
9823,Gdpd1,72.92007318617996,-0.8814919066733986,0.104628606094495,-8.424960816903953,3.6087099233970735e-17,2.2859228268480843e-16,True
9824,Smg8,64.60670662171164,-0.5462509632583588,0.0874398393939493,-6.247163387358167,4.1797377641532316e-10,1.7600590902844142e-09,True
9826,Ska2,43.76943757893185,-0.5072190549780043,0.1247609205986537,-4.065528312424761,4.7923775701868e-05,0.0001267338559616,True
9829,Ppm1e,114.80552749539504,1.7332552751131036,0.0770881645912312,22.484064633058605,5.944001796849793e-112,2.9281324907974413e-110,True
9833,Hsf5,186.2221025143865,-1.7574615938546498,0.0609044234303602,-28.856058310184643,4.253374773370666e-183,4.508061699194315e-181,True
9834,Rnf43,15.699432115970966,0.5034243696524006,0.1787617420995012,2.8161751152111045,0.0048599168836847,0.0095071594894241,True
9835,Supt4a,97.37942393662382,-0.697072939433221,0.0765152128628005,-9.110252894194296,8.219016035690903e-20,5.89557639180322e-19,True
9836,Mir142hg,25.319364392511645,0.6937414516946266,0.1463523193444346,4.740214947068469,2.1349161207043546e-06,6.574293558527515e-06,True
9838,Mks1,750.0202520023785,0.5893281880021851,0.0391207983837531,15.06431904127326,2.7801538819803375e-51,5.296223430073219e-50,True
9844,Cuedc1,69.90428935691948,0.9284190598884255,0.0831821898258079,11.161272164541844,6.30823508077982e-29,6.466495609183908e-28,True
9847,C030037D09Rik,23.44321530964585,0.5725709075615845,0.1400109609028687,4.089472023256807,4.323562105851192e-05,0.0001148396933583,True
9849,4930556N13Rik,391.9458498449779,-0.6101142238188106,0.0434515852817418,-14.041241990661678,8.717140896504348e-45,1.4050263594291982e-43,True
9853,Coil,766.0352771209208,-0.5293113758904053,0.0327838781727417,-16.145477758958474,1.2219866703107071e-58,2.681317803060683e-57,True
9854,Trim25,34.877720968962095,-0.5979441705754777,0.1212324846291176,-4.932210804758704,8.13041016308371e-07,2.6103288586746453e-06,True
9859,Gm45716,46.229262646669184,-0.7859043410698906,0.101577359731924,-7.737003040283734,1.0178762590120768e-14,5.654580691741805e-14,True
9866,Utp18,229.2188228222261,0.5285006932153111,0.048056389472201,10.997511444779471,3.9282316548249618e-28,3.9480985735390186e-27,True
9871,B230206L02Rik,37.90908006560682,1.7133195175242104,0.1253841495600749,13.664562255560956,1.6529477777349356e-42,2.502748981560914e-41,True
9876,Cacna1g,207.01749188091975,-1.4284916705636337,0.0671076596919247,-21.286566647108508,1.5120813069625602e-100,6.356557186577224e-99,True
9878,Rsad1,19.528396546654253,0.5036710485437197,0.1587294192115348,3.17314238939216,0.0015079854747558,0.0032207681952284,True
9880,Lrrc59,17.620408564349336,-0.5517592039546244,0.1613064821900302,-3.420564359618318,0.0006249134730092,0.0014187312496412,True
9885,Col1a1,54.143677086884566,1.680724900953375,0.10873394306556,15.457223876632511,6.744313729300551e-54,1.3619464029793074e-52,True
9886,Ppp1r9b,91.46842100364375,-1.1880083168569595,0.0858636603061469,-13.835985009503622,1.5460403514062794e-43,2.4140315772672333e-42,True
9888,Pdk2,24.817837353839888,-0.771045507227179,0.1485692957696883,-5.189803877259077,2.105156905611654e-07,7.168026473001675e-07,True
9890,Dlx3,1047.6719825765942,0.6845877459521174,0.0302616113632139,22.62231636429987,2.6139013944220327e-113,1.3249828285696381e-111,True
9891,Dlx4os,23.53197237966657,1.058449985843169,0.1449893488977049,7.300191316742462,2.873588311901581e-13,1.4867843904891964e-12,True
9897,Nxph3,24.93707972282268,-3.0810677793502665,0.2060823832343954,-14.950660658101471,1.5421166026947226e-50,2.884335309938536e-49,True
9899,Phb,1066.7926192590996,0.5120408374482297,0.0380451162724784,13.458779670457629,2.7339412812506714e-41,4.027899336690121e-40,True
9900,Zfp652os,46.92553657207156,-0.7732306973383261,0.1005435317659929,-7.690506626900265,1.465535378070587e-14,8.095161936733553e-14,True
9913,Gm53,99.68067741722253,0.7365795967260962,0.068452492081556,10.760449683095787,5.29113393687043e-27,5.103770010369007e-26,True
9915,Hoxb4,141.6037351465849,-1.2308158890293928,0.1203755048458653,-10.224803547909431,1.5353895028711738e-24,1.3452350514133812e-23,True
9918,Hoxb2,52.78123493449417,0.775242683959057,0.0936548593429727,8.27765573935728,1.2562378000040515e-16,7.743773932488846e-16,True
9920,Snx11,279.9307626184011,-3.4333875664464784,0.1233952190253853,-27.824315995096605,2.203829041142741e-170,2.0500299080587372e-168,True
9922,Nfe2l1,45.64381662048525,-1.1504687703224614,0.1153422378897069,-9.97439265416861,1.9730484206100874e-23,1.6430795609347238e-22,True
9923,Copz2,63.30785439529455,-0.7610720876133128,0.0921963574686742,-8.254904081995905,1.5202428175192796e-16,9.315349121505662e-16,True
9927,Pnpo,71.00498494635356,-1.3146583915759484,0.1145551310638076,-11.47620695264779,1.7373633988901063e-30,1.8697237612178568e-29,True
9929,Sp6,316.18862319488136,-0.562626194311189,0.0402388462458471,-13.982165166310022,2.0030029336606541e-44,3.196032418235175e-43,True
9933,Gm11574,88.34759427545806,1.1023528232144102,0.0877429438758309,12.563435582631008,3.354444995774389e-36,4.253990869188e-35,True
9936,Kpnb1,56.709181525988754,1.361979480996293,0.0984141177471952,13.839269326123784,1.4770029064811037e-43,2.3082955164022825e-42,True
9937,Gm11583,104.15597493901298,0.8428212281547197,0.0688276657872756,12.245384446998557,1.778324046117017e-34,2.152202831729716e-33,True
9938,Npepps,14.704526192976315,0.6324513243458397,0.2032187286915824,3.1121704599662543,0.0018571722984002,0.0039073904180009,True
9944,Srcin1,30.010945040375148,0.5627119460425258,0.1326893903050845,4.240820948447476,2.2270374179268064e-05,6.121727501525305e-05,True
9948,Mllt6,43.40127784605741,1.6560108393979924,0.1203920123024826,13.755155410454442,4.742604981343233e-43,7.288108604018494e-42,True
9949,Cisd3,23.265695646196654,0.5651874772641846,0.1387793126906047,4.072562879196672,4.649864136686605e-05,0.0001231326832561,True
9951,Psmb3,66.63246007539033,-2.965467920443924,0.385832178016356,-7.685900993768886,1.5192396494571044e-14,8.38517387566986e-14,True
9958,Arl5c,125.65558867747076,-4.049842048352912,0.1243689386524923,-32.56313105371791,1.3648938323781495e-232,2.2732631752980073e-230,True
9961,Fbxl20,41.23872899660946,0.7468895894056448,0.1223613742766504,6.10396535525157,1.034687230763286e-09,4.238606299271105e-09,True
9965,Erbb2,104.64141113941672,-1.6929893144927866,0.2624152400829062,-6.451566280822378,1.1070001461805423e-10,4.864125265428472e-10,True
9966,Grb7,596.7487493009531,-4.560257171073205,0.0677167986532493,-67.34307087410404,0.0,1e-300,True
9973,Gm12359,35.87903379758799,0.7522021887451723,0.1130926495515361,6.651203165970527,2.907066627057442e-11,1.3385671715108095e-10,True
9976,Wipf2,16.192989583962415,-1.9168952237877697,0.216557149163553,-8.851682944625626,8.620931583739116e-19,5.905321250937315e-18,True
9978,Rara,147.5356180221035,0.6406927995982863,0.0576869556555481,11.106372182714876,1.1680922724330079e-28,1.191808498267704e-27,True
9980,Igfbp4,1779.1456510538544,-1.744874819303854,0.0283600489414087,-61.52580423640066,0.0,1e-300,True
9985,Gm11940,16.421803959430164,-0.7883747601454856,0.1733839382308796,-4.546988424589126,5.44189899779832e-06,1.6024234664673687e-05,True
9986,Krt12,14.575223127202207,0.9755986789616083,0.184298223216208,5.29358700228538,1.1994013923571117e-07,4.176649054070324e-07,True
9992,Gast,11.227798890508517,-0.7712468727248647,0.2010210203026246,-3.836647886692648,0.0001247251005668,0.0003118662508884,True
9993,Hap1,59.27318987888395,0.6588779752518632,0.0913618733069828,7.211738895041949,5.524182574811606e-13,2.816527838726104e-12,True
9995,P3h4,17.06356533040677,-0.843871551127321,0.1634976561207488,-5.16136788226549,2.451518772643857e-07,8.294091757785988e-07,True
10003,Dnajc7,18.016490053957884,0.6417627073781867,0.1624330163958648,3.95093757179359,7.784563019397999e-05,0.0002002595441059,True
10007,Kcnh4,180.09606476577892,0.5570384557915425,0.0574333170709852,9.69887313147987,3.0484678472888697e-22,2.4177598962987647e-21,True
10009,Stat5b,611.4402137533941,-0.5454196879361997,0.0515343630627926,-10.583611701412243,3.5500420578150244e-26,3.3128674230026223e-25,True
10010,Stat5a,38.11483390207278,0.6038437053423017,0.11144526908274,5.4182982401342805,6.016898747719146e-08,2.1531312727667778e-07,True
10017,Mlx,81.81102035341584,-4.477521273370156,0.1683322802256793,-26.599302684946963,6.915311900100222e-156,5.624882535300125e-154,True
10020,Tubg1,30.658469847178555,-2.9313991738515037,0.1813527722434569,-16.16407148116958,9.038952882841204e-59,1.9983970671950317e-57,True
10022,Plekhh3,64.17316009428008,1.3418605091090443,0.1113951717011706,12.045948568657238,2.037193630392938e-33,2.3958602695569398e-32,True
10031,Aoc2,27.602637121135817,0.6745266191678962,0.1261045436830921,5.3489477814774045,8.846706019397553e-08,3.117291857086932e-07,True
10037,Rpl27,77.30321775899486,0.7831593224536144,0.0803408621099239,9.74795766296459,1.8821660861948968e-22,1.50711174520954e-21,True
10043,Tmem106a,11.527152431404728,0.7718938150908244,0.1977753798011733,3.902881217403407,9.505435795325889e-05,0.0002417906344562,True
10045,Rdm1,172.1717872165298,0.9401578659567168,0.0877621519875851,10.71256623344551,8.886375597360892e-27,8.50601732056088e-26,True
10047,Dhx8,31.464074305858784,0.6626299268411863,0.1247929424328567,5.309834946777587,1.097245577896345e-07,3.834658406525037e-07,True
10055,Hdac5,54.34446916113823,1.5302138254998556,0.1013225827217189,15.102396567432216,1.5615307246401853e-51,2.994303652687233e-50,True
10061,Rundc3a,488.0409315818813,0.6630751175372633,0.0351912771421629,18.84203050825992,3.4160569785987626e-79,1.0706093985974044e-77,True
10063,Grn,604.4312485445369,1.2738525008509314,0.0344222890543136,37.00661797479439,8.962273626848423e-300,2.4112652490203877e-297,True
10073,Eftud2,12.985120672896038,1.3758090760305004,0.2160897648650842,6.366840543741104,1.9296159361560374e-10,8.354821364569641e-10,True
10074,Ccdc103,21.863003908858605,-1.5979939430681271,0.1690520847177182,-9.452672208902031,3.302889570132693e-21,2.5102534898948515e-20,True
10080,Plcd3,48.16893639817596,0.8307251047982026,0.1002753004955435,8.28444393278205,1.1866220020120498e-16,7.317223403098281e-16,True
10084,1700023F06Rik,18.107544838550577,1.6295993817654706,0.188522509764232,8.644057326647427,5.4251313814242086e-18,3.578826767195268e-17,True
10086,Arhgap27os2,192.21483379626,0.5169722519983125,0.0640455603810435,8.071945173444501,6.918694443540714e-16,4.0793704797248806e-15,True
10088,Lrrc37a,40.9638386712524,-2.1032172733610617,0.1464275725154032,-14.363533023398416,8.764288349782041e-47,1.4823005286362503e-45,True
10094,Arf2,44.44466854951809,-0.5040290766123152,0.1000710793607236,-5.036710704353001,4.735997307549326e-07,1.553904707587666e-06,True
10096,Gm11659,420.0298321047819,0.975140937134212,0.039004880453559,25.00048521608105,6.039565903812967e-138,4.062304943303122e-136,True
10101,Mettl2,240.74404109955617,0.5013871647589706,0.0511421828311686,9.803788907762456,1.0843998285862792e-22,8.755302032463919e-22,True
10105,Tanc2,48.32645130968725,-0.5527649733450534,0.1025972330762774,-5.38771813596661,7.13578434338905e-08,2.5363942397802385e-07,True
10112,Strada,22.39135032099051,-0.9933496134025436,0.1476267878594136,-6.7287897258085705,1.7108007258040946e-11,7.99745605262283e-11,True
10115,Psmc5,1835.2249866878856,-4.054994388168166,0.0514022365081767,-78.88750886399897,0.0,1e-300,True
10117,Tcam1,26.08912769440619,0.8582077011175716,0.1460817233461266,5.874846500024719,4.2323533531469594e-09,1.6666380418787218e-08,True
10119,Ern1,20.89893601565938,-1.318054049727705,0.1578021890201732,-8.352571392778374,6.679266826765778e-17,4.183632459401144e-16,True
10126,Smurf2,12.537829005731874,-1.2201784157259876,0.1972582514036094,-6.185690114576676,6.183136629658844e-10,2.574540318558901e-09,True
10141,Cep112,19.337718358357787,1.4307395814930228,0.1772530198326524,8.071736001134472,6.930560335967447e-16,4.084989523269252e-15,True
10144,Gm11696,11.799620304633132,0.7343542228937529,0.2117440311198822,3.468122425977556,0.0005241084599743,0.0012018894240795,True
10145,Gna13,62.54850222336106,-0.502677366052887,0.0866954986115464,-5.798194532627537,6.703266786428978e-09,2.598686090912657e-08,True
10147,Slc16a6,364.7500235753136,-2.51778079116145,0.0632892780698547,-39.78210635271397,0.0,1e-300,True
10152,Abca5,215.31624824669225,0.5386252971679619,0.0531771827497447,10.12887989389674,4.113342161874258e-24,3.554057694014676e-23,True
10156,Cog1,10.13283224394884,1.4757636368185147,0.2366795928877934,6.235280443118535,4.509694479131167e-10,1.8948951718175358e-09,True
10159,Cpsf4l,52.39667199033696,0.60231369896996,0.0931617962514934,6.465243514025789,1.0113580935131142e-10,4.45619308121878e-10,True
10166,Rab37,116.87821036003612,0.6248291528213177,0.078906147439029,7.918637179747304,2.4012791810506945e-15,1.3768383710890015e-14,True
10167,Slc9a3r1,36.30496810119627,0.700813196093725,0.1133166980030382,6.18455363105387,6.227843811553234e-10,2.5917736718662395e-09,True
10169,Tmem104,28.858086895288874,1.2208768879278629,0.1358930570549997,8.984100544840487,2.608591575622469e-19,1.8247619789794293e-18,True
10171,Fads6,213.6978505972123,-1.1590983244813362,0.0554583884102116,-20.90032468862565,5.318203886157556e-97,2.162901152584264e-95,True
10173,Cdr2l,62.25333407490498,-1.2471951015288143,0.0958788066664706,-13.008037384814113,1.1013442447008111e-38,1.514175169129543e-37,True
10174,Mrpl58,17.4112476109776,-1.2208192791334926,0.1756203140830279,-6.951469626436988,3.6150025064361906e-12,1.7649124464700194e-11,True
10175,Atp5h,15.111453404521349,0.5042834634773251,0.1731955147381626,2.9116427422482727,0.0035953359080431,0.0071956093339274,True
10178,Nt5c,14.8034602947817,-1.4248698017646275,0.2012994928706504,-7.078357632426875,1.4587287728430133e-12,7.24928922406326e-12,True
10187,Tmem94,729.4559025450762,1.840086032544896,0.0442835565501164,41.55235432507414,0.0,1e-300,True
10189,Tsen54,66.53781197264111,-3.8829706715263343,0.1667260794375171,-23.28952185900545,5.661375093176805e-120,3.123221691781577e-118,True
10195,Sap30bpos,30.74277826317289,0.544230631016136,0.1275466594779118,4.266914031648037,1.9819548958376923e-05,5.48164276742204e-05,True
10202,Trim47,94.90500899254116,1.8512554911537409,0.0812680048753435,22.779635035871376,7.299627421630218e-115,3.7656603052940786e-113,True
10203,Mrpl38,501.5255100235884,0.7249204983821519,0.0424719892046841,17.06820217175518,2.559613201505973e-65,6.412967860735882e-64,True
10221,Mxra7,30.50218267483994,0.5115063349269181,0.1225141539095596,4.175079520236606,2.978819818336509e-05,8.063382728997039e-05,True
10234,Tk1,43.42400442936663,-0.5962642771098886,0.1050728884444735,-5.674768115135507,1.3887664608889398e-08,5.2500535815014654e-08,True
10241,Timp2,106.43100500042284,0.8391236735336944,0.0677862117576654,12.37897282906954,3.396620236502757e-35,4.189005267698182e-34,True
10246,Cbx2,21.800383139333714,0.9486704312509842,0.1468397096370715,6.460585039262978,1.042989612455276e-10,4.5909394267852677e-10,True
10247,Cbx8,430.2706715878207,-0.6746859580528574,0.0529063659723058,-12.752453237971896,3.020868274223637e-37,3.981080963046192e-36,True
10250,Ccdc40,18.987069709085727,1.451277116318219,0.1664999551180492,8.716381426585109,2.8723449041509226e-18,1.920166960389577e-17,True
10251,Gaa,48.60281400898714,1.0124784017167106,0.1014945540968584,9.975691905109317,1.9473937313257106e-23,1.622487926318439e-22,True
10252,Eif4a3,29.07368527109089,1.3878298156779925,0.1347868812347686,10.296475465299205,7.309034060393647e-25,6.4784788468405534e-24,True
10255,Rnf213,559.655313753625,0.5899827859774852,0.0440533218570491,13.392469877571331,6.691783117674649e-41,9.719759398828427e-40,True
10264,Cep131,21.396590122411776,0.8380451552179731,0.1662386959256496,5.041215888704935,4.625832423912197e-07,1.5188989378403395e-06,True
10270,2900052L18Rik,16.64079735273537,1.1896384680259111,0.1795821739307645,6.624479713028533,3.484733694285894e-11,1.5923967297013774e-10,True
10273,Actg1,10.422100892679603,-3.2336172105126417,0.339393789541525,-9.527626344845082,1.6092045956932046e-21,1.2391796551951899e-20,True
10277,Oxld1,51.16727137196957,0.7284024518183236,0.1002770077098008,7.263902946987631,3.7607789063534313e-13,1.9355062246706536e-12,True
10280,Hgs,100.43218926420808,0.5222421780689166,0.0715504558388427,7.298935722299142,2.9005283510295653e-13,1.499835594405826e-12,True
10282,Slc25a10,25.89999666401064,1.9111603646919104,0.1596203213932664,11.973164494408367,4.9118807195175405e-33,5.684908671272188e-32,True
10284,P4hb,45.37824727489696,0.6090626511675827,0.1052225084295675,5.788330465199553,7.108944851630849e-09,2.749253152705004e-08,True
10294,Cenpx,57.03722891075251,1.1951329026370618,0.0964958035764828,12.385335510365447,3.1376992986511964e-35,3.880628382942866e-34,True
10297,Dcxr,16.327385444575878,-0.5299790562370073,0.1706149869287225,-3.1062866502953552,0.0018945296521554,0.0039807202399249,True
10298,Hmga1b,107.53526900232974,1.499961565331796,0.0864699243586278,17.34662747142941,2.0916920300226336e-67,5.44337949717795e-66,True
10301,Fasn,15.062723462331263,0.6787474625730947,0.1976523302324672,3.434047358686797,0.0005946402933136,0.0013535167837392,True
10305,Tex19.1,51.13833529801504,-0.5606398563971237,0.097432207280707,-5.754153293293377,8.707711565895046e-09,3.3438836158184574e-08,True
10308,Foxk2,121.67764058675029,0.7967374263178235,0.070899703774621,11.237528281507712,2.6674652413087865e-29,2.7651826994669858e-28,True
10310,Fn3krp,39.13681170788639,-4.96763301704526,0.2781113656887714,-17.862028057510006,2.330166833232748e-71,6.530441919803573e-70,True
10312,Zfp750,33.381642510519434,0.6702336672253586,0.1201623903237165,5.577732478687835,2.436740115021367e-08,9.026416253228908e-08,True
10313,B3gntl1,34.265829524579594,-1.0220603133509591,0.1191993119689981,-8.574380979789385,9.96211461385668e-18,6.45728170374817e-17,True
10316,Rab10,302.36133548546064,0.535336709366858,0.0509504865199631,10.506998969619366,8.020526621881349e-26,7.359022537432373e-25,True
10319,1110002L01Rik,296.5635148642121,-1.231460134016093,0.0453127210975836,-27.17691862653915,1.217528853381296e-162,1.0808195222300562e-160,True
10324,Efr3b,34.1935689019919,1.3838217646826472,0.1370991088672378,10.093586866583454,5.897433333767881e-24,5.0556036343594477e-23,True
10325,Adcy3,25.34468640447293,-0.545437605761973,0.1502076624454455,-3.6312235799559978,0.0002820806768887,0.0006715255754738,True
10340,Ubxn2a,18.31756128127267,0.6026243010433225,0.1618576846265623,3.723173863716733,0.0001967339438764,0.000478975805445,True
10341,Atad2b,46.334064401862776,-0.7067450589562273,0.1049310898173304,-6.7353256331042255,1.6356320627012993e-11,7.652202651824591e-11,True
10342,Klhl29,11.203926176561046,1.8190672789266151,0.2271255000512127,8.009084310288575,1.155656656259034e-15,6.752463616658199e-15,True
10346,Ldah,37.88405578167284,-0.9819214901251838,0.1417659663013181,-6.9263555685724105,4.318203118940237e-12,2.1006046215306495e-11,True
10347,Hs1bp3,49.26918887494035,-1.0575407413477014,0.1008037967699053,-10.491080447710152,9.493649739367834e-26,8.683313108894597e-25,True
10348,Rhob,27.623137011251742,0.8168825663782845,0.1321515828434086,6.181405843214447,6.353324976300853e-10,2.641001834693352e-09,True
10349,5033421B08Rik,53.701225816336205,-0.8243883644567633,0.1020201214675515,-8.080644804162164,6.442520664810666e-16,3.8063108576421925e-15,True
10350,Pum2,40.51252821446625,1.6516757247724685,0.1209409293460075,13.656879715609628,1.8368750228317974e-42,2.7764278651065225e-41,True
10353,Matn3,53.55155797748671,-0.6052354050696079,0.0943956808648897,-6.411685360222066,1.439196316696361e-10,6.278040705010218e-10,True
10355,Ttc32,48.61091518729979,-1.5480384561031535,0.1110744901237175,-13.936939565321527,3.777959318415303e-44,5.984506572504241e-43,True
10356,Kcns3,192.87090201116064,-0.5775814294069662,0.0522733266994875,-11.04925716182951,2.2103624698184877e-28,2.2369686847329696e-27,True
10358,Smc6,189.08966628126203,1.438277823721107,0.0552173572792603,26.04756718882896,1.4334962655565313e-149,1.0947154013996777e-147,True
10362,Mycn,21.233170831307355,1.240890662539884,0.1586947520447643,7.819355375972707,5.3094522576694784e-15,3.002965752979425e-14,True
10364,Nbas,97.42082424384336,0.91051702566993,0.078341970066663,11.62234016958151,3.173233408068352e-31,3.487963912023843e-30,True
10368,Pqlc3,127.32694122636627,-0.5319848305692636,0.0647216583618745,-8.21957972082246,2.0421757309669995e-16,1.2422111020226397e-15,True
10377,Gm49692,71.20390891853988,-4.163212561342008,0.1669914522663498,-24.93069258839501,3.4588900847230227e-137,2.308743122199856e-135,True
10378,Gm10479,59.52587813399742,0.8437383955614429,0.0955578927089251,8.829604459063559,1.0504653996361456e-18,7.162003473230766e-18,True
10379,Gm49698,12.577028748982007,1.4026236959208451,0.2104224251122627,6.665751975686668,2.6331361787597556e-11,1.2146738457966394e-10,True
10380,Gm48693,56.23411775114301,0.5132159887923377,0.0906928313436208,5.658837431680165,1.5240183053120392e-08,5.739025005016567e-08,True
10385,Cpsf3,14.85039927387776,0.75408364991881,0.1802265753065122,4.184086884169753,2.8631459940778027e-05,7.762898782082576e-05,True
10393,Taf1b,29.04998518441846,0.573704874479338,0.1239046800665842,4.6302114994448855,3.652924198214589e-06,1.0961279749206716e-05,True
10395,Klf11,150.3705124587339,-0.5959721614684991,0.0636660110762048,-9.360915681605247,7.904860772135738e-21,5.922887968428012e-20,True
10397,2900060N12Rik,339.3427989668494,-0.6702399947871913,0.0917144370816617,-7.307900654620119,2.713482821102743e-13,1.4051935912183825e-12,True
10398,Mboat2,43.21238603242176,0.639326847146139,0.10299974650116,6.207072044967977,5.398085566236216e-10,2.2584143632138513e-09,True
10409,Adi1,47.1320711743415,-1.1435473609064204,0.2040109001919429,-5.605324812696371,2.0786477569451173e-08,7.744224962389477e-08,True
10412,Gm31508,92.99042026872507,0.802674251970104,0.0738437124430152,10.869906528460676,1.6036505724377671e-27,1.5746570022903802e-26,True
10414,Sntg2,500.9827082725574,-0.5014931788366912,0.0392663511664974,-12.771575762419507,2.363212279793996e-37,3.1214393012868125e-36,True
10416,Alkal2,344.8595209983808,-1.1575746426851032,0.0404480972595484,-28.61876629837853,3.9249485876065726e-180,3.96760120809617e-178,True
10418,Sh3yl1,111.75195520146508,1.0467105415973157,0.0702365527938696,14.90264684072984,3.167776501858814e-50,5.8871493586086014e-49,True
10419,Fam110c,231.39220041186425,-0.7248357385513609,0.0583553072413111,-12.42107655356893,2.0084052561419784e-35,2.494530619276343e-34,True
10422,Cbll1,25.99838099940463,-0.5304100904412218,0.1385756465887462,-3.82758517458216,0.000129406610213,0.0003230639256825,True
10426,Gm40375,13.818782479675034,1.2829676638931256,0.2039125191665415,6.291755254346533,3.1389612482617795e-10,1.335949240924848e-09,True
10427,Nampt,178.7735340009499,-2.0807731552968214,0.0764296239020174,-27.224694419069312,3.31386964366139e-163,2.956783282058693e-161,True
10428,4933406C10Rik,43.247029109133365,0.941827303312634,0.10689194509315,8.811022219605851,1.2400978148675488e-18,8.428616628994828e-18,True
10429,Sypl,190.31303518668923,2.255817908575112,0.0644367607600948,35.008245013646345,1.6854055412237261e-268,3.684296513115066e-266,True
10431,Gm16267,115.203917622758,1.4561020390647317,0.075377183535206,19.31754372839676,3.824194245134073e-83,1.2762883389103943e-81,True
10432,Atxn7l1,123.9187780451641,-5.3897445085595805,0.2387333258980738,-22.57642282779032,7.389290744114412e-113,3.7240321767456165e-111,True
10433,Atxn7l1os1,29.01140695227051,-1.0104831130088707,0.1307899265877371,-7.726001071886935,1.1097769497850643e-14,6.151435593610526e-14,True
10437,Twist1,14.9657644301368,0.8263078053682236,0.1750635428038291,4.720045031272781,2.3579243795019364e-06,7.2279371689272334e-06,True
10438,Hdac9,142.0684700157699,-0.7602027250828595,0.0621259492717056,-12.236476609124148,1.9846248491180132e-34,2.400215723469973e-33,True
10443,Bzw2,21.70950714530853,-0.6717883861755283,0.1495994526464552,-4.490580508761281,7.1029320445030605e-06,2.0654485466290244e-05,True
10446,Dgkb,39.65816712023452,-2.9285230388836423,0.1640145987989809,-17.855258375340657,2.630605204417051e-71,7.348885593425781e-70,True
10448,Etv1,220.20895818470828,-0.6271075548152387,0.0488746671553288,-12.83093249151396,1.1003181830291973e-37,1.4745106808287053e-36,True
10450,Lsmem1,143.89067628715756,-0.7518284050700359,0.0656222334019824,-11.456915836200777,2.1710895944167656e-30,2.3278979047921767e-29,True
10452,Ifrd1,10.697440624107005,-0.7778761527246268,0.2101687191966578,-3.701198521349684,0.000214583505073,0.0005196837469488,True
10453,Gm7008,11.16465967469886,-0.7623929142911797,0.2113908797019598,-3.6065553791444462,0.000310288661107,0.0007343792266124,True
10457,Gm47376,46.44859776439981,0.7175392404699886,0.1029588413925859,6.969185266314182,3.18781676952968e-12,1.5598360286943212e-11,True
10466,Stxbp6,25.42084417211061,-0.6480817638682485,0.1436812789374111,-4.510551191227624,6.465939473704865e-06,1.8864923175867648e-05,True
10468,Nova1,54.491385769125735,0.9364529173312118,0.0982251264251616,9.533741023430508,1.5171518247571292e-21,1.1693235395043048e-20,True
10470,Gm48779,19.153472115794195,-1.7679408976425843,0.1770019892710352,-9.988254397160562,1.7157649804395572e-23,1.433679257962331e-22,True
10471,Gm40421,31.986519154287503,0.9554624396257888,0.125527337704119,7.611588496188081,2.7074741733851236e-14,1.477787401503091e-13,True
10474,Coch,15.200647869084106,0.9442739751276668,0.1861512128913857,5.072617902729571,3.923798705048191e-07,1.298134539422678e-06,True
10478,Dtd2,25.199762312479525,-4.2064996610388565,0.2758032518353966,-15.251813142324208,1.601241685428157e-52,3.149889155766885e-51,True
10480,Gm35188,214.6200748245507,-1.2481751157158658,0.0641101493957709,-19.46922800024237,2.0026690928765283e-84,6.774212204298788e-83,True
10488,Snx6,107.27505616981657,-1.183110744878752,0.0746310728391378,-15.852790263766748,1.3447504392659072e-56,2.8679263026685592e-55,True
10493,Srp54c,35.44488110392222,-0.7152413627142434,0.1178365306841694,-6.069776142945552,1.2808866756741144e-09,5.221479297013733e-09,True
10497,Nfkbia,630.5335720122949,-0.5640107398886567,0.0299660330950821,-18.8216684570511,5.01792891485918e-79,1.5642342399831967e-77,True
10501,Nkx2-9,163.6846499765173,-0.9410442513111632,0.0573482942949013,-16.409280570264997,1.6413889301169586e-60,3.740052434395306e-59,True
10506,Ttc6,32.596100626456014,-3.99503139158258,0.2354259954280633,-16.969372410717064,1.3840326275239025e-64,3.4138170084820885e-63,True
10515,Lrfn5,27.70436774568555,0.9517649154292878,0.1383394166174528,6.879925755803813,5.98837624155897e-12,2.8841840735990987e-11,True
10520,Fkbp3,21.18187360294293,1.6301519446743706,0.1716991983638267,9.494231541023948,2.2184154295999344e-21,1.6985835828740655e-20,True
10521,Fancm,90.50056806887666,0.7526883348432291,0.0735638174670464,10.231773727354518,1.4287816296196843e-24,1.254344033071739e-23,True
10532,Gm47545,198.07562188743933,-0.752219848359243,0.0603449604649169,-12.465330038563293,1.1539305362461886e-35,1.4434862101483082e-34,True
10533,Klhdc1,15.167784892805164,0.7745604873987961,0.1789598840028889,4.328123544080374,1.5038511009170995e-05,4.220049430814865e-05,True
10540,L2hgdh,39.40168380902968,-0.5387749453237162,0.1168901970097961,-4.609239774645633,4.041440277306767e-06,1.2071171233055631e-05,True
10549,Gm40437,220.64093397873432,-1.025964612032088,0.0779889829332385,-13.155250568023838,1.5875634555947155e-39,2.2228430513563158e-38,True
10551,Gm10457,128.79324412804388,0.9954945246701888,0.069029815411404,14.42122536091453,3.8052610162347047e-47,6.492332161162197e-46,True
10553,Psma3,48.65876840590176,-0.7591913114172498,0.1110274213809884,-6.837872139821203,8.037808454830058e-12,3.839530026169573e-11,True
10559,Dact1,956.2869099259252,1.051593698911244,0.0354464995218532,29.66706763986445,2.04318495750992e-193,2.3663058633730782e-191,True
10561,Daam1,57.60819499602278,1.1236134470879764,0.1037679322095185,10.828137587046454,2.5325381603503028e-27,2.47701495236052e-26,True
10563,L3hypdh,11.070278561737618,0.8844388088064212,0.2288802633065384,3.8641986688991854,0.0001114544834068,0.0002809334110434,True
10567,Lrrc9,157.140789202761,-0.5767297005402371,0.0582717192391614,-9.89724875240418,4.278840767581289e-23,3.511420335216404e-22,True
10570,4930447C04Rik,77.09156639011344,-1.4630959656789158,0.0857599544122819,-17.06036314624464,2.927297904738198e-65,7.313226536865943e-64,True
10571,Six1,251.3004574780805,-0.5530032045473902,0.0547132860572387,-10.107292842342922,5.1281720030972385e-24,4.40478742584305e-23,True
10573,Mnat1,53.73926414263705,1.615233522837974,0.1117578227651622,14.452979512960622,2.400717795875096e-47,4.1160541974768316e-46,True
10574,Trmt5,103.7387936599364,1.1509517309679165,0.075435334414863,15.257461770344367,1.468504353224024e-52,2.8952879514297326e-51,True
10577,Tmem30b,20.82882284112663,-1.4040530950308927,0.3733209836673782,-3.760980915773749,0.0001692483438495,0.0004159380322147,True
10586,Ppp2r5e,13.921948750712987,-1.635712434116713,0.2040986103631354,-8.01432420929485,1.1074422924840988e-15,6.4750754968110735e-15,True
10589,Sgpp1,30.042258058695737,-1.2765873016939169,0.1333283124730191,-9.57476531439826,1.0208889702254618e-21,7.920721522317158e-21,True
10596,Zbtb25,101.99160506417746,-3.3923672184640754,0.1099677026866343,-30.848759550165525,5.820380199771904e-209,7.952094447938365e-207,True
10603,Sptb,207.87740000878543,0.7211771741173136,0.0667679274750601,10.801251459942272,3.3954372676045875e-27,3.309888903894594e-26,True
10609,9530018F02Rik,15.896578000978865,-1.3922913304642803,0.1846475433766727,-7.540264576518457,4.6901890230529234e-14,2.533890195710519e-13,True
10611,Gm35240,29.544720860127928,-2.094836845857013,0.1651007452361763,-12.68823373789351,6.8718023105463524e-37,8.914991009409097e-36,True
10613,Gphn,237.67329807195108,-0.6422711223430189,0.0584317843701954,-10.99181086570796,4.184451122169289e-28,4.193563393953955e-27,True
10615,Atp6v1d,19.96257554204409,-0.6761977834196726,0.1493810102162152,-4.526664951863283,5.992182997888186e-06,1.7541228032652928e-05,True
10616,Plek2,40.80326194992306,-5.505541195719898,0.3225342956553807,-17.069630330420495,2.497763990535457e-65,6.26698660925166e-64,True
10619,Pigh,66.2073404890229,0.6974149098412274,0.0864533296986792,8.066952565875347,7.207453471396797e-16,4.2410479915137e-15,True
10622,Vti1b,340.5482704734728,-0.8043781154318056,0.1018786705228514,-7.895451631864228,2.892658393556026e-15,1.6504668837359797e-14,True
10624,Zfyve26,45.77262509964833,-1.8317520337360207,0.1188296083046935,-15.414946324144964,1.2987871955672571e-53,2.6077141763582304e-52,True
10632,Gm30025,48.94886991877732,0.7288031580997745,0.1034158070493032,7.047309099974622,1.824108213186443e-12,9.008755840780716e-12,True
10636,Gm47879,11.028307161148568,0.7026847314358752,0.2175307100149912,3.2302782967400288,0.0012366977619176,0.0026799916064779,True
10640,Gm20337,115.4809450459898,0.5908215224204835,0.0697053117936468,8.47598995281064,2.3308887447756722e-17,1.490405205434623e-16,True
10643,Slc8a3,125.89140870958909,-0.8848126034268781,0.0688765135337898,-12.846361670045932,9.015155382971472e-38,1.2118142762290938e-36,True
10645,Gm28370,11.782977917709372,-0.7953954662322774,0.2000107672294822,-3.976763237549512,6.985965813164113e-05,0.0001808059347944,True
10660,Gm29361,139.8378321161573,0.5076404714441259,0.0656399165156966,7.733715982449986,1.0445192453999127e-14,5.800747082741719e-14,True
10664,Riox1,56.04059501765516,0.7371805342438508,0.0990829385680868,7.440035034258519,1.0065860122761203e-13,5.344012198750697e-13,True
10670,Gm47484,52.26264846648163,-2.2754717639514217,0.218612296257717,-10.40870894686052,2.2626935268922683e-25,2.0439041528043384e-24,True
10671,Zfp410,72.03874445212608,0.6287046069353104,0.0860977853315177,7.302215783071492,2.830668081976576e-13,1.4650110511277404e-12,True
10674,Entpd5,306.2270944821317,1.4436188271953805,0.046790255855449,30.85297998060125,5.109109491653067e-209,7.03528399921487e-207,True
10679,Abcd4,236.9609611282448,1.185833147587794,0.051109785522162,23.20168506818714,4.3783227414714173e-119,2.4002541725032014e-117,True
10680,Vrtn,34.432284305702005,0.7351779048660047,0.1192625015732271,6.1643676358289845,7.076536184793741e-10,2.928406644573425e-09,True
10683,Ltbp2,153.93642525443028,0.7740051575667237,0.0578822493236899,13.372064261675824,8.806252918527987e-41,1.2717072753031996e-39,True
10684,Arel1,322.2814120544316,-0.672958075864731,0.0472084408250926,-14.255037109953314,4.170805184099985e-46,6.939965847720317e-45,True
10691,Pgf,32.05650212929195,-0.8127630874557338,0.1201174476285283,-6.766403245340851,1.3202325688246152e-11,6.219888783298725e-11,True
10698,Jdp2,28.22799202227775,-0.7359711662168726,0.1386592881207586,-5.3077668015713,1.10976495925289e-07,3.876861687457958e-07,True
10706,4732487G21Rik,23.877661994353776,1.976816962055857,0.1592231362215291,12.415387668947105,2.156398010664722e-35,2.6764434641947947e-34,True
10707,Esrrb,46.19324806953566,1.3751133771617796,0.13327050873878,10.318212109905744,5.829860990832356e-25,5.1963613153759546e-24,True
10709,Angel1,26.571046460700387,-0.7605483703305016,0.134945999273935,-5.635946040805688,1.7409989131673093e-08,6.527999355375193e-08,True
10711,Tmem63c,36.41189349651166,0.5966172261783487,0.1121452581419385,5.320039706210583,1.0374460744163065e-07,3.632203593471946e-07,True
10737,Kcnk10,49.02447151845653,0.5188545304163977,0.098828980418612,5.250024114573222,1.5207930032693065e-07,5.253976302088824e-07,True
10739,Ptpn21,123.54669568903256,-0.5038683391544582,0.063871539360298,-7.888777132991069,3.0516192858388e-15,1.73776353209863e-14,True
10741,Eml5,212.1532374531824,0.7787453907200061,0.0599549380989723,12.988844879373737,1.4154728831443854e-38,1.939952177149609e-37,True
10745,3300002A11Rik,177.03679618822517,-0.6183045500264694,0.0584647197304681,-10.575686548690465,3.863374622868819e-26,3.603343754918929e-25,True
10746,Gm26839,66.47577020616366,0.5236052180389866,0.0839706241721504,6.2355761101111895,4.501184365151773e-10,1.8917739047770776e-09,True
10751,Psmc1,15.741810667603977,2.255757686734195,0.2119462984439176,10.643062432775077,1.8785169028926526e-26,1.7747976011770242e-25,True
10752,Calm1,38.84096886510922,-0.980617799030304,0.1442719405666785,-6.797009835582614,1.068128083782079e-11,5.0635467414423955e-11,True
10753,Ttc7b,26.56527649589744,1.0683621360838242,0.1509696959301385,7.076666144828232,1.4766369373474905e-12,7.336200784185486e-12,True
10755,Ccdc88c,214.3169729871068,0.9771217162868512,0.0556047156176768,17.572641194773453,3.991491661409135e-69,1.0689618097201064e-67,True
10757,Ppp4r3a,12.126998641983128,-7.035674981968231,0.9831578935337963,-7.156200472214768,8.294382253642548e-13,4.181382440233522e-12,True
10758,D130020L05Rik,23.385319975472587,-1.1323203579002323,0.1541353375366037,-7.346273580069407,2.0380900946748825e-13,1.0633090565535306e-12,True
10760,Fbln5,13.830561373706582,1.2278306671426389,0.2063741794504793,5.949536276350228,2.6890324129396307e-09,1.0746297723374832e-08,True
10761,Trip11,372.7404080509862,0.5440504966634515,0.0451780023898202,12.04237610970689,2.1273841427132017e-33,2.5002482451457303e-32,True
10768,Itpk1,49.87588913831028,0.8086147346053965,0.1013471039733478,7.978666413773843,1.479227551143635e-15,8.594262928372057e-15,True
10771,Tmem251,46.44528439332672,0.5374839067815751,0.1033291849200646,5.201665988146256,1.975099580112017e-07,6.751474092454838e-07,True
10775,Unc79,689.9172262153456,-0.5665711829856883,0.0334068287162586,-16.959741608455833,1.6305991904682595e-64,3.999427579650621e-63,True
10776,Prima1,17.675145743896163,2.6426418634287145,0.2177822987385876,12.134328082379083,6.947795520793151e-34,8.276774391527973e-33,True
10780,Serpina3m,38.921194854478586,1.0504926872632274,0.1143437974800695,9.187141851278218,4.0341760319882965e-20,2.943248662803977e-19,True
10781,Gsc,105.85544885317888,-0.5095445017578836,0.0781292648753686,-6.521813594057313,6.946230981250425e-11,3.1036200153323305e-10,True
10785,Snhg10,65.49141972920943,0.8742024802369573,0.0879114863542542,9.944121257536365,2.6752464357264727e-23,2.2151851168553296e-22,True
10789,D430019H16Rik,18.10172284914629,1.3897364188982326,0.1704289302487893,8.154345725631899,3.510752454842044e-16,2.107656674571839e-15,True
10791,Papola,11.230495721549447,-1.859867556850651,0.2344677820131558,-7.932294752318231,2.15133086737972e-15,1.2371744231745e-14,True
10792,Vrk1,49.848471271335775,-0.548128535190382,0.098055052155315,-5.590008093842727,2.27059028466747e-08,8.425224463879633e-08,True
10795,Setd3,11.36297775038443,-2.1457846963896103,0.2441859257353723,-8.78750357919902,1.5292001106291149e-18,1.0349323349335122e-17,True
10799,Eml1,477.0840149881417,0.7112084946849705,0.0408928343399402,17.39200782153489,9.485241502093496e-68,2.486925088285024e-66,True
10808,Gm34081,36.616215686642896,-2.345673326141734,0.1407644458336802,-16.663819562173085,2.401837254008803e-62,5.6079212147003925e-61,True
10814,Dio3,26.609381807409964,-4.286659955861039,0.2834560660959231,-15.122837252706416,1.1450099914754931e-51,2.200432388013563e-50,True
10815,Ppp2r5c,145.22779232260498,0.7698624374465098,0.0609210735394198,12.637046472077676,1.3191673219470932e-36,1.6888432010403198e-35,True
10818,1700001K19Rik,43.54662583035164,-0.5015310616325546,0.1255353492000498,-3.995138140997464,6.465654200846572e-05,0.0001681858703917,True
10829,Amn,223.8270868943106,-4.420332857600068,0.1958252812649739,-22.572840590581624,8.012938184809751e-113,4.0151937815459296e-111,True
10833,Tnfaip2,133.9754603229688,0.9696905469193676,0.0613117745513315,15.815731219906564,2.4237917179437698e-56,5.1316306977482614e-55,True
10836,Eif5,11.172658840316506,-2.507185217208161,0.2897379580975438,-8.65328531225476,5.003772406152477e-18,3.304606187265653e-17,True
10837,Mark3,93.3633049848208,0.712854079956191,0.0756131163510993,9.42765110547949,4.193748957970938e-21,3.170786069044347e-20,True
10848,Aspg,53.92415832300014,0.8536676957364882,0.1064435516300472,8.019909920926688,1.0582274072754866e-15,6.1914623280139545e-15,True
10855,Ahnak2,62.25118990761165,-2.5461259395930536,0.2235566090394565,-11.389177669731412,4.734365812804223e-30,5.051530770855414e-29,True
10856,Clba1,69.73896566288927,-1.133493299226788,0.0886382734201647,-12.787853999070842,1.916943500892695e-37,2.545444794503527e-36,True
10860,Btbd6,160.59286161507927,-0.6527589995606636,0.0567038477604778,-11.511723195892742,1.1515413215131761e-30,1.2461729350632688e-29,True
10862,Mta1,63.7218975025192,-0.6651585044464364,0.0858377512421556,-7.749020621124701,9.260398136972749e-15,5.157510911445203e-14,True
10863,Crip2,18.360837075534626,-5.751845251326381,0.5247521612044111,-10.961070151907036,5.879990214268396e-28,5.8659023883129325e-27,True
10865,Tedc1,40.85327040995464,0.8462896760146974,0.1234180790365847,6.85709648554676,7.027417059103206e-12,3.372543071613525e-11,True
10867,Zfp386,17.305534847917084,0.5496383416531091,0.164373030103441,3.343847474900341,0.0008262515027927,0.0018392930601882,True
10870,D430020J02Rik,163.91451823390463,0.6614956464043955,0.0537132166440341,12.31532363418543,7.491405306184132e-35,9.13596206377602e-34,True
10873,Gm5441,19.395011784824227,0.7979371416777984,0.1552150575774061,5.140848794775372,2.735000929818647e-07,9.201557572271738e-07,True
10883,2810429I04Rik,81.43184962688294,0.7936122476419198,0.0807308471964796,9.830347075516954,8.333108539361079e-23,6.749856513957691e-22,True
10888,Akr1c19,17.18076369518468,-1.0781337416823922,0.1663157293462689,-6.482452056219651,9.024376608961956e-11,3.9974239649829455e-10,True
10893,Pfkp,533.4851338280934,0.7683584794586242,0.0439861860284872,17.46817691720315,2.5036784082904807e-68,6.613946828426576e-67,True
10899,Dip2c,25.29724374767466,0.7613303086298083,0.1399339555398612,5.440640234120571,5.308943007601489e-08,1.910738738772069e-07,True
10905,Actn2,20.525092625042262,-0.6760579194509228,0.1581170139387365,-4.275681045386209,1.9055387318664625e-05,5.281150767492979e-05,True
10907,Lgals8,351.9407273750018,1.0024219089936044,0.0488176509247496,20.534005426414215,1.0698225521063042e-93,4.185471317949675e-92,True
10911,Gm48682,601.7685203370186,-1.3597945644770817,0.0485184503840763,-28.026339541201917,7.761393113670941e-173,7.417007801741935e-171,True
10916,Ggps1,33.37287630291805,0.8584211516735093,0.1269109232000864,6.763965859109946,1.3426473583424794e-11,6.322083199432763e-11,True
10927,Mplkip,84.81182723532392,0.7196274766076709,0.0796369731240953,9.036348926600995,1.6199199945398513e-19,1.1432268306905941e-18,True
10934,Stard3nl,155.93865486461007,-0.7862023297105327,0.0638382359492812,-12.315539707819646,7.471367465032664e-35,9.117883756349705e-34,True
10936,Elmo1,23.784791119259125,-3.9311529598890447,0.2721677109202892,-14.44386237660784,2.7404471628641795e-47,4.6893287655742435e-46,True
10937,Gm32036,96.63779611248265,-0.5173839554771311,0.073135759763252,-7.074295216894663,1.5021020461700144e-12,7.458478303072462e-12,True
10938,Gm47664,24.753077830117704,0.6917017459562504,0.1418575960337681,4.876028956472632,1.0824272630029804e-06,3.4323640934535125e-06,True
10943,Zkscan3,33.34523323640878,1.0958242878291695,0.1386554108802822,7.903220515319991,2.717881424546458e-15,1.5537858892601652e-14,True
10945,Zscan26,526.2430492901531,0.6146678112209459,0.0478825889340738,12.836979472167616,1.0176815970836685e-37,1.3658646024404599e-36,True
10946,Nkapl,33.46126870577826,-1.491344736038753,0.1281389625408736,-11.638495477619042,2.626071094976731e-31,2.8919855988005712e-30,True
10948,Zkscan8,11.750947937167544,-3.7862022680266114,0.3552045071707038,-10.659217976102546,1.5791969673037823e-26,1.4968561823419266e-25,True
10949,Hist1h2bl,40.54098139350889,-1.1511552651529726,0.1147633261925605,-10.030689274563702,1.11733852082839e-23,9.412339138847246e-23,True
10953,Hist1h4j,33.31607752682417,1.6297502896116078,0.1414993994367539,11.517718775478322,1.074172699782911e-30,1.1660541386594379e-29,True
10954,Hist1h4k,142.4762737096672,-0.7051603451169588,0.0619914274873033,-11.375126750571834,5.5621993177794506e-30,5.913175785369424e-29,True
10962,Hist1h2ap,10.330799413647128,-2.245692512894454,0.2609998242826827,-8.60419166590012,7.685646006893209e-18,5.009563077471056e-17,True
10966,Prss16,60.82041230716115,-1.3424292867383405,0.0925715531349674,-14.501531423817708,1.1847679712225046e-47,2.0413026877575526e-46,True
10967,Gm11290,38.79481259587229,1.0639711729855432,0.1158369006840611,9.185079769075202,4.112224156929126e-20,2.99644066901569e-19,True
10968,Hist1h2ah,29.67554769309708,0.8045231245985719,0.124844019381704,6.444226392125238,1.1619153777753767e-10,5.095179570344983e-10,True
10970,Hist1h4i,24.62720395055999,1.1754086564805175,0.13993616177275,8.399606231799668,4.479782891236354e-17,2.8241688248717143e-16,True
10972,Hist1h2bj,201.79444724952555,0.8182889255314971,0.0535016877087697,15.29463761939173,8.302164225276772e-53,1.6424009951543006e-51,True
10974,Zfp322a,14.102908245218003,-1.990433454439734,0.2190612920108769,-9.086194261745264,1.0256639970910249e-19,7.303262207299611e-19,True
10976,Btn2a2,27.022325051838504,0.5691166515038079,0.1279463996096133,4.448086489657243,8.663864580821564e-06,2.498576249825322e-05,True
10981,Hist1h3e,95.91499090007972,-1.1646679167277298,0.0806616510035335,-14.438929804160711,2.943774778021978e-47,5.032329747609809e-46,True
10989,Hist1h2ac,26.49060664754917,0.6448907646684438,0.1373569370807225,4.694999600125413,2.6660724567865944e-06,8.125527208833037e-06,True
10992,Hist1h1c,17.922910992285697,0.546354015264888,0.1568013257170339,3.4843711477978627,0.0004932949186924,0.001135695305173,True
10995,Hist1h2ab,27.1122674108278,-0.7468241304147413,0.1441463158070149,-5.181014348050351,2.206825144162263e-07,7.503977857497502e-07,True
10998,Hist1h4a,12.746562330537309,-0.866425994850685,0.1959437374469801,-4.421810087628491,9.787746891096643e-06,2.8051150054326145e-05,True
11001,Hist1h2aa,11.69219898269738,-2.901796006981361,0.2804609737372011,-10.346523326630166,4.339591776378658e-25,3.893831759123139e-24,True
11004,Armh2,669.9486323946179,-0.7307205819642736,0.0314869389117908,-23.20710133212229,3.8603275635129707e-119,2.1229373720350577e-117,True
11011,Gpld1,29.237380457192742,-1.4210821075342157,0.1394464251176375,-10.190882314375472,2.177786204373857e-24,1.8966695787893432e-23,True
11013,Dcdc2a,20.526528202421385,-0.8384285990524663,0.1562836398206987,-5.364788022689896,8.10443407402304e-08,2.867874202479056e-07,True
11016,Prl2a1,15.826051852185644,-0.6369548726222913,0.1743323438429865,-3.653681574980536,0.0002585068281153,0.0006193064319331,True
11017,Gm11361,43.60648175134599,0.5397170192526322,0.1013514948799293,5.325200382017381,1.008418097085491e-07,3.536237353485275e-07,True
11019,2610307P16Rik,104.86188751734028,-0.6199397405772811,0.0674311844743038,-9.193665296114188,3.796786554616257e-20,2.771210486941949e-19,True
11022,E2f3,102.88456676937942,-2.0042676887013826,0.2216435709182798,-9.042751298391403,1.5277717476823162e-19,1.0790659258266698e-18,True
11026,Foxc1,25.58325658085621,-2.9085407440567543,0.1921645146476714,-15.135680744124311,9.420086688236798e-52,1.8123044664893854e-50,True
11029,Serpinb9b,13.387522612824446,-1.397790054874105,0.2043892682558885,-6.838862269050833,7.982458335676411e-12,3.815174402140177e-11,True
11030,Gm6093,70.78207225224173,-3.9042503967654256,0.1633888393703624,-23.89545339700619,3.414912602876976e-126,2.052233388285654e-124,True
11033,1110046J04Rik,245.58513806855024,0.5544619500096917,0.0474087656636606,11.695346677939202,1.346362647177383e-31,1.493036777034754e-30,True
11035,Ripk1,1316.3533221887712,-0.688262815275658,0.0349517727920722,-19.691785574658173,2.535911299541438e-86,8.887378117511156e-85,True
11036,Bphl,15.055557409528758,-0.5950907764976912,0.1875092019349394,-3.173661720901417,0.001505290171097,0.0032161899220703,True
11043,Gm36839,18.49833512702605,-0.7220360082025769,0.1744781792005722,-4.138259646626396,3.499502140480603e-05,9.396482946833222e-05,True
11046,Gm16984,42.36998327045817,-2.3088560491205663,0.1335490000545754,-17.288456283289584,5.7470826750872254e-67,1.4845639855528125e-65,True
11047,Eci2,57.22714707873077,1.873161475831025,0.1159581643297643,16.153769651821044,1.0682880619053602e-58,2.3529246381109493e-57,True
11052,Gm48770,161.97610880228137,-0.5910217852450714,0.0758033430382199,-7.7967773129356415,6.350816742013051e-15,3.5757592783105024e-14,True
11055,Rreb1,14.51352036053192,-1.3836609100520607,0.1907165967747459,-7.255062922952077,4.014751546142432e-13,2.0637852745131934e-12,True
11071,Pak1ip1,26.2889056609439,1.4420897592365844,0.1441819674393489,10.001873222067168,1.4954115599861116e-23,1.2530789344052285e-22,True
11081,Gfod1,24.59718296432287,-0.5260322263679528,0.1399610259283739,-3.75841933766014,0.0001709901428986,0.0004198056463584,True
11086,Jarid2,10.890963851816146,0.9605712043444244,0.2098853421663953,4.576647394380173,4.724868454911598e-06,1.3995342062922428e-05,True
11090,Atxn1,79.84364863472685,-0.9869390244106836,0.0786232963346362,-12.552755613426282,3.839132354049955e-36,4.858085861622691e-35,True
11095,Gm47523,14.345631126977231,0.77551905207301,0.1795275924532397,4.319776372398041,1.5618739351778692e-05,4.374447690325205e-05,True
11096,Fam8a1,28.4513703153812,-4.540979475208403,0.2847908860602444,-15.944960662286812,3.0883455785063275e-57,6.626869629069774e-56,True
11099,Tpmt,131.76945036551984,1.1185446034078173,0.0681539829006422,16.412021070558406,1.56894531724894e-60,3.581947220371993e-59,True
11106,Ptpdc1,11.138384139273745,-1.373962159605776,0.2429199548590507,-5.656028383518304,1.5491585950278062e-08,5.826168926848661e-08,True
11113,Susd3,34.92497614800756,2.1071318078974937,0.1452891064552402,14.503026822225282,1.1592324542674367e-47,1.9992758540659694e-46,True
11114,Bicd2,148.89618579222804,1.012048389134212,0.0695837066185797,14.544329963359305,6.344905194136941e-48,1.1029791454778015e-46,True
11115,Ippk,11.492666331277304,-3.924025377402845,0.373502465238709,-10.506022697587715,8.103958164814301e-26,7.4316738535014415e-25,True
11121,Ogn,189.9533288666671,1.301707391081435,0.1225489147723618,10.621941397844228,2.356093158431069e-26,2.2176187919613856e-25,True
11123,Iars,19.22381094006167,0.8057332337932684,0.1555052328416086,5.18138984180652,2.202386435732463e-07,7.49034111009127e-07,True
11128,Cks2,18.5172760814099,-0.7225899083964843,0.1578682455634169,-4.577170702174009,4.713068617617394e-06,1.3965120973380716e-05,True
11137,Gm2762,274.05825937295026,-0.9103497555824294,0.0464574958304526,-19.595325561772967,1.6949800792634926e-85,5.869665668546527e-84,True
11140,Cplx2,15.47368576725314,-3.554974256138442,0.2885427238274174,-12.320443257008746,7.030678162182982e-35,8.604093750892653e-34,True
11142,Simc1,254.55270953698425,1.3179323297797254,0.0540129983300376,24.400280868073896,1.6984827348182964e-131,1.0920244877390576e-129,True
11143,Arl10,36.58736222610523,-0.6540736526154146,0.1121481051944686,-5.832230972437996,5.4691140355780274e-09,2.1392052394137447e-08,True
11158,Prr7,42.402242208255416,1.183272347279169,0.1145138132924932,10.33300973269341,4.9967678037239115e-25,4.469742984732674e-24,True
11165,Caml,14.546515919567437,0.6238330339740654,0.173903117452277,3.587244686083672,0.0003341906928122,0.0007875389888021,True
11177,Hnrnpa0,47.50849458233023,-0.5716103506881075,0.1032969721723434,-5.533660267741608,3.136161515228447e-08,1.1529365688104916e-07,True
11182,2210016F16Rik,164.0070422294317,1.0737304170930626,0.0672185370756767,15.973724865273734,1.9479729143562812e-57,4.195338710130867e-56,True
11184,Ntrk2,53.07520925870722,-0.6482984730152939,0.0966091144471551,-6.710531161838883,1.9391722735186062e-11,9.024014028550662e-11,True
11185,Naa35,13.00214476408563,1.9746674664400128,0.2216304213908587,8.909731137304327,5.115646738095506e-19,3.533271333168018e-18,True
11186,Golm1,35.68755389919843,1.5356009182643993,0.136801030829598,11.225068326986316,3.071489444837709e-29,3.1783554681255527e-28,True
11188,Isca1,78.37870576619092,-1.1961206879759254,0.0891583129972071,-13.41569448508288,4.893275642794526e-41,7.1609710829448245e-40,True
11190,Tut7,42.2608159527372,1.4762969773411845,0.1463938542373954,10.084419083243684,6.4747026019449435e-24,5.536272837451512e-23,True
11191,Gm34961,15.636120671265028,2.0461281101545152,0.2056706659682666,9.948565589174574,2.5584418736211578e-23,2.1214808670406265e-22,True
11205,Platr25,27.563066073200403,-0.6056016837732658,0.1284794524433834,-4.713607290941205,2.4336948752897067e-06,7.445846042523862e-06,True
11207,Fbp2,10.512769057296564,0.8594337141538344,0.2103165606494922,4.086381555022398,4.3815300551557423e-05,0.0001162910875771,True
11210,Fancc,172.2955734278471,-0.5220642547954171,0.0518707788673263,-10.064708226779056,7.912158855408905e-24,6.726681286504176e-23,True
11214,Zfp367,30.259564350233017,0.5684878154647007,0.1288343983695139,4.412546824910869,1.0216169007780666e-05,2.9216739756020976e-05,True
11221,Cdk20,57.68187211906187,1.297312053056617,0.0994583658518959,13.043770043320958,6.896090232672988e-39,9.53350403074982e-38,True
11222,Cntnap3,104.00905764771908,-2.6977582888954217,0.0912974506118215,-29.549108664224903,6.742558682290086e-192,7.757491199729541e-190,True
11223,Mfsd14b,72.19109504797707,-2.272001956137155,0.1045142728380161,-21.738676397418644,8.841173797753891e-105,3.9746644569439604e-103,True
11226,Zfp369,17.37683608048607,-0.8530234390622252,0.1707299441711431,-4.99633174018459,5.843111076778586e-07,1.9021654227606831e-06,True
11229,Gm48166,19.241778445021826,-2.407708982262824,0.1963304870867876,-12.263551208929153,1.4213171755782622e-34,1.7213292774593253e-33,True
11242,Zfp595,10.715276126020244,-1.869162906968556,0.2456940559612457,-7.6076846859632035,2.7904960890289027e-14,1.521677443247192e-13,True
11245,Gm48900,62.4974905065257,1.7235430591261731,0.1027034982515857,16.7817366347554,3.319838903869608e-63,7.920510607213055e-62,True
11250,Zfp748,82.49827198047053,-0.5535569385914401,0.0809325986926914,-6.839727718287498,7.934384088665803e-12,3.7932342521210375e-11,True
11251,Zfp729b,116.60170930678328,1.1424661197816877,0.0721626507592062,15.8318203081798,1.8771115983818639e-56,3.9886910853586925e-55,True
11265,Srd5a1,54.710518098379055,-1.1995634394644477,0.1000673305565631,-11.987563101689757,4.128733473295864e-33,4.79437523114197e-32,True
11266,Gm17108,14.185969182078814,-1.4285364469529356,0.2188744098364877,-6.526740371430985,6.721640932918397e-11,3.005575470081231e-10,True
11267,Med10,60.90688939058644,1.0027101657310702,0.1073888105300353,9.337194078061083,9.892083263648156e-21,7.373945102927492e-20,True
11268,Ice1,145.7203088488675,-0.9485092985942052,0.0587430477303137,-16.146749874959877,1.1970497982551805e-58,2.6299003607897734e-57,True
11271,Irx4,58.47074426737701,0.6496536342211616,0.0916624535913802,7.087456300452488,1.3659941552065986e-12,6.8039036702514936e-12,True
11272,Ndufs6,220.75128738405772,-0.6459340230939392,0.0489729886435643,-13.189597796352231,1.0072117554041867e-39,1.4159259789797767e-38,True
11277,Slc12a7,13.498940825169766,-1.1547473527233263,0.1965144289559958,-5.876145374454418,4.199295847094385e-09,1.6539929228375364e-08,True
11278,Nkd2,22.074655503537677,2.064632226857142,0.1853810652513265,11.137233589946526,8.264678090647294e-29,8.442330049605134e-28,True
11284,Pdcd6,10.951499158352652,1.1164577784916534,0.2432996029173322,4.588818744891257,4.457612631632575e-06,1.3257607092175253e-05,True
11291,Gm47469,284.0496978609447,-1.0019208342028267,0.0581292238408631,-17.23609516868356,1.4233204903702692e-66,3.655070298912667e-65,True
11299,Glrx,28.435612533994743,-2.40262585221811,0.1644841893134214,-14.60703221535751,2.5331456237527778e-48,4.4656905915512685e-47,True
11301,Gpr150,22.360673149115893,1.428276627143617,0.1630638567163445,8.759001877578275,1.969868386729312e-18,1.3280284636515884e-17,True
11305,Mctp1,63.46578967631884,-0.6787695049738417,0.0851072765606973,-7.975457944418569,1.518168461957633e-15,8.808802276945946e-15,True
11306,Slf1,590.078892071889,-0.7459626846243259,0.1407618078519573,-5.2994679168150025,1.1614064140914497e-07,4.051600911556208e-07,True
11314,Lysmd3,14.553107089792556,0.7097464784016363,0.1766880860746699,4.016945874334115,5.895725854343096e-05,0.0001541633578659,True
11319,2310067P03Rik,11.46538281922412,-1.1801776503241,0.2105597731715167,-5.604953085520076,2.0831138016177572e-08,7.757558382174474e-08,True
11322,Tmem161b,32.26490209454863,0.8999871195499413,0.139661817690348,6.444045584064735,1.1633012033798847e-10,5.099977800127205e-10,True
11323,Ccnh,256.8890395093147,-0.7801572734059928,0.0481029740651002,-16.218483130589096,3.7330061129731765e-59,8.29514750999681e-58,True
11324,Rasa1,107.214322772344,0.5848611286973617,0.0669875640851375,8.730891124120213,2.526738239782274e-18,1.6923630155998624e-17,True
11329,Tmem167,38.20983632498826,0.9475313780121086,0.1139215927587304,8.3173993188354,8.991441707333267e-17,5.583889651201852e-16,True
11340,Ankrd34b,68.12363094138173,-1.612304310385286,0.0909337186985135,-17.730544109064816,2.4366474823377398e-70,6.679011155348339e-69,True
11341,Fam151b,113.62681920566722,0.999611143985362,0.0820851337094532,12.177736684008622,4.08460026439049e-34,4.8992791099904586e-33,True
11345,Cmya5,17.035129831742754,0.7717017864057621,0.1635324537125012,4.718951919858397,2.370628361310003e-06,7.264333061606682e-06,True
11350,Lhfpl2,16.55348890655866,0.6121101596771048,0.1736678639470229,3.524602340153316,0.0004241189509611,0.0009861710164086,True
11354,Wdr41,14.949748547556888,0.5831885355180702,0.1857206156165113,3.140138931707387,0.0016886772929602,0.0035763065326044,True
11357,Gm48730,645.0589866240173,1.1454517457647138,0.0463236015091511,24.72717380444677,5.458108837229699e-135,3.548379455222044e-133,True
11366,Hmgcr,14.172172643476552,-2.4952474326954728,0.2332763633993926,-10.696529199674451,1.056621388457116e-26,1.0091859552888063e-25,True
11368,Fam169a,16.73325579234919,0.6504937902288201,0.1636179856733288,3.9756863376106,7.017657028822944e-05,0.0001815186897205,True
11370,Nsa2,159.16246693076346,0.5956101332558025,0.0563337633771106,10.57288023291924,3.980775610894201e-26,3.708886727933819e-25,True
11373,Gm2379,13.843354866744116,-3.224045989209991,0.2795491557466474,-11.533019946345004,8.993264411895315e-31,9.786820661806176e-30,True
11381,Gm10320,16.710999964739585,-2.648225437783012,0.2408263049619566,-10.9964126975305,3.976374886124709e-28,3.994189776481845e-27,True
11390,Mccc2,49.62638076791916,0.7932254842822996,0.0969669953181622,8.180365718042678,2.829836842536644e-16,1.7082563583804224e-15,True
11392,Serf1,94.7491713930384,-1.45795629586649,0.0815124062954403,-17.886311570562047,1.5076347385976925e-71,4.2662647748537936e-70,True
11395,Marveld2,365.27410177832377,0.9763429866153602,0.0431447727070677,22.629461817872084,2.2229987341024372e-113,1.1301105192437044e-111,True
11399,Ccdc125,19.373983959914945,0.6942428765234858,0.1552728405273265,4.471115967002007,7.781248768689177e-06,2.2555690115504117e-05,True
11401,Mrps36,31.50686005274224,-1.9496469094540956,0.1506921524078986,-12.937945860489968,2.7488118045311616e-38,3.740951037948712e-37,True
11402,Ccnb1,32.70401528189064,0.8119673657769949,0.1267909687978853,6.403984238588271,1.513737453612508e-10,6.594977725155839e-10,True
11403,Slc30a5,10.53337681634492,-5.850488306730099,0.7158349115510003,-8.172957496657768,3.009200184314786e-16,1.8134008553858363e-15,True
11405,Mast4,11.275540648028333,1.009528969603419,0.2048066886069231,4.929179688759901,8.257560009302866e-07,2.648719909073524e-06,True
11407,Erbin,11.087380480441167,-2.1384983836041265,0.2478531054289932,-8.628087914826544,6.238611948930179e-18,4.098454010627009e-17,True
11409,Sgtb,15.343719406788615,2.016118076512992,0.2231465903885726,9.034949057488433,1.6407883597578484e-19,1.157020436913115e-18,True
11423,Kif2a,109.26773329913992,-1.078340129045044,0.0730534289706443,-14.76097897442106,2.614578447231933e-49,4.7628904047075026e-48,True
11447,BC067074,55.44742008654155,0.5554244065644652,0.093866338679115,5.917184097945913,3.275000579954134e-09,1.2993015005044896e-08,True
11457,Isl1,50.862146379306616,0.6767749336704066,0.0962961905374895,7.028055106779412,2.094321885234464e-12,1.0319949599599974e-11,True
11461,4933413L06Rik,127.08653993476446,0.6153369135455091,0.0659531336767839,9.32991170004274,1.0595914478273408e-20,7.885163931746612e-20,True
11465,Paip1,268.3036601178433,0.5084876322099111,0.0546513429720716,9.304211105475709,1.3499069937194216e-20,9.998802840391888e-20,True
11468,Hmgcs1,14.192733506036427,-0.6532472959554667,0.1840263012478923,-3.5497496364691417,0.0003855976783228,0.0009026010170672,True
11475,Gm5796,48.08107248205054,-1.4222078743214548,0.1087159731140699,-13.081866754108038,4.1804587958521584e-39,5.811435884090824e-38,True
11477,Gm3164,394.8209654771929,1.4603724889432783,0.0991941763067669,14.72236116389479,4.632005675783122e-49,8.342380562110736e-48,True
11479,Gm3252,14.574262771136487,1.0673472645813955,0.1814791608033524,5.881376461388612,4.068685705670719e-09,1.6047175376808646e-08,True
11480,Gm3264,296.9870320109622,-0.7655524954507447,0.0477667649627489,-16.0268859749611,8.29359356180529e-58,1.7994834269088204e-56,True
11481,Gm3488,27.655417284917604,-4.726915535866317,0.363938478039745,-12.98822691496253,1.4269469342855762e-38,1.954146279309801e-37,True
11492,Flnb,54.80899227662106,0.6009643316356431,0.1378909301212605,4.3582585969008845,1.3110142285419247e-05,3.703879940022808e-05,True
11493,Abhd6,302.0553231224472,0.6162093054407506,0.0450199132734067,13.687483174356649,1.2061514697183353e-42,1.8310049394474166e-41,True
11503,Gm5087,302.95129624618426,0.7107554779137698,0.0496133003545129,14.32590601381184,1.5074919201738468e-46,2.5349056442307922e-45,True
11505,Gm281,137.06651791152714,-4.806187661193875,0.146051791095925,-32.907420204365934,1.7213415153618853e-237,3.0406889313786513e-235,True
11511,Il3ra,10.074415557657025,-1.795962032796054,0.2450340473217559,-7.329438714440215,2.3111863865908173e-13,1.2032756037124205e-12,True
11513,Nek10,139.13707127711194,0.5139170156668201,0.0597245668463182,8.604784309097106,7.646040353358263e-18,4.987465635939176e-17,True
11514,Lrrc3b,75.73847681063886,-1.1701345552182192,0.0911141723984922,-12.842508738383517,9.47533646995512e-38,1.2726934269322208e-36,True
11518,Rarb,11.517917787619757,-2.517632863791001,0.2620667558775391,-9.606837980500904,7.481110464871203e-22,5.830198743746328e-21,True
11520,Gm48321,22.27954671751871,-0.5622810156394172,0.1437650051161021,-3.911111853578893,9.187220964645454e-05,0.0002342413183112,True
11527,Gm2237,901.4264450729634,-1.1517171698048911,0.0275664837143319,-41.779618385137375,0.0,1e-300,True
11529,Rtraf,66.76561187459806,-1.0436938395390871,0.0958232837902938,-10.891860498364649,1.2603873721793638e-27,1.2410841421549951e-26,True
11530,Gm48283,48.37873531446214,-1.6654432891379312,0.1128408437816304,-14.759223994823149,2.683506644776345e-49,4.88336776314763e-48,True
11531,Gng2,93.01396502141698,-2.49436038458442,0.1030528387427245,-24.20467417507721,1.9863807599139716e-129,1.2450833953181195e-127,True
11536,Gm30054,11.09028938641815,0.7653353327410987,0.2379576682781181,3.2162667346639,0.0012987006352468,0.0028025267410163,True
11545,Synpo2l,42.72691049426995,0.996358720476642,0.1115767334751063,8.92980722274808,4.2675178562109673e-19,2.952150010657333e-18,True
11551,Ndst2,76.79401754275027,-0.584411780442867,0.079312131382537,-7.368504291281003,1.7255297965727896e-13,9.045583058292848e-13,True
11565,AC163638.2,79.89631217679464,0.5876388327015645,0.0758421400649334,7.748183690471396,9.3216231011398e-15,5.188305053874375e-14,True
11571,Ppif,36.05929737002581,-2.291410099508588,0.1809543377859824,-12.66291887525059,9.490391896921249e-37,1.220352746274697e-35,True
11574,Anxa11os,417.3371611235819,1.9464277408140784,0.0551254911274701,35.309032191898844,4.2679028558536166e-273,9.447732296603551e-271,True
11576,Duxbl3,59.38631563047881,0.7178958790215736,0.0898781557152753,7.987434469570041,1.3777584947235616e-15,8.018050101738985e-15,True
11579,Slmap,62.381525241270175,1.505311025245614,0.1041549672817577,14.452609074068253,2.4136666976645737e-47,4.134202077253485e-46,True
11585,Asb14,25.85721044643056,1.510808686094223,0.14991591303137,10.077707266326591,6.932484138992259e-24,5.913916225497396e-23,True
11586,Appl1,28.1891108971449,-0.6058780338887156,0.1654150744781403,-3.662773999287366,0.0002494986496625,0.0005991804978437,True
11587,Hesx1,40.67467829484104,-6.3222508270293165,0.4231121263516377,-14.94225864322086,1.749436058509737e-50,3.268604464873748e-49,True
11589,Arhgef3,65.50602798474472,1.196053266858072,0.1109724008841624,10.777934489374177,4.3760155039364435e-27,4.249181517648003e-26,True
11597,Selenok,46.58662656710336,0.6853959839010647,0.1013808504417967,6.760605981447688,1.3741576697462875e-11,6.466972370431399e-11,True
11599,Chdh,11.58256793989745,1.642641302821109,0.2302856631712786,7.133059349853527,9.816220395737214e-13,4.9371890215890825e-12,True
11600,Cacna1d,51.28749055187331,0.8515847288886066,0.1292287240449646,6.589748023762122,4.4057365792901374e-11,1.9996761302524242e-10,True
11602,Tkt,15.813036446013893,1.4186481487565108,0.183461594997844,7.732670964586251,1.0531324457874963e-14,5.846723876803727e-14,True
11605,1700087M22Rik,195.0675383211724,-0.5002017978098345,0.0612490230937318,-8.166690218786933,3.169654443038592e-16,1.9094356493234205e-15,True
11606,Stimate,25.382621844589234,-3.058043107264067,0.2166095632120179,-14.117765909858962,2.9520234286012844e-45,4.797861126336361e-44,True
11608,Glt8d1,13.26044229966026,-1.495703232691122,0.2033134268159158,-7.356637759322026,1.8860023567507065e-13,9.857265156860837e-13,True
11613,Nisch,909.2592723703048,0.7384493811202917,0.0471740270045745,15.653727867003656,3.133158012271661e-55,6.50744267441886e-54,True
11625,Ncoa4,321.09079249207844,-1.5310029499382882,0.0490160131367186,-31.23475068582009,3.596782441806252e-214,5.113864336772987e-212,True
11628,Gm17210,12.528250956039834,-0.72179998690107,0.1914380276137433,-3.770410695817533,0.0001629791167339,0.0004013205848272,True
11640,Fam25c,393.3075415726552,-0.5219959678673304,0.0357628074585261,-14.596056768548848,2.9756577503582014e-48,5.219488740046562e-47,True
11646,Wapl,19.75082122965736,0.6493962512184489,0.1521369440352848,4.26849806492653,1.9679353462177732e-05,5.445451477002599e-05,True
11656,Gm7324,243.35138304216647,-1.225495825993054,0.0575047764575403,-21.311200590405207,8.937403513726399e-101,3.775297406957663e-99,True
11658,Gm32857,40.2233738298356,0.7506521572671817,0.112650218985962,6.663565894716322,2.672621318180749e-11,1.2325633336588855e-10,True
11668,Gm15222,80.18794578694762,-0.5150736649714196,0.0811383252709014,-6.348093373282129,2.1799976220508124e-10,9.401676551029495e-10,True
11670,Gmfb,34.16371693281344,-0.6775085109767731,0.1264016681020652,-5.3599649525962505,8.323809858312398e-08,2.9431214476782694e-07,True
11671,Cgrrf1,10.12092918551804,-0.7246149885450686,0.2290953656964918,-3.1629404040632005,0.0015618430092418,0.0033268587753496,True
11672,Gm34934,61.66755458577475,-1.0767312246594118,0.0936240605379083,-11.500582419445948,1.3102827355196534e-30,1.4162067044973856e-29,True
11674,Gm10371,10.029907623293967,-4.677873259960824,0.5001077168401966,-9.353731411138336,8.460891605483806e-21,6.328660068293447e-20,True
11679,Gm49189,180.2053511314535,0.532151070658566,0.0607576050345765,8.758591954961421,1.977044028942274e-18,1.3323524461711939e-17,True
11692,Ccnb1ip1,310.23871541473767,1.1491987390634195,0.0472898398604926,24.30117637221044,1.904983229129579e-130,1.2070415475006547e-128,True
11694,Tep1,263.6461784933104,-1.1109761344248568,0.0901501162495371,-12.323623980136146,6.758732356026644e-35,8.282880970020599e-34,True
11698,Pnp,17.09827003103916,0.5067827794660874,0.1614003071410244,3.139912113198663,0.0016899852660799,0.0035784553012721,True
11699,Pnp2,11.329564797644096,1.6337336475450923,0.2266500551968624,7.208176702741472,5.67060155674471e-13,2.886971761989854e-12,True
11702,Slc39a2,46.93134063276512,-0.7528175525415517,0.1100395438492225,-6.84133654328003,7.84576928924738e-12,3.7518953604144976e-11,True
11703,Ndrg2,697.3686837782617,-0.8741037317964785,0.0396584378045715,-22.040800903552423,1.170484837864541e-107,5.443999692706142e-106,True
11707,Rpgrip1,23.25912922329988,-3.853119650696502,0.3817681808060732,-10.09282555335268,5.9433641888473566e-24,5.089987900811096e-23,True
11708,Supt16,35.385453303011566,1.6526470910163196,0.1294831763617361,12.763411722302305,2.6244936561800245e-37,3.461323156808165e-36,True
11709,Gm26590,65.49262980258439,-1.0573011889258226,0.09797694408614,-10.791326457337318,3.7828962010287206e-27,3.679382022446623e-26,True
11710,Chd8,78.87685974039964,0.9868660294729292,0.083199492817714,11.861442853204696,1.8771219884744896e-32,2.13163047626246e-31,True
11715,Oxa1l,249.0404779834338,-0.5706015412609212,0.0542516873765044,-10.517673621853834,7.162010272510544e-26,6.5851333147037e-25,True
11725,Gm17606,12.105099963574006,0.5907218397715778,0.1969386217717956,2.999522564223497,0.0027040309411745,0.0055320651730533,True
11727,4930579G18Rik,16.482200094401907,-0.840825846287833,0.1700834272970542,-4.943608320047041,7.668970728647305e-07,2.466255242783819e-06,True
11730,Ppp1r3e,103.03086318478618,-0.5379654708031512,0.0656135999842896,-8.198993363143618,2.4240830858771715e-16,1.4699155688564485e-15,True
11737,Zfhx2os,19.970255814950104,-1.98751027560419,0.1761018832460615,-11.286138677047,1.5363901900578472e-29,1.6050413168298464e-28,True
11742,Carmil3,257.4371200657223,-0.5559819216752014,0.050862589092545,-10.931058202003555,8.188786067073478e-28,8.127439883143075e-27,True
11746,Psme2,113.813183253563,0.689762185913996,0.063776891692503,10.815236798300674,2.915387979441036e-27,2.845106304936654e-26,True
11748,Rec8,241.1268136640793,-1.1895199248108703,0.0577140226922864,-20.61058767559884,2.2053802432685479e-94,8.666896560512441e-93,True
11752,Mdp1,68.79198853223993,-2.5902276670636377,0.1127542543806175,-22.972327574620525,8.816024795822321e-117,4.714820844933967e-115,True
11753,Nedd8,34.91555371624131,-0.9779269637904632,0.1178810155614951,-8.295881734071987,1.077827244072768e-16,6.672227555520201e-16,True
11757,Tgm1,48.534140555242864,-3.53600510062517,0.1836258616253947,-19.25657458772765,1.2433663421539438e-82,4.1026397342619187e-81,True
11758,Rabggta,17.767771252866385,-1.8755832360920823,0.1904327195805376,-9.849059763592058,6.918817703877695e-23,5.630352908581348e-22,True
11760,Nop9,57.85455274313579,-1.616997609786401,0.1125775235110484,-14.363414288711974,8.77931997912454e-47,1.4834081912553622e-45,True
11769,Rnf17,290.5870678416544,0.8162611354991111,0.047046437572882,17.35011570715846,1.968473476088232e-67,5.138009574601642e-66,True
11770,Cenpj,41.853229411695416,0.6794180556852822,0.1068106257197984,6.36095941865965,2.0049741629009104e-10,8.670372937886034e-10,True
11777,2410022M11Rik,89.82151573634742,0.5294299409037866,0.0732631531997631,7.226414886351059,4.959111865890165e-13,2.5365588859516585e-12,True
11782,Eef1akmt1,961.902283959394,-2.9346258990576817,0.0468034441120897,-62.70106729815726,0.0,1e-300,True
11784,Lats2,10.19186053773848,-2.5289411142873712,0.2854448493672127,-8.859648789927878,8.026691038733717e-19,5.5047361915833424e-18,True
11795,Gm49336,125.3788515865954,-1.6562143396838582,0.0739623183671641,-22.39267746397658,4.6386970496244785e-111,2.2659646369785723e-109,True
11808,Gm27010,20.036319993564987,-0.6532483586793866,0.1527723710331124,-4.275958763105136,1.9031645185192586e-05,5.275406736386874e-05,True
11810,Gm27017,146.19044822787544,-0.7061458989996164,0.0590519084547883,-11.958053811931569,5.892681847648451e-33,6.802060736084232e-32,True
11827,Mir124a-1hg,60.12696773938162,0.5938021872115014,0.0925586043480932,6.415418549077705,1.404364845089457e-10,6.132217830443051e-10,True
11828,Kif13b,41.386811207687465,0.6903969973157883,0.1049792246968497,6.57651072685533,4.816162701034189e-11,2.180301664915504e-10,True
11839,Clu,203.90418204785684,0.5296159700144092,0.0498894950904111,10.615781319386466,2.5167995428630682e-26,2.3637911066374514e-25,True
11841,Adam2,629.358854619905,-0.6158949386686497,0.0300233119881136,-20.51389063646557,1.6181817858810585e-93,6.302619837747873e-92,True
11844,1700001G11Rik,38.17364404370466,-3.3019237053451604,0.1788135792944815,-18.46573240339507,3.897015126488453e-76,1.1770466413131271e-74,True
11847,Dpysl2,199.7302903479342,0.9749182180428998,0.0593851504290149,16.416868712124455,1.448515299754063e-60,3.311324910078308e-59,True
11850,Bnip3l,62.86930033949625,0.6228351704319207,0.0861693973399665,7.228032104885587,4.900428962457355e-13,2.5072762345071455e-12,True
11852,4930438E09Rik,14.36835316764124,-1.1033814028935438,0.2107787645140711,-5.234784469096194,1.651774944788739e-07,5.681793909218228e-07,True
11853,Gm20667,422.9023543683804,-1.6056123934935622,0.0663055845099462,-24.21534182015559,1.5335899475163906e-129,9.64727374178656e-128,True
11857,Dock5,21.460549074123826,-0.6553040621815013,0.1491008310509905,-4.39503963567712,1.107525437188359e-05,3.15446332989414e-05,True
11858,Nefm,40.955189842037385,-0.9290283414386512,0.1204652939757722,-7.711999952662677,1.2386117827776774e-14,6.854697106713931e-14,True
11859,Nefl,12.35105831805089,-0.6651956361134054,0.1998936336733479,-3.327747982211486,0.0008755102921524,0.0019398104635957,True
11860,Slc25a37,45.64632931501017,0.6675513378542857,0.1162809553581639,5.740848411488543,9.420338994510187e-09,3.6088255933405086e-08,True
11861,Loxl2,80.51988244785726,-0.9357647614043916,0.0856140173078845,-10.93004149121049,8.28105514640255e-28,8.214355779936914e-27,True
11864,Tnfrsf10b,19.84903201302374,-1.6407698170367184,0.2207700899514609,-7.43202948097481,1.069439563172049e-13,5.66394884335336e-13,True
11865,Rhobtb2,19.51284188489697,-2.526560378073807,0.202707822950711,-12.46404969130445,1.1726129393189678e-35,1.4658080831172342e-34,True
11867,Bin3,161.74686212776973,-0.7621911320385384,0.055491669539097,-13.735235186995617,6.245293999943488e-43,9.5553544594061e-42,True
11873,Ppp3cc,24.66683717584115,0.5760880793369354,0.1435589426530302,4.0129027749200645,5.997662074356517e-05,0.0001567116604756,True
11876,Polr3d,14.747532004085594,-1.6532780709952009,0.202468123711558,-8.165621534333516,3.1978439769220284e-16,1.9250910660382937e-15,True
11877,Bmp1,23.323662307900907,0.6879041284347353,0.1415005131269935,4.861495645725023,1.1650214373327876e-06,3.6855815658603096e-06,True
11881,Fam160b2,42.36903388447522,-1.295865666405588,0.1149789783738777,-11.270457302132352,1.8361375460670784e-29,1.9147509484568319e-28,True
11884,Dok2,805.1211866185308,1.2055440962300024,0.0297166326431389,40.56799135713453,0.0,1e-300,True
11895,Gm49164,23.06368737535925,0.7664603631036963,0.1430512259837932,5.357943336959106,8.417462848766004e-08,2.974431002206908e-07,True
11903,Gm4285,222.1484572272658,1.1097399991572108,0.0597456408556444,18.574409501080257,5.177146738425387e-77,1.5718392736385966e-75,True
11906,Gpalpp1,69.90537474566402,-2.560817771747819,0.1064260401072592,-24.06194733137635,6.259463193632039e-128,3.8680385982415945e-126,True
11908,Tsc22d1,14.286435176561506,1.0400172782910593,0.1976501086603772,5.261910986743368,1.4256578819247713e-07,4.933103490126711e-07,True
11916,Gm49003,131.50573857453125,1.486583398670686,0.0863373032102216,17.21832097362391,1.9352125872466546e-66,4.962316382077639e-65,True
11921,Vwa8,15.548396803494478,0.5392681005359142,0.1727441265337546,3.121773870734412,0.0017976495835877,0.0037912802602246,True
11923,Naa16,20.585332018518063,-3.24290471633664,0.2327459510259741,-13.933237944812776,3.978995404227917e-44,6.297255351053196e-43,True
11928,Elf1,107.19625146367224,-3.501468178317345,0.1105000142938355,-31.68749072743495,2.3105356125819e-220,3.4535595549429293e-218,True
11939,Bora,15.460754898495802,1.8865245414034948,0.1977421117436363,9.540327676126408,1.4238171775690626e-21,1.1007831477156393e-20,True
11953,Mycbp2,67.51179703202953,-0.7444183622322899,0.08413534200397,-8.847867548897153,8.920743622649824e-19,6.10351973681143e-18,True
11954,Gm34907,3521.2297889771544,1.4764678728742613,0.030582527711548,48.27815041320935,0.0,1e-300,True
11957,Pou4f1,133.55506025280275,-0.54026174464775,0.0731770073589183,-7.382943962136581,1.548272047296038e-13,8.150566394675831e-13,True
11961,Gm10076,45.48539324575165,-1.466689556003185,0.1211594975830035,-12.105444354441882,9.883272559946076e-34,1.169409137539492e-32,True
11968,Tgds,62.445426354305646,-3.59475685502158,0.1504856555192641,-23.887704396924416,4.110772475214925e-126,2.461958528991733e-124,True
11969,Sox21,35.90360191115602,0.684487132379123,0.1151230848606302,5.945698321129714,2.752807303319582e-09,1.0996138446882793e-08,True
11975,Uggt2,90.58062529034272,0.5111924345524819,0.0716669255356033,7.132891926534885,9.828172583706773e-13,4.9417792450794724e-12,True
11976,Gm16835,63.58538611593872,-0.8965218496083265,0.0919866165213105,-9.746220521119282,1.914640768313141e-22,1.5324136272887968e-21,True
11977,Hs6st3,59.83443670164701,-0.7031118212596552,0.0876167242044602,-8.024858583150074,1.016429660629444e-15,5.9528874430970246e-15,True
11978,Mbnl2,98.82941086243136,-1.4388533458731867,0.074552415348297,-19.2998890666532,5.38246335993227e-83,1.7929241759713432e-81,True
11981,Farp1,13.894299243521566,-3.750692745632256,0.332292273712534,-11.28733058920587,1.5157021996139965e-29,1.584375377576185e-28,True
11983,Slc15a1,83.3540774526405,-0.6419843727347838,0.079727612405791,-8.052221223774573,8.1304774883416355e-16,4.7793542963401176e-15,True
11984,Dock9,11.075882395321903,0.8126036927997081,0.2113017757901388,3.845702146899,0.0001202077144124,0.0003013896071176,True
11988,Clybl,12.721615563634709,-1.3455156007616242,0.2168611483759401,-6.204502792861278,5.487009915302423e-10,2.292875254451822e-09,True
11992,Zic2,45.8467897313582,0.6126540395377006,0.1529807282695673,4.004779206294162,6.207543357259615e-05,0.0001619294723027,True
11993,Pcca,119.36295149618068,-0.7302962767377371,0.0696421216967101,-10.486416251333653,9.97399947837178e-26,9.117893511644831e-25,True
11995,4930594M22Rik,13.465089000439056,-0.9049740477222944,0.1959603484216331,-4.618148799037291,3.871785857022247e-06,1.1594142306096756e-05,True
11999,Fgf14,56.63227607117193,-1.4418587461880086,0.2017680498256098,-7.1461202476518055,8.926487189574817e-13,4.493563844884409e-12,True
12004,Fbxo4,44.06001279857555,-2.329220507365961,0.1296041102630152,-17.971810482237807,3.2396729685946984e-72,9.242316619051236e-71,True
12005,Oxct1,64.40562601258597,0.5712900931200743,0.0988929927371816,5.7768510923553205,7.611158833048035e-09,2.933743567827728e-08,True
12008,C7,62.3856217497528,2.147310827263209,0.1126992248385386,19.05346580989894,6.149290046450185e-81,1.9768158884617803e-79,True
12011,Prkaa1,87.35966139122132,0.962976336786088,0.077834065787394,12.372170553398622,3.696940696125611e-35,4.549760654035516e-34,True
12015,Dab2,687.9589140814946,-1.1310289005648035,0.0523830563166049,-21.591502674621097,2.1587856352340325e-103,9.414674111963282e-102,True
12018,Osmr,128.70535151315605,0.5219624301296999,0.0635923569159944,8.207942832174197,2.2501029448318165e-16,1.3653643407084945e-15,True
12020,Egflam,910.9620076804772,1.1243247007427004,0.0370841186376748,30.318226293248475,6.5938712743229465e-202,8.063889569605573e-200,True
12027,Nadk2,26.82386065229269,-1.9462553191904293,0.1611489610623899,-12.077368084532196,1.3910118788229745e-33,1.642539887701295e-32,True
12029,Lmbrd2,351.23927570116825,0.8578030488670104,0.0408274739380998,21.010436505759795,5.2648610572219404e-98,2.166397415734054e-96,True
12030,Capsl,39.8929880264092,-0.5299253913472902,0.1151516168954326,-4.6019795955492935,4.184942110001205e-06,1.2472097413036994e-05,True
12036,Rai14,36.79826693944448,1.1748991625138638,0.1249590477726613,9.402273652495849,5.339652805828352e-21,4.0232592963518406e-20,True
12037,Gm10389,13.565885988888011,0.8541716179845454,0.1894318516912875,4.509123520455092,6.509600185123381e-06,1.8985971987564656e-05,True
12041,Npr3,2728.9116161684187,-0.5880733755655041,0.01870204285635,-31.44433899988791,5.016429637752264e-217,7.250191859918315e-215,True
12042,Sub1,22.76362336832021,1.1380598847616252,0.1484834727318195,7.664555952413028,1.7945096448512028e-14,9.865572043117836e-14,True
12045,Pdzd2,16.756457178485714,4.727927477985466,0.3882289873144636,12.178192851312948,4.061822279287954e-34,4.875301854508424e-33,True
12046,6030458C11Rik,15.616434576114417,-2.503898876515912,0.2219699735566432,-11.280349483291513,1.6409278379150514e-29,1.712204417032125e-28,True
12047,Drosha,111.35823929390914,-1.6386983811730154,0.0736197632256737,-22.258946638414944,9.239279324940037e-110,4.4634396915621924e-108,True
12055,Gm2824,36.799338716945165,0.6744328835104312,0.1129099645654267,5.973191879974638,2.326559839438268e-09,9.32757415683091e-09,True
12056,4930445E18Rik,10.638453287374992,-0.7450435602716559,0.2074125275742485,-3.592085632363498,0.0003280420106987,0.0007739879496895,True
12061,Gm49267,14.50333516007774,-1.031520347044777,0.185141388831467,-5.571527542033091,2.5251543489234266e-08,9.342843855588165e-08,True
12070,Cmbl,34.928120877809576,0.55528989761234,0.1189531113817597,4.6681410108747095,3.0393727707167717e-06,9.20071854150855e-06,True
12072,Atpsckmt,56.51237874523158,0.8248288783167773,0.1025864113042819,8.040332709078292,8.959487107803092e-16,5.254309541960445e-15,True
12074,Sema5a,141.55519966572444,-0.5406715330704718,0.0758878203624523,-7.12461539266958,1.0437171776196052e-12,5.229950143900188e-12,True
12086,BC048602,15.307263664940722,-2.080296337036152,0.2077001665135419,-10.015862634855026,1.2982434763420228e-23,1.0915231689552546e-22,True
12092,Spag1,17.468712804121235,1.507837082806731,0.1768232615142782,8.527368344492247,1.4971456493189876e-17,9.636394227195603e-17,True
12095,Snx31,155.28448496436246,0.5074423889709568,0.0605476197912947,8.380880878886577,5.253304647915453e-17,3.2999206782595347e-16,True
12096,Pabpc1,17.70789482706376,0.9859816621665456,0.1674432844535285,5.888451515893372,3.898308736164495e-09,1.5385606675252693e-08,True
12103,Gm16137,18.015546070953125,1.2358075870582046,0.1745035536131357,7.08184768430515,1.4224495765933028e-12,7.077040738396493e-12,True
12107,Gm49312,39.08670709373225,-1.524494619992226,0.1253385544414987,-12.163014220048137,4.891972865921744e-34,5.843635346942586e-33,True
12115,Fzd6,32.74881447168101,-0.6404162970548669,0.1231410342244734,-5.200673366827939,1.985678002705202e-07,6.784981811510076e-07,True
12126,Angpt1,22.96189970438256,1.0067753409104063,0.1478839873459904,6.807872569428006,9.905253922123789e-12,4.704592085554068e-11,True
12130,Emc2,824.0232451254706,0.9502367845902924,0.0370519700810447,25.64605289575195,4.679204989704445e-145,3.4527399518966814e-143,True
12132,Eny2,17.67782335687801,0.8668805032192701,0.1636616196221381,5.2967855580356815,1.178589671440495e-07,4.108267126599836e-07,True
12138,Aard,30.97460608696228,-0.6380551282115362,0.1247773335176105,-5.113549955140559,3.161600949791454e-07,1.056565591629141e-06,True
12144,Dscc1,39.75603292058975,0.7910462195857424,0.1111057594236837,7.11975890078944,1.081160189537777e-12,5.406728451425976e-12,True
12151,Sntb1,519.0806126264084,0.6181168993041583,0.0437190307419158,14.138394397466271,2.2025242472246065e-45,3.596428014515772e-44,True
12158,Gm29394,97.16974550952315,0.6245398719175962,0.0703205761001112,8.88132473528766,6.606876983022897e-19,4.5452818520497415e-18,True
12162,Tmem65,185.82112177020997,1.4595126062948756,0.057705073983506,25.29262169756597,3.850799315379148e-141,2.7375113181849813e-139,True
12163,Trmt12,15.365345721323903,-3.157996761478417,0.288971722529891,-10.928393732891136,8.432788027725826e-28,8.36012454812184e-27,True
12170,Nsmce2,14.964018342674793,-3.3469260401594063,0.3088829653262038,-10.835579866389846,2.3348145720766835e-27,2.287464270951095e-26,True
12172,Lratd2,70.79667991915734,-0.7466595068840878,0.0824251142294702,-9.05864085071692,1.3208607851428358e-19,9.367077619861281e-19,True
12173,9930014A18Rik,74.78070663507798,-3.877097187699925,0.1499872384367397,-25.849513786035686,2.4639186582712513e-147,1.8414106622157116e-145,True
12174,Myc,121.96273506726196,1.4860357513051827,0.0829685599720477,17.910829738467566,9.707759737765158e-72,2.7515284002275052e-70,True
12179,Kcnq3,36.76328169730628,0.7741937013594126,0.1157329409035672,6.689484388066298,2.2395827485042203e-11,1.0380552108624916e-10,True
12181,Ccn4,47.41720786870994,-1.4321687558430278,0.1130242983990256,-12.67133506802971,8.525098246053102e-37,1.0994610481340462e-35,True
12191,Ptk2,168.94755254749882,1.4327467386620771,0.063194064912149,22.67217246831407,8.432832286975805e-114,4.312086872357687e-112,True
12194,Dennd3,11.698328639153893,-1.5558158435226628,0.2158155499926255,-7.20900715252365,5.636130166475668e-13,2.8710936309736816e-12,True
12197,Mroh5,91.63320417026551,-0.8787030010661123,0.0748204281353773,-11.744158954506632,7.567157370537083e-32,8.418221889055504e-31,True
12200,Them6,16.739265383507675,-1.204098236445634,0.1749424184352561,-6.882826059085576,5.867665860531023e-12,2.829162960269273e-11,True
12201,Lynx1,72.43605936751031,1.2730187023672013,0.086363370325124,14.740261960305489,3.554034911278255e-49,6.426871772670636e-48,True
12204,Zfp41,14.150132089035624,-2.271242226637929,0.2243505838882969,-10.123629666008668,4.3401540639225665e-24,3.7463284437254613e-23,True
12206,Zc3h3,125.3984275081079,0.521219074723909,0.0672576136320528,7.749592151386008,9.218815892297307e-15,5.137624357058487e-14,True
12207,Gsdmd,82.05920042557109,-4.281048479080903,0.1728153253032814,-24.772389089728566,1.7792874124692874e-135,1.1653999351783858e-133,True
12218,Fam83h,10.972915320309566,-2.1965538778925,0.2510065895019328,-8.750980929429286,2.115061185145551e-18,1.4220757403239288e-17,True
12225,Parp10,31.501948967361937,0.5124343372116686,0.1425235419155166,3.5954364473724847,0.0003238481827968,0.00076471199308,True
12229,Gpaa1,538.9593817520255,0.7258106374189756,0.0385873099583482,18.80956817675105,6.304924863566484e-79,1.9584462879937955e-77,True
12230,Cyc1,152.553604830932,0.5245469135749087,0.0648442517172209,8.089335595426455,5.99910686529872e-16,3.553942441068564e-15,True
12231,Sharpin,47.36827838306903,1.472282164957413,0.1097843054108841,13.4106797820251,5.235670487510453e-41,7.642855215824941e-40,True
12237,Dgat1,108.2844051576357,1.2313797301156022,0.0781339210923135,15.759860927250196,5.876215404570749e-56,1.2366216004227827e-54,True
12238,Fbxl6,12.582884523922576,-1.027777093368668,0.2032734814321007,-5.056129732849465,4.278503379788974e-07,1.4101482681068522e-06,True
12241,Vps28,39.163176632519125,1.077934041907932,0.1180003143798986,9.135009915630848,6.540078221524462e-20,4.718353462789595e-19,True
12252,Zfp251,19.335247651545,-0.7114150330158598,0.1588705888823976,-4.477953018368162,7.536218109519986e-06,2.187079029194914e-05,True
12257,Mb,13.185497723660852,-0.7984309691923,0.1864762160726547,-4.281677234812702,1.854898993071508e-05,5.1473299890248376e-05,True
12258,Rbfox2,82.46278457867383,0.5560900670441914,0.0788499315051966,7.052511732461581,1.7571659171665509e-12,8.683051019895067e-12,True
12262,Eif3d,22.33237874938779,0.6367326445446516,0.1515495861360681,4.20148058981147,2.6517498650627e-05,7.216589113012215e-05,True
12270,Card10,97.74227599722305,-1.8402456641378055,0.0805973647965382,-22.832578568584253,2.177276590142381e-115,1.129857952771809e-113,True
12271,Cdc42ep1,28.792879729445023,1.3981723202810166,0.1335727378501811,10.467497655466529,1.2182070113889256e-25,1.1119000112301423e-24,True
12282,1700088E04Rik,15.950460813086892,-0.8554053774397984,0.1864668762220573,-4.587438770739763,4.487169697039745e-06,1.3340976481100146e-05,True
12283,Polr2f,66.62312625857795,0.622901616161352,0.0867930300755851,7.176862192953605,7.13295196436605e-13,3.606275338329965e-12,True
12288,Tmem184b,23.30193026843043,1.8274594539034124,0.1768483084866765,10.33348562698348,4.97203145834732e-25,4.4498918190162724e-24,True
12291,Kdelr3,13.198193345706928,-3.9652358674627526,0.3537276271499054,-11.20985629370231,3.6478515344534745e-29,3.770308961851203e-28,True
12298,Gtpbp1,238.96034798154355,0.7165781529081025,0.047643251271063,15.040496477269778,3.9854976963481184e-51,7.575911273232162e-50,True
12299,Gm16576,52.01825277670387,0.540303437641101,0.098087707329435,5.508370542564018,3.6217043599547135e-08,1.3241974879131928e-07,True
12300,Dnal4,158.35742104624396,-0.5962860790565754,0.0538729076500934,-11.068384927902462,1.785901855262396e-28,1.8105421243379006e-27,True
12308,Rpl3,22.03011652040533,-0.5130536789720322,0.1439705502369878,-3.563601570790013,0.0003658010571883,0.0008582142323733,True
12310,Tab1,28.26634432245071,-0.7575188100980572,0.1281867572049786,-5.909493512553231,3.431611918166169e-09,1.3595838066354772e-08,True
12315,Tnrc6b,209.18500216616232,-0.9236802875107272,0.0533626502726758,-17.309490491773673,3.9892938038906646e-67,1.032023225479881e-65,True
12331,Csdc2,42.80288661780951,-2.399392908888932,0.1465242474238344,-16.375398277586605,2.866250380635959e-60,6.501295286194767e-59,True
12333,1700029P11Rik,221.6747988123201,-2.577676533828467,0.0622014694733324,-41.440765879873446,0.0,1e-300,True
12334,Xrcc6,50.58453321137279,1.0214927037716006,0.099158560312272,10.301608863165178,6.929257007661382e-25,6.1512104847706725e-24,True
12335,Desi1,71.88174590154337,1.1331553011947229,0.0852383921412586,13.293954434485782,2.509567071610513e-40,3.6032273356588376e-39,True
12336,Snu13,30.28020093433562,0.7915546056200335,0.1269840157835118,6.233497977962139,4.5613324618841296e-10,1.9161321665488747e-09,True
12337,Mei1,31.79652664074646,0.6232962232545434,0.1291736651089241,4.825257708132353,1.3982235247577603e-06,4.384432681750297e-06,True
12342,Sept3,187.16226450161392,-0.5480347551946939,0.0520991023378499,-10.519082490919372,7.05573007647076e-26,6.490826279711764e-25,True
12347,Tcf20,28.720782247939518,1.9055791254535484,0.145554277585247,13.091879930065986,3.6642489460538506e-39,5.101941526161603e-38,True
12349,Serhl,113.63963476134002,0.561017499683231,0.0664569480712948,8.44181859030561,3.1243800026837144e-17,1.9876012181496103e-16,True
12350,Rrp7a,13.890591760212986,0.688613665528386,0.1841770633701752,3.7388676577188655,0.0001848510021353,0.0004517122752104,True
12353,Gm49463,90.0894771977079,1.4939016944315917,0.0966107885460253,15.463093893700048,6.156889931045474e-54,1.2476441612297014e-52,True
12354,A4galt,60.96735954381435,-1.521504656813176,0.1240362756666242,-12.266610301187749,1.3686403648159458e-34,1.658682099785257e-33,True
12372,Gm29666,11.026991189876563,0.8211608368390997,0.2154956680625825,3.810567721484892,0.0001386480237764,0.0003446100966176,True
12375,Smc1b,10.503867361872269,-1.8014350500525806,0.2352568328930686,-7.657312342002783,1.8986448207766407e-14,1.0424960949997455e-13,True
12378,Wnt7b,484.8314039122347,-0.8246212799726712,0.0356337503041198,-23.141579904861445,1.7672059092875929e-118,9.568079548489603e-117,True
12380,Cdpf1,15.32093743240434,-0.5293329335613467,0.1726608708486109,-3.065737656480754,0.00217133739746,0.0045183660645861,True
12387,Tafa5,372.6945694434922,-1.5214630716439166,0.0424101656231269,-35.87496179958886,7.507839279884714e-282,1.7506279110216518e-279,True
12403,Syce3,10.286805223923944,-0.7453615265634499,0.2361430989185477,-3.156397667248983,0.0015973092504878,0.0033966128614459,True
12406,Mapk8ip2,54.3461582442492,-0.504128172215155,0.0904340550404819,-5.574539060417968,2.4818611713793706e-08,9.18771976398866e-08,True
12407,C230037L18Rik,200.40050644812385,0.8076405250999152,0.062090033006466,13.007571199322893,1.1080823972149816e-38,1.5222423379808017e-37,True
12413,Slc2a13,478.98281275338513,-1.5695210962060937,0.0456849285216138,-34.35533658465815,1.1723190589055897e-258,2.3297176934251083e-256,True
12415,Cntn1,12.253374481359185,0.6763076678258444,0.1937749663313485,3.4901704829579554,0.0004827125003164,0.0011126500864022,True
12417,Pdzrn4,747.4688586608432,-0.5258963953238455,0.0453952407624021,-11.584835469347492,4.919102034902542e-31,5.3765785241484785e-30,True
12418,Gm30085,13.380520358367228,3.0731268494780104,0.3891586334859614,7.896848701389199,2.8604324073888935e-15,1.6331453457530842e-14,True
12420,Yaf2,78.5225656105351,-1.4486483311185958,0.0914792169931523,-15.835819093500051,1.7615033036723741e-56,3.752152225897988e-55,True
12432,D030018L15Rik,675.2416862919905,-0.9679562248206304,0.0315084190299872,-30.72055833392986,3.0252139994044748e-207,4.069610955506574e-205,True
12433,2610037D02Rik,31.08815509755303,1.509406219568588,0.1442110703075956,10.466645981817438,1.2292135680835834e-25,1.1207761667698492e-24,True
12436,Scaf11,101.74593814201916,0.9873461239927216,0.0801913589960712,12.312375502217064,7.770197755670866e-35,9.469353195203632e-34,True
12438,Gm32885,20.466096022861056,-3.0400520129415143,0.2191761433738254,-13.870360004265706,9.579479321081925e-44,1.5065281867543226e-42,True
12440,Pced1b,40.29966411759586,-0.8181473299283473,0.1109496636471185,-7.374040650817196,1.6553267848414957e-13,8.695810998290201e-13,True
12445,Col2a1,30.252984033596583,1.1722769036326524,0.1282211429228346,9.142617800077996,6.095851406491809e-20,4.410601960973469e-19,True
12464,Tuba1b,74.81304035142473,-0.8224125840761456,0.0812635033648516,-10.120319085724503,4.489495927300207e-24,3.86950738179527e-23,True
12469,Troap,11.861024271240211,-1.1273266106678248,0.2075794686486808,-5.430819425478807,5.609587411528588e-08,2.014796973768986e-07,True
12472,Spats2,15.838494148757077,1.6585763509768994,0.1981355256313732,8.370918570466985,5.717080754100805e-17,3.58609426928676e-16,True
12474,Mcrs1,21.676937381872808,-1.4482748554792877,0.1729968100306899,-8.37168532311296,5.67999556207528e-17,3.5641105988364727e-16,True
12475,1700120C14Rik,143.84556718829234,-3.8342851440718193,0.1186933966590349,-32.30411507294203,6.1234093154703015e-229,9.824420376967398e-227,True
12478,Nckap5l,28.12540908802916,-1.586432375698526,0.1906034080215706,-8.32321096545655,8.561187438868238e-17,5.324254833959024e-16,True
12481,Racgap1,301.2196704029496,0.6256952673373156,0.0449355084683537,13.924294809704172,4.509705372855801e-44,7.130716777622264e-43,True
12487,Gm17058,39.61635956604101,0.635501332202265,0.1235874331241194,5.142119357427126,2.716564352446916e-07,9.14480796835258e-07,True
12488,Lima1,181.14069548847223,-0.5547254744594058,0.052553757262594,-10.555391343146454,4.796367019310095e-26,4.43803526104206e-25,True
12489,Gm17057,424.239867670661,-1.059476623454606,0.0673382740032429,-15.733646861866134,8.893768974826146e-56,1.8649188469035928e-54,True
12496,Atf1,425.649441844638,-5.0976302902940125,0.2335644865216397,-21.825365517722734,1.3326802832770575e-105,6.069248123424265e-104,True
12499,Slc11a2,17.094919623469753,-1.0202945039114026,0.1716892739385807,-5.942680521069697,2.803985913996749e-09,1.119290245696762e-08,True
12502,Csrnp2,689.0521838291189,0.6390832957067895,0.0524479937297311,12.185085648843655,3.732609860690869e-34,4.489400360643874e-33,True
12503,Tfcp2,506.1498650035963,-2.092676359600909,0.044348894971128,-47.18666295886923,0.0,1e-300,True
12505,C330013E15Rik,118.88519825050174,-0.72573115340232,0.1916109980363229,-3.787523476417288,0.0001521563122221,0.0003760471436038,True
12509,Galnt6,113.60927234587156,-1.2572120292106588,0.0684550590220264,-18.365509389249556,2.481108688811315e-75,7.417030555543979e-74,True
12510,Slc4a8,113.28945924549453,0.92859304843426,0.0660134339563175,14.06672843362048,6.081854462304571e-45,9.829895641107425e-44,True
12511,Scn8a,58.50807476744787,-1.6172722276984042,0.1855329692072276,-8.716899398575475,2.859239862598599e-18,1.912137159354658e-17,True
12512,Fignl2,11.205375725475472,-1.5057759143781848,0.2911408674929723,-5.171984020465736,2.3162139638320479e-07,7.857604228805984e-07,True
12518,Krt8,21.52465071261669,0.8032832748053069,0.1482125725950169,5.419805221249591,5.966400449669019e-08,2.136809565099566e-07,True
12521,Tns2,124.20348711167064,-0.6637267600161665,0.0685939738076257,-9.676167207889316,3.807221150545213e-22,3.0099766492194697e-21,True
12525,Csad,14.37666613984399,-0.5596892101115374,0.1866099248478898,-2.999246747287172,0.0027064802157463,0.0055357808202306,True
12526,Zfp740,29.31765548838662,-1.5323204812571158,0.1372044629488092,-11.168153340819698,5.838201344952467e-29,5.995212279537801e-28,True
12528,Rarg,289.9710779195088,0.656217137817308,0.0570880720690023,11.494820442073056,1.4007198314115172e-30,1.512085704427445e-29,True
12530,Espl1,156.1888211265514,0.6599873363455159,0.0741651325252914,8.898889732590307,5.640810001347426e-19,3.889845634998571e-18,True
12533,Aaas,652.4498924529672,0.8951014048606246,0.0314660834613594,28.44654645246256,5.376802768922082e-178,5.312402645362112e-176,True
12540,Atf7,51.73309082058238,0.74350989239317,0.0964878399300185,7.705736732550226,1.3009057340929299e-14,7.195341839151619e-14,True
12546,Cbx5,43.27457638687426,-1.4078232389171468,0.1224002283860509,-11.50180238615949,1.2918913972170816e-30,1.3971921307688513e-29,True
12549,Zfp385a,411.8196805246644,-0.7121385331171025,0.0382948980099546,-18.596172600642124,3.4508350358259237e-77,1.0495339670699781e-75,True
12550,Gtsf1,13.80202870477504,0.7286624157101702,0.1918649679462502,3.797787701996232,0.000145993278926,0.0003612244937964,True
12552,Nckap1l,137.95113377850302,1.4124273279833996,0.0808015487633907,17.480201179303837,2.0278236089055833e-68,5.38127151328389e-67,True
12554,Ppp1r1a,57.0417042601619,-2.4913100037559373,0.1178980226555477,-21.131058415072648,4.122034826641388e-99,1.7122599773944085e-97,True
12558,Zfp174,88.7773758664137,-3.5025055575591466,0.128622413803873,-27.23091142497032,2.797184709922279e-163,2.5085726260061955e-161,True
12559,Zfp597,49.368488422048905,-0.5860118313818249,0.098302567811827,-5.961307465574873,2.502276293742111e-09,1.0015977986944846e-08,True
12560,Naa60,33.03452400429466,1.856350242261523,0.136120121222033,13.63758881196945,2.3934408201340048e-42,3.6083183674571965e-41,True
12564,Slx4,1906.5482018574755,-0.9656871535327368,0.0420457403237916,-22.967538354564315,9.843258899536517e-117,5.248137549850446e-115,True
12569,Tfap4,340.1594008625912,0.9246658932481012,0.0627773863813299,14.72928305156549,4.1811806828870086e-49,7.538194616734848e-48,True
12570,Glis2,87.91636599178135,-1.2222988105502712,0.0831081871949,-14.70732128573342,5.785253870942816e-49,1.0376668686671586e-47,True
12573,Vasn,368.57995895442014,-1.554185854993753,0.0448730493074146,-34.635173650589074,7.468988428060484e-263,1.6125638225916264e-260,True
12586,Glyr1,26.59045901855508,-1.6703345831510292,0.1598617724922018,-10.448617934800575,1.4867596320295637e-25,1.3534852912510676e-24,True
12587,Ppl,14.617620125592524,-0.5432092107256706,0.178367705445102,-3.0454459756049244,0.0023233551436496,0.0048129394399603,True
12595,Tmem186,16.850304726321173,-2.755785737449799,0.2274031199840323,-12.118504520269129,8.428301178339912e-34,1.0006390428160785e-32,True
12604,Nubp1,20.7298888704784,0.505850077019065,0.1471006113352738,3.438803363407676,0.000584291473826,0.0013308269463753,True
12611,Txndc11,11.007525782096202,-2.166187288717168,0.2458551545385454,-8.810827223789406,1.2422570758862105e-18,8.440012332205924e-18,True
12619,Gm9961,27.547074891098088,-1.571332800951908,0.1561357486928137,-10.063888725722876,7.978323230936065e-24,6.779636378163748e-23,True
12629,Gm49432,349.03811216792514,-0.6277422563513466,0.0397845211025131,-15.77855504993608,4.370796565189017e-56,9.220324527385467e-55,True
12636,Nde1,11.93100038043827,-2.3456152417634404,0.2490129986564694,-9.419649795067034,4.525950300248312e-21,3.4145737209121e-20,True
12638,Fopnl,196.18858761186883,2.473890075412741,0.0813434775772199,30.412888028597735,3.710470537776973e-203,4.668252429111057e-201,True
12640,A630010A05Rik,341.1245699032583,0.5165214810798232,0.0386717424184158,13.356560857569486,1.0846058970751423e-40,1.56240427743411e-39,True
12641,Snai2,188.83553581735956,0.6714974737331272,0.050802194309908,13.21788325986075,6.918359771955538e-40,9.78078219013407e-39,True
12645,Cebpd,879.0052090692512,0.8114851509756725,0.0824206804300263,9.845649741567092,7.157523836088799e-23,5.81378434024714e-22,True
12648,Yars2,10.902231203873638,-2.8351263236739026,0.2901297827081883,-9.77192447190251,1.4860209673822817e-22,1.195378780017541e-21,True
12657,1700056N10Rik,80.00543558705267,1.1157367046026283,0.0892630451602585,12.499424623028368,7.519353505268889e-36,9.446728024435511e-35,True
12659,Ppil2,37.56423359984242,0.841262439622132,0.1114702589926573,7.546967659575879,4.4550915702324937e-14,2.4113476131298615e-13,True
12660,Gm49584,309.0303668016292,1.1046467589994131,0.0505473213780761,21.85371507101327,7.165969405191373e-106,3.2720227926367294e-104,True
12663,Ccdc116,956.5990487349504,0.7910352343617204,0.0414968684691795,19.06252841583061,5.171426521101056e-81,1.665523149189968e-79,True
12670,Crkl,59.61582710339303,-4.433556844225153,0.1974690602549171,-22.45190633156292,1.2259982955002176e-111,6.022544435872979e-110,True
12671,Aifm3,94.94881777036268,-0.5504601092424205,0.0703475521066139,-7.824865155338747,5.082013445310913e-15,2.875258852526601e-14,True
12673,Thap7,60.49726999296238,0.9653846579700812,0.0899364777934506,10.7340723325545,7.042268968379849e-27,6.748230121590509e-26,True
12679,Ess2,511.5835692133885,1.6293352427064176,0.0499659988103746,32.60887966814967,3.0694421724773093e-233,5.161385068488768e-231,True
12681,Slc25a1,112.88125986850524,-0.6908788312500205,0.0780055481793854,-8.856790925451115,8.235078035625121e-19,5.645434915210196e-18,True
12695,2510002D24Rik,15.277923540282409,-3.894355137297995,0.3229137430460567,-12.060047678870545,1.7168349615530156e-33,2.0218188422652616e-32,True
12696,Mrpl40,13.800311939629587,0.8494431173790028,0.1902373385485933,4.465175574152732,8.000311699331952e-06,2.3152316895236995e-05,True
12699,Gm43388,15.372210611112685,-0.5352546599126923,0.1775585327812907,-3.014525134491828,0.0025738188400506,0.005286697659714,True
12703,Gm16618,12.231513698813808,1.3232312987201111,0.2097756627389063,6.307839915476982,2.8295665292702207e-10,1.2092732029295603e-09,True
12704,Dvl3,75.27949826310869,2.0838315187120333,0.1037243423013203,20.090091414207084,9.009605680620732e-90,3.3100837004767933e-88,True
12705,Ap2m1,85.442350261686,0.5013581377305063,0.0787417802454286,6.367117128515933,1.9261408751025854e-10,8.341840421940074e-10,True
12711,Psmd2,50.32251697019927,0.7475790743676775,0.1840681107176315,4.061426346220808,4.8773806428834655e-05,0.0001288064522542,True
12722,1300002E11Rik,91.60956689803449,0.8136994003774598,0.0748531446246507,10.870610773371448,1.5913195540045935e-27,1.5634267618220412e-26,True
12724,Liph,28.05466259256716,-1.1838730212574426,0.1483692944314238,-7.979231995368341,1.4724658807009759e-15,8.557820977633322e-15,True
12725,Senp2,21.2652690087433,1.0664055859700237,0.1608162863570867,6.6312039043241455,3.3295990073077397e-11,1.5230977619617518e-10,True
12729,Tbccd1,27.37375914490907,1.4029720818520914,0.1395706598200444,10.052055952597884,8.997045484025801e-24,7.623078072899381e-23,True
12732,Fetub,32.07806954475358,-0.727805636570069,0.1181722294224582,-6.158855089110739,7.327273491968687e-10,3.03001557880228e-09,True
12734,Eif4a2,14.672674769333698,-0.522604521914565,0.1805920863118066,-2.893839550711246,0.0038056257232226,0.0075809070107892,True
12748,Gm26569,52.68165934083948,-0.7769915757807352,0.0945032081941925,-8.221853952133698,2.0038111777121855e-16,1.219588312689991e-15,True
12756,Fam43a,12.59651217334237,0.9026273491272094,0.1987869472443603,4.540677150284158,5.607384107278334e-06,1.6475459218428008e-05,True
12757,Gm49756,81.3172020405713,-1.2257196614340171,0.0833821674976084,-14.700021577985158,6.443917826012742e-49,1.1534415040052287e-47,True
12758,Xxylt1,85.51170131084895,-0.7156269478551537,0.0779588961747765,-9.17954182228011,4.329295270788569e-20,3.1532992792815696e-19,True
12783,Lrch3,148.02354670741582,-2.206188556739271,0.1303167087432028,-16.929437353169366,2.7297687561295512e-64,6.676670770236865e-63,True
12793,Umps,27.40532678798741,-2.95256053498078,0.1909549875490935,-15.462076025752888,6.254967366130884e-54,1.266051727996492e-52,True
12794,Kalrn,18.139084516104518,0.6862460830759932,0.170330565203914,4.028907449784145,5.6036672057534274e-05,0.0001469439677526,True
12796,Ccdc14,12.971973367716386,0.6013891020631221,0.1866530205237238,3.2219628719412268,0.0012731563199168,0.0027521579385296,True
12797,Mylk,108.87180069576736,0.9617051644889604,0.0765015761645694,12.571050332612105,3.046494051066965e-36,3.8690695689948503e-35,True
12800,Sec22a,54.1200788453119,0.6139142612851642,0.0912783309660141,6.725739338000653,1.747030690120629e-11,8.160275830349776e-11,True
12801,Pdia5,12.011678371581835,0.7740796800868006,0.1945568079940911,3.97868205213518,6.929833858139839e-05,0.0001794594025042,True
12802,Sema5b,91.29661891163504,-4.041318691535795,0.1418587301962186,-28.488332624617836,1.6340871476835788e-178,1.623688411289229e-176,True
12803,Slc49a4,221.0288441216965,0.6618026118970222,0.0561000705622486,11.796823163754956,4.0532620077186044e-32,4.549643516751152e-31,True
12804,Hspbap1,36.05935016162768,2.403668573196046,0.1721677756377242,13.961198977524395,2.688722223101855e-44,4.278468993412669e-43,True
12805,Gm26838,12.576882251181368,0.5886303891548069,0.1868492001634477,3.150296542023717,0.0016310481693655,0.0034637243941548,True
12815,Ildr1,627.6490372803252,-1.8082913000888945,0.0717638385364691,-25.19780626241101,4.23369733377882e-140,2.914917282406457e-138,True
12818,Golgb1,10.528055206558433,1.3532896354174244,0.2301961221289938,5.878855051515977,4.131139122123066e-09,1.628247937067572e-08,True
12824,Ndufb4,304.17301391854204,-0.8448523012915645,0.0446288578989483,-18.930627873214597,6.3797435325404156e-80,2.021176719149761e-78,True
12829,Maats1,1392.992496645045,-0.6540808536186052,0.0299700332269053,-21.824495444049436,1.3582826748553087e-105,6.16977855009601e-104,True
12831,Pla1a,10.700846945632255,1.075114369667126,0.2322001586097128,4.630119015009813,3.6545561702804418e-06,1.0964295471927324e-05,True
12832,Adprh,19.25448295322266,-1.634708693978112,0.1742107806063849,-9.383510528384596,6.3811945276669065e-21,4.7956308508740384e-20,True
12833,D930030I03Rik,62.63838543432404,-1.9822260657094533,0.1302921960282751,-15.213697566961605,2.868719354447405e-52,5.592883396942721e-51,True
12834,Cd80,51.42279214663444,-0.8126092105019902,0.1063155953202491,-7.643367918452677,2.1161219336773852e-14,1.1597223558806058e-13,True
12835,Timmdc1,154.75357843648965,0.5988032087113665,0.0578890963967449,10.34397228465008,4.45672249176971e-25,3.9968801505676255e-24,True
12836,Poglut1,47.64366662285394,-0.8326510035782847,0.1008938440792432,-8.252743377725904,1.5479922206351462e-16,9.478742280975992e-16,True
12839,B4galt4,865.8470333316363,-0.6294972961282131,0.0269436601532959,-23.363466305122948,1.0056596494765355e-120,5.618842156564108e-119,True
12841,Gap43,38.7417544289448,0.6901290967164078,0.1102057497925446,6.262187753502263,3.796134772953815e-10,1.605006396270979e-09,True
12843,Zbtb20,474.97028120517865,0.5740420151459859,0.0330908755864884,17.347441098850144,2.0622811059085352e-67,5.374839341300815e-66,True
12844,Gm19522,182.89950936531025,0.794438621267831,0.0568768438505617,13.967698759008842,2.454294649752532e-44,3.912552856414975e-43,True
12848,Zdhhc23,2176.7272246911416,-1.688773412735894,0.0290661136826736,-58.10110808665057,0.0,1e-300,True
12851,Naa50,34.54874404760999,-1.4348080135221768,0.1286531522243553,-11.152529018644234,6.959961101263908e-29,7.117883025666855e-28,True
12853,Sidt1,40.61511100625417,0.8807434079863738,0.1083886053567245,8.125793344122323,4.44445712402992e-16,2.651813926476808e-15,True
12854,Cfap44,240.1011804623776,1.3778578044937038,0.0517737521869708,26.613056738052084,4.793590729816556e-156,3.935695525024973e-154,True
12863,Abhd10,50.66739307354545,-0.7130984014854103,0.0956153438991412,-7.457991284721141,8.785147948290564e-14,4.683983759747116e-13,True
12869,Dppa4,15.33429482570412,-0.6438568536867069,0.1746681252453775,-3.6861725788961386,0.0002276520030038,0.0005498105549692,True
12870,Dppa2,10.380502700138493,-2.976185855780113,0.3150138452129766,-9.447793806548264,3.4604720487276666e-21,2.625454888856809e-20,True
12875,Bbx,10.38897855332566,0.9803474513548224,0.2203887928324749,4.44826362881355,8.65672418016165e-06,2.4969287887624432e-05,True
12876,G730013B05Rik,21.22306783994801,-3.0407978478871813,0.2186422421546514,-13.907641167237683,5.692605525858199e-44,8.976761536177471e-43,True
12881,Cep97,507.38174052093547,1.8861014319777736,0.0444611706390391,42.42131740727674,0.0,1e-300,True
12882,Zbtb11os1,29.81816270227273,-1.2891007365511076,0.1308649346334212,-9.850619955316034,6.812246684640491e-23,5.5513779133733885e-22,True
12890,Tmem45a,823.9192671787746,0.6186736760385796,0.0362379244149854,17.072547228525597,2.376031328134721e-65,5.987325052798271e-64,True
12893,Tomm70a,54.91967190035334,0.710317489081118,0.0930607308816915,7.632838065543968,2.2964126324254206e-14,1.2573470293004309e-13,True
12895,Gm16892,107.77774889501286,-0.5618886578823509,0.070448057110285,-7.97592837802078,1.512396312887652e-15,8.778223272412631e-15,True
12901,Filip1l,10.942049426043296,2.1333925428121905,0.2685269803881353,7.944797724714792,1.9450791823257187e-15,1.1211451793181336e-14,True
12907,Cldnd1,14.16397321663274,1.0156071408185732,0.1867818911275642,5.437396177367943,5.406483444973756e-08,1.9446438191217816e-07,True
12909,Crybg3,92.38425566070642,-0.6850874670794518,0.0716264456655057,-9.56472795367787,1.1249694761445521e-21,8.720508066851032e-21,True
12910,Arl6,30.119464011374305,-2.158546563853471,0.1693927233826223,-12.742852944029774,3.416681033478492e-37,4.492550219058035e-36,True
12911,4930547E14Rik,381.29732059587,0.5181287811556458,0.042927134986329,12.069959509775185,1.5220917866717717e-33,1.793688757770616e-32,True
12919,Cggbp1,64.98793941148149,-0.9022962271488284,0.0866562232712382,-10.412365010699776,2.1774388651364e-25,1.9689271392712182e-24,True
12923,Gbe1,72.44939818878736,2.412462918921232,0.1057403153455562,22.81497753281116,3.256214086845345e-115,1.6847536080103957e-113,True
12924,8030451O07Rik,25.19070383755341,-0.9674657864790712,0.1550702049541862,-6.238888939141456,4.406897240633245e-10,1.8530372431881263e-09,True
12929,Usp25,17.277638266956163,0.7600855096785316,0.1734247334776273,4.382797623134801,1.1716494217469725e-05,3.331133976184531e-05,True
12931,Cxadr,24.201260964732388,0.8893126236690115,0.1394549383033661,6.377060823292088,1.8051878275115938e-10,7.831586387378507e-10,True
12932,D16Ertd472e,91.33427316896122,-0.7885267461813668,0.1015255237091889,-7.76678334051281,8.050437322748613e-15,4.5022720786769354e-14,True
12934,Mir155hg,988.6840570726594,-3.559231571079684,0.0975437416578003,-36.48856923662064,1.68350768706263e-291,4.2668380335291715e-289,True
12937,Atp5j,60.0831882208746,-1.8536655716561283,0.1036910503225617,-17.876813532988155,1.7876638748585962e-71,5.034245707492292e-70,True
12948,Usp16,19.028206932016115,-2.8304428271447057,0.2159020225743874,-13.109848594259914,2.89175137366117e-39,4.032770974687922e-38,True
12949,Cct8,115.0915808282313,-0.937949742690806,0.3058117765042533,-3.067081828608915,0.0021615967410385,0.0045002385484859,True
12956,Hunk,67.18514290143536,-0.5016957375388051,0.0867331695248693,-5.784358398143765,7.278960677238441e-09,2.8106527781750023e-08,True
12960,Gm36363,1104.2398203404657,-1.2411221213585173,0.043354256633093,-28.627457088288452,3.0596266859435226e-180,3.110857644405833e-178,True
12969,Il10rb,26.779340113948397,0.691286603324492,0.131877240339015,5.241894670736294,1.5893609284288e-07,5.476796830810413e-07,True
12970,Gm49625,66.18918383933676,1.0925228722756015,0.0915668722949624,11.93142066441104,8.117617096243271e-33,9.321135113532654e-32,True
12973,Ifngr2,272.07956137052366,0.5017850120388014,0.0583185187013935,8.604213948026956,7.684153261542164e-18,5.009563077471056e-17,True
12983,Slc5a3,605.7745942080902,0.6721601161972501,0.036914875150881,18.20838113226578,4.428487225589037e-74,1.3126336373067978e-72,True
12986,2410124H12Rik,265.4042272304943,0.6138047900569069,0.042207544676989,14.542537234854723,6.513303095329696e-48,1.1288864671072914e-46,True
12992,Cbr1,81.41309634329116,0.7665080043881233,0.0825734310549457,9.282743790530835,1.651693302145556e-20,1.2213451360643332e-19,True
12993,Cbr3,20.82837848175597,1.1833214734265345,0.1617976888246774,7.313586998815363,2.601037686447857e-13,1.3489604703618065e-12,True
12995,Chaf1b,83.55290227996983,-0.8835218440347024,0.080900439244374,-10.921100704606426,9.138157321853252e-28,9.038919414285615e-27,True
12997,Ripply3,51.3927222637977,1.102961669408047,0.1107886376034054,9.955548630865591,2.3850369922692215e-23,1.97863030933606e-22,True
13002,1600002D24Rik,22.206782242472343,-1.2265869980497863,0.1617738849143673,-7.582107573784621,3.3998618911777365e-14,1.8482059295280158e-13,True
13004,Brwd1,11.931887560926688,1.5148715798313888,0.2360866346083442,6.416591868254143,1.3935886763506303e-10,6.086683009994962e-10,True
13009,Sh3bgr,41.436659049695024,-0.7239728463020481,0.116349181183852,-6.222414622394674,4.895612013767501e-10,2.053104625821728e-09,True
13010,Gm32509,22.66722281702886,-0.5371732934303184,0.1637280582404425,-3.2808872175192683,0.0010348111375709,0.0022688794361574,True
13019,Gm49797,11.000674931694205,-1.09383626385973,0.2189073497166229,-4.996800085861477,5.828944004392518e-07,1.8986137595234932e-06,True
13020,Gm34035,127.0299654137074,-3.642871823026285,0.1259479465259274,-28.923630146493657,6.024440564323556e-184,6.503420777091997e-182,True
13023,1700102H20Rik,171.40533799973505,1.1457365768577183,0.0718909028310743,15.937156604499911,3.4991716062414034e-57,7.49002607710522e-56,True
13026,Ldhal6b,161.18267826863237,0.7448567973119882,0.0586377181683376,12.702690701122568,5.7131100756163335e-37,7.439379672552378e-36,True
13028,Serac1,39.71923074327592,1.6513670457116605,0.1211964468406823,13.625540094277264,2.8231393001834205e-42,4.248800351257113e-41,True
13032,Dynlt1a,19.885861435952613,-0.6535159816539134,0.1721666904732183,-3.7958328632423366,0.0001471486130795,0.000364030972632,True
13033,Dynlt1b,39.30484292943475,-3.204244382894571,0.3672257797606411,-8.7255431385648,2.649060951017337e-18,1.7729344780478833e-17,True
13046,Gm1604a,32.564144938837096,-2.939378275664952,0.2389286133799885,-12.302328440630124,8.800022210132133e-35,1.0716907270946433e-33,True
13049,Mpc1,56.65924138688344,-0.9758458628356408,0.1377999332312716,-7.081613466371312,1.424856315424201e-12,7.0849835780888306e-12,True
13055,Gm49808,18.183275951666445,-1.8578434919166025,0.1868308046653585,-9.943989136289773,2.6787984460608666e-23,2.2170765369007304e-22,True
13067,Mrpl18,12.349196140199096,-2.756343682965454,0.2877563886907526,-9.578740181951806,9.823584698238412e-22,7.631934660275138e-21,True
13068,Tcp1,463.7256386037504,-1.8130379273107569,0.0551362223606002,-32.88288260761106,3.861348439833853e-237,6.685867476813311e-235,True
13071,Wtap,49.16040002390215,-2.8859141367633514,0.137790016966941,-20.9442904521577,2.115261644901996e-97,8.622772877866224e-96,True
13075,Tcte2,339.3241400462986,1.5530687351321697,0.0557425950729395,27.861435821205824,7.829737069831615e-171,7.322269619102421e-169,True
13077,Dact2,154.95576230166947,-0.767739435423019,0.0603289631024213,-12.725884814556094,4.24637025533569e-37,5.562585994405284e-36,True
13078,1600012H06Rik,14.30904919461978,-1.8077338171488848,0.2038981616350483,-8.865866188555918,7.59115970112525e-19,5.2121790676591424e-18,True
13081,Gm3448,104.40150849126756,0.9558048289341684,0.0720383319347759,13.26800334299192,3.5491161723752634e-40,5.0791279560146157e-39,True
13083,Ermard,101.3062059976038,-0.6228626391358822,0.0720581170469053,-8.643892800174582,5.43295309895381e-18,3.582635135539375e-17,True
13087,Pdcd2,37.55231018705263,-2.767181465240019,0.1604551399522151,-17.245826254391783,1.2028076924333206e-66,3.0933383713638098e-65,True
13094,Gm6712,280.4813200110191,0.7959428196170335,0.05283145856535,15.06569837803153,2.722732004873219e-51,5.192490436338371e-50,True
13101,Has1,23.001610614520278,-4.454546652148008,0.3114846956658588,-14.301012904102892,2.1564780733531508e-46,3.605400434684503e-45,True
13102,4930549P19Rik,15.318774739141451,0.8324576284920236,0.1788304495018889,4.655010546642006,3.2396412361851813e-06,9.77819225723273e-06,True
13113,Zfp760,24.064562287954672,0.8192778604962041,0.1476964259940168,5.54703917161403,2.9054766700383796e-08,1.069479604412359e-07,True
13114,Zfp229,85.13573231760036,1.501490449408049,0.0848532565608922,17.695142299347726,4.570743700316496e-70,1.2411982271915354e-68,True
13118,Zfp947,60.33131029242535,-4.434593274079788,0.3509744772172726,-12.635087625857558,1.3524340508883015e-36,1.7301658143331835e-35,True
13119,Zfp994,1990.5238281996192,-1.7278354727049836,0.0272154052506731,-63.48740563627087,0.0,1e-300,True
13126,6330415G19Rik,32.71894862416895,-0.7690905929249545,0.1251824906365435,-6.143755320845486,8.059295847825236e-10,3.3217291017385752e-09,True
13134,Cldn6,43.20656230560644,-1.2810869938405756,0.1149268942264705,-11.14697306024919,7.408381760903213e-29,7.572050276719778e-28,True
13137,Paqr4,17.959323191037434,1.326646911928216,0.1687459649300273,7.861799317561915,3.786543434598041e-15,2.152066024837521e-14,True
13144,Kctd5,19.551739607656028,0.8880991345588348,0.1786430805892734,4.97136038871108,6.64847319261678e-07,2.1523231986760875e-06,True
13147,Amdhd2,13.188953664006304,-1.3863739729768936,0.2462032395890203,-5.631014341204957,1.7915282797185653e-08,6.708832238911833e-08,True
13151,BC028777,61.96749508540631,1.4576582353380054,0.1143676266897499,12.745374521867616,3.3079836999209527e-37,4.352898340422695e-36,True
13153,Ccnf,223.33037868518943,-3.775047001078051,0.1886159630424005,-20.01446187367199,4.12062056451513e-89,1.4950500504614232e-87,True
13157,Eci1,2973.396422019159,-0.6396470102367713,0.0177252164461013,-36.08683776481957,3.6485710477158364e-285,8.986790208796414e-283,True
13160,Mlst8,136.58978351065488,-0.7372923636202801,0.0618516003388468,-11.920344171874431,9.272469596898854e-33,1.0633242512168338e-31,True
13164,Rab26os,31.781365282569567,1.3806809785448182,0.1298517152101679,10.63275118322584,2.098295963935264e-26,1.9803022027684772e-25,True
13172,Syngr3,46.80117816676816,-3.287608165892973,0.16569684842889,-19.841102574161955,1.3154201432940427e-87,4.675623468684192e-86,True
13174,Noxo1,59.684904289804926,0.7114767328122874,0.0875404717238414,8.127403460387322,4.385836724201849e-16,2.617730806581636e-15,True
13178,Ndufb10,38.0223321126138,0.796614046895739,0.1133967623095032,7.02501580002323,2.1404202552115965e-12,1.0538195220478716e-11,True
13181,Hs3st6,356.8560780812604,-0.5378019919133381,0.0374606969606436,-14.3564331565522,9.70973536341044e-47,1.6374527679394578e-45,True
13189,Mrps34,200.15269966557744,-1.2875672313847972,0.0635858542596952,-20.24927157738825,3.6053160858453317e-91,1.3559089829949069e-89,True
13191,Jpt2,17.301374590980867,0.731770823906772,0.164869640689008,4.438481341068147,9.05958365197407e-06,2.607108752768184e-05,True
13192,Cramp1l,57.6403878937694,-1.028111374927944,0.0957090527092621,-10.742049428187997,6.459431789371502e-27,6.203324718974675e-26,True
13194,Tmem204,137.18670258277072,0.7821023204815856,0.0585279963897551,13.362875354101249,9.963958114836484e-41,1.4365185450310013e-39,True
13201,Ube2i,103.88190458941234,0.6614673193448924,0.0677460237452651,9.763928313078647,1.6080306587737832e-22,1.2917427726520862e-21,True
13203,Lmf1,849.478338580328,1.0510490585354184,0.0291439864959021,36.064011307554125,8.318163585836666e-285,2.0203895109598837e-282,True
13205,Mslnl,11.307188161989032,-1.605283402495934,0.2238754871929194,-7.170429521444744,7.476282739673635e-13,3.77440047781214e-12,True
13210,Fam173a,103.37147185735672,0.5908100518754494,0.0688030227525252,8.586978133221116,8.928661994243589e-18,5.806784713846482e-17,True
13212,Fbxl16,46.45532595330464,0.531957747652022,0.1005839695665999,5.288693118238838,1.2319337736658665e-07,4.283964572254658e-07,True
13225,Capn15,30.398099559229845,1.161951900546213,0.1282623123705477,9.059184097580848,1.3142994942158835e-19,9.328112644012733e-19,True
13232,Arhgdig,65.26446842882272,-1.5920299891197354,0.0950474285480909,-16.749848085729326,5.677106894233957e-63,1.3442252552765458e-61,True
13234,Luc7l,23.845625105876533,-1.7272409906902468,0.1688585020384076,-10.22892522342392,1.4714327972290256e-24,1.290492314841585e-23,True
13235,Gm50013,95.87283390847168,1.6008779879526174,0.1011340071450873,15.829274772589509,1.954610565356769e-56,4.148328830941648e-55,True
13247,Cuta,17.842533163056775,-1.3217892746803217,0.1822422608914719,-7.2529240375670465,4.0786885852651374e-13,2.094804874570241e-12,True
13252,Bak1,136.20006493781844,-0.5256226381788072,0.064505627150489,-8.148477294121188,3.6853522788915607e-16,2.2079287650995414e-15,True
13254,Itpr3,34.75331984241185,-1.7852781797297417,0.1290894602340089,-13.829774921155073,1.685470611662486e-43,2.629394295874537e-42,True
13259,Grm4,467.0058248915652,0.833372310670598,0.0554100100186504,15.040103952157612,4.0092001790434334e-51,7.612691936059888e-50,True
13261,AI413582,36.89098083585328,-0.647975625931868,0.1219004387852584,-5.315613564552883,1.062985280136332e-07,3.7201293934409e-07,True
13263,Gm49741,15.581544868129605,2.3176117049432854,0.2119300111209521,10.935740967901822,7.776805882431268e-28,7.727317117724888e-27,True
13270,Anks1,825.3378400175006,-0.6199935905705961,0.0386005952423357,-16.061762433409577,4.729204291890482e-58,1.029941776545215e-56,True
13271,Scube3,50.487543201994576,-1.980670337453771,0.1178509522042188,-16.8065705062913,2.1844934906028377e-63,5.226049543592671e-62,True
13277,Tulp1,243.08360105604703,1.3558767088662076,0.0644780567318844,21.02849833865613,3.5986155531968667e-98,1.4842591696770474e-96,True
13279,Gm22146,178.6559686471252,-2.015541409287309,0.0800507869383761,-25.17828351692398,6.928117495955748e-140,4.7327702644247705e-138,True
13281,Lhfpl5,11.31944775671974,-0.9055075189911492,0.2066414668337975,-4.382022315586116,1.1758276216442183e-05,3.341383400603524e-05,True
13284,Gm4356,11.53660714568402,-1.726349920874749,0.2307566472326819,-7.481257600063827,7.361472020730926e-14,3.940539415321164e-13,True
13292,Gm41556,70.90437077834947,-0.7183810983173954,0.0829672995950821,-8.658605279711638,4.775714356801709e-18,3.157568721049085e-17,True
13293,Trp53cor1,73.30802303528586,-0.989923940245348,0.0876468544003675,-11.29446056014073,1.3975953210041354e-29,1.461791086944995e-28,True
13300,Gm36199,1571.4651522282231,0.9394666364929408,0.037286125125179,25.196145572620157,4.414902492976885e-140,3.027757443026658e-138,True
13307,Cmtr1,16.98064246077181,-1.119024619192072,0.1755431859511848,-6.3746400244966,1.8339319270240143e-10,7.950372221069897e-10,True
13310,Gm50240,11.546484633965887,-0.5793247109991202,0.1991217867416576,-2.9093989185158384,0.0036212446690821,0.007243317713932,True
13312,1700097N02Rik,12.558123207417642,1.2867453383245753,0.2088631026553062,6.160711595135758,7.241877795091652e-10,2.9954105695497354e-09,True
13315,Glp1r,16.450228537201195,-0.6344745178783286,0.168919882275503,-3.7560677247188736,0.0001726040030568,0.0004234706517197,True
13318,Gm50218,36.88377537850519,-0.895671793022047,0.1179153340989405,-7.595889032299272,3.0568640186323564e-14,1.6648532531249656e-13,True
13323,Ndufv3,35.701474300600815,-0.915235847454465,0.1217114652434958,-7.519717601159802,5.4894682872141364e-14,2.95374853945888e-13,True
13327,Cbs,24.567643492088035,0.8136427947221447,0.138560717191921,5.872102939501712,4.3030140063430435e-09,1.6933569312753244e-08,True
13337,Akap8,633.9160627586438,1.0161605922950554,0.0406291551593009,25.01062570242576,4.6849694880543375e-138,3.1633492821271915e-136,True
13351,Zfp955a,66.57753418777546,-0.9242913513856806,0.090200798848512,-10.247041746692116,1.2202096274484091e-24,1.075013902509712e-23,True
13352,Zfp955b,774.2208669293201,0.7442567334528883,0.0350084885076923,21.259322100962887,2.7029232714191966e-100,1.1308306739372946e-98,True
13353,Zfp81,463.8030969565654,-1.8701393956944716,0.0425883833561712,-43.91196021821949,0.0,1e-300,True
13354,Zfp101,73.08586752651064,0.5760599259601448,0.092979014992619,6.195590757827175,5.806682111454464e-10,2.4229839361755114e-09,True
13356,Myo1f,764.1124216315496,-0.8477599215159748,0.0272898727424581,-31.06500090771818,7.156294286889273e-212,1.0011941959129572e-209,True
13357,Zfp414,11.47790732484006,-2.38703722350598,0.2667430372726447,-8.948826735695183,3.5928058585182305e-19,2.4972571086552786e-18,True
13364,Rps28,88.19860074181709,-1.1685189918426209,0.2044101953120267,-5.716539676795023,1.0871509498628757e-08,4.143874413949863e-08,True
13375,Pfdn6,10.877206956267928,-2.427403843053996,0.4263291281513562,-5.69373210218987,1.2429205537719564e-08,4.720129130155044e-08,True
13376,Wdr46,810.413643272938,-0.5790373519104782,0.0300416351961978,-19.2744951507754,8.795437423030288e-83,2.9131554858703348e-81,True
13378,Rps18,12.008720547821902,-2.583996701473533,0.2587554471843111,-9.986250452277268,1.7507946180015946e-23,1.4615814636335104e-22,True
13380,H2-K1,52.284479097391774,-2.09295195447895,0.1163084751473789,-17.994836161568536,2.1385361667683826e-72,6.120903516275855e-71,True
13387,H2-DMb1,41.40651616612376,-5.460822344237754,0.3234071293604281,-16.8852874549708,5.773442687305659e-64,1.3984205777784124e-62,True
13389,Tap1,14.250491664872465,-2.7168471790862725,0.2537792795913716,-10.705551625258236,9.585803349315636e-27,9.165474520111088e-26,True
13393,H2-Eb1,97.555046170357,-4.477081730106587,0.2948506043584954,-15.18423792906019,4.49759871729539e-52,8.719956360095542e-51,True
13397,Pbx2,120.66080105449848,0.6896931482644222,0.0656514860507495,10.505369942902428,8.160221412436893e-26,7.479347592279684e-25,True
13405,Stk19,10.91340363806456,0.7797257093038291,0.2025484646240762,3.8495760051846175,0.0001183224646509,0.0002969182467809,True
13415,Gm10501,30.75733653450347,-1.8220474759461764,0.1614787276554556,-11.283513948870388,1.5829406783820106e-29,1.6526845721519163e-28,True
13417,Vars,57.10444525421011,0.5744155691338301,0.0921111956439811,6.236110226535361,4.4858507332930623e-10,1.8857826351881992e-09,True
13420,Clic1,39.2876984411377,-4.567920199672199,0.2481687061607749,-18.406511724781662,1.164881141138523e-75,3.494243807243653e-74,True
13425,D17H6S53E,63.158308160321646,0.9053391133106244,0.087020140871037,10.40378818338536,2.382682915764034e-25,2.150070115112561e-24,True
13438,Pou5f1,44.28405451705186,1.2629604663092586,0.1128269374754534,11.193784875921384,4.3735726749912914e-29,4.4964749523955135e-28,True
13442,Gm9573,135.4351024761249,-0.7268205194578867,0.0704271970961462,-10.320168193910108,5.712300312506169e-25,5.096770809444279e-24,True
13446,Flot1,20.15193649322573,0.5941594777688052,0.1516985127371198,3.9167126100862406,8.976465183662294e-05,0.0002291350505501,True
13450,Ppp1r18,32.99877542201276,0.76311645603269,0.1216601527346178,6.272525875397397,3.5523739438933855e-10,1.50457533375654e-09,True
13451,Dhx16,70.52107867244837,0.8865961023084566,0.0825962543341695,10.73409574629679,7.04048419057856e-27,6.748230121590509e-26,True
13454,Atat1,386.7108206715002,2.081953688674443,0.1053795892762342,19.75670718564829,7.024004830666203e-87,2.4815312419937486e-85,True
13455,Mrps18b,240.95357791710956,-0.5135011774561166,0.0504556899759882,-10.177269951129206,2.5049035241195223e-24,2.175062206047776e-23,True
13458,Prr3,1089.8908519997872,-0.5901926480941175,0.0285081229747591,-20.702613378533187,3.2808825507184495e-95,1.301044762969711e-93,True
13467,Gm8909,28.489003939557247,0.7646170639793045,0.1286891754271392,5.9415802567809015,2.822874727125329e-09,1.126316067259132e-08,True
13470,Rpp21,124.31303646490544,-0.8653428974543883,0.0912741835837182,-9.480697207887712,2.525896769711601e-21,1.9323220782465652e-20,True
13471,Trim39,46.04395487602306,0.9060503574291622,0.1052197216059477,8.611031692541049,7.240596726768209e-18,4.730054372720302e-17,True
13472,Trim26,53.22458718495181,-1.0557003220637624,0.0998909293443783,-10.56853038601923,4.1697749745450276e-26,3.880842190252445e-25,True
13475,Znrd1as,13.096188049824576,1.2390724702303535,0.2027744756077467,6.110593882768824,9.926106441014652e-10,4.069167583200121e-09,True
13482,H2-M3,746.7545908247777,-1.2344703071901102,0.057083541874109,-21.625678201828947,1.02992503547166e-103,4.525459552846329e-102,True
13483,Gm26917,52.31292078606945,0.6219565509194909,0.0968147122017986,6.424194595787231,1.3256952724040695e-10,5.795939730950592e-10,True
13484,AY036118,14.786181906309045,0.7763643939081164,0.187486069171194,4.140917761730959,3.4591897528448204e-05,9.295376520858976e-05,True
13485,Crisp1,140.07624408856643,-1.258564063656053,0.0778280062094271,-16.171094763360454,8.065233748957579e-59,1.7853773139464576e-57,True
13490,Mmut,99.85191607848732,-1.105864276885404,0.0778523528351562,-14.204635269366223,8.57479321510253e-46,1.4160149551058838e-44,True
13491,Gm49857,433.12383348982286,0.9999296281067288,0.041685635943261,23.98739051187197,3.765214856444705e-127,2.2863221322744788e-125,True
13492,Ptchd4,30.102931183473903,0.6162243308120455,0.1265600219824477,4.869028316836953,1.1214833799421816e-06,3.552989374715376e-06,True
13493,Adgrf2,438.2549984289026,0.8889627297950203,0.0384215997187626,23.137056663492007,1.9625785470623361e-118,1.0593078281180904e-116,True
13502,Enpp4,30.088647554723764,-2.165206053442424,0.1501686197201106,-14.418498734808969,3.958596214787346e-47,6.740791684927081e-46,True
13505,Supt3,3213.558802043314,-0.5534418522808883,0.0229432837512037,-24.12217267076472,1.4632363758681094e-128,9.138956336136247e-127,True
13510,Tmem151b,34.355521878150306,0.7585722542225746,0.1226679643718462,6.183947521319396,6.25181585568477e-10,2.600041752300006e-09,True
13511,Nfkbie,13.071999646441515,-0.7764214997407686,0.2012061942792783,-3.858834975344146,0.0001139288324587,0.000286633207026,True
13523,Gtpbp2,15.586829655670188,1.1843942688463769,0.2097644221207875,5.646306732437083,1.6393125928306417e-08,6.154636887810705e-08,True
13526,Polr1c,23.883204156825368,-2.179439377047907,0.1762632430404937,-12.364684431383203,4.0580184603980916e-35,4.99062073385667e-34,True
13535,Cul9,55.61509630821781,0.5312541120779429,0.0923754567096427,5.751030966458944,8.870086475470393e-09,3.4032486240242703e-08,True
13541,Rrp36,17.26502645119431,-2.552191770342159,0.2167933785264952,-11.772461814511765,5.412170655811634e-32,6.051664989055873e-31,True
13543,Mea1,75.46157095071028,1.0157176740209493,0.0837688898198377,12.125237378762677,7.76349231247565e-34,9.223366410365092e-33,True
13548,Ptcra,1176.4639343569015,0.5151505871982441,0.0284059522107788,18.135304297342515,1.6776787488670336e-73,4.889874326697781e-72,True
13551,Bicral,45.987717924632015,0.772413842540723,0.1031052878599753,7.491505611135277,6.808797264248562e-14,3.650283462819706e-13,True
13552,Tbcc,412.6038769632751,0.991598035704202,0.0538237808573867,18.423046837448545,8.583321785628317e-76,2.583565084114768e-74,True
13556,Guca1b,32.68990718538699,0.7345216849449605,0.1419901604982006,5.173046374254002,2.303078236735293e-07,7.814558052779745e-07,True
13557,Guca1a,22.29060807501627,0.600078869867047,0.1447376675114125,4.145975820839664,3.3836953494926494e-05,9.105102980755107e-05,True
13558,1700001C19Rik,775.7723447352832,-3.112399959814033,0.2907261422222012,-10.70560746971022,9.580025079182099e-27,9.164960535270052e-26,True
13560,Taf8,242.9414920849047,0.8597361908182352,0.0501175063857967,17.154408764875885,5.825994634531484e-66,1.4723265053278403e-64,True
13562,Med20,27.687337255966455,-1.0965987670337352,0.140885018920785,-7.783643537360891,7.046512170075726e-15,3.9547305786355684e-14,True
13563,Usp49,39.01363747062892,-1.634734287142542,0.1222304298160356,-13.374200594753033,8.556870720543776e-41,1.2367153319080129e-39,True
13564,Tomm6,379.89137645879146,0.9071302900230171,0.0586344445807559,15.470945388996515,5.450073344920341e-54,1.1069788926360853e-52,True
13565,Frs3,31.455505832440963,1.1792552662988154,0.135427909394484,8.707623646938213,3.103116388831377e-18,2.067325691728881e-17,True
13568,Mdfi,20.37278612564612,0.8115323250757605,0.1538515645488238,5.274774601451814,1.3291935210089177e-07,4.613921456015076e-07,True
13569,Foxp4,41.13426912553221,0.8483683063114271,0.1143595617298403,7.418429149943642,1.185175474620372e-13,6.261736767420263e-13,True
13575,Lrfn2,66.53342669880048,-2.220680122772229,0.1013256228621731,-21.916274087876857,1.817374508335188e-106,8.341796693376842e-105,True
13577,Kif6,61.70844807508976,0.5350436729513602,0.0908083851668632,5.892007351173585,3.815321995764349e-09,1.5069089631264905e-08,True
13580,Plcl2,34.57309150612118,0.735569435928942,0.12410086967475,5.927190017739282,3.0816231763196642e-09,1.2248051388063246e-08,True
13581,Tbc1d5,12.951264609575908,-0.8575812550737716,0.197758184394138,-4.336514605962331,1.4475981199264904e-05,4.0706859497144985e-05,True
13586,Kat2b,1151.1447636857897,-0.5286550395690515,0.0254841705178238,-20.744447585582805,1.3759585324179774e-95,5.468809730664906e-94,True
13587,Sgo1,19.413322308352694,-0.906618937566712,0.1665967874933936,-5.441995318203023,5.268706066143223e-08,1.896647420434596e-07,True
13588,Slc5a7,11.061096447346666,-2.5793217698623723,0.2720709867812935,-9.480326441186396,2.534888107358072e-21,1.9383525676203742e-20,True
13589,St6gal2,15.657464008851134,1.0257684075194566,0.1746851275887813,5.872099254689694,4.303109676685465e-09,1.6933569312753244e-08,True
13593,Ebi3,55.76043851677667,-3.5489649989392293,0.1648574735468436,-21.527474142267533,8.610009927432262e-103,3.7178235459490224e-101,True
13598,Stap2,995.1673670669292,-2.8677506661567764,0.1372252684731413,-20.898123924735284,5.569106989360053e-97,2.259687773316209e-95,True
13602,Ubxn6,78.22936820399657,-1.46155264785808,0.0926591785052773,-15.773425487199184,4.740733131090719e-56,9.988667589941504e-55,True
13603,Hdgfl2,78.92213742918513,-1.5431731306940308,0.1694291815859925,-9.10807168073821,8.385915116214839e-20,6.010364080014963e-19,True
13604,Plin5,108.70148437787408,-0.5952816291820251,0.0751019466642341,-7.926314238476544,2.2574591790959058e-15,1.2965006937283812e-14,True
13607,Mydgf,211.7618312414168,0.6781127860597299,0.0621407871979855,10.912523265905984,1.0042941904580817e-27,9.91705070735795e-27,True
13610,Plin3,67.00589183055621,-2.3260834650195417,0.107252147441102,-21.68798966283562,2.6637557618006748e-104,1.1853374239788856e-102,True
13620,Ranbp3,200.25908863310167,0.7515699500513078,0.0495107103256939,15.179946825793664,4.801708555640479e-52,9.288968940380609e-51,True
13622,Ndufa11,868.982142739415,-5.514043905232496,0.2186762133100748,-25.215563328846308,2.704120309849297e-140,1.869156362792273e-138,True
13624,Dus3l,34.27120806480829,0.9845676703488764,0.1201395719721261,8.195198752475227,2.501794315491722e-16,1.5154616899660282e-15,True
13635,Dennd1c,508.651266893037,0.7125318215140181,0.0557847575256332,12.772876554793791,2.3240403038072757e-37,3.0720194129237815e-36,True
13636,Tubb4a,55.42682277676411,0.9371484051084574,0.0940495485962156,9.964411516018334,2.181620006446381e-23,1.8133160966128478e-22,True
13637,Gm11110,52.7801148145478,1.1233334264394632,0.1010714479131557,11.114250855540051,1.069444431479358e-28,1.0917947587688855e-27,True
13640,Trip10,24.30382107486685,-0.5060850168901104,0.1353519459674484,-3.7390302243000018,0.000184731518192,0.0004515142963162,True
13642,Pdzph1,50.00261822322232,-0.6218563277305871,0.0987834953754475,-6.295143995128848,3.0711463192653336e-10,1.3093175726794774e-09,True
13643,Nudt12,36.344456470190025,-2.926713635282689,0.1604828802208892,-18.236921167256902,2.628533403494559e-74,7.81765172794436e-73,True
13644,Efna5,75.08194047686037,0.5086820681247329,0.0777215897677663,6.544926186464857,5.952477837616511e-11,2.6741767019027765e-10,True
13648,Man2a1,56.850397951910345,1.283113350059604,0.1333907629676057,9.619206918931946,6.634067532833549e-22,5.190898121440408e-21,True
13655,Washc1,42.1961942230632,-0.5907864158527474,0.1063518060366279,-5.555020059079001,2.775798828160294e-08,1.0230383542016276e-07,True
13658,Mtcl1,11.160678229518034,-1.691437846528121,0.2522044741136229,-6.7066131656573855,1.99193383498278e-11,9.264611411217779e-11,True
13666,A930029G22Rik,220.612769959982,-2.467837670837843,0.0607779181753668,-40.60418232354088,0.0,1e-300,True
13668,Dlgap1,22.30857466454602,0.5466762099033041,0.1480489855499454,3.692536006731898,0.0002220288932078,0.0005370458208048,True
13674,Gm41611,142.26173743758068,-9.625792047351773,0.6971801256742061,-13.80675049800534,2.320659857883337e-43,3.613864612169527e-42,True
13679,Smchd1,19.681487080416947,-0.8458683675682024,0.1627318919695059,-5.1979262167412665,2.015240818961785e-07,6.876591500878769e-07,True
13682,Spdya,75.16094273322541,-4.523353196191469,0.1904768612337537,-23.7475206536525,1.1654974817067823e-124,6.816795973273648e-123,True
13685,Wdr43,79.76113743813438,-2.233305861787567,0.0988383107704435,-22.59554867317108,4.7932667390594047e-113,2.4226777090367305e-111,True
13690,Galnt14,52.59459586250987,-1.0372119937589928,0.1007394286925481,-10.295988444847287,7.346118283005587e-25,6.5080504829382835e-24,True
13691,Ehd3,183.09704876550865,0.5413048569107631,0.0571863502496437,9.46563042662677,2.9179551935261792e-21,2.2254339478580822e-20,True
13696,Nlrc4,711.6650598959949,-0.5291503042455405,0.0453830405545832,-11.659648577514746,2.048862640718342e-31,2.260599991222862e-30,True
13698,Gm31645,38.87489455994723,1.0194354331997104,0.1116999942867998,9.12654866017466,7.071783086193938e-20,5.095646584728454e-19,True
13706,Strn,483.4224127522246,1.09829863224308,0.0407624131700603,26.943906084779385,6.723817496833015e-160,5.708064096340569e-158,True
13714,Prkd3,41.520839922440125,-5.464802600959038,0.3259570856991399,-16.765405142942896,4.370251406488593e-63,1.0370007679331413e-61,True
13717,Cyp1b1,119.79056037547733,0.9087722028104402,0.0686114700060253,13.245193591255704,4.81039842863643e-40,6.844934720910813e-39,True
13719,Hnrnpll,34.75078236207711,-1.234913717206712,0.1257477454145547,-9.82056348712695,9.18287994486124e-23,7.427854046056122e-22,True
13726,Sos1,22.697258197079453,0.8282612152623349,0.1586232766464677,5.2215616318929365,1.7742056058520556e-07,6.083785810811912e-07,True
13736,C430042M11Rik,249.13140585614656,0.5324317123762774,0.0439369263986864,12.11809191077588,8.470833885209293e-34,1.0050063974527824e-32,True
13739,Plekhh2,51.76603098590719,-2.408199705404868,0.2390897150653971,-10.072368461128342,7.319388736257786e-24,6.228782005823657e-23,True
13740,4930500A05Rik,27.86210362104289,1.1899807039644803,0.1320190263019554,9.013706109623492,1.9920804995241116e-19,1.4002212128487808e-18,True
13745,Ppm1b,1030.7528675524466,1.1407136249785357,0.0370003166685546,30.829834111879137,1.043979755044103e-208,1.4152804617218044e-206,True
13746,Slc3a1,40.26868232296467,-0.6814811748973283,0.1094447870558126,-6.226712054817183,4.763253801408714e-10,1.9995147018491504e-09,True
13750,Epas1,494.5386268815144,-2.9735489928688468,0.1175466754370898,-25.296751114498925,3.4683039137182723e-141,2.475661177269597e-139,True
13756,Mcfd2,54.3734256368576,-2.342356903028893,0.1249590829127629,-18.744991147735536,2.127072803667984e-78,6.583760918680655e-77,True
13759,Stpg4,191.68711221094136,0.6638279311722083,0.0512500342346882,12.952731468087496,2.26740302305367e-38,3.0954210825263532e-37,True
13762,Epcam,31.89421847776452,1.1877620604684145,0.1264850955689537,9.390529810058943,5.969919772480963e-21,4.4942727929895424e-20,True
13764,Gm50039,1836.392076339758,-0.5605743684973679,0.0195313768222338,-28.70122130147168,3.683665889504506e-181,3.767248483956421e-179,True
13768,Ston1,25.021387619787287,-0.5316426798414258,0.1389134184419192,-3.827151371008192,0.0001296348009677,0.0003235874106943,True
13769,Gm10184,34.59704533932923,-1.3235312314207834,0.1231614470895467,-10.746311144415884,6.1679260497742126e-27,5.933151306845514e-26,True
13782,Arhgap12,24.70420733498135,-2.3666517083918195,0.1774919854189497,-13.333851118999014,1.4710345845580192e-40,2.1173212193210403e-39,True
13786,Gm28529,10.051020789865186,-0.8457253393041722,0.2307692689448064,-3.664809197391209,0.0002475230444366,0.000594599313339,True
13799,Gata6,18.38316107625596,0.5328640784689853,0.1622106836431228,3.285012223000868,0.0010197794756024,0.0022384716291371,True
13804,Riok3,21.53625046964765,1.209230795386952,0.1818123497362886,6.650982714545475,2.9114247794525395e-11,1.3398683300806847e-10,True
13810,Cabyr,19.289164696427463,0.9492788575310572,0.1736282074579846,5.467307826470352,4.569221555017521e-08,1.6530108927212745e-07,True
13822,Gm50084,205.1705573814701,-1.5341225342022449,0.0554361981746629,-27.67366061735837,1.4491478188373081e-168,1.3338261608329916e-166,True
13823,Dsc2,18.41570852617462,-7.15348966826974,0.8280075992370792,-8.639400984798833,5.650851453061398e-18,3.722112625654905e-17,True
13826,B4galt6,45.43961245707607,-3.090980915084917,0.2170820621133041,-14.23876705884435,5.26477259656564e-46,8.735326676351036e-45,True
13828,Rnf125,264.56796381616294,-1.1688747114045068,0.0692995655844281,-16.866984685213637,7.87131893326726e-64,1.8986706966203841e-62,True
13835,Dtna,27.414607463346144,-2.2623294752645497,0.1622009776232169,-13.947693216250547,3.2494626376556845e-44,5.156679002479367e-43,True
13840,Ino80c,515.868200617081,-2.6139128529163886,0.1287653272475623,-20.29981912670419,1.290590281986285e-91,4.885247370427738e-90,True
13843,Rprd1a,14.497235715864662,-4.468137423827874,0.3900147459746385,-11.456329459190304,2.1858340883987016e-30,2.3422712339409614e-29,True
13845,Mocos,83.5345563079228,-2.510265074853005,0.1147640796900809,-21.87326454089072,4.669412478106124e-106,2.137661921914133e-104,True
13847,Tpgs2,24.92144586812809,-0.6907825979134323,0.1362671691242306,-5.069325225973301,3.992285434602377e-07,1.319544276702445e-06,True
13848,AW554918,31.90402902865185,0.7245850936328164,0.1221927602202501,5.92985290066912,3.032061862241242e-09,1.2067523406207294e-08,True
13858,Sft2d3,77.06165368886666,-0.8362582693224437,0.0794746659199941,-10.522325066006454,6.817024017952614e-26,6.2745324224187e-25,True
13861,Proc,55.48382947225906,-0.813335726396254,0.0992979808910813,-8.190858656918625,2.5936904274401587e-16,1.5700400898260125e-15,True
13863,Ercc3,15.054732462716714,-0.6665611807509909,0.173597901219464,-3.839684558791515,0.0001231924916815,0.0003082544419125,True
13864,Bin1,19.505090789496816,-1.1996864695157223,0.2000266511855816,-5.997633127410966,2.0021421399750062e-09,8.06018916756052e-09,True
13873,Reep5,62.37165060916311,0.6254521101062643,0.0867832880039752,7.207057078519712,5.717404215350869e-13,2.9099524132146682e-12,True
13878,Brd8,16.18756771409769,-1.8260118649141304,0.2041612130302539,-8.94397049180708,3.754328330205305e-19,2.606418969377942e-18,True
13880,Cdc23,11.49628923366265,-1.26068169748218,0.2094411141481478,-6.019265618451774,1.7521015493762165e-09,7.087844528219125e-09,True
13881,Cdc25c,36.74181146807619,-2.9875984743617243,0.306796544196253,-9.738044742937532,2.0750846157922456e-22,1.6585502632986652e-21,True
13882,Gm3550,11.418046051371652,-0.6330038160344486,0.2010057974957174,-3.149181883910265,0.0016372825769899,0.0034735894342351,True
13883,2010110K18Rik,29.08102439461798,-0.635984775748359,0.1275866854963404,-4.984726841004119,6.204941076862769e-07,2.0132098247156976e-06,True
13884,Fam53c,58.10546765825111,-0.5409980652001726,0.1094636726634771,-4.942261227278171,7.72216510842621e-07,2.482905376285301e-06,True
13885,Kdm3b,276.38868682416734,-0.6257649831875196,0.044295009517748,-14.127211846219137,2.5816491476795122e-45,4.2037132490334553e-44,True
13886,Reep2,109.2906160063161,-0.8079772025330978,0.070323186466961,-11.489485091985957,1.4899736124552764e-30,1.6074434629622378e-29,True
13891,Ctnna1,69.66868905108794,-0.9957227974019922,0.108668454310064,-9.162942490751671,5.050112475000818e-20,3.663059600282634e-19,True
13894,Gm50145,606.740668091427,1.0124700991673958,0.0579608023446021,17.468186398590927,2.5032624269306888e-68,6.613946828426576e-67,True
13897,Gm50163,62.62195457842213,-1.952176511560252,0.1792190703139225,-10.8926829502061,1.2490539908992406e-27,1.2313109466091272e-26,True
13898,Paip2,384.8527232615663,2.1106088347453684,0.0694443659076324,30.392801592467208,6.838051023998663e-203,8.541702593406331e-201,True
13899,Slc23a1,53.21254755549881,0.7042766345401046,0.0943504106470272,7.46447874164387,8.363001424883253e-14,4.460267426604402e-13,True
13903,Ecscr,51.32545335894329,-2.971457340247766,0.2646023774817066,-11.229896603832287,2.9081866357805146e-29,3.0111526279768883e-28,True
13904,Tmem173,568.7238969509519,-0.719332488504158,0.0439568799838323,-16.364502866644163,3.428156740306289e-60,7.755705701743389e-59,True
13908,Pura,21.52987272009932,-1.0228801383337474,0.152729184727362,-6.6973456327924366,2.1223923252906748e-11,9.850423828206828e-11,True
13912,Eif4ebp3,189.23877038940395,-0.5778312096008973,0.0540965459900408,-10.681480656958684,1.2427350275814495e-26,1.183711882480631e-25,True
13926,3222401L13Rik,648.900657333105,0.7457873328111977,0.0390985424402776,19.07455588530889,4.108980474064288e-81,1.3257906001925512e-79,True
13928,Pcdhga2,200.5355915299731,-0.9642535839209758,0.0513655401108622,-18.772382843436045,1.2705660218442963e-78,3.9396557783711084e-77,True
13931,Pcdhga5,48.63100290434045,0.700118173665187,0.0990536945053226,7.06806724536222,1.5710641847115517e-12,7.783221094117739e-12,True
13932,Pcdhga6,58.01682848143268,0.6029410825897527,0.0944637856517471,6.382774927235847,1.7390741902270136e-10,7.554130511348736e-10,True
13938,Pcdhga9,175.6241954655273,-3.144396119437046,0.1449536524718861,-21.692424204674,2.4189833493982122e-104,1.0791627758743861e-102,True
13943,Pcdhgc3,86.87255876250656,0.7178237670498109,0.0805273331580824,8.914038735650891,4.920662250489108e-19,3.399942372048737e-18,True
13944,Pcdhgc4,31.55145143240256,-2.5957526113490657,0.1648921623821746,-15.742122450506931,7.779007788878373e-56,1.6350875987007812e-54,True
13950,Dele1,36.49675916995981,1.4634199654584583,0.1286278184901257,11.3771653957639,5.433726236057275e-30,5.780245138436896e-29,True
13961,Sh3rf2,175.4224124646969,-2.0674002486839687,0.1085412251803206,-19.047143103916284,6.938712235325153e-81,2.2264990747039683e-79,True
13962,Lars,19.28493696226567,0.5228630849702389,0.1515829413621765,3.449353075429273,0.0005619314331547,0.0012834082412184,True
13963,Gm4013,20.33441296693161,1.3928352324435906,0.1627714090996699,8.55700174955612,1.1584077698758014e-17,7.489181175448434e-17,True
13973,A930012L18Rik,24.60641363512716,-2.056784820656087,0.1700193684944932,-12.097355959316506,1.0906774909295929e-33,1.2896394835278374e-32,True
13976,A330093E20Rik,13.34257275181108,0.8319045455802329,0.1975549900614466,4.211002442011113,2.5423999779741607e-05,6.93735228815917e-05,True
13977,Trim36,20.75693424773949,-1.0441193664290402,0.1574486001888253,-6.631493485345988,3.3230721085301696e-11,1.5205098125059028e-10,True
13979,Gm4107,10.679245415684058,1.5464960418167086,0.2388224672090722,6.475504837921554,9.449545954355348e-11,4.1794046446577213e-10,True
13988,Commd10,34.57392421698104,-0.9500997681111688,0.2788084187782881,-3.4077154925034745,0.0006550915929442,0.0014826247932455,True
13993,Gm16283,59.25993323669727,1.241530160264006,0.1062531310646849,11.684645410667336,1.52715554130939e-31,1.689240740443935e-30,True
13995,Tnfaip8,11.394976470073743,-2.3352276625183586,0.2569884473145674,-9.086897434186673,1.0190544426325568e-19,7.259154416602099e-19,True
13997,Hsd17b4,601.3084565471027,-0.5107015543783869,0.0465730147947129,-10.965610807663724,5.592166598104262e-28,5.581952595185349e-27,True
13998,Pudp,277.27652308095173,-0.7012742572352173,0.0712966823413671,-9.836001258481136,7.878001896991935e-23,6.384175031260192e-22,True
14001,Lox,11.94065111831892,-0.96453183566404,0.2003754301518432,-4.813623281722333,1.482180940623045e-06,4.636919550915172e-06,True
14006,Prdm6,121.42036430417332,-1.093356999062371,0.0672260823370487,-16.263880938065824,1.7809115778459449e-59,3.9725231726237096e-58,True
14007,Gm19466,97.7739159939252,-2.033264325390097,0.0860981668008642,-23.615651772154667,2.661729119808689e-123,1.5362481467727507e-121,True
14009,Csnk1g3,13.149438015990484,-1.2948072234697243,0.1971456521762027,-6.567769611842444,5.1074481025282775e-11,2.30858238348448e-10,True
14010,Zfp608,43.99266522607613,-0.6185658475845062,0.1044673267245403,-5.9211417289880695,3.197141733725984e-09,1.2692761552644724e-08,True
14011,Gm4221,26.535594501016945,1.0151630060833283,0.13431980415598,7.557805883222264,4.0992518693355123e-14,2.2214972634316525e-13,True
14014,Phax,74.49802078972921,1.0446655956427522,0.0817522237943503,12.77843644070935,2.163756802202628e-37,2.8688232719423477e-36,True
14016,March3,25.239861690824224,-2.23198384241509,0.1658666990654688,-13.456491598317204,2.8199086608106126e-41,4.147566245606055e-40,True
14017,Gm15345,25.257886320293064,-1.6243536022127811,0.152055053256563,-10.682667674792782,1.226942804592852e-26,1.169306581292632e-25,True
14020,Prrc1,56.09620956870571,-1.366958717679945,0.0980120446228204,-13.946844216345143,3.288367141536969e-44,5.213686724496692e-43,True
14023,Fbn2,12.76038181258702,-0.7008371596521236,0.1902719009241528,-3.683345550489323,0.0002301927790372,0.0005553333314668,True
14033,Slc6a7,13.389423853552364,0.8772948820286078,0.2064766511234022,4.248881785206244,2.148402488763577e-05,5.9185984126492494e-05,True
14040,Csnk1a1,275.41707944232024,-0.5485060627405147,0.0460257151042313,-11.917382739156787,9.607958340041991e-33,1.1010745442375779e-31,True
14043,Pcyox1l,33.64343800249183,0.6838914199053043,0.1317234319418448,5.1918736843057545,2.0818823508317937e-07,7.091538479031244e-07,True
14047,Adrb2,72.31895196456252,0.5046297569961049,0.0814496853518661,6.195601061146922,5.806302244379216e-10,2.4229839361755114e-09,True
14048,Gm9949,516.4750050782853,-3.215614197044855,0.192657475952485,-16.690835282394747,1.5281769550696219e-62,3.582407317728894e-61,True
14060,St8sia3os,1687.6093232161904,-0.9285879090309536,0.0233260449230523,-39.809059448104826,0.0,1e-300,True
14071,AC132307.1,44.05187344906989,1.5014672281608046,0.1193151818112703,12.584041740268946,2.584601065514908e-36,3.287236613361797e-35,True
14072,Sec11c,36.02545926393381,-1.3130696139058142,0.1240557737040644,-10.58451029484647,3.516145054747388e-26,3.2847406366144405e-25,True
14087,Prelid3a,54.06687613660042,0.5247090582455924,0.0937318069346805,5.597982962296351,2.168600584091211e-08,8.067323338563517e-08,True
14088,Spire1,40.60407027257677,0.5037845703843871,0.1072454246166479,4.697492430890924,2.633749417835326e-06,8.031213569155045e-06,True
14100,4930503L19Rik,34.76785249519131,0.5923562304011962,0.1263379576458794,4.688663972719494,2.7499451792286466e-06,8.373853612110495e-06,True
14101,Stard6,193.88757625561917,-0.6899240782874883,0.0561638633298452,-12.284127860571616,1.1022732050482e-34,1.3405113915078529e-33,True
14112,Cxxc1,40.69942938426944,-0.8246581805597842,0.1099087583272352,-7.503116158445721,6.231828161137744e-14,3.345064790729799e-13,True
14118,Dym,98.55230432137726,-0.7955254835718992,0.0718076687712088,-11.078558838981053,1.5941786562732643e-28,1.6180497005749765e-27,True
14121,Ctif,65.2444653511443,-0.7710836319426578,0.0900869595516284,-8.559325742376215,1.1352952401311805e-17,7.345187998303398e-17,True
14130,Atp5a1,18.40797393540907,-4.825052781813625,0.3849325716202886,-12.534799956012115,4.815750814775245e-36,6.085104786762245e-35,True
14138,Rbfa,118.66241328716326,0.5312972165678953,0.0640480898868095,8.295285893878212,1.0832436525432923e-16,6.7012412158542965e-16,True
14145,Gm47272,54.45544913179085,-1.3435114095492289,0.1016242602897172,-13.220380701606649,6.692435635249891e-40,9.469038381007288e-39,True
14146,Sall3,31.74959551829,0.862702600435339,0.1224696147307102,7.04421747657388,1.8650665470859448e-12,9.20843697782016e-12,True
14150,Zfp516,14.820651911612876,-1.1541176160615825,0.186323222709386,-6.194169461429369,5.859316114060526e-10,2.443780591526126e-09,True
14161,Gm18280,17.720605645811528,-1.3390136737091651,0.2106694809197968,-6.355992656662671,2.070849192959948e-10,8.948606544720426e-10,True
14167,Tesmin,1250.1913527031504,1.0163315589895834,0.0282636120893445,35.95901174191192,3.659679717444088e-283,8.648713364684081e-281,True
14171,Gm48683,355.5269965348529,0.7292911301242557,0.0518601336236691,14.06265428115683,6.442380867431593e-45,1.0402987683254265e-43,True
14173,Gm36608,16.890536693608595,-0.6209479965665293,0.1709315791604312,-3.6327283677858384,0.0002804401913625,0.000667983937149,True
14185,Gstp2,141.25694124241235,2.4799086379646798,0.1246304465192323,19.89809638996995,4.2267901305585726e-88,1.5178255811747086e-86,True
14186,Cdk2ap2,333.9675534412591,-0.95192331260553,0.0690553440004688,-13.784933322453178,3.140566210102033e-43,4.868991301619179e-42,True
14187,Pitpnm1,70.55879389312409,0.5887077306996886,0.0871046621897045,6.7586248072180855,1.3930761938611971e-11,6.552478880646749e-11,True
14190,Cabp4,62.10874888831962,-0.5749554714497301,0.0876411872976981,-6.560334121179019,5.3687346629798106e-11,2.4216773739022683e-10,True
14195,Ankrd13d,40.15454580580143,-0.886885735753123,0.1155460070909641,-7.675606955893488,1.646372176870149e-14,9.065414555763593e-14,True
14196,Gm50152,405.2863117154552,-0.5919787709980481,0.0398207085476536,-14.866103406714217,5.470606995943198e-50,1.0102426097682644e-48,True
14212,Dpp3,28.07994938561364,-2.288136296639704,0.1598601563832974,-14.313362055979908,1.805684653906831e-46,3.027594748564014e-45,True
14214,Mrpl11,43.68333990844317,2.951601920152728,0.1728877155696057,17.072363472605396,2.383522515633258e-65,5.997559964517182e-64,True
14215,Slc29a2,40.992670862857125,0.5842960719533034,0.1135316349115807,5.146548558103274,2.653228072249501e-07,8.945373535280368e-07,True
14217,Brms1,27.753695503543515,0.5680399244259751,0.1405512691996638,4.041514015921343,5.310720622597048e-05,0.0001396599733052,True
14226,Gm42064,28.97231581310348,0.6392886108633324,0.1266785314154538,5.046542643968036,4.4987651768260667e-07,1.478286460209212e-06,True
14228,Banf1,17.132066924152273,-1.149315097091734,0.1781836334827931,-6.450172076004507,1.1172322531424956e-10,4.906619197126058e-10,True
14229,Eif1ad,36.62461301105183,0.8062995885332863,0.1242098761865934,6.491428969158848,8.502599737709467e-11,3.773945792209725e-10,True
14230,Sart1,220.72308116527608,0.9528599423348282,0.0589711807129465,16.15806112095764,9.964674361244758e-59,2.197505992805149e-57,True
14233,4930481A15Rik,49.57661930695371,-2.578072034216868,0.1523584230433601,-16.921099488429117,3.145040435261518e-64,7.649578182455275e-63,True
14240,Mus81,161.09676770293916,-2.294714107497505,0.0712117011835473,-32.2238349787896,8.183928969172154e-228,1.2893743226385819e-225,True
14245,Rela,149.22567409598392,2.3303120291663304,0.0699958610713277,33.29214032800705,5.017144211202879e-243,9.235770312159571e-241,True
14246,Sipa1,58.010492102597006,2.351820160749293,0.1156303746079005,20.33912082983602,5.796011917144087e-92,2.2082931679088412e-90,True
14251,Znrd2,34.36368750385585,-1.1917687202187583,0.1208968283309174,-9.857733545802065,6.346577348638729e-23,5.181556707422693e-22,True
14255,Frmd8,41.30122289416765,0.5382446850251578,0.1269044386061283,4.241338529503295,2.221907105859057e-05,6.10858535879e-05,True
14262,Znhit2,641.4376308974498,0.5299263405965039,0.0317304700089446,16.700866405291826,1.2917537364560788e-62,3.0363157719279438e-61,True
14266,Gm550,241.91900992044785,-1.2561323345150692,0.0761669912978654,-16.491820316267003,4.20099998210798e-61,9.692227927058622e-60,True
14267,Naaladl1,150.07918899481942,-1.7872679794681787,0.0665854234435131,-26.841730322318718,1.0534484608996696e-158,8.857070521256452e-157,True
14269,Snx15,17.825974676703186,0.5362817510823019,0.1680898693467861,3.1904465936367594,0.0014205309314037,0.0030481282120722,True
14273,Ppp2r5b,58.82825680818553,0.9868949833738372,0.0925477757007529,10.66362725523406,1.5060655945924398e-26,1.4290870926876063e-25,True
14274,Atg2a,16.306005606287545,-1.5175563447186733,0.1915524532630173,-7.922406207113116,2.3295780437361405e-15,1.3370417075437358e-14,True
14276,Ehd1,18.987491978960428,-1.4620369833841511,0.1837100188456719,-7.9583954787591376,1.7428453163696108e-15,1.0072332747082536e-14,True
14279,Map4k2,15.610215976823136,-1.4489179061904407,0.1856397307519947,-7.804998963967049,5.950203377768381e-15,3.3545182679050107e-14,True
14281,Sf1,307.0361938223919,-1.4868952844690682,0.0454349225027244,-32.72582415827621,6.704815710066596e-235,1.149547226839653e-232,True
14282,Pygm,113.51700852119512,-1.6336950664191976,0.0743228337128145,-21.981065371267174,4.370842036797806e-107,2.016814921887072e-105,True
14284,Nrxn2,60.49285669962132,-2.264007851200124,0.1119554063335025,-20.22240752229418,6.217371926779732e-91,2.3332489325219737e-89,True
14285,Gm14964,10.390738214460775,-1.916930760935646,0.2473763533473472,-7.74904607896793,9.258542005047514e-15,5.157510911445203e-14,True
14287,Prdx5,11.812831174621158,-0.7523319850820568,0.1992580812303503,-3.775666113196838,0.0001595806336388,0.0003932844026318,True
14288,Trmt112,13.050082042069931,-1.7635220032162997,0.2117893673192014,-8.326773083742118,8.307576684650934e-17,5.170210002177066e-16,True
14290,Catsperz,22.21878055124642,-2.474729609936852,0.1874263011158888,-13.203747794215314,8.347631206990298e-40,1.1753894891130943e-38,True
14291,Kcnk4,160.59414360712307,-2.336999864358757,0.0700605138725459,-33.35687586605808,5.790547938557457e-244,1.0772883228669447e-241,True
14292,Gpr137,35.68968567803701,-2.569514534015989,0.1576154477746764,-16.302428285388054,9.484778458739713e-60,2.1320026437845773e-58,True
14294,Fkbp2,66.74504577987021,0.6798165500748319,0.0853723395417214,7.962960295150466,1.679713726404451e-15,9.71711334679492e-15,True
14295,Vegfb,98.4661129330674,0.5216048318710321,0.0727158104872123,7.17319697568056,7.326631702656854e-13,3.702055337072033e-12,True
14298,Fermt3,874.6667789440711,0.7008492777892148,0.0312605401721512,22.419615077975337,2.5336676049255168e-111,1.241142271006651e-109,True
14300,Macrod1,23.19992323595559,0.7119655694334375,0.1547878056774881,4.599623118353847,4.2325598365548205e-06,1.2607563689604955e-05,True
14302,Otub1,955.3995026115016,-0.7723869780089585,0.0522735004237418,-14.775880163903317,2.0960104854450446e-49,3.830201814990903e-48,True
14315,Slc3a2,36.35709281260814,-0.948049817447767,0.1233501553002635,-7.685842106481252,1.5199386939922522e-14,8.38517387566986e-14,True
14318,Stx5a,560.1211150794857,1.0710993490176215,0.048274419524878,22.18772094122508,4.512915454102466e-109,2.1446159092756498e-107,True
14327,Gng3,11.745663066153496,1.286799256808519,0.2126102388827345,6.052386110709628,1.427158939833015e-09,5.802872713275928e-09,True
14328,Uqcc3,15.13913786320424,-1.0641520119250532,0.1797759334281201,-5.919324080998493,3.2326740890417634e-09,1.2830913406527998e-08,True
14331,Ints5,63.09424960483617,0.5183956363518146,0.089403237450619,5.798398929771924,6.695103379006421e-09,2.5960968490479887e-08,True
14332,Ganab,57.33767304750313,-0.5901753964252344,0.0884113454269269,-6.675335541783173,2.466671380390872e-11,1.1399880840453373e-10,True
14344,Incenp,34.934651748066464,1.471284609911685,0.1249404761594665,11.775884446236828,5.196913774133726e-32,5.822141453046163e-31,True
14345,Gm50340,28.75461106705032,0.7314080079422167,0.1287289959230678,5.681765811172235,1.3331112204886025e-08,5.0472935752120974e-08,True
14349,Fads2,17.68373387751291,-0.6430158808131728,0.1629658796592608,-3.945708648691557,7.956431303001135e-05,0.0002044703462555,True
14352,Fen1,99.41692438552776,-1.074548706162432,0.0765336631913699,-14.040210037713177,8.845009871399845e-45,1.4243235048898756e-43,True
14355,Dagla,24.932623016080537,0.6002494661634565,0.1352005695826613,4.439696282466215,9.008592024096753e-06,2.593715135288179e-05,True
14359,Tmem216,66.7750129530966,-2.018781758014673,0.1004452238720543,-20.098334994864143,7.631121343405958e-90,2.8095378958628084e-88,True
14360,Cyb561a3,15.619911342222863,0.535605655719957,0.1664545298177615,3.217729528336364,0.0012920959825648,0.0027889625454324,True
14367,Tmem109,29.457187275404124,-1.0602473332654367,0.1440737620347471,-7.359059125628512,1.8521098836768097e-13,9.683018728173409e-13,True
14370,Ms4a10,147.44680937020772,1.6820443458594607,0.0647028214162662,25.99646057222161,5.430176871422685e-149,4.1288231794539095e-147,True
14376,Olfr1423,10.7049739248343,-2.0825408588796206,0.2463737479230964,-8.452770948346611,2.8446941075808506e-17,1.810994195608807e-16,True
14381,Cep78,22.237414871618984,-0.720468850581122,0.1447144280609658,-4.978555768313579,6.406048603582744e-07,2.0757639054929595e-06,True
14386,Pcsk5,34.993827540902906,1.1635853842507158,0.1393767074916264,8.348492407317215,6.913978928782703e-17,4.3229053809993525e-16,True
14387,Ostf1,11.476685371477828,2.0844899489873314,0.2538253465040825,8.212300220198083,2.169909022300456e-16,1.3176169785413321e-15,True
14390,Trpm6,10.049119304587066,-3.4609921641350936,0.3746495137676566,-9.237946499195164,2.5127309157500972e-20,1.8463293384301552e-19,True
14392,1500015L24Rik,27.81119353373269,0.5060277487931262,0.1345486209847459,3.7609285408469217,0.0001692837895398,0.0004159532921954,True
14403,2410080I02Rik,146.8871522678211,0.7106396283084403,0.0639980643081846,11.104080037270084,1.1984509625719694e-28,1.222070579210414e-27,True
14411,Fam122a,139.6152707598316,-0.8236256055148174,0.0626356626663951,-13.149467419248731,1.7137727612675194e-39,2.395720067869414e-38,True
14413,Cbwd1,50.02492445618563,-0.9502428896355104,0.1067477559855724,-8.901759862417542,5.49680921292965e-19,3.793535892490676e-18,True
14419,Pum3,97.344200241651,-0.5083595076783606,0.0741559433919376,-6.855276656538767,7.117464036786121e-12,3.4129479318704605e-11,True
14425,Rcl1,39.17075555828404,3.913582231952436,0.2008191104060172,19.48809664598122,1.385389345026807e-84,4.7044056050153024e-83,True
14430,Cd274,181.2008524299488,-0.5391177754001646,0.0562920629453128,-9.57715434809898,9.975551738127569e-22,7.746556340869224e-21,True
14434,9930021J03Rik,560.6544359248611,-0.7005448585732752,0.0313948214736789,-22.31402587081453,2.7006156483851743e-110,1.3118990683044421e-108,True
14436,Il33,71.19020253135743,0.6604597879404686,0.0814619587993298,8.107585401517522,5.163557476897343e-16,3.065183067073345e-15,True
14442,Sgms1,83.96458194631397,0.8414723526692468,0.0805542572117575,10.446032050884916,1.5278442478383078e-25,1.3901633822162502e-24,True
14447,Pten,142.43849192952942,-0.6351662525730001,0.0601206276321511,-10.564863967476748,4.335968635795123e-26,4.024809952377129e-25,True
14456,Hectd2,37.236878813864415,-1.5633253090983354,0.130803753020507,-11.951685429494075,6.362172413291576e-33,7.334322423443842e-32,True
14462,Kif11,99.7323865556596,1.003709725396475,0.0775994555780346,12.934494422929763,2.875081466775556e-38,3.906715205203645e-37,True
14463,Hhex,190.75941459434057,0.5666643462876753,0.060155907084978,9.41992854479258,4.513951088733797e-21,3.4069907915311456e-20,True
14465,Myof,519.644234520406,-4.3849232779642815,0.1129402997911917,-38.82514289470889,0.0,1e-300,True
14467,Rbp4,358.19557883631137,0.5100382200412557,0.0362706272041639,14.062018204711444,6.50055578652904e-45,1.0487243505057185e-43,True
14474,Noc3l,18.803452761638017,-2.344045759477651,0.1968236073329706,-11.909373023085486,1.057695624902437e-32,1.2105354115375535e-31,True
14484,Zfp518a,20.725495821355548,1.9691728596781135,0.1798598760407546,10.948372160736488,6.7652460049692795e-28,6.737506955290591e-27,True
14485,Blnk,47.96415699758785,0.8934240705029097,0.0987811990337717,9.044474851914506,1.5038627502764541e-19,1.063037662766153e-18,True
14487,Lcor,21.950213156017185,-1.1644231552047668,0.1498712376334242,-7.769490487913859,7.880246028372018e-15,4.411323384896602e-14,True
14491,Rrp12,24.340415672129183,0.8583233377875833,0.1415972254862174,6.061724266420244,1.346699424655387e-09,5.4820948646120615e-09,True
14493,Exosc1,74.37039578590888,0.5026046520403874,0.0814917030923576,6.1675561188206665,6.935350268836643e-10,2.8758384523737873e-09,True
14495,Mms19,23.66215962587914,0.8565676256936628,0.1386767846746424,6.1767196845766605,6.54471215131821e-10,2.7179749727440723e-09,True
14500,Avpi1,38.82630447044723,0.7807051703961879,0.1120143540063745,6.969688637866527,3.1764319842199138e-12,1.5547003229789494e-11,True
14508,Hps1,90.28005964757602,-3.371525035719377,0.2203416722787876,-15.301349948245605,7.488705603483954e-53,1.4831538345835492e-51,True
14510,Gm34517,224.08175526409343,-1.104016054693593,0.0497490282814055,-22.191710930487368,4.129794174381206e-109,1.9678975618958728e-107,True
14518,Chuk,85.73771297209242,0.5685261494060527,0.0746851831548732,7.612301736304385,2.692570469222089e-14,1.4705706547706402e-13,True
14522,Scd1,31.57440230559662,-3.158977862508668,0.1857265439733973,-17.008758117854967,7.072101446582797e-65,1.7592732588597433e-63,True
14524,Ndufb8,579.0638474744586,-1.3132672512542034,0.0455052872305941,-28.85966293541528,3.832687860107554e-183,4.0869539815585923e-181,True
14540,Gm15491,48.10973618754786,-1.8336093838744751,0.1242986544042218,-14.751643070177884,3.0026444256183143e-49,5.45277733283625e-48,True
14542,Kcnip2,19.43216599940181,0.6092385096287127,0.1566732866757478,3.888592130511675,0.0001008273962214,0.0002557316178565,True
14551,Cuedc2,14.244874074630944,0.9609998208474786,0.2085871223594283,4.607186723596124,4.081534613732262e-06,1.2180525140776416e-05,True
14552,Mfsd13a,17.747572968352586,-1.147295662302874,0.1754484790949664,-6.539216915536032,6.184177663937721e-11,2.774471497869237e-10,True
14556,Arl3,35.646767410278024,-0.8802595525260377,0.1172978896055999,-7.504479027592098,6.1673383518953e-14,3.312481974752611e-13,True
14557,Sfxn2,40.58197218528603,0.8800164928099197,0.1109652975562088,7.930555878193834,2.1816711692936776e-15,1.2537977459286176e-14,True
14571,Gm16068,74.28707428769822,0.6618017249965543,0.0808975166741344,8.180742156305936,2.8210096418230313e-16,1.7035157671340185e-15,True
14572,Col17a1,31.031719543040875,0.5337772264664773,0.1293925619888717,4.125254328856897,3.7032529654548655e-05,9.907065604998422e-05,True
14573,Sfr1,24.38409947668477,0.7792453534377062,0.1500250418160983,5.194101891288988,2.057104607431023e-07,7.013968682931123e-07,True
14575,Gsto1,34.14571407057808,-0.6116556129317614,0.1279313207502884,-4.781124820290596,1.7431708144826092e-06,5.405065816253878e-06,True
14579,Xpnpep1,87.62383577299072,1.1404826417229472,0.0779028334157688,14.639809512911691,1.565060852543004e-48,2.767420039360167e-47,True
14580,1700054A03Rik,52.973407170646055,1.4862405742988358,0.1078177274966554,13.784751439367325,3.1484913263615974e-43,4.8769545009221966e-42,True
14581,Mxi1,14.687243055104863,-1.0195836231649786,0.1854948965896999,-5.496558891429866,3.872738017427583e-08,1.4121443379644196e-07,True
14594,Gm31356,28.991324610829302,-0.6152261257123474,0.1306157953399154,-4.710196987364955,2.474774814601343e-06,7.567557607579696e-06,True
14611,Gfra1,19.759750963999437,0.5857304580813398,0.1527998399329602,3.833318531867078,0.000126426073989,0.0003159387227666,True
14626,Grk5,47.27248027466712,-0.6374716380917334,0.0999257812330867,-6.379451130882505,1.777237849128699e-10,7.71224206093367e-10,True
14630,Gm26618,21.58649479292049,-0.5193816732055861,0.1486320343873627,-3.4944127310535293,0.0004751059076482,0.0010964175393181,True
14631,Nudt11,13.36414005872834,1.0092761581685274,0.1978973783122445,5.099997618847082,3.396577544034977e-07,1.1301245831446666e-06,True
14637,Ccdc22,10.266545716379833,-0.7136964233156559,0.2163520584774994,-3.2987734359360408,0.0009710825296373,0.0021358686049928,True
14639,Prickle3,20.898945082723703,0.8411035820978598,0.1580359182328713,5.322230487239396,1.0250258205518514e-07,3.591953536649607e-07,True
14642,Tfe3,19.001573822745694,0.627210588367691,0.15718725075231,3.990212853560411,6.601402582485152e-05,0.0001715383779531,True
14645,Pim2,98.28841539476927,1.3305347166553128,0.0764305920826526,17.408405200059978,7.124097487195545e-68,1.8706639167578933e-66,True
14649,Hdac6,39.38584282825151,0.7737432298787047,0.1087291631885912,7.116243767430121,1.1090806927632631e-12,5.544769341064594e-12,True
14664,Sytl5,89.95843765336178,-5.250055887943942,0.2037174065972856,-25.771268030730443,1.8621728412580713e-146,1.3857735594860063e-144,True
14665,Tspan7,26.787602882610894,-4.346954704850065,0.2763970256689215,-15.727212311094137,9.845110874914704e-56,2.0619317243174647e-54,True
14666,Atp6ap2,11.203747204668304,-1.0312618359682073,0.2281610251104341,-4.51988605621428,6.187292320042411e-06,1.8091183429677592e-05,True
14667,1810030O07Rik,32.031523909778805,-0.9602549019318896,0.1207389335714954,-7.953150433975593,1.8182733165162574e-15,1.0494377478295812e-14,True
14669,5730405O15Rik,168.1299394782149,-0.5277895798495288,0.0533706807337,-9.889129623116547,4.6404479971223444e-23,3.8046017146589567e-22,True
14671,2010308F09Rik,177.25725215879467,-1.36951109931644,0.0832245058222959,-16.455623085833285,7.643128872560389e-61,1.7564131106877277e-59,True
14672,Ddx3x,10.257002665367706,-2.1526229912845576,0.2530812323901208,-8.505660301062239,1.8056494186170948e-17,1.1575218853656802e-16,True
14673,Cask,34.15588892769492,0.8895743632928632,0.1358613172477801,6.547664790195445,5.844371684631252e-11,2.6280887637138424e-10,True
14677,Efhc2,19.27722856125552,0.5166499313591106,0.1590483916610301,3.2483819921940125,0.0011606334072175,0.0025248360524219,True
14687,Usp11,628.4972401431165,0.8877256726936376,0.0329610282333925,26.932584335894266,9.125413884865237e-160,7.709431788334457e-158,True
14693,A230072C01Rik,1207.2907993057038,-0.5299371331648329,0.0254187280585263,-20.848294688257347,1.579521741665293e-96,6.379370951095299e-95,True
14695,Zfp300,142.82122420964396,0.5040957874774035,0.0616128698368637,8.181663811670017,2.799511910294647e-16,1.6911179373828249e-15,True
14700,Zcchc12,24.200100376671795,0.8041207504046967,0.1394080109158691,5.768110061407967,8.016544757960419e-09,3.085919760669421e-08,True
14701,Gm14569,14.19206794105556,0.5606389167589885,0.1863568894031988,3.008415296876945,0.0026261399668087,0.0053853114141126,True
14710,Rpl39,67.91692901211503,-2.7578243809504777,0.1273746961164058,-21.65127348708367,5.912390828775793e-104,2.6176174889526854e-102,True
14717,Rhox1,34.192289386406635,-0.6135979882975767,0.1188146679452547,-5.164328604447215,2.413034644681429e-07,8.168631410412086e-07,True
14720,Tmem255a,23.011083761705887,0.6312876577437126,0.1392688870375993,4.532869265863236,5.818783123933365e-06,1.7062186329870336e-05,True
14731,Bcorl1,18.735391175047084,0.6155204317449164,0.1619248809619176,3.801271479024139,0.0001439554698985,0.0003568887521386,True
14738,Igsf1,22.528052466322038,0.9396428583646173,0.1442486967769463,6.514047470512675,7.315236221269084e-11,3.262658786981733e-10,True
14739,Firre,1999.1855732551985,-0.5580486151560693,0.0224475414856223,-24.860121787212144,2.0098842027647027e-136,1.331396020376861e-134,True
14760,Mmgt1,12.143210800038538,-0.9272388179123804,0.197833827671793,-4.686957881898098,2.7729600552011644e-06,8.439527574896965e-06,True
14761,Slc9a6,193.8874595268412,0.6723426779692305,0.0491203150698488,13.687670305313848,1.2030497468558014e-42,1.8278830558657038e-41,True
14762,Fhl1,314.4315481706936,1.311264691403878,0.05281994010089,24.82518323381785,4.794384436357805e-136,3.1520374068806503e-134,True
14771,Atp11c,27.475894591689865,1.344189127996727,0.1373699485262337,9.785176033170204,1.3036823002719654e-22,1.0506357634634159e-21,True
14784,Mtmr1,18.845214674341165,0.5462671781002041,0.1650108338877189,3.3104928035931858,0.0009313184692975,0.0020543513359075,True
14794,Pnma5,1102.5624110917054,-1.9483664498693216,0.0347572387159498,-56.05642225471811,0.0,1e-300,True
14795,Xlr3a,23.626558556724188,-0.7232259573047306,0.1479115151068503,-4.889585214391706,1.0104867287812884e-06,3.215318761449631e-06,True
14803,Abcd1,708.0116352781997,-1.501657159748505,0.100379807704772,-14.959753301829808,1.345237864595603e-50,2.521491937411351e-49,True
14810,Renbp,42.73713176894253,1.2084324896141827,0.1131816951252068,10.67692517131289,1.3052348374374968e-26,1.2405405889732034e-25,True
14820,Plxna3,10.2419830161554,-1.0175433114294143,0.2293328019979782,-4.43697239367609,9.123298869040416e-06,2.623285935905604e-05,True
14822,Ubl4a,14.066867153211255,-2.294006460484932,0.2286932466053126,-10.030932240181162,1.1145922375331162e-23,9.393729662640548e-23,True
14837,Prrg1,52.72846388291006,-0.9128421574183836,0.0968827523280593,-9.422132789202404,4.420167607844853e-21,3.3376464216749046e-20,True
14842,Gk,52.31945865776388,-1.1922175702841649,0.113217146139578,-10.53036232528205,6.259308543136317e-26,5.764233164948283e-25,True
14844,Il1rapl1,176.59298765480466,-0.6275120170904545,0.0569032726238881,-11.027696442665109,2.809696383392591e-28,2.8353127728084028e-27,True
14857,Gm39526,10.860067186435389,-1.2462115625433174,0.2170584061213138,-5.741365122928299,9.391634587087611e-09,3.5986175648332195e-08,True
14858,Spin4,17.71203676418047,-0.9270032688065032,0.1653660810077577,-5.60576427255971,2.0733799405156572e-08,7.726245130990372e-08,True
14872,Awat2,13.14862463380324,-1.252029741668783,0.2162672166417181,-5.789271999292312,7.069214273887057e-09,2.734492794110525e-08,True
14892,Ercc6l,400.5643107811654,0.6693504841827139,0.0611423085555149,10.947419225673634,6.836780313652077e-28,6.80487274474374e-27,True
14894,Cited1,113.40718915550995,-7.001026553972638,0.3181705897328876,-22.004002820782965,2.6365317942318797e-107,1.2197795771832567e-105,True
14898,Nap1l2,33.68120801699773,-1.4279959226767598,0.129900619329582,-10.992987793642987,4.130229256401884e-28,4.143972991162143e-27,True
14901,Gm26952,29.383955697610755,-1.4417297179555857,0.1397714486514512,-10.31490860161888,6.033869182230413e-25,5.3699900386180895e-24,True
14904,Slc16a2,23.48964310070056,-1.700190080460763,0.1788663005170923,-9.505368398326624,1.9934116672274278e-21,1.530324110468536e-20,True
14906,Nexmif,58.75287912759435,0.8227883672607277,0.0918747678472874,8.955542272807168,3.3806981426836414e-19,2.352632276930025e-18,True
14915,Cox7b,71.90002692437712,-0.5204111549933937,0.0779879787702407,-6.672966310956331,2.5068395514575263e-11,1.1576342771557755e-10,True
14916,Atp7a,73.45534120318766,-1.1336933936331348,0.0898046976797968,-12.623987641218674,1.5573129129296406e-36,1.989356334646717e-35,True
14923,Tent5d,67.30237654622964,-0.6906392991713575,0.0916036130165231,-7.539432959339522,4.720193865138464e-14,2.549312857119872e-13,True
14931,Apool,31.19482763355837,-0.946838492166318,0.144591188320041,-6.548383087291367,5.816336374088629e-11,2.6161545913081775e-10,True
14934,Klhl4,14.408570096952069,0.6652999179138825,0.1879331041698488,3.5400890165290018,0.0003999920922566,0.0009332587740992,True
14937,Diaph2,138.72645791357508,-2.705989412082205,0.0887861177351011,-30.47761836096596,5.1597641583231264e-204,6.683996711167026e-202,True
14940,Trmt2b,17.425227433794614,0.548724530312891,0.1682390852635075,3.2615758071523104,0.0011079480346985,0.0024171401236038,True
14958,Bex4,55.27651978288341,-1.517294454034624,0.1001357028702693,-15.152382322620255,7.306918397662382e-52,1.40885765091863e-50,True
14959,Tceal8,52.76554668988775,-3.1073331573792573,0.141463199250038,-21.96566438375967,6.135338268299472e-107,2.8235472535795045e-105,True
14960,Tceal5,26.81015652696648,2.1838694154972798,0.1573638460490864,13.877834523795675,8.631236268310118e-44,1.3598473861279943e-42,True
14981,Ripply1,85.70921272782995,0.8331344148962094,0.0753477246606038,11.05719407784348,2.023282574921351e-28,2.0500095985066385e-27,True
14988,Tmem164,14.592091268524802,-0.6804150780924852,0.1808995093268246,-3.7612875823958367,0.0001690409416721,0.0004156558079642,True
14989,Ammecr1,124.35798591557148,-4.985072021248334,0.1568723600161908,-31.77788630663696,1.3082974945489358e-221,1.98952231171059e-219,True
14997,Amot,2679.381994868857,0.5804463933707014,0.0320327877904191,18.1203833137592,2.2005659194694272e-73,6.392607441807532e-72,True
14999,Lrch2,23.310850437197203,-3.404411462503715,0.2346226085012441,-14.510159460978214,1.044774114171381e-47,1.8036534756790832e-46,True
15000,Apex2,12.516705716105848,0.7321617766661235,0.1903890666363586,3.845608309349748,0.0001202537307709,0.0003014617608547,True
15013,Huwe1,39.36399020880415,1.1822180925199537,0.1175261981319395,10.059187749719843,8.368592707510098e-24,7.097475716243287e-23,True
15020,Gpr173,16.760173211209995,-1.477866201173914,0.1842082248170209,-8.022802470638425,1.0335948784124512e-15,6.0493665440685885e-15,True
15021,3010001F23Rik,11.256226043534276,-0.7796806634273822,0.2082183683363998,-3.744533537827564,0.0001807292354643,0.0004423502966831,True
15022,Shroom2,12.011769396367212,-2.014830460795827,0.2344060185610239,-8.595472390873349,8.29229602960226e-18,5.4009561625953204e-17,True
15024,Mageh1,13.1258669326396,-1.1581962426666226,0.1954292624697577,-5.926421806180899,3.096067059957923e-09,1.230266320030542e-08,True
15029,Ubqln2,29.3799770331566,-0.5816635187481288,0.125339335380613,-4.640710092979305,3.4721396113423245e-06,1.0449281969222952e-05,True
15039,Mbtps2,30.85537014873472,-1.2235660560185335,0.1413543920049193,-8.65601725325911,4.885347241692826e-18,3.2276143771335146e-17,True
15043,Map3k15,11.64425534183201,1.2725460375612887,0.2130794115867142,5.97216797289407,2.3412128971023827e-09,9.384169411993231e-09,True
15044,Pdha1,49.3409020299485,0.5556644271018534,0.0976248385743449,5.691834529167432,1.25681624595071e-08,4.7708275470340837e-08,True
15050,Nhs,19.520587604494956,-0.5176019579646367,0.1521436679325689,-3.4020604669136887,0.000668798386625,0.0015105186859483,True
15053,Txlng,28.654033420559447,-0.6273290357784287,0.1324668540940722,-4.735743443661212,2.182535429732282e-06,6.712659091656375e-06,True
15055,Ctps2,16.090827898383928,0.5371510000849474,0.1723478499067872,3.1166678341241902,0.0018290753309018,0.0038524472343504,True
15058,Car5b,47.36819987721906,1.2835425112570664,0.1071736553601366,11.976287520883428,4.730364382783287e-33,5.478451147424776e-32,True
15085,Gm21887,12.822216294943244,-1.8652696867147085,0.2299908006043595,-8.110192589500262,5.053959343451149e-16,3.0031818212121547e-15,True
15087,Kdm5d,23.56371797822248,0.6705739372788018,0.1482032395915722,4.5246914920808186,6.048366823747718e-06,1.7699772257981942e-05,True
15095,mt-Co2,10.35254048769714,-0.8056038772278321,0.2097264475488052,-3.8412126207418873,0.0001224280099791,0.0003066047599191,True
15097,mt-Atp6,17.627171214287213,-0.606012747146345,0.1624154046244814,-3.731251654037985,0.0001905307775354,0.0004649089211022,True
15108,Gm37233,10.19313542503074,-0.7704770170599383,0.2104421117957555,-3.661230209511128,0.0002510070892631,0.0006022241702611,True
15109,Gm28306,30.054493186016717,1.0936000334460678,0.1324982388368779,8.253694864521385,1.535711504153514e-16,9.40683810320023e-16,True
15121,Serpinb3b,43.70502078384165,-1.9912979888031053,0.1242571838769202,-16.025616601576413,8.464705751422564e-58,1.832064036892052e-56,True
15128,Cfh,44.4283160745364,-0.5766609434083788,0.1015108622410026,-5.680780664036677,1.3408133248342244e-08,5.075355719632233e-08,True
15135,Fcgr3,53.096366677577,0.7084689341529569,0.0926541570869325,7.6463804369645025,2.067154888807767e-14,1.1332415265037689e-13,True
15150,Fam78a,38.05404846544024,-0.8906674086555209,0.1163798758399157,-7.653104991112576,1.961836066717881e-14,1.076179082018893e-13,True
15156,Gm13617,223.00127842772704,-0.6212833684284403,0.0459478376004616,-13.521493085937928,1.1678128399649576e-41,1.7336766507051935e-40,True
15158,Gm13938,12.461841845248324,-0.5868308465266705,0.1894498586973203,-3.097552305194572,0.0019512595900133,0.004091071539402,True
15160,Gm13944,98.32596996278976,-4.123471845108013,0.5306692087393622,-7.770324294683646,7.828543704323272e-15,4.3837839353572005e-14,True
15162,Pramel6,10.678793098651012,0.6070222970884999,0.2048445314261903,2.9633317172893263,0.0030432841410694,0.0061784250126564,True
15172,Tgm3,173.86149312241113,1.2721523115199926,0.065328742191564,19.47308747793812,1.8573210527452071e-84,6.294734606668253e-83,True
15176,Cdh22,42.48910928230949,-0.8441693083367537,0.1049332365165898,-8.044822940377818,8.637020749461862e-16,5.068597948543256e-15,True
15177,1110018N20Rik,63.43304471245531,0.7436583297427238,0.0891855519886484,8.338327376584234,7.534872550954204e-17,4.69935275217857e-16,True
15183,Car1,17.65437237611187,1.2789884058856062,0.1721492916325938,7.429530460196499,1.0898384930985925e-13,5.766746011288408e-13,True
15184,4933429H19Rik,24.343165052132093,0.6335361461307583,0.1403122469585664,4.515187803369999,6.326067859501333e-06,1.8475329780721328e-05,True
15189,Gria2,10.890235991200578,1.6139497919353254,0.2296547169460581,7.02772324208091,2.099307660612481e-12,1.0341603484166498e-11,True
15190,Gm16048,12.493027946723863,1.4579688485041442,0.2166906019690495,6.728343708752027,1.7160518485940738e-11,8.019859628063379e-11,True
15200,Gm43062,21.369907659012643,-0.5767865639971029,0.1461027002149034,-3.9478159072262446,7.886741193963075e-05,0.0002027986031466,True
15201,Ptpn22,41.02484462242334,-1.4132469978222897,0.1145902640485356,-12.333046001392384,6.012995240654859e-35,7.37414170887603e-34,True
15202,Fndc7,18.26658608763813,-2.704378520534548,0.2225490450419875,-12.151831610979606,5.609463886602557e-34,6.696129996512322e-33,True
15206,Clca3a2,14.645225070154098,0.5348054655605698,0.1756953994583311,3.043935511170896,0.0023350518936658,0.0048331622104897,True
15210,Gm11827,16.223468212702134,0.7866280405207979,0.1750053942367106,4.494878823316795,6.960957606149494e-06,2.0251742907393507e-05,True
15213,Cga,20.535207995052684,0.6633919756076339,0.1684745015758535,3.937640232809651,8.228684365326352e-05,0.0002109708725712,True
15220,Gm12718,84.16109612190296,0.8303983504229722,0.0799375640332978,10.388086758273884,2.809318048352196e-25,2.5298328542524817e-24,True
15221,Calr4,67.00692188704551,-3.372003899413521,0.1328889204221988,-25.374605262051883,4.81001280610592e-142,3.4903528611278145e-140,True
15228,Foxo6,126.232066716075,-2.625053798849688,0.0819367353301263,-32.03756884226888,3.2708986286793336e-225,5.062077452950813e-223,True
15236,Klhdc7a,22.938465272157856,0.7204504673806195,0.1579118266523087,4.562359151014773,5.0582025533474965e-06,1.493968016432039e-05,True
15258,Lrcol1,43.75826397814026,0.5529633740270364,0.1026695929637784,5.385853377466106,7.210172341320122e-08,2.56179386235283e-07,True
15265,Oas1g,13.616670242015395,-1.590082120330586,0.2009161181280492,-7.914159078651836,2.489298470958869e-15,1.4254371859898068e-14,True
15275,Olfr718-ps1,22.54109649177072,0.6066244604843396,0.1445011626297312,4.198059375056724,2.692120552107169e-05,7.318483478198378e-05,True
15276,2210417A02Rik,33.12918530758892,-1.056638383176906,0.1319655247234434,-8.006927456176712,1.1760981919887385e-15,6.867313917028065e-15,True
15277,1810059H22Rik,34.5667439081074,1.3560873739118129,0.125243122513043,10.827639447991144,2.5463502804216485e-27,2.4877415477102678e-26,True
15279,Asz1,253.25731927039192,0.7295839372168326,0.0506886705419838,14.393432090757663,5.690068681999093e-47,9.670351905811482e-46,True
15280,Gm15594,29.90181249412568,-0.8396660939828458,0.1245255639528032,-6.74292143178801,1.5523316302685225e-11,7.276112449781807e-11,True
15285,Gm13844,11.64123510887746,0.6334708306860383,0.1971480681187863,3.2131729046635007,0.0013127723353466,0.0028304478609965,True
15292,Sftpb,23.12027635190533,1.7591155963781848,0.1591700958075526,11.051797056810685,2.1487002240840486e-28,2.175823365302944e-27,True
15300,Efcc1,15.897948667591637,0.5907722861223771,0.1752096867956522,3.371801507820724,0.0007467824827312,0.0016753985962802,True
15305,Gm26728,77.86334356986195,-1.3784420176912977,0.0808592859849911,-17.047417632987262,3.653205884963818e-65,9.113732455955385e-64,True
15316,Obox6,40.1039822849484,-0.857397250672259,0.1083613175012437,-7.912392267309025,2.5248934126135085e-15,1.44487356020239e-14,True
15319,Apoc4,22.80186363679854,-5.473191351082119,0.4271790070454729,-12.812407119293438,1.3973161819418304e-37,1.865363770213644e-36,True
15322,Gm26604,108.34222544874122,-0.920843598398236,0.07664888548707,-12.01378979676846,3.007401823183677e-33,3.5179560591194743e-32,True
15323,Ffar3,13.157841693594476,-1.6485326733833248,0.2115978030527374,-7.790878022360438,6.654513263680168e-15,3.74193337476652e-14,True
15336,Trpm1,100.833275267688,2.5240439934754377,0.1050881645629091,24.01834691826276,1.7886785559351294e-127,1.0937206498669072e-125,True
15337,Gm16157,27.09929632562621,-0.6214092027291792,0.1290922904837105,-4.81368174970597,1.4817471451105846e-06,4.636391854302004e-06,True
15340,Plin1,18.31033628103133,-1.0754439256830708,0.1637803106431866,-6.566381034812196,5.155279793321079e-11,2.3289985281735736e-10,True
15341,Vmn2r79,21.58015498861049,0.6129654576055219,0.2124018610006093,2.885876115764181,0.0039032576575072,0.0077586008086482,True
15356,Pcp2,19.60946927730089,-0.8278199472647457,0.1579553353137923,-5.240848279168333,1.5984009872427597e-07,5.504694065557577e-07,True
15361,Tpte,10.274250868911803,0.8884553250118841,0.2152171842776841,4.128180228701226,3.65645479294732e-05,9.792355500622164e-05,True
15365,Gm9939,36.21084549973306,0.9281210381966928,0.1240851042246433,7.479713572359377,7.448477187098027e-14,3.983454710947104e-13,True
15370,4930512H18Rik,32.24170416137532,0.7415928287546453,0.1308660899995647,5.666806647597643,1.4548335193403666e-08,5.4867648449912296e-08,True
15378,Frem3,173.82899480792685,0.8182314420542368,0.0569893043670275,14.357631684440136,9.543297112140101e-47,1.6109380298948462e-45,True
15380,Cks1brt,18.09549378703851,-1.810809706581609,0.1851352194782375,-9.78101147736759,1.358460759727108e-22,1.09327021473114e-21,True
15383,Gm19935,262.8458870483183,0.9847576651505192,0.0443563247273463,22.20106537689317,3.354064517833035e-109,1.6026196799962872e-107,True
15385,Drc7,18.40757371780531,0.9125329607329066,0.1608627219509259,5.672743502446087,1.4052856163985146e-08,5.310206322294128e-08,True
15386,Ces4a,22.51384225662084,0.9279408031924072,0.1649373874721789,5.6260185602183705,1.8441651237429412e-08,6.897082909327751e-08,True
15389,Pmfbp1,12.316293550377466,-2.547871947308733,0.2629684079375252,-9.688889883358328,3.3616252367192597e-22,2.6637110167533493e-21,True
15390,Calb2,39.25169529675639,0.8477582164435968,0.1094631457657912,7.74469078622563,9.581472868666071e-15,5.3278472981631896e-14,True
15395,Capn9,54.97063312335178,1.1353643942469376,0.1002890261607398,11.32092351188269,1.033770928592649e-29,1.090385162800256e-28,True
15398,4930433N12Rik,11.37501777529216,0.6281862657479905,0.1985775506785609,3.163430426054759,0.0015592161523764,0.0033220726209501,True
15406,Hepacam,94.1817520155236,0.6107275622215399,0.0701144943933854,8.710432379287838,3.0271786546218697e-18,2.0190427273847166e-17,True
15412,D630033O11Rik,25.86676838958822,2.3243097450960017,0.1851599607288475,12.552982491175689,3.828145849577916e-36,4.847691138118652e-35,True
15423,Gm26713,32.51707035043518,1.09563228092474,0.1273252066815516,8.604991183442454,7.63226266922841e-18,4.980336177592032e-17,True
15432,Prss45,24.78883789972689,-0.5147505303412359,0.1389059894875979,-3.7057475508440554,0.0002107681545605,0.0005107973235802,True
15434,AU023762,29.889895612634177,0.5002453087617773,0.1282366140702694,3.900955373694282,9.58138139423912e-05,0.0002436161643245,True
15436,Gm9888,21.70780668296187,1.2372793665611117,0.1521710809327068,8.130844303512976,4.2631061826888335e-16,2.5479562858121094e-15,True
15453,Gm32688,17.772913034003942,0.5582112602835386,0.1669298442044554,3.343987187814315,0.0008258355124364,0.0018386010746643,True
15458,Best3,12.331860011559913,2.0178284945780463,0.2341086323852349,8.619197310322287,6.74250851992995e-18,4.416216816349623e-17,True
15461,Myo1a,62.34085862275131,-0.9404266964064938,0.0900683184475101,-10.441259619547068,1.60664521357912e-25,1.4603436327999818e-24,True
15462,Tac2,111.7117712962272,0.7517979041992453,0.0728021063212645,10.326595509224369,5.342313196840326e-25,4.77395877293529e-24,True
15467,4933415A04Rik,105.04605956429442,1.1917185383343114,0.0726419583447362,16.405374600155806,1.7504373114864902e-60,3.980708413950031e-59,True
15470,Meikin,13.591147366698769,1.3163723348453449,0.1989897088331332,6.615278461205323,3.708529869700933e-11,1.6911283014688372e-10,True
15479,Spns2,347.9230625873625,0.9353995613941292,0.0394239864152449,23.726661011439944,1.913953364377343e-124,1.1157072145410324e-122,True
15481,Dbil5,11.457615937391402,1.0646970920129846,0.2084849696247511,5.10682901472138,3.276099409168396e-07,1.092116402354878e-06,True
15482,Trarg1,15.239158741802092,-0.6630225902240469,0.1762659134425095,-3.761490677778132,0.0001689037175404,0.00041538295772,True
15484,Evi2,22.676520899385096,-2.1631580983030405,0.1746628012854316,-12.384767004669962,3.16001292817668e-35,3.9054633277705855e-34,True
15503,Myadml2os,48.853352744248845,0.863097469304912,0.0993824058361591,8.684610339659177,3.800428907990692e-18,2.5213164166517918e-17,True
15507,Slc7a15,11.620222732529191,0.6142008060579535,0.2009271080713481,3.05683395313615,0.0022368815162608,0.0046453608783244,True
15517,Wdr20rt,10.367316350115864,-1.8750025287867047,0.2516058632999496,-7.452141632134534,9.183705570806081e-14,4.889030228988029e-13,True
15520,Gm47080,48.54848238948759,1.2950480118315757,0.1083234284837957,11.955382413189628,6.0852802348209707e-33,7.019748070352845e-32,True
15527,Gm36264,22.55811007291024,-0.6258550685797069,0.1456446304293844,-4.297137949642103,1.730175288533322e-05,4.819577165637262e-05,True
15533,Gm4035,20.50479811575217,0.700219634086727,0.1849785929129699,3.7854090198219392,0.000153455969942,0.0003790449155856,True
15551,Gm10739,53.04295347626849,-4.636036729749592,0.2147285556910735,-21.59021987005484,2.219544234741964e-103,9.65556954655907e-102,True
15558,Lrrc18,11.360211784673057,-0.5808372183525298,0.1966306235976493,-2.953950954969527,0.0031373386134552,0.0063553547633621,True
15560,Syt15,18.7806205030263,-0.7593239669184482,0.1726214214423646,-4.398781799928428,1.0886020797932592e-05,3.103598495504486e-05,True
15566,Olfr221,99.3663498725963,-2.20291254162231,0.0829643264754962,-26.552527275357885,2.4012931467107178e-155,1.935198827174057e-153,True
15567,Gm43647,19.358985744657275,0.635470378281553,0.1631923120782233,3.8939970283462335,9.8605857803105e-05,0.0002504239386088,True
15570,Gucy1b2,21.6314093399782,-0.5082075499354877,0.1604447219086928,-3.1674931022330703,0.0015375935763939,0.0032791995687777,True
15572,Defb30,42.66435767390031,0.5439675693650298,0.1181559643860271,4.603809652704744,4.148316425349306e-06,1.2367159503325716e-05,True
15581,Timm8a2,138.95078718187042,0.8817399782021913,0.0613376106091502,14.375192796809964,7.406352294974789e-47,1.255060939287976e-45,True
15582,Ugt3a2,166.4236993814599,-1.2789133771630996,0.0580739339706164,-22.02215847492249,1.766466216683039e-107,8.194154163754108e-106,True
15591,Lrrc6,14.416201386457772,0.8138609706888512,0.1928017146493629,4.221233053704796,2.429695718984607e-05,6.648492995400221e-05,True
15592,Gm49460,40.3011060008291,3.096891225896094,0.1762819030187744,17.567834093362766,4.344448287150666e-69,1.1617081291390035e-67,True
15596,Cacng2,29.48029695654506,1.0116819617961537,0.1396420859360198,7.244821323133763,4.3300966596677306e-13,2.2206665801838497e-12,True
15597,Rac2,14.886273958063429,2.5554785735626075,0.2799205401917178,9.129299949951362,6.894365673073192e-20,4.96985436482704e-19,True
15614,Kng1,36.44889889224224,1.6732179943461367,0.1579022096541651,10.596545786222956,3.091900661758005e-26,2.8977041142992498e-25,True
15618,Slc51a,110.83141427529188,-0.7476067634333032,0.0704039261103028,-10.618822056344085,2.4361577974346894e-26,2.2917443551123104e-25,True
15633,Gm16050,10.79523887711557,1.0588864835399294,0.2103363038600262,5.034254496763397,4.797120198338017e-07,1.5730740301619208e-06,True
15635,Abca17,83.91924126724706,1.5474137674389,0.0846084620121731,18.289113531176863,1.0104492840724425e-74,3.015484143320627e-73,True
15644,Olfr90,91.7548192263948,0.8851638386682275,0.0718565449459399,12.31848594076108,7.203399795234634e-35,8.803148540815045e-34,True
15651,8430430B14Rik,11.34916135074529,-0.6024426823837186,0.2102686231961417,-2.8651097497402214,0.004168647375422,0.0082504872455161,True
15656,Gm41720,10.2102403934622,0.7949506295510061,0.2113670909058523,3.760995271989124,0.0001692386292371,0.0004159380322147,True
15660,Gm50356,62.44124381447797,0.5559898632447495,0.0912246650477639,6.094731758715047,1.096211105542702e-09,4.482239844220428e-09,True
15672,Olfr1555-ps1,18.788127085110972,-2.96743793127062,0.2375877744318736,-12.489859540822074,8.480322421034539e-36,1.0646366008546448e-34,True
15679,Gm50373,15.4006500839982,0.8026198737824001,0.183749230260205,4.368017610989825,1.2537938553739556e-05,3.550250476486356e-05,True
15691,Xlr4b,27.65692112667625,0.8425489856675428,0.1403859296026611,6.001662617131478,1.95307200444569e-09,7.871703898074725e-09,True
15692,Xlr5c,195.5037489697066,1.7180430599207994,0.1157843605663408,14.838299849109704,8.282865950261393e-50,1.5231415324728838e-48,True
15711,Fer1l5,25.349618810706843,-3.1867943394576783,0.2093271899383245,-15.223986623030786,2.45127386628902e-52,4.789706969124288e-51,True
15714,Rfx8,22.707171721420767,0.7401433059818243,0.1473084949014025,5.024444153592241,5.048926879929102e-07,1.652547880894631e-06,True
15724,9330175M20Rik,171.67145358504874,1.584443697123563,0.0596856141793699,26.54649229815949,2.819218614332942e-155,2.261582345296077e-153,True
15733,Gm26813,83.27460763804,-0.8409242614888425,0.0776282252745149,-10.832712695866748,2.409106987300068e-27,2.3576084495749063e-26,True
15748,BC035947,10.091743723375986,-0.6012530679295799,0.2108746593561784,-2.851234329270601,0.0043549862076954,0.0085872137557986,True
15757,Gm28723,38.5871618215813,1.299510528617415,0.1147387464605849,11.325821213009522,9.77583749485591e-30,1.0329900067071912e-28,True
15759,Espnl,77.90629834823419,0.7970644803643999,0.0786468383292816,10.134730108630928,3.8744199770631565e-24,3.352590626367169e-23,True
15764,Gm20753,17.097614600034756,-0.95870026611063,0.1873605036256161,-5.116874941937098,3.106394356107483e-07,1.0393079108400166e-06,True
15765,D630008O14Rik,97.1772112438419,-4.029712606741577,0.1347035818645986,-29.915407971795165,1.2405835216243345e-196,1.4560620554474064e-194,True
15800,Gm20711,32.44727647085841,-0.6655436027327803,0.1235745646541808,-5.385765303687546,7.213704247963762e-08,2.562007715036358e-07,True
15801,Spata46,13.51493107322012,0.7176628449930318,0.1859547773908477,3.859340722850144,0.0001136933298229,0.0002861642130028,True
15807,Gm15423,10.049334011363952,-2.924645425924201,0.3102431905601359,-9.426944780460229,4.222076778913545e-21,3.190824490477099e-20,True
15809,Gm31728,19.615789468573684,1.0873315262684695,0.1713037368023568,6.347389418147881,2.189992865458301e-10,9.44245444554605e-10,True
15819,Gm36388,629.5531824081984,0.7641608930339301,0.0489911428751955,15.597939712911415,7.51814521633775e-55,1.543161074452049e-53,True
15827,Olah,18.225532596934325,-3.016433815717185,0.241769638361825,-12.476478999413825,1.0032587902493922e-35,1.2568044214814736e-34,True
15831,Gm13199,17.645068562415858,0.6113824910233915,0.1577294675107046,3.87614629448932,0.0001061238924408,0.0002678831742213,True
15833,A230108P19Rik,24.39056248982243,1.6777892576922178,0.1525809598794114,10.996059134889547,3.991990871702254e-28,4.007573844106144e-27,True
15841,4921504E06Rik,51.63138177740312,0.8073552659437246,0.1060835193072281,7.610562613458795,2.7290531672733892e-14,1.4891008358588776e-13,True
15850,Ccdc183,14.555076873877011,1.9178745049279695,0.2176470142241738,8.811857639143083,1.2308887851384534e-18,8.372533284520137e-18,True
15883,Pax6os1,29.48812795607969,-0.6375692737950737,0.128843605640572,-4.94839670641992,7.482728195900749e-07,2.4099070108639463e-06,True
15888,G630016G05Rik,56.01336708683616,1.045651112787796,0.0943013807726635,11.088396630252872,1.4282472612478963e-28,1.4530068705470165e-27,True
15890,Disp2,62.08434666446388,-3.405063836678625,0.1396464482046386,-24.3834618098473,2.561699446805728e-131,1.640989008268812e-129,True
15894,Slc28a2,256.83989189615284,0.7938615998226856,0.0444456383172902,17.861406200433787,2.3562748124069764e-71,6.593045427099713e-70,True
15900,Il1a,31.4368492911409,1.885464338558376,0.1420713973523392,13.271245118272438,3.3988592678615834e-40,4.8680795148536747e-39,True
15903,Gm14097,94.58410457122729,-1.293978056049542,0.0905182073159318,-14.295224070591953,2.3435029479603434e-46,3.9106087360620696e-45,True
15916,Rem1,255.21198116703465,-1.1588898666808514,0.1079093422405561,-10.73947669977827,6.641979044875872e-27,6.371636288359256e-26,True
15930,Slc32a1,28.46569594622458,0.743103028709242,0.130048762214685,5.714033844340055,1.1032904113100653e-08,4.203560503919481e-08,True
15951,Hey1,475.6610680647462,-1.9833500802471928,0.1190106679525295,-16.66531340735187,2.342574824905832e-62,5.4768647778012276e-61,True
15954,Gm30667,43.60510411934805,-0.6033649686989948,0.1011659738529894,-5.964109727009418,2.4597141320931755e-09,9.850121534702417e-09,True
15956,1700064H15Rik,30.6154067232041,-0.5772579196828429,0.1337514511187101,-4.315900237751452,1.5895375989576204e-05,4.447653364891339e-05,True
15959,Slc2a2,11.619395844243428,0.8664291960941677,0.2057110550086278,4.211874738855567,2.532599789207566e-05,6.913847192266924e-05,True
15960,Cldn11,10.658469246216306,3.5209607864200065,0.349550919290269,10.072812263143216,7.286427352948616e-24,6.206772603427443e-23,True
15972,1700034I23Rik,16.657587655111993,-2.5514958958289187,0.2211014404412347,-11.539933393184135,8.298945814995429e-31,9.048127457147136e-30,True
15975,Gm30173,14.684117494907603,0.6862034407484726,0.1749379176623102,3.9225540689988025,8.76152229576711e-05,0.0002239098376565,True
15983,4930593A02Rik,12.208733586868822,-3.685530164402561,0.3414688776497581,-10.793165660569452,3.707927748905008e-27,3.6084719239204655e-26,True
15986,P2ry1,19.634279144626152,-0.5572785723946738,0.1559597574119552,-3.573220307868695,0.0003526178502513,0.0008290643943527,True
15987,Gm37696,18.532971249104897,1.2661767764359286,0.1617533869333273,7.827822343885945,4.963926904240862e-15,2.8102671965478857e-14,True
15994,6430573P05Rik,39.35220561456253,-2.946749204016664,0.1644107990959142,-17.923087900677288,7.788253081825187e-72,2.2110547060869943e-70,True
15997,Rbm46os,244.81101750991328,0.8344461008265454,0.0472115146889536,17.67463099466678,6.576933120056275e-70,1.7804552074852035e-68,True
16010,Gm15998,10.334722377786644,-1.5780373216619084,0.2395581064256819,-6.587284167532284,4.4794445483360485e-11,2.029969584381985e-10,True
16012,Gm42463,12.582510581643575,-0.7119499059308023,0.2021967018414806,-3.5210757616064425,0.0004297997988665,0.0009984509673988,True
16021,Gm5544,47.79088919711216,-3.6039407678283446,0.1699036178228789,-21.211677620575333,7.450804550895494e-100,3.109777326636286e-98,True
16024,Hsd3b2,28.01275571152479,-2.051637061415513,0.1531050908569674,-13.400188393031142,6.030987021884602e-41,8.78184021971007e-40,True
16057,Gm43192,31.87328752427545,2.200286191657574,0.1481519196615076,14.851553707064424,6.797477524437011e-50,1.2539481745501526e-48,True
16063,Emcn,38.10051182290005,0.6888676186445652,0.1133248150259085,6.078700578395607,1.211603587047335e-09,4.945967210617133e-09,True
16064,Gm43691,12.585061057212622,1.127780997335356,0.20164612350896,5.59287219466554,2.2334369791790512e-08,8.292642439890286e-08,True
16069,Samd13,12.505597199822882,-0.6341348716468499,0.1915469822250462,-3.3105970361976915,0.0009309716738627,0.0020538454185077,True
16073,Erich3,34.71513769702495,-0.5398153420431122,0.1159564819357924,-4.65532700743732,3.2346690222253525e-06,9.766555915172127e-06,True
16074,4930570G19Rik,31.000221022990544,-1.0625692412281935,0.1274377265607134,-8.337948815510043,7.55902786314557e-17,4.712737228901595e-16,True
16079,Gdf6,16.83932827440597,-0.565980419449226,0.1663559305651953,-3.4022256827652853,0.0006683941792713,0.001509800750077,True
16087,Gabrr2,22.275930601865756,-0.7619782120816326,0.1551008288890268,-4.912792649398546,8.978821930896014e-07,2.8721819190199357e-06,True
16092,Arid3c,40.899152892290296,1.1697571459726228,0.1098842552732018,10.645357181192994,1.832800017507737e-26,1.7325409030365028e-25,True
16093,Phf24,16.6857716764246,-1.8449665129645103,0.2011138890041388,-9.173739924677912,4.5688647296185007e-20,3.323640032927136e-19,True
16103,Col15a1,33.27642733996269,1.0545807715482205,0.1288669885839575,8.183482698993586,2.7575588391048406e-16,1.6663506903339824e-15,True
16106,Tal2,99.89046473412044,0.7668548651845876,0.0725739280059855,10.566533826325916,4.259477380033222e-26,3.9580095867173744e-25,True
16108,Olfr267,30.83073229949422,0.852259487461518,0.1253513354871125,6.798966155004699,1.0537256623120463e-11,4.9993365118049553e-11,True
16113,Gm12631,64.71548442215537,0.6780332473257049,0.0908084117735678,7.466634798287092,8.227168921612309e-14,4.389161992103601e-13,True
16115,Gm12602,16.37861098086725,-0.6071168111836502,0.1682870578373659,-3.6076262725465975,0.000309011160341,0.0007317518174737,True
16123,Gm12709,14.293408978561004,1.0625339979737929,0.1958797856855802,5.424418830431728,5.8143403825179245e-08,2.085340127347692e-07,True
16126,Gm12724,223.92343818663983,-1.2420352142395537,0.0516900891460949,-24.02849820454193,1.401001537016491e-127,8.596742062927858e-126,True
16153,Paqr7,12.762327569852213,1.2444779191495856,0.2036259315008251,6.111588587844191,9.864421857348535e-10,4.045708476578592e-09,True
16158,Gm13032,24.86018211090021,-0.925824576483197,0.1365166272149406,-6.781771534873323,1.187111014541622e-11,5.610864168190239e-11,True
16165,Car6,24.573883562683477,-0.5156024990699976,0.1438052440675394,-3.585422092311462,0.000336533459591,0.0007929529966757,True
16171,Gm13112,10.568879921615418,-3.983209195523031,0.3964029188765434,-10.048385129988333,9.338514294865133e-24,7.90856842559813e-23,True
16172,Hes5,44.75108198716439,-1.0141141437699162,0.1084304660685552,-9.35266794047294,8.546421448832361e-21,6.389902449644305e-20,True
16174,Tmem88b,11.36584196791288,0.7379796089939435,0.2077026722546442,3.553057844576876,0.0003807807249723,0.0008921614842331,True
16186,Gm26918,149.02847382863354,1.0808248047424764,0.0660519194285265,16.363261114796444,3.4987925776383825e-60,7.90528224777003e-59,True
16200,Plb1,20.72995096656256,1.3867317492574291,0.167106555828938,8.29848800592231,1.0544474594595367e-16,6.5298077801092e-16,True
16201,Spon2,56.11693165378333,-0.5158664707236943,0.0903020080362926,-5.712679949668073,1.1121071644098493e-08,4.235307075609634e-08,True
16205,Slc2a9,14.497885334083188,-0.5300100129842745,0.1796365403872408,-2.9504576955319712,0.0031730349439741,0.0064187432157571,True
16208,Gm45495,58.14235783192073,0.6495348539299641,0.0984195620566443,6.599651942731985,4.1212417952988365e-11,1.8744415218774006e-10,True
16212,Cnga1,14.997962236782811,2.0933130878062047,0.2288846575259534,9.145711689167468,5.923850813648698e-20,4.287926449879489e-19,True
16214,Ugt2b34,647.8747128671283,-0.5193511134251957,0.0308791634413264,-16.818820704518593,1.776600264646102e-63,4.256052798374114e-62,True
16216,Gm9484,141.12119887804403,2.0383741935689708,0.0689841849072982,29.54842760421336,6.8797819620779284e-192,7.86363574855025e-190,True
16220,Tmem150cos,19.542626262801345,0.5788329057895791,0.1552016423491761,3.729553998451304,0.0001918189971056,0.0004677911897062,True
16222,Gm17660,42.03540624646282,0.6482240858811742,0.1066637094779661,6.077269289186685,1.222463765075118e-09,4.987971610740472e-09,True
16225,Gm42902,60.12348492783147,-0.5623267395131559,0.0867969405342375,-6.478647012809665,9.254873106620289e-11,4.0964115638718206e-10,True
16226,Gm17202,180.04894040410989,-2.8971628632520825,0.1769899078631402,-16.36908509773536,3.179577645639161e-60,7.202649464629229e-59,True
16231,Gm26953,27.10863233463045,0.8138642365434519,0.1317449440221659,6.1775747265604375,6.509376860580778e-10,2.703942578095883e-09,True
16233,Myo18b,12.990367423009715,0.6770306804831494,0.1945120801979159,3.480661354267925,0.0005001774520926,0.0011501779463768,True
16238,Gm42903,32.279165314516966,-2.683007322392076,0.1617000800119566,-16.592492237441594,7.897410481215308e-62,1.8341290105643203e-60,True
16243,Oas3,59.36490933288101,0.9201728632681488,0.1040024160516373,8.847610451773367,8.941312550208998e-19,6.1152003863142345e-18,True
16246,5830487J09Rik,67.02703808883415,1.0725229186543277,0.0853930766962443,12.559834592556593,3.510659095543748e-36,4.4488700190484827e-35,True
16258,Ache,12.622903264890368,0.7462331623465286,0.1872728311458302,3.984737977103754,6.755462613419664e-05,0.0001752812020526,True
16269,Gm15411,12.616411510648904,0.5695635751577759,0.1936803146930266,2.9407406532796325,0.0032742854958044,0.0066021797245045,True
16273,Kl,13.895195930214111,-0.918290607464914,0.1875321793795445,-4.896709516751228,9.745473368893976e-07,3.1071802784907543e-06,True
16275,Dlx6os1,12.42694762941418,-6.091370983981781,0.7071823588050383,-8.613578814769472,7.081450508024038e-18,4.629547905956052e-17,True
16294,Gm15050,17.71430078649519,-1.0451240991943096,0.1689744188366701,-6.185102492966829,6.206213350119167e-10,2.5835338982833612e-09,True
16298,Prr15,166.9966508913137,-0.643077933248292,0.0649150563369505,-9.90645267116934,3.9025681637289423e-23,3.208655949567077e-22,True
16300,Gm44073,31.168002953399764,1.267448252086107,0.1431947473517809,8.85122028235028,8.656750292686499e-19,5.9275352043266064e-18,True
16303,A730020E08Rik,15.353908464899929,1.3280183289160237,0.185497385200507,7.159229373937257,8.113183831779676e-13,4.091215653118886e-12,True
16318,Cyp26b1,47.30644800811768,1.2413325808659588,0.1281395950515185,9.687345900905031,3.4128201848561273e-22,2.7030525087302507e-21,True
16319,Emx1,118.38873438161762,-1.2475787982646518,0.0705037509795113,-17.695211686356984,4.5651173262324045e-70,1.2411982271915354e-68,True
16328,Cfap100,39.18356938454759,-0.7686334232311238,0.1106728415910259,-6.945095221025297,3.782051359773136e-12,1.8444092074654937e-11,True
16332,Cntn6,316.208807017036,-0.6253010397845552,0.0494382973263212,-12.648110343631148,1.1459802132631449e-36,1.4703523088441579e-35,True
16335,Gm44081,25.69557032188531,-2.148743475516031,0.1642250743027054,-13.084137636347736,4.057388091168794e-39,5.644837147045335e-38,True
16351,Gm15884,19.224688209486875,1.3370903472324387,0.1704494455446569,7.844498073665647,4.346885715171181e-15,2.464127630045822e-14,True
16356,9330179D12Rik,19.769772660799227,-0.7039456685978583,0.1550578672967774,-4.53989004795559,5.628357090915086e-06,1.6528750429206217e-05,True
16360,Olr1,15.591522628250615,1.1889595929069563,0.2054731558232334,5.786447325166928,7.1890615889220015e-09,2.7783935705429382e-08,True
16377,Gm44877,1288.420106912081,-0.6312534904426725,0.0364366072515862,-17.324705510697385,3.0625913430718804e-67,7.946379437335468e-66,True
16382,Vmn2r30,23.30889580173539,-0.623570308758928,0.1430576966601136,-4.3588728416371,1.3073404342551854e-05,3.694097514017561e-05,True
16388,Psg16,29.98851404383366,0.5527632680327287,0.140323801555965,3.939198210877084,8.175436832777029e-05,0.0002098518117299,True
16397,Gm4881,23.953458413893813,0.5608661830293763,0.1471797541789324,3.81075635136276,0.0001385422631662,0.0003444270064727,True
16407,Gm12764,30.89577424628332,-3.5524055510764443,0.2034873668167462,-17.457622095408105,3.0122259377472127e-68,7.945370618299135e-67,True
16408,Gm12784,25.425313587442982,0.5053589265139462,0.1296135537324247,3.898966674096547,9.66040680189254e-05,0.0002455183754563,True
16413,B230322F03Rik,26.28963690550568,-0.6151018498662476,0.1419325572053469,-4.333761484874278,1.4658298594423398e-05,4.1186427670192224e-05,True
16422,Gm45552,11.353572886444756,-0.6611123467056257,0.2054212679903241,-3.2183247293399337,0.0012894174779637,0.0027845557982996,True
16430,Ptpn5,12.865241230730208,-3.0093796554638432,0.2795865265241526,-10.763679111710957,5.108889976887511e-27,4.936147398663469e-26,True
16431,Csrp3,11.805513419179798,-2.0785522871814086,0.2410627364116818,-8.622453715250712,6.5534455262569504e-18,4.2956017752316916e-17,True
16439,Gm29683,19.329261194048104,0.6056478600161199,0.1559143685314746,3.884490350187687,0.0001025447652973,0.0002595979814013,True
16442,Gm28258,166.21737462894495,1.8922697630081653,0.0678599969258146,27.884907879922483,4.066766675347301e-171,3.823635248305032e-169,True
16451,Gm45016,23.033912914644254,0.711299802893029,0.1467880223578147,4.845761878030783,1.2612672048614922e-06,3.97495780836507e-06,True
16452,Bnc1,26.257028857797327,0.5372447377260675,0.1313320020206512,4.090737439924115,4.300037233642978e-05,0.0001142495459464,True
16453,1700010L04Rik,27.067516428904984,-2.846080860195761,0.1816623033285585,-15.666876440778548,2.5479724037175823e-55,5.304635880501557e-54,True
16459,Prss23os,11.067054720346231,-0.7849918281785357,0.2129731142224975,-3.685872890783942,0.0002279200934691,0.0005503820207937,True
16470,Olfr545,29.5573280608306,1.550519023297395,0.1559267678264743,9.943892539495948,2.681398354950583e-23,2.2181785445305483e-22,True
16471,Gm5901,67.16593001702235,-6.236770586268607,0.3305169467609939,-18.869745250244584,2.022712076556728e-79,6.373547530598931e-78,True
16484,Pagr1a,12.751342907258453,-0.9112247875653848,0.2006908911434541,-4.540439191702228,5.613716805176224e-06,1.6491295059452682e-05,True
16487,Slc5a2,56.74321480796893,3.179509574876894,0.1411183959181361,22.530794473608896,2.072065499491625e-112,1.0294398140656121e-110,True
16488,Gm44674,37.85628862159261,-1.326123638049122,0.1371285786119444,-9.670658381152442,4.017848797582971e-22,3.169334225175056e-21,True
16492,Gm44623,15.361487621224162,-2.471341369452193,0.3266194910141285,-7.566423429841455,3.8364014335961644e-14,2.0809859885462078e-13,True
16499,Muc6,11.189457338548166,-2.553768332964117,0.2740624746629048,-9.318197743435093,1.1833316929301571e-20,8.791038507205859e-20,True
16505,Gm26793,70.18974489170992,-0.7651043625873317,0.0859063293717227,-8.906262998115906,5.278162825374341e-19,3.644078621798124e-18,True
16507,Gm45075,13.873448491393766,-0.650400152472254,0.1964597143262787,-3.310603167182024,0.0009309512790064,0.0020538454185077,True
16522,Gm45572,17.823740076083002,-5.238927776696781,0.4496299688500403,-11.651642772157071,2.250775362897166e-31,2.480249498824552e-30,True
16540,Gm19744,20.81059463130592,-1.8336920247324848,0.173682136591953,-10.557746816764126,4.677546626908914e-26,4.330383028659772e-25,True
16545,Gm34030,33.61233167419532,0.6585475280531001,0.12280051546326,5.362742375866712,8.196787214402233e-08,2.899381367424479e-07,True
16565,Gm45767,25.506538075776675,1.8097998255600207,0.1775261704452311,10.19455227936866,2.097085460182228e-24,1.8282069056663414e-23,True
16575,1700082M22Rik,28.702995842570637,1.5155278633335636,0.1376220830747429,11.01224330771448,3.335923652066481e-28,3.3585856549993454e-27,True
16586,Tmed6,11.81631711917857,-1.0720789983055043,0.2030674586460006,-5.2794229339050185,1.295913697585883e-07,4.5001864065492317e-07,True
16587,Hp,23.7647685410361,1.4233048951472211,0.1491176356674704,9.544846179838617,1.3630973388470226e-21,1.055706211769563e-20,True
16599,Irf8,134.56630055446922,0.5174679118470923,0.0597435383394244,8.661487522000654,4.656475024950231e-18,3.081060735388939e-17,True
16605,Gm45353,285.31006712069944,2.575240225618641,0.0592826908547539,43.440002275337534,0.0,1e-300,True
16606,Gm20735,11.77959153343346,0.7107697642381678,0.2048009643692865,3.470539147250032,0.0005194146231507,0.0011919069583598,True
16617,Muc16,10.57872030995376,0.6145786703076583,0.2096395391523338,2.9315971252020208,0.0033722389997157,0.0067856075971727,True
16618,Angptl8,10.84809513436205,-0.7405952867968892,0.2123597924440058,-3.487455314744511,0.000487640403328,0.0011234165950995,True
16619,Npsr1,31.43427015742762,-1.1460040071153306,0.1832680666973097,-6.25315707077382,4.0223722430514186e-10,1.6962441713644374e-09,True
16622,Gm48091,12.83524806307521,0.9250456620080584,0.1893328084136837,4.885818098609065,1.0300026120898656e-06,3.2732483518494584e-06,True
16638,Apoa1,13.83375427277893,-2.4587114253682856,0.2351882930256141,-10.454225394205784,1.401391906190504e-25,1.2764344612218509e-24,True
16640,4930448E22Rik,274.7362959696032,-0.5192814720782801,0.0468094949330122,-11.093507264314848,1.348931254597408e-28,1.3739143727664224e-27,True
16646,4930563M21Rik,28.6672779187828,-0.5907211817385282,0.1297904987410802,-4.551343799956891,5.330436363950157e-06,1.57118946793798e-05,True
16662,Mlip,36.18570705374266,0.6369092628156813,0.112070355521045,5.68311985675891,1.3225950897084258e-08,5.0118186194628285e-08,True
16690,Gnat1,14.68152500451757,-1.5752175007699654,0.1979503582562038,-7.957639049741892,1.7535300991438545e-15,1.0130734844343484e-14,True
16691,Spink8,21.07516857712829,-1.3064204619768378,0.1602604720641746,-8.15185706837114,3.583777257693834e-16,2.150020469384212e-15,True
16692,Prss44,24.28067771850881,1.2570430084612845,0.1505458359262113,8.349902212356191,6.831950614510048e-17,4.2731456490183016e-16,True
16703,Ipcef1,13.155240380464193,1.0565233623627095,0.2023844257123525,5.220378784800062,1.7855754567476057e-07,6.120373106154866e-07,True
16708,Gm28905,191.99086417039487,-1.394367338557921,0.0591378989509753,-23.57823600926094,6.445960069651522e-123,3.671887612314848e-121,True
16721,Gm48159,30.722319830574875,-2.1878600477834023,0.1526056087891151,-14.336694864254916,1.2905692161678935e-46,2.1722304573959697e-45,True
16724,5930403N24Rik,32.248917522373986,-4.785133543935466,0.2910404208908674,-16.441474106202474,9.654181992890468e-61,2.215647436898537e-59,True
16737,Gm16998,29.09483858365088,-5.07662736686886,0.3316556818939791,-15.306921135431397,6.8741828260340675e-53,1.36298990092612e-51,True
16748,Tmem26,13.767742134438471,0.6685080391975682,0.1871776485812337,3.571516387051098,0.0003549203364683,0.0008339173510893,True
16758,Gm47922,28.01058841501126,0.7517253518816408,0.1336441276053954,5.624828904575769,1.8569193030060946e-08,6.943298005339017e-08,True
16764,Gm49322,33.329622241667565,0.6037056799951693,0.1167744856993812,5.169842336529924,2.3429157396454099e-07,7.94048652227111e-07,True
16766,Gm15344,39.22192453275287,1.3667155269666331,0.1371949312539367,9.961851465466705,2.2385444634931462e-23,1.8597465832573937e-22,True
16801,Gm12092,52.89010719704044,1.4443654169499929,0.1037980963393874,13.91514360944894,5.125688060028876e-44,8.090075161893949e-43,True
16809,Gm12153,35.96207820684553,1.1741253042405078,0.1185424608983073,9.904681371915684,3.972342257567111e-23,3.264488787609663e-22,True
16812,9930111J21Rik2,13.574894132651847,-2.8677439938917746,0.2610539942972417,-10.98525231001254,4.499794787272751e-28,4.5044310955824756e-27,True
16821,Med9os,21.61009926350974,-0.6163818191843362,0.1434527209292612,-4.296759344761982,1.733131735587691e-05,4.826275126107888e-05,True
16822,Gm45605,18.25033855343012,1.141812163622174,0.1765036243681133,6.469057888810418,9.861581438699449e-11,4.3495418965946017e-10,True
16831,Tmem95,15.995126287190915,-0.5204635424598549,0.1680725134416567,-3.0966606722432592,0.0019571376642004,0.0041019203585255,True
16833,Aipl1,92.83349739536494,-1.1397559820368872,0.1348001543441165,-8.455153390457765,2.7872070537203214e-17,1.7750428607232695e-16,True
16845,Slfn2,260.83904314256523,-0.7072614511642543,0.0539903958543425,-13.099764133464264,3.302824622749624e-39,4.6023742631589963e-38,True
16847,Mmp28,35.20229279588301,0.5314372888119351,0.1178009804880609,4.511314647892902,6.442706725151467e-06,1.880655236345332e-05,True
16869,2810433D01Rik,13.947049200661068,-0.9454083262293104,0.1846824120865003,-5.119103197474515,3.0699195251211137e-07,1.0276943463881708e-06,True
16892,Nptx1,65.67617008762802,-2.0690382494053137,0.1216553766639041,-17.00737202204734,7.241391761481343e-65,1.7988275443861608e-63,True
16894,Gcgr,23.09657652397304,-0.7204810203181459,0.1543732317748976,-4.667136990231112,3.054257052482505e-06,9.244175724093811e-06,True
16905,Gm49586,17.55941877494266,-1.3545003857332254,0.1725282504009691,-7.850890405398888,4.130938315144517e-15,2.343992513148842e-14,True
16907,Tpo,11.646925217916994,-0.7925769815706076,0.203653256142103,-3.89179626481185,9.950478699895484e-05,0.0002525968522336,True
16913,Gm33680,131.05097270144304,-1.1872918137971584,0.0706679829622356,-16.800986302830196,2.400194347654804e-63,5.7342348021567234e-62,True
16921,4930404H11Rik,14.30649712400187,1.609869801344665,0.2021093192379925,7.965341763627304,1.6476775335807253e-15,9.534938685393687e-15,True
16936,Gm29530,11.49690449978246,0.7542473495944465,0.1991698365433921,3.78695570918,0.0001525042709171,0.0003768538490601,True
16941,Vsx2,17.154322549524007,0.5835688601192051,0.1667755140746048,3.499127934680826,0.0004667825557255,0.0010782054331698,True
16955,Bdkrb1,76.81468700331439,-2.847674521363694,0.1127076639578703,-25.266023812082054,7.551197540059944e-141,5.324812200829367e-139,True
16987,Prl3b1,20.372607567136324,-0.7316701884661654,0.1562288777732585,-4.683322308235924,2.822621496494171e-06,8.578728663658335e-06,True
16991,1700018A04Rik,15.552211233242469,0.6946190527552161,0.1913584464257703,3.629936727275141,0.000283490702821,0.0006746986133552,True
16995,Serpinb9c,10.081927947477045,1.5872960612978562,0.241460330085241,6.573734330345297,4.9068750925703466e-11,2.2196438597741915e-10,True
17012,Cd83,28.38079132326833,0.6841520445503425,0.1326580472074242,5.157260030223433,2.505896918116531e-07,8.469873464248527e-07,True
17013,Gm33195,14.38087509976114,0.7999746034974223,0.1895011618817296,4.221475982277606,2.4270781936242267e-05,6.643409524197915e-05,True
17018,Hrh2,10.373431191052934,1.6104673524666124,0.2414468572512408,6.670069641001036,2.556820685525963e-11,1.180403383011564e-10,True
17028,Ctsr,19.37365491873776,-1.374773880478519,0.183498229292559,-7.492028047238858,6.781742506626882e-14,3.6368939882211257e-13,True
17031,Gm47424,20.821180071066244,1.0110174006676191,0.1606212277660237,6.2944195778428735,3.08552194135179e-10,1.3151257058337827e-09,True
17057,Gm30551,12.131241707189028,0.9696132302155512,0.1968881453340182,4.924690760688588,8.449386721097904e-07,2.709753804851644e-06,True
17069,Oit1,63.12529985652952,0.7150415378976407,0.088395589023496,8.089108809576219,6.010286158600772e-16,3.558154513933998e-15,True
17071,4930405A10Rik,19.10246912682761,1.093885925167376,0.1618111199690004,6.760264222736616,1.377403117063975e-11,6.480501940063168e-11,True
17073,Gm26660,15.70772081307154,-2.3402753114766126,0.2201401363559265,-10.630843381021684,2.1416687950003674e-26,2.019056813313554e-25,True
17074,Gm47920,278.0968649824426,0.5350379866990452,0.0558352908360012,9.58243395329581,9.47844267094249e-22,7.370342615804458e-21,True
17079,Colq,10.473549817634591,-0.9652620717426214,0.2151943980223986,-4.485535314177422,7.273109852858363e-06,2.112826330677526e-05,True
17102,C1qtnf9,19.617192180289567,0.6168518151060826,0.1777202159972193,3.470915290333285,0.0005186875988599,0.0011903948463074,True
17117,BC037032,13.058032696150311,1.3654597439353855,0.2034624067849236,6.71111565773813,1.9314193936947728e-11,8.992721607277473e-11,True
17119,Gm49106,11.281690741328404,1.3026038267543327,0.2237393336797437,5.821970617910463,5.815777543025576e-09,2.2702303051881983e-08,True
17121,Gm48957,43.05608746708295,-4.754924103136063,0.4724989680209775,-10.06335341440356,8.021838450830512e-24,6.813303099957454e-23,True
17131,Gm34678,14.67077601460931,0.8700392076215789,0.1854307622105805,4.691989598972458,2.7056088592003653e-06,8.243151172420904e-06,True
17138,Lypd2,14.982987236528594,-2.014041594694621,0.217264323512828,-9.270006055898566,1.8613535552131374e-20,1.373474724623095e-19,True
17141,Il2rb,10.150219031782228,-3.64083599855457,0.3788912197788163,-9.609185456131616,7.312515762942848e-22,5.7038927592481936e-21,True
17144,Gm17753,33.894854876936606,-2.700814661119186,0.1842725868517082,-14.6566274846548,1.2219326176272404e-48,2.1694576260979878e-47,True
17148,Nfam1,21.549629811711924,1.2794859670028431,0.1615516603013094,7.919980299902079,2.3754821449945507e-15,1.3624936619109443e-14,True
17161,Gm49492,92.11010484343068,-1.4373774843394709,0.0774713000836477,-18.55367707509101,7.615930346311798e-77,2.3082736550485393e-75,True
17167,Gm36026,199.2643036270856,-1.5862092393699565,0.0556211246716684,-28.518107980256644,6.986179394207504e-179,6.981388871194333e-177,True
17181,Shisa9,13.013754543771483,1.1848617423246992,0.2050497685761783,5.778410531999746,7.540962545977105e-09,2.9079680927022623e-08,True
17186,Klhl6,21.0631102833704,1.3105035030276566,0.1588841537377275,8.248169954008912,1.6083852134716132e-16,9.827896790073925e-16,True
17205,2600002D14Rik,14.582801554286542,-1.6530526510421764,0.1958264157575099,-8.441418103107893,3.135105481013587e-17,1.9936990782532946e-16,True
17213,Trat1,25.7256894784782,-2.281489219247104,0.165271925935919,-13.804457147378477,2.395703860553487e-43,3.727408284106707e-42,True
17225,Kcnj15,11.060957948613762,1.560994489915227,0.2297739445144386,6.79360966368028,1.0936203501226949e-11,5.178779497142076e-11,True
17232,Thbs2,18.700582111796592,-3.388657443121968,0.2738729791915462,-12.373098847228542,3.654451888988597e-35,4.500637650326238e-34,True
17233,Gm5091,35.02630229234115,0.5869190413378604,0.1143901185252921,5.130854385889023,2.884299773716366e-07,9.681503731814169e-07,True
17256,Gm50046,32.0070165647544,1.2753957037446118,0.1306094824048904,9.764954888886816,1.591828349946078e-22,1.2793149900669585e-21,True
17275,Prr22,17.495068374853048,0.5601566917489971,0.1777147103607478,3.15199957624172,0.0016215650865545,0.0034456780356824,True
17282,Gm9984,73.83697748842108,0.6618738954445198,0.0977094015990849,6.773901841710983,1.2535473826795189e-11,5.913686708470307e-11,True
17301,1010001N08Rik,23.453425598721044,-2.034199986981674,0.1689413318614215,-12.040866285168624,2.1666833090780805e-33,2.5447251651549677e-32,True
17308,Gm10549,18.38728716932327,0.970540655104034,0.1749857016464158,5.5463997685088176,2.9161166784307443e-08,1.0731702119612132e-07,True
17317,Slc25a2,15.19972201984376,0.6236514639285833,0.1748463615804254,3.5668541128990987,0.0003612924819846,0.0008482055208681,True
17331,Gm10532,263.36305235238586,0.9466333419997892,0.0483234132241103,19.58953804876263,1.899054855701689e-85,6.563373777966629e-84,True
17345,Ap5b1,43.876706244769046,-1.9727945857129052,0.1498762762487481,-13.162820928635016,1.4362175267324148e-39,2.0141597520045282e-38,True
17386,Tlx1,112.28178446083598,0.581384271363872,0.0674654950135775,8.617505455890706,6.8428504850340586e-18,4.4802609240837e-17,True
17396,Magix,12.719604764732402,0.869392769423346,0.2345987397543278,3.705871439606945,0.000210665143536,0.0005106184379983,True
17418,Dmrtc1b,41.636377402775295,0.7736786837841467,0.1130526193682888,6.843527271701261,7.726660672531718e-12,3.698982804304262e-11,True
17434,Asmt,16.119025843245165,-0.5558299009794555,0.1789790768219279,-3.1055579839227154,0.0018992038057415,0.0039895827212983,True
17438,Gata5,27.411733431835728,1.4041001967336095,0.1450468344208001,9.680322927008037,3.655594831203864e-22,2.8914085213972488e-21,True
17440,Gm13070,104.38528232355834,0.9563199544494804,0.0717669298557983,13.325356907018572,1.648425680452852e-40,2.37069640623022e-39,True
17443,Gimap6,18.6744054383782,-0.5108396670383638,0.1540094111842398,-3.316937991713062,0.0009100981292585,0.0020110937685712,True
17444,Gm16499,76.08759836914724,0.6832040304327291,0.1005101924555323,6.797360682947568,1.065531031225322e-11,5.0526048465478395e-11,True
17454,Adra1b,19.4398695701304,1.5152643316812495,0.1755005783922335,8.633956341127965,5.926562770668055e-18,3.899312631055039e-17,True
17477,Ccdc83,23.651419615344505,-0.6992117258253444,0.1465709319603377,-4.770466534350425,1.8379972156462787e-06,5.68397794999507e-06,True
17479,Rplp1,16.239147909164256,1.5445986719848572,0.1849283847874731,8.352415308012178,6.688101875904719e-17,4.1876665093384083e-16,True
17480,Oit3,20.304433816144336,-0.5034693232867687,0.173408670522988,-2.9033687979288554,0.0036917161887629,0.0073711016039732,True
