,gene_name,baseMean,log2FoldChange,lfcSE,stat,pvalue,padj
2,Gm19938,1083.6382691712129,-0.8165228046148187,0.0493905058191651,-16.531978992164536,2.1593602069615423e-61,2.1268258465099884e-58
5,Atp6v1h,742.1909274502958,-0.6082955541650955,0.0496853684348043,-12.242951462929833,1.8324564300018063e-34,4.4381493929256857e-32
7,4732440D04Rik,1393.426833056321,0.5921568134489898,0.0442639198918441,13.377866553524507,8.145189257780356e-41,2.6741561354321553e-38
21,Cspp1,54.71379630040394,1.314411827898698,0.1848976787423444,7.108860624098671,1.170048287830627e-12,4.597418458619596e-11
32,Kcnb2,80.86915585286044,-0.6232162640988764,0.1478569907403545,-4.214993562213641,2.497853143754061e-05,0.0002498529610414
33,Sbspon,85.88820400478083,0.5576349486697088,0.1372106849243321,4.0640781654666975,4.822266485563098e-05,0.0004455545031751
36,Rdh10,870.6648911421677,-0.5942649949600857,0.0561808067381866,-10.577722703938273,3.780347844391249e-26,5.2689489672675765e-24
59,Ogfrl1,1064.0259008194334,0.7434164592583818,0.0644718417811288,11.530870512155625,9.220661139839376e-31,1.7243803503795815e-28
61,Smap1,66.12697895222978,0.7905149269002817,0.1594823769570762,4.956754106524536,7.16806005022796e-07,1.0464517705737934e-05
62,Sdhaf4,80.77905109032079,-0.9830667696805152,0.158806669920038,-6.190336779780767,6.003580525540321e-10,1.5838731907916558e-08
78,Cfc1,444.4011273533355,-0.5840051973150082,0.0954662892104955,-6.11739706387166,9.51161607833545e-10,2.4186680884910144e-08
87,Cnnm4,38.38649447948337,0.9916055584648794,0.2078367409336521,4.771079232720601,1.8324143618804625e-06,2.4700811845275505e-05
93,Fam178b,105.48617850907463,-0.5320379533993671,0.115920107960397,-4.589695116408384,4.438938950846222e-06,5.371079775577566e-05
101,Coa5,18.729203075376176,-1.0035397202828098,0.3062284064817325,-3.277095458950096,0.0010488090412895,0.0063090817491904
109,Eif5b,10.810708899404313,1.3178802606515123,0.4044247569965249,3.258653773915321,0.0011194219108927,0.0066625798278493
120,Map4k4,97.86886287800496,-0.8627862468749256,0.1347273656986465,-6.403942082596464,1.5141556973337947e-10,4.420975547907012e-09
128,Gm8251,1297.4231852586845,0.7737824428224864,0.0662744760350294,11.675421506365478,1.7021989812767654e-31,3.308985230181965e-29
129,Poglut2,33.540543466340566,-0.7138334928726167,0.2153083338289627,-3.315401128131314,0.0009151170671682,0.0056309619118463
131,Ercc5,59.33550294963254,0.6102780743645183,0.1600327824403208,3.813456624689396,0.0001370365854607,0.0011083273033893
135,Wdr75,395.70669572820776,0.6554551380803042,0.0672407837796871,9.747880694369764,1.8835933493883365e-22,1.973631783252715e-20
140,Gm17767,66.18587262447124,-0.5729305276138026,0.1495826600194847,-3.830193469879277,0.0001280425469447,0.0010439848722749
145,Gls,342.2287467840567,0.5978734033128371,0.1034028667496453,5.781980926702768,7.382607994572374e-09,1.589951173641578e-07
148,Mfsd6,51.64346069040563,0.738418311829759,0.1818188702574772,4.061285337347386,4.880327962137742e-05,0.0004500746898415
151,1700019D03Rik,98.82167109095096,-0.5401130629075614,0.1159619114211371,-4.6576764412414775,3.1979830603159404e-06,4.076531642200837e-05
157,Dnah7a,77.50374794566606,0.5272314571943396,0.145018089874288,3.635625442669817,0.0002773070100776,0.0020372619427584
172,Plcl1,31.594548720830492,-0.6597499720405207,0.2085366004345637,-3.1637130876099717,0.0015577027417284,0.0087956383589163
176,1700066M21Rik,62.35476321234552,0.740276317481666,0.1616437211066323,4.579678767685161,4.656906096301524e-06,5.598139191762304e-05
177,Tyw5,325.1753999669063,0.7211651721051543,0.086678663710064,8.319984887139206,8.797452911542653e-17,5.88115698258512e-15
180,Kctd18,76.01608394302212,0.606136863929328,0.1501011274114701,4.038189948218933,5.386522904142148e-05,0.0004912375888012
201,Gm973,49.5733346333029,-0.6902067282663034,0.1621325362498424,-4.257052558548216,2.0713967211336928e-05,0.0002103286265156
203,Ica1l,24.939933245541617,-2.1730904973284604,0.3769802162388597,-5.764468276371196,8.191568366791022e-09,1.7463525404180457e-07
204,Wdr12,145.53015646414926,-0.7054681614694672,0.1031967388118274,-6.836147823971869,8.135100093000675e-12,2.83462190504698e-10
214,Ino80d,24.160204454462296,-1.3750353181433683,0.2414149563565901,-5.6957337643668025,1.228424434582118e-08,2.538285677834435e-07
228,Fzd5,219.52258622714083,0.5680405681727924,0.0982187551519427,5.783422598810619,7.319587430874007e-09,1.580988080463927e-07
258,Usp37,43.69526840495566,-0.9093478168317708,0.175857379538684,-5.170939196394302,2.3292035296281854e-07,3.7649510882633273e-06
322,Armc9,50.80300296878782,0.6407811377443162,0.1905844237729516,3.3621904931102677,0.0007732675872836,0.0048884276142615
333,Efhd1,460.69346560870434,0.923772155442595,0.066914535310176,13.8052539879495,2.369359522349955e-43,8.975619893127753e-41
404,Cdh20,302.1468853227736,-0.5559919595066151,0.0858598058808608,-6.475579041933899,9.444902837316696e-11,2.889643093741452e-09
413,Bcl2,113.87813763076686,-0.5412412285753453,0.1149663193319892,-4.707824271666891,2.503747942645145e-06,3.2772200123944174e-05
415,Vps4b,44.98719041346143,-0.7012421171608145,0.1922926381085358,-3.6467444830883866,0.0002655837829697,0.0019618674047976
421,Nifk,70.69998277285701,-0.549635619149294,0.1377948641631813,-3.988796117236974,6.640946749630372e-05,0.000589978035352
429,Epb41l5,193.104863517362,-0.8112561167504293,0.0849737787357811,-9.547134761100386,1.3333279594944133e-21,1.262729953434004e-19
432,Tmem37,60.81773176414952,-0.619296949516475,0.1526235978389928,-4.057674948599951,4.956368641868549e-05,0.0004553817805657
438,Ccdc93,700.2438027630503,-1.0353815084664535,0.0692952926808392,-14.941585040057788,1.767211880485357e-50,1.0041841662419487e-47
445,Nckap5,54.427174011894735,-0.5329127958040355,0.1647149667691784,-3.2353635268058376,0.0012148794664728,0.0071508483018602
450,Rab3gap1,59.4210814682058,0.7646283327234891,0.1624245220587412,4.707591704945631,2.506605261950516e-06,3.2772200123944174e-05
470,Dyrk3,58.884265008045375,0.5751645830878005,0.1819092393175232,3.1618217152997308,0.0015678552328503,0.008837654792114
499,Snrpe,138.16905460724055,-0.5027536169981728,0.1588327068430435,-3.1653028333451982,0.0015492161824715,0.00875597547048
500,Zc3h11a,164.27504420861197,-1.9516717720069223,0.126712246593096,-15.40239262171886,1.5772372618693147e-53,1.0591865139480571e-50
501,Gm38394,31.26405589656321,-0.7010507933567892,0.2015785097705275,-3.4778052191915187,0.0005055371355033,0.0034141016133696
546,Gm26936,79.96342684192983,0.9680853736523662,0.1441208465865827,6.717177955728803,1.8527764873715792e-11,6.249525074070254e-10
561,Gm29170,212.47603850775343,0.5389716475771604,0.084196391622,6.401362780448776,1.5399617860569058e-10,4.469822284323129e-09
571,Gm20631,91.52881274463626,-0.542104800508191,0.1244380906108817,-4.356421718196836,1.3220594489418365e-05,0.0001412299804675
580,Tsen15,20.5389896479105,-1.1948183226906706,0.2717543439665067,-4.396685275573479,1.0991654063250282e-05,0.0001195807784465
595,Ier5,1924.303455337249,0.6601846248030576,0.0557661457004515,11.8384481572251,2.469805563965489e-32,5.067903805836964e-30
600,Tor1aip1,17.120413014710604,-0.9412229528592664,0.2911793853656578,-3.23245051045525,0.0012273339297995,0.0072028081418103
605,Soat1,283.7669145377393,0.6555247012314926,0.0780464575197467,8.399160218971334,4.496829119396682e-17,3.0475299729342467e-15
621,Zbtb37,16.998792412784116,-0.9754170915347554,0.3109220133150561,-3.1371760433905624,0.0017058366963698,0.0094744478767549
631,4930558K02Rik,11.778041905292705,1.5708277893505596,0.4008948102942787,3.918304126205789,8.917415049453531e-05,0.000760218637857
632,Pigc,318.7222281059997,-0.6749161137038917,0.0699603525627461,-9.647122820008263,5.055420735320678e-22,4.979252396241845e-20
639,BC055324,82.19052585189363,-0.5789006247522078,0.1331789219696443,-4.346788637350269,1.3814522335272523e-05,0.0001465152569858
646,Sft2d2,2857.0299334973097,0.5911634673174824,0.0395071588884943,14.963451788218752,1.2725089812151606e-50,7.520019075389112e-48
655,Cd247,631.8079464934075,0.5828580026856099,0.0570116188696406,10.223495039113669,1.5562640806087496e-24,1.9820901316304885e-22
656,Pou2f1,31.349369524052587,-0.8756012342310777,0.2139454064187554,-4.09263862631041,4.26492115494678e-05,0.0004015423450724
678,Dusp12,193.34092578522493,0.7583776070481434,0.1140062391700676,6.652071084608287,2.889970524783872e-11,9.530451904722527e-10
687,B4galt3,42.247689276790126,-0.6126513957274459,0.1881193064579384,-3.256717278321609,0.0011270863235234,0.0066922721226157
693,Nit1,110.6317123373137,-0.5826641970218456,0.1291149995419375,-4.512753739603987,6.3991307159435295e-06,7.439324578627523e-05
704,Copa,301.46227314232544,-0.8174146579663393,0.0845399306748866,-9.668977150097902,4.084397235564232e-22,4.133074298508627e-20
705,Gm37756,491.74144209501776,-0.614078669391157,0.0986496723707251,-6.224842461548695,4.820401250058806e-10,1.2921405421577017e-08
712,Igsf9,401.6866429408476,-0.5828889434690233,0.0819742912368118,-7.110631085362379,1.1551352882336962e-12,4.5509249995639007e-11
758,Lefty1,69.05052346451308,-0.6178172958513434,0.1511985610741264,-4.086132113046055,4.386240855158596e-05,0.0004106611051591
761,Cnih4,74.62587017121209,0.6438294921163827,0.1427044224877475,4.511629568955099,6.433146648690969e-06,7.471958222308206e-05
771,Susd4,686.2271586147635,0.5234122159077554,0.0545580707556246,9.59367163571844,8.50049755428686e-22,8.102345217228005e-20
783,Rab3gap2,51.90755122266965,-0.5611063597828031,0.1666129970680692,-3.367722624625525,0.0007579180710858,0.0048016644863733
809,Atf3,253.3856717707316,-0.5952657639405248,0.0765675227551274,-7.774389748043164,7.581198639416568e-15,3.902600303091999e-13
821,Traf5,130.666602410674,0.6557285424318401,0.1203485441649564,5.448578933643452,5.077385716521664e-08,9.170329654754408e-07
830,Mir205hg,231.2506163013109,-0.5377395046707103,0.0839659662962292,-6.404255538173438,1.5110484994273834e-10,4.420639709017854e-09
834,Gm32250,75.55337669661525,0.5108843130912876,0.1542967905341004,3.311049512584509,0.0009294676126371,0.0057073792639658
847,Prpf18,332.99300380598163,-0.5302254102606121,0.074101241803125,-7.155418686090784,8.341792420373224e-13,3.339881875842656e-11
861,Echdc3,41.33927355170266,0.7592668605015676,0.2121863226965147,3.57830255434291,0.0003458329805596,0.0024682784805743
874,Fbh1,155.9047098921504,-0.5406388452402158,0.0959903151231172,-5.63222283984371,1.7790160557917422e-08,3.5565877142445465e-07
908,Pdss1,162.66617598705085,0.6179581287270913,0.0997819380149597,6.193086053654765,5.899749685873185e-10,1.5620591731019794e-08
922,Pnpla7,322.5256548609144,-0.7174730378388766,0.0814805313973295,-8.805453591609632,1.3032445075265377e-18,1.0296328531656183e-16
948,Camsap1,885.656914265253,-0.9675066063318968,0.0500288058692408,-19.338990597949664,2.5236675397099925e-83,3.728466423167543e-80
950,Nacc2,53.66636423722465,-0.8201342975481715,0.1849029132288104,-4.435486078757916,9.186476851009223e-06,0.000101892649397
960,Egfl7,54.29856785369594,1.4014156266276605,0.2236901124499503,6.264986911038462,3.7285672514460253e-10,1.0144724230729942e-08
966,Rpl7a,3166.481160840283,0.557074223277339,0.0414301630970527,13.446102588888138,3.245320716128048e-41,1.1150318200017621e-38
972,Brd3,61.34247107292621,-0.996619171951538,0.1540320504180435,-6.470206487849186,9.78690836540262e-11,2.9812739008341914e-09
986,Ddx31,62.73555052561859,0.7824007180835889,0.1695793987009929,4.613772215710822,3.954257793133569e-06,4.852176464763733e-05
992,Cercam,76.90460333179195,-0.5891578116929364,0.1754588105381311,-3.3578126392513017,0.0007856184448429,0.0049495637117736
997,Zer1,21.41671858292208,1.0122963844993818,0.3046264866017795,3.323074089163815,0.0008903126451868,0.0055058514106283
1005,Sh3glb2,199.5723168085539,-0.7136245409749713,0.0899776965391848,-7.931127028398546,2.171659415756183e-15,1.210720611637051e-13
1006,Miga2,99.27196547761868,-0.6995659929860084,0.1238070757213431,-5.650452439087938,1.6002607992088105e-08,3.229815990097127e-07
1030,Uck1,2217.7993619678173,0.5726519044233348,0.037800190241721,15.149445036159737,7.640907767123254e-52,4.70361547297829e-49
1056,Mvb12b,303.4695815315066,0.7210242646412894,0.0780910023355428,9.233128568937806,2.628403042088757e-20,2.2842368555187826e-18
1066,Ggta1,82.11713918139182,-0.5024305631201033,0.1351240268497207,-3.718291815554648,0.0002005744919607,0.0015449882920898
1073,Rabgap1,63.36283814164068,0.5773502044115788,0.1564503487596778,3.690309475106648,0.0002239813933159,0.0016952362217468
1080,Rpl35,611.6481957372371,-0.670559341122085,0.0561694346158882,-11.938153654343678,7.48666439106278e-33,1.650865368859127e-30
1087,Arhgap15,179.42941420199435,0.5280152784769945,0.0930848358811338,5.672409189733673,1.4080316289442736e-08,2.881103243084126e-07
1103,Gm13522,21.65109211290621,-1.1080575749029802,0.2689259865875454,-4.120306813645419,3.783682067936046e-05,0.000362282040646
1108,Fmnl2,42.85845329524434,0.9692796475359512,0.1894319011266048,5.116770943919015,3.108106904172818e-07,4.900658634178145e-06
1111,Nr4a2,3809.1182931657577,0.5481567444944377,0.0449104006090924,12.205563456574,2.902919272392744e-34,6.917375698440387e-32
1128,Tank,61.85664128114602,0.5049675243580429,0.1554706366655147,3.2479929019937623,0.0011622216989488,0.0068765171727154
1142,Gm13630,70.52937027890384,-0.8178446557817961,0.1534126532199729,-5.331011742617592,9.76671026418949e-08,1.6528451024414151e-06
1152,Bbs5,37.71106060187702,-0.6915687309456481,0.1997596467462223,-3.462004174567987,0.0005361688387003,0.0035810842780102
1172,Hat1,386.56050366280544,0.6406504603151864,0.0677410794786553,9.457340586328415,3.1587453329212064e-21,2.8806977499122164e-19
1174,Dlx1as,96.42845104375756,-0.5866366879722524,0.1319643575447228,-4.445417678583708,8.772126753519412e-06,9.795873065494768e-05
1188,Cir1,240.6752294787127,0.5935981608497332,0.0827953523158094,7.169462345972622,7.529287362620545e-13,3.0616458029805215e-11
1195,Atf2,54.010302593786605,-0.8911001243895109,0.1666152575571095,-5.348250439093641,8.880852344354462e-08,1.5228847903946466e-06
1207,Plekha3,152.81295796311673,0.7580536076722747,0.1058829194968811,7.159356875256954,8.105642134165156e-13,3.254151002449891e-11
1249,C1qtnf4,97.11471430770573,-0.7083832313839846,0.1593393896651925,-4.445750877246707,8.758540029719357e-06,9.788099122471542e-05
1252,Ptpmt1,100.10733637499848,0.7557363445266823,0.1350468538966689,5.596104779345202,2.1922124315489537e-08,4.284093447579926e-07
1255,Gm13778,200.16117987654528,-0.5763359771636167,0.1080872574266081,-5.332136191492803,9.706409584226929e-08,1.646412114780352e-06
1277,Tspan18,139.86109626558132,1.0265143543817803,0.1204602712504176,8.521600887381542,1.5736285232841212e-17,1.1231298455555366e-15
1281,Hsd17b12,32.41331989536989,-0.8841174649137367,0.2064431720476734,-4.282619067244178,1.8470623508598943e-05,0.0001906953121705
1285,Lrrc4c,23.0346986755055,0.837008424105285,0.2631317801289663,3.180947674564623,0.0014679414073615,0.0083832108049321
1307,Hipk3,119.86864262524476,0.5152417734091089,0.1104406912806697,4.665325501265592,3.0812888583084844e-06,3.9500446932289366e-05
1322,Mpped2,114.48512597341572,0.5728792794050451,0.1534567058821944,3.73316549519076,0.0001890882630306,0.0014703105252708
1339,Scg5,163.6748426919132,0.5727436017134538,0.1518631854678618,3.771444672050957,0.000162305147956,0.0012912742358119
1340,Arhgap11a,395.137937374716,0.9889623188234692,0.066797870800873,14.805297039655684,1.3538762179934979e-49,6.667389081545313e-47
1348,Gm29340,193.73210508869423,0.6426004609964129,0.1128001395365226,5.696805550389859,1.22073018433264e-08,2.525919852007062e-07
1408,Ctdspl2,36.75345513058131,-0.8058975453696834,0.2023255634092242,-3.9831721300569054,6.800146529549776e-05,0.0006023103406928
1419,Spata5l1,29.22245850704858,1.0661361050936984,0.2591314455625776,4.114267578676542,3.884106825838488e-05,0.0003714161439801
1432,Eid1,47.719409700004746,-0.5679596845548911,0.1702764211710596,-3.335515749325732,0.0008514133096865,0.0052992590961448
1433,Secisbp2l,506.1590105558027,-0.5021213015241724,0.0581439037961882,-8.63583744366835,5.829836304507548e-18,4.3281407820499763e-16
1443,Usp50,94.87163415885234,-0.5481458331960981,0.1225072642629866,-4.474394530755273,7.662813873062688e-06,8.695116141369289e-05
1457,Kcnip3,2279.64020416351,0.5037047220439368,0.0399373250679703,12.612380052661734,1.804596880793962e-36,4.7609132708660694e-34
1467,Gm39929,238.6794470665884,-0.5174443577721523,0.0824759022038397,-6.273885388889532,3.5214776885975206e-10,9.616693414295708e-09
1470,Tmem87b,174.61675979088608,-0.603856823752395,0.1188829045859446,-5.079425219761903,3.785785034937299e-07,5.856668911640174e-06
1471,Zc3h6,39.945604081852274,0.837200946941935,0.1955281607692798,4.281741022101768,1.8543672440975788e-05,0.0001911822865617
1481,Pdyn,55.97485987243685,-0.8523093598056694,0.1612952992765706,-5.284154985473118,1.2628630576049166e-07,2.105817021789508e-06
1483,Snrpb,106.82203957595402,-0.8766215081814939,0.1166172502779566,-7.517082645080988,5.6012013122053976e-14,2.695509712916044e-12
1490,4930473A02Rik,112.83385778964636,-0.7560224961650732,0.1099210505030281,-6.877868185441385,6.075484528202785e-12,2.1473494837241135e-10
1498,A730017L22Rik,190.9401138241828,-0.7438125718112121,0.0931588047176306,-7.984350744578018,1.4126382934376816e-15,8.058037894690467e-14
1500,Gfra4,177.98030260215597,-0.5677107193401536,0.1012581356389418,-5.606568951303341,2.063767808863253e-08,4.054535320232142e-07
1526,Bmp2,136.56051020203626,-0.5542820524351175,0.1201115057675175,-4.614729029440038,3.936085119290891e-06,4.837913606689153e-05
1533,Pak7,75.9718378649387,0.6394264742492045,0.1392621609087034,4.591530607286754,4.40007097168285e-06,5.333465436699311e-05
1545,Flrt3,123.67220337036902,-0.6544653717454125,0.1113494133629572,-5.877582575240887,4.163010659427631e-09,9.347161015559853e-08
1548,Pcsk2os1,548.8172244287172,0.8811181926151472,0.0685162459724119,12.859989336980451,7.558709726539297e-38,2.1896544607821875e-35
1567,A930019D19Rik,20.840426719399986,-0.866234528115364,0.2611694666368426,-3.316752678902803,0.0009107019502093,0.0056154885694459
1570,Nkx2-4,717.0182124857893,0.5108532727250833,0.0675132162434502,7.566715098906925,3.8278012850534524e-14,1.860261058729596e-12
1571,Nxt1,66.45530968218753,-0.5851598951404005,0.1816358219895676,-3.221610631266389,0.0012747223885704,0.0074467175044443
1590,Nsfl1c,183.66362470191345,-0.6606183840657265,0.0899386079525169,-7.345214687050747,2.0542909320878987e-13,9.114142411611596e-12
1592,Sdcbp2,25.68502976986685,-0.7923061972953171,0.230210410790383,-3.441661020346937,0.0005781542598881,0.0038316702248246
1606,Id1,62.588414679270365,-0.7303953418864539,0.1827419473861178,-3.996867453443472,6.418621613973786e-05,0.0005722915855452
1648,6430550D23Rik,174.47327858709406,-0.5162781488324936,0.0953704195518323,-5.413399157292207,6.183942734654721e-08,1.0980957928099622e-06
1666,Tgif2,81.95550476794543,0.5595733230868108,0.1423422403789795,3.931182490854249,8.452907704279673e-05,0.0007256435701512
1674,Mroh8,218.19491344535123,-0.7629038877960651,0.0936946038331457,-8.142452783670103,3.8734957529642193e-16,2.4351926065656756e-14
1676,Manbal,160.71699006034834,0.5409398035892742,0.1022504245771696,5.290342859955761,1.2208727691105818e-07,2.045031098734664e-06
1684,2010009K17Rik,99.9179011333698,0.5717708247410495,0.148005022814575,3.863185274849628,0.000111918057912,0.0009278773218815
1701,Srsf6,37.40587749753619,1.2150605608891751,0.2520419275758706,4.820866800121631,1.4293577709572164e-06,1.9625772962938586e-05
1731,Dnttip1,23.11612789624328,4.646367665246581,0.6274190355489686,7.405525497295726,1.3063213649859537e-13,5.995924970554677e-12
1737,Zswim1,155.90541582741372,0.504358959340023,0.1273660406523402,3.95991707645782,7.497579331457266e-05,0.0006562158592591
1759,B4galt5,431.9646127673973,0.599243603789228,0.0708081668670085,8.46291650106863,2.6077242521709252e-17,1.8259013318281162e-15
1796,Pmepa1,54.28004373718768,-0.7977442481558222,0.1800004773567473,-4.431900736433902,9.340601940115012e-06,0.0001034468163892
1801,Gnas,23.963210184684744,0.9199391110736748,0.2720636260175434,3.381338124980936,0.0007213372016762,0.004611439124866
1835,4921531C22Rik,97.69751436137336,0.5294161759006857,0.1288243372398082,4.109597512736823,3.963493230649213e-05,0.0003770550482267
1845,B230312C02Rik,72.01675451926062,0.5705256177518471,0.1446821406816963,3.9433036798025753,8.03667836482915e-05,0.0006943502114736
1854,Col20a1,183.6933395694777,0.68644516378337,0.111068767724884,6.18036175105216,6.39548813292544e-10,1.6753003843234122e-08
1855,Kcnq2,514.2292302491517,0.587873807696734,0.06682938225571,8.79663686621172,1.4097759230177536e-18,1.1078739088651217e-16
1864,Zfp512b,336.586800368474,0.6719407495178005,0.0705457692971669,9.52489080794226,1.6521551724309626e-21,1.5448696530060153e-19
1865,Prpf6,141.03666473093773,0.6514291358796619,0.1319586846090512,4.93661434872305,7.949043800646689e-07,1.1536264549189998e-05
1871,Polr3k,503.95564305933874,0.6205383062147147,0.0835438941272699,7.427691906118157,1.1050898712307837e-13,5.125459273389973e-12
1872,Zfhx4,162.65188589119407,-0.887458217640519,0.1124053684073549,-7.895158658476055,2.8994615731790484e-15,1.586542417857306e-13
1890,Snx16,25.1912270998162,-1.12453799063497,0.2438721694367926,-4.611178033278744,4.003934339390218e-06,4.904985566347519e-05
1892,Lrrcc1,109.36219651195935,-0.5472343795334407,0.1158248531105186,-4.724671474534712,2.3048766085457527e-06,3.0430962479584403e-05
1912,Ect2,174.07449865286569,-0.7289045549122017,0.099850807788781,-7.299936485782733,2.879036012765529e-13,1.2659189896606526e-11
1917,Eif5a2,103.16264580600745,0.5698830925955871,0.1297406429842723,4.392479330202416,1.120652874517399e-05,0.0001216497102727
1926,Gpr160,80.55286352525802,0.5385649839130945,0.1383362868693194,3.893157725289058,9.894777336137396e-05,0.0008305990929778
1933,Zfp639,222.5867661965636,0.522901409699195,0.1182625880873868,4.421528550625086,9.800511138530343e-06,0.0001081349899631
1942,Gm43140,94.32919828854018,-0.5300488907534033,0.1185730683645972,-4.470230028319496,7.813551563798723e-06,8.845778605636961e-05
1967,Spata5,176.8873917436594,-0.5239707877088746,0.0937284765206186,-5.590305178956047,2.2667087628861733e-08,4.423825001701496e-07
1971,Mfsd8,211.1968460243737,1.1392696097860753,0.0972375018305702,11.71636033771389,1.050907366614864e-31,2.098122355995676e-29
1976,Gm40040,162.62465678324082,0.5404069564428355,0.1028361335080389,5.255029900561078,1.480004244726413e-07,2.4403552133468774e-06
1980,Gm31266,475.0520508014474,-1.0666569372332932,0.0660174382309659,-16.15719976139532,1.0104862193926333e-58,8.78171965018045e-56
1985,Pcdh18,119.57270807844831,-0.704880565634952,0.1178565737939754,-5.980833677272431,2.2199846307160003e-09,5.2309494312915776e-08
1986,Gm6209,35.178328641196046,0.8422592377476903,0.2662814560141788,3.1630412810377684,0.0015613019059999,0.0088074357996344
2001,Frem2,101.69515470246375,0.6822364605004572,0.1224402316623758,5.571995832070112,2.5183744778951936e-08,4.844591736513489e-07
2007,Spg20,86.11510157232154,-0.8455376830761911,0.1515066168974266,-5.580863069819843,2.393280082879045e-08,4.646296970362025e-07
2010,Nbea,117.63006385051736,-0.6043495324249902,0.1083393301341588,-5.57830228114399,2.428773295897261e-08,4.704911391121718e-07
2038,Vmn2r2,72.55560220281214,-0.6711194589747184,0.1426677705765253,-4.704071958668043,2.5502329681688347e-06,3.328369423297382e-05
2041,A330015K06Rik,127.07496060306194,-0.7248600945253654,0.1166489790313664,-6.21402862283478,5.164311463246314e-10,1.3747304064504692e-08
2063,Bche,18.92842152115069,1.523076143172813,0.3188264226596405,4.777132743476394,1.7781239909666484e-06,2.403477021275504e-05
2086,Mnd1,158.47744596359644,-0.6763400817040582,0.0975769616180816,-6.931350090109056,4.168430319274928e-12,1.5094213121805832e-10
2087,Trim2,68.94951460679535,-0.8075232111846704,0.1471644594081556,-5.487216237074146,4.083171864500344e-08,7.531183661189522e-07
2093,Gm15535,47.39304659851574,-0.6459780386540313,0.1863316861980785,-3.4668179730168336,0.0005266584097964,0.0035207472155353
2105,Arhgef11,77.74686722232718,-0.6224890323564235,0.1405960620371072,-4.427499770172305,9.53316740793252e-06,0.0001055003859811
2120,Tmem79,31.87088325465001,1.032129794059752,0.2525809763043887,4.0863322692043065,4.382460454672218e-05,0.0004105673478587
2126,Sema4a,27.621873292855604,1.1500873030238925,0.2522745893138034,4.558870975282029,5.142935393758722e-06,6.147388956908686e-05
2130,Ubqln4,53.83282165967616,-0.678693048773221,0.1840025517293878,-3.688498025676152,0.0002255817762735,0.0017064747376677
2134,Rit1,13.755815046845685,-1.766480118703336,0.3425674821125369,-5.156590193003284,2.5148737401179095e-07,4.029798767516485e-06
2137,Gm43713,115.52475266565966,-0.5098213610273464,0.1326291315462388,-3.843962145296911,0.0001210636882929,0.0009953227216691
2150,Muc1,25.122835279777984,-0.7293409037752033,0.2255247627725963,-3.2339726015391954,0.0012208116664281,0.0071714797454511
2159,Dcst2,62.710094286697085,-0.5536146786659689,0.1670047481847691,-3.314963704226338,0.0009165502450304,0.0056374326894585
2171,Hax1,69.22112549312959,-0.6687143238985666,0.1472050542065152,-4.542740244233881,5.552765724109151e-06,6.589281992609525e-05
2181,Crtc2,73.55938695729749,-0.5524653932181435,0.1372920052445527,-4.024017219604733,5.72137311015511e-05,0.000517621349231
2184,Gatad2b,94.1629878224359,0.7254688869359351,0.1272439817887281,5.701400386389046,1.1882716689120256e-08,2.4622055591172884e-07
2192,S100a16,46.96966241773967,0.5524171065035645,0.1767632277866354,3.1251811444084243,0.0017769559777836,0.0097900974879215
2195,Pglyrp3,1917.251867553535,0.6082535978609136,0.0500159422703648,12.161194416231414,5.002190848122631e-34,1.1730534538121231e-31
2213,Gm15234,41.1574366213182,-0.7147880109478024,0.1936376831066182,-3.691368330172776,0.0002230508560818,0.0016907847679562
2219,B230398E01Rik,665.9810695315614,-0.5189183850298268,0.0639123256579683,-8.119222382969726,4.691801140279572e-16,2.888194585270432e-14
2220,Gm15265,34.60571730594716,0.9887099380487138,0.2886073497862466,3.4257961163532014,0.0006130003353442,0.0040268861513457
2253,Plekho1,109.94327013740433,-0.8660251685559587,0.116463764132336,-7.436005310389138,1.037756677184022e-13,4.867243539275155e-12
2257,Gm17690,43.67862749336293,-0.5615508025531607,0.177139435643658,-3.170106083451698,0.0015238329291771,0.0086356377812285
2261,Hist2h2ab,718.8699578929578,-0.5731614800869511,0.0492586182618707,-11.635760407242568,2.7116271881556597e-31,5.202802607508014e-29
2265,Gm20633,76.32828616997747,-0.5488620862045488,0.1437460616484537,-3.818275644635393,0.000134387722581,0.0010879146374861
2266,Hist2h2aa1,59.404871287827326,0.9657912668289872,0.1763513091639475,5.476518838491444,4.337746139952727e-08,7.951099438171412e-07
2281,Itga10,199.925781048001,0.7025840729014661,0.0958842367815606,7.327419985644386,2.3462566452943684e-13,1.0347341993307164e-11
2289,Bcl9,25.51376282919842,-0.8677084376298501,0.2437867618883508,-3.559292682296022,0.0003718549416651,0.0026273481148548
2290,Chd1l,65.3134468193635,-0.654954635484365,0.1506283847194156,-4.348148834659468,1.3729142653895712e-05,0.0001459239953731
2306,Gm43466,330.23510940659577,-0.5246626569146152,0.0851364804776399,-6.1626068398776646,7.155701862444574e-10,1.8547077072939677e-08
2309,Ttf2,469.3158627007293,0.5698954556220145,0.0877192644787531,6.496810694987661,8.204058739833709e-11,2.541022302354365e-09
2313,Gm42939,172.30726262156475,-0.577097305628189,0.0911624088939314,-6.330430630674189,2.444779136568605e-10,6.853731871663107e-09
2330,Trim33,60.53931176853821,-0.8753164762155925,0.1523621494626792,-5.744973271265112,9.193550755037384e-09,1.940364555070319e-07
2331,Gm43061,105.62764054694377,-0.6105865702563507,0.1144214824061019,-5.336293127974621,9.486599368030205e-08,1.614689159715187e-06
2340,Phtf1,55.66334910580891,-0.7578448065411612,0.1600894469720239,-4.733883593673709,2.2026408329673423e-06,2.915933303428272e-05
2346,Gm43260,203.66676551152733,-0.5377693967269108,0.0910188991108144,-5.908326753899571,3.4560000459945513e-09,7.867325836598384e-08
2356,Kcnd3,17.660737499592628,1.3281217085897747,0.3536290150944036,3.755692129038744,0.0001728630891044,0.0013620689484959
2357,Ddx20,255.6628072408949,-0.5114315779305972,0.0947421253919036,-5.39814338991283,6.733404475889762e-08,1.1885223145375788e-06
2359,Gm43848,16.763385436341736,-1.64699427676276,0.2932436269551509,-5.616470829610404,1.9489713460639998e-08,3.875383938997245e-07
2373,AI504432,282.99595970167775,-0.920305985704609,0.085577713667515,-10.754038011346791,5.672277113661303e-27,8.38022220772321e-25
2395,Gm40123,229.08494589667256,0.694034005632621,0.0981309135803297,7.072531787493109,1.521321197879623e-12,5.899212435032428e-11
2419,Slc30a7,22.758816692141018,1.0903928706311228,0.2906904443616127,3.7510447686911146,0.0001760992500663,0.0013824071841021
2424,Trmt13,133.62529532865443,0.5507522095514236,0.1103515011870393,4.990890052487194,6.010170268409736e-07,8.960066149897623e-06
2437,Tmem56,75.79325746614857,0.6323007670604502,0.1738629495316445,3.636776948531901,0.0002760707935038,0.0020322221740038
2473,Pitx2,68.75201032120324,-0.5411188443633319,0.1420598775615165,-3.809089896821923,0.0001394792432284,0.0011248178708824
2509,Ube2d3,16.1566536487043,-0.9640383696006624,0.3088333208646606,-3.121549083180474,0.0017990225576411,0.0098842540969096
2528,Unc5c,156.6224499168744,-0.8226157004188982,0.1050141147790224,-7.833382228188087,4.749177035472852e-15,2.50586934007414e-13
2535,Gtf2b,52.34954452579859,0.814859647963712,0.1903673086563644,4.2804599892444255,1.8650741741434047e-05,0.0001921520631017
2553,2410004B18Rik,245.73224413373924,-1.11556571781686,0.0827061489571169,-13.488304459627058,1.8326682368497982e-41,6.446628697909265e-39
2569,Zzz3,53.85909253480323,0.5834531052593181,0.1747618395794424,3.3385612480583595,0.0008421346273445,0.0052563147378065
2572,St6galnac5,327.25812799312985,0.8902459954545886,0.240755799319474,3.697713608440497,0.0002175501326492,0.0016567451854432
2593,Gm11808,307.0235928197076,0.7403176749631994,0.110387833261233,6.706515139320076,1.993271765772664e-11,6.692862969892122e-10
2600,Rab2a,14.690260350298988,-1.0245001197263983,0.3229945295186295,-3.171880716534885,0.0015145520226231,0.0085929307151435
2654,Ufl1,154.50483171141175,-0.5106267591948892,0.1027140596645803,-4.971342393265101,6.649090431240201e-07,9.823366203114273e-06
2657,Epha7,224.4805997956981,0.5020977917506011,0.0986769196103229,5.088300219883178,3.612871078405988e-07,5.612676899302845e-06
2668,Rngtt,353.4945327668931,0.8695589404273256,0.0708191829695081,12.278579107608778,1.180533902220549e-34,2.956136927357016e-32
2669,Cnr1,70.69983779322601,0.5387464849015744,0.1451081396810872,3.712724083470504,0.0002050403823476,0.0015752816478443
2683,B4galt1,127.13588156500546,0.7560730642462992,0.1159831721105201,6.518816915318016,7.08640845395262e-11,2.222815254749384e-09
2688,Nol6,185.7931930433005,-0.7721047144659078,0.0938817009764333,-8.224230136815748,1.964485735186817e-16,1.2842173562677011e-14
2692,Kif24,335.1863004304311,0.6002399236800549,0.078741957757637,7.622872745018063,2.4809143238304454e-14,1.221767607342367e-12
2727,Clta,210.40742476678383,-0.5597059695613266,0.1047308670493609,-5.344231221704009,9.080160002699837e-08,1.554464471377606e-06
2737,Trmt10b,72.62963888729689,1.0326317978701236,0.1710123419830175,6.038346623968634,1.5570132308593427e-09,3.771034995527201e-08
2753,Trim14,198.63309020343237,-0.8226873060288373,0.115833174659954,-7.102346184018194,1.2265651289852026e-12,4.793987623181847e-11
2763,Tex10,25.877271456126408,0.9344914708150336,0.2844416955459426,3.28535332705502,0.0010185455713428,0.0061646834375337
2780,Gm12514,42.37438900433133,-0.7053701996873385,0.2112031616465045,-3.3397710251512827,0.0008384749118037,0.0052380286661206
2787,Epb41l4b,61.686203243502426,-0.7996760144831058,0.1716529966766217,-4.658677855706888,3.182467764519395e-06,4.0602572325569554e-05
2794,Ecpas,560.8539972465702,0.6552516622496963,0.0569990471869449,11.495835361959791,1.3843523756529326e-30,2.556552749737053e-28
2807,Zfp37,258.1496378108885,0.5334972138672786,0.0806515567309257,6.614840872162726,3.719516320264356e-11,1.2103994298587132e-09
2817,Col27a1,242.98978541379552,0.532842971360116,0.0840899889916013,6.336580343866314,2.3492070517669037e-10,6.623508584504626e-09
2818,Akna,78.17435747697394,1.482280543093971,0.3038660536058449,4.878072181819585,1.071277238967208e-06,1.5131022876196496e-05
2835,Dmac1,184.556960605892,-0.5703764774061003,0.0905013069667962,-6.3024114957297135,2.930498844687808e-10,8.138193596131141e-09
2861,Gm12610,88.35360862977775,0.5144096633777352,0.1383415020125707,3.718404498246607,0.0002004850595405,0.0015449882920898
2868,Lrrc19,550.1194255367502,-0.5318266000915423,0.0597446571402278,-8.901659588459628,5.501778409491026e-19,4.4417089738699676e-17
2879,Kank4,113.6872996279219,-0.6023223852425789,0.1220177254549589,-4.93635152595036,7.959758291688619e-07,1.1540477821531665e-05
2907,Prkaa2,36.255809241253466,-0.728714491531709,0.1944899244686172,-3.746798162026609,0.0001791060846463,0.0014045187338456
2913,Gm12786,259.24971631889287,0.6424061850909676,0.0902310816756724,7.11956648597031,1.0826705218258939e-12,4.288304099049801e-11
2930,Echdc2,69.8785978065874,-0.7424583855816373,0.1410257455433171,-5.264701014139191,1.4041768706795574e-07,2.320504372194606e-06
2939,Txndc12,52.06704969152311,-0.8940254901594359,0.1758999782615355,-5.082578741596892,3.723448736930567e-07,5.772322312635068e-06
2942,Nrd1,11.414805035511938,1.939349933436818,0.4908143879770325,3.951289898876333,7.77310959235107e-05,0.0006755289477493
2952,Skint11,125.56129104145153,-0.7796664705669224,0.1281303127880051,-6.0849494050397,1.1652810255884824e-09,2.9031807541389945e-08
2962,Faah,62.68677427916877,-0.5774040669820972,0.1566035306050698,-3.687043738740616,0.0002268743736945,0.0017144971851473
2983,Hpdl,100.39744624229095,0.8163907577182448,0.1430851341105291,5.705629468730179,1.1591391029904485e-08,2.408596498956524e-07
3076,Adprhl2,68.5431695305154,-0.7288076514278283,0.1707936984870369,-4.267181154128729,1.979584069436351e-05,0.0002025372232815
3086,Sfpq,310.2084081208249,0.5280706427486619,0.0784381340463199,6.732320307834212,1.6697854327448644e-11,5.645173909238588e-10
3096,Phc2,264.2067874940402,0.846458873822638,0.0876173474555281,9.66085938920114,4.421391597891622e-22,4.443648943350396e-20
3099,Ak2,56.50201474415769,1.4215525208553026,0.1819222651193655,7.81406563909356,5.537223553768297e-15,2.890704621320595e-13
3106,C77080,990.0585803987526,-0.6467234529612451,0.0435937150056896,-14.835245238375265,8.668655069187141e-50,4.416231379040373e-47
3114,Ccdc28b,35.693898146478965,0.9837771882305856,0.2368640232753631,4.153341544346345,3.276551269822353e-05,0.0003178448355899
3130,Ptpru,338.57852136202007,0.5213108353197085,0.0928489207082401,5.614613840884885,1.970016959069445e-08,3.911966472216665e-07
3134,Oprd1,131.82741353187174,0.52915690606275,0.1152827227466856,4.590079878885955,4.430764147735989e-06,5.365582747430451e-05
3142,Gm17300,597.8459359384722,0.6521093509828156,0.0663267500046765,9.83177000134692,8.216183497931716e-23,8.732798201326848e-21
3154,Stx12,586.3983149167107,-0.7552807349815452,0.0678475900101484,-11.132020088975494,8.762682928917736e-29,1.4226360174926443e-26
3156,Fgr,388.202430429399,0.6456856889747135,0.0726098064748794,8.892541108728873,5.972704876772246e-19,4.7697698296990905e-17
3171,Hmgn2,214.67185272405263,0.7252530379784499,0.0899018861500523,8.067161536165694,7.195132505804063e-16,4.235095125129452e-14
3199,Stpg1,196.6221880425589,-0.5414878270057599,0.0897088320453583,-6.036059267073882,1.5792327127291435e-09,3.8185898687169186e-08
3223,Hspg2,226.1270125456054,0.6080093130035421,0.0818437639774385,7.428902135673392,1.095027227725152e-13,5.103448663221261e-12
3249,Mfap2,89.32274046462999,-0.8243709038664678,0.1440007960991228,-5.724766294340573,1.0357622397129188e-08,2.173629450215719e-07
3262,Fblim1,442.8160032713925,0.5014907959644231,0.0874274285756609,5.736080817365297,9.689244075843788e-09,2.0391580053634775e-07
3276,Tnfrsf8,144.26272222571097,0.6024296881172909,0.1055488015403684,5.707593826983286,1.1458445843248826e-08,2.3876879956016666e-07
3278,Zfp990,145.73320408596464,-0.8736087571708537,0.1080566452268837,-8.084729591008124,6.230227485836336e-16,3.7265336386941716e-14
3288,Gm21411,273.024238240356,1.2376081235464371,0.2200026036411396,5.625424895267056,1.8505190770587053e-08,3.694536330333151e-07
3298,Zfp534,184.91520178146732,-0.7516968894085484,0.108949194097262,-6.899517666349025,5.217939961138532e-12,1.853121273698574e-10
3299,Zfp984,102.05942349121402,-0.765928364433139,0.1180744658975006,-6.486824722104052,8.766422236025192e-11,2.69823171072992e-09
3309,Draxin,85.23322091268211,-0.8351676457737851,0.1579998419756381,-5.285876462474937,1.251043038045453e-07,2.08846438916198e-06
3313,Disp3,44.85075016484239,-0.5769527288971782,0.1835428777059242,-3.1434220499777843,0.0016698488387577,0.0093025440210435
3335,Spsb1,67.78648283055801,-0.533271379788736,0.1430360822268461,-3.728229768926426,0.0001928295305243,0.0014959487167021
3336,H6pd,193.7406370271281,0.5713629983039241,0.0985816970604401,5.795832444978334,6.798311285646863e-09,1.4748641840550187e-07
3338,Slc2a5,123.7526179356224,-0.5672417887659349,0.1229535990335277,-4.61346225913449,3.96016199461006e-06,4.855388656296185e-05
3400,Cptp,266.8906455444127,-0.522708684389072,0.077287516215861,-6.763170948968874,1.3500378249214723e-11,4.6170043577291275e-10
3413,Cdk6,163.68960552810418,-0.6963083949746235,0.0962249066072765,-7.236259504168423,4.612284188397206e-13,1.9524895873747937e-11
3417,Gm43017,220.9514093824345,-0.5493747870057248,0.089335285346879,-6.149583391070656,7.768673257631074e-10,1.9960761514476783e-08
3418,1700109H08Rik,95.47922508425054,-0.6261455235899661,0.1285290710876656,-4.87162568196647,1.1068371850011528e-06,1.5588572517833205e-05
3426,Akap9,290.23338353074973,0.5098696083962995,0.0794667472735478,6.416137892761343,1.3977485251167687e-10,4.1218236946257775e-09
3437,Steap2,72.5648174338379,0.8497451386619213,0.1769144705194182,4.80314095374495,1.561958477460314e-06,2.130782506555741e-05
3455,Gm26954,97.53168685535962,0.6448666516536627,0.1271931132693241,5.06998087457923,3.9785568047793044e-07,6.116461834943751e-06
3492,Nos3,201.87229807248903,0.503575704116559,0.103754445124269,4.853533778850776,1.2128067248762682e-06,1.6887847835364736e-05
3499,Agap3,218.112240917256,0.6707255230294391,0.0952239152882743,7.0436667196358265,1.872457144267508e-12,7.148238203981436e-11
3502,Chpf2,157.42557703491843,-0.546416472865404,0.0930112498297258,-5.874735302081409,4.235195179828908e-09,9.480420240423075e-08
3503,Smarcd3,297.53117501710807,-0.5522923450298223,0.0719696219588238,-7.673964792337059,1.6675987100175917e-14,8.402679738725902e-13
3510,1700096K18Rik,34.895371116625505,-0.769127221695039,0.1977199726738689,-3.8899824397795295,0.0001002514762185,0.0008405875764207
3513,Paxip1,17.290893582143532,0.998158643559217,0.3077216640352853,3.243706115682391,0.0011798541153906,0.0069613277559029
3546,Mpv17,14.13958857637552,2.4263363439471,0.4325182960835501,5.609788917411255,2.0257354289169433e-08,3.990428696909189e-07
3548,Snx17,62.05969347470136,-2.677926931112006,0.1874148774544644,-14.288763877684437,2.571330651040744e-46,1.0552455288465542e-43
3555,4930548H24Rik,59.66375469201726,-0.6002595898165207,0.157407331842742,-3.813415695376953,0.0001370592922223,0.0011083273033893
3561,Babam2,176.8063278680556,-0.6193397893124514,0.0965695580278619,-6.413406066679535,1.4230381079678543e-10,4.1797147131445485e-09
3578,Letm1,19.66597640400492,-1.0745532853568318,0.2667612659378973,-4.028145846357583,5.621846653420243e-05,0.0005098659451051
3605,Ablim2,64.33144288627537,0.5565266712133806,0.1568195489190579,3.5488347916408736,0.0003869397653773,0.0027196232605545
3633,Fbxl5,118.432248418696,0.5708192957685306,0.1412508695781691,4.041173675413274,5.318435074796251e-05,0.0004859280135747
3656,Lgi2,26.371934148341445,-0.716876514298648,0.2209390093559643,-3.2446805857794785,0.0011758243522151,0.0069430971141593
3672,Gm31363,84.89061696146766,-0.6063646900140592,0.1277453963740926,-4.746665689919396,2.0679733055257804e-06,2.752453839264674e-05
3675,Fam114a1,68.8787233683856,-0.6095751044857731,0.1435187582244311,-4.247354924382318,2.1630914293361057e-05,0.0002191873304321
3679,Rpl9,163.2646990840015,-0.5689479871793748,0.1062738562313804,-5.353602544925593,8.622013587611879e-08,1.4881031395254423e-06
3681,Ugdh,199.2822626026368,0.5137746162469111,0.0898051579114268,5.72099229259902,1.0590370212984092e-08,2.2161774720485405e-07
3689,9130230L23Rik,297.0425026861964,0.7417923418338765,0.0772954838377213,9.596839362455368,8.2433451464425795e-22,7.959946483238082e-20
3702,Gm15478,30.366677385536825,-0.866424941418748,0.2471720623947073,-3.5053514261460514,0.0004560049353617,0.0031320394770033
3722,Usp46os1,34.575042348310376,-0.7594033046997011,0.2048422903478727,-3.70725841529133,0.0002095151241762,0.0016038219920106
3725,Fip1l1,153.0511404252794,-0.5830428937547271,0.1300014195324977,-4.484896363835306,7.29493822132825e-06,8.34821202803281e-05
3736,Cep135,31.568347666857147,-0.7761149921252598,0.2225500427123047,-3.4873729192160186,0.0004877906782586,0.0033118655701258
3738,Aasdh,83.76326360803512,-0.5169513466723151,0.1290508892049294,-4.005794534677013,6.180936063196971e-05,0.0005534372690768
3766,Ankrd17,138.77070753143795,-0.5502477314961983,0.1153705752220416,-4.769394019551297,1.8478092437914385e-06,2.4885627864881227e-05
3784,Stbd1,62.31535071130205,-0.6682946358884956,0.1635335567051304,-4.086590234770632,4.377592751455817e-05,0.0004104554511055
3791,Ccng2,116.51926945650216,0.9309268872766866,0.149765816870334,6.215883615703008,5.103662287735578e-10,1.3610380259748276e-08
3807,Hnrnpdl,14.088029929554184,-1.042017545745353,0.3209735931049864,-3.246427644296963,0.0011686314991116,0.0069061447071499
3809,Tmem150c,156.7450722032217,-0.5810690257166713,0.1315148587652493,-4.418276620392107,9.949103492583616e-06,0.0001093661123507
3837,Lrrc8d,312.2427215719735,-0.6186100175560487,0.0772998927686137,-8.002728016813299,1.2169254063294865e-15,7.010458741862069e-14
3876,Golga3,76.46918475233585,-0.6004494141940713,0.1325226234517147,-4.530920069001257,5.8727356807038526e-06,6.913449955913842e-05
3877,Gm43138,84.23713554775446,-0.7583538261916579,0.1252322460642165,-6.055579533427754,1.3991302416110386e-09,3.427985106063265e-08
3885,Noc4l,32.17155179872812,0.8073200708884825,0.2280814841659306,3.5396124934944404,0.0004007149470874,0.0028057642788007
3898,Miat,56.06247850518171,0.7710389824454857,0.1707509538448511,4.515576429201516,6.31447669382511e-06,7.35726172512399e-05
3904,Asphd2,165.96832709395923,0.5886506987688068,0.1055265097120714,5.5782257972422045,2.4298412017232104e-08,4.704911391121718e-07
3910,Ficd,215.33440995665643,-1.049254687520513,0.0873943939242662,-12.005972470382604,3.305553276560339e-33,7.399430925439764e-31
3919,Fam222a,66.25870947417721,0.6293506678027427,0.1615618316464108,3.895416766381554,9.803002240105526e-05,0.0008238313714181
3944,Sirt4,12.36696929660594,-1.1748457030763455,0.3269363690768028,-3.5934995742255724,0.0003262661822888,0.0023536409068041
3974,Iqcd,134.08849755632514,-0.6584734358197469,0.1090014334456703,-6.040961251651343,1.531987702070057e-09,3.722629327365629e-08
3994,Gm16552,32.27126927705997,-0.6705984649966634,0.2036514517005621,-3.2928734825945383,0.0009916908838121,0.0060169368038768
4001,Vps29,113.46869550735668,-0.5519000699876814,0.1285119143460728,-4.2945439945860295,1.75052767012461e-05,0.0001822571937873
4013,Kdm2b,137.0313926300938,0.5760484219125582,0.1190313327829269,4.839468805772986,1.3018662262867358e-06,1.804293773654806e-05
4014,A930024E05Rik,51.88743088056562,-0.5367300378122373,0.1712811911368096,-3.133619250601358,0.0017266474242173,0.0095720409175934
4023,Psmd9,130.09851859963428,0.5318251391984573,0.1079634534348059,4.925973764998186,8.394126054160254e-07,1.212266063774815e-05
4024,Gm43409,35.988977598951195,1.384529831834901,0.4304578881593925,3.216411802220776,0.0012980442523301,0.0075568959767644
4042,Arl6ip4,50.319998004917615,1.3077950686425104,0.1961674788616269,6.666727207953801,2.6157062001859302e-11,8.664673408418595e-10
4043,Pitpnm2,847.5768291469336,-0.7000063863836806,0.1383815284730527,-5.058524747542402,4.225124234572524e-07,6.448552215038685e-06
4067,Dhx37,73.08441786720243,-0.5431257557542192,0.145833747266161,-3.724280325615996,0.0001958731840053,0.0015166826103222
4082,Mrps17,51.23651887813681,0.7876905159921865,0.1990254791016513,3.957737067372552,7.566317880919058e-05,0.0006602763164364
4085,Cct6a,82.42801167892438,-0.5163576523988153,0.145671733805228,-3.544666071519523,0.000393110772554,0.0027577486010038
4115,Wbscr25,467.9548189124428,-0.549707268675061,0.0646824595052707,-8.498552356845174,1.9196966116228866e-17,1.3570142459385896e-15
4169,Gm36266,751.0516446475918,0.5981955877479973,0.0552773643876955,10.82170965229942,2.7166187729855822e-27,4.180763099175937e-25
4174,Tsc22d4,26.4671191510004,-1.142664542388505,0.2804719710707356,-4.074077484556637,4.619710007541827e-05,0.0004287160530868
4194,Zfp68,20.183724613239697,-1.1989520913580385,0.2808661505361749,-4.268766774028244,1.965566514453769e-05,0.0002013819672991
4242,E130309D02Rik,86.18077987682624,0.5734502196467822,0.1436859474878692,3.9909972385796193,6.579604655020925e-05,0.0005852322647397
4244,0610040B10Rik,19.92972626992914,0.9933564150427284,0.2798598983926689,3.5494775090962087,0.0003859964368121,0.0027142843205436
4258,Rsph10b,46.52934742631297,0.6237813829952288,0.1787395623752435,3.489889841431245,0.0004832196909042,0.0032838489942132
4260,Lmtk2,37.54940916845247,-0.720581519427408,0.2008443388401096,-3.587761166626939,0.0003335295875643,0.0023990097987708
4262,2900089D17Rik,69.90733887875646,-0.5392993798562797,0.139777954737448,-3.8582577693977047,0.0001141981721011,0.0009446605792956
4263,Bri3,29.60541821936101,-0.7349200864094495,0.222244922520457,-3.306802594519576,0.0009436736799352,0.0057730165413515
4275,Ptcd1,94.24891866915024,-0.5111515009768777,0.1235072909121209,-4.138634223145393,3.493794512534452e-05,0.0003373681054129
4277,Atp5j2,76.81164132407443,0.8546512264782599,0.1452676314581372,5.883287404768836,4.021966181770756e-09,9.044220451975823e-08
4280,Zfp655,130.8719375036962,0.6775624818747706,0.1508234568424207,4.492421113134166,7.041800615166186e-06,8.085676659900215e-05
4298,Slc7a1,117.29898001212273,-0.9321148319812372,0.1147600722874095,-8.122292130025963,4.574605861559525e-16,2.8278337656351644e-14
4306,Gm20005,184.3517411437517,-0.5330437413053701,0.0957832331663084,-5.565104911209732,2.6199473884138543e-08,5.020376487214822e-07
4331,Sem1,229.1132720117804,-0.6343604475704917,0.0907661661406012,-6.9889527622862895,2.769456399959075e-12,1.0228987213248844e-10
4333,Asns,1518.8266329734856,0.5690847991647527,0.0591582043098043,9.619710500077456,6.601670128334196e-22,6.459144005033736e-20
4346,2610001J05Rik,630.7180633265341,-0.9882423168862948,0.0684464897029924,-14.438173837322292,2.9762366376396817e-47,1.2932623554261372e-44
4351,Tes,25.19005090867879,0.8780879196383347,0.2508298530783813,3.500731307943408,0.0004639833907398,0.003175030391288
4376,Snd1,326.2583145588262,0.7517272913676918,0.0875602676936181,8.585255746339861,9.063457426012589e-18,6.695176000595499e-16
4416,Gm13861,106.2515109770916,0.6612472115627932,0.1322155384643139,5.00128214310657,5.695029643959706e-07,8.533303038525425e-06
4424,Slc13a4,441.6481257351821,-0.770460988773578,0.0854776999458036,-9.013590553583938,1.9941814664092164e-19,1.6739793741323728e-17
4436,Ttc26,65.07560563986387,-0.5609664747962892,0.1750378957846259,-3.204828715985743,0.0013514287654527,0.007823671073981
4440,Klrg2,85.6607001025599,-0.8169169216344874,0.1517960385367276,-5.381674841513278,7.379597737902336e-08,1.2933117079450664e-06
4454,Tmem178b,266.1963921039722,0.7651612877124022,0.0903229095869975,8.471397690919288,2.4246589007466352e-17,1.7058052666490852e-15
4471,Pdia4,25.06965103780444,0.8333893005821927,0.2612098448731331,3.1904972838483983,0.0014202817599673,0.0081669875834436
4502,Hnrnpa2b1,44.88846076242744,-0.5991142742292367,0.1908408420067422,-3.139339922887525,0.0016932890043929,0.0094153751414756
4508,Hotairm1,189.84821228899256,0.5087102042167139,0.0964395907826309,5.274910439669079,1.3282093623633114e-07,2.2073076624921893e-06
4514,Hibadh,95.67237521741276,-0.6472205238614303,0.1238728660376924,-5.224877283976715,1.7427064768229057e-07,2.848091315108585e-06
4530,Mindy4,58.46506468970193,0.6976547470903118,0.1656648400014611,4.211242090259821,2.539703960374505e-05,0.0002529957487274
4548,Hpgds,33.815120222923056,-0.8086694178646108,0.2015069121284186,-4.013110068151175,5.9923953797466506e-05,0.0005388414445549
4551,2610300M13Rik,82.59705509307327,-0.6480445551540718,0.1479890003187034,-4.379004883866151,1.1922246047291516e-05,0.0001286627195782
4567,Kdm3a,245.76138881161188,0.5270393435157132,0.094740152064744,5.562998707829202,2.6517785470143365e-08,5.068224612366081e-07
4580,Mat2a,91.01202649807108,-0.593027259645255,0.1668552207360034,-3.5541426694915144,0.0003792134385851,0.0026716735057975
4598,Gm17034,132.63089747743194,0.5639107878512646,0.1223549030663363,4.608812346044954,4.049756355115282e-06,4.948808965299684e-05
4603,Aup1,94.4270380498242,0.656580424440328,0.126571580536372,5.187423761779218,2.132231687587581e-07,3.4579133866541072e-06
4606,Mogs,37.8541922561832,-0.6272977546980135,0.1993283600136443,-3.1470572208343763,0.0016492268328497,0.0092107762585757
4626,Spr,49.01143972096772,-1.3856018053136907,0.1973708383728949,-7.020296497377479,2.213979119031089e-12,8.301859772732311e-11
4630,Cct7,10.609395407020012,1.47100652789093,0.4226524908946091,3.4804160855110964,0.0005006356236254,0.0033850758368158
4644,2310040G24Rik,516.684361179247,-0.5182920919517247,0.080570168790744,-6.432803849497041,1.252712704182105e-10,3.723858650218595e-09
4648,Snrnp27,139.19520985559444,0.5624358178672291,0.1048865760639261,5.362324131206613,8.215794444524482e-08,1.4272572438566797e-06
4650,Anxa4,375.8542227324798,0.7079026880410421,0.0828202683632363,8.547457066141044,1.2583007501366082e-17,9.1577021096149e-16
4677,Gm26811,19.56170782416349,1.0043747550218298,0.2909049330166261,3.4525875673769577,0.0005552372265318,0.0036950787318835
4685,Iqsec1,232.9480631365628,1.3773581255321603,0.1229200339668528,11.205318458532028,3.83970385722561e-29,6.596254044959436e-27
4704,A730049H05Rik,134.35465237251518,-0.5719348250740777,0.1092536921677725,-5.234924456336004,1.6505235613476057e-07,2.706418989494953e-06
4708,Lrig1,99.26874920947648,-0.6289171183538306,0.1366975023424393,-4.600794510336683,4.208824793622628e-06,5.1346967383138485e-05
4758,Tatdn2,307.1634107348003,0.6871784111232191,0.0848385611863209,8.0998357529196,5.503343779772575e-16,3.3186286123412254e-14
4778,Gm20404,299.0969685866582,0.8578484490608217,0.0783761030506094,10.945280712756128,7.000055291115691e-28,1.1002001794781192e-25
4793,Ankrd26,582.6182957438258,0.6635799991080498,0.0589381488302238,11.258921636978211,2.093041785701745e-29,3.6812618264235206e-27
4816,Phc1,90.87295488477749,1.1264840965497906,0.1583920953027563,7.111996936441734,1.143758014069794e-12,4.518149973226507e-11
4840,Ptms,425.1424551329036,1.2910608010773943,0.3276685718132333,3.940142302732903,8.143328937048201e-05,0.0007027426502099
4859,Gm28809,68.57171997361961,0.698260855524418,0.1649457978399203,4.233274594858604,2.30313008534952e-05,0.0002322624155696
4885,Clec2g,141.01853630941469,-0.7865192232994243,0.1088479190496488,-7.225854478124372,4.979607553816679e-13,2.095974985757482e-11
4939,Rassf8,80.0310035214221,0.5021189299154454,0.1456281775002575,3.447951753118364,0.0005648549268703,0.0037506367144194
4946,Stk38l,186.05128056637608,0.6996239600697685,0.1072978357923611,6.520392092750639,7.012384004380146e-11,2.20897572027105e-09
4977,Mboat7,261.07978227927845,0.5866511348615076,0.0928524991987064,6.3180974117461375,2.6480308866010246e-10,7.395464710518628e-09
5003,Shisa7,72.2508985146652,0.5319867666823365,0.1598661287972998,3.3277015630800832,0.0008756561743652,0.0054265706040574
5011,Zfp580,15.049725866535333,1.1270703215530828,0.3434923553618137,3.2812093310370654,0.0010336300049532,0.0062355449951731
5018,Gm3854,168.16951527992248,0.5328892058974608,0.0969210480593794,5.49817832728121,3.8373476520180994e-08,7.104382733197418e-07
5025,Zfp773,49.70155502134129,1.2823315509961024,0.206849955042862,6.199332026590901,5.670329762590538e-10,1.5040117039948402e-08
5053,Zfp541,154.09218293713263,0.559765014286869,0.1006449443152262,5.561779760478083,2.6703716723748186e-08,5.097166807191935e-07
5108,Mark4,615.6953539960211,-0.5694686200243988,0.0553915926704911,-10.280777146308214,8.60310774323177e-25,1.124799237154922e-22
5116,Clptm1,156.89905547405218,-0.8353781583894728,0.1463998152708861,-5.706142161749029,1.1556548793350886e-08,2.404738758774169e-07
5125,Bcl3,75.0994555460987,0.5173477672493624,0.1413921312809478,3.658957274088938,0.0002532435523279,0.0018876994157884
5167,4732471J01Rik,42.870357047996336,-0.6865468561121415,0.1768331958174694,-3.882454608923135,0.0001034073233011,0.0008641062185813
5196,2310022A10Rik,24.57986791789016,1.6110578486847005,0.2934909814921809,5.489292517588386,4.035468370458183e-08,7.452501213143649e-07
5260,Dpf1,159.4929031929674,0.7408337484806575,0.1069078182110649,6.929649869180301,4.2188347279491376e-12,1.5239380017291091e-10
5268,Zfp383,64.37372889824454,-0.7894096766274933,0.1828873922337595,-4.316370128010248,1.5861593189293786e-05,0.0001667894503762
5271,Zfp14,35.40974215982171,0.7026622381768438,0.2131142072156252,3.297115886159116,0.0009768318752237,0.0059463181394952
5279,Tbcb,158.95699229397005,0.5339193561683699,0.1046378524651613,5.102545050283175,3.351159384199639e-07,5.239156480652431e-06
5290,Nphs1,78.39347393118803,0.6442400678653544,0.1590435931202227,4.050713739712649,5.1061643679382376e-05,0.0004675236560971
5302,Etv2,103.97061592460815,-0.5579366731851778,0.1205404203549339,-4.628627240076987,3.680976663408299e-06,4.569978926486908e-05
5304,Tmem147,158.52190500064842,-0.5009649684944386,0.1090364888764839,-4.594470838674288,4.33848790724751e-06,5.271120093887723e-05
5305,Tmem147os,26.427750353629115,1.1295195734473644,0.2521847974750579,4.478936021347911,7.5016011339106655e-06,8.556090227594554e-05
5308,Sbsn,69.89197520986437,0.8593940674739868,0.1531798974011413,5.610358030358515,2.0190845351402933e-08,3.987076090694635e-07
5315,Hpn,74.2968841609554,-0.6024285447304141,0.1380572720582385,-4.363613272586492,1.279316511410141e-05,0.0001370603490904
5333,AC150683.1,1837.6055467317128,-0.55233989855725,0.0426934597701402,-12.937342195526536,2.7704918501004303e-38,8.527343040288283e-36
5336,Faap24,358.90900687313416,0.5248337719899886,0.0775878920504525,6.764377251655557,1.3388381204189047e-11,4.5893258447955675e-10
5365,Zfp976,696.5257173246059,-0.5804417105321447,0.0604944704627175,-9.594954813099294,8.395388003545321e-22,8.054120932751856e-20
5380,2410002F23Rik,67.04162452138402,-0.6506615718920092,0.1430178796003978,-4.5495120869502745,5.377044556159763e-06,6.406488409089059e-05
5385,Emc10,69.39047199341317,-0.5116991231166458,0.1464132399673233,-3.494896521864057,0.0004742455818435,0.0032332737545716
5391,Kcnc3,663.5147703244983,-0.5209801925197158,0.0509939462428281,-10.216510603805002,1.67253424070481e-24,2.1119675959122105e-22
5396,Vrk3,527.3624291699637,-0.74605136566944,0.0608642755117571,-12.257623366030623,1.5291929681352443e-34,3.76538281853835e-32
5398,Tbc1d17,70.66881713814767,0.8310193828613992,0.2021480024175777,4.110945311963855,3.940425312354764e-05,0.0003755860875143
5401,Ap2a1,26.096043228699017,-0.7543112235233621,0.2297015146354208,-3.2838757059159787,0.0010239006854491,0.0061920215828185
5414,Rcn3,53.077967162583846,1.1970429879833555,0.1886736708750976,6.344515280967848,2.2312684024836868e-10,6.315088003504595e-09
5451,Lmtk3,15.041694020701168,2.118188070375901,0.493299729368402,4.293916952048464,1.75548162301403e-05,0.0001826442640733
5453,Kcnj14,30.162215692279243,0.8144066464319296,0.2214307728611795,3.6779289342159394,0.0002351354473355,0.0017705866967052
5457,Syngr4,64.03435975618547,-0.5343839546399785,0.1576786027051218,-3.3890708407617063,0.0007012989020984,0.004510661723815
5479,Htatip2,62.35691285620385,-1.3184681211505562,0.1769073624711489,-7.452873089810379,9.132912890138933e-14,4.3246684307343766e-12
5515,Fam189a1,450.6255897633516,0.5044097093553717,0.0646144869674772,7.806449188542793,5.882166863139172e-15,3.059969480141484e-13
5527,Aldh1a3,41.096211629713686,-0.9765165215519814,0.2102706040684338,-4.644094336810714,3.415714722999651e-06,4.294788878093348e-05
5542,Mctp2,307.79299066383066,-0.5310060063023028,0.0813981614788655,-6.523562653686899,6.865671317516328e-11,2.167380941132184e-09
5554,Agbl1,57.94593651299556,-0.604416254457968,0.1585764107076258,-3.811514283624167,0.000138118072914,0.0011156678016576
5579,Sema4b,89.91404112582052,0.8610567206394636,0.1417895996983956,6.072777710572849,1.257164248857307e-09,3.1059104703374333e-08
5610,Hdgfl3,160.70227133610243,-0.615884117858623,0.1107577305693944,-5.560642265712958,2.687836435378844e-08,5.123883289843489e-07
5667,Emsy,75.85782453390365,-0.5739200737881831,0.1541736630675276,-3.72255586569807,0.0001972162543207,0.0015254832153582
5669,Uvrag,349.40345176659105,0.6304382413211193,0.1065400429655875,5.91738302118717,3.2710434621729596e-09,7.490517741752476e-08
5672,Map6,131.7249580473586,0.5728013799262405,0.120665970202595,4.747000160563261,2.064557881226364e-06,2.7503857653055272e-05
5697,Folr2,72.9879006228524,-0.5891809110686959,0.1398107411189499,-4.214131949757889,2.5074067177228323e-05,0.0002503548383038
5712,Stim1,53.99236387745098,-0.6951241087615604,0.1654213638777291,-4.202142289646215,2.6440084733370732e-05,0.0002616381861023
5735,Mrpl17,799.8607413991467,0.5018969574684249,0.0714903530655778,7.020485085701519,2.210992632621443e-12,8.301859772732311e-11
5744,Ric3,30.610787375936145,-0.7386918769095017,0.2289434013782686,-3.22652617399096,0.0012530277096001,0.0073344815299653
5751,Tmem9b,61.275213599719656,-0.6602093366704871,0.1489462591362907,-4.432533858177491,9.31320717655823e-06,0.0001032207973191
5765,1700012D14Rik,145.52350948125587,-0.5473725500693466,0.1363412000552497,-4.014725921786913,5.95149127963683e-05,0.0005361422693009
5775,Btbd10,248.30669355016727,-0.5401840131763996,0.0801479164083362,-6.7398385058980095,1.5856277025291332e-11,5.372950384670965e-10
5777,Gm5600,125.7266843281472,-0.5714923265834188,0.1067031792043427,-5.355907207684767,8.512819165719236e-08,1.4726977793247772e-06
5778,Rras2,105.96858706945592,-0.8144956477804823,0.1129865490699742,-7.208784182584893,5.645365237169675e-13,2.362737280848294e-11
5787,Gm45025,10.181668968425958,1.8503904307400552,0.4712264172829176,3.9267544493990174,8.609980075782073e-05,0.0007365596157475
5809,Gprc5b,3855.914303023031,0.6019830116284149,0.0415978879656093,14.47148018971778,1.8348072650928548e-47,8.214376525600558e-45
5821,9030407P20Rik,695.2054774783759,-1.6801870492058004,0.0558697670017205,-30.07327825716647,1.0835956521092204e-198,2.2870060234659463e-195
5824,Polr3e,196.32589830341757,-0.5671660946326922,0.088937289293452,-6.377146179498521,1.804182399894524e-10,5.1457511150659636e-09
5829,Cog7,243.0375337204597,-1.2862800323233816,0.1383015749265546,-9.300545080607096,1.3972750102880377e-20,1.2511115758785133e-18
5836,Ern2,20.485670829051184,-2.0454527652682795,0.3286078277006283,-6.224601463638135,4.827816293969482e-10,1.2921405421577017e-08
5843,Lcmt1,119.7613382105656,0.5611729206551523,0.1178957478300446,4.759908062707437,1.936811638555775e-06,2.5942389073456954e-05
5856,Il27,97.65756782402468,-0.5186205358069466,0.1191556364578464,-4.352463309533984,1.3461640593897825e-05,0.000143390250998
5872,Kctd13,15.057628703424694,1.94015636743136,0.4265237811848822,4.548764812225965,5.396170905969419e-06,6.420269612823255e-05
5873,Sez6l2,448.026335503124,-0.5639945857102853,0.0578945514338646,-9.741755860299904,2.000671023164315e-22,2.081543218044337e-20
5881,Tbc1d10b,301.29878784746614,-0.5508082557970774,0.0798215578176591,-6.900494939666794,5.182166753854462e-12,1.8448513643721883e-10
5898,Rnf40,48.14607513007965,-0.7621623985482879,0.2083570250518279,-3.657963528509313,0.0002542272114336,0.0018931213819156
5901,Gm39090,24.38772841978003,1.8339656108776952,0.3315567290909941,5.531378041717778,3.1772473336452104e-08,5.972093143419127e-07
5908,Stx1b,47.02369622510434,-0.8235562359086774,0.1816952432317583,-4.53262408668676,5.82554335476023e-06,6.87432727821307e-05
5920,Tial1,294.4076339172622,0.5639431574456553,0.0778893599557674,7.240310586271508,4.476583881018845e-13,1.9004899499474837e-11
5965,Nkx6-2,123.92187889089942,-0.8499725573199596,0.1049076831403941,-8.102100169178954,5.401843658523803e-16,3.270772057829125e-14
5985,Ifitm5,377.6466697325895,-0.5811654019062819,0.0662243683914851,-8.775703204456775,1.6983921052949473e-18,1.3068773418556015e-16
6034,Tnfrsf23,109.25945034308526,0.6198109101803778,0.1585481769526835,3.909290678033791,9.256752563847118e-05,0.0007842837262703
6058,Trappc5,61.47838393863477,0.5605942067484846,0.1576866190342532,3.555115901284625,0.0003778125080171,0.0026630734701549
6067,Ccl25,28.034359399916355,0.901545229238154,0.2490996127471465,3.6192156996778846,0.0002954972572087,0.0021569547816212
6069,Zfp958,27.777146108542397,-0.7881908792079305,0.2253478026314001,-3.497663922186846,0.0004693521778212,0.003208796425327
6078,9530052E02Rik,20.829704941371794,-1.178162806006663,0.2688096602819274,-4.3828886386412105,1.1711598617336488e-05,0.0001266670263342
6098,Grtp1,14.946776878337856,1.2469640973951943,0.3393419646097458,3.674653380489629,0.0002381725321598,0.0017879883079925
6100,Tmco3,3404.14138021952,0.5367067726688908,0.0451636072612522,11.883611722249508,1.4400784666355856e-32,3.0834375747933543e-30
6121,Vps36,49.182264523201,0.8331304935331221,0.2281029353659641,3.652432145147377,0.0002597682503369,0.0019246821115736
6128,Plat,153.60960689389873,-0.6744559616446374,0.0962841120701825,-7.004852068979137,2.472469324119813e-12,9.177955224760327e-11
6143,D830025C05Rik,32.90282668284894,-0.869823882280769,0.2016243134839215,-4.314082301141388,1.6026723811142443e-05,0.0001681667738535
6146,Gm17484,153.26610440686244,-0.6482952401266558,0.0948899955843031,-6.832071559648151,8.369707786142558e-12,2.909507360764004e-10
6147,Bag4,13.67761345679791,-1.2418371427704995,0.3317753501735251,-3.7430060494879855,0.0001818318495876,0.0014213670612737
6162,Plpbp,163.78135326085163,-0.5506047410337109,0.1015880082500448,-5.419977717039923,5.960646449979633e-08,1.0609950680963743e-06
6172,Fut10,12.01359851649867,1.3514930455235097,0.408236385632921,3.3105648910451317,0.0009310786122054,0.0057114715381632
6175,Purg,558.6702873152093,0.6068022864536236,0.0564743223042716,10.74474666883653,6.2733903769766965e-27,9.176541527668684e-25
6186,Saraf,12.031699226679828,2.2722575879811675,0.4476854334086164,5.075567392667894,3.8634139047385873e-07,5.9580456188525984e-06
6188,Tnks,18.81931694167084,1.0212099885879262,0.3020797948461671,3.380596802603011,0.0007232859240779,0.0046209149883268
6189,Ppp1r3b,152.44041319871292,0.6561985195272304,0.1042563578849973,6.294086354436695,3.0921566014015086e-10,8.55496659721084e-09
6195,Trmt9b,21.82827819387561,1.2369155661863307,0.2882122280243405,4.291683162318391,1.773238469230809e-05,0.0001841027768405
6208,Frg1,74.59486127554376,1.27301046196186,0.1992804472872913,6.388034949192145,1.6803094207322048e-10,4.820367258620893e-09
6238,4930555F03Rik,12.18625010606705,-1.1472487342490008,0.3529105261434985,-3.2508203900455865,0.0011507252978538,0.0068166862672384
6244,Fbxo8,20.55321093443047,-0.9300031166734204,0.276281183637437,-3.366147141941671,0.0007622603592349,0.0048271043923433
6263,Msmo1,175.5841099131381,-0.5106157031233962,0.0917073375631849,-5.567882752801429,2.5785322506013816e-08,4.95386677118138e-07
6270,Naf1,366.8479783409202,-0.7034528807744744,0.0742997740132612,-9.467766088345304,2.8589219326055255e-21,2.623460411944971e-19
6284,Atp13a1,347.999698143284,0.6524086732899346,0.0726660594762643,8.978176028700684,2.7529239032566347e-19,2.2978360308877697e-17
6285,Gmip,178.982799693871,0.5217959948238932,0.093389153253463,5.58732975560568,2.3058762320727892e-08,4.4943292153883093e-07
6291,Gatad2a,23.62544717458029,1.0163348013397262,0.2632811014506498,3.8602649249787904,0.000113264158453,0.0009379846844086
6320,Pde4c,187.7085374592792,-0.585503898429954,0.0946920713794661,-6.183241003184135,6.279872765578949e-10,1.647936771557076e-08
6330,Rpl18a,515.4604043963443,0.622551545824259,0.0618696925558364,10.062302237277413,8.107973308265511e-24,9.89976840134832e-22
6331,Map1s,402.6669716417034,0.7179365822296381,0.0766736527843514,9.363536966849248,7.711115496573657e-21,6.946586606486536e-19
6347,Colgalt1,28.212101480638704,0.786210756133306,0.2354378039486666,3.3393564794918253,0.000839727295655,0.0052435042544409
6384,Prmt9,18.23853973125845,1.006000012284514,0.2947316827143825,3.413274077016705,0.000641873537035,0.0041923252149229
6390,Mmaa,19.7054587300152,0.972067683378636,0.2877853445599204,3.3777525567367443,0.000730808093922,0.0046558683827529
6392,Smad1,116.42556950629957,-0.7046438436975841,0.1066144980473907,-6.6092685010285,3.862236654600605e-11,1.254080974397128e-09
6400,Gm9725,128.65197691541783,0.5743114917246342,0.1287837066352914,4.459504286136552,8.214943065337719e-06,9.236496868135424e-05
6402,Il15,736.0436311593733,0.7172718494713726,0.06109199032498,11.74084926118515,7.869224196696997e-32,1.5926016203013897e-29
6403,Zfp330,135.7622101716371,0.7610241779426875,0.1357761218552897,5.604992744996705,2.0826368769117062e-08,4.086172273505119e-07
6421,4930432K21Rik,205.20122574033607,0.5338570673269887,0.0917006210573583,5.821738840711485,5.823850336641488e-09,1.2784779327420705e-07
6432,Gadd45gip1,28.530084570395765,0.9185625586570274,0.250263179282703,3.6703863560344137,0.0002421841276653,0.0018125776606527
6441,Prdx2,82.18642438545965,-0.5835890555317007,0.1574862459635639,-3.705650940887372,0.0002108485166296,0.0016123581701278
6456,Itfg1,85.73922692653107,0.627503979146791,0.1388867731311922,4.518097476093364,6.2397759116158365e-06,7.281409807123678e-05
6509,Gm31224,55.293646863866414,-0.7041069985131977,0.1658249439826392,-4.246086153280491,2.1753701333779016e-05,0.0002202804547671
6524,Gm31659,109.21305162725044,0.5565838030993377,0.1187257424313886,4.687979133261571,2.759161438967395e-06,3.575776412219675e-05
6525,Sap18b,83.22942267037529,0.9537770192079756,0.1518562194470223,6.280789964883308,3.3685697415022757e-10,9.233255911123306e-09
6528,Tk2,87.4639509977004,-0.5782533941731797,0.1323056744206941,-4.370586497556404,1.239132554506183e-05,0.0001332383141213
6529,Cklf,42.44586685000756,0.751052715094547,0.2025836463252583,3.707370899468823,0.0002094221161758,0.0016038219920106
6530,Cmtm4,63.42218809140974,1.1795018317930397,0.2086577836985978,5.652805329787301,1.5785005111084573e-08,3.194625554947444e-07
6552,Zdhhc1,237.96700522080204,0.6474832202730303,0.0873481918934198,7.412668839935162,1.2378271124177476e-13,5.714893049643689e-12
6556,Ripor1,307.49856741435707,0.8815183630035357,0.174473042331091,5.052461693943016,4.36151848991306e-07,6.64299733711088e-06
6560,Pard6a,2726.5631600387537,0.5899403944841952,0.0325544616086824,18.121644939962824,2.1506785835671204e-73,2.64784378280172e-70
6569,Pskh1,22.975169454472702,-0.980685896976358,0.2445997296011976,-4.009349881846951,6.0886145440712045e-05,0.0005462160777997
6582,Prmt7,86.03867356017508,0.6419947661956146,0.1357456316609447,4.729395401828773,2.251894356175917e-06,2.978467969395076e-05
6647,Gcsh,39.56387190812268,-0.6621945791704347,0.1844141097727868,-3.5908021354022863,0.0003296618363345,0.0023746582008809
6654,Hsbp1,170.1528059983553,0.7855452761039421,0.0999647392583825,7.858223628968949,3.896192506693256e-15,2.093176294323133e-13
6655,Mlycd,537.0425265030863,-0.5629881734328571,0.0710006633450082,-7.92933681051923,2.203192632535811e-15,1.2236830057550406e-13
6718,4732419C18Rik,67.17783016213352,-0.5693569884797739,0.1523922715858074,-3.736127708806981,0.0001868757856566,0.0014569408217899
6725,Nup133,23.054489756458945,-0.879567765538139,0.2405607528914954,-3.656322799816255,0.0002558591322254,0.00190144005005
6746,Pcnx2,306.8368713524748,-0.5858329952458718,0.0715078209722969,-8.192572326778514,2.557014740221688e-16,1.6353825009539058e-14
6751,Tarbp1,178.42404258688944,-0.6998968046225464,0.0917528717172499,-7.628064294046099,2.383047151866976e-14,1.181447604754453e-12
6760,Gm32856,25.664990191552945,0.8442441739943579,0.2573250038247142,3.28084780509493,0.0010349557416066,0.0062376502073493
6766,Pdgfd,19.204193743027567,1.2109910562942838,0.3167980575540334,3.8225962167957297,0.0001320539245684,0.0010725479282982
6779,Gm16833,162.41933280793145,0.5035012774666697,0.1023871382797595,4.917622329583212,8.760171395692001e-07,1.2626611921946696e-05
6785,Kdm4d,107.847939196452,0.5567239528363086,0.1280638429167381,4.347237597721223,1.3786285222236617e-05,0.0001463208174377
6795,Taf1d,76.63388531093852,0.5201180037134323,0.1430832952323767,3.635071465671281,0.0002779035869215,0.0020396162907001
6799,Zfp558,55.573716954059215,0.5576225607062234,0.1635458963476466,3.409578431249018,0.0006506336670213,0.0042420396277908
6873,Glb1l2,31.260927925654222,3.424753831579645,0.3692810998631259,9.274110786739508,1.7910672730445543e-20,1.5845046641892366e-18
6876,Vps26b,57.016092830540046,-0.6062245172557255,0.1615503539905019,-3.7525421782199713,0.0001750503682618,0.0013749038493886
6879,Igsf9b,171.1000093391852,-0.5225199781339825,0.0956474515402139,-5.462978570989885,4.682111389435837e-08,8.529409823369304e-07
6884,Gm29724,14.430394818100568,-1.282288476243401,0.3123977002325609,-4.10466682465593,4.048979982068616e-05,0.0003841980106299
6888,4930517E14Rik,44.60255370082696,0.967028191153977,0.2003232067107559,4.827339812657133,1.3836890624146486e-06,1.9069610268763075e-05
6908,Gm26787,75.62520029948574,0.5654985383086227,0.161377001919343,3.504207734577083,0.0004579679587639,0.0031440606983174
6914,Robo4,11.205583499091674,-1.2906208442873917,0.3883401274436606,-3.323429007409572,0.0008891805209283,0.0055011528543531
6919,Olfr920,126.749665052091,-0.6407295785967786,0.1054421620422938,-6.0765975031864,1.227593735879113e-09,3.048146193929078e-08
6924,Scn3b,141.03137059131723,0.5577724580728678,0.1141307836873222,4.887134216137215,1.0231434699994409e-06,1.452057793061646e-05
6930,Hspa8,58.78931079773305,-0.5461941945081055,0.1670289895156093,-3.270056270424015,0.001075260926038,0.006444586174964
6939,Tmem136,163.07006315901495,-0.5113048971980522,0.0942520291099555,-5.424868854563945,5.799710661411787e-08,1.034842093136446e-06
6940,Pou2f3,47.16810668135692,0.7674375233106516,0.1793147771749172,4.27983424122394,1.8703255873299457e-05,0.0001925588169143
6955,Gm48853,90.22286428190122,1.036255371155476,0.1320100737977819,7.849820406455126,4.166334555014038e-15,2.230196620136862e-13
6956,H2afx,63.80530551716163,-0.7137660407844395,0.1529969530735963,-4.66523042743927,3.0827139104460293e-06,3.9500446932289366e-05
6964,Foxr1,50.45104855140118,1.0076256256468157,0.2445316223706165,4.120635261314546,3.778291689234184e-05,0.0003620005279944
6985,Gm48529,65.91413598888217,0.920331563502071,0.1659945055006731,5.544349559801175,2.9504888102859432e-08,5.574235509356076e-07
7002,Il18,280.3744385402274,-0.5780721486446078,0.0885101990126294,-6.531136017015655,6.527268588281333e-11,2.073846583296095e-09
7033,Elmod1,75.78528819286495,-0.916341780142008,0.1440234271939458,-6.362449484749709,1.9856135267920288e-10,5.652303322702396e-09
7055,Lingo1,213.28835078321413,0.6545682470658831,0.0913016769020185,7.169290524294977,7.538742304793777e-13,3.0616458029805215e-11
7070,Ulk3,485.98281389291895,0.7207817943483313,0.0607988352212844,11.855190839182402,2.0226288796434807e-32,4.2087773335003936e-30
7078,Sema7a,53.336706526183136,-0.6158192480894911,0.1893410417619767,-3.2524340331012125,0.0011442115200631,0.006780818691301
7088,Gm47271,13.767247011977526,1.7791380679401827,0.398021381514737,4.469956013843715,7.823568518360121e-06,8.850337005379207e-05
7103,B930092H01Rik,132.33689085820737,0.904991940556972,0.1115933969587999,8.109726607669208,5.073378106015224e-16,3.084530376060449e-14
7122,Gm48855,55.46187884705677,-0.7164581879147605,0.1571630618977164,-4.558693240406831,5.147289022861253e-06,6.147619080335663e-05
7130,Hacd3,567.3199896411513,-0.5366750496174852,0.0587631094574998,-9.13285655868216,6.671522922523311e-20,5.6974034484022784e-18
7147,Dapk2,13.441125566756728,1.4808865462996608,0.3782384761235932,3.915219206350034,9.032210804021964e-05,0.0007677898873338
7159,Gm19299,63.80763626152516,0.5914272182434502,0.1532965428323456,3.8580597273499566,0.0001142907220841,0.0009448971058038
7171,Aldh1a2,138.51851120939654,-0.6462704603512948,0.1037055094212403,-6.231785215250382,4.6114946368065757e-10,1.2432522219740941e-08
7182,Rfx7,65.5349149688335,-0.750458408407778,0.1442116741029187,-5.203867253300191,1.9518345455296774e-07,3.1758153717682217e-06
7190,Pigb,102.97323614917418,-0.6405637594836303,0.143557503277231,-4.462070911379712,8.11713536660816e-06,9.133477372907003e-05
7194,Unc13c,81.2038770916094,0.5815019750307042,0.1466145270165373,3.9661961666671273,7.302876495755529e-05,0.0006410736622001
7198,Myo5a,41.42676521588956,1.5060644315557925,0.2337633036356053,6.442689712768066,1.1737450569013016e-10,3.510305560862314e-09
7201,Mapk6,103.01180644998747,-0.9552266282159588,0.1358639953318955,-7.030756205001056,2.0541715422855638e-12,7.761721321157778e-11
7244,Tent5a,514.4419761381744,-0.5677810510131455,0.0591371623945641,-9.601087167911446,7.910557756660633e-22,7.688853966901593e-20
7247,Tpbg,127.59460614502431,1.018092557072677,0.2985928487105235,3.409634763422236,0.0006504993072335,0.0042420396277908
7253,Snap91,16.313065361965762,-0.9647122496672664,0.2936022900959839,-3.285779035823884,0.0010170075578772,0.0061578974016716
7265,Tmed3,444.3141679302128,0.5085163470910654,0.0725396611082384,7.01018366121526,2.380054874392732e-12,8.902007775766635e-11
7301,Pik3cb,67.25882696189872,-0.5809491048848093,0.1447323252416832,-4.013955444401958,5.970962236241876e-05,0.00053756853186
7324,Cdv3,220.37149956471757,0.5613072450018144,0.088536334846248,6.339851835707669,2.2998622933783988e-10,6.496781170625711e-09
7342,Ppm1m,33.78781913831608,-0.8019441037725621,0.211921359271699,-3.7841589282390817,0.000154229250572,0.0012343352914145
7346,Rpl29,246.4734488371219,0.9113258498188824,0.0872654810648434,10.443142451042158,1.5750865718225863e-25,2.1747971039352236e-23
7358,Dock3,67.4783894694407,-0.5800665865617843,0.1494233345800543,-3.8820348119791865,0.0001035860438062,0.0008651103511552
7373,Sema3b,26.617840101585944,-0.783946608804618,0.2222072335573315,-3.5279976995094198,0.0004187157956048,0.0029113081043132
7386,Apeh,91.22304652408324,-0.7635086869643506,0.1347479582024892,-5.666198561740032,1.4600032717235573e-08,2.96849120609351e-07
7412,Tma7,49.3990009544396,-0.6825884527401563,0.1641205403671334,-4.159067787695701,3.195490636160959e-05,0.0003110024944574
7429,Prss42,99.58129794915338,0.5513882565073334,0.1352220806831738,4.077649550440208,4.549326792399033e-05,0.0004235145181531
7432,Als2cl,51.93751309146355,-0.7085681244352064,0.1663555780213372,-4.259358975893934,2.0501399577911e-05,0.0002086003287631
7438,Trank1,54.69806305042192,-1.065462881836823,0.206316004973436,-5.164227961732807,2.4143331848699813e-07,3.881323011237116e-06
7446,Ccr4,70.58829273800711,-0.7257304981782742,0.1513573624016431,-4.794814647023709,1.6282531052011235e-06,2.209001205110012e-05
7452,Rps27rt,163.3748057362499,-0.8318173071171338,0.1156719488206876,-7.191175696422307,6.423575659562718e-13,2.6508912512396536e-11
7471,Acaa1a,82.14761985564493,-0.5294448522555997,0.1321764240551566,-4.00559219270953,6.186229926971465e-05,0.0005535757779592
7537,Gm16153,61.39978567548351,-0.6652070657108022,0.1535358728077008,-4.332583998424618,1.4736940858584416e-05,0.0001554058274409
7549,Katna1,85.57708653332506,-0.5306947579907726,0.128442702292863,-4.131762634366974,3.599920622946274e-05,0.0003467094347027
7552,Tab2,20.4860359414182,1.2054486060339027,0.2882923822277972,4.181340473580065,2.897955386783707e-05,0.0002839150721773
7553,Ust,28.45140791150893,0.8710113168346555,0.2767549434746142,3.1472294799841585,0.0016482554619902,0.0092107762585757
7580,Cited2,89.08665991331252,-0.5075989921037692,0.1258150802913026,-4.034484506376448,5.472230054934287e-05,0.0004975183189636
7589,Tnfaip3,130.11682270921222,-0.6275393020880139,0.1085245002031275,-5.782466640375543,7.361317027912229e-09,1.5876802594215368e-07
7594,Map7,226.11230573967828,0.5170344602102883,0.0851731082391249,6.070395584938684,1.2759555482797419e-09,3.141889539932461e-08
7597,Mtfr2,73.64743436849253,0.8829999659970955,0.168785384210819,5.231495429095903,1.68144193707604e-07,2.7540602193305337e-06
7602,4930455C13Rik,51.25209288224805,-0.5204275763811852,0.162743037789438,-3.197848482185337,0.001384570080779,0.0079936062420594
7611,Vnn1,21.21048397693096,1.039092360218492,0.3034780727061184,3.423945430234516,0.0006171901311373,0.0040490084358004
7634,Trmt11,119.93240894724111,-0.7467503633200011,0.1124847269058555,-6.638682280350791,3.1649977936323496e-11,1.039103942291652e-09
7636,Ncoa7,39.45984242579085,-0.6398759564414546,0.1992675915837748,-3.21113910875187,0.0013220991764249,0.0076779454530273
7645,Rwdd1,122.16410554798216,1.420568054349411,0.1250575742879912,11.359312400207193,6.666728522847281e-30,1.1866776770668159e-27
7646,Gm48045,58.73947480069662,-0.6067929351267619,0.1511184665720417,-4.015346032097868,5.9358639776700296e-05,0.0005350607346314
7647,Calhm5,372.2950576754911,0.5109978941863811,0.0750662915796665,6.807288377154852,9.945544971418069e-12,3.4411119767618396e-10
7676,Cd164,278.25110735513647,-0.6451975556402728,0.0758349874883706,-8.507914051402915,1.7709038532715098e-17,1.2578525734727539e-15
7683,Sec63,149.6123397561183,0.5429130040365495,0.100986812293492,5.376078239391432,7.61257225428655e-08,1.3294106676693792e-06
7710,Fam184a,53.101389762201656,0.6248237669388041,0.1834732647892619,3.405530324303537,0.0006603567923632,0.0042884005496149
7713,Gja1,22.0360884758694,-0.853197100898833,0.2483298040341367,-3.435741852321311,0.0005909337537903,0.0038923117603651
7722,Sowahc,1052.3823728081786,-1.077838692131919,0.0784826324992523,-13.73346761963147,6.399577538288634e-43,2.3636839637669067e-40
7727,Ddit4,219.5614390526519,0.7076374888612338,0.0943559125837397,7.499662389818058,6.398241200950311e-14,3.0591461327779903e-12
7742,Eif4ebp2,21.573651084743027,1.0320982698852557,0.2831314431361067,3.6452972458770896,0.0002670829164996,0.0019709705336492
7764,Mypn,287.29263484824696,-0.5494945074662712,0.0850574611258687,-6.460274033492778,1.0451354737996891e-10,3.164104813507501e-09
7793,Rsph14,56.00985979332781,0.564041872030961,0.1641213547859682,3.436736631662174,0.0005887678018211,0.0038797749795295
7797,Specc1l,446.4080522738752,0.5250968540315734,0.0996354320425673,5.27018193494896,1.362886015569615e-07,2.262390785845561e-06
7801,Susd2,95.4698869031306,-0.6758865934814293,0.1210922304780187,-5.581585134019968,2.383363408865741e-08,4.633133026655586e-07
7810,Gm5134,19.10775812515912,-0.901875416656258,0.2841762731764476,-3.173647843908049,0.0015053621342269,0.0085515994486091
7812,Prmt2,51.13660621741509,0.5223243642348244,0.1652094478886237,3.1615889460931466,0.0015691088910055,0.0088379774135403
7823,Fam207a,76.54120990968008,-0.5540786088568787,0.1359270061168214,-4.076295246146157,4.575891172496151e-05,0.0004251837495752
7829,Pfkl,166.8142783781646,-0.5942716606730049,0.1087333612109725,-5.465403203345796,4.6185576815850215e-08,8.44487267174964e-07
7834,Pwp2,58.03822038134199,-0.83837230590745,0.1640947164049336,-5.109075564862267,3.237388670512164e-07,5.072023352931783e-06
7840,Ilvbl,305.53086350726227,0.5637069783412167,0.077752997838843,7.249970985165095,4.168609219747679e-13,1.7748424384020808e-11
7842,2610008E11Rik,136.73891913966594,-0.5045039222681876,0.1059768217168791,-4.7605119128406,1.9310253519782074e-06,2.588835621608533e-05
7867,Polr2e,112.20035265383112,-0.5167259466535996,0.1189617792711513,-4.343629944167348,1.4014751621469452e-05,0.0001484257637674
7873,1600002K03Rik,173.68433089929607,-0.6915509928539656,0.0934117482309055,-7.403255007544803,1.3288621079511822e-13,6.067964606094538e-12
7877,Apc2,98.57137319902247,-0.6472728338378259,0.119766701214476,-5.404447373721194,6.50085059923626e-08,1.152983994635252e-06
7920,Hmg20b,216.83184780919487,-0.6379471452259122,0.0996468437814774,-6.402080798714626,1.5327351096898843e-10,4.4576040375114865e-09
7929,Tle2,62.076923524848,-0.5085361230529029,0.1605314400392027,-3.1678288248626885,0.0015358191876185,0.0086902308226258
7955,Appl2,188.5480976885737,-0.956222538161248,0.1054038353284264,-9.0719899819752,1.168628491114467e-19,9.922596165359273e-18
7967,Cry1,31.87875332940043,0.9706451192508604,0.2672343507784059,3.632186941624624,0.0002810294094993,0.0020605104198227
7977,Nt5dc3,207.89703518067037,0.6372613716335532,0.0945131965736688,6.742565003997469,1.5561458199683982e-11,5.28517203315244e-10
7990,Utp20,21.00387406657977,1.5044891032246122,0.2992280925786751,5.02790059001242,4.958788130611722e-07,7.490913685241061e-06
8000,Ikbip,141.9760530778486,0.5758163901452207,0.1644466195342601,3.501539841779828,0.0004625778018885,0.0031698165329785
8001,Slc25a3,130.85562357727946,0.8942462239788865,0.1284531313209768,6.9616537548186095,3.363012417662976e-12,1.2267937150259948e-10
8010,Amdhd1,119.77166042464394,0.5650689487598243,0.1223421912339243,4.61875778961147,3.860441600136382e-06,4.756811025889483e-05
8011,Ccdc38,968.0879302473874,0.5764161851578256,0.0583427050887344,9.879833036214968,5.091767604692154e-23,5.531306955273668e-21
8017,Nr2c1,40.05157734104124,0.7269713745751809,0.1927787940908118,3.771013186402278,0.0001625860804657,0.0012928131069971
8021,Plxnc1,86.17177653260288,-0.6827257755426519,0.1283082298897372,-5.320981952049047,1.0320864253318385e-07,1.744627556962538e-06
8031,Gm48427,20.685064280938924,0.9867987734824828,0.286962046553837,3.43877800333902,0.0005843462085919,0.003861607082892
8037,Gm16239,209.63934024878895,0.6734990289730857,0.0918444939402427,7.3330365281481935,2.249955782423707e-13,9.95234932021792e-12
8058,E2f7,101.68942404274355,-0.9745564455719328,0.1236675268145409,-7.880455530039303,3.261896994019848e-15,1.7717377275606334e-13
8064,Nap1l1,35.300025885101945,-0.756262406426795,0.2047188521622856,-3.694151263740417,0.0002206224474554,0.0016756861871276
8085,Cnot2,115.42455249722283,-0.6849011002216973,0.1187099693247529,-5.769533124450772,7.949145261743921e-09,1.7069865130378584e-07
8088,4933412E12Rik,948.8633261989112,0.679413501359963,0.0491991039436731,13.809469012643122,2.234727179245084e-43,8.688384038464964e-41
8093,Cpm,108.0181203373273,0.6143146204911628,0.1326670899351806,4.630497441311999,3.6478829119355777e-06,4.536517015230322e-05
8105,Helb,67.20138276311908,-0.5283346238344641,0.1446880814383229,-3.651542121385309,0.0002606703341943,0.0019303977530765
8107,Tmbim4,54.40095232320118,-0.5852221701248276,0.1664598853665854,-3.51569490052228,0.0004386046989945,0.0030280120667972
8117,Gm35696,77.98922338243565,-0.6166015678321776,0.1666216921637045,-3.700608005027168,0.0002150835104769,0.0016412059388122
8123,Gm48877,148.22639929224036,0.7189820038371354,0.1016954919879166,7.069949609197667,1.5498996843466456e-12,5.994297889145901e-11
8132,Avil,102.07867839544588,0.5697784632455136,0.1220282583508009,4.669233757377261,3.0232522417823618e-06,3.887339305491089e-05
8140,Dtx3,165.75602683443594,0.520096888648621,0.1084068884847492,4.797636902213908,1.6054847430913004e-06,2.184846884200781e-05
8146,Ddit3,134.4490282066693,0.8541906597674142,0.1209883078855401,7.060109151832369,1.6637186573933285e-12,6.417696982853535e-11
8165,Timeless,47.28373619524557,-0.7642282501208847,0.1704853876960419,-4.482661302817491,7.371788215751953e-06,8.423108979081157e-05
8167,Cnpy2,93.70911720135412,-0.5820867603858925,0.1260498860458959,-4.617907866842096,3.87628274986884e-06,4.7723501122135206e-05
8205,Limk2,307.8737396620857,0.5535850798599136,0.075882548890716,7.295288415484983,2.980199743357255e-13,1.306512492829676e-11
8231,Ascc2,25.90182472689102,-0.7201211464340711,0.2301902709405751,-3.1283735124495093,0.0017577664942475,0.0097190277642266
8240,Rasl10a,981.8271611303002,-0.7459430903834813,0.0526628316926898,-14.164507801942342,1.5192764842737777e-45,6.066429940178592e-43
8248,Ccdc117,113.21155050417283,-0.5675973370866424,0.1272048068230248,-4.46207459657023,8.11699573678511e-06,9.133477372907003e-05
8270,Adcy1,86.59333872530965,0.5768085243772747,0.1402734193401141,4.112030112980387,3.921951284193717e-05,0.000374320938997
8273,Upp1,156.172796118366,-0.5809814276898903,0.0984198499709888,-5.903091986638325,3.5675122420592503e-09,8.096225171149517e-08
8274,Abca13,64.7326978933079,-0.5868757602792419,0.1462320525868756,-4.013318215105968,5.987111401176733e-05,0.0005386941768634
8286,Egfr,134.64865028997963,-1.1107915239899373,0.3287113551330392,-3.3792307647551976,0.0007268896583731,0.004636903200693
8296,8430419K02Rik,108.77377306402018,-0.6012093296476791,0.1176433644808883,-5.110439779587808,3.214097520014543e-07,5.04623557499414e-06
8305,Lgalsl,37.07946342510568,-0.9277960559830444,0.2335105901981077,-3.973250443142269,7.089843475175568e-05,0.0006249722404668
8327,Papolg,97.27395210066815,-0.5531394403964068,0.1222957976876306,-4.522963592005361,6.097973263237664e-06,7.130627137344846e-05
8328,Bcl11a,60.303744383082304,-0.5151646292943415,0.1646610721736639,-3.12863643175486,0.0017561945957015,0.0097139719044907
8329,Gm12064,3684.02459735134,0.6398968760862743,0.0365894189116378,17.48857716575393,1.7507392480604774e-68,1.989647819295808e-65
8336,A630052C17Rik,61.75915824420063,0.6155983923648393,0.1718996312336415,3.581150162725677,0.0003420849632036,0.0024474398287506
8341,Mtif2,40.41416723553432,1.2545240079547633,0.2700620198981531,4.645318169611094,3.3955272962255e-06,4.276685445390924e-05
8377,Nudcd2,265.7153907673207,-0.5252876182540233,0.0813369523939662,-6.458166956019248,1.0597878762849326e-10,3.188860709619876e-09
8389,Thg1l,366.2801566565472,0.640577760522096,0.0751382920935498,8.525317021107616,1.5239186291917638e-17,1.0982621379355664e-15
8391,Gm12166,56.75214979453101,-0.8564779200742986,0.1550806810865235,-5.522789260878002,3.33659846885535e-08,6.239861490996068e-07
8402,Psme2b,130.62750365269454,-0.5082757423607086,0.1102341965027983,-4.610871748385317,4.009838778306294e-06,4.908148973545749e-05
8505,Zfp867,94.8730677448134,0.9807936842011392,0.1602716867551638,6.11956923932192,9.38286539083819e-10,2.3900422980041973e-08
8511,Gm16062,59.98717837176865,-0.7746102087315937,0.1769119412147013,-4.37850720201822,1.1949499300162112e-05,0.0001288627026719
8514,Med9,89.04189920319307,1.409146772190788,0.1687840236251342,8.348816090084885,6.895060239375034e-17,4.630346362569398e-15
8515,Rasd1,522.0266916858503,0.5199807843557397,0.0920843206472666,5.646789602190268,1.6347168598292324e-08,3.294857692648988e-07
8525,Smcr8,70.30384419960407,-0.5628022465004113,0.143039614848759,-3.9345900581141966,8.333881638284655e-05,0.000717510299091
8534,B9d1,198.76201791659315,-0.9693959435858538,0.0970762340083642,-9.9859245003502,1.7565589501982442e-23,2.0761121544183078e-21
8568,Gm12296,141.5977945786006,0.5533625335458955,0.1110658955611411,4.9822902948751935,6.28360722198615e-07,9.348843212248076e-06
8602,Kdm6b,72.96096281132611,-0.548647552220661,0.166697409982637,-3.2912782044892444,0.0009973322787899,0.0060461990508175
8613,Cd68,241.08938054813612,0.5553454319077822,0.0846514058346507,6.560380497313135,5.3670651526653496e-11,1.719631263223645e-09
8667,Mis12,77.83098017538474,0.7390789708395353,0.1454022629660467,5.082994966949858,3.715295500772402e-07,5.7657327445810365e-06
8694,Mnt,29.36369063958157,-0.6730694911792438,0.2137628004793886,-3.148674557358927,0.0016401273667174,0.0091720358360467
8695,Sgsm2,26.224474109105493,1.005517804482584,0.2448956046416082,4.105903844024094,4.027369984984148e-05,0.0003823930858493
8711,Crk,20.82456269961615,-0.8800534204444344,0.2650540107815085,-3.320279583204977,0.000899273396014,0.0055566144511551
8726,Git1,67.60239595580687,-0.9772464707585006,0.1477349547817108,-6.614862895531077,3.718962624133535e-11,1.2103994298587132e-09
8738,Fam222b,240.468596604803,0.5916091878301214,0.093239929785941,6.345019662588007,2.2239703995253715e-10,6.306514142531254e-09
8759,Nlk,188.2274155754997,0.5732524086976765,0.0930445345077553,6.161054077280548,7.226230699062382e-10,1.8697080971619557e-08
8766,Rab11fip4,27.065746918034726,0.7924933451353703,0.2494588366179235,3.176850160450199,0.0014888393686576,0.0084861546421868
8771,Atad5,49.371995577985736,0.6502612718026638,0.1737410009604237,3.742704762883149,0.0001820500780849,0.0014223203879575
8792,Slfn9,2911.18358805151,0.5240703618825622,0.0411431928701691,12.73771735548846,3.649159117181751e-37,1.0172203169291167e-34
8816,Bcas3,22.248119291064384,1.3194814437051228,0.2881067806145392,4.579834743530279,4.653434622839729e-06,5.598139191762304e-05
8831,Ska2,494.5955858887048,0.769256312537871,0.1831661372716555,4.199773626262475,2.6718197046979188e-05,0.0002640365506167
8836,Sept4,3174.578869933851,-0.5307856937361546,0.0355519355860972,-14.929867670657025,2.106837814860952e-50,1.1528304398798406e-47
8857,Elobl,86.84565886755288,0.6896632124947105,0.1462309585596566,4.716259944458714,2.402194911804668e-06,3.1546691224001925e-05
8949,Gm11630,177.2164061686548,-0.5797066743171865,0.090879603337916,-6.378842479777042,1.7843144460770843e-10,5.098928747841942e-09
8965,Rapgefl1,757.5479772219823,1.1475132425203034,0.167530489390046,6.849578525665572,7.406788333416836e-12,2.60542597233096e-10
8983,P3h4,25.121937576666447,-0.7747505137080002,0.230223789581493,-3.365206154917189,0.0007648648800963,0.0048415225957768
9003,Psmc3ip,44.09020977737514,-0.6224060682596393,0.1799188091252897,-3.4593718760455747,0.0005414368014797,0.0036076281059166
9028,Arl4d,32.12015366679097,1.1959301393629609,0.2317009552462832,5.1615244231158375,2.449469258314751e-07,3.929257201122924e-06
9035,Hdac5,76.370781078475,-0.7298377210528301,0.1486152607290532,-4.91092043624933,9.0649867152989e-07,1.3015171402509809e-05
9042,Fam171a2,17.18482883301723,-1.3190040992592449,0.2930517574426987,-4.50092540228889,6.76582498298619e-06,7.827587963871416e-05
9071,Mapt,142.3021891702406,0.6533548923283289,0.1338381599934889,4.881678680879307,1.0518655197233295e-06,1.4885307651716928e-05
9072,Gm11659,1034.348164795821,-0.5071610227957479,0.0438564966850943,-11.564102496315416,6.264286072687596e-31,1.1865200312549556e-28
9074,Itgb3,65.47648612344233,0.530745890983484,0.1666339509520676,3.185100562946824,0.0014470371402546,0.0082926790962462
9078,Tlk2,371.4575729426998,-0.6370895541413552,0.0830233629279661,-7.6736177826729985,1.6721184805641095e-14,8.402679738725902e-13
9086,Strada,40.48589607968943,-0.7589294168730394,0.1981009690026976,-3.8310232438222185,0.0001276114480868,0.0010421954306438
9093,Ern1,126.23268538316294,-0.5960008176583589,0.1104568835841661,-5.395777957144853,6.822727982640633e-08,1.2014181551314984e-06
9094,Pecam1,22.76745020734,1.0940337458153284,0.3217502054881965,3.400258110652437,0.0006732227126042,0.0043566326570371
9126,Cpsf4l,23.40202931461603,-0.982638155828062,0.2862399236492032,-3.4329178938446003,0.000597122894701,0.0039295740072661
9146,Nup85,136.12228535203138,0.5107829134084743,0.1103582075428536,4.628408931072301,3.684858411706552e-06,4.570957025571167e-05
9152,Tmem94,18.109044417870816,1.7591574640807457,0.3359831183087651,5.235850756239776,1.6422661898039616e-07,2.695871187573748e-06
9165,Trim47,80.77714954693508,-0.529445045817339,0.1291955445645667,-4.098013190793462,4.167115393047593e-05,0.0003938897173185
9169,Evpl,24.10134427926017,-0.8197643483743389,0.2377972976431163,-3.447324071800986,0.0005661690082089,0.003757673372542
9185,Snhg20,114.50576221747346,0.5991684129744876,0.118812703202945,5.042965918812929,4.5837091645800827e-07,6.95274324409714e-06
9196,Timp2,112.48524238117008,-0.8131399767865273,0.1098382340357942,-7.403068557361728,1.3307300205595168e-13,6.067964606094538e-12
9204,Ccdc40,60.93498656567336,-0.679949294094253,0.1635593127210129,-4.1572031746921,3.221674534614742e-05,0.0003133444343278
9205,Gaa,132.1064846884298,-0.5161217097949159,0.1056381929550526,-4.885749134449105,1.03036324673585e-06,1.460900826034112e-05
9206,Eif4a3,74.75127694591758,-0.5702210528564973,0.1387366187001656,-4.110097667068314,3.954918049598281e-05,0.0003764816962935
9211,Rptor,1420.8126932431817,-0.5182873259382371,0.0481049538256526,-10.774094655961472,4.562483725469068e-27,6.808700460614142e-25
9226,Oxld1,100.2120421710564,-0.5748333620151616,0.1218519484917103,-4.717473697634533,2.3879126038825225e-06,3.138702919017828e-05
9233,Anapc11,36.54124262198369,0.655958180901204,0.2098116053707549,3.1264151463026564,0.0017695156126809,0.0097669499171545
9273,Gm48678,252.3289610267817,-0.5094803913100838,0.0891251425058305,-5.716460888427233,1.0876548948089088e-08,2.269634663263675e-07
9280,Atad2b,38.834653255945945,0.6827378818861463,0.2079928398596696,3.282506659107985,0.0010288855551094,0.0062145360552686
9287,Pum2,52.74061949896194,-0.5324070067546007,0.1628253492423041,-3.269804175038577,0.0010762195986682,0.0064477162817211
9295,Smc6,214.5022730206229,-0.5012925671269368,0.1122037485088811,-4.467698929748844,7.906547513279345e-06,8.934691728118823e-05
9297,Fam49a,479.5171258093786,-0.6301265383490434,0.0581552882307141,-10.835240569167151,2.3434863222006888e-27,3.644491255178209e-25
9320,Itgb1bp1,436.9500526048205,0.6528554946486455,0.065793094392368,9.922857416543335,3.311379672110187e-23,3.70623661179969e-21
9323,Gm4419,80.17775602150513,0.8143980960527247,0.1485576983524914,5.482032268165298,4.2046751519179325e-08,7.735973934549879e-07
9332,Mboat2,76.36282222693771,-0.7716924868514036,0.1331520333155061,-5.795574184157325,6.8087821947354686e-09,1.47496991414988e-07
9346,Alkal2,275.2971088373442,0.6822970098904247,0.0744533557626175,9.164086734596872,4.996827253271236e-20,4.3171418619783186e-18
9362,Atxn7l1os1,35.111175232708,0.6899762739862529,0.2207695009328473,3.125324245744102,0.0017760916822611,0.0097900974879215
9363,Atxn7l1os2,100.54275040718557,-0.9083768936970932,0.1226628735816671,-7.405475407294363,1.3068145664807134e-13,5.995924970554677e-12
9371,Bzw2,42.62801612882974,0.6767349416577796,0.2093607508657227,3.2323868674497422,0.0012276073440556,0.0072028081418103
9381,Zfp277,32.20483677947604,-0.6431520867276542,0.2000628725617016,-3.214749835851222,0.0013055824752007,0.0075939667278017
9393,Nova1,122.81666304387647,-0.5177545546212511,0.1181613131763414,-4.381760330037677,1.1772426965215448e-05,0.0001271857338485
9394,Prkd1,209.5584348201852,-0.5349074955774837,0.0815396421643133,-6.560091280503456,5.377485065718994e-11,1.719631263223645e-09
9403,Gm35188,222.8581454131259,0.5173275525010197,0.0928038330940934,5.57442009939938,2.4835575889246305e-08,4.790088749187009e-07
9411,Snx6,381.62171493094297,0.5329673675732225,0.0871776445531417,6.113578432924236,9.742145491424274e-10,2.4603497006889278e-08
9433,Fbxo33,94.4929607833678,0.7050211621812887,0.1318250417472971,5.348158080107297,8.885384386897153e-08,1.5228847903946466e-06
9442,Rpl10l,55.09780481590845,-0.5912414676247402,0.1559436264524849,-3.7913794944667902,0.0001498128346205,0.0012042082800239
9460,Cdkl1,68.58082832984813,-1.1374394648149966,0.1469910213431105,-7.738156075260906,1.008689785969627e-14,5.156533874711166e-13
9480,4930447C04Rik,184.61748199773783,0.5725341366180317,0.1005257509192625,5.695397760100929,1.2308462645517278e-08,2.539737809006596e-07
9493,Rhoj,178.10032770070433,-0.558080884821216,0.0887810210538391,-6.286038144152242,3.25669958745987e-10,8.993360692548061e-09
9508,Gpx2,1003.1818587945172,0.6456637138400428,0.0577193577036282,11.186259506824983,4.7609700475722067e-29,7.99301948668543e-27
9510,9530018F02Rik,10.993690604724726,1.4457576949203912,0.4033472227023064,3.584399776535573,0.0003378542649367,0.0024242151093617
9517,Plekhh1,186.2240121717481,-0.5965905947846041,0.0918957469802264,-6.492037057090082,8.468342058036593e-11,2.6119266297585094e-09
9536,Gm20337,201.26254255358344,-0.6821131833514729,0.0962252005535728,-7.088716671177113,1.3536132682268517e-12,5.2627059012588175e-11
9537,Slc10a1,22.5469583969064,-1.030938471220475,0.2551571286416175,-4.040406304573547,5.335867944996722e-05,0.0004869185486064
9543,Adam21,3630.250687318004,0.5586626482028086,0.0462929705583792,12.067980115864232,1.5591435095717008e-33,3.543813263140355e-31
9553,Rbm25,713.7124092747091,0.6383270813716037,0.057737660856932,11.05564499665673,2.058518242547992e-28,3.270166507032691e-26
9573,Npc2,263.67158516465474,0.5839782731657593,0.0801874701004745,7.282662396432224,3.2729557570037015e-13,1.422195539822726e-11
9588,Fos,130.15561732627944,-0.6280985359551745,0.1156195816415793,-5.432458127225194,5.558299914883655e-08,9.96581589107902e-07
9604,Tmed8,27.90581877312537,0.8653739306377156,0.234147373424389,3.695851539915577,0.0002191510119412,0.0016672178426469
9617,5430427M07Rik,67.03734011265044,0.8323016123574989,0.1586859320800916,5.2449615504506175,1.5631492207001676e-07,2.571711201183104e-06
9625,Spata7,413.0524717274611,-0.5267277897926116,0.065555266179814,-8.034866159307928,9.368110797413058e-16,5.49224083019764e-14
9642,D130020L05Rik,36.41509470686829,1.3001667461583355,0.2515829304141379,5.167944995386188,2.3668193808479026e-07,3.821572626518788e-06
9646,Atxn3,50.66205412659262,0.5870664648971619,0.1770340883019042,3.3161210393334586,0.0009127628671963,0.0056234273808111
9652,Itpk1,110.1573128134235,0.8239906455373195,0.1212266714418444,6.797106905080775,1.0674089332916302e-11,3.675967268170289e-10
9704,Exoc3l4,229.75728050739485,-0.5204089640905356,0.0845612715053998,-6.154223497659964,7.54462264508162e-10,1.9452749556446047e-08
9711,Trmt61a,33.35629146285258,-0.7863516738117527,0.1986444616932403,-3.958588460553649,7.539401714515521e-05,0.0006587056234787
9733,Zfp386,42.70483450400684,-0.7245562598310994,0.1865347988676672,-3.8842953927600328,0.0001026270751794,0.0008585574228202
9735,Esyt2,83.20687810714176,-0.7202280721853839,0.1294249145394933,-5.564833283823493,2.6240315844488652e-08,5.021689459669369e-07
9743,Sp8,41.257558672697655,0.7985247357143415,0.1968340815778693,4.056841829998011,4.974074268414764e-05,0.0004567245074055
9749,Net1,296.3638804903543,0.5030085467178886,0.0776443359117247,6.478367556517816,9.272026690193347e-11,2.847919382971237e-09
9769,Lgals8,255.15152727354567,-0.7530291286855157,0.0908110159787041,-8.292266313396457,1.1111081327767303e-16,7.394374573713249e-15
9795,Gm32036,85.66063435010953,0.697351137232891,0.1339936892300392,5.204358065219658,1.9466834161156163e-07,3.1709262171656124e-06
9801,Zkscan3,95.0384971383816,-0.5144007380603713,0.1373220911068634,-3.74594308835617,0.0001797173343294,0.0014085644017945
9809,Hist1h4j,27.44268832646917,-1.353381737734824,0.279128995320138,-4.848588861872291,1.243428285963743e-06,1.728166462542647e-05
9843,Hist1h2ab,34.05390499193295,0.7697614504526537,0.2213102380948415,3.4782008147439427,0.0005047915991753,0.0034116153184888
9850,Armh2,556.4179713552605,0.9606491021794294,0.0561601738945907,17.105522215485113,1.34986459032778e-65,1.4244928183930442e-62
9851,Gmnn,186.12898967943264,0.7124160672986558,0.0991525340755909,7.185051536408856,6.718184043262503e-13,2.7583791244817383e-11
9866,E2f3,16.395854745090592,1.856851158475031,0.3620869069940695,5.128191941238691,2.925381054972532e-07,4.637293959888861e-06
9875,Ripk1,36.82234547393124,1.079383602537075,0.2167922330184735,4.978885025115719,6.395161719904708e-07,9.486156551191985e-06
9914,Ranbp9,32.449399999403695,-0.7866736326820533,0.2002629835550238,-3.928202899593316,8.558299336864278e-05,0.0007334124965361
9925,Kif13a,261.5602763936496,-0.520716585123772,0.0812372739470477,-6.409823469251152,1.4568822909149478e-10,4.270630747217745e-09
9929,1700026N04Rik,36.5542341516611,-0.9780767139293284,0.1958466858576853,-4.994093771084088,5.911267326740961e-07,8.821521564168782e-06
9932,Ptpdc1,39.954955153135344,0.9362262373624772,0.2402549319753711,3.896803406551717,9.74706770321908e-05,0.0008205309301843
9943,Omd,70.27703874924468,0.7700440660426372,0.1572087683216105,4.8982259339842695,9.670580257983469e-07,1.377754606860634e-05
9962,Arl10,32.18728138779224,1.4956552547344055,0.2598391760008797,5.756080656326212,8.608926491583246e-09,1.8326841496635574e-07
9968,Rab24,58.63602677656297,-0.5856870101736247,0.1573738712922209,-3.721628027349516,0.0001979424631974,0.0015294989284934
10024,Cdk20,112.3712373636658,-0.6370692812775629,0.1442721084084415,-4.415748049331808,1.0066127545968063e-05,0.0001104060641159
10025,Cntnap3,177.358941388529,0.9528118282996318,0.1056820131281349,9.01583722808524,1.953723638243067e-19,1.6493893160801758e-17
10031,Gm40987,64.62949634592655,-0.6195839675746337,0.1462339305025582,-4.236937114699208,2.26589564424184e-05,0.0002289763491657
10043,Gm48900,121.12757971364049,-0.608262076348498,0.1055088716075815,-5.765032523623256,8.164209556962799e-09,1.743035144430179e-07
10055,Gm10037,62.59171541521236,-0.842962750349989,0.2293963061660051,-3.674700628091065,0.0002381284638787,0.0017879883079925
10057,Fastkd3,113.70848764841348,-0.6852319800696941,0.1254129828630102,-5.463804180610067,4.6603761622680043e-08,8.500295977944134e-07
10059,Tent4a,546.5803094861417,0.5351771846523335,0.0578937928691673,9.244120278347731,2.371837083145552e-20,2.0734627849936324e-18
10084,Gm46430,76.27175655744358,-0.5886133116809505,0.1367502284056236,-4.304294907172124,1.6751839594888343e-05,0.0001751533461959
10086,Cast,58.75904587607886,0.5435188944593703,0.1687890787468857,3.220107002742905,0.0012814275678362,0.0074770185178566
10096,Mctp1,60.5853903502448,0.913950148179949,0.1793500050446483,5.095902550727139,3.4708364397054617e-07,5.409086240528322e-06
10102,Arrdc3,18.16343193581177,1.051187750909346,0.2954814567138545,3.557542197740418,0.0003743409807505,0.0026423858813225
10113,Xrcc4,154.00976286638567,0.552503300605992,0.1148133512479624,4.812186863292146,1.492876688912786e-06,2.0422000187034723e-05
10131,Jmy,36.73419027371327,-1.1588457392181244,0.2097766799215296,-5.52418762491431,3.3101358662453855e-08,6.206084681206767e-07
10148,Hmgcr,11.030321160697298,1.7630606887313078,0.4320275415968942,4.080898829307373,4.486188015018964e-05,0.0004186919882115
10161,Ptcd2,78.6610396383578,0.6857348887938219,0.1484528983258683,4.619208493245906,3.852066429418789e-06,4.7504532076989305e-05
10171,Ccdc125,30.726357017213594,-0.7662774420439098,0.2096860994377744,-3.654402671891501,0.0002577814262385,0.0019118789112693
10207,Snx18,94.07751639908918,0.5231257582742448,0.129942139657425,4.025836111775561,5.677322178859315e-05,0.0005142658361156
10242,Flnb,128.54976790135916,-0.5873030877314299,0.1302084337903694,-4.510484233893522,6.467980871004879e-06,7.506516055634414e-05
10243,Abhd6,392.525783422224,0.5228479533810604,0.0724152471580185,7.2201362820753054,5.193549954040225e-13,2.1798155403690418e-11
10248,Ptprg,22.05477495558595,-1.3804528360805317,0.2706425861727374,-5.100648998378469,3.384907875937811e-07,5.286324414281736e-06
10249,Gm3848,51.56347260837665,-0.5819801857456768,0.1839582381421118,-3.163653835910757,0.0015580198717533,0.0087956383589163
10255,Thoc7,41.66924232417387,-1.1136437435722333,0.1952123536706377,-5.704781089065565,1.1649270616979926e-08,2.4172236530233345e-07
10268,Nkiras1,54.22955644987362,0.5929131218630469,0.1886708337607257,3.1425796454315,0.0016746614610139,0.0093258380795402
10277,Dnajc9,346.01925238345586,0.5895192426510149,0.0748033279025014,7.880922669903047,3.2497238930300336e-15,1.7716391437500265e-13
10279,Cfap70,72.76778212748306,0.5826062771636167,0.1504553127512956,3.872287834240003,0.000107818518141,0.0008964044946624
10304,AC163638.2,140.3245523380924,0.5253175267113038,0.1039384535281389,5.054121057988288,4.323773049985808e-07,6.592303719348846e-06
10316,Slmap,54.925467432632935,-0.8577768585382227,0.1621504492373936,-5.290006056550661,1.2231230963378314e-07,2.0464802520153022e-06
10321,Appl1,170.7836976770999,0.9403746322384569,0.111661567651591,8.421649919627088,3.712189032561698e-17,2.5508781752123965e-15
10330,Selenok,79.09875969430966,0.5165773403349844,0.1368477429917347,3.7748327377688953,0.0001601150602578,0.0012752236659023
10373,Ghitm,62.10069111586766,-0.625294393292809,0.1635345325373375,-3.823622959573046,0.0001315049633596,0.0010692649029585
10424,Ndrg2,942.7940158821244,-0.6688227956313418,0.0455308202436836,-14.68945193721006,7.532052416673199e-49,3.4774544501228084e-46
10431,Chd8,156.12795676596605,-0.7635014242848,0.1103170200604546,-6.920975782942601,4.485431712111293e-12,1.6084409736585494e-10
10439,Lrp10,59.98978528324665,0.754989746896611,0.1627932401669818,4.637721726787891,3.5227062238238344e-06,4.417052069007358e-05
10464,Ipo4,32.608162759444646,-0.7867353992547416,0.2297729686242748,-3.423968467505909,0.0006171378133333,0.0040490084358004
10483,Cenpj,44.108168961456926,0.6996009796864079,0.1950736541987712,3.5863427204452027,0.0003353481678477,0.0024109167064638
10493,Eef1akmt1,15.1219242728563,1.7843986729857042,0.3596609876570874,4.96133507448133,7.001030019393203e-07,1.0261231895487617e-05
10515,Serpine3,24.1264001203726,1.2625072129269073,0.3205777043866159,3.938225259122595,8.20865140947578e-05,0.0007071406176302
10516,Wdfy2,14.92693445955392,-0.990267127899822,0.3060646759401449,-3.2354832352279743,0.0012143701647201,0.0071506994075628
10531,Pbk,47.65506790047969,-0.6601925108118571,0.1844040227894725,-3.580141587071424,0.0003434080812121,0.002455716840188
10547,Gm20667,244.81757123932948,0.8627230911333854,0.1865732636479002,4.624044593878737,3.763289054291392e-06,4.6565186338443074e-05
10552,Slc25a37,371.5435353924642,0.8041377125067601,0.1082649131998509,7.427500643928538,1.1066884447078665e-13,5.125459273389973e-12
10559,Sorbs3,54.72671916804173,-0.5532303472419761,0.1625446580452711,-3.403559082746926,0.0006651402655844,0.0043156707438489
10575,Med4,86.0590757127887,-0.5176674118980553,0.1358647513929679,-3.8101671448305376,0.0001388728705522,0.0011211517975618
10578,Lrch1,302.5000027354674,-0.5175621146860708,0.0770892785924775,-6.71380150568143,1.896182124981889e-11,6.381365538606476e-10
10601,Wbp4,1530.3159452418015,0.6083789867636586,0.0465217914744638,13.077290609017115,4.4398515621132163e-39,1.3956248293332055e-36
10605,Pcdh9,23.65511359956414,-0.8835905997214452,0.2519300998216851,-3.507284760125313,0.0004527044208691,0.0031108163320559
10620,Mycbp2,34.46598362673434,0.7208128682004303,0.212578409525375,3.390809395035899,0.0006968654783659,0.0044860525391627
10627,Gm10076,126.13326982579846,1.1863442898885237,0.1688201132622783,7.02726865279034,2.10615609184252e-12,7.93784441349015e-11
10632,Sox21,28.23523648143281,0.923701484948824,0.2384377491190341,3.873973346760999,0.0001070751285458,0.000891227013598
10655,Fbxo4,27.522827661992032,0.7312581033452459,0.2322110785563085,3.149109456325635,0.0016376884303582,0.009171800178208
10665,Dab2,15.897976935312238,1.7281631747237605,0.3655768924097477,4.727222126465237,2.276122306467612e-06,3.0078203001567527e-05
10674,Lmbrd2,660.3238273452748,0.6067161747283123,0.0562258362784053,10.790700768310913,3.8087412447682516e-27,5.7418717500210355e-25
10688,Drosha,98.69306615731816,-0.5460246956669118,0.1274601982732862,-4.283883934467018,1.836587463491194e-05,0.0001897464558434
10694,Gm2824,99.92600656879397,-0.823921324124222,0.1262559273417684,-6.5258031165056405,6.763812017483593e-11,2.1443896726674373e-09
10718,Pop1,366.4614905916114,0.602678573654373,0.0741400402954414,8.128921582086448,4.3312638339338543e-16,2.700003876900369e-14
10721,Gm48960,87.13990183194728,-0.577184397972752,0.130520990094777,-4.422157674054058,9.772010016808654e-06,0.0001079011031302
10722,Vps13b,39.16965228909218,0.6494175836930498,0.196333710192677,3.3077232791848514,0.0009405769938768,0.0057588414867539
10728,Ankrd46,21.56686365554193,-1.2515706987661723,0.2681367469105332,-4.667658249705598,3.046520842977407e-06,3.910451688457708e-05
10729,Snx31,162.48350137902548,-0.6172182328354527,0.1119072414534865,-5.51544497763351,3.478985786555346e-08,6.47336725573913e-07
10733,Zfp706,56.064006595733744,-0.7008348245978003,0.1610695104606584,-4.351132766179112,1.354360088242223e-05,0.0001441593367701
10743,Azin1,71.74364201091046,0.6849032606326476,0.1480649009860814,4.625696272859632,3.733420668341246e-06,4.627311825006172e-05
10745,Atp6v1c1,245.84529896544927,0.6616895458583758,0.0973331533741655,6.79819283481679,1.05939596284989e-11,3.6568962512019326e-10
10747,Fzd6,51.35523597543531,-0.7654112662674192,0.1662519261738231,-4.603924200355732,4.146034180592592e-06,5.06227346975826e-05
10760,Eny2,19.416524803848063,1.134519570207511,0.3096917919357406,3.663382755855917,0.0002489061732971,0.0018591202246167
10788,Rnf139,39.540778726685936,-0.7111806821704233,0.1889323428780465,-3.7642082416216143,0.0001670776116322,0.0013196752501929
10796,Myc,450.21325221383,0.5606544813707108,0.110071655098905,5.093540938100132,3.514371211632859e-07,5.471161251914e-06
10800,Phf20l1,126.99954318176356,-1.3058152495207251,0.1095037500421382,-11.92484503058784,8.784734197906381e-33,1.9086126917627774e-30
10803,St3gal1,132.3943910810725,-0.6034690674442644,0.1126355070525071,-5.357716081154997,8.428054232864255e-08,1.4597429453263366e-06
10811,Mroh5,110.39778617450938,0.7846116444259854,0.1310951195258863,5.9850560971574085,2.1631529478511163e-09,5.113347464248383e-08
10828,Fam83h,43.26985812680449,0.7948200422414515,0.1930329564986453,4.11753545435144,3.829456307923688e-05,0.0003664273801377
10844,Fbxl6,14.92680478187702,-1.321245203335027,0.3274432467269638,-4.035035739908656,5.4593986849342895e-05,0.0004966573655863
10849,Kifc2,36.968629208347,-0.600918363795038,0.1908406451293335,-3.1487965437750067,0.0016394429233928,0.0091720358360467
10853,C030006K11Rik,349.2874923869887,0.5085878809818762,0.0794892401548874,6.398197793699826,1.572215437569422e-10,4.545579427524587e-09
10859,1700109K24Rik,60.62097769152056,-0.6730158803194458,0.1460096782552414,-4.609392256470408,4.038477543908873e-06,4.9391115259693454e-05
10860,Apol8,23.958012952777263,1.1632013664134169,0.2705634283220411,4.299181798616564,1.7142981097054e-05,0.0001787370520309
10870,Cdc42ep1,50.2225571729647,-0.9401695122884012,0.1862832687922254,-5.046988483635836,4.488283933685321e-07,6.814995563850661e-06
10872,Pdxp,83.38383941100786,-0.7542103271770917,0.1257946374760979,-5.995568192009758,2.0277518071061923e-09,4.831936322288207e-08
10879,Polr2f,106.13684207447648,-0.5761798636498173,0.1273489010118908,-4.524419599003985,6.056146941186994e-06,7.089818930990225e-05
10894,Gm10856,15.32079211225676,1.5737832103281426,0.3653823826805215,4.307222474117499,1.6531731624198136e-05,0.0001733426565052
10911,Rbx1,850.5904432038202,0.6796043755242711,0.066086125193876,10.28361662195391,8.353296857541808e-25,1.1018893551189523e-22
10916,Polr3h,47.89960144989473,0.8024030192794557,0.1848411247792431,4.341041639071232,1.4180884407499714e-05,0.0001499702120518
10919,Xrcc6,89.2731949383458,0.5868641985953783,0.1503038087693754,3.904519808249546,9.441265944269268e-05,0.000797970612475
10931,Gm20324,106.37647686263718,-0.5188068036582535,0.1248660071477809,-4.154908253326601,3.254180925539641e-05,0.0003160898684676
10936,Gm49463,95.98081626995068,-1.298281965814415,0.1474228419059548,-8.806518372794804,1.2909294993441714e-18,1.0253866894253111e-16
10950,Parvb,94.85684935029558,0.6848913776723868,0.127464174742461,5.37320685640649,7.7348507876077e-08,1.3491698410403324e-06
10964,Tafa5,336.9794424933452,-0.5418969868464907,0.0726662405366004,-7.45734171528454,8.828552336900506e-14,4.193988174449134e-12
10968,Mov10l1,104.52787539203383,-0.7332007829954328,0.1200059069017061,-6.109705779699489,9.981498033256115e-10,2.512208721351377e-08
10970,Tubgcp6,589.1159252928168,0.6597122748987664,0.058904620062352,11.19966946905768,4.092575758724802e-29,6.949852213724162e-27
10988,Gxylt1,434.8535316866857,-0.5386564343337589,0.0676867303115515,-7.958080289214836,1.7472896462433752e-15,9.852846272366271e-14
10999,D030018L15Rik,80.47086851457227,0.6639664476298701,0.1754421563560309,3.784531958684205,0.000153998118607,0.0012331534982657
11000,2610037D02Rik,136.69894065507586,0.605458691296664,0.1199532064540108,5.047457331028433,4.477287213845798e-07,6.805292314542986e-06
11027,Tuba1c,54.276239112095936,0.7012174811440176,0.1771058437867152,3.95931306472574,7.516565237649704e-05,0.0006574880688042
11041,Cox14,52.82660276561768,-1.1301236031377189,0.2587608754608178,-4.367443884726092,1.257090797889314e-05,0.0001347769190712
11047,Gm21917,125.30953167905456,0.5360380424280807,0.1103989188651776,4.855464599999442,1.2010481012309674e-06,1.6755698439647133e-05
11063,Galnt6,71.20138337313503,-0.5221262516720442,0.1502755576600551,-3.474458919348473,0.0005118847382855,0.0034500844541197
11080,Rarg,406.0374815649556,-1.177821181797977,0.0770851106552598,-15.279490056976517,1.0475723733502174e-52,6.729058366902657e-50
11085,Aaas,142.61176957160316,0.7987672885838412,0.1457537213212087,5.480253137575375,4.2471773319484286e-08,7.794757503379636e-07
11100,Nckap1l,229.68602441146624,-0.8061616736372971,0.0834843383919932,-9.65644202451527,4.616183590079965e-22,4.6080740783676624e-20
11108,Slx4,56.34120009805268,0.829518543193004,0.2444827699287653,3.3929529816546986,0.0006914350536043,0.0044588657712572
11132,Abat,58.70818493432383,-0.5780244934433503,0.1653410262762929,-3.495953221419124,0.000472371502813,0.003221983648458
11138,Gm49455,26.22040942250784,1.1471239330478833,0.257076343190031,4.462191731893153,8.11255874055788e-06,9.133477372907003e-05
11157,Gm15738,308.8591709529214,-0.5158284659563663,0.0678641667013407,-7.600895892915687,2.940876301622854e-14,1.443471976085583e-12
11159,3110001I22Rik,385.7931717104189,0.5103060480918191,0.0766741079107981,6.655519861874409,2.8230042742959297e-11,9.330439630525295e-10
11161,Pla2g10os,650.2459452661246,-0.6807549991761699,0.0527708991380966,-12.900197083902178,4.489475253834409e-38,1.3265501480029913e-35
11176,Cebpd,37.06919363476671,2.122831421814221,0.3059609994645927,6.938241885498502,3.970095444123302e-12,1.4411348916824978e-10
11201,Ess2,18.822068388488777,2.0348198486468303,0.3493641591813182,5.824352026879692,5.733461116281506e-09,1.260508251963437e-07
11203,Dgcr6,47.947707706877225,-0.6918979174396909,0.1806170256720218,-3.830745827340176,0.0001277554239588,0.0010427948251754
11217,Gm43388,117.80873526990432,0.5660119138953039,0.1698594010701217,3.3322377821268883,0.0008615061347747,0.0053456075746167
11235,1300002E11Rik,71.14892718149989,-0.6938979005506648,0.1490662122820173,-4.654964327113135,3.240368048005595e-06,4.1163540448181134e-05
11258,Lrrc15,33.47311533288197,-0.7450031759230811,0.2064913124759467,-3.607915349997416,0.0003086671562661,0.0022409083865728
11264,Acap2,84.63521813722384,0.6527660369161237,0.1652245424900274,3.950781325089903,7.789647382897658e-05,0.0006765681977362
11309,Ildr1,16.210252052866657,1.0354615501514564,0.3235154795014009,3.200655349621292,0.0013711543277279,0.007928545611684
11316,Lrrc58,71.09935104041118,-0.5673300683631977,0.1412254378423254,-4.017194614730859,5.8895083912117846e-05,0.0005318557272112
11317,Gpr156,42.42846576345738,0.836534013471157,0.2089614266977217,4.003293941332367,6.246661025325621e-05,0.0005583071384643
11320,Cox17,189.16417051710363,0.644840449573573,0.0943096035453754,6.83748446957811,8.059582258068037e-12,2.8149472406784203e-10
11322,Adprh,20.26725565489935,1.090826129763908,0.297883389722217,3.661923314291301,0.0002503288004544,0.0018688012622103
11326,Poglut1,25.339242889831883,-0.7329987488041204,0.2324964070401127,-3.152731511578395,0.0016175050305903,0.0090725206233642
11341,Sidt1,118.43958738322958,-0.5868723786449976,0.1082276244583787,-5.422574703842753,5.874665019750256e-08,1.0469517611796173e-06
11368,Tmem45a,52.49220034043151,1.1032320646319476,0.1874890366698632,5.884248403145588,3.99866903620891e-09,9.0192879909848e-08
11378,Col8a1,31.210949227008847,-0.7088709200352743,0.2231534201992838,-3.176607911284657,0.001490083418167,0.0084899700809873
11403,Usp25,37.42978647211832,0.6881616989140327,0.2062126669130624,3.337145623571979,0.0008464358647951,0.0052764740364907
11404,Mir99ahg,29.017851629692338,1.2450736144500876,0.2613412256778066,4.764168420886918,1.896340676634896e-06,2.546957923327632e-05
11427,Gm36363,24.10429457070642,2.8348842644827914,0.3955754760187106,7.166481332499747,7.69498865111687e-13,3.114678420043853e-11
11436,Gm49625,137.10084818282712,-0.5577409864303313,0.1136896712646615,-4.905819325767506,9.30381388434682e-07,1.3306345239819937e-05
11438,Ifnar1,59.62175881958126,0.6472683454967226,0.1708572457387855,3.788357600509938,0.0001516464708025,0.0012176222606725
11442,Son,101.3904444812516,-0.7629032159713582,0.1830022849953303,-4.168817979463072,3.061833796981515e-05,0.0002987815886169
11452,Gm26626,23.86689377650668,0.8743790439139993,0.2686070654919849,3.255234713623311,0.0011329868905634,0.00672238888401
11454,Gm49961,1303.7288620902864,0.7123978921625224,0.0478267938354318,14.895372134160334,3.532125482877541e-50,1.8637007815726e-47
11470,Wrb,70.6920818698463,-0.607242038137,0.1448075576207846,-4.193441613919196,2.7475381804561207e-05,0.000270433904584
11483,1700102H20Rik,271.6648356892825,-0.5232548688200471,0.0902326741313375,-5.798951143334477,6.67309686743228e-09,1.4498284282271254e-07
11503,Rnaset2a,86.4170592390947,-0.5804402292897097,0.1283485824856972,-4.5223735085223264,6.115003030434063e-06,7.14174346020813e-05
11533,Gm3435,19.722111408299707,-1.2435690595658575,0.2783973104675067,-4.466886039515103,7.936638011952662e-06,8.957669212268037e-05
11545,Lix1,250.5041288949361,0.5409146039429457,0.091350283738021,5.921323742071869,3.193604661706753e-09,7.34927029159744e-08
11547,4930549P19Rik,50.8188968799126,-1.3326819548774436,0.1650303715623573,-8.075373897912389,6.727019536849227e-16,4.007459138605261e-14
11550,Zfp677,60.99901846623423,-0.9915005793244612,0.1632549475190559,-6.073326379335169,1.252874475087938e-09,3.105699244118993e-08
11570,Mmp25,97.35060098395552,0.6962326477198769,0.1387133275205065,5.019219567182181,5.188182308865173e-07,7.829438757014714e-06
11602,Gm33508,297.5862363488748,0.5899177515376997,0.0772734581915252,7.634157514674263,2.2730187589269004e-14,1.130692900484378e-12
11609,Noxo1,188.44013612367144,-0.5186117549020834,0.0881409183763562,-5.883893252480569,4.007263486986793e-09,9.024894932430319e-08
11619,Eme2,2624.885396018272,0.6941808048423984,0.0435802354921983,15.928798846593422,3.9996654925484654e-57,3.110055683521633e-54
11620,Mapk8ip3,36.70338866084503,1.6225864363029323,0.2645552390555115,6.133261401648015,8.609550621061822e-10,2.2044627534760378e-08
11633,Cacna1h,1144.0751794314945,0.6910277785375495,0.0539118513680611,12.817734153105574,1.3045736716553978e-37,3.7064945048147785e-35
11650,Capn15,306.04167857717323,0.5859098813342246,0.1168027247162411,5.016234704777868,5.269395210211349e-07,7.943882126088008e-06
11652,Rab11fip3,214.53706333385716,-0.6084218540471207,0.0805116476672919,-7.556942028579221,4.1265577033039336e-14,1.992345212699749e-12
11653,Decr2,2728.959015007971,0.5262256275338636,0.0486576539117706,10.814858202741362,2.9274503877100677e-27,4.458778559590571e-25
11674,Gm50254,3674.4109120027288,0.5748208249565199,0.0444617840993928,12.92842463702148,3.111285949388055e-38,9.380844615563088e-36
11677,Gm50295,2752.736001495369,0.5315377215083251,0.0431887506934204,12.307318757180491,8.272600513922807e-35,2.10723103435682e-32
11721,Tbc1d22b,301.84654908493224,0.5671322879999622,0.0770398857993732,7.361541130485113,1.8179898004800424e-13,8.114495864740828e-12
11737,Wdr4,215.6960901194365,-0.5469790033107993,0.0916582802405664,-5.967589637021311,2.4078401602362892e-09,5.6465762741795127e-08
11738,Gm50103,2329.934555603993,0.7955389967633884,0.0415438982609883,19.14935839110785,9.798653447415316e-82,1.3160482366555809e-78
11742,Pknox1,139.31821750786452,1.0773457903620187,0.2672110884395098,4.031815433459843,5.534764685589886e-05,0.0005028943017521
11747,Rrp1b,3942.667480090863,0.572639139686534,0.0388684883483242,14.732735025729976,3.972955919653343e-49,1.893433895385757e-46
11802,Agpat1,115.62391707758287,0.7253568118381835,0.1191192113036012,6.089335245760264,1.1338047574549506e-09,2.8343200485007524e-08
11809,Nelfe,221.03583128176712,-0.6793540454035033,0.0836372031701656,-8.122629878252997,4.561888990894974e-16,2.8278337656351644e-14
11812,Slc44a4,180.7747542442789,0.595401625210986,0.0990123549969639,6.013407369507,1.8166375458329446e-09,4.34991946550015e-08
11832,H2-Q4,511.5099391012428,0.6530445793469529,0.0613388005668279,10.646516940536973,1.8101161967040523e-26,2.5714092971255456e-24
11842,Flot1,36.945751338129625,-0.7064992064806471,0.2080162859890104,-3.396364871729185,0.0006828726510049,0.0044132810787173
11863,Gm8909,66.74106976041345,-0.5820801435310631,0.1498964112060024,-3.8832160079610647,0.0001030839146069,0.0008618912022658
11865,Rpp21,11.424687868540762,2.049848857134339,0.4564360382422478,4.490988189776564,7.089348255908948e-06,8.13183471527941e-05
11872,H2-M5,55.16282960146246,0.7672358142193014,0.1714334001814525,4.47541618731954,7.62626112246669e-06,8.673624466768504e-05
11873,Mog,69.93074813180166,0.6878496833113494,0.1481550514895118,4.642769020670507,3.437705933700304e-06,4.318764240177576e-05
11886,Adgrf2,847.0995503037005,0.7177734910101757,0.0498199274374947,14.40735721485568,4.651720490251136e-47,1.963557672084865e-44
11896,Cdc5l,213.88847596753783,1.1648334756702594,0.0958605211948274,12.151336766705503,5.643522807508477e-34,1.302771968095785e-31
11901,Nfkbie,69.38721837015585,0.8178245994752821,0.1556468224593124,5.254361037078473,1.485392476411402e-07,2.4465093028430378e-06
11909,Gtpbp2,30.848911174922232,-0.9651169106808102,0.2089162917452786,-4.61963450824376,3.844166047272515e-06,4.744670775472359e-05
11927,Mea1,41.33163980556975,0.8207428503891023,0.2210766571959897,3.7124808236153775,0.0002052376153343,0.0015759774058992
11932,Ptcra,1460.1411860927662,0.7375041057760032,0.0461262721106889,15.988807940217225,1.529293883337473e-57,1.2552104351348791e-54
11936,Tbcc,29.048314359405225,1.092612543186126,0.3127105639921923,3.4940058603629582,0.0004758305731155,0.0032410884680541
11940,1700001C19Rik,27.162013831061262,5.150528597179644,0.9773817851450428,5.269720262297818,1.3663182553964064e-07,2.265542750306005e-06
11952,Gm49893,93.84483732882585,-0.6829634397815768,0.1647655054074865,-4.145063240588614,3.39719939534288e-05,0.0003289005495858
11962,Satb1,282.45611591080177,-0.537577875804341,0.0803920264122207,-6.68695515955574,2.278616581197841e-11,7.599160580274696e-10
11979,Ubxn6,22.690823395882536,1.0016302204796803,0.2687052464188111,3.727616910458506,0.0001932989007918,0.0014983200211427
11982,Sema6b,3204.889643634976,0.5369245474485521,0.0469806751700198,11.428625610540056,3.008325619458812e-30,5.487037370603024e-28
11998,Ndufa11,22.04080520635946,1.399902003011141,0.3843979790916722,3.6418037532847936,0.0002707344310459,0.0019949279223309
11999,Nrtn,1228.4443356716824,0.5236793834125963,0.065307639160353,8.018654328122018,1.0690990098358189e-15,6.243031134906872e-14
12009,Slc25a23,1869.37595814414,0.5418760441157209,0.0549560155478362,9.860177065494256,6.194006456261106e-23,6.631177636579825e-21
12013,Gm11110,304.9883998409192,-0.5431300433190498,0.0944990942831543,-5.747462951249359,9.059244101501654e-09,1.914753538706516e-07
12037,Epb41l3,269.06665991228294,0.6349300913606833,0.0803226391082324,7.904746387940934,2.6847964161612088e-15,1.4745420911660113e-13
12040,A930029G22Rik,141.31092242625027,-0.9354332983249418,0.0984071991911316,-9.505740494738545,1.986297336505984e-21,1.8456325062603397e-19
12043,5031415H12Rik,709.668463709413,0.5681971375234496,0.0563972454212089,10.07490939104929,7.13265057525859e-24,8.855275596543734e-22
12072,Gm50020,2195.762300619533,0.5843605090210395,0.0460439839270238,12.6913542048665,6.603404792287248e-37,1.773794589113669e-34
12073,Ltbp1,15.944979532130356,-1.9188624767212543,0.3327845700659753,-5.7660800689792655,8.113652328742454e-09,1.7347481838616646e-07
12086,Atl2,2602.2001912998,0.6999560765080998,0.035627683100849,19.64641019531855,6.204910538608404e-86,1.018570536637784e-82
12088,Galm,2676.220201470106,0.6567694384844605,0.0406094578698094,16.17281965669202,7.842533511159779e-59,7.241599380867161e-56
12098,Thumpd2,36.76230079335191,-0.7267397806840712,0.1929827694518445,-3.765827295091319,0.0001659985113004,0.0013149930326824
12111,Ppm1b,31.0648542654327,1.1285593726613528,0.251119116893828,4.494119709486325,6.985832382695528e-06,8.038059783640477e-05
12116,Epas1,20.53897137738167,1.5684266261075364,0.3962004489860142,3.9586694818786072,7.536845008895488e-05,0.0006587056234787
12127,Epcam,17.157737669784343,-1.079723005984641,0.3083126038405491,-3.502039788626495,0.0004617106623787,0.0031653426106653
12131,Ppp1r21,118.03162434853638,0.675890541549798,0.1214119462230815,5.566919587203724,2.5928197178263764e-08,4.974846559891802e-07
12150,Gm28529,26.663693246039305,1.9563201912098875,0.3137507379074088,6.2352688132552485,4.510029539574775e-10,1.2181202270142181e-08
12156,Wac,2107.462647344862,0.5085544344165198,0.0479919821218601,10.596654106204864,3.0883227108205165e-26,4.3454171171106975e-24
12158,Ccny,907.6729312861612,0.5346185655885275,0.0563535236561236,9.486870223960404,2.3807496892611266e-21,2.1983247443214928e-19
12189,Rnf125,51.390037244523775,0.7378214861943274,0.2316827879909114,3.184619334878131,0.0014494453499381,0.0083000409302272
12199,Ino80c,16.94190631060529,1.8482456285429272,0.4156506382047396,4.446632480887772,8.722688118431265e-06,9.75541213184735e-05
12201,2700062C07Rik,265.0421447777409,-0.6326828538463783,0.0966720458714295,-6.54463085107172,5.964252362033808e-11,1.8990488016527474e-09
12208,Gm49980,107.02402412148986,0.6352344908087498,0.1357126207711639,4.680732618669788,2.858515580003266e-06,3.688358880259236e-05
12220,Wdr36,2417.6782842827706,0.6857240177898606,0.0551263949449992,12.439123190878364,1.6025335741790865e-35,4.153654565775758e-33
12240,Egr1,3221.672017897549,0.6645460470640581,0.0426588048974099,15.578168414755703,1.0244834798391983e-54,7.567859465572158e-52
12255,Tmem173,78.68699709328939,0.590671202857325,0.163690941133043,3.6084538262703583,0.0003080273218009,0.002237362660908
12258,Nrg2,82.07269224635915,0.6296315233674871,0.1388329468553554,4.535173657471057,5.755610886584085e-06,6.808118113562313e-05
12265,Slc35a4,173.207360067336,0.5844748521597379,0.1013212790164388,5.7685301432575695,7.996591137303499e-09,1.7121976443843753e-07
12271,Hars2,364.90526771026646,0.5571044831314054,0.07728552954847,7.208393167339485,5.661596368895795e-13,2.3628368574595043e-11
12275,3222401L13Rik,49.65029523995996,0.7389915296896139,0.192499000867757,3.838936962573049,0.0001235681476342,0.0010125323422898
12284,Pcdhgb4,31.04044321136533,0.8824055560028197,0.275257189953005,3.2057493435629194,0.0013471127799896,0.0078017421448715
12287,Pcdhga9,25.091652774337764,1.3445490645909248,0.2870549697571177,4.683942820180301,2.814085414513804e-06,3.6373838944905454e-05
12332,Gm49974,154.1228233970598,0.5220282294006341,0.1084501668664462,4.813530900726959,1.4828665981603717e-06,2.032270048350773e-05
12339,Hsd17b4,3008.53006574574,-2.020328811726846,0.0321269200193919,-62.88585430870327,0.0,0.0
12343,Lox,149.63121600945547,-4.085393333011743,0.1549430256831424,-26.367068249760063,3.2708005197054193e-153,6.040350859765983e-150
12346,Snx24,467.1597654073333,-3.2225886873227867,0.0774717880680693,-41.596931833964014,0.0,0.0
12347,Ppic,2603.706142336328,-2.557079516099812,0.0396532430165734,-64.48601227977886,0.0,0.0
12348,Prdm6,555.5263953345376,-3.022061528773028,0.069801052873588,-43.29535736726034,0.0,0.0
12349,Gm19466,365.1428565562334,-2.5110876766593337,0.076681994571045,-32.746770486425454,3.3752930261441295e-235,8.311096528042227e-232
12352,Zfp608,465.1109022164368,-3.790343947362408,0.0904193389568283,-41.919615771269335,0.0,0.0
12367,Rbm22,48.69565390953528,1.1572820785303417,0.206283063278376,5.610165275510798,2.0213347718493853e-08,3.987076090694635e-07
12435,Myo5b,3304.727866108179,0.5501143192287119,0.03564463634559,15.433298684691769,9.774401623026565e-54,6.876524265647356e-51
12461,Mbp,358.03575599000703,0.5322884985782393,0.0763391443243348,6.972680965832629,3.109572683722192e-12,1.1428066375450661e-10
12467,Cndp2,22.660869208638594,-0.9495131518844814,0.2575225404877394,-3.687106961923154,0.0002268180355034,0.0017144971851473
12483,Kmt5b,60.51110684122517,0.5373227542101666,0.1606167634676574,3.3453715702493567,0.0008217240499124,0.0051550535513403
12496,Ppp1ca,215.9569681376522,0.5901292040766075,0.0855409818559079,6.89878922679036,5.244761923157995e-12,1.8581801595380388e-10
12522,Gm50203,201.62189497944595,-0.8684577303265392,0.1266888270904397,-6.855045944237612,7.128960366669973e-12,2.513681633822964e-10
12529,Tsga10ip,83.8114649132252,-0.5310601871747197,0.1336639028074455,-3.973101009475671,7.094294653101981e-05,0.0006249917066483
12542,Rela,155.12035063074035,-0.5938965409376364,0.1089049566820328,-5.453347203209691,4.943042093245735e-08,8.949571554609373e-07
12553,Dpf2,82.98874221934958,-0.5115310459014131,0.1290210214230991,-3.9647108685021744,7.348496221375365e-05,0.0006446952682577
12555,Capn1,68.75795172535622,-0.5325597720305116,0.1659662183477359,-3.208844410220165,0.0013326958898184,0.0077283150383791
12560,Gm550,20.9581987199684,1.015143115101143,0.2772736370403595,3.661159877790257,0.0002510760138024,0.0018734328423828
12568,Gm14963,96.6241906198639,2.115732318601708,0.5801431346522083,3.64691434273384,0.0002654083505249,0.0019615522614588
12569,Ehd1,28.84483845963972,-1.465803545414844,0.2291643595783324,-6.396298046135775,1.5918913687819528e-10,4.593477164528237e-09
12577,Nrxn2,52.77219886404472,-0.5923092930428906,0.1796601036070339,-3.2968326364679936,0.0009778174974355,0.0059474169234716
12580,Prdx5,17.61474149590883,-0.9801680853056104,0.2938779962484572,-3.3352891261615025,0.0008521075358599,0.0053006470462292
12582,Catsperz,13.418749019990717,-1.3008942827283476,0.3824877801331187,-3.4011394619603075,0.000671055830798,0.0043464177309119
12600,Gm50232,617.5070416395679,0.5328277135303459,0.0594486888865635,8.962816901598211,3.164878398736972e-19,2.597661859052224e-17
12627,Incenp,34.51943467098137,-0.951135803008784,0.2082287679989411,-4.567744467534959,4.930005282526885e-06,5.9120047113678725e-05
12628,Gm50340,42.950487181410544,0.9006809501327204,0.2153151158870349,4.18308276417185,2.875826366875637e-05,0.0002821212400014
12632,Gm10143,35.86989109127574,-0.8247394572573019,0.2494290599396944,-3.306509103056007,0.0009446628102279,0.0057766756449947
12639,Tmem216,60.2842737728231,0.6486020729734804,0.1683369809489522,3.85299813099397,0.0001166802814524,0.000962498312774
12659,Prune2,55.86618530116556,-0.6853964034470741,0.1627593236780831,-4.21110378169609,2.5412595851603816e-05,0.0002529957487274
12660,Rfk,78.58732434970926,0.6172952490615947,0.150834991919282,4.092520185183121,4.267100864787532e-05,0.0004015423450724
12682,Fam122a,51.22286612443586,1.068181150410887,0.1825380530865346,5.851827234645155,4.862015368671153e-09,1.078549775626841e-07
12694,Insl6,24.963515441733914,0.8521814412973155,0.2685211048433208,3.173610661979639,0.0015055549674058,0.0085515994486091
12695,Rln1,228.51052720058925,0.5678479802908277,0.0879098240735439,6.459437113829001,1.0509314652853547e-10,3.170933347604014e-09
12717,Rpp30,137.945202421764,0.5283552325794376,0.1221743044053944,4.32460192960271,1.52807538356126e-05,0.0001609108033979
12720,Pcgf5,39.267835047474094,0.7565532929163065,0.2001261090725955,3.780382761760824,0.0001565874415612,0.0012514097019049
12726,Kif11,96.77180638291854,-0.6589451827334443,0.1621765096382186,-4.063135803103735,4.841784120656658e-05,0.0004470782412411
12739,Tbc1d12,499.226066059509,0.5868201384199384,0.0667734720877752,8.78822262901875,1.5194463944227424e-18,1.1877407953016718e-16
12763,Crtac1,159.41675015196304,0.7611590373214888,0.1099223587538505,6.924515139144299,4.374712570030056e-12,1.5763903295030254e-10
12790,Fgf8,56.46125460326925,0.8864014329916953,0.1797512488186354,4.9312671751507695,8.169790194727858e-07,1.1833380425187197e-05
12818,Cfap43,253.2599555253477,0.5816553469153982,0.0819445518949561,7.098157637874649,1.2643092970712528e-12,4.9284711226730046e-11
12821,Xpnpep1,112.39386227797188,-0.7088028854943152,0.1407141040270194,-5.0371843703614365,4.7242968090240726e-07,7.148562975385389e-06
12822,1700054A03Rik,199.56207050115728,-0.7371307018104141,0.0851422087627419,-8.657641286526982,4.816263827929498e-18,3.593711201708606e-16
12843,Vwa2,66.68626602549995,0.768339771493615,0.1548753311228264,4.961021009112616,7.012360613157337e-07,1.0267652695618088e-05
12851,Slc18a2,56.58801255266557,-0.7290619261385618,0.1591315619253155,-4.581504242890101,4.616432369202166e-06,5.563064585855857e-05
12876,Hdac6,90.83328270745594,0.7412409603403263,0.1339461910373707,5.533871135861723,3.1323914750421146e-08,5.895280465257605e-07
12897,Cask,42.81182732573494,0.6692041042957024,0.1967205501269147,3.4018006957786757,0.0006694343869722,0.0043397207692532
12924,Akap17b,32.60688680262425,1.0396780394427998,0.2264351819063061,4.591503982243341,4.400632440325206e-06,5.333465436699311e-05
12932,Nkap,12.516318754572776,1.5094110610892184,0.3873608972124289,3.896653152012545,9.753114108875832e-05,0.0008205723681351
12993,Pnma5,36.78422724039378,1.2693025197756391,0.2239395896897187,5.668057718308456,1.4442531810552238e-08,2.9430891719875695e-07
13000,Dusp9,52.60418913473372,0.8347589770633902,0.2037616260380506,4.096742813131589,4.190039662627505e-05,0.0003955504535185
13002,Abcd1,13.410846109875616,2.856112446559985,0.5089669362593071,5.611587400060228,2.004789882788524e-08,3.965028879292858e-07
13012,Emd,320.1621188255972,-0.5345154468120933,0.0678833199414884,-7.874032196315904,3.433905135373502e-15,1.851551622992997e-13
13028,Pls3,50.73939740223158,-0.6506247011690485,0.1784422581279206,-3.646135775207645,0.0002662133546973,0.0019655352835074
13029,Prrg1,28.853383286727183,-0.7134106133870406,0.2191902072930073,-3.2547558679634494,0.0011348987760096,0.0067310295129533
13044,Arhgef9,98.12391856910652,-0.7853497696085421,0.1215838036778558,-6.459328840290087,1.0516835930187944e-10,3.170933347604014e-09
13061,Slc7a3,1176.6675791026623,0.5119570660789045,0.0493113903439344,10.382125965383116,2.990405593487504e-25,4.016386567107671e-23
13076,Cdx4,13.153090025424516,1.789131852061254,0.4092975460697247,4.3712254550299,1.2355113470739431e-05,0.0001329457002306
13085,5330434G04Rik,161.730780055569,0.6162859854355435,0.1151851590771672,5.350394012328171,8.77629405450913e-08,1.5076856786199753e-06
13088,Cox7b,135.14528973066092,-0.678795185959295,0.1030039346853912,-6.5899927806890535,4.398479632985021e-11,1.4188458099939019e-09
13089,Atp7a,272.6054202770453,-0.5250186208750114,0.0975749397274193,-5.380670716699164,7.420882631347333e-08,1.2990061610844252e-06
13134,Fam199x,1366.4377123484237,0.5857962646624547,0.043606920073968,13.433562005039574,3.8446422556654787e-41,1.2909260155727678e-38
13149,Rtl4,28.55254302237297,-0.9396024316408298,0.2301692101433695,-4.082224686158341,4.460663968754207e-05,0.000416573005527
13156,Gnl3l,102.41296656568925,-0.5624261869300522,0.1210895800075499,-4.644711682830059,3.4055171039126405e-06,4.285614113560933e-05
13200,Piga,47.01262705556822,0.651174042868683,0.1911419791728192,3.40675578272594,0.0006573992035815,0.004274830912726
13207,Tceanc,354.48007318724945,0.6452149620809461,0.0763790817706994,8.447534941804749,2.9751783343900984e-17,2.073362486428269e-15
13216,Gm15247,74.31673550669443,-0.501793886579062,0.1421087272624913,-3.531056088147144,0.0004139039701096,0.0028863610292988
13217,Gm21887,21.901109402784236,1.055941399077137,0.291028034148993,3.628315059629422,0.0002852769965223,0.0020883257814632
13219,Kdm5d,28.755816068274548,-0.9835362342860602,0.2187801971464017,-4.49554505898861,6.939196101803378e-06,7.996855164433941e-05
13245,Lax1,63.65447680625446,0.6849642026141377,0.1678723119583988,4.080269072507215,4.498359916220471e-05,0.0004192982296671
13258,G0s2,89.53340212386684,0.5458601875638339,0.1397094258553356,3.907110663592975,9.340638015566376e-05,0.0007899174930851
13282,A930104D05Rik,144.5955230713021,0.731345056679496,0.1310158514031898,5.582111239569368,2.3761631158143582e-08,4.625221854155642e-07
13287,Tgm3,537.4142039449583,-0.6424648945110738,0.0575676749786318,-11.16016748547768,6.38711320846602e-29,1.0484801171319666e-26
13316,Gm11827,72.10247186783018,0.8418439070516444,0.1774443043440992,4.7442712245028975,2.09258320808028e-06,2.777702094894704e-05
13326,Gm12718,258.81470315364504,0.8236659858741092,0.0978001509548901,8.421929596550637,3.7033359659840004e-17,2.5508781752123965e-15
13346,Tnfrsf4,308.89668650278804,0.5728778081365126,0.0721067578267854,7.944856007985791,1.944164878263391e-15,1.0879959057372476e-13
13350,Usp46os2,65.79728418849847,0.86128065020757,0.1638397357202685,5.256848385534971,1.4654502784663964e-07,2.419057252967881e-06
13366,Card11,118.66714527719397,0.7407181058487778,0.1189712283331589,6.226027218736627,4.78410987323697e-10,1.2850988957673276e-08
13371,Gm15594,119.68911790824716,0.7922509843760505,0.1477635690087487,5.361612403454759,8.248237237279897e-08,1.4302753162391218e-06
13373,Gm3294,20.677774825201773,0.8904118588705106,0.2843517474572939,3.1313746682855865,0.0017399003272975,0.0096346654555826
13382,Dnah6,129.24004880247358,0.532449011308163,0.1099319822727702,4.843440464732242,1.276099696812563e-06,1.771907605329775e-05
13386,Efcc1,21.453454737972905,1.3405869025819228,0.29596669681338,4.529519425718433,5.911799899991451e-06,6.948363701071894e-05
13387,Gnb3,112.5547042043319,1.0499521965212668,0.1206635372354086,8.701486965966046,3.2756341399739557e-18,2.469092795100776e-16
13411,Trpm1,58.86116071384388,0.5143694363731359,0.1585431004248813,3.2443508105661603,0.0011771866582576,0.0069483642385529
13432,Gm9939,47.24224484258188,0.6925155103144179,0.1886489445220804,3.670921732792216,0.0002416773439895,0.0018106192089764
13440,Frem3,116.14470726847028,0.575140434988002,0.1240368641451104,4.63685081811764,3.537575390275027e-06,4.429164306434173e-05
13451,Gm27045,102.35377067496242,0.5588776687038607,0.1354146860229883,4.12715699543094,3.672756636668177e-05,0.0003524280060771
13452,Spata2l,13.85138399313808,1.4606770548618513,0.3730685524107809,3.915304695136884,9.029010883458358e-05,0.0007677898873338
13455,Gm46102,114.22600601377114,-0.5290146653993577,0.1110042523400091,-4.765715314931999,1.881848123425464e-06,2.5297929186067155e-05
13460,Gm48284,17.96834871150542,1.080033252472315,0.3088951084735172,3.4964401275551777,0.0004715102915796,0.0032190818150639
13469,4932413F04Rik,464.972505808884,0.6425391598958327,0.061582658245169,10.433767852920464,1.7385455393206487e-25,2.378265907215117e-23
13488,4933415A04Rik,130.72985364414518,0.8236406633710651,0.1288708333375423,6.39121081194347,1.6457729680741534e-10,4.730476620686292e-09
13511,Myadml2os,58.921638365546166,0.5769444851610703,0.159923539490933,3.60762703850599,0.0003090102483701,0.0022422973523678
13539,2810403G07Rik,56.33025948699914,0.5480224071947823,0.1601307008995771,3.4223443981455124,0.0006208362125167,0.0040711203744882
13545,Gm34250,46.39682502526871,0.7139570713262844,0.1850895915522353,3.857359375742066,0.0001146185816041,0.0009470776983332
13550,Gucy1b2,22.93281092233451,1.109141100007092,0.2679142017808215,4.139911556142409,3.474397491685317e-05,0.0003359342182078
13552,Defb30,54.43104652354579,1.2116719112910217,0.2428126642754877,4.990151213514532,6.033204500636137e-07,8.985339041572408e-06
13559,Timm8a2,178.20701930931585,0.6091141653124379,0.1047427720625046,5.815333634181008,6.051307028489401e-09,1.3205614481374068e-07
13561,Gm26766,56.65509224658551,0.6024175712382489,0.1639575493040964,3.67422893178849,0.0002385687627215,0.0017900532760018
13574,Cyp2ab1,16.961303636885226,1.1882280731469572,0.3192743870973178,3.721651723928528,0.0001979238849215,0.0015294989284934
13584,Gm15964,13.014243073665876,1.0971763517388595,0.3510814862242319,3.125133038311525,0.0017772466131451,0.0097900974879215
13586,2310043M15Rik,47.63845579920145,1.1305077994887447,0.1869110710977709,6.048372591569976,1.4631626388628187e-09,3.5789345739336564e-08
13591,Gm16050,15.887528388539966,1.722768055348439,0.351646588060969,4.899146227603218,9.625399109000064e-07,1.3726413748684069e-05
13603,4930471L23Rik,12.522542796269724,2.335188460394912,0.4800675987934866,4.8642909170786455,1.1486785915837606e-06,1.6116407893692763e-05
13613,Ccdc88b,21.85720873654706,1.284498222273988,0.2915611351902086,4.405587944483777,1.0549733896015684e-05,0.0001151971682037
13627,AU022751,61.518645092291024,0.855365650767973,0.1755690694964309,4.871960950874445,1.1049601152947464e-06,1.557698544214178e-05
13628,Xlr4b,35.45283646859738,1.8903760065966155,0.2475443729549,7.636513745117614,2.2318244058581922e-14,1.113951816626653e-12
13643,1700066B17Rik,13.48600545991324,-1.0823900492656986,0.3320702560608048,-3.2595212293494424,0.0011160042805964,0.0066456458047285
13653,Gm28777,181.88012461693376,-0.6868050615837825,0.1198580604948539,-5.730153305903611,1.0033990791556543e-08,2.1087081074602613e-07
13656,Gm10558,100.99509861521436,-1.0611878315789014,0.1287920964784785,-8.239541560348998,1.7287175424761296e-16,1.1351143543352152e-14
13665,Gm15178,20.470375960609896,1.0060575573200643,0.2820845669430961,3.566510455437332,0.0003617663828412,0.002565884080699
13677,Cdh7,157.3559323189453,-0.5977616822751539,0.1017380144969016,-5.875499784727551,4.215695144592009e-09,9.451089539636166e-08
13683,Adora1,25.08472395535072,0.9825832287870184,0.2635332467392413,3.7284981722221047,0.0001926243057783,0.0014954448205829
13695,Spata46,20.5179865266679,1.2040054592457146,0.288167519487175,4.178144231481643,2.9389726828011056e-05,0.0002871718413737
13703,Gm37885,12.760834445992504,-1.427008119860942,0.3340189440251987,-4.272237085311208,1.9352166001770825e-05,0.0001985478475765
13713,Gm13179,51.55775968556306,0.6074402667876351,0.1735548512359135,3.499990132583157,0.0004652753806162,0.0031823974413079
13733,Hoxd11,62.16318395084295,-0.6791946315456484,0.1609183491537188,-4.220740736638064,2.435008613387695e-05,0.000244394138955
13736,Ppp1r1c,35.32895430999558,0.8321931589803478,0.2106804772024332,3.950025033314936,7.814301990148476e-05,0.0006780308889929
13757,Il1a,32.41646129646611,-0.6554251223924717,0.2085922043883658,-3.142136228505325,0.0016771998065069,0.0093364543863354
13784,9230112E08Rik,10.037635908006218,1.4678517018754826,0.4448377234804331,3.299746456732436,0.0009677221417969,0.0058981546711668
13789,Myt1,13.180312230920222,1.3532479292187412,0.3901007391830899,3.4689704306958715,0.0005224569532872,0.0035050145481253
13810,P2ry13,19.81908146978513,1.9261662495659544,0.3310921152112479,5.817614377005008,5.96934157486465e-09,1.3046013672640588e-07
13878,Asb17os,12.683979147277606,1.2796756189184912,0.3868905602888968,3.3075906994550053,0.0009410223395407,0.0057591814599728
13880,4930570G19Rik,30.49104404120729,0.8760026306953133,0.2354231976123884,3.7209698941291434,0.0001984590991919,0.0015310886326173
13890,Phf24,25.114131728026145,0.8371993072826974,0.249107367049756,3.36079706191699,0.0007771790591567,0.0049089540059775
13898,Tal2,125.23175517215432,0.7445023829240373,0.1142398586550955,6.517010714901033,7.172230462224073e-11,2.244968916290221e-09
13899,Svep1,64.30555205806719,-0.9466151163770252,0.1669647371471818,-5.669551143260688,1.4317210910476032e-08,2.9215811324775256e-07
13935,Tmem88b,25.12680302586992,1.0611877111870114,0.267870871626283,3.961564408792889,7.446028962339821e-05,0.000652090289802
13957,Spon2,53.5536159277234,0.6346981836124739,0.1776554046169732,3.5726365036903287,0.0003534051594174,0.0025173198917917
13969,Gm33050,32.23442408185326,-0.7924874566567993,0.2063935065461538,-3.839691809681924,0.0001231888534943,0.0010105453201144
13970,Gm9484,126.51602596775564,0.6076279143108213,0.1292380856864295,4.701616486219932,2.5810994790518275e-06,3.365633477483292e-05
13972,Gm16226,25.4174347722107,-1.6950571908649668,0.2668462903991013,-6.3521857033493,2.1227683540468002e-10,6.0311114735937375e-09
13982,Sez6l,72.31138586399706,0.8423598868815076,0.1511185516195259,5.574165963437324,2.4871854099541144e-08,4.790831453280585e-07
13992,Pitpnm2os2,63.93330353559035,-0.6785562006954442,0.1496875441651211,-4.533150733951017,5.8110315707232415e-06,6.862684286639902e-05
14009,Asb15,29.902992409912564,0.8834791687201216,0.2473207088661046,3.572200535776495,0.0003539941708702,0.0025192244125421
14022,Ppp1r17,423.3559646751888,0.5653051383794127,0.0672779619381889,8.40253066671048,4.3695819159762206e-17,2.9887131123441063e-15
14024,A730020E08Rik,58.56572543445914,-0.7202436416395696,0.1608896396684714,-4.4766315787871775,7.582994058569389e-06,8.6377142807482e-05
14035,Emx1,117.59595490592774,-0.5903019450282708,0.1328545377533055,-4.443220043596771,8.86224473214554e-06,9.866676991161884e-05
14054,Slc6a13,263.45995985458546,-1.0647615874128933,0.0808186256962284,-13.174705437518744,1.2270541540815115e-39,3.940977841826141e-37
14090,Gm26550,11.427441097944088,1.515155084883927,0.4143311987720366,3.656869406345524,0.000255314371987,0.0018983465182366
14093,Cyp2t4,36.0519990673229,0.7255320262110343,0.2113391615061927,3.4330221670240446,0.0005968932951986,0.0039295740072661
14121,1700112J16Rik,38.40890697886345,0.703005620964064,0.2058416135292423,3.415274535166785,0.0006371775542618,0.0041653368082589
14125,Gm28258,63.64452497809124,0.6001078015314679,0.1519844164556695,3.9484824531764153,7.864817955120887e-05,0.0006818944863201
14127,Gm42397,15.157008267934453,-1.2299044268786803,0.3270652812522261,-3.7604248979585297,0.0001696249956875,0.0013372677087984
14161,Fam24a,60.11345160903086,-0.5080231081879495,0.1507605876110078,-3.3697342006834674,0.0007524072224141,0.004774941711317
14169,Syt8,25.82457562877658,-1.0206637218993524,0.2263855594348187,-4.508519555962329,6.528155268682207e-06,7.564467916824386e-05
14184,Gm45411,481.4438110132745,0.7008495986880415,0.0614370565588971,11.407603780890218,3.8313881966289294e-30,6.903040148414121e-28
14193,Gm45607,315.69249607098027,0.6671761346549234,0.0919896999552638,7.252726500677603,4.0846436842087123e-13,1.7491746605941886e-11
14213,1700082M22Rik,10.54451817585931,2.0274892759887697,0.4660877686635385,4.350016053419292,1.3612756592020416e-05,0.0001447911201515
14214,Gm3830,20.16653660591321,1.2770829228247451,0.327686598630224,3.897269305986669,9.72834189695528e-05,0.000819421454878
14215,Plekhg4,13.826893710836748,1.7009895148075722,0.3848260438586922,4.4201517593548685,9.863161061838786e-06,0.0001086639384993
14232,Gm45353,48.375027913089774,1.6494859623277505,0.2061221575016959,8.002467965212224,1.2194990501276237e-15,7.010458741862069e-14
14233,Gm20735,55.58894076473071,-0.7535870561850616,0.1588724553475802,-4.743346192619533,2.102165649133305e-06,2.787916992845193e-05
14249,C030014I23Rik,96.04367104823632,1.029351345663804,0.1383411345161997,7.440674454952275,1.0017253060518405e-13,4.713213271213341e-12
14257,Cyp11a1,13.40013063515077,2.5788623680870795,0.4722113442402232,5.461246112662556,4.728040483702175e-08,8.598007010628724e-07
14258,Ccdc33,3539.8293543976747,0.545176546386267,0.0466452929391534,11.68770763423919,1.4730909238711268e-31,2.9017927079029366e-29
14260,Hcn4,101.83334026932566,0.6219989350280928,0.1258729654374748,4.941481539473698,7.753115845584957e-07,1.1274068258137025e-05
14262,2010001M07Rik,11.772528863708215,1.3040358376251535,0.398077978613349,3.2758301329995363,0.0010535190516443,0.0063296829886103
14263,Gm10646,47.288141476019504,0.6215381592101615,0.1969721740803938,3.155461740278512,0.0016024428151164,0.0089948670784691
14264,Gm15511,25.01176364753686,0.8670562702087614,0.2528434497792894,3.429221800942943,0.0006053146336266,0.0039799369813977
14266,Mlip,73.77329781260852,0.7992280780212463,0.1563097111034987,5.1131057205527455,3.169048172791924e-07,4.980799755832754e-06
14283,Prss44,46.86892704885816,0.7177814035344497,0.1790008741374302,4.009932392751131,6.073613558158797e-05,0.0005454806486822
14285,Arpp21,110.3676256734922,1.0674166351891068,0.1227791469569649,8.693794195876313,3.505323889389264e-18,2.628814981819136e-16
14288,Clec3b,157.05568034816514,0.5143471613653616,0.106366024534823,4.835633968786433,1.3272195072159586e-06,1.835986984982076e-05
14295,Gm28905,15.282262308279297,1.6490144996806022,0.3585790009025873,4.598748101617302,4.250373280416548e-06,5.181106835385649e-05
14329,Gm15344,41.81257326983728,0.8290318089868891,0.1955130535993087,4.240288787499253,2.232324001540004e-05,0.0002258928410873
14333,Lum,34.679278575040925,0.815206457428418,0.2130635157905741,3.8261194292396175,0.0001301791511775,0.00105965111818
14345,Tespa1,41.96348338035317,0.6609411468252415,0.1898106544671473,3.4821077282552544,0.0004974835103318,0.0033699318576995
14360,Gm12153,25.618007964094744,0.8085034337263438,0.2418418185581538,3.343108477047484,0.0008284550785971,0.0051901921181077
14382,Mmp28,25.794743875236964,1.1605835804592788,0.2504575880699068,4.633852738912989,3.589223605567932e-06,4.4824336051276944e-05
14383,Hnf1b,839.1496899676665,0.5005825362224446,0.0501414702378597,9.983403634711852,1.801778793310821e-23,2.112657134315402e-21
14386,Abcc3,126.07409046033708,-0.6992586106611606,0.1107339848202992,-6.314760656323605,2.705799098409454e-10,7.542542618849297e-09
14393,Zpbp2,42.4176287556064,-0.6236531395481757,0.1836826742788211,-3.395274714922221,0.0006855977096771,0.0044288141044644
14408,Gcgr,22.81809015152003,1.056506739615325,0.2702577752031795,3.9092556683005486,9.258094074830598e-05,0.0007842837262703
14411,Osr1,10.984068631302494,1.5378348844243763,0.4614679883961421,3.3324844259928144,0.0008607428782762,0.0053431156654006
14430,Dbpht2,14.07458940084502,1.122685328000455,0.3522361904860576,3.187308284396442,0.0014360362364264,0.0082392230512482
14451,Cyp46a1,31.55759233974657,1.2188724712317025,0.2458925281978545,4.956931713886609,7.161513236255443e-07,1.0464517705737934e-05
14479,Cd83,33.40135576123223,0.7308532137051298,0.2141561304025564,3.4127120822146,0.0006431985741994,0.0041991231706684
14514,Gm3002,12.845399565519177,1.8400965141197885,0.4144665850781794,4.439673981854766,9.009525515045266e-06,0.0001002309713548
14520,Gm47920,29.45666697549049,0.9461598707077128,0.2559387052803737,3.696822134312279,0.0002183151862562,0.0016617148695259
14527,Nrg3os,46.74124078572663,0.7429892984327825,0.1879496369963018,3.9531297336179594,7.713558733873551e-05,0.0006711432080933
14533,Gm10101,25.66438909406054,-0.8579210702892245,0.2371423975591784,-3.617746464232032,0.000297179292435,0.0021670912470066
14540,Sgcg,150.52592189895196,0.6521901682233591,0.1012139527984167,6.443678467160519,1.1661199884354064e-10,3.494575397392433e-09
14542,Adam28,149.69634469966417,0.8708772011402839,0.1060881650066799,8.208994858997215,2.230477804525573e-16,1.444687057295182e-14
14552,Gm49216,169.80191886610473,0.6952152822120318,0.0984918791914037,7.058605114651012,1.6818225277221696e-12,6.47063698556441e-11
14587,D930007P13Rik,59.568362109635096,0.5556229509479832,0.1657556172880854,3.352061064587049,0.0008021232423055,0.0050406502687463
14600,A230028O05Rik,56.55519164010718,0.636149838386963,0.1785244031786553,3.5633774826310254,0.0003661136103865,0.0025929829721238
14627,Gm5091,111.96942986118113,1.074990273074595,0.1273187203883218,8.443300952097825,3.084994785839861e-17,2.139798730798033e-15
14633,Gm49874,235.29249396635677,0.5130451059918888,0.0850415599075766,6.032875061904644,1.6106794479624243e-09,3.88826440591452e-08
14641,Mpig6b,74.11565950323526,0.5206225890813218,0.1467162029030637,3.548500975214714,0.0003874305637152,0.0027217780068139
14642,Gm20522,12.000679900412106,1.6150044586240802,0.4057460750527877,3.980332917364555,6.881882102317934e-05,0.0006088199172433
14643,Gm16181,32.69822312758884,0.7054978139155776,0.2221157778425254,3.1762615909967367,0.0014918635792623,0.0084935616647481
14650,Prr22,13.495222492032545,1.1001213587674246,0.3448206803979092,3.190415834392324,0.0014206821503621,0.0081669875834436
14651,Acer1,51.94123247543215,1.1137425150743074,0.1874598630716382,5.941231881987924,2.828881245225857e-09,6.540515104376655e-08
14654,Gm9984,78.99494731206362,0.6522077624830485,0.1463380873558395,4.456855862118267,8.317048370889591e-06,9.337087585981977e-05
14679,Gm50410,18.304980144446034,1.0675458195705791,0.3030736246669289,3.522397637682224,0.0004276621596232,0.0029677222857085
14683,Gm10532,368.3794554865142,0.8157562697477971,0.0729706236297022,11.179242127454543,5.152813649977539e-29,8.553670658962714e-27
14689,Ap5b1,118.6068055804388,1.997573673383854,0.1872907363823695,10.665629875604964,1.4739691522759834e-26,2.1142155588082897e-24
14695,Ifit1,1222.8997492146327,0.5667186016309121,0.0719253074701617,7.879265609896981,3.2931080859738748e-15,1.7821384198600009e-13
14707,Tlx1,180.21719085856245,0.7793733789056041,0.092786046370695,8.399683027681592,4.476854257445418e-17,3.0475299729342467e-15
14713,Gm17203,42.70717162438764,0.6395136586398751,0.1853837989467522,3.4496739319899383,0.000561264035242,0.0037301461343529
14750,4930558J22Rik,30.962468859550995,0.8461994983663924,0.2327805159866286,3.63518181399254,0.0002777846571685,0.0020396162907001
