,gene_name,baseMean,log2FoldChange,lfcSE,stat,pvalue,padj
7,Rb1cc1,600.1484085554567,0.7587543610413332,0.043014130996711,17.63965337575572,1.2220828637155422e-69,2.5413504123075112e-67
10,Pcmtd1,18.1175883654106,0.8612205906565712,0.2301749738833141,3.741590912890304,0.0001828590038353,0.000718439289023
11,Gm26901,20.60450948930201,-0.934344049781013,0.212298122888526,-4.401094258716647,1.077063199350598e-05,5.295282850058048e-05
17,Mybl1,40.21228280390884,-1.1375661030684487,0.1556203381691192,-7.309880677885478,2.673797132724424e-13,3.3171795677862386e-12
23,Ppp1r42,138.96092960119665,-0.6842598542206024,0.079503387306214,-8.606675481449837,7.520997735433453e-18,1.4187558147143795e-16
25,Cspp1,63.95159041628607,1.448917669025048,0.1597733417269405,9.06858211366268,1.2057578207421605e-19,2.6426822600657535e-18
27,Cpa6,146.07900454851915,0.643673748547248,0.0879351228690479,7.319870917856108,2.482095945345741e-13,3.0947360437758318e-12
45,Rdh10,431.3832355178442,-0.6516174515759969,0.0558464448255068,-11.668020294075768,1.8569418120102203e-31,8.360066900050138e-30
62,Tram2,192.24008048293263,-0.636750276774324,0.0695849789334328,-9.150685773483652,5.657326084197541e-20,1.2685773047337953e-18
64,Gsta3,22.809384313163463,-0.8290666187616039,0.1981857504121058,-4.183280669965674,2.8733229279673675e-05,0.0001304345241833
75,Adgrb3,66.635911897233,-0.6750870803741345,0.1145497056596585,-5.893398647220471,3.783321909247039e-09,3.038485844171369e-08
83,Bag2,702.514984034665,-0.5023418647798201,0.0405083462519665,-12.400947243197631,2.5825249881514666e-35,1.4458829004176224e-33
91,Cfc1,979.3470530660531,-1.0281261996741735,0.0371653615610104,-27.663559736568352,1.917106703854696e-168,2.790668325244486e-165
101,Cnnm4,34.70596721600614,1.5082645154465704,0.1838127291690857,8.205441060935161,2.2974587807213216e-16,3.793195650438568e-15
103,Ankrd23,508.0433411206114,0.6279956475588208,0.0489376951391944,12.832554654905593,1.0775169605415115e-37,6.89452976803631e-36
107,Fam178b,77.39188399916192,-0.5638283391678306,0.1085934574911318,-5.19210228861048,2.079327044702903e-07,1.320788538795284e-06
112,Gm38115,156.48999595108165,-0.5247726452649415,0.0768631582366791,-6.827362514158564,8.648994741326302e-12,9.173080761474672e-11
125,Eif5b,34.86526596169635,2.0385211704019213,0.2143768179605686,9.509056015454412,1.9240048732911445e-21,4.7807278985276975e-20
139,Map4k4,41.86307598902265,-1.0759941255105077,0.14166159779479,-7.595524420592693,3.0654841266615056e-14,4.109583785458418e-13
146,Ecrg4,192.5582800395198,0.6396211648774615,0.0710027276597525,9.00840271859058,2.0907933371738274e-19,4.525647833178738e-18
149,Gm8251,527.9005454720736,1.034095243350935,0.0490590138041311,21.078598266968363,1.2503192469277609e-98,5.600147847521571e-96
154,Gulp1,290.66528147718407,0.5108900333864104,0.057247025889871,8.924306991410088,4.484983409411482e-19,9.450384824559684e-18
158,Slc40a1,44.72391225230404,0.5436955366297204,0.1412798118456465,3.848359716275161,0.0001189113594779,0.0004848607907005
162,Gm17767,32.026629175395755,-0.5367966044506223,0.1728756847368674,-3.105101826596815,0.0019021352920736,0.0059322441138981
167,Gls,81.81850800137384,1.1750975168677602,0.1142181935148774,10.288181599673951,7.966662148965468e-25,2.4586864738185297e-23
168,Nab1,508.0371720976778,0.7658320250509951,0.0467818052114729,16.370296562715357,3.1169145950931334e-60,5.088435901596901e-58
179,Dnah7a,24.3608893291578,0.6607478360452843,0.2109799836488478,3.1318034280684364,0.0017373615551775,0.0054708067599032
191,Rftn2,789.0030139812777,-0.7575943443756175,0.0584935413948087,-12.951760592885778,2.296265799972044e-38,1.554696550151615e-36
200,Tyw5,111.92577965764052,1.0803562410169756,0.0971393000919593,11.121721486506797,9.835561355817977e-29,3.726845678165476e-27
211,Orc2,1076.2476110614732,-0.6841454809417719,0.0367036250247666,-18.639725108354508,1.5302512083719236e-77,4.176629391850119e-75
229,Ica1l,13.687712844451442,-1.629334542992524,0.2662129369113581,-6.120418345916257,9.332999954020151e-10,7.9876944241462e-09
236,Gm11588,85.71555710806855,-0.6568511108046718,0.099323629643526,-6.613241110520428,3.7599528976205857e-11,3.7746469664158846e-10
237,Pard3b,1965.9459515933495,-0.7284134820425842,0.0475931363275342,-15.305011147608942,7.0789863576869005e-53,8.896095949357897e-51
239,Nrp2,142.43057137248576,-0.5616513639156243,0.0798208402318233,-7.036400046459327,1.9727004377699094e-12,2.2405156857584378e-11
245,Gpr1,40.24075788541578,-0.514920713501941,0.1483621093210604,-3.4707022962826426,0.0005190991656605,0.0018506502294408
247,Gm11608,156.05343412435235,-0.5181972446728412,0.0768777235690424,-6.740538359040482,1.5780083548317958e-11,1.6378282793940468e-10
252,Klf7,245.1683665397335,-0.6180293675747494,0.0622577618207368,-9.926944841902364,3.1784503302278786e-23,8.869196544476132e-22
260,D630023F18Rik,628.7595891515324,-0.8038263670004892,0.0485815941224371,-16.545903474773937,1.7137430610633852e-61,2.934868999083844e-59
298,Ttll4,10.03391001249493,-1.3425956340234937,0.303824204281608,-4.418988398893562,9.916396972162214e-06,4.907071453533415e-05
299,Cyp27a1,19.280589485572957,-0.7053153432460277,0.2258638415708017,-3.12274571414713,0.001791724761973,0.0056190032571175
304,Retreg2,65.08970910575138,1.5285181458618369,0.139316641587179,10.9715402872768,5.2372518157325665e-28,1.898014828158018e-26
326,Sgpp2,218.22860309273383,-0.5469499102162874,0.0685855731429629,-7.974707874441758,1.5274166165606113e-15,2.3404310050948036e-14
342,Mff,65.79919785809678,-0.530690724591785,0.1159652713586786,-4.576290111462488,4.732940919715364e-06,2.4452828153087247e-05
357,A630001G21Rik,27.0559859656434,-0.698477631056197,0.1821323476291027,-3.8350004277032017,0.0001255640759524,0.000509726534682
361,Psmd1,71.24210191718556,-0.6600967284637126,0.1227427191989792,-5.377889073759431,7.536422313691868e-08,5.092697291124548e-07
372,Gm29055,47.63134423428679,1.188469183774209,0.1602169875819207,7.417872484754661,1.190166011338075e-13,1.527540035712968e-12
376,Gigyf2,39.14913526462402,0.6987162365709811,0.1626603346686744,4.295553909895783,1.742576822214605e-05,8.249141444564964e-05
377,Kcnj13,71.29503460829997,-0.9602287331415228,0.1113336290282888,-8.624786073375343,6.421257316794389e-18,1.2245253581852011e-16
386,Hjurp,31.63052815655585,0.5645900131967699,0.1738737074955312,3.2471270172419877,0.001165763509029,0.0038327794044267
401,Scly,13.469238348896198,-1.2422448228638627,0.2573115123035474,-4.827785635173607,1.3805958687299296e-06,7.786970821754734e-06
410,Ndufa10,21.37158614087971,-1.2029265317576598,0.2040291775890654,-5.895855416231059,3.727452548259452e-09,2.999131327176237e-08
431,Bok,34.6396713330217,0.7951311643894686,0.1655721202805579,4.802325192442654,1.5683371744503704e-06,8.772242639545012e-06
435,Dtymk,146.93837036809484,-0.6076908523192195,0.0784806230639057,-7.743196073053404,9.694835855282436e-15,1.3734743935123571e-13
443,Ppip5k2,301.069113133463,-0.8205774614144558,0.0578288759198697,-14.189752928130313,1.0603164263847336e-45,1.0232932229883165e-43
448,Cdh20,97.9728340734108,-0.6584833105382097,0.0922817425466065,-7.135575167597699,9.638326987818149e-13,1.1276778018969016e-11
449,Rnf152,11.200132546318068,-0.8206780195099102,0.2746259897529728,-2.988347971902125,0.0028049000600994,0.0083610911689107
457,Bcl2,92.92497797571411,-0.5409872426206213,0.0957572433053901,-5.649569932744393,1.6084974013076762e-08,1.1785751932064805e-07
459,Vps4b,102.13409246267923,-0.5231424118739353,0.0974707530335614,-5.367173183670854,7.998025231270534e-08,5.375509993837386e-07
460,Serpinb8,488.341910665465,-0.6452990787344927,0.0456104023361754,-14.148068109074323,1.9195854273769372e-45,1.822354252468497e-43
461,Dsel,4886.268409415986,-0.9527011806956897,0.0483660552603093,-19.697723446086066,2.2553567832621884e-86,7.5762639019276745e-84
465,Nifk,80.53085328328538,-0.7845825276396375,0.1135520511725606,-6.9094527094657066,4.865270212081415e-12,5.2852325910844615e-11
470,Gm29456,121.79930545466075,-0.6215997535845298,0.0856585643395665,-7.256714589803212,3.9660532084801497e-13,4.824444111819726e-12
471,Inhbb,66.93485503246707,-0.7261355962614456,0.1107993875751777,-6.553606587119087,5.6163811851425954e-11,5.542765341359937e-10
472,Ralb,15.207636466423702,0.9766797978396214,0.2542412307223702,3.841547632005249,0.0001222610043521,0.0004973579934848
474,Epb41l5,157.85177439001012,-0.781673338940778,0.0749295458465243,-10.432110993196902,1.7691351332451722e-25,5.6807449462365205e-24
483,Ccdc93,2554.016015229056,-0.5014736902297044,0.0268518822608629,-18.675550762436128,7.827832382751164e-78,2.1704218422523386e-75
490,Nckap5,79.21692622097491,-0.6273087710084171,0.1107643984433455,-5.663451251705904,1.4835833171226444e-08,1.0930085779628154e-07
500,Ubxn4,80.9006631181695,-0.6299449778655848,0.1048513101408058,-6.00798384893451,1.878445486187845e-09,1.558057253216015e-08
508,Cd55,25.52470043263397,-0.6168466299839682,0.180030152841438,-3.4263517541267503,0.000611747594187,0.0021423430182958
511,Pfkfb2,79.95769603905099,-0.6124033604975659,0.1069824817549711,-5.724333091283048,1.038408391268033e-08,7.818820858888405e-08
513,AA986860,116.42692653464054,-0.5835771337242196,0.0881832198435745,-6.617779831122169,3.6463354425421225e-11,3.67113472681993e-10
522,Gm29488,318.9032166923891,-0.569499133834519,0.0515750663425818,-11.042140596614686,2.39264173244961e-28,8.873602076948999e-27
527,Nucks1,76.12109901110338,0.7961854879804158,0.1512633898907655,5.263570309745004,1.412844405221274e-07,9.195069325784356e-07
533,Gm29695,15.228436424751814,-1.0447826836768648,0.2741362868044565,-3.811179818095793,0.000138305111444,0.0005561495595543
542,Pik3c2b,32.77134649465695,0.9007202867378488,0.1720287881966621,5.235869508701948,1.642099436800739e-07,1.0592390310943616e-06
548,Snrpe,129.53195581045108,-1.2056138332495954,0.115348031466292,-10.451967128731706,1.4351711079762244e-25,4.651125958094376e-24
549,Zc3h11a,19.030436079261985,-0.6255537997175066,0.2056112160357001,-3.0424108751386987,0.0023469130501347,0.0071309579335107
561,Kdm5b,104.97552894208212,-0.503496781030445,0.0930046812558686,-5.413671379027216,6.174544056229223e-08,4.209872582912259e-07
569,Elf3,78.99377248721498,0.509027840345109,0.1090704564718296,4.6669635097436215,3.056835919245976e-06,1.630934937000266e-05
579,Lad1,1044.049569816406,-0.8035957360236097,0.0372699877085503,-21.561470379536825,4.1326681972327017e-103,2.062555659121738e-100
586,Gm26781,273.2269448024998,-0.9068592167799052,0.06108742508954,-14.845268325693208,7.465549696155709e-50,8.468066369639476e-48
590,Kif14,121.08000106215344,0.6048274149599817,0.0875226579158061,6.91052385019894,4.828672447160339e-12,5.248739907093765e-11
593,Gm19705,11.63888350536844,-1.1980171120916134,0.3407037980618126,-3.516301018382724,0.0004376045365292,0.0015836080472534
597,Gm26936,239.72755229339936,0.5819618872869131,0.0842684960859833,6.906043353296683,4.983577387479878e-12,5.403670378926041e-11
602,2310009B15Rik,20.321640010200728,-1.0628062663008002,0.2159076669823152,-4.922503592185328,8.544399570505945e-07,4.981761405126764e-06
610,Cdc73,185.88251319397824,0.5150270252410759,0.0810073384346445,6.357782334209037,2.0468722901531028e-10,1.8907861007083237e-09
611,B3galt2,159.77256651296912,0.534339661277199,0.0771326020588545,6.927546160953855,4.282028440640507e-12,4.689559423266983e-11
614,Uchl5,281.69056996039853,-0.8511494083317014,0.0660952872542815,-12.877611153381666,6.016920503300778e-38,3.9217749011812686e-36
618,A230059L01Rik,43.18546514852636,0.9622318201703242,0.1623705945033174,5.926145821623289,3.101272188020952e-09,2.5196754688534883e-08
622,Odr4,276.2219040827136,-0.5310985095397147,0.0586811326543633,-9.05058381657232,1.4220596679431003e-19,3.1081892403056013e-18
627,Gm10138,646.444111094894,-0.6625927081737708,0.0406647045890669,-16.294049467948557,1.0878175211809478e-59,1.7118915729719632e-57
628,Ivns1abp,49.45110641703466,-0.9806024800733044,0.1345987385598746,-7.2853764497733025,3.20773325248264e-13,3.945963693969489e-12
630,Trmt1l,328.0345907246177,-0.7094186165239823,0.0554450828811736,-12.794978015351925,1.74901960690732e-37,1.1150319158196009e-35
635,Tsen15,17.882319606003556,-0.725373433632403,0.2362370107765183,-3.0705325607028224,0.0021367738633998,0.006559783101207
636,Rgl1,88.9657366433418,0.7426960265094409,0.11810666374449,6.288349894601858,3.2085809850907036e-10,2.908536203817562e-09
638,Arpc5,17.800085159336057,-0.8050591560508495,0.2351092401048025,-3.4241919019940923,0.0006166306061092,0.0021585778411856
643,Gm28960,1491.050862977448,0.5159308650570024,0.0418087500449914,12.340260459874932,5.497774496532453e-35,3.0010976532946535e-33
648,Dhx9,70.88180218641472,-0.7150222189178688,0.1084916309322892,-6.590574892953003,4.381267185931823e-11,4.370758149849063e-10
668,Ralgps2,161.71154715589614,0.7888526855022803,0.0854783277838327,9.22868645134496,2.7397091583488766e-20,6.288730562160076e-19
673,Cop1,589.1372107263087,-0.5249986894599538,0.0487294205072868,-10.773751955072964,4.579503872593229e-27,1.587197889810685e-25
676,Cacybp,295.6046024285395,0.7561888072365219,0.0730622290518818,10.349927959350222,4.188008174739317e-25,1.3110416988592545e-23
680,Rc3h1,81.48468568824107,-0.9161927546154034,0.1082004151554346,-8.467553043112193,2.5060181314099678e-17,4.526900177814822e-16
691,Suco,468.7958450373987,-0.6795067338381076,0.0480528126601451,-14.140831643798622,2.127551271051663e-45,2.008868410958403e-43
693,Pigc,414.7348002561272,-0.506745053832221,0.0489179244542775,-10.359087379225658,3.805757908508228e-25,1.1999815730292733e-23
697,Prrc2c,103.42227062414646,0.5832364974108455,0.0979089162273405,5.956929357246628,2.570212740978624e-09,2.102879445405836e-08
699,Kifap3,63.62183936713557,-0.6761802034641774,0.1255437852110981,-5.386010962846153,7.203857081631497e-08,4.878361400093466e-07
700,Scyl3,122.49562996852087,-0.937636501107663,0.087368857067693,-10.731930490760403,7.20744874654321e-27,2.4637908944152016e-25
708,Atp1b1,25.395913355689142,-0.7108664390359599,0.1933146630317313,-3.6772504883360857,0.0002357615008388,0.0009043218921066
719,Cd247,386.1264739828815,0.8143550841120284,0.0540051950279863,15.079199023168348,2.2194513132442863e-51,2.6554366808048766e-49
729,Uck2,69.32383442946299,-0.6536035803418219,0.1192008541992357,-5.483212219682337,4.176714699652548e-08,2.897492151450783e-07
731,Tmco1,113.36832856044693,-0.5163116017010925,0.086667578598756,-5.9573788728015,2.56315554799008e-09,2.09808814959188e-08
733,Mgst3,67.25096043995607,-0.6103723061736414,0.1248194137803252,-4.89004304448874,1.0081392986601448e-06,5.810022193663943e-06
738,3110045C21Rik,88.4816396451188,-0.6578949677630812,0.1015671365189474,-6.477439359928694,9.329224625794614e-11,8.998503355239111e-10
753,Fcer1g,520.736320616267,-0.7261121213774083,0.0584398892456431,-12.424940066626526,1.9136979245936487e-35,1.092433834862806e-33
756,B4galt3,83.46734122176115,-0.6622659914038379,0.1070402789238672,-6.187072736188189,6.129168893398922e-10,5.3936686261910524e-09
759,Ufc1,315.2549426207525,-0.89550834029384,0.0550861817322422,-16.256496858806504,2.009011132982756e-59,3.1333398634770346e-57
763,Pfdn2,179.96491999030437,-0.7352065615388107,0.072228575757798,-10.17888770234315,2.4636121008098304e-24,7.445393802239813e-23
765,Usf1,95.9079079157802,0.5176357368514671,0.1051121129752745,4.9246059488237135,8.453051997562748e-07,4.9383917154992e-06
766,Tstd1,421.8997971466421,-0.8315811721796901,0.0511974162077442,-16.24263944893968,2.5185063298017763e-59,3.8932096078741084e-57
773,Copa,109.7645200922084,-0.6985616411353823,0.0879188307995091,-7.945529243085462,1.933634306663959e-15,2.9320072976394134e-14
778,Casq1,646.1378932854341,-0.8585412252259436,0.0396417337523383,-21.65750949717989,5.164077711537813e-104,2.6531208666218383e-101
788,Olfr420,302.59434281768324,-0.5505285988912578,0.0532990307758947,-10.329054597747811,5.207124955142195e-25,1.618470795665905e-23
790,Fmn2,321.6360487647254,-0.5825219478803679,0.057365989257921,-10.15448274170454,3.1648393467795154e-24,9.466337963963112e-23
791,Rgs7,23.58939640415599,-0.6540892832748648,0.1885955273432554,-3.468212064670984,0.0005239336570867,0.0018643457164374
793,Kmo,70.70127188959036,-0.5859844678370164,0.1141377731429276,-5.134009992495864,2.836330269964791e-07,1.7631678703112088e-06
800,Gm36992,64.07842506958995,0.7824917730965468,0.124387626451868,6.290752508243519,3.1593068718879886e-10,2.865356824410145e-09
805,Adss,613.3048060128382,-0.5727260763646179,0.0415934051009407,-13.769636676167774,3.8816031027421254e-43,3.2755479709516635e-41
820,Cdc42bpa,213.0002178574516,-0.8217018542357487,0.155811748946083,-5.273683530245782,1.3371240479337797e-07,8.725021617223482e-07
827,Gm37768,38.21656436323128,0.5109172913111154,0.1524758247948206,3.3508085101269804,0.0008057599982579,0.0027511758501894
830,Lefty2,38.384821795566026,-0.9023196458915584,0.1569917739399741,-5.747560036085462,9.054045652936418e-09,6.912415623491843e-08
835,Cnih4,64.86724557070734,1.060353479608982,0.1380011931535897,7.683654433544293,1.5461337825227346e-14,2.152021108614114e-13
837,Cnih3,1574.3243789368407,-0.5553793751026421,0.0308497441848618,-18.002722219497993,1.8547439709535104e-72,4.3198223579487886e-70
845,Capn2,206.1434784840505,-0.6639753664685905,0.0841650532998785,-7.888967456633797,3.0469695852891293e-15,4.5452147494304455e-14
851,Mia3,12.089662439112256,0.9541646177151552,0.2976293120567126,3.205882549408779,0.0013464893530149,0.0043571805524548
856,Mark1,611.6433162759861,0.7101452019092651,0.048705153631227,14.580494033263022,3.7380181900325615e-48,3.9814452282615116e-46
870,Ush2a,247.90389017203933,-0.7689350204946275,0.0693103437696324,-11.094087529710505,1.3402065996525815e-28,5.0454157074851924e-27
873,Cenpf,292.89628015134593,-0.5440339158361851,0.062970170688344,-8.639549645319407,5.6435037807452e-18,1.0797450607016116e-16
876,Gm37422,30.531498122438336,0.63994547519177,0.1857543597687498,3.445116852107558,0.0005708125716951,0.0020139272878956
880,Angel2,11.430244106028573,-0.9716265160983492,0.2907764180022731,-3.3414900794697653,0.0008332999432705,0.0028393283188937
888,D730003I15Rik,117.75425052464396,-0.9750842134654624,0.0866757404647318,-11.249793866626634,2.3213393276596626e-29,9.21571713080886e-28
889,Nenf,58.135585282847714,0.7402274080867985,0.1298118975595802,5.702307893211817,1.1819608467561805e-08,8.815752378794602e-08
892,Ints7,268.0043639799884,-0.8595825999975024,0.0757635754107529,-11.345591801037196,7.799676383241435e-30,3.205758754410856e-28
900,Gm26879,73.1742151985588,-0.8539324045195428,0.1089779883035234,-7.835824626723577,4.657756038316687e-15,6.83711617456436e-14
903,Hhat,77.40504036680018,0.8552916456282652,0.119922255090895,7.1320510524088885,9.888418105918532e-13,1.1546182317793109e-11
911,Mir205hg,261.1197594505754,-0.7892747125056602,0.0579223362967512,-13.62643088949313,2.7888988522949718e-42,2.2764712687798394e-40
912,Plxna2,56.34014175824695,-0.577588329693394,0.1204049798667754,-4.79704685248466,1.6102194817036943e-06,8.989234230233345e-06
918,Fam171a1,18.09133524854745,-1.2938989545671291,0.2303198465574497,-5.617835257824325,1.933647302756725e-08,1.4003711063248122e-07
930,Prpf18,170.20810459953077,-0.6989038817844497,0.0739280385249591,-9.453840460659457,3.2662187492825037e-21,7.968478926322175e-20
945,Echdc3,58.12366638041839,0.5401293139013758,0.1273525818342184,4.241212122456148,2.2231590252447367e-05,0.0001032330557549
949,Taf3,43.62151464632917,-0.6167055487471722,0.1400324917067845,-4.4040175335771234,1.0626434901723486e-05,5.2332270894645006e-05
952,Itih5,78.47944128467043,-0.5438197672460643,0.1037151339747793,-5.243398397174189,1.5764563550638354e-07,1.020664922544665e-06
955,Pfkfb3,108.15042786829147,-0.5342710228001152,0.0888547855200879,-6.012855916233454,1.8228304285422667e-09,1.5140847325618792e-08
959,Fbh1,221.6449231368773,-0.948721495873382,0.0666920186354343,-14.22541280478373,6.3727186850069935e-46,6.21891899383811e-44
962,Mindy3,22.60882087645712,-1.0391636896456833,0.26336043118552,-3.945785192437131,7.95388973332904e-05,0.0003347916767754
965,Gm13270,63.925900327830455,-0.6397208868977805,0.1179693091612829,-5.422773867592794,5.8681209235111026e-08,4.011911400856827e-07
966,Cubn,198.13200848337445,-0.5331802571910151,0.0708791624585235,-7.52238371189864,5.378645138521396e-14,7.037765788740957e-13
974,Cacnb2,19.04167660058258,1.5387085755710814,0.2767993669363925,5.558930978063511,2.7143200307618753e-08,1.936045010099977e-07
984,Dnajc1,173.77486988237771,-0.643922700429235,0.074624156294766,-8.628877462757968,6.195702556588399e-18,1.1840977271169164e-16
997,Apbb1ip,245.38694552030307,-0.5743466425894133,0.0693303368849172,-8.284203833349064,1.1890181371031962e-16,2.018442062091218e-15
999,Abi1,972.6052459580068,-0.5727886826130433,0.0350379567866424,-16.347662225310117,4.5199083234438775e-60,7.243464091185105e-58
1001,Mastl,196.8404147355141,0.5022122997113111,0.0777003890244277,6.463446399907,1.0234479804841423e-10,9.844487512718612e-10
1008,Arrdc1,780.4848346687419,-0.9461957901181712,0.0460304168651399,-20.555881405339814,6.818076127069168e-94,2.769724506689401e-91
1012,Pnpla7,325.6152372747552,-1.2099242886052513,0.0589163008945619,-20.536324756209,1.0199489331071152e-93,3.9592151030033526e-91
1015,Tor4a,308.3617249228555,-0.6527613967767861,0.060009646765249,-10.877607717477744,1.4738013943666556e-27,5.243251070630701e-26
1016,Tubb4b,32.495850635732154,1.1362738138894837,0.1797577149754947,6.321140731258097,2.596394279364055e-10,2.3745453021953564e-09
1019,Ndor1,22.382029077034595,-0.6168837619228005,0.1973478368458579,-3.125870401126457,0.0017727965939784,0.005565638192598
1023,Anapc2,71.17350732044424,0.5098748623611733,0.1175795459780582,4.336424827293704,1.4481892267317577e-05,6.959068933020605e-05
1028,Sapcd2,195.82001662475108,-0.9428833499126086,0.0731384055525956,-12.8917679130229,5.008238510806129e-38,3.276550947818782e-36
1039,Camsap1,479.41298598835874,-1.2773619363245703,0.0436641313099259,-29.25426197667636,3.9633668206412703e-188,6.923209162296171e-185
1050,Sec16a,512.6321244977536,-0.5135283257588513,0.0417092811616312,-12.312087656673656,7.797964330103914e-35,4.204161756736272e-33
1051,0610009E02Rik,97.27918042428284,0.5053810576002103,0.1031160768533285,4.901088879855855,9.530692283131938e-07,5.516306587201746e-06
1054,Agpat2,26.104169858137897,-0.5939025113042113,0.1818830955133972,-3.265298018091325,0.0010934896126429,0.0036189989681027
1056,Abo,30.711667675845664,1.149055865078067,0.2005690141442803,5.728979972207908,1.0103632133479041e-08,7.636964349096145e-08
1065,Brd3,48.85366908526113,-0.5140589986282565,0.1381394149759897,-3.721305745486225,0.0001981952970599,0.0007736481450376
1067,Gm13421,366.8759236203805,-0.5610745552486692,0.0525768142480558,-10.671520579423786,1.3834364650786973e-26,4.665225515829091e-25
1095,Zer1,37.2006875040865,0.5905638754999869,0.1775089091032365,3.3269534384695243,0.0008780104292712,0.002975186455579
1103,Gm14471,156.94372645776943,-0.6210992406406614,0.0745303931827781,-8.333502804922539,7.848499244972515e-17,1.3560591969453996e-15
1104,Sh3glb2,112.05752985809195,-0.7836235336865,0.0922328304320521,-8.4961453531863,1.9599054291980144e-17,3.5886402554749387e-16
1105,Miga2,117.88346746536502,-0.8100722226377082,0.0881147189311938,-9.193381451630907,3.806822227059179e-20,8.613674956252557e-19
1106,Dolpp1,337.91447962551507,0.5076032522062087,0.0631954034373376,8.032281219780964,9.567675164488596e-16,1.4908844761220945e-14
1109,Ier5l,10.157060685867645,1.3133249841123316,0.3275746165728982,4.009239170764823,6.0914695716017294e-05,0.0002618897132088
1114,Tor1a,47.85173008673462,-0.5663506535553652,0.1341297998078788,-4.222407357399915,2.417067580627408e-05,0.0001114019432675
1122,Fubp3,57.96965022529282,0.6214487020004892,0.146766908686231,4.234256260919601,2.293093410650134e-05,0.0001062205136495
1134,Golga2,92.8509972458662,0.5116010938631834,0.1009049787985141,5.070127360957504,3.975495757498789e-07,2.421337513667672e-06
1137,Ptges2,26.51628834381188,-0.7166820756426062,0.1827122740437205,-3.922462677417688,8.764847384077543e-05,0.0003659281885876
1139,Naif1,70.70108070375774,-0.6514878269548863,0.1123528128278725,-5.798589377134536,6.6875058134425275e-09,5.2127332239720694e-08
1172,Phf19,30.54725546494852,-0.7579659363867743,0.1732925229951642,-4.373910214279272,1.2204058929527105e-05,5.9414855457352136e-05
1180,Ndufa8,54.21266555635631,0.5805331843542177,0.1319138806644904,4.4008498683375485,1.0782771356119004e-05,5.299759427368789e-05
1190,Dennd1a,31.06321324929922,1.0485074394482925,0.1804714814902485,5.809823418028221,6.253876977106752e-09,4.892195388987942e-08
1196,Rpl35,728.7018830801161,-1.0869464540760774,0.0434382442202894,-25.022799000894665,3.4533281007691857e-138,3.351263070235341e-135
1203,Arhgap15,184.76697500613287,0.6722714068438461,0.0715503952154456,9.3957748915232,5.679818284267976e-21,1.36471892420348e-19
1205,Zeb2,10.018355584947198,1.091140857492676,0.3207290891507179,3.402063905029593,0.0006687899728185,0.0023228452687659
1209,Epc2,49.48817664269021,-0.903751984364994,0.1348698822445907,-6.700917723988308,2.0711463763532964e-11,2.1319260401967816e-10
1213,Mmadhc,1099.9927902417248,-0.8476060717718681,0.0514485131077549,-16.47484097347229,5.563466329052209e-61,9.16817262602679e-59
1255,Dpp4,46.81837300329305,-0.8269264981623449,0.1366025569856409,-6.053521371853002,1.417132610082983e-09,1.1889756211781725e-08
1259,Gca,45.21718439890464,0.6906918149737422,0.1463400218780564,4.719773894453073,2.3610693826337096e-06,1.2828354580356342e-05
1267,Galnt3,329.0905371935874,-0.9879696957061072,0.0621275661470592,-15.902275865233962,6.110397386415954e-57,8.82119186329867e-55
1270,Gm13630,143.2736724281313,-1.0779492304131657,0.0866659157066625,-12.437983509707465,1.6255599203461154e-35,9.371379765216485e-34
1278,Nostrin,16.884242195776242,-0.7105942708185956,0.2342335531939531,-3.0336997459548423,0.0024157472929829,0.0073133923247531
1279,Spc25,119.54564266280607,-0.5290898670507702,0.084750919430781,-6.242880556392028,4.295849519660169e-10,3.846227545331822e-09
1280,Lrp2,84.22225791953771,-0.6442199484722336,0.1020599428552355,-6.312172341562173,2.7514556813230206e-10,2.511098633299401e-09
1281,Bbs5,38.9045200499757,-0.7227945840244162,0.1504696269326999,-4.803591254650335,1.558448122413579e-06,8.728108945918691e-06
1283,Fastkd1,122.03173699944308,-0.5339521890226566,0.0839251658059995,-6.362241693474092,1.9883023880100406e-10,1.8396009594152223e-09
1301,Dync1i2,370.7441998402015,0.5389157552209894,0.0549385012566602,9.809436786476882,1.0253926304023596e-22,2.76412939318957e-21
1306,Platr26,1974.566672694036,-0.5971305210757877,0.0320752975052721,-18.616523228744427,2.360510376885043e-77,6.343599271296605e-75
1320,Cir1,141.15904080602485,0.8095920788454396,0.08763767972174,9.23794515573655,2.512762458264369e-20,5.790624620179684e-19
1323,Gm13708,74.65780483999153,-0.5487742853543528,0.1087782515764842,-5.044889740376994,4.537829696515736e-07,2.7494557453602804e-06
1330,Hoxd8,128.77288172186633,-0.6571583597575034,0.0868923360552359,-7.562903583806967,3.9416978341630294e-14,5.220134781437436e-13
1336,Ttc30a1,114.63720074874708,-0.6390557207829208,0.0845722933590779,-7.556324836428535,4.1461761748238373e-14,5.478472422225626e-13
1337,Pde11a,45.72042339397512,0.705857555037526,0.1502891017298687,4.6966649405240455,2.644437057512163e-06,1.4265913069988409e-05
1343,Plekha3,76.82383475438886,0.5101956143148036,0.1145146969737673,4.455285022774653,8.378181219384458e-06,4.188611034350536e-05
1348,Cwc22,57.99780706303965,-0.5790661102018484,0.1221911273197974,-4.739019296272813,2.147550554024685e-06,1.1719279311997251e-05
1355,Dnajc10,88.67491326630032,-0.5017841231730021,0.0963527958189264,-5.207779586551833,1.911137473883781e-07,1.222847963142926e-06
1387,Nup160,48.11840227070767,0.5409147939507385,0.1414242530411112,3.824766843870108,0.00013089590361,0.0005292800102456
1388,Fnbp4,133.1329818259148,-0.5315955786318227,0.0946972515771106,-5.613632600508491,1.9812264747243622e-08,1.4325941619993548e-07
1397,Gm13778,104.4256194725082,-0.765184616774307,0.0989166555693286,-7.735649900112173,1.0287620543211718e-14,1.452741759489267e-13
1399,Slc39a13,139.97063011749117,-0.9413303615533892,0.079069318627293,-11.905128030639974,1.1129236105009791e-32,5.40015267450864e-31
1411,Dgkz,48.34272518591494,-0.6953053188286875,0.1376570328351259,-5.050997428235039,4.395089892908118e-07,2.667596603520465e-06
1418,Slc35c1,72.13727545552119,1.1692893138288374,0.1388218381347551,8.422949368339305,3.6712315462644776e-17,6.51718217989308e-16
1428,Hsd17b12,22.87955410084117,-0.942781531276354,0.2050713304426621,-4.597334640787125,4.279300119232783e-06,2.226051652256053e-05
1432,Lrrc4c,65.7726474448751,0.6081004220604689,0.1193844919373338,5.093629936287428,3.5127210739532305e-07,2.1545018160047414e-06
1433,Gm10801,3972.3185307553167,-0.6876827868183173,0.0327846159110264,-20.975776830346486,1.0916906171796764e-97,4.767412925223646e-95
1440,Gm13919,37.32460081788635,1.939353258324124,0.1923757746547226,10.081067960895227,6.699395558639255e-24,1.9407137913484329e-22
1469,Pax6,715.5999625869493,0.5065463846907865,0.0410541589325463,12.338491345616472,5.61990458739828e-35,3.058208515036547e-33
1473,Gm14015,639.4466857599309,-0.5343421053436964,0.0426206375375516,-12.537168287848948,4.674003588179116e-36,2.7582937391321893e-34
1481,Lgr4,20.047231136927454,0.7345618694762366,0.2146384391739084,3.422322079415915,0.0006208871810142,0.0021704603494995
1497,Scg5,15.0120558451033,0.8228277957638579,0.2573062637970036,3.1978537312757016,0.0013845448795472,0.0044696414629333
1499,Actc1,77.17664459307433,-0.7270299119220228,0.1079218924799836,-6.736630494659512,1.6210171192837482e-11,1.67947372714404e-10
1500,Zfp770,233.30961420211884,-0.7389801419182136,0.0651179911827521,-11.34832522465693,7.559680358606117e-30,3.129206078296958e-28
1508,Rasgrp1,12.331788223162908,0.8445700747662777,0.2854266319047327,2.958974322508809,0.0030866481938011,0.0091231084008998
1517,Pak6,25.74228815015112,0.7905680642983399,0.1913404662395966,4.131734806731317,3.600356556565931e-05,0.0001606411962454
1529,Ppp1r14d,352.13361798515496,-0.6575603306618107,0.0510048372985626,-12.892117012602274,4.985615790648042e-38,3.2740126553022563e-36
1537,Oip5,65.6715230449462,-0.5025824955845877,0.1264185004882286,-3.975545459277024,7.021812868910645e-05,0.0002984355892801
1543,Tyro3,421.1972659051917,-0.689397930322513,0.0472920587648435,-14.57745651866197,3.9080786470090265e-48,4.137352594300222e-46
1551,Tmem87a,281.3542857283797,-0.7603575852728928,0.0926254613405734,-8.2089478882825,2.2313504147266853e-16,3.691025477693725e-15
1556,Stard9,786.9698669527226,-0.5792459267059745,0.0429317347006764,-13.492255338493171,1.7370439011817668e-41,1.3250079854079958e-39
1562,Zscan29,237.1404209002149,-0.6595732907885005,0.0690046391884846,-9.558390545118144,1.19602127800686e-21,3.014732999166498e-20
1577,Eif3j1,30.1186233380206,0.8762621473401477,0.183665535418164,4.770966666909505,1.8334388283731251e-06,1.0141389947441972e-05
1580,B2m,881.5784894365539,0.5105305625826553,0.0363288256537795,14.05304337244772,7.379336960733307e-45,6.856503086706883e-43
1587,Spata5l1,30.775256749486257,1.556971668654938,0.2136331762045234,7.288061228675263,3.144470725659926e-13,3.8790688302138116e-12
1600,Eid1,50.729771084591206,-0.6064580956503627,0.1296715832223118,-4.676877389633142,2.912762945422623e-06,1.5602619788605452e-05
1611,Usp50,82.24402420452635,-0.7670184465907902,0.1014398535010841,-7.561312641116865,3.9902186573489405e-14,5.28038935655843e-13
1613,Sppl2a,173.5339078156574,-0.8385670040506494,0.0842094062629515,-9.958115622287467,2.3242622491907706e-23,6.54842144659103e-22
1623,Gpat2,59.60597949921394,-0.543046455661311,0.1385028916698941,-3.9208311762587615,8.824407070631776e-05,0.0003680629004531
1632,Acoxl,30.74818399009633,-0.5897297250592194,0.1732069709185537,-3.4047689993754653,0.0006622004418709,0.002301953695244
1642,Gm14022,79.08432405235483,0.750049784376645,0.1320275358750148,5.681010248397629,1.3390145277830556e-08,9.923591757027755e-08
1651,Gm14023,149.6587495696347,0.5884421235021869,0.0848174066359411,6.9377518936406135,3.983885714666574e-12,4.382274286133232e-11
1661,Pced1a,149.9712915086263,-0.5236711343859949,0.0912977201362207,-5.735862117965828,9.701756637994593e-09,7.361871631298416e-08
1664,4930473A02Rik,37.28833335376458,-1.008542990108677,0.1542174497572794,-6.539746258909147,6.162329486973976e-11,6.050790976866858e-10
1674,Gfra4,95.16430096592669,-0.636127309614753,0.0987246983507362,-6.443446475316672,1.1679047020172794e-10,1.1148065210293899e-09
1680,Cdc25b,124.55953182117472,0.6509596222783901,0.0909101043920011,7.160476017841482,8.039739490223048e-13,9.464501908709057e-12
1686,Gm14280,41.2062775981455,-0.5652336991682434,0.1432115041112713,-3.946845630006599,7.918757685513718e-05,0.0003333932495795
1695,Gpcpd1,243.86298391762952,-0.6251112287888096,0.0635918718501302,-9.830049196570856,8.357793652294764e-23,2.274048902153971e-21
1702,Bmp2,117.63909391787864,-0.654354104117061,0.0883859601855645,-7.403371561990812,1.3276957403290346e-13,1.6990614792723498e-12
1724,Flrt3,58.23906705130105,-0.7093211816452512,0.1213906368109659,-5.843294015747137,5.117857150022318e-09,4.043361768276339e-08
1726,Snrpb2,1214.4402276166288,-0.5883582172511694,0.0342860956949894,-17.160257104956727,5.267991823896004e-66,1.0339469795484874e-63
1727,Pcsk2os1,410.5199597973328,0.7066797135392311,0.0509254370121863,13.876753053098485,8.762425723495147e-44,7.769647336954985e-42
1728,Pcsk2,12.107880381070782,2.007565145141186,0.3477092522298593,5.773689173545631,7.755444404266429e-09,5.986394293138577e-08
1729,Bfsp1,608.6665487059411,-0.6238801905701186,0.0490694808283372,-12.714220326737834,4.930022117813279e-37,3.075629512641513e-35
1730,Dstn,28.919346797824165,1.5867411202624773,0.2055790253232432,7.718399859944644,1.1779915609087167e-14,1.6567758925888462e-13
1731,Rrbp1,20.014922209793827,-0.8493492732589126,0.2099147360500094,-4.04616316720407,5.206394963438621e-05,0.0002263447168276
1735,Ovol2,18.931477626799783,0.8225066938225496,0.2450146530553711,3.356969403934672,0.0007880183225404,0.0026953405244051
1763,3300002I08Rik,54.10599758840503,0.5372754874532101,0.1295187151834651,4.148245963466758,3.350323394526743e-05,0.0001503685741407
1776,Nsfl1c,52.74282030521357,-0.6100954144992925,0.130152257186902,-4.687551546825495,2.764930726540653e-06,1.4870015372910135e-05
1787,Trib3,139.05291783472032,-0.6527043076854233,0.0790853822359236,-8.253159929584813,1.5426039698223092e-16,2.581054228434492e-15
1788,Gm14164,29.60645327825253,-0.6350664294486519,0.1792334165835828,-3.5432367554768893,0.0003952476916944,0.0014410742388892
1795,Id1,48.47639811027644,-0.853748580560382,0.1414858702280066,-6.034161426752745,1.597902711975845e-09,1.3348715721087548e-08
1798,Tpx2,23.898933457918908,-0.7957401248692667,0.1878751661891087,-4.235472633292587,2.280714804426008e-05,0.0001057312266552
1803,Pofut1,119.2753792529405,-0.834344062000662,0.0998601292251555,-8.355127000881996,6.536235175092072e-17,1.1360692143135158e-15
1814,Cbfa2t2,84.68481052754792,-0.623799819030007,0.1028451444417821,-6.06542800261342,1.3160271466506735e-09,1.10840704906914e-08
1815,E2f1,22.577883000933664,-0.5855633477185602,0.1882783538027788,-3.110093836554023,0.0018702791757238,0.0058422812306052
1819,Raly,18.239770185898188,0.6769007347105334,0.2244074086756613,3.0163920999990954,0.0025580224070518,0.0076947710360568
1827,Pigu,23.47712314115721,-0.8523126628823962,0.2176101776189749,-3.9166948541108906,8.977126063575353e-05,0.000373540824389
1832,Gss,301.4985670377204,-0.5242488465275406,0.0606358494778127,-8.645856387636963,5.3403245931086745e-18,1.0251075823343111e-16
1834,Trpc4ap,133.15360864251736,-0.7226581688370171,0.0802271645431336,-9.007649378515476,2.1052018923196785e-19,4.551196368198037e-18
1840,6430550D23Rik,93.66560692908118,-0.5764129798449348,0.0948056501190394,-6.079943327440735,1.202250326611158e-09,1.0155178290736804e-08
1841,Ergic3,81.11678171870743,-0.7476749328352634,0.1142911146901648,-6.541846536908467,6.076383992778218e-11,5.969756782106295e-10
1842,Fer1l4,282.264426732287,-0.6098859667623465,0.0697957023864419,-8.738159312238963,2.369392164480679e-18,4.740955593258706e-17
1844,Cpne1,65.02577100147931,-0.8228420635745459,0.1203360168987526,-6.837870196974044,8.037917432523068e-12,8.556145137800911e-11
1849,Scand1,92.17771076406268,-0.6258942369590665,0.098251737478662,-6.370312149390704,1.8864386613139782e-10,1.7499899381748574e-09
1852,Epb41l1,29.83165738163517,-0.5177561944175357,0.1718573634950024,-3.0127088178714656,0.0025892722859355,0.0077753839248276
1854,Dlgap4,164.61457936762412,-0.6111275060440448,0.0748885774607518,-8.160490247852934,3.3366750378759614e-16,5.391770542240267e-15
1855,4930405A21Rik,28.663243840513875,-0.5592647050967983,0.1819015940362329,-3.0745453774605105,0.0021082364733435,0.0064858532434597
1856,Myl9,113.10062187437424,1.0817453287472043,0.2149527247277919,5.032480188921011,4.841746548051633e-07,2.923011631043575e-06
1859,5430405H02Rik,587.1234156657675,0.5669199533356835,0.0449333088979673,12.616919769319036,1.7035508473262305e-36,1.0225988385255874e-34
1862,Dsn1,22.43751700376001,0.8024965544589524,0.2314878610363389,3.4666895744177992,0.0005269100279187,0.001873410211212
1867,Rpn2,26.4308396480131,-0.6527757018294684,0.1805958607560713,-3.614566242529582,0.0003008508887899,0.0011279809670277
1879,Snhg17,11.208841170824586,1.441784208265442,0.3271276988742086,4.407404855129237,1.0461653138819293e-05,5.160806467915713e-05
1892,Lpin3,59.48395201204842,-0.5957409469044443,0.1181885312717501,-5.040598613876174,4.640779127818654e-07,2.8098831821399046e-06
1896,Ptprt,128.73876836367435,-0.6063561307320451,0.0956986953951342,-6.336096100667167,2.356598331607514e-10,2.160895520027299e-09
1901,Ift52,26.61277238033708,-0.6936127682056841,0.1965356378048913,-3.529195905397375,0.0004168244429587,0.0015137399936804
1909,Gdap1l1,59.65676623108807,0.8267114359010796,0.1470342033506226,5.62257908066245,1.8812739946083846e-08,1.3652718794274725e-07
1912,Hnf4aos,158.21016954092144,0.526379948615034,0.0802126805076809,6.562303432368514,5.298286071023803e-11,5.252580084486025e-10
1922,Stk4,91.86273609886472,0.5483200327793524,0.1037481107997226,5.285108601522778,1.256302047503485e-07,8.21605547202953e-07
1932,Dnttip1,19.45798466692722,4.35968438621907,0.4997982118145476,8.722889124374761,2.7119179377530963e-18,5.3825059082469915e-17
1955,Gm11465,70.10118326432325,0.5607173176265031,0.1148153276817229,4.8836451451922445,1.0414242481612217e-06,5.991962703188477e-06
1958,Prex1,360.6619954376336,-0.70478085144641,0.0526360628073566,-13.38969546460656,6.946498374117624e-41,5.207786849746208e-39
1966,Kcnb1,72.57557380819819,-1.0287916000330912,0.108778936107142,-9.45763616422743,3.1498312722685704e-21,7.69528009286537e-20
1970,Spata2,280.2734880703128,-0.7431665688035262,0.0681840885376564,-10.899413407764383,1.1600270957458e-27,4.135378226221966e-26
1986,Sall4,149.7299090357735,0.5476964042486503,0.0831204681887563,6.589188152849416,4.422380605170998e-11,4.4067395556832284e-10
2007,Zbp1,359.0724962843472,0.7882755839505099,0.066495458012645,11.854577854033408,2.037484493064733e-32,9.645197594811591e-31
2008,Pmepa1,39.05562929712336,0.5530377828488873,0.1530324973758031,3.613858444006098,0.000301673808163,0.0011308236225305
2009,Rab22a,1315.0620287394877,-0.6186403827449886,0.0411268206320519,-15.042261308739583,3.8806411363529025e-51,4.611363222436224e-49
2041,Gm14406,46.99958727401363,-0.9225206612009084,0.137520005992833,-6.708265132339988,1.9695184800858678e-11,2.0321056591931447e-10
2042,Gm14322,19.78552571015133,-0.6806099179578492,0.2209976626334784,-3.079715458740535,0.0020719844221939,0.0063889539076581
2064,B230312C02Rik,64.7532098928752,0.7664828867627347,0.135726021404433,5.647280299175559,1.630059450505213e-08,1.1929200831241276e-07
2067,Ogfr,24.389430270387283,1.075301389461341,0.2062700582133106,5.213075512633717,1.8573524483744093e-07,1.1901772768967053e-06
2074,Nkain4,181.0934452865801,-0.5304329767920032,0.0714864367351901,-7.420050586056,1.1707560978259633e-13,1.5048394052114737e-12
2075,Arfgap1,204.32018949770057,0.6343332713576895,0.0738060547150031,8.594596660221479,8.355776778430291e-18,1.5728309134226327e-16
2076,Col20a1,121.93461394616904,1.05933411355801,0.1015987267741249,10.42664752987633,1.87383281891164e-25,6.00589205151349e-24
2085,Dnajc5,243.6436731940482,0.8452498546671398,0.0904559577912237,9.344324854953312,9.247757262155392e-21,2.188886502104748e-19
2093,Pcmtd2,612.5132238907446,-0.6243953712728835,0.0542463206259819,-11.510372760172457,1.1697170290096331e-30,5.133823382598059e-29
2095,Zfhx4,59.77078491919334,-0.9574916628278524,0.1359641451043557,-7.042236481485282,1.891783915614559e-12,2.1528131229938183e-11
2097,Gm8797,36.87010438807575,0.8461255959935188,0.1628390612705345,5.196084952785367,2.0352927751933278e-07,1.294701172508268e-06
2111,Gm9833,155.134890004749,-0.5787510915358559,0.0790424176511344,-7.322031748703091,2.442443458112013e-13,3.0474715947357602e-12
2113,Zfand1,55.53935878862683,0.5245966298315653,0.1336643883291725,3.924729962775514,8.682708100031048e-05,0.0003632803475241
2117,Lrrcc1,98.33136463186489,-0.6981651647383679,0.1018699309751604,-6.853496002746928,7.206666660756541e-12,7.704164824363233e-11
2120,Car13,274.63765554969723,-0.535190956130579,0.0623036478642971,-8.590042067781841,8.693748860211969e-18,1.6329290869912114e-16
2125,Bhlhe22,39.37420968562103,0.5568742501876989,0.1617758541355668,3.4422581365018954,0.0005768794748107,0.0020320489344614
2132,Hltf,216.16272849903535,-0.6976071826674932,0.0690904430451393,-10.09701417331657,5.694976090535323e-24,1.6607653146823212e-22
2137,Naaladl2,179.56344771701217,0.5189432002326788,0.0721208985906593,7.195462208230018,6.224952723480148e-13,7.41157975622199e-12
2139,Ect2,244.5610186441808,-0.9764747605557011,0.0651528271781482,-14.987450320240349,8.86932093945855e-51,1.0468195822328511e-48
2152,Lrrc34,38.837045001241925,0.5409863300881104,0.1574119844841069,3.4367543987270617,0.0005887291845152,0.0020691994758777
2153,Lrriq4,419.4951921549206,0.7714474415654526,0.0530084222393778,14.553299437619836,5.565273464250915e-48,5.85627692009247e-46
2156,Gpr160,88.77123098925817,0.6832405506150208,0.1058198223409146,6.456640499866439,1.0705279385275302e-10,1.0269073053376659e-09
2168,Actl6a,49.528366516615634,-0.8196490790091264,0.1315202639044902,-6.232112487276895,4.6018682983086765e-10,4.1096848381828205e-09
2176,Gm43140,32.35089580523641,-0.5667279172506214,0.167973420765254,-3.37391424588914,0.000741074501015,0.0025492845605604
2181,Gm38509,548.5747826718053,0.6486802468957785,0.0454155105709275,14.283231405770575,2.783875352719111e-46,2.747386139056352e-44
2190,Exosc9,144.0326413438597,0.6387647800334593,0.0847478929016418,7.537234946652982,4.8004100596949416e-14,6.309523169507241e-13
2197,Cetn4,16.285172294934902,-0.995345136637562,0.2259423083530094,-4.405306575351293,1.0563437360091196e-05,5.208075749536354e-05
2198,Bbs12,101.20328640478952,0.9046583076249404,0.0983630738332928,9.197133358786331,3.676260721240812e-20,8.329043097099157e-19
2214,Platr4,419.7203382125258,1.0694571393912622,0.1267502579077637,8.437514503280198,3.2415690906948044e-17,5.807561936026344e-16
2217,Gm31266,117.17439943564612,-0.6479587354964166,0.110727715122182,-5.851820700729074,4.862206423238402e-09,3.851837723407184e-08
2230,Rab33b,230.0582049059619,-0.5477798226800241,0.0627251182481825,-8.733021761914271,2.4795736091066197e-18,4.944428288113519e-17
2245,Exosc8,13.280999132493896,-1.6894697014718674,0.2666232757034419,-6.336542438069134,2.3497848117389456e-10,2.1557794690890703e-09
2251,Nbea,91.80341837294978,-0.7000656052789247,0.0970196635522317,-7.215708441433998,5.365390504340894e-13,6.441418648098057e-12
2254,Commd2,152.42692092398707,0.5423087547626665,0.0802942114746912,6.754020555187876,1.4380336332996808e-11,1.4978873885795363e-10
2261,Siah2,90.07899711620664,-0.5382741895719142,0.1014629515181866,-5.305130409846512,1.1259247317104749e-07,7.40777898814259e-07
2262,Med12l,37.50071976228408,-0.5081641503623067,0.1572991038228908,-3.2305597299172693,0.0012354808697365,0.0040361660431192
2268,Gm8298,135.7911076724457,-0.6723689022894757,0.0790467269438333,-8.505967650845651,1.8008717581149384e-17,3.3148185322183083e-16
2280,Vmn2r2,178.30921270522478,-0.600121081104093,0.0725382096618202,-8.273171944853782,1.3044137151215027e-16,2.2014974662553053e-15
2281,Vmn2r3,65.10272612381414,-0.6493333584383898,0.1161413981924432,-5.590886355289623,2.2591341046475252e-08,1.625311142503417e-07
2282,Kcnab1,57.30356514871501,-0.7688548664496407,0.1199807239571623,-6.408153252385366,1.472928165937371e-10,1.3855201509205164e-09
2283,A330015K06Rik,86.6470499577276,-0.5473984960136388,0.1019460854614801,-5.369490094060265,7.895957370822808e-08,5.313042502062127e-07
2293,Rsrc1,14.277786316041954,-1.0824405763199048,0.2463583767250857,-4.393764038832798,1.1140473374353017e-05,5.464807326683473e-05
2297,Mfsd1,1303.307818723728,-0.6842471989003853,0.0331801693152831,-20.622173214324537,1.7358352708728848e-94,7.39550500283111e-92
2306,Nmd3,61.4182830290404,-0.5338874482264989,0.1384994045958896,-3.854799591263684,0.0001158244696803,0.0004733789977484
2309,Bche,51.77419416617196,0.5111524101870005,0.162793568164314,3.1398808684571256,0.0016901655152247,0.0053407762698887
2311,Pdcd10,17.776482151863434,1.5979395727897947,0.2586014091060874,6.179160346857443,6.444341804593275e-10,5.653930820825482e-09
2325,Gask1b,175.85202426090555,-0.5996597513453519,0.09654191439222,-6.211392793694963,5.251701482980719e-10,4.670912500239674e-09
2340,Fhdc1,152.3972515794412,0.5112246862377755,0.0784783424905942,6.514213603568996,7.307145400962352e-11,7.087241302832337e-10
2341,Arfip1,338.0797753478636,-0.5277472288442705,0.0647140000517788,-8.1550704395032,3.489764236470009e-16,5.628735150753289e-15
2348,Prss48,54.12816740497539,0.5666031695119407,0.1370802235154473,4.133369168661233,3.5748382676493816e-05,0.0001596657500876
2350,Lrba,31.942041348881123,0.5733510815552755,0.1721557153899143,3.330421416777808,0.0008671463617452,0.0029412257566925
2352,Gm37876,162.02656169234157,-0.8554096230310281,0.0777924290164886,-10.99605236455232,3.992290493535433e-28,1.4589399652944974e-26
2377,Bglap3,187.50418231345165,-0.5801846334407902,0.0685449125760269,-8.464298977656082,2.5769798052649385e-17,4.6454781463744e-16
2378,Pmf1,44.16988979424322,0.729552757247034,0.1521761474673321,4.794133439366035,1.6337950243980075e-06,9.106295943262411e-06
2379,Slc25a44,443.81110008465777,-0.8904796620573072,0.0485052956631729,-18.358400869070337,2.82813281372949e-75,7.159684636264743e-73
2380,Sema4a,67.1944062115995,0.6491111077319837,0.1186192065897398,5.472226011231218,4.4441753918162585e-08,3.075707438361585e-07
2392,Gon4l,11.786909098686952,1.3575638359096245,0.3185191071560149,4.262111143130486,2.0250467654034205e-05,9.475895231199292e-05
2393,Gm43713,122.01532766385807,-0.8385605763709294,0.0883458280841542,-9.491795985795214,2.2708747081050557e-21,5.586991464954803e-20
2401,Clk2,128.66357085056714,-0.7364796802158865,0.0843043615888252,-8.735961773933996,2.4159166988746422e-18,4.828516349650143e-17
2437,Tpm3,168.40687007145965,-0.5268713407768431,0.0902558724185555,-5.837529754668071,5.298043537445519e-09,4.1803857062215357e-08
2456,S100a16,11.36496699009653,1.402211628950428,0.3222397697738212,4.351454291115695,1.352375172773352e-05,6.52757378226165e-05
2457,S100a2,10.940924032145464,1.08315264622387,0.3080063006672335,3.516657431609153,0.0004370174091934,0.0015818110451286
2460,S100a6,381.6168119593464,-0.6101428911600182,0.0525803908071675,-11.604000689109482,3.9325465172026925e-31,1.7479318718192532e-29
2469,Hrnr,22.400827950806637,0.8948047959513507,0.2183650220764308,4.097747832700772,4.171893988870168e-05,0.000183841181124
2473,S100a10,33.08849225439909,-0.6603783175085804,0.1609812644931571,-4.102206052286609,4.092295808645148e-05,0.0001806525731246
2484,Cgn,58.53803578935767,-0.6097377135302771,0.1236652120264419,-4.930551636461058,8.199773819861402e-07,4.801664401117633e-06
2502,Gm128,66.6232791112032,-0.8412017658118247,0.117840215025857,-7.138494830709907,9.43584183981132e-13,1.1047271129880974e-11
2529,Plekho1,143.68636299501608,-0.6759794996344073,0.0774193784203522,-8.731399210726595,2.515411233597521e-18,5.004465082970558e-17
2530,Vps45,142.65898718257887,-0.535405988322984,0.076921533551533,-6.960417500832746,3.392657910672524e-12,3.755573408341422e-11
2535,Sv2a,76.34773619812198,0.553394179357743,0.1163262211014998,4.757260866188387,1.962375089531726e-06,1.0769327070040905e-05
2537,Hist2h2ab,744.1864253518763,-0.5640831230669533,0.044096036330077,-12.7921502704814,1.8138483502719688e-37,1.1521564720927546e-35
2542,Hist2h2aa1,142.4082704742244,0.5658685058397126,0.0972450844999907,5.818993409787891,5.920306818461458e-09,4.643732353160519e-08
2555,Lix1l,258.0105763662603,-0.7591736484540591,0.0596686985338726,-12.723147430860966,4.397820122109655e-37,2.763349708381708e-35
2566,Acp6,17.134403656104485,-1.1332164012064665,0.231027883174638,-4.905106628838599,9.337659933018076e-07,5.4135494095572425e-06
2581,Tbx15,89.60401235571406,0.6220138475741503,0.1372074061533889,4.533383911352274,5.804617416126694e-06,2.9604396211649952e-05
2583,Wdr3,148.076486634442,-0.6332741401007953,0.0852352020684107,-7.429725333349035,1.0882341359146928e-13,1.401863855911346e-12
2596,Gm42939,137.2620060626145,-0.5194980147226838,0.0819246329043283,-6.341169881461099,2.2802692692553687e-10,2.0964075576501462e-09
2605,Tspan2,306.6051321796845,-0.5265367540633119,0.0677670299364453,-7.769807154852724,7.860570824366424e-15,1.1254791078691205e-13
2607,Sike1,460.9853087680633,-0.606873381332658,0.0469718620636709,-12.919934502703626,3.474370905826496e-38,2.316424083319741e-36
2610,Ampd1,28.71228517045069,0.6097194817743317,0.1824803277863322,3.34128883464226,0.0008339042273428,0.0028406082377583
2622,Phtf1os,268.8278424719478,-0.5026260735418808,0.0572829775353674,-8.774440421354686,1.7175577781448744e-18,3.488639449841241e-17
2623,Phtf1,82.11648586480854,-0.6836066526769531,0.1073200384897474,-6.369795075523196,1.8928092951499472e-10,1.7549677689850994e-09
2625,Gm42699,166.14383395531146,-0.5964898739478371,0.0765852376086237,-7.7885750906212605,6.776909215750129e-15,9.74313170211714e-14
2626,Gm42702,11.363842318975628,0.9349004668612436,0.3100769420387288,3.0150596194426926,0.0025692874634437,0.0077220085016234
2631,Gm43260,108.10296046992876,-0.7752955282069373,0.0936596070802694,-8.277800349327567,1.2547136080777591e-16,2.1217170673671146e-15
2649,Gm43331,46.63389295645611,-0.5789245792103929,0.1466545196186241,-3.9475399784192766,7.895833614843032e-05,0.0003325082487562
2666,Ahcyl1,97.22026564482816,-0.5539800610579372,0.0981634969827716,-5.643442604282571,1.6668311043641057e-08,1.2187612277535452e-07
2675,Gstm4,6232.944985517932,-0.9513077835532532,0.0405206232637168,-23.477126138014704,6.986861126715714e-122,5.306369137455222e-119
2685,Psma5,847.2486706618662,-0.527372270023654,0.039810299742254,-13.24713135640898,4.687818309871474e-40,3.383752489125409e-38
2686,Sort1,74.96084678664332,0.510113876230101,0.1207349203842204,4.225073198431252,2.3886312457924888e-05,0.0001103533737146
2693,Wdr47,11.224061807030536,1.3756541298368428,0.3168556801236645,4.341579514370528,1.414620652376865e-05,6.812956591044687e-05
2697,Prpf38b,263.9172981286893,0.5984755908509262,0.0638330783880721,9.375634169051098,6.876115191081562e-21,1.6386354728214562e-19
2698,Fam102b,219.2520962927056,0.6046977497375993,0.0718031511050635,8.421604629200685,3.713624646591683e-17,6.585745718442996e-16
2701,Vav3,114.5608810990998,0.5377131016041712,0.1213770245007526,4.430106140893549,9.41867192292254e-06,4.672688473433995e-05
2708,A930005H10Rik,20.718243731294173,0.7249410265003055,0.2298840083643924,3.153507856671749,0.0016132088597231,0.0051235513384806
2713,Rtca,23.161015424112456,0.8582203435288992,0.208373611298953,4.118661370693495,3.810796630316766e-05,0.0001693385793395
2725,Ptbp2,48.940539527180825,-0.8643677854194795,0.1397443081550136,-6.185352354105652,6.196390703751192e-10,5.444595211927859e-09
2730,Alg14,209.8579752007616,0.6657684227558703,0.0705347015839695,9.43887771274246,3.767933727245282e-21,9.154139964884644e-20
2736,Arhgap29,44.78443334471687,0.732149447847669,0.1476740093934611,4.957876141203273,7.126797198102857e-07,4.205773427583132e-06
2738,Gclm,48.23101994482583,0.6648651318645677,0.1391366729177243,4.778503883427788,1.766043528539725e-06,9.79963416662386e-06
2748,4933405D12Rik,568.9001878012302,-0.5232841863932814,0.0442887436213119,-11.815286314454736,3.254383401276729e-32,1.5253712337878432e-30
2776,Pla2g12a,149.0933327861484,-0.9349177027580974,0.0793901004587236,-11.776250405983273,5.174406952538604e-32,2.3975209720674888e-30
2781,Ostc,560.6657560074198,-0.7428069335937938,0.0426420241705615,-17.419598343237176,5.858695914598287e-68,1.2039964733670928e-65
2783,Gm42997,20.7030396257378,-0.6444661304232591,0.2049978929285034,-3.143769534489937,0.001667867383538,0.0052798672445889
2788,Sgms2,141.72016197777324,0.6891414132588138,0.084893980748091,8.117671090294706,4.75214604428151e-16,7.580866401964331e-15
2815,Gm40155,34.52898851699159,0.5677151414516807,0.1637851267805443,3.466219140962428,0.0005278328769297,0.0018759277099104
2819,Mttp,15.868061008017037,1.755837969718957,0.2903490633521826,6.0473347130766895,1.472616165873558e-09,1.2337486419894151e-08
2830,Gbp7,107.63421323421856,-0.6232363297436688,0.0926735596252871,-6.725071662981759,1.7550604305020815e-11,1.8151211130852786e-10
2853,2410004B18Rik,361.0906990511007,-0.9154993157370904,0.0545238313410721,-16.79081042581568,2.849274333911587e-63,5.078686129057918e-61
2857,Ssx2ip,520.6724711234925,-0.5724555513539613,0.0688903045274459,-8.309667888402126,9.597028732038338e-17,1.6419284808153348e-15
2863,Adgrl2,172.50130871255786,-0.5441955220393976,0.071027674331025,-7.661739275077063,1.8343173820956712e-14,2.522980789798991e-13
2870,Zzz3,89.453851478968,0.7945337403349079,0.1104227433147124,7.195381281829157,6.228646142737512e-13,7.41157975622199e-12
2892,Wls,373.5031488696483,-0.5321425811521578,0.0556609875423814,-9.560422921835023,1.17276468848368e-21,2.964667666922274e-20
2893,AI838599,31.619371286974463,0.6788072933447515,0.1732107777444096,3.918966834421825,8.892934916736106e-05,0.0003704788626891
2910,4930412C18Rik,52.76153206207728,0.808504087920277,0.1400407437011962,5.7733490022402,7.771124738997141e-09,5.995848363109633e-08
2927,Fam92a,26.439500396061582,1.2277768935435056,0.20088967028403,6.111697489510538,9.857691290739695e-10,8.399714705689806e-09
2929,Runx1t1,338.4367824779348,-0.624848210996362,0.0556003197452251,-11.238212547330232,2.6468732082678886e-29,1.0398647173688243e-27
2935,Tmem64,65.38204204504441,0.6676399352637742,0.1244167444207227,5.366158215859672,8.043139434164432e-08,5.403752293691703e-07
2937,Nbn,55.55140144542255,0.6490698531255126,0.1319277638846679,4.919888232873664,8.659364578412713e-07,5.045422963832997e-06
2938,Osgin2,202.65815756372783,0.5741368638695129,0.0689015213296848,8.332716793325103,7.900800156319494e-17,1.3637468095907998e-15
2943,Cnbd1,379.0950067957387,-0.5278298257872329,0.0572537719926304,-9.219127533731283,2.9952737017013173e-20,6.848356154622855e-19
2946,Gm12353,40.51264202359352,0.6351300699103474,0.1972675242708327,3.219638266653379,0.0012835244650659,0.0041790503925016
2955,Coq3,847.6412195026589,0.5219976452058732,0.0373430500836311,13.97844161194225,2.1105902035752413e-44,1.9102481697436436e-42
2956,Faxc,62.2511382786172,0.9680491247456356,0.1277184914326973,7.579553390322963,3.4674648998002965e-14,4.620112652151913e-13
2959,Mms22l,39.64496060269592,1.1781195902476602,0.1700682826385837,6.9273327863921015,4.288489639418786e-12,4.6936927958250216e-11
2965,Epha7,163.70543702820305,0.9533543477992596,0.0827682453341761,11.518358809590552,1.0662246938779057e-30,4.6913886530627833e-29
2968,Casp8ap2,59.353514195333766,-0.5043518418596855,0.1176024026121529,-4.288618520176103,1.797878554757363e-05,8.495905895901346e-05
2991,Aptx,64.82590153086188,0.514032113311656,0.1207217061813164,4.257992448678716,2.06270914898854e-05,9.628915931195034e-05
2996,Chmp5,865.2000658416393,-0.7693693763146883,0.050049035847198,-15.372311639800756,2.510495517565016e-53,3.1777779493351964e-51
2999,Nol6,71.20052506352344,-0.5670190531788386,0.1189822548436527,-4.765576630934783,1.8831430721737828e-06,1.0370347788376934e-05
3008,Dnaic1,154.83845160963284,0.5219207775924581,0.077090628260963,6.770223428789293,1.2858366592953636e-11,1.3481989654604686e-10
3012,Rpp25l,24.772981950487925,0.7109725164927329,0.206871690868458,3.436780129306401,0.0005886732624261,0.0020691994758777
3040,Reck,18.261309041273478,0.9068606035838483,0.2373854238416282,3.820203401321139,0.0001333416656923,0.0005382972535968
3042,Clta,848.6083713730972,-0.5609430907854327,0.0361586135064371,-15.513401549137685,2.815592590591605e-54,3.6979527347709905e-52
3061,Ncbp1,43.655413815400514,0.7553851111930622,0.1465887663057757,5.153090037045353,2.562288642388378e-07,1.6026071174707203e-06
3064,Foxe1,36.59518990813429,0.783269471022036,0.1641084244355645,4.7728778928688,1.8161190986884545e-06,1.006471079184325e-05
3068,Trim14,21.019182828352637,-0.7568376163082191,0.2247655688083302,-3.367231112491325,0.0007592702876544,0.0026036382773357
3069,Coro2a,70.32506272217869,0.7255908536242358,0.1226597502038567,5.915476367906555,3.309164220271698e-09,2.6786135588371653e-08
3080,Tex10,43.04893825060622,0.821566131502332,0.1541959034042703,5.3280671753538895,9.926341397372825e-08,6.585390487250608e-07
3081,Msantd3,16.108582438361125,1.4468629468024177,0.2645743790133145,5.468643457458915,4.534929401774408e-08,3.13479013811616e-07
3088,Rnf20,62.58282387204738,-0.5250833120338633,0.1213137224472625,-4.328309291326274,1.5025836128572952e-05,7.198883858856618e-05
3127,Slc46a2,93.20321566671262,0.503604459474705,0.0986018433564031,5.107454813541287,3.2652714769857684e-07,2.0141692574326173e-06
3139,Pole3,905.5081170966477,-0.7090100194453127,0.0391073372040339,-18.12984647219032,1.8527569236346183e-73,4.373507830006691e-71
3143,Akna,170.85393798441632,1.1333655988422415,0.0878647064591769,12.898985776146851,4.5605991468010323e-38,3.0062092791064324e-36
3145,Atp6v1g1,30.63997588075181,-0.57491547327975,0.1690900646981655,-3.4000547241258894,0.0006737236796658,0.0023378238451335
3155,Tle1,306.9961631250863,0.6812901786383566,0.0633100133730684,10.761175718344932,5.2496084667540206e-27,1.8051212735680952e-25
3167,Gm11266,52.58169984844865,1.0584800032004464,0.1564082826096223,6.767416568611618,1.3110220421048684e-11,1.3721349928992114e-10
3168,Zdhhc21,125.72932491757012,0.615026599784716,0.0956717895873077,6.42850523061929,1.288648198944144e-10,1.2213839793356651e-09
3172,Ccdc171,161.78777868700843,0.987404039330035,0.0903372362591465,10.93019977385086,8.266623118841271e-28,2.9773478894828725e-26
3173,Bnc2,794.4980515614233,0.56046437768723,0.0454118620942834,12.341805683360928,5.393260409296953e-35,2.9532750103322636e-33
3179,Plin2,18.231117437661805,1.61012616243844,0.2742084723295929,5.871905228745455,4.308150180184912e-09,3.4362907464598195e-08
3182,Acer2,30.071806284685824,0.9989927534038944,0.1874736073458625,5.328711425288217,9.89120087086662e-08,6.564570547579715e-07
3197,Caap1,709.1209506339928,-0.6847749875301796,0.0469101654319688,-14.597582021390862,2.9098389421184047e-48,3.1183476466824723e-46
3214,Kank4,20.482852350727057,-0.6505750193059598,0.2132899941904819,-3.050190055914924,0.0022869659460513,0.0069682053280351
3223,Alg6,184.74718615087497,-0.5228480125288377,0.0713205233466615,-7.330961524040917,2.285072685895387e-13,2.8613368944244176e-12
3227,Ror1,151.3625050582488,0.5381337506564451,0.0820171153622639,6.561237228102273,5.3363146005765117e-11,5.287279832267188e-10
3231,Jak1,57.78257127669688,0.5870484606226162,0.1279618300353264,4.587684159100802,4.481900141706263e-06,2.324519942854068e-05
3244,Dab1,147.13491839446215,-0.7289996957883995,0.0855122123747169,-8.525094551336158,1.5268504523919446e-17,2.825320307455772e-16
3246,Prkaa2,41.67376006641474,-0.7920078815388911,0.1528758777391322,-5.180724998945715,2.2102514331791693e-07,1.39785199256965e-06
3247,Plpp3,290.7789081605924,-0.5717187640598855,0.0638858429790173,-8.949068172234353,3.5849571678720157e-19,7.627531279949862e-18
3258,Tmem59,37.745595199536254,1.3181501244039548,0.2176840105850255,6.0553373711804905,1.4012367645741116e-09,1.1762039309745593e-08
3267,Magoh,234.4013250021846,0.5085645515342571,0.0637941402881168,7.971963400359348,1.5617306206230314e-15,2.3909123997408512e-14
3268,Czib,537.3360636937657,-0.7204650414799179,0.0459787114271746,-15.669535293981806,2.4435944865934287e-55,3.334742850922969e-53
3275,Shisal2a,33.12489640683744,0.7341869960067082,0.1800438458755315,4.077823334846272,4.545928656247683e-05,0.0001990182500434
3282,3110021N24Rik,164.25340204270378,-0.5384553004848903,0.074206239277827,-7.256199825312825,3.981168154258015e-13,4.839460356198956e-12
3284,Txndc12,20.249689277219524,-0.6858180178848521,0.2131536039325907,-3.217482628638737,0.0012932085789889,0.0042066606066626
3288,Eps15,23.33991326957137,0.5875651329321492,0.1983414812771035,2.9623915741118223,0.0030525930002631,0.0090300922148344
3296,Skint8,40.56228360793829,0.7464340797599979,0.166780829676735,4.4755388326511065,7.621884351746352e-06,3.8379670180543466e-05
3297,Skint11,119.1930636532089,-0.5900899465025522,0.0899985737877863,-6.556658863216709,5.5026695174511355e-11,5.433613970086855e-10
3308,Faah,59.34620861652225,-0.5744634258242178,0.1221960498511668,-4.701161997657918,2.586851817467191e-06,1.3976841183890162e-05
3319,Tmem69,69.47748457693774,-0.5639030615262943,0.1163375158567883,-4.84712998531325,1.252603606826294e-06,7.113289923290541e-06
3322,Ccdc17,111.695278903197,-0.9913482238904182,0.0875525228090478,-11.3228972973463,1.0107518669754848e-29,4.1060031656576205e-28
3323,Nasp,109.09996381016262,-0.5951665818797132,0.0902913402089135,-6.591624185693044,4.350407014408368e-11,4.3424519844391636e-10
3326,Mmachc,11.689157335338717,-1.027021103079233,0.2661578757186931,-3.858691388733165,0.0001139957777477,0.0004665600388234
3357,2610528J11Rik,53.05803402348154,0.5420772141078327,0.1314184881314592,4.124817001132955,3.710296444260421e-05,0.0001652510410207
3363,Gm12868,324.80374719106607,-0.569154524811718,0.061611554971939,-9.237788675694668,2.5164390685586214e-20,5.791456870827668e-19
3402,Mycbp,89.83085923154734,0.5945028032971958,0.1013505744222209,5.865805958045484,4.4695625738122195e-09,3.5552968597154764e-08
3414,Maneal,115.8795487733274,-0.8373083904607552,0.0854182660644376,-9.802451267614217,1.0988602163769829e-22,2.9530600399497133e-21
3423,Zc3h12a,24.477670058545552,0.9446212157579066,0.2080197927359591,4.541016041473132,5.598377133009952e-06,2.8627766908494685e-05
3437,Ago3,16.46487808940442,0.7546071363439215,0.2378505823696977,3.1726100008912943,0.0015107531579195,0.0048244673057656
3452,Dlgap3,195.6652633937671,0.5804092566873976,0.0740451409483821,7.838586695270237,4.556455894103343e-15,6.705321950985443e-14
3459,Phc2,184.9470751073285,0.7663486144823093,0.078979553382067,9.70312671654478,2.9239793532640607e-22,7.669079781203696e-21
3462,Azin2,44.000360330016456,0.7602658555333658,0.1477005252010543,5.147347001633672,2.6419633240895934e-07,1.6493341480206573e-06
3463,Ak2,120.05029807586196,1.022430839492413,0.1015294050390141,10.070292828954624,7.47551798723564e-24,2.161959407301857e-22
3472,Sync,20.000112297920435,1.0614020174377703,0.2526763591647551,4.20063840141726,2.6616340165827232e-05,0.0001217424011564
3478,Marcksl1,19.220026124662024,1.3154751939419962,0.2403912026680923,5.472226850823114,4.44415433090043e-08,3.075707438361585e-07
3485,Tmem39b,10.590213201503817,1.0733031857027606,0.3122725850778255,3.4370714465224945,0.0005880404669346,0.0020676108849463
3500,Ptpru,88.64140494808002,0.5751757784828156,0.1086110251054971,5.295740261397313,1.1853522606441637e-07,7.778261941747651e-07
3517,Sesn2,1637.2372986903686,-0.547968724051068,0.0281396779428468,-19.47316970592275,1.854341633500348e-84,5.784221366782871e-82
3526,Stx12,656.7651926758004,-0.66215720746218,0.0424433807524331,-15.60095345195189,7.171502314733488e-55,9.636292494904966e-53
3529,Ahdc1,458.8478422283155,0.5534497225949678,0.0483690114608858,11.442237620310292,2.5716601262061415e-30,1.1010235069747274e-28
3538,Kdf1,787.6002274800455,-0.5802497441310096,0.0449339733152646,-12.913386048900575,3.7829292971526573e-38,2.503038218282676e-36
3546,Gm12974,242.8379034595571,-0.5380718939642198,0.0594972404642831,-9.043644541585588,1.5153342316880958e-19,3.3046015429622537e-18
3560,Trim63,164.0001103650774,0.6040122265099379,0.08446846810033,7.150742047227653,8.631004675805145e-13,1.0145786653900692e-11
3566,Mtfr1l,119.8879211373098,0.5533130079550354,0.0934626086184692,5.920153697119196,3.216408870227529e-09,2.6071568512823427e-08
3567,Selenon,265.03035296498865,0.5799500632957366,0.0619625705323884,9.35968373023826,7.997572518168417e-21,1.8981195210239934e-19
3576,Srrm1,130.87151793281188,-0.5620143528318964,0.0845626752639504,-6.646127869981026,3.0090387326963636e-11,3.0559237548104705e-10
3585,Fuca1,71.74992830905545,-0.6463134816247805,0.1219734185927309,-5.298805994630848,1.165624035316614e-07,7.651680063476367e-07
3586,Hmgcl,162.6893403514777,-0.5843577368032685,0.07763103658399,-7.527372588552827,5.177148477705673e-14,6.784278290214756e-13
3593,Id3,219.6344850966868,-0.7541181405632089,0.0647379285719886,-11.648783907638151,2.3275659065246364e-31,1.0425108014146757e-29
3601,Ephb2,35.55778670517711,-0.5038044002127842,0.1509503449476821,-3.337550506342981,0.0008452035920382,0.0028734948123247
3605,Hspg2,132.34571622198226,0.7234611565164001,0.0895293769358064,8.080712513336595,6.438944278921678e-16,1.0169573116112464e-14
3610,Ece1,28.458579592170363,-0.5150358936118242,0.1746509708357673,-2.9489437771069547,0.0031886197850816,0.0093974709643674
3614,Pink1,130.97747224414977,-0.5925402090016305,0.0839533837662923,-7.057966962369632,1.689562138137372e-12,1.9289719888224585e-11
3625,Emc1,200.1342638229241,-0.5198615615910892,0.0670014729674206,-7.758957207461266,8.56305349075956e-15,1.2210564765435758e-13
3627,Iffo2,63.807852741211015,0.5039331992777325,0.124480133121537,4.048302220127881,5.159050306175509e-05,0.0002244540242796
3631,Rcc2,729.2030998112201,-0.6053017328891052,0.0406232525242268,-14.900375899938492,3.277304962327828e-50,3.842145173284732e-48
3636,Mfap2,79.32281875421118,-0.6298244342748655,0.1034933678505574,-6.085650195327693,1.1601950249393934e-09,9.809432088887378e-09
3637,Crocc,268.77850047081466,-0.7824512741640388,0.0590952282907456,-13.24051529701208,5.119635446280085e-40,3.6802383529061934e-38
3643,Arhgef19,78.68926985719402,-0.73797111377807,0.104366075825649,-7.070986505336308,1.5383610091648206e-12,1.765577536668271e-11
3650,Fblim1,205.09963447490847,0.9303900210697844,0.0903457779217939,10.2981018313347,7.186533096974413e-25,2.221847082087594e-23
3659,Prdm2,13.127324523679054,0.8785553256366908,0.2819520020362528,3.1159747733365197,0.0018333795567681,0.0057372759042682
3667,Platr16,49.20583434122385,-0.7839740650653867,0.1423278027987256,-5.50822853756867,3.624626494801089e-08,2.532599024447417e-07
3668,Zfp990,80.39310520115141,-1.1376743490301453,0.122089379350472,-9.318372778063814,1.1813815180118883e-20,2.7699828666619684e-19
3673,Zfp600,10.443647364031497,-0.9898822962780376,0.2982643009758011,-3.31880916703588,0.0009040218679506,0.0030550307582437
3687,Zfp982,260.4990480364869,-0.5575512694334365,0.0618371511521733,-9.016444953315748,1.9429198790884674e-19,4.221259259691212e-18
3707,Disp3,79.88382116375683,-0.696027056678391,0.1090686981553665,-6.381547304130396,1.7530755112533991e-10,1.634083406113894e-09
3718,Dffa,124.482144705411,-0.8395073226120915,0.0857704490077512,-9.787838729120132,1.2698104445414597e-22,3.396791553637093e-21
3723,Ube4bos1,301.47583479195055,-0.6156860234081651,0.0601489927559239,-10.236015520767426,1.3675284835397167e-24,4.1908750088546963e-23
3728,Pik3cd,22.101734808848917,-0.9781557818569866,0.2109062012750368,-4.637871129172732,3.520161481677614e-06,1.857709388578386e-05
3731,Spsb1,73.35920980648886,-0.8172684262793442,0.1079296537993269,-7.572232445022823,3.6686425989453566e-14,4.869593382855432e-13
3733,Gm13067,48.84926280920234,-0.8354358770094781,0.1317687225768885,-6.340168293898365,2.2951431288137327e-10,2.108972129096175e-09
3751,Tas1r1,472.5225938918562,-0.5050487629859649,0.0510129892328698,-9.90039538127164,4.146325439611393e-23,1.1460128604293008e-21
3762,Ajap1,517.3358093455732,-0.5514537296267414,0.0444449402623783,-12.407570498942375,2.377581498912973e-35,1.3354210168170997e-33
3771,Megf6,1305.9383841061629,-0.8188395004262549,0.0322588770353883,-25.383385154045456,3.8479095412108586e-142,4.200955241616955e-139
3776,Pex10,68.06015669169875,0.9334297718150156,0.147307384247227,6.336612224737044,2.348721231123085e-10,2.1557794690890703e-09
3798,Aurkaip1,23.474377713616608,0.7324375921897439,0.200702464513578,3.649370195651946,0.0002628840345294,0.0009980565779527
3800,Dvl1,48.11537163099219,-0.5435591685266729,0.1312596356308522,-4.141099172752163,3.4564546512406174e-05,0.0001546550969463
3815,Cdk6,91.3949987910518,-0.7163334807172334,0.1013650679293529,-7.066867268480371,1.584703934083695e-12,1.816378498725327e-11
3819,Gm43017,127.90615508996623,-0.5564177076000398,0.0890322458832222,-6.249620034631679,4.1145242199896145e-10,3.6914488482166715e-09
3822,2510017J16Rik,35.43548554869314,1.028471291613008,0.1764294675422681,5.829362327847028,5.563957772357312e-09,4.377982629168357e-08
3825,Ankib1,27.3434985632952,0.8718711932343111,0.2059501316204479,4.233409254824417,2.301750835520708e-05,0.0001065932757022
3838,Gm43728,41.01202880579569,-0.8276255042726833,0.1440672667998074,-5.744715802950108,9.207549904567902e-09,7.02040513893462e-08
3848,Slc25a40,27.990317398759053,-0.5354956240270208,0.1823844825884872,-2.936081054851885,0.0033238745897393,0.009753307800028
3849,Rundc3b,303.5183471009541,-0.5087485012695854,0.064976616543899,-7.829716724721548,4.889704214435974e-15,7.153547170667304e-14
3851,Abcb1b,39.1828140234234,-0.5380582391786988,0.1572203758746401,-3.4223187432634066,0.0006208948000028,0.0021704603494995
3872,Phtf2,105.50686687503136,0.7644725235400146,0.0998308554935646,7.657677776679918,1.893251737594293e-14,2.597904269622711e-13
3878,Fgl2,54.74586499139618,-0.6541427900196578,0.1291001956330014,-5.066938797515204,4.0426418985467366e-07,2.460518072606773e-06
3887,Reln,280.2430432335568,-0.6396397700699419,0.0570864676701198,-11.204753003219038,3.864301266658059e-29,1.5101032332434668e-27
3896,AI506816,43.062103315141805,0.6560452943936673,0.1479573168677528,4.434017244176262,9.249322331230382e-06,4.5938914552724567e-05
3913,Chpf2,142.34624932598135,-0.8159908924842457,0.0828280438059384,-9.851625789884247,6.744405020441727e-23,1.8436817980763077e-21
3914,Smarcd3,243.9073552176544,-0.688450508217028,0.0625556413895779,-11.005410430205048,3.598734991090685e-28,1.3206450173187415e-26
3920,Galnt11,418.8248041433032,-0.7470412560212081,0.0526458355068081,-14.18994016961894,1.057489162348904e-45,1.0232932229883165e-43
3922,1700096K18Rik,66.26123296747797,-0.5952381922884471,0.1197899554562312,-4.969015891369412,6.729355546596912e-07,3.987394256714887e-06
3929,Rbm33,109.50400596728666,1.0350300077138077,0.1011496427270054,10.232661033784058,1.415747736465518e-24,4.331047541257384e-23
3933,Nom1,91.28185209933386,-0.597064009530139,0.1048547192526591,-5.694202547922015,1.2394986978735629e-08,9.233076014693132e-08
3935,Dnajb6,103.56743904324256,1.0245735157023534,0.1099293442349488,9.320291345617074,1.1602127375572607e-20,2.7276710766689413e-19
3944,Cenpa,263.090576279291,0.5789672713408224,0.0700374392176511,8.266539693742956,1.3790316049624947e-16,2.318471999565434e-15
3959,Mpv17,34.759779074167064,0.6376753446566386,0.2037689749050138,3.12940350685814,0.0017516159164041,0.0055105591440823
3960,Gtf3c2,76.41628872853526,0.6049635080477617,0.1177126638355661,5.139323912445311,2.7572874082542744e-07,1.7170872173756031e-06
3962,Snx17,67.6578266732635,-3.2747627037191167,0.1612665993552265,-20.3065155265394,1.1261596795716829e-91,4.185480272927269e-89
3971,4930566F21Rik,26.503027927959725,0.8365505666691704,0.1929149023053031,4.336370890338284,1.4485444607546898e-05,6.959068933020605e-05
3985,Depdc5,506.3559798167535,0.7489097147626261,0.0664971618996204,11.26228087588352,2.0147549394370722e-29,8.040584634714505e-28
3987,Ctbp1,224.74696547300965,-0.5035149241264457,0.0631972589055726,-7.967353851197591,1.621079968856775e-15,2.4751948115787342e-14
4020,Hmx1,16.594498399751224,-1.0022720606068685,0.2519872875665839,-3.977470729915424,6.965219340700754e-05,0.0002961023398475
4032,Bloc1s4,61.36295557830611,0.7090580284320166,0.1319858014884126,5.372229591637299,7.77690006834865e-08,5.241006573839283e-07
4048,Rab28,17.30524370803147,0.787557721763405,0.2404561776677081,3.275265079077107,0.0010556287054936,0.0035069840676233
4051,Gm7854,29.49931406197752,0.6400272490658024,0.1989517915478147,3.216996660781425,0.0012954010643273,0.0042122237140116
4060,Gm42716,13.309956090495607,-0.9305865276705126,0.293460891783769,-3.1710751031050406,0.0015187587156635,0.0048456031498102
4061,Tapt1,686.350942550965,-0.5988953779869168,0.0502008073685981,-11.929994941904871,8.25785117984127e-33,4.06332801153429e-31
4062,Gm42982,111.44021416071898,-0.7559512524939285,0.0902416246717256,-8.376968557956177,5.430834794193194e-17,9.515127601300574e-16
4063,Gm42984,32.19965239731131,0.6103215588126522,0.1748259872888286,3.4910230926043324,0.0004811746618503,0.0017276791352933
4073,5730480H06Rik,182.9908841293132,-0.5037026769979951,0.0780030178608682,-6.457476785019208,1.0646307720651886e-10,1.0218115563975115e-09
4077,9230114K14Rik,13.124296036246038,-0.7983747741401496,0.2590381841749357,-3.0820736976792,0.0020556393685668,0.0063475178522407
4081,Sepsecs,28.778560454050933,0.5346103613755523,0.1772264697178477,3.016537892035402,0.0025567925975069,0.007692396330219
4084,Anapc4,24.115526181706805,0.73855097484035,0.1977135262713006,3.735460030321433,0.0001873723400334,0.0007339596232852
4088,Gm40304,89.15866042197842,-0.6037121780968892,0.1085776535062966,-5.5601881105478,2.6948403186648256e-08,1.92372172809306e-07
4097,Gm31363,39.25464742730463,-0.7140644039702851,0.1459029023667835,-4.894106918964554,9.875314296176425e-07,5.700660612214466e-06
4098,Gm3716,17.7337712851065,-0.9493340649474312,0.225883970660975,-4.202750917515387,2.636906963665836e-05,0.000120769509285
4101,Fam114a1,48.625881081355125,-0.5610320080353572,0.1437631394407647,-3.902474655309829,9.521421071555976e-05,0.0003949627205309
4108,Ugdh,114.60124063025418,0.6052559722516875,0.0903698396066078,6.697543947034198,2.1195150062889143e-11,2.1791458581433047e-10
4112,Pds5a,186.35263105522387,0.5450637705078736,0.070357738568699,7.747033682381071,9.406401187452524e-15,1.333693311220947e-13
4113,N4bp2os,135.00609100275338,-0.6136064208024379,0.0783889699650463,-7.827713785192543,4.9682137205420575e-15,7.262322784136292e-14
4114,N4bp2,18.587054680720723,1.097351504373563,0.2349480238925958,4.670613892352661,3.003009265271943e-06,1.6041763255587247e-05
4117,Rbm47,112.76634459403398,-0.6685894160618622,0.0878273380490086,-7.612543325505118,2.6875405939833252e-14,3.633588165301914e-13
4121,Uchl1,540.0008012008567,-0.6012448109067284,0.04504827648222,-13.34667733945452,1.238510972200498e-40,9.128400701433883e-39
4125,Slc30a9,58.36054084120135,-0.5398633694916147,0.1233522859563806,-4.376598011994029,1.2054599862805707e-05,5.875272053668809e-05
4130,Kctd8,62.757603190336845,-0.5817669309903613,0.1140640897303809,-5.100351323238658,3.390236009087597e-07,2.083033507096101e-06
4131,Guf1,66.78873165923758,0.6438203963570813,0.1244233518032422,5.174433794189949,2.2860314965047605e-07,1.4421234445989584e-06
4134,Gabra2,279.918792368882,0.5759296446159008,0.0607423661758459,9.481514812060745,2.506180670232977e-21,6.157238248611765e-20
4142,Slain2,154.9928705415877,1.164056530677878,0.0843298509106104,13.803611865883363,2.423968269599309e-43,2.0654574504078403e-41
4143,Gm10135,24.00542136032302,0.7917689051284502,0.2131455295555786,3.714686893876388,0.0002034554541927,0.0007922335875699
4152,Rasl11b,119.13944898573205,-0.578275401366083,0.0875193698046756,-6.607399055279636,3.9113070161451855e-11,3.9220844407591335e-10
4154,Fip1l1,106.6269729273438,-0.5205260814858053,0.0896688232562927,-5.80498396859776,6.437216280163881e-09,5.0266112642781696e-08
4158,Kit,26.74287978691134,0.8721287593347419,0.2011394661622935,4.335940509213874,1.4513819710081323e-05,6.968587985508809e-05
4159,Kdr,260.11866359465085,-0.5539708281081517,0.0694303367799919,-7.978800821081314,1.4776179127731032e-15,2.2720976848873743e-14
4168,Aasdh,30.554580980728293,-0.733202738429655,0.1672166952049514,-4.384746017920011,1.1612118167138956e-05,5.672272934663962e-05
4171,Srp72,36.71252979316222,-0.6938195063007107,0.156090760546859,-4.444974858665152,8.790214637654447e-06,4.384565085395428e-05
4182,Cenpc1,49.42499179918961,-0.6935057134495177,0.1437462288888587,-4.824514137241961,1.403449630832249e-06,7.903113523977345e-06
4185,Tmprss11d,182.0681241613252,-0.5657982854196164,0.081062559637858,-6.979773251020998,2.956568551103345e-12,3.295809792640283e-11
4193,Mob1b,44.03907140063343,0.6311462283876382,0.1451364689774314,4.3486398204009,1.3698447260843416e-05,6.60641846362266e-05
4200,Gm9958,26.16493426948852,-0.7025724352877174,0.2367498713108423,-2.967572617453591,0.0030016136996716,0.0088868115433667
4201,Afm,1357.134683874911,-0.5174317636743874,0.0323526889652084,-15.993470101691562,1.4190158000835022e-57,2.0656139996548846e-55
4224,Ccng2,81.93985721042829,0.7233577483675229,0.1976574744138202,3.659652894547688,0.0002525571173401,0.0009611476526572
4230,Paqr3,258.87699289492247,-0.6114195217465803,0.0642242965374885,-9.520065687129597,1.7306962978696958e-21,4.306524634072343e-20
4246,Lin54,11.872941986722628,1.31560040313585,0.3031904925188793,4.339187525987244,1.4301045217061113e-05,6.8799410039004e-05
4248,Plac8,38.80838489487895,0.5785542269389213,0.1660352178666222,3.484527164614436,0.0004930074152665,0.0017665340574104
4252,Helq,67.86946554822795,0.8544304845569749,0.1257583240081263,6.794226078440443,1.0889550594771591e-11,1.1479702461645755e-10
4256,Gpat3,186.71439666904053,-0.5666492316588735,0.0702920312436002,-8.061358046335647,7.545147654138945e-16,1.1852395613534091e-14
4263,Ptpn13,49.66980656497528,0.833533855170088,0.1414500111632763,5.89278041277732,3.7975090416011854e-09,3.048478306005951e-08
4264,Gm42620,156.82418256894928,-0.6148532661662292,0.0802731000047232,-7.659518146552843,1.8663197883503992e-14,2.562961797398174e-13
4269,Pkd2,139.95567726791066,-0.6249896998628177,0.0824051096238612,-7.584356148733834,3.34142158756821e-14,4.4589726731582506e-13
4274,Lrrc8b,33.20355098079065,-0.5231334260968905,0.1645267299364285,-3.179625744090482,0.0014746537362083,0.0047230017352562
4276,Lrrc8d,226.1137690844723,-0.8722697683725198,0.0864308880053949,-10.092106982842443,5.987041288083697e-24,1.7430272870041004e-22
4284,Btbd8,13.062939549195402,0.8793354584491214,0.2917324588452168,3.0141845097725875,0.0025767104763364,0.0077408286215222
4286,Glmn,166.10732521916037,0.6480765681992182,0.0853261273556145,7.59528866812651,3.0710704809897625e-14,4.1139155799025434e-13
4288,A930041C12Rik,33.62284372755273,-0.5166865653087986,0.1604389992414734,-3.220454925246349,0.0012798731770138,0.0041687161394886
4290,Evi5,223.81757128478765,-0.7039654838460881,0.0787697124616772,-8.937007154730685,3.998524897236129e-19,8.476484575839889e-18
4314,Plcxd1,380.3986991103283,0.546227761433733,0.053208058379777,10.265884117307682,1.003970709281678e-24,3.087563441854287e-23
4315,Gtpbp6,15.615940918813104,-0.7649660252761147,0.2374655556891992,-3.2213767721215163,0.0012757631127765,0.00415687932363
4320,Gm43138,135.28182279416748,-0.6501368314934494,0.0795162463798567,-8.176150926285969,2.9305487957618814e-16,4.7752636533925866e-15
4328,Noc4l,18.951725991087702,0.7962267337780106,0.22941482253585,3.4706856556907364,0.0005191313329665,0.0018506502294408
4335,Hscb,120.4465807150515,0.9954590264666472,0.0932329884373526,10.677111644185256,1.3026163661164255e-26,4.409709822349171e-25
4340,Mn1,378.70382961232025,0.6444291856111727,0.0581598262943996,11.080314826752266,1.5632192101529674e-28,5.8597238547107356e-27
4341,Miat,61.95257828212777,0.8216560069051603,0.124548823807193,6.597059544914848,4.1939235631093555e-11,4.1934434344816387e-10
4352,Wscd2,217.2898667790553,0.8639967358265627,0.0751454049700051,11.49766557478044,1.3553152172283068e-30,5.918661553636016e-29
4353,Ficd,210.94677528842445,-0.7374668919160122,0.0659977740428473,-11.174117651865524,5.459018231761871e-29,2.1050359927685733e-27
4367,Fam222a,42.32464641224208,0.9518480055448978,0.1547512340204007,6.15082659321099,7.708015857094348e-10,6.675439811191079e-09
4372,Ankrd13a,22.19538399680657,1.2328230660031745,0.2210670459888818,5.576693081904109,2.4513380499776886e-08,1.7570772694710818e-07
4392,Cox6a1,1982.9120787732995,-0.8021533841929923,0.0414376838863296,-19.358065146532567,1.7431052330092333e-83,5.341853019334261e-81
4400,1110006O24Rik,46.012161255231135,0.5682003153549525,0.1655179547911122,3.4328621089599327,0.000597245761397,0.0020966014791163
4406,Gm13842,336.33510797783487,0.5944233163100271,0.0626036001134375,9.49503407524382,2.2013936933776783e-21,5.4236875932188e-20
4411,Srrm4,228.602475409881,0.6250127500503052,0.0694732838092603,8.996447494353141,2.3313947098399657e-19,5.021553981687364e-18
4413,9530046B11Rik,53.31725652410388,0.8135117346292008,0.1442091636353547,5.641193070686097,1.6887586471414022e-08,1.233245654191723e-07
4424,Fbxw8,30.38918544437342,-0.6871877826420413,0.1854700929061186,-3.7051137025627208,0.0002112959272595,0.0008198394618768
4438,Rasal1,294.60801675201856,-0.6020143867427082,0.069147896782526,-8.706185072209447,3.1427353515595838e-18,6.154405955273857e-17
4440,Oas1c,911.4621485071168,-0.8609895077902159,0.058153930245004,-14.80535372523996,1.3527353229878406e-49,1.4955430773387087e-47
4447,Erp29,176.2952163521084,-0.5041435637852653,0.0686287045828896,-7.345957742453986,2.042909161715947e-13,2.5636161808084887e-12
4449,Adam1a,591.3054732180898,-0.5806243876550673,0.0429427565819962,-13.520892319672226,1.177389460930175e-41,9.268719103863522e-40
4455,Atxn2,81.98012422766215,-0.556159802625134,0.1047520161823653,-5.309299265962592,1.1004751072161808e-07,7.253776433335503e-07
4465,Vps29,79.10351922118278,-0.7649628852192115,0.1096390279779668,-6.977103859156244,3.0132695751833367e-12,3.354735050306089e-11
4478,A930024E05Rik,36.28314298287318,-0.6572348955905316,0.1527410186808691,-4.302936442788375,1.6854921260676373e-05,7.996245643169335e-05
4486,Setd1b,56.15434102188384,0.8183799671372625,0.1433356279020318,5.709536275911914,1.1328441028235973e-08,8.474741236883337e-08
4488,Gm43409,149.774625800986,0.70315000316006,0.0965961081630174,7.279278808763293,3.3560944153732943e-13,4.119765091197519e-12
4494,Vps33a,1012.0508188109574,-0.8994017941970913,0.0369970357902395,-24.31010417419359,1.532823072473111e-130,1.3387676714980152e-127
4506,Arl6ip4,87.41133356769717,0.8436042082405152,0.1079104066646349,7.817635335786257,5.3824848122062244e-15,7.841638423654574e-14
4508,Mphosph9,102.95230947238208,-0.5420706406018446,0.092243227960314,-5.876535899579107,4.189405867481248e-09,3.3433436237867e-08
4513,Rilpl2,23.80269526130612,-0.6381030960197078,0.2099322249213204,-3.039567156775763,0.0023691837539897,0.007184878787273
4520,Tctn2,30.241219822687096,-0.628847913032219,0.168039896233138,-3.742253638146488,0.0001823772980539,0.0007168691814596
4532,Bri3bp,326.5710390190335,-0.5154133965030565,0.0623754415265488,-8.263082134395498,1.4195848940092682e-16,2.384356627745567e-15
4536,Tmem132cos,69.28766765548845,0.8376339000402541,0.1207086921198587,6.939300603211891,3.940458631867026e-12,4.337235751824399e-11
4544,Adgrd1,310.5737707790491,-0.5125025330381935,0.0548048832105128,-9.351402703835776,8.649292698536772e-21,2.0500114634740891e-19
4548,Mrps17,30.19446951417092,1.0064568214941858,0.1947389739480473,5.1682352078258855,2.3631479382404842e-07,1.4864770682457604e-06
4549,Nipsnap2,112.68415587877315,-0.716693910500602,0.0899377003289565,-7.968781810956018,1.60246093181223e-15,2.451119751041684e-14
4552,Sumf2,2995.4160007093637,-0.5661464160893974,0.036290520938675,-15.60039375147275,7.234653398798117e-55,9.646940883221796e-53
4554,Chchd2,50.51364010953763,0.8742674583132652,0.1418561479497505,6.163056525565287,7.135402158500765e-10,6.213419985278732e-09
4563,Tmem248,215.52323545286103,-0.6292978284024867,0.0710133597101157,-8.861682237980974,7.881598027455225e-19,1.6389970755189033e-17
4568,Auts2,380.2025017554956,-0.664033622425031,0.0607579871734497,-10.92915768472335,8.362100132433752e-28,3.005538376817958e-26
4583,Wbscr25,769.4950225958519,-0.6941662072902736,0.044729974419002,-15.51903877225068,2.5788511316523477e-54,3.412679664219941e-52
4586,Dnajc30,44.89634494994417,0.8486691930880979,0.1531500478881887,5.541422969111255,3.000235508156073e-08,2.1243661879396146e-07
4602,Srrm3,167.74151743985917,0.516296489008138,0.0763486067537611,6.762356393395536,1.3576522695134112e-11,1.4166947338028834e-10
4606,Zp3,20.26163283934049,-0.6377703900669645,0.2110051946767742,-3.0225340709925432,0.0025066786310302,0.0075598519210699
4613,Alkbh4,94.85418656770246,0.6804272326102536,0.1070890291502527,6.353846309088961,2.099966534181076e-10,1.938806311790435e-09
4633,Epo,1945.2393870996327,-0.7816917826688073,0.0334728934413088,-23.35297915130701,1.285377318232669e-120,9.355404581203443e-118
4635,9130604C24Rik,983.6900794031122,-0.7801242903318398,0.0330312753845364,-23.61774655231918,2.5330288986789188e-123,2.0112249455510622e-120
4643,Gm36266,1908.9398418889216,0.6571686743053574,0.0293809285078192,22.36718537096142,8.215966282495534e-111,4.7838833007544e-108
4659,Ap4m1,444.0950108937032,-0.5624972341263601,0.0473830047691076,-11.87128669588072,1.668810246181355e-32,7.986514350766003e-31
4670,Zfp157,24.442357463092048,0.9272797249797574,0.236184584233956,3.926080645725917,8.634121772733465e-05,0.0003613340659465
4671,Zfp68,19.816455907003597,-0.6290238620105021,0.2021418432518626,-3.1117944305413165,0.0018595393821848,0.0058149720601514
4686,Mafk,52.37895489234262,-0.6646036400662867,0.1333223543392268,-4.984937772515342,6.198175781035786e-07,3.687809239761394e-06
4690,Mad1l1,21.287788615564573,0.806408585575932,0.2237961685935459,3.603317208886248,0.0003141817183027,0.0011714250278149
4692,Gm16121,24.42102209222264,1.3117312381124484,0.2249858381876223,5.830283579976073,5.533326045740165e-09,4.3561200458324717e-08
4694,Mrm2,142.1642298226279,-0.6015461463292042,0.0783469563652509,-7.677977221282419,1.616202207062771e-14,2.242400329862787e-13
4695,Snx8,54.2368310531228,-0.5759146211758139,0.1266623142703427,-4.546850612145028,5.445462055384116e-06,2.789481852887089e-05
4700,Ttyh3,14.37531692856514,-0.7159842046855561,0.2389021887180292,-2.9969763296334464,0.0027267188435657,0.0081461133503346
4709,Radil,150.9377319359364,0.5823575508231963,0.0891780157684318,6.530281547589053,6.564617089448564e-11,6.413351863450083e-10
4714,Tnrc18,69.92357679630729,-0.5864319513777293,0.1188206112905664,-4.93543960940965,7.997042347414831e-07,4.6908104675836896e-06
4725,0610040B10Rik,19.590486218178132,1.2775869113181575,0.2317941397939985,5.511730850717719,3.553219921237216e-08,2.488678652131985e-07
4729,Daglb,21.29698316639021,-0.6460653733669612,0.2004767151961701,-3.222645446553603,0.0012701266350025,0.0041416038940125
4737,Aimp2,190.37808716060948,-0.7918429834665419,0.0688462821728946,-11.501608488864738,1.2947972328102714e-30,5.668550892914742e-29
4738,Pms2,1595.567018866453,-0.6014607579539533,0.0353387147937769,-17.019882060336514,5.848832063430382e-65,1.1105152009130644e-62
4742,Lmtk2,60.70806446993085,-0.7374287139321606,0.1252572165768887,-5.8873151909733865,3.925197013486553e-09,3.148087301725579e-08
4745,Bri3,60.43436172790479,-0.9365108897784096,0.1234653987621252,-7.585209290764445,3.319507976087726e-14,4.433116615160581e-13
4757,Ptcd1,49.41538684344215,-0.822870302969197,0.1315114162390074,-6.257025637026992,3.923889297649559e-10,3.529479827566554e-09
4759,Atp5j2,81.30087519755531,0.7102381946939789,0.1103930664463677,6.433721043875829,1.2451729296227972e-10,1.1833885056937442e-09
4761,Zkscan5,3198.311281160731,-0.6364391720458927,0.0226320009546363,-28.12120648640722,5.393007279164756e-174,8.564095559313632e-171
4784,Slc7a1,89.4116072114034,-0.5554133058382934,0.104337305749042,-5.323247536928016,1.019308866501835e-07,6.752099840748597e-07
4785,Ubl3,31.55488211832227,-0.6381318732356545,0.1637202883154704,-3.8976957578162015,9.71123137976982e-05,0.0004018853109258
4806,D730045B01Rik,95.0784270662658,-0.5890837335503417,0.0933612964298193,-6.309721009424523,2.7953891728814533e-10,2.547201777354889e-09
4818,Sgce,504.4999324126741,-0.6846808123984972,0.0443186821768281,-15.449033652821026,7.658299625220246e-54,9.909272433581281e-52
4823,Pdk4,402.4615846005682,-0.5405913480568503,0.0495973431583149,-10.899602955167978,1.1576131783560812e-27,4.135212065342337e-26
4824,Dync1i1,133.05485546528095,-0.857489297096026,0.0857397208170915,-10.001074052075662,1.5075302557485353e-23,4.274925082372632e-22
4825,Slc25a13,503.68628669986725,-0.667398992680889,0.0479909630666475,-13.906763899570796,5.76284248322315e-44,5.162324743432922e-42
4827,Sdhaf3,738.6531042902039,0.5019684732918908,0.0436839493238341,11.490913277339937,1.4655429603854693e-30,6.36818518209288e-29
4842,2610001J05Rik,101.76190356281629,-0.5020021546095614,0.1051965589222639,-4.772039691721483,1.823695521820914e-06,1.0090691598089236e-05
4849,Cav1,1925.369671952656,-0.7820993014167082,0.0309783316287651,-25.24665662402824,1.2324817284123335e-140,1.2664112254062729e-137
4854,Cttnbp2,53.79873545585677,0.6013327359814756,0.1306669976086375,4.602024589120317,4.184037931144182e-06,2.1836502713243672e-05
4864,Cadps2,234.4903870555641,-0.6750467606682115,0.0832297381252017,-8.110643814026483,5.035225367734861e-16,8.017804623846176e-15
4874,Snd1,123.4910552202126,0.7648588833865284,0.0925699555709442,8.262495954212179,1.426575740481255e-16,2.391499523486235e-15
4880,Fam71f2,16.965792045722385,1.4224422287423737,0.2656336912790069,5.354901412894642,8.560307826381268e-08,5.724787791394639e-07
4896,Tmem209,232.8735199746772,-0.7905844703410329,0.066699241368953,-11.85297544791914,2.0768323859195736e-32,9.804894085741382e-31
4897,Cpa2,16.271649077839164,1.1607397150716037,0.2542190762148731,4.565903284498264,4.973480461302761e-06,2.5597158720694352e-05
4898,Cep41,44.55551232728202,0.7915530515830701,0.153474060638242,5.157568961760007,2.501767210261208e-07,1.5674630426414195e-06
4907,Chchd3,97.89330187699731,0.6140592512813781,0.0965063725260348,6.362888120323053,1.9799491526592332e-10,1.832843232572946e-09
4914,Akr1b3,346.0290424628114,-0.5038511892800535,0.0622759404559633,-8.090623531190793,5.936006240181602e-16,9.409270145507459e-15
4930,Mtpn,1213.3059006797796,-0.6104005521792046,0.0536511854275867,-11.377205318288173,5.4312399910939596e-30,2.264269693661797e-28
4938,Atp6v0a4,71.93766432364411,-0.6797313618918379,0.1102025326537269,-6.1680194231802,6.915065184835888e-10,6.035208870355508e-09
4942,Ttc26,94.27394299112107,-0.5829748019101307,0.1003270912412943,-5.810741592298649,6.219670460471061e-09,4.867616648902711e-08
4954,Rab19,63.44950173621832,-0.5016006244777196,0.1162351767471747,-4.315394345454992,1.5931823827311562e-05,7.59544483120847e-05
4971,Clcn1,81.34832428539112,-0.6291718444389864,0.1002863420340101,-6.273754049435918,3.5244510188217803e-10,3.181081523667395e-09
4991,Zfp746,26.23664599439589,0.6218975547084499,0.1880015940942415,3.3079376677875656,0.0009398572589454,0.0031638902677314
4993,Krba1,566.1798303108995,0.5966550361130399,0.0484480187362535,12.315365038169553,7.487561528381927e-35,4.0493103646370116e-33
5003,Malsu1,255.29709013519556,0.8211070879164106,0.0834792845499306,9.836058039348549,7.873558717061681e-23,2.1456368747212705e-21
5011,Osbpl3,20.703050497443744,0.8671657427328132,0.2301712250480052,3.7674811112985744,0.0001649030134079,0.000654367523446
5016,Hnrnpa2b1,56.50532300092336,-0.692868462898162,0.1290053727404402,-5.370849664472644,7.836652108313624e-08,5.275169134027837e-07
5024,Hoxa3,26.51382598945198,-0.5929499465392898,0.1919699468337637,-3.0887644463055164,0.0020099072820669,0.0062239071801358
5066,Hpgds,43.59494180380211,-0.5525893306893678,0.1387476841149536,-3.982692282139592,6.813895634280866e-05,0.0002905886937002
5070,Mad2l1,1059.2750069353187,-0.5175922247626319,0.0396420156451734,-13.056657597723587,5.822868513883426e-39,4.068554688020628e-37
5085,Smyd1,19.85759492638864,0.9375452924442458,0.2305698164861232,4.066209995446961,4.778388197905558e-05,0.00020841169798
5097,Usp39,122.90352447203912,-0.529302125170455,0.0923232573159889,-5.733139628716153,9.858840658578153e-09,7.468093175370476e-08
5103,Vamp8,75.28811926646283,-0.514589509062863,0.1088931999681005,-4.72563492682379,2.293974553208176e-06,1.2483223518828787e-05
5112,Gm15402,34.034938427168235,-0.7970587418546412,0.1605687610899248,-4.963971425352513,6.906610935117904e-07,4.085167982641535e-06
5114,Gm26640,65.09157888825594,0.6570989913257962,0.130592307971479,5.031682198842098,4.861947409686392e-07,2.932613858853657e-06
5115,Tmsb10,40.21961258454359,-0.7875662682692645,0.1439881940238165,-5.469658631449992,4.509031962946882e-08,3.1193572407428174e-07
5118,Reg2,70.01821758500954,-1.3091138951272363,0.1318580377597582,-9.928207012396213,3.138480568144915e-23,8.77167657029686e-22
5125,Gm17034,62.64067451582447,0.7628907199153344,0.1277125551404628,5.973498213047885,2.3221933174730994e-09,1.9106958487809752e-08
5152,Gm43920,83.4538974435515,0.7731154194298648,0.1160780136758127,6.660308829793143,2.7325278530726537e-11,2.7880722276561403e-10
5154,Gm44012,247.45311797405068,-0.816530847712327,0.0606296620874594,-13.46751440795539,2.4290625130956684e-41,1.8368339384742483e-39
5156,Spr,84.06853217327257,0.7675063447083259,0.1338521940066195,5.733984044149247,9.809856395787552e-09,7.434211345840218e-08
5158,Rab11fip5,18.441069760857324,1.1097061454689632,0.2346555251306898,4.72908594353753,2.255329053006384e-06,1.22882370236792e-05
5162,Fbxo41,52.25563972697984,0.6487170355177257,0.132792027201262,4.885210725298428,1.0331829337874736e-06,5.948463904877913e-06
5184,Nfu1,228.4457283211096,-0.5513138584262353,0.0644358524974757,-8.55601093269982,1.1684022427796154e-17,2.1712394017951407e-16
5185,Gfpt1,32.63128296656579,-0.5570969785379861,0.1606871069769689,-3.4669675060976366,0.0005263655163299,0.0018718552197173
5192,Copg1,97.81983895730892,0.6224075779477343,0.1015577200208831,6.128609206860388,8.865057114795192e-10,7.609573350429603e-09
5212,Txnrd3,537.8742229416698,-0.7421982889172167,0.0479034700517523,-15.493622656466965,3.830825903446934e-54,4.993796035926197e-52
5215,Klf15,141.8517619732171,0.5682919284072959,0.0927267444945302,6.128673356377977,8.861484138672907e-10,7.609573350429603e-09
5218,Iqsec1,227.5921078905093,1.2231970813358142,0.1641773742475635,7.450460740658159,9.301481742842356e-14,1.206223333956721e-12
5223,Chchd4,33.77118565557275,-0.5763085445221403,0.1656682597052434,-3.4786901579548624,0.000503870804898,0.0018010262369469
5224,Tmem43,20.528500846642974,-0.7114438223257838,0.2059444494135314,-3.4545423503850894,0.0005512276349047,0.0019507383157449
5226,Slc6a6,43.010425578803016,0.6766328606701864,0.1614894119355655,4.1899518523243096,2.7901365164950147e-05,0.0001269882873114
5228,Ccdc174,76.92947354288705,0.6154146828533097,0.1154111088871757,5.332369550793679,9.693940489470887e-08,6.443445679987726e-07
5230,Fgd5,1094.948607799848,0.7677411113470308,0.0612786162708405,12.528695294843995,5.201126097067798e-36,3.048767471932224e-34
5242,Lrig1,63.89094280480072,-0.6265541166618499,0.1151803002320644,-5.439768045399024,5.3349985446918654e-08,3.6646384026220013e-07
5250,Frmd4b,51.56390161110903,-0.7417649009692738,0.1365587823050409,-5.431835935035959,5.57771932173434e-08,3.821352805404457e-07
5262,Cntn3,65.76601143816053,-0.7825246685871043,0.1307141669782078,-5.986532957193263,2.1436116937565776e-09,1.7670886770429402e-08
5271,Gm44040,87.56141509343385,-0.5266915564906167,0.0995985306382878,-5.288145850297766,1.235624405067569e-07,8.092946047139217e-07
5301,Tatdn2,333.2728439552382,0.6826329366175049,0.0550003824549085,12.411421632879616,2.2659333079024947e-35,1.2768168716916381e-33
5324,Plxnd1,591.6547609406325,-0.5700236700324096,0.0442949833153958,-12.868808776236374,6.743413120533223e-38,4.362738532943494e-36
5325,Tmcc1,704.2819355800491,-0.5793214471855901,0.0436207556674961,-13.280866833246314,2.9891369407284688e-40,2.1665661444250995e-38
5326,Gm20404,228.57310721572296,0.7105134502192396,0.0646092198756013,10.9970906874787,3.9465990606665382e-28,1.4452660878767945e-26
5344,Cacna1c,37.47382562209592,-0.6715275126472702,0.1925732975904799,-3.4871268293661277,0.0004882397599556,0.0017516065161029
5361,Gm43915,27.28207002167477,-0.581611465127581,0.1968707857019486,-2.9542802049264343,0.0031339930789866,0.0092489594701367
5367,Phc1,711.2755890266332,0.5888595806506396,0.0626214234200595,9.40348443855414,5.278541092761015e-21,1.2718007697703367e-19
5382,Lpcat3,238.28019175887235,-0.7425786122281622,0.0862889465998053,-8.605721143776686,7.583843320117153e-18,1.429067692727146e-16
5388,Eno2,325.65168298071154,-0.6966213241797767,0.0515920654946942,-13.502489530127804,1.5117983970415339e-41,1.1633521761903751e-39
5395,Ptms,88.94787364305894,0.8880137823580552,0.1191883813657285,7.450506267328124,9.298272321156673e-14,1.206223333956721e-12
5406,Ncapd2,45.029453874065545,0.8954515553452466,0.1501098012050648,5.965310380512536,2.441694541307934e-09,2.0014791294024863e-08
5417,Gm28809,78.57493330549423,0.7188879364111874,0.10866298230051,6.615757465804552,3.696540012770983e-11,3.715256671063494e-10
5421,Rad51ap1,258.6569593056238,-0.5251943133969594,0.0587970292576384,-8.932327364630074,4.171389921495874e-19,8.810863258608213e-18
5434,Rhno1,369.3745728705167,-0.5598318027043506,0.0500506893336326,-11.185296549515432,4.8129376187714573e-29,1.8724363992138043e-27
5435,Foxm1,13.312194873672484,1.157653095921729,0.2971166453832399,3.896291621186402,9.767677016053718e-05,0.000403934143268
5461,Gpr19,69.30247796655979,0.5004251238023694,0.117026722773697,4.276161136034523,1.901436203948518e-05,8.940588858835185e-05
5472,Atf7ip,178.8691601660395,-0.5168201876046346,0.0695428356256687,-7.431681250194416,1.0722594258439704e-13,1.3823046236636517e-12
5494,Cmas,232.7743257601528,0.6276060879750204,0.0670475921776121,9.360605915757027,7.928071996866687e-21,1.8841845121260856e-19
5496,C2cd5,16.677124892269077,0.9431586399688936,0.2676684686387313,3.523607561120181,0.0004257142670667,0.0015437352493193
5500,Sox5os4,478.8944428720128,0.9120539581429123,0.0590797989501637,15.437661846348988,9.135236207505435e-54,1.173340485828713e-51
5502,Casc1,506.9455917975451,-0.7947598296857316,0.0444161997318941,-17.893467574512794,1.3259436077600077e-71,3.0475767026778696e-69
5504,Kras,385.1075412979704,0.5265254566485801,0.0566383312505107,9.296274184346348,1.454534209468843e-20,3.401312392369712e-19
5506,Rassf8,87.26517584577059,0.5854797828418203,0.1048956002421874,5.581547571967169,2.3838782931699167e-08,1.7115325123342418e-07
5508,Itpr2,20.59837372960152,-0.7322295954626062,0.2023266201583829,-3.6190472360454153,0.0002956896670227,0.0011100595537401
5510,Fgfr1op2,86.91414801273913,0.6791936210504974,0.1091654128802363,6.2216924127391,4.918205137686934e-10,4.380989665737652e-09
5512,Med21,28.28107891558497,1.1114767740988418,0.1986727693816772,5.594509894627507,2.2124585270887987e-08,1.5930430977406073e-07
5513,Stk38l,107.43350094034754,0.7236858231137047,0.1047925583083438,6.905889452420048,4.988983862368032e-12,5.406176805697568e-11
5528,Ipo8,64.56573176490068,1.4119957151498257,0.1561979506887936,9.039783869911735,1.5698188730237318e-19,3.419151630171889e-18
5536,Resf1,31.15430418800934,0.5553521889544752,0.1743790481484033,3.1847414861552004,0.0014488337187139,0.0046513926481337
5552,Mboat7,361.2129241526128,0.67065501047842,0.0552367765796229,12.141458137255375,6.368098200529557e-34,3.3008290613308687e-32
5570,Hspbp1,14.860522541847429,0.8304010541449592,0.2607165385033191,3.185072412022637,0.0014471779143078,0.0046469308468987
5579,Shisa7,98.9862486258502,0.5304595582314027,0.1081524284362241,4.904740151481729,9.355110098887968e-07,5.42186672884456e-06
5597,Zfp444,58.10617359100405,-0.5103685106315892,0.1249310498203179,-4.085201488065831,4.403858468844958e-05,0.0001933800898285
5600,Zfp583,37.3852332323815,0.6221622455044968,0.165967723416727,3.748694220154568,0.0001777576529838,0.000700136790666
5609,Zfp773,242.1455021739253,0.7489669717753168,0.1311626834117527,5.710213852701692,1.1283430065608357e-08,8.44830503154937e-08
5611,Zfp772,44.27700986784156,1.256885012499616,0.1575661392628975,7.976872558910108,1.5008765088952069e-15,2.3038058749895848e-14
5617,Zfp329,62.58979650470153,-0.5401342860831385,0.1224357138078325,-4.411574607478499,1.026215810020723e-05,5.0695525366068976e-05
5618,Zfp110,152.25249560592962,1.1596609497860604,0.1160942300842236,9.988962836006175,1.7035480190354704e-23,4.815141876458187e-22
5620,Zscan22,68.21754069712986,0.7907985216129773,0.1233675976124544,6.410099060996412,1.4542511348927307e-10,1.3702535250448028e-09
5622,Gm29638,51.46168669913726,-0.6280257359089655,0.1307815522717536,-4.8020972759520255,1.5701237968286864e-06,8.779424610436457e-06
5623,Zfp324,31.876780542686674,-0.5162551903051931,0.1689597655825846,-3.0554918712458585,0.0022469169352795,0.0068617386408152
5663,Calm3,218.6676952383752,0.5549884627930858,0.0710959975048195,7.806184346108419,5.894534390351428e-15,8.537788286124273e-14
5678,Dmwd,544.2568670763455,-0.5036182381838186,0.0500690720046063,-10.058469590518587,8.429855453091386e-24,2.433929174456204e-22
5687,Opa3,81.6392402445167,1.011738321527329,0.124323072078815,8.137977163932486,4.0193662944839236e-16,6.459088356213908e-15
5689,Ppm1n,894.5784590206713,0.7463403012582035,0.0410128252497253,18.19772953250035,5.379155417783619e-74,1.2871655731211542e-71
5697,Gm26852,11.49734633196667,1.1832294021318386,0.3115212477527444,3.798230171031455,0.0001457329623266,0.0005838677490647
5708,Clptm1,77.02335548781207,-0.6553959570527255,0.1069586095724176,-6.127566164825484,8.92334961063225e-10,7.648335181478122e-09
5718,Gm16175,44.60532558470717,-0.6838587157167371,0.1505864217842902,-4.541303974247695,5.5907354037777815e-06,2.859706179595616e-05
5719,Gm16174,17.57502099229088,0.9716650219846028,0.2762762039526176,3.5170058372137145,0.0004364441838305,0.0015800636275962
5727,Zfp235,11.969780331322283,0.8326876990344902,0.2836381724929371,2.9357391909413217,0.0033275396225771,0.0097624222585115
5756,Erf,30.975161108163014,-0.8846688591598116,0.1715262811861836,-5.157628633011321,2.500970300079796e-07,1.5674630426414195e-06
5757,Cic,140.7468823664236,-0.554481966585465,0.0862228364035498,-6.430801742479405,1.269326324351404e-10,1.203723791192743e-09
5763,Cxcl17,1039.084254530855,-0.506396912424026,0.0341829898887076,-14.814295474817827,1.1842439777179868e-49,1.326049602742166e-47
5764,Ceacam1,83.65499703180785,-0.5120829006877824,0.1078081005973298,-4.749948267806377,2.034686923967492e-06,1.1148654701337564e-05
5767,Tmem91,68.89172278852611,0.6546051561504944,0.1411338571975582,4.638186535454655,3.514795014137415e-06,1.855437875701189e-05
5779,BC024978,34.077176715645905,0.7551558678163297,0.1714487276964263,4.404558015463595,1.0599977131806284e-05,5.221669501928713e-05
5788,Sertad1,34.15558733176224,-0.5947598643119061,0.1642241148748464,-3.621635377759025,0.0002927465422956,0.0011006665090014
5793,2310022A10Rik,48.14196495847426,0.5130044062909009,0.1751531521478199,2.9288905166716743,0.0034017421841146,0.0099518581487933
5798,Zfp607b,203.8771032183233,-0.5454345789747486,0.0646301625594885,-8.439319311207148,3.1919101235616025e-17,5.730347999832895e-16
5812,Selenov,62.63008258539786,-0.7419410276271732,0.1236840930196431,-5.998677837329819,1.989305793223474e-09,1.6453216664785823e-08
5814,Timm50,846.7658225782627,-0.5240450255146687,0.0399821626222641,-13.106970487455651,3.003585706787557e-39,2.115590126055042e-37
5825,Pak4,194.9856020339274,-0.5485061992847421,0.0695961026839589,-7.881277516006167,3.240506936124433e-15,4.8092757145472895e-14
5827,Gm44618,560.8808219833311,-0.6666091570258537,0.0484713447299791,-13.75264418058452,4.910159690190233e-43,4.1235898782809124e-41
5830,Mrps12,198.63454898834968,-0.5608089418622524,0.0677138054806734,-8.282047329658877,1.2107545047232491e-16,2.053345600825797e-15
5835,Hnrnpl,121.6538300924001,-0.730528533508032,0.0894469447133592,-8.167171453972813,3.157040636770097e-16,5.134747285204847e-15
5838,Lgals4,164.63774115280106,-0.5664565609526155,0.0731081873675268,-7.748195945618865,9.320723718686547e-15,1.3236943245367206e-13
5854,Kcnk6,108.30696673037998,-0.5252826704572747,0.0975220725069619,-5.386295194042103,7.1924800143014e-08,4.875368292193125e-07
5857,Spint2,59.28633763671424,0.7636023453277841,0.1282103420617888,5.955856080313541,2.5871393274821784e-09,2.1157373488978788e-08
5865,Zfp420,33.03801363410217,1.2166803411126064,0.1855240491213212,6.558073451258994,5.450736172704835e-11,5.391475620883809e-10
5866,Zfp27,26.493999419213928,-1.513729169369083,0.4978929248477456,-3.040270495572873,0.0023636575878644,0.0071731012412814
5876,Cox7a1,21.109598191009688,1.2567598691836834,0.2342337507968415,5.36540897675208,8.07660028519564e-08,5.422062020822345e-07
5879,Tbcb,200.1984131454164,0.7254864559856822,0.0738864663213329,9.818935619826968,9.332366495944258e-23,2.5245080105136494e-21
5891,Nphs1,111.83856861667032,1.0492479174430809,0.0984205616596202,10.660860898882303,1.5515451855083898e-26,5.211998327011646e-25
5902,Upk1a,26.629837089959164,-0.7794491720821792,0.1775131887836083,-4.390936681512387,1.128634061849622e-05,5.530148609365833e-05
5919,Hpn,85.43271301725999,-0.552206679436616,0.1004574371101358,-5.496921833982364,3.864779032028328e-08,2.693975281887097e-07
5929,Lsm14a,35.548456207474594,0.504110118852223,0.163939776140057,3.074971374985603,0.0021052275789149,0.0064788786730947
5936,AC150683.1,747.146242213634,-0.5855547204392232,0.0415887106617654,-14.07965553925078,5.0656097116116633e-45,4.731875424729012e-43
5941,Slc7a9,118.72610759875268,-0.5152887610788203,0.0921773462199975,-5.590188720002773,2.268229572037857e-08,1.6311829627154093e-07
5943,Nudt19,19.58075058919554,-1.0988230462223518,0.2142969730049923,-5.127571476227773,2.935035642851348e-07,1.81999299287637e-06
5951,Ccne1,29.04975190285705,-0.7690769233031503,0.1700746363269901,-4.521996576988128,6.125905058413364e-06,3.1133927716137514e-05
5952,D530033B14Rik,65.24781377542432,-0.8541837221013957,0.1184464595344435,-7.2115597668244735,5.531455935534535e-13,6.622582061817496e-12
5955,Pop4,984.9098454880752,-0.5144898807790133,0.0391924156086405,-13.127281714822043,2.297567434198036e-39,1.6381186914518897e-37
5957,Zfp619,164.66243278188855,-0.5190680512548425,0.0730634959896422,-7.104341836153414,1.2089728380802586e-12,1.4060144830616482e-11
5961,AW146154,53.20401624876853,-0.5409317139453317,0.1408304491619201,-3.8410139083160497,0.0001225271712057,0.0004980927685877
5968,Zfp976,1889.0581471909456,-0.6777770757749881,0.0248713414087139,-27.25132772844822,1.602721346927152e-163,2.1535643452402683e-160
5980,Iglon5,148.84333757546983,0.6714213523479292,0.0842644632401621,7.968025031314936,1.6123021236917377e-15,2.4640151790592535e-14
5983,Klk10,321.0359467103823,-0.8041165102692794,0.0660515767326652,-12.17406987154646,4.2723663070439245e-34,2.234421995552193e-32
5986,2410002F23Rik,59.30372788502547,-0.5007599406605892,0.1195419262269048,-4.18899005952177,2.801986720363609e-05,0.0001274612084148
5988,Clec11a,101.78216176581978,-0.505195418724095,0.0967269705970632,-5.222901281883356,1.7614130433585124e-07,1.131983474510622e-06
5999,Myh14,229.62060923731036,0.5991873407153412,0.0666076961873353,8.99576738144668,2.3458759782708274e-19,5.0465223631077344e-18
6005,Tbc1d17,68.2353310536911,0.7055762000638257,0.1316560942292069,5.359236913374109,8.357420023868589e-08,5.597676877950018e-07
6012,Cpt1c,209.67000150899975,-0.6572936163000211,0.0649531880337052,-10.11949738262179,4.527344991669597e-24,1.3313747864391334e-22
6020,Prr12,434.13255146511136,-0.690880348873155,0.046409537758094,-14.886602673664036,4.0271923676975198e-50,4.6587414754265084e-48
6045,Ftl1,60.65463101704484,-0.6843796900510447,0.1210602018826817,-5.6532178156639,1.5747154335497874e-08,1.1552763205899909e-07
6047,Dhdh,40.34401114222158,-0.54077538568418,0.1586255949303023,-3.4091307012704264,0.0006517024811909,0.0022695253073054
6048,Tulp2,771.4080284951488,-0.907746406190651,0.0405376195903813,-22.39269141511304,4.637245253549874e-111,2.793220692724455e-108
6049,Nucb1,94.17648096374852,-0.5336822904923876,0.0973358454489886,-5.482895720796687,4.184196799898192e-08,2.9015303573093134e-07
6050,Ppp1r15a,67.24835649315222,-0.5173976192071589,0.1126423667377639,-4.593277238320833,4.363387596025339e-06,2.2670926391246468e-05
6055,Fut1,110.95080135208671,-0.7108225277760035,0.0895824236323149,-7.934843677522358,2.1076061591463967e-15,3.1847460543226003e-14
6060,Car11,310.8335967688481,-0.5319807505708817,0.0557600799255899,-9.540530631964533,1.4210333281215033e-21,3.556247876164243e-20
6066,Lmtk3,16.9656504654975,1.0892560863164156,0.3078371971120465,3.5384160736103256,0.0004025352214377,0.0014648927600156
6067,Cyth2,174.85739775991686,-0.6174349043701247,0.0745661646290176,-8.28036291583446,1.2280045817083012e-16,2.080580410599477e-15
6092,Tmem86a,343.76371804924474,-0.5643080149559028,0.0557262969042766,-10.126422287223525,4.21801148877975e-24,1.244598389966295e-22
6096,Htatip2,53.97334409274431,-1.0593019544477205,0.1340442526714032,-7.902628671775273,2.7308219566876718e-15,4.0945920978043137e-14
6101,Gas2,34.710493253423806,-0.7896483390226054,0.1931545882453439,-4.088167649528462,4.3479389683292506e-05,0.0001910686739591
6103,Luzp2,152.15355575166396,-0.5340553432772238,0.0794278482902809,-6.723779565643508,1.7707025081266173e-11,1.830214876447086e-10
6110,Herc2,110.1134253489774,-0.9269724613254472,0.0897924897747568,-10.323496582517588,5.517639027533565e-25,1.711938162219473e-23
6112,Gabra5,685.3978796449902,-0.8629746053954374,0.0435660338534833,-19.80842709477989,2.5182891009055083e-87,8.797894802923484e-85
6116,Snhg14,220.82853918951375,0.8432788354137998,0.0708540500578054,11.901632083498686,1.16054962871445e-32,5.615645682654851e-31
6124,Peg12,50.53443645259181,0.651030118556833,0.1350554234218438,4.820466309770836,1.4322304375686344e-06,8.052205112149631e-06
6129,Mtmr10,12.946514398665729,0.9494129748500828,0.286924104095331,3.3089341791048645,0.0009365185124834,0.0031538664692619
6133,Mcee,80.06344584001373,0.7763923290017019,0.1107930085473889,7.007593161166119,2.4245258065336537e-12,2.7218262717564175e-11
6137,Tjp1,15.801143534772203,-0.7683510918448543,0.2305392397475032,-3.332843001852467,0.0008596343589028,0.0029185797825686
6147,Gm10974,217.0182549568708,-0.7341696115736163,0.0652716269227516,-11.247913468473811,2.3713543776613427e-29,9.371678341400075e-28
6150,Lins1,93.02207922196638,-0.7885905015080804,0.1017491596921883,-7.750339205687056,9.164740187681114e-15,1.304724381405165e-13
6162,Arrdc4,230.07589377986548,-0.5617821074450343,0.0627020101317436,-8.959554984994414,3.259913732294788e-19,6.944411350698214e-18
6185,Mfge8,61.99575579133097,0.500423718788565,0.1242970715830389,4.026029836545647,5.672649422418911e-05,0.0002450292782166
6214,Furin,95.15659204750182,0.6513673592234075,0.1019999748069442,6.385956079462308,1.7032988667046568e-10,1.5893816561750502e-09
6215,Blm,39.663605533236456,0.8658144627452815,0.1678985428425056,5.156771750886749,2.512437528416785e-07,1.5730200267521293e-06
6218,Gm44649,79.40962021115129,-0.5523217377171306,0.1125995799511479,-4.905184708120215,9.333946165918672e-07,5.413192949079262e-06
6221,Nmb,38.41106455600825,-0.5864000305634602,0.1518483117884241,-3.861748765310694,0.0001125783028612,0.0004612677994243
6240,Efl1,310.3345723426466,0.5531882966959207,0.0630240879112712,8.777410590609886,1.672813974928876e-18,3.405677682291096e-17
6261,Ccdc81,66.2346807551294,-0.7065360719043201,0.1158294041328316,-6.099798899889647,1.062019925184927e-09,9.018650487666652e-09
6266,Sytl2,84.91479146637164,-0.5337703845157389,0.1050796216252093,-5.079675547553396,3.780800180219901e-07,2.3108123704717014e-06
6273,Pcf11,11.14061656816606,1.1177097067858377,0.3512351174347287,3.1822265237858662,0.0014614746361706,0.0046862716529091
6275,4632427E13Rik,496.52588007282327,-0.5328470241061111,0.0467239829978301,-11.404143866135229,3.986801950441164e-30,1.6821607843069142e-28
6276,Ddias,697.6261888922453,-0.5737271169678162,0.0477568968115933,-12.01349240155277,3.01823959781272e-33,1.5106764840857476e-31
6277,Prcp,178.41094548316826,-0.6172592296849344,0.0768484578139938,-8.032161571530379,9.577013059122397e-16,1.4910094841065062e-14
6287,Aamdc,154.84957169100196,-0.5469160852796595,0.0778365651131652,-7.026467374099919,2.1182808265157275e-12,2.3949598367363576e-11
6300,Uvrag,95.73781694349849,1.098597213888177,0.1079015103555218,10.181481336715663,2.3988149686403582e-24,7.262131693623878e-23
6303,Map6,70.95058621734555,0.7942844401151058,0.128936258807792,6.1602876294026965,7.261293445683808e-10,6.310461388517651e-09
6305,Rps3,21.45888831136415,1.105288029363426,0.238031873381443,4.643445491823761,3.426464216289344e-06,1.813741725155826e-05
6309,Xrra1,35.053749720795224,-0.978916294704555,0.157022049800538,-6.2342600669654535,4.539184516516048e-10,4.057854408111684e-09
6313,Lipt2,24.34061308028029,0.6859822336371446,0.2031509173884813,3.37671245818376,0.0007335769386342,0.0025254477658776
6316,C2cd3,153.72818808755824,-0.6867027375549641,0.0799942348531207,-8.584402848728226,9.13094744491931e-18,1.7113668451486106e-16
6318,Ucp2,136.1711208370941,-0.6612086850573856,0.0799456435323656,-8.270728157810101,1.3314331654827908e-16,2.2427651431681187e-15
6319,Coa4,12.35341699183382,1.0541370582594711,0.2985676992216072,3.530646687527489,0.000414545080996,0.0015060884931029
6327,Arap1,40.19455521961711,-0.7217786224813907,0.1532077141078241,-4.711111491249188,2.463694005538116e-06,1.3352716999298731e-05
6334,Folr1,93.53554920369808,-0.5154972680781792,0.0962786288053939,-5.3542232006663,8.59247434619135e-08,5.744100339811346e-07
6340,Il18bp,796.1073701252916,-0.6379219019630699,0.0472154218689028,-13.51088006233022,1.3489912318728602e-41,1.0426627804581914e-39
6344,Art1,27.925131039988127,-0.5278101148017809,0.1798738193616925,-2.934335395083004,0.0033426279660587,0.0098050420337722
6352,Trim5,232.6370158338562,-0.6672924951649718,0.0617025308954974,-10.81466976281949,2.933472693986724e-27,1.024838020371202e-25
6357,Olfr655,89.81592081360078,-0.5953462196252859,0.1103917741697396,-5.393030632063896,6.9279136576602e-08,4.701507217249742e-07
6365,Timm10b,817.5520399753267,-0.8640887345418883,0.0375568313022094,-23.00749835865557,3.9214979082252405e-117,2.634643286956865e-114
6369,Taf10,218.18289731063783,-0.8589182016688425,0.0656784544052376,-13.077625066651178,4.4203629314143935e-39,3.1009999873874146e-37
6375,Platr28,154.0319899177654,-0.5569642135566372,0.0851969736792435,-6.537370865466903,6.260966199922089e-11,6.130412420416986e-10
6389,Tmem9b,44.24239616458277,-0.8764103036251644,0.1425643851469639,-6.147470160388989,7.872850486748803e-10,6.808925451909074e-09
6402,Ctr9,315.95110352172503,-0.5208937270623333,0.0587920909883994,-8.8599285772148,8.006571885588281e-19,1.6610308515137302e-17
6404,1700012D14Rik,252.59452739207623,-0.5564995421413198,0.0591470485341327,-9.4087457604951,5.020923013977016e-21,1.213077222795996e-19
6410,2310014F06Rik,13.889372486029911,1.054320282975875,0.2763069763620752,3.8157570136567385,0.0001357660574803,0.0005470730085505
6411,Tead1,196.1199023063007,0.626609467054792,0.0701374551068132,8.934020575746867,4.1080089912152704e-19,8.68749407488479e-18
6414,Btbd10,259.97162842593906,-0.9748433948621577,0.0603814463756897,-16.14475063741833,1.2364719347909685e-58,1.830397606519376e-56
6416,Gm5600,100.5512841914432,-1.0447904271355664,0.1064061088827808,-9.818895156541522,9.336112747835e-23,2.5245080105136494e-21
6418,Rras2,86.16745728847908,-0.9366747411268004,0.1047061298129257,-8.945748857304915,3.694362601557453e-19,7.850745246229389e-18
6421,Psma1,111.27140861578864,-0.5600937974369373,0.0998973017173451,-5.606695954828659,2.062254671460629e-08,1.4891882844594574e-07
6425,Calca,37.36718765813436,-0.5488664794071169,0.1508056972178553,-3.639560636851929,0.00027310362368,0.0010339345683665
6428,Sox6,14.26640688455548,1.209927066938305,0.2949011451474965,4.1028225452741225,4.081402875473989e-05,0.0001802628203003
6429,Gm45025,32.59989221332258,1.9346959900026024,0.2366226728149583,8.176291675631427,2.9271292827521247e-16,4.774145127088153e-15
6437,AV356131,3274.8888593748043,-0.5368272432543286,0.044777296059898,-11.98882671557974,4.0662380448213825e-33,2.0294013190554263e-31
6438,Nucb2,126.5977506026882,-0.5081659208838372,0.0845276346444546,-6.011831787572385,1.834386129306725e-09,1.522958978456743e-08
6440,Xylt1,204.7685251617846,-1.104145389509658,0.0689534323544767,-16.012914104601084,1.0383072256456592e-57,1.5241303039981829e-55
6450,Knop1,108.79526269125412,-0.5936706173703917,0.1038193062870476,-5.718306532784617,1.075909231369012e-08,8.079958062576914e-08
6457,Lyrm1,412.8956185950871,-0.5334459661276403,0.0509874501970875,-10.46229933180913,1.286941020065752e-25,4.1862729494429355e-24
6464,9030407P20Rik,852.2810831998106,-1.3210612962417254,0.0357453501359562,-36.95757045929369,5.504924263601426e-299,1.6026669506098287e-295
6467,Polr3e,121.39507421414206,-0.5854074807924742,0.0880111787325513,-6.651512787613175,2.9009564292882543e-11,2.9513050033085167e-10
6472,Cog7,43.70595960770793,-1.00083356791542,0.2083394304218851,-4.803860536091236,1.5563525435226193e-06,8.719168130292853e-06
6473,Gm44987,339.65619160604496,-0.6650967065377378,0.0539194852842507,-12.334997321126227,5.869087610162191e-35,3.18388889361221e-33
6475,Ears2,168.2833789550804,0.5669538331962174,0.0780136877025844,7.267363585703634,3.665712040926489e-13,4.477808246916357e-12
6477,Palb2,262.76095343578345,-0.859051547651611,0.0662719728097674,-12.9625165998529,1.995903140589408e-38,1.3565928427943886e-36
6478,Dctn5,15.474399923529276,0.8157782718186343,0.2566267576398115,3.1788511818538416,0.0014785998383282,0.0047330368290119
6480,Ern2,18.695816650002847,-2.147889732607469,0.2464271542015758,-8.716124404255016,2.8788697398618627e-18,5.68227080405729e-17
6484,Gm45847,207.30136297623312,-0.853538953874447,0.0659517673389908,-12.94186628066042,2.6120606279572187e-38,1.7616785733265136e-36
6498,Nfatc2ip,67.64094960096696,-0.7676492433570578,0.1131800157017156,-6.782551129699318,1.1807205389500086e-11,1.240964282453595e-10
6508,Sgf29,21.199326041686582,-1.0327911953131506,0.2155186091992222,-4.792120732175166,1.6502753941587543e-06,9.195218687452987e-06
6514,Gm9967,503.1309155489553,-0.920677295052782,0.0469756138613668,-19.59904766268429,1.5754474513959932e-85,5.003621105633675e-83
6516,Aldoa,700.5053953642257,-0.955307186093375,0.0523854968294985,-18.236100522300227,2.668286439743539e-74,6.473559379088908e-72
6522,Sez6l2,344.4757930218963,-0.7682127712405288,0.0568209414867965,-13.519888110601586,1.1935719470148454e-41,9.34946850693064e-40
6555,Zfp629,909.2481175068976,-0.5608865383896183,0.0356631147052837,-15.727357047322602,9.822636178503829e-56,1.3617603870325788e-53
6557,Gm39090,28.362026697924108,1.6299751225469885,0.234237952691356,6.958629478352416,3.435988668727631e-12,3.796321952266557e-11
6562,Setd1a,34.33409282781927,0.7930607291172533,0.17417387493382,4.553270284757623,5.281834127522625e-06,2.7112276973131124e-05
6564,Stx1b,15.459148484476206,-0.8428927146937064,0.234948963109363,-3.587556648638455,0.0003337912281268,0.0012399505779687
6571,Prss36,11.618788564078134,-1.161374053740555,0.2848672279419773,-4.076895970557581,4.564089993156696e-05,0.0001996632206372
6572,Fus,13.328252770584871,1.1582786810271235,0.303786736973007,3.8128020089634207,0.0001374001784062,0.0005528924939875
6581,Inpp5f,2778.961704162793,-0.5502211731377623,0.0271141753455434,-20.292749682619345,1.4902289795368973e-91,5.42319162803136e-89
6587,Ate1,118.2704278055782,0.5195097281672408,0.0905858529651674,5.734998470092298,9.751322632288737e-09,7.39627024493355e-08
6588,Nsmce4a,110.78584010708134,-0.530537059611999,0.0901863499864782,-5.882675811711451,4.036861553613419e-09,3.227272202220558e-08
6592,Htra1,1133.0345021038945,-0.8192161043950804,0.0475437579598641,-17.230781485271986,1.5602902226309836e-66,3.132775817117014e-64
6596,Acadsb,117.01612963517223,0.8201588776061742,0.1028117003898953,7.977291246967666,1.4957958623426289e-15,2.298026571978984e-14
6604,Zranb1,62.127928595487454,-0.9016289443988073,0.117195513976394,-7.693374206971923,1.4330459520569652e-14,1.9993967005216506e-13
6622,Dpysl4,15.647257065744151,0.7467486870997176,0.2448505602332654,3.049814084102162,0.0022898306544294,0.0069757171035183
6624,Lrrc27,349.1158288402674,-0.8124560827982321,0.0578848220075226,-14.035736046534716,9.421315816882093e-45,8.661660246805073e-43
6625,Pwwp2b,226.8724039540268,-0.587737276606236,0.0695445938382575,-8.45122883272794,2.8825265267432235e-17,5.185579131735389e-16
6629,Kndc1,17.495009535313788,-1.0856862129878542,0.2198377627096649,-4.938579248651184,7.869379759767492e-07,4.620582374575413e-06
6637,Fuom,473.5015724322422,-0.5707864477685186,0.0450804387854281,-12.661510472099046,9.662218626298668e-37,5.922092454883687e-35
6647,Ric8a,20.741367439100674,-1.439981610769616,0.263557163561714,-5.463640567798236,4.664675692577333e-08,3.220654347744698e-07
6650,Pgghg,297.1275584694016,-0.6489632506361785,0.0589404755837013,-11.01048548063692,3.401657386389217e-28,1.2535896883005665e-26
6651,Ifitm5,331.3563738418757,-0.9835493216354236,0.0555835840183873,-17.694960463687618,4.585520995940275e-70,9.650588043022256e-68
6653,Ifitm1,20.208154583773005,-0.9734320640792952,0.2130223732167076,-4.569623600470466,4.886009415693927e-06,2.519150309130505e-05
6673,Cracr2b,16.514324771555533,-1.0470255657575274,0.2261155576279352,-4.630488838279625,3.6480344899727535e-06,1.922288581322596e-05
6675,Cd151,296.493337121552,0.5222830492438272,0.0696687052293192,7.496666509370272,6.546124538793096e-14,8.527047236662028e-13
6686,Tnni2,16.469342645068675,1.1943452908566432,0.2492542956566767,4.791673851437795,1.6539561423108244e-06,9.212788869223686e-06
6689,Tnnt3,273.74666918946144,-0.7607342433359382,0.0605392082293214,-12.565976093613411,3.248410654364803e-36,1.9300420853892646e-34
6694,Ascl2,12.191384940336176,1.1245168374003756,0.3177355648978259,3.5391594823890293,0.0004014032672481,0.001461082602248
6697,Trpm5,623.1182326838676,-0.9896362939049724,0.0683286735185787,-14.48347001256928,1.5411619285576626e-47,1.602441462383646e-45
6702,Cars,72.65600859688149,0.9095647543442674,0.1200360609828419,7.577429206663831,3.524692307922937e-14,4.685641189862851e-13
6716,LTO1,36.85098524322005,-0.5420735322705407,0.1684224629963762,-3.218534645715304,0.0012884740421282,0.004192821268237
6717,Ccnd1,91.40700945269786,-0.5026329312330478,0.0966124917855254,-5.202566686188633,1.9655479410154027e-07,1.254446161258935e-06
6724,Mcoln1,35.184811177375224,0.6638527071896116,0.1762918139027685,3.765646813049135,0.0001661184771898,0.0006588913622962
6726,C330021F23Rik,307.80568339741484,0.6094190404381059,0.0577139305116207,10.559305786934726,4.600514784349354e-26,1.5191265076184218e-24
6742,Ccl25,30.393018398486344,0.8108510735696949,0.1747301681991634,4.640590013313893,3.4741580068279565e-06,1.837873775386758e-05
6747,Gm31135,1213.9397782202657,-0.6093494961268093,0.0342738789895196,-17.778830820787388,1.0310781091064102e-70,2.2798572670722494e-68
6751,Lig4,25.9695487008292,1.3169161610438789,0.2314139792466587,5.6907372896440656,1.2649199465069718e-08,9.398392864986723e-08
6755,Irs2,784.102660685623,-0.7361984449110048,0.0397932476522369,-18.50058711831781,2.0423697370752337e-76,5.3247932189895806e-74
6764,Sox1ot,38.197389343310725,-0.6365992020864052,0.1481406918050821,-4.297260896580788,1.729216255469367e-05,8.194777414687712e-05
6815,Plat,46.72387187064824,-0.5261438000606087,0.1400831420897895,-3.7559394528955137,0.0001726924439175,0.0006822170617131
6830,Fgfr1,189.02080995859845,0.8945885491563678,0.0742673426026822,12.045517152030952,2.047880295972595e-33,1.0309041213270687e-31
6833,D830025C05Rik,39.68223450421147,-1.0154721817835914,0.1645409583858648,-6.17154653616523,6.76252204082125e-10,5.912299049502784e-09
6834,Nsd3,70.39675330156062,1.4719196232271556,0.1355538539612,10.85855975477073,1.8159051659148858e-27,6.421099481417253e-26
6838,Lsm1,81.46690639399152,0.8995282853652499,0.1125844463527346,7.989809556348198,1.351473638898131e-15,2.0836312024953703e-14
6846,1700047A11Rik,41.1777680100927,0.589156758719213,0.1515763518922218,3.886864615518205,0.000101547351405,0.0004182572823258
6847,Rnf170,89.76352084952843,-0.8584672579405676,0.1006212317420236,-8.531671130219681,1.4424863282042492e-17,2.677720635608058e-16
6848,Gm45250,294.05074795311464,-0.7016518911650063,0.0623796439955796,-11.248090662632304,2.3665960700172528e-29,9.371678341400075e-28
6850,Gm39149,260.1241537569056,-0.7173702816548205,0.0632150307674648,-11.348096693864658,7.579461547057514e-30,3.129977170307344e-28
6856,Rab11fip1,97.64557837935956,-0.5981473056211349,0.0970846251287467,-6.161091983698908,7.224500884342187e-10,6.287871522057265e-09
6867,Wrn,64.91364639541148,0.5320520453423974,0.1272622341254352,4.180753614760398,2.90544551680224e-05,0.0001317557691783
6881,Tnks,263.0507651804608,0.5274867345468545,0.0673614739246807,7.830688727753441,4.8520459026578345e-15,7.104403841376953e-14
6882,Ppp1r3b,1003.8040351990048,-0.5336480789701152,0.0448975347373639,-11.88591048688494,1.4010004095361938e-32,6.741783788919624e-31
6899,Pdgfrl,15.058823494131705,0.8704714974391747,0.2539619381290952,3.427566760010676,0.0006090165374105,0.0021336343512811
6907,Frg1,146.0728415337836,1.244515067142881,0.1642478826720479,7.577053943689439,3.5348983213910056e-14,4.695635275897952e-13
6920,1700029J07Rik,30.05208097695389,-0.7881595847054559,0.2056658787849698,-3.832233082909692,0.0001269853417562,0.0005148978527851
6921,Ufsp2,170.43944207982662,-0.5558422471880803,0.0716590010056589,-7.756768017798417,8.712108013124529e-15,1.241297738770467e-13
6923,Lrp2bp,4298.166672534305,-0.5607542641713877,0.03250868863481,-17.24936586863537,1.1313423684328598e-66,2.2979405223006043e-64
6930,Irf2,15.301774253125815,0.9160004567184806,0.2537552073292431,3.609779938545204,0.0003064568846321,0.0011462931179344
6932,Trappc11,272.1958106832965,0.5195768417919039,0.0668222902175757,7.775501858738204,7.514887578153229e-15,1.0777508720458179e-13
6933,Rwdd4a,18.312441222102706,-0.7308235382643509,0.2319667681120145,-3.150552746035773,0.0016296182829633,0.005171906280306
6939,Tenm3,78.35800801288022,0.9256856514070976,0.1308967376012196,7.071877178690452,1.5285168361271522e-12,1.7554327477625967e-11
6950,Sap30,39.359463379083614,1.3174893910272432,0.1782189630368858,7.392532021155141,1.440587915856913e-13,1.8314548554722378e-12
6960,B230317F23Rik,100.59635290186672,-0.5137589257613145,0.0905437381001776,-5.674151924155056,1.393773993481691e-08,1.0303192601835879e-07
6961,Nek1,211.99740015255497,-0.6768457057596253,0.0683305583492295,-9.905461364743218,3.94146628522665e-23,1.0911177982621097e-21
6966,Ddx60,112.76874431712488,-0.6080131499606546,0.0874913804186598,-6.949406296382766,3.668266759735965e-12,4.0452830655977166e-11
6971,Msmo1,160.41218715228305,-0.5657030267556822,0.0754122228990273,-7.501476617565384,6.310288781401463e-14,8.22597943533737e-13
6979,Naf1,181.4757422755136,-0.8239240019750239,0.0777155532097977,-10.601790348848088,2.923295669650837e-26,9.726500715706824e-25
6986,Gm15716,118.16879086341196,-0.6688565504615761,0.0890872146840983,-7.507884861293837,6.00903189392105e-14,7.8567192457345e-13
6997,Gmip,220.08584000512505,0.679181065573141,0.0705731192703296,9.623792636563849,6.344763384079965e-22,1.625078105470804e-20
6999,Pbx4,15.342034881989887,1.0832539302857087,0.2637102228806538,4.107743410371891,3.995436151444208e-05,0.0001767788214119
7000,Cilp2,377.1833369895571,-0.5251637969729971,0.0490559509270837,-10.705404483007486,9.601044828562379e-27,3.2756064661196803e-25
7009,Borcs8,11.33961608544668,1.341255455699207,0.3133998478434878,4.279694023237149,1.871504257223601e-05,8.809333431738579e-05
7014,Sugp2,55.45963069042079,-0.9067343330051624,0.1250986609965793,-7.248153783436229,4.2249076712047933e-13,5.114392737394687e-12
7015,Homer3,33.35624018426772,1.234702632401767,0.178371274774057,6.922093447870266,4.450175099215855e-12,4.864559363773627e-11
7018,Upf1,28.79460759216336,-0.9629357432948622,0.1992922215775641,-4.831777857020324,1.3531919477606442e-06,7.642275119134476e-06
7036,Pde4c,234.41894659104415,-0.7300334321793892,0.0740504937056986,-9.858589668298304,6.292703144376281e-23,1.7256034305488988e-21
7052,Haus8,193.8927782046445,0.7012216518750874,0.0754141423870916,9.298277878382564,1.427387753759866e-20,3.3423068743535314e-19
7054,Use1,41.44571295448402,0.5344065594651325,0.1623371449850362,3.291954897410525,0.000994935665388,0.0033313276218129
7066,Mvb12a,32.56595215317833,0.6166278125520487,0.1660739596476678,3.712971099504387,0.00020484028608,0.000797270525233
7067,Pgls,60.65381143360759,0.6452373870262438,0.131066471253802,4.922978248012657,8.523693019548413e-07,4.9730083388601095e-06
7074,Zfp882,518.168551247618,0.5458183937642823,0.0707615333008685,7.713490201569485,1.2242275853005628e-14,1.7190359694558065e-13
7079,Rab8a,51.17226319618025,1.2888876925363917,0.1573663610112748,8.190363456673227,2.604384857027468e-16,4.279717279638365e-15
7097,Gm45822,30.06867161461761,0.7469721728893478,0.1799437484851742,4.151142671960574,3.308194518026129e-05,0.0001485540921359
7108,0610038B21Rik,41.97334322464023,1.179673269552454,0.1782880086957748,6.616671969035293,3.673754537374225e-11,3.694481534764131e-10
7109,Prmt9,40.899083208161656,0.9871262555015724,0.16376589345905,6.027666900913073,1.6634343772866664e-09,1.3869628497586393e-08
7117,Mmaa,76.80278531048498,0.7212304994790283,0.1176183097694559,6.131957693429827,8.680419041047092e-10,7.465758730133461e-09
7136,D830024N08Rik,60.25867743746016,-0.7189490280098987,0.1206753837859869,-5.957710723215324,2.5579577573413303e-09,2.0948151010425862e-08
7138,Pkn1,10.843222280981694,1.2369752958804328,0.3209154250356065,3.8545211584740326,0.0001159563556085,0.0004736963563543
7139,Ddx39,33.14758968918632,1.0961409362459924,0.1865287937015196,5.876524018055997,4.189706430312048e-09,3.3433436237867e-08
7142,Gm10644,37.68846351928063,1.6260166279065873,0.1782104982446002,9.12413490744424,7.231145641677365e-20,1.6090911091569458e-18
7151,Rfx1,304.0667157336904,-0.6240989308120757,0.0648998569095678,-9.616337547272284,6.82169037534491e-22,1.7421240859141062e-20
7153,Podnl1,129.7010622584141,1.053724448170038,0.0879122049082352,11.9860996464591,4.202305618319118e-33,2.0913354570028023e-31
7155,4930432K21Rik,348.6583605265128,0.7015733410792467,0.0593788083098076,11.8152142329769,3.2571758083516447e-32,1.5253712337878432e-30
7167,Gadd45gip1,33.82302510144407,0.9445041371565542,0.211070970479553,4.474817806591981,7.64764966453988e-06,3.848722107178987e-05
7174,Dnase2a,37.57480461164764,0.789839237633502,0.1841237870422247,4.289718619856379,1.788996328122814e-05,8.459715175866084e-05
7197,Siah1a,344.54011266645455,0.6522702144754964,0.0576011439373723,11.323910774839586,9.991306812700261e-30,4.068255184248209e-28
7204,Tent4b,31.04649204183205,0.7113436474318066,0.1873290736016328,3.7972944282238,0.0001462840014629,0.0005856724587566
7209,Cyld,18.643861203100045,1.293216643776361,0.2532023555994926,5.10744317806399,3.26547248514379e-07,2.0141692574326173e-06
7212,Gm35963,73.37466018573936,0.7164200045207435,0.1189041092754795,6.025191298148717,1.689097205315684e-09,1.4070171665452729e-08
7222,Irx5,27.683098622748847,0.8380734266104816,0.1903687998387522,4.402367548255562,1.0707595948035494e-05,5.26725671698913e-05
7223,Mmp2,91.8387661881401,-0.5901236876269093,0.0982330742300514,-6.007382872339945,1.885419186967474e-09,1.5630993050758347e-08
7224,Lpcat2,447.8769989122171,0.511322936282893,0.0504328280823477,10.138692508934753,3.72045743423843e-24,1.107137145847988e-22
7228,Ogfod1,27.008283622074515,0.8487462074080678,0.1933172258407765,4.390432377232268,1.1312549245147875e-05,5.541436068823418e-05
7234,Mt1,52.78180738554912,-0.702091582387768,0.1266370216417913,-5.544125827388156,2.954263428060661e-08,2.0969148135458606e-07
7251,Kifc3,244.60319251383092,0.7204819023935926,0.0689019714193591,10.456622467425674,1.3663982910800314e-25,4.4364768305921915e-24
7252,Gm31224,65.66278422572645,-0.6055809721481221,0.1202023034442204,-5.038014703513068,4.703853161900652e-07,2.847086175747768e-06
7256,Usb1,37.83464705749331,-1.1301567906774064,0.1550878701784604,-7.287202986132502,3.164559417335958e-13,3.901095547073008e-12
7257,Mmp15,132.0228505102564,-0.5390446025244775,0.0915695608357851,-5.886722592141346,3.939290907392181e-09,3.1579409623830484e-08
7273,Cklf,385.8885864186756,-0.709858355017737,0.0652900015950277,-10.872389916924089,1.5605848071090966e-27,5.529471685716368e-26
7283,Cbfb,32.94923658176923,0.6271284239957264,0.1840975190445537,3.4065012241906096,0.0006580125536735,0.0022883064478538
7302,Gm38250,171.9200810173333,-0.7589797121757133,0.0783584336058536,-9.68599903353626,3.4581088776779e-22,9.042851178933763e-21
7308,Pard6a,993.83279106012,0.60989003417894,0.0376516573060999,16.19822546510142,5.190332429506552e-59,7.815924730915555e-57
7309,Enkd1,19.87894679610509,1.2037117619003646,0.2472512042710022,4.868375729248315,1.1251924455986169e-06,6.431564672682145e-06
7310,Gfod2,24.143597105325597,0.97905775366093,0.2147695396618742,4.558643442651713,5.148509455367727e-06,2.644344697629034e-05
7333,Smpd3,184.99684172247615,0.5410273081197937,0.0745857749624401,7.253759961497271,4.0535824157018506e-13,4.924059640993041e-12
7348,Nob1,148.1692364725799,0.5031160492549176,0.0847239034448538,5.938301102738872,2.8799075920772524e-09,2.3463724728733893e-08
7362,Marveld3,117.39151433196535,-0.5176675995993375,0.0861990319202803,-6.005492034737621,1.907525299928214e-09,1.5799265973990537e-08
7365,Hydin,27.29730846151929,0.7639451723040871,0.2013733171431408,3.793676258315082,0.0001484331787057,0.0005935967870035
7366,Vac14,54.758629036094135,0.7120382241557638,0.1423561289029931,5.001809403239488,5.679472603877944e-07,3.401063676535479e-06
7370,Fcsk,87.95534947402537,0.5020518109324751,0.1047058025700118,4.794880499548022,1.6277183252555983e-06,9.075321961559142e-06
7371,St3gal2,34.20394172135173,1.205193574428555,0.1814790496455503,6.640951541141732,3.116645012222051e-11,3.1596955933543115e-10
7377,9430091E24Rik,20.357837969418405,-1.11558230743843,0.2145379135493007,-5.199930814010036,1.993627213917914e-07,1.270046687553542e-06
7380,Mlkl,2155.683293887204,-0.6886144140315053,0.0410075470780417,-16.792382453917547,2.7747884591704097e-63,4.996907711833888e-61
7382,Ldhd,14.482546457999698,0.918535980852616,0.2586568530122783,3.5511758925212527,0.000383514020632,0.001402097721306
7387,Chst5,79.12053781127936,-0.7220170922877097,0.1100749644148854,-6.5593216052865815,5.405311452904917e-11,5.349573963702156e-10
7391,Terf2ip,295.2600365680078,-0.6619625293993171,0.0587116347822982,-11.274810041550763,1.747553983535256e-29,7.001438757888497e-28
7394,Adamts18,42.56133278561254,-0.5611423274710746,0.1456699524301911,-3.8521487658203815,0.000117085851041,0.0004780868737691
7395,Nudt7,69.556544810701,-0.9290642213005011,0.1178481051648215,-7.883573690057374,3.1814840033026437e-15,4.733744682256437e-14
7444,Car5a,11.235633292681529,0.8940503212776845,0.3010551181580168,2.969723041906294,0.0029806834449634,0.0088308308033619
7449,Cyba,149.07889269270458,-0.5821029478777007,0.079234812115427,-7.346555539624546,2.0337973773162025e-13,2.5540167208453935e-12
7453,Piezo1,28.29566184161625,-0.5474591102571233,0.170354020844299,-3.213655348689965,0.0013105688100846,0.0042544166464519
7474,Tcf25,37.76989568451439,0.5513428480284073,0.1822557329247532,3.0251056533625564,0.002485462870889,0.0075049378441986
7482,Rab4a,2749.206405486616,-0.8010251324207718,0.0364202070886767,-21.993975225632784,3.2887753156206536e-107,1.7408584004018662e-104
7483,2810455O05Rik,175.69519831519696,-0.5857241196433873,0.0811670773013589,-7.216277080776204,5.343013566017487e-13,6.4189656788991375e-12
7512,Pcnx2,142.43725795684125,-0.6593510625875729,0.0852822077406579,-7.7314023646368355,1.063682408125033e-14,1.499629080317036e-13
7528,Gm32856,26.4684599414154,-0.7929609116700947,0.1774329521304742,-4.4690735410128095,7.855911963301572e-06,3.948980436689262e-05
7533,Gria4,135.10856286214295,-0.5529114914779187,0.0800034305348878,-6.911097283969658,4.809190929083965e-12,5.2308186269762576e-11
7552,Mtmr2,105.9294243324674,0.6234212691362162,0.0969091263878725,6.4330501406133065,1.2506837027346182e-10,1.1879794953435732e-09
7556,Kdm4d,102.05171941609122,0.5952380498092691,0.0955961744861262,6.226588595296301,4.767007082905851e-10,4.252813060480052e-09
7564,Vstm5,60.4680667940949,1.3467468368485376,0.139181005075003,9.676225833566813,3.8050394412350793e-22,9.920362531267816e-21
7565,Taf1d,48.88308398210212,-0.5630699836324313,0.1306430300144215,-4.309988704106716,1.6326288521612566e-05,7.766547055978438e-05
7573,Zfp426,210.45142591792836,-0.5543803595961145,0.06512483485542,-8.512579891017959,1.7010548329802393e-17,3.1410175288053723e-16
7574,Zfp266,170.91482848363674,-0.5269169652440413,0.0735100799832755,-7.167955270405388,7.612616451902248e-13,8.99710312461627e-12
7576,Fbxl12os,101.1956383773214,-0.5642775903893482,0.0919804861059114,-6.1347532969069976,8.529144750452568e-10,7.3537561945165594e-09
7581,Col5a3,49.061194755308726,0.5937227309968602,0.1537484282079396,3.8616507363175767,0.00011262349236,0.0004612677994243
7582,Shfl,22.480908519361964,1.0722638386449803,0.232061962223488,4.620592829480315,3.82645085503341e-06,2.006015712356651e-05
7589,Icam4,286.0875502740143,-0.5154033044181443,0.0561266309571535,-9.182865524417412,4.197693869861616e-20,9.47355510578071e-19
7612,Timm29,135.88427890797257,-0.7228653705173675,0.0824648919154612,-8.765734771815529,1.855624077013547e-18,3.751625159406556e-17
7629,Gm16845,332.8092171419718,-0.5040573749120478,0.0527895501440721,-9.54843095908916,1.316753573429913e-21,3.304748767338178e-20
7633,Acp5,359.0035929628425,-0.6654702715867082,0.0530572829022903,-12.54248682150254,4.370614461032735e-36,2.58799638662101e-34
7641,Bbs9,20.6765942898949,0.6525975075667342,0.212998712454819,3.0638565841338696,0.0021850363103822,0.0066902357044511
7651,Glb1l2,45.404986639735945,1.79642338280771,0.1748320003408752,10.275140588137008,9.121135524082127e-25,2.810017554403291e-23
7653,Thyn1,1780.203798664225,-0.6552516654962915,0.0414243132249005,-15.818045357536873,2.3363398126008027e-56,3.3451790038123616e-54
7654,Vps26b,63.14285658389229,-0.5247853736778728,0.1166944575814462,-4.49708910392425,6.88901226392083e-06,3.48500626197999e-05
7663,Gm29724,11.994551388225869,-1.0855190330427087,0.2841695550451543,-3.8199694997946585,0.0001334681772807,0.0005386834844594
7665,St14,86.00476355237731,0.5008626358389898,0.1157884301606898,4.325670838994002,1.520683582272091e-05,7.275623340216074e-05
7688,Chek1,334.24553201975,-0.7506186102231159,0.0664817359278466,-11.2905988351112,1.4603827862904892e-29,5.864360117453395e-28
7693,Pknox2,29.84563325190712,-0.5907766384109912,0.1710334369360852,-3.454158724716285,0.0005520123827356,0.0019531197694198
7696,Robo4,11.743178149481782,-1.2735881509093068,0.2805981945561293,-4.538832307613246,5.656659729833423e-06,2.890887424246057e-05
7704,Olfr920,219.36591156908827,-0.7277348679451032,0.0814734882622158,-8.932167794300739,4.1774125968388173e-19,8.812927927727108e-18
7718,Mir100hg,26.231844579816386,-0.8776923490924176,0.2045044487939187,-4.2918007616395535,1.7722993965756226e-05,8.383028935657454e-05
7722,Tbcel,1838.7195979797716,-0.6123657336214133,0.0362385275472625,-16.89819578962644,4.638844877469625e-64,8.529614981014674e-62
7726,Pou2f3,42.304907922373744,0.7220351460681521,0.1552404215457468,4.651076948121916,3.3020608233232917e-06,1.754803725640744e-05
7735,Gm10687,14.921618667204823,-0.93482572535419,0.250230186764369,-3.73586311644516,0.000187072415597,0.0007330150192125
7743,H2afx,79.24456120783488,-0.9759157177752822,0.1038933659026042,-9.393436330575366,5.8073983266195675e-21,1.3915450475910922e-19
7745,Vps11,92.73089680839144,-0.525346469473205,0.105094842434415,-4.998784500781284,5.76928360646633e-07,3.451296097183351e-06
7751,Foxr1,29.85163137296553,1.4663009137756406,0.2142830559121332,6.842822487919425,7.764784721072866e-12,8.277468303812632e-11
7753,Cxcr5,207.43431469349056,-0.6446207462238899,0.0678505211017826,-9.500601259301954,2.0868186565634648e-21,5.163250466409434e-20
7789,Zw10,31.78875135735251,-0.7371764091710665,0.1742336537478404,-4.230964531329548,2.326913652829408e-05,0.0001075874210895
7792,Ncam1,45.62126515134183,-0.6378400832754479,0.1403330901447824,-4.545186617193314,5.488660312950532e-06,2.810786231211372e-05
7795,Plet1os,75.71397070616851,-0.504178367965653,0.1103809184051016,-4.567622513479202,4.932873647253078e-06,2.5409825747372867e-05
7797,Il18,72.13537580731928,-0.6189108286501726,0.1151196543990418,-5.376239460421136,7.605762415603623e-08,5.133595744813141e-07
7801,Pih1d2,32.01480941312886,0.5206932354707643,0.1654842494259412,3.1464821412130144,0.0016524735278647,0.0052358802076439
7804,2310030G06Rik,55.25057137597791,-0.8238187075920046,0.1243004720728553,-6.627639411611775,3.410974438147567e-11,3.4440983517665723e-10
7809,Alg9,32.56696365908875,1.5684103538840788,0.211723110681508,7.407837287273828,1.2837567192594065e-13,1.6452430206913657e-12
7814,Arhgap20,251.2809411462488,-0.5100385401249913,0.0631733215198274,-8.073638172799123,6.823388057145529e-16,1.07573052872038e-14
7832,Cib2,34.28795232025792,-0.6447839496652578,0.1643275431346393,-3.92377283421662,8.717293878872663e-05,0.0003643782949895
7838,Hykk,75.92870800793004,0.5185633465777434,0.1116728172326534,4.64359509707179,3.4239828142760763e-06,1.812977623515444e-05
7841,Chrna5,131.84122245630286,-0.9449925404149492,0.0861392060990492,-10.970527628596043,5.296242676386284e-28,1.915419608097632e-26
7843,Fbxo22,149.15059040424973,-1.0025939817101717,0.0772912602473475,-12.971634548352162,1.7721056752451823e-38,1.2139271347130529e-36
7847,Scaper,23.66183262344321,0.7203735381873845,0.2017229858815195,3.5711028916183625,0.0003554812036973,0.0013103071673739
7860,Man2c1os,39.960515092347165,0.7172565860514722,0.1534329712089333,4.674722651852753,2.94351138848626e-06,1.5752836070489578e-05
7879,Ubl7,57.60736755803031,0.8174778658564349,0.1313296685568217,6.22462444959831,4.827108580044957e-10,4.3042334188986906e-09
7883,Stoml1,12.201428668447456,1.2591536994168273,0.3128568430449335,4.024696046798579,5.704895169379992e-05,0.0002463612084517
7891,Adpgk,51.97898570448761,-0.6820860841792393,0.1432766726211589,-4.760622030794631,1.929971958231916e-06,1.060149376301733e-05
7897,Parp6,149.97465808423178,0.8340968714858017,0.1011287263343407,8.24787280251312,1.6123885529017515e-16,2.690086269540382e-15
7903,Thsd4,84.52109727092606,-0.6648078667339878,0.1147436517614121,-5.7938531372204425,6.878961824193112e-09,5.3547996945189524e-08
7904,Lrrc49,25.646306296470875,0.7511436012519404,0.1902286470841288,3.94863556444128,7.859790144611184e-05,0.0003310702055608
7907,B930092H01Rik,41.9036534843393,0.5386181070913342,0.1474786144749105,3.6521777005368143,0.0002600258435139,0.000987634580235
7909,Kif23,19.252721088978326,0.7029046782357233,0.2161972134035169,3.2512198800814374,0.001149109495616,0.0037885492955417
7910,Glce,248.2075587152948,1.3633729324582315,0.0717190143412546,19.00992289117369,1.411598171586828e-80,4.109632810213119e-78
7914,Fem1b,29.94268701727777,-0.7127770330256972,0.1752319861316316,-4.067619438441277,4.7495865579625376e-05,0.0002072072377484
7918,Map2k5,453.9337458936334,0.5896949083149792,0.0513104646390319,11.49268307086031,1.4358197335335338e-30,6.254588305576998e-29
7929,Uchl4,255.1992187122084,1.2379400937346907,0.0721088375906223,17.16766120628303,4.6373219989510324e-66,9.205084167917798e-64
7932,Megf11,101.6191024240694,-1.0178847159966022,0.0979569694523277,-10.391141352040009,2.720775425382537e-25,8.656922610306402e-24
7937,Hacd3,241.58690321232444,-0.6869868120886937,0.0614893071578786,-11.17245979573003,5.561894332322168e-29,2.139981722400961e-27
7949,Pif1,62.72204629957098,-0.9116649806045,0.1296732949301313,-7.030475944146476,2.058302107451864e-12,2.3331876192711982e-11
7951,Oaz2,383.85276847603416,-0.7005839381320231,0.0587599292160212,-11.92281793867452,9.001163611798641e-33,4.404266833918731e-31
7957,Snx1,28.564803153883044,-0.6285700844416244,0.1704472407693366,-3.687769198283812,0.0002262287051537,0.0008711999606759
7959,Dapk2,178.7937310742659,0.7668477031107482,0.1005509808017438,7.626456718733952,2.4129388777616533e-14,3.269915928373976e-13
7968,Rab8b,34.73454646697467,-0.7298450566035636,0.1541263750777733,-4.735367689243831,2.1865831611306995e-06,1.1928555483644928e-05
7972,Gm19299,71.6240500595805,0.9635211322512602,0.118437022519659,8.135303571071521,4.109073808089159e-16,6.579037697497838e-15
7977,Anxa2,47.33082242332131,-0.5106229793713285,0.1345017145577877,-3.796404983015609,0.0001468095951372,0.0005872383805489
7982,Ccnb2,30.70589906271376,0.7862892005096094,0.1861110729506358,4.224838361542115,2.391123392286752e-05,0.000110425208867
7985,Gm32511,60.421399319777656,0.7136013357624599,0.1328486705406377,5.371535393304315,7.806904095688278e-08,5.257170421876746e-07
7986,Aldh1a2,82.68930100212071,-0.7834194791609712,0.0999458496657551,-7.83843933270795,4.561805284677422e-15,6.707543325988655e-14
7987,Polr2m,29.49729271631931,-0.505003427008042,0.1670973460858802,-3.022210937739811,0.0025093561903834,0.0075653147969655
7993,Zfp280d,104.75002305045771,0.778046662370861,0.1027621133992076,7.571337690850376,3.6940040667029275e-14,4.899534019526707e-13
7996,Tex9,25.48802285172528,-0.5525140218082026,0.1841996935004102,-2.999538225653845,0.0027038919273124,0.0080862154059738
8004,Ccpg1os,503.2009865669423,-0.9061462021886556,0.0482497562059755,-18.78032706155794,1.0940411289549019e-78,3.082372651707134e-76
8027,Scg3,52.562746286381135,0.9070113294380978,0.1418677251655565,6.393359225148887,1.6228040275822962e-10,1.5183256965081711e-09
8030,Gfral,16.08782183730165,-0.938583772534593,0.2504552947199301,-3.7475102037038495,0.0001785985736329,0.0007026486225722
8038,Gsta4,269.16840952941214,-0.7721597799449185,0.0677903014796077,-11.390416668632096,4.667523680233328e-30,1.955211118616685e-28
8041,Ooep,33.84284008561014,0.8461087513724986,0.1920938766979664,4.404662792572274,1.0594855347638836e-05,5.221364521961343e-05
8058,Htr1b,41.68729779759748,0.9760291960477844,0.1581892729337612,6.170008736663692,6.828621952537151e-10,5.967101964328112e-09
8064,Gm2087,256.27475876398154,0.6784980693868495,0.0717971333108792,9.450211144907074,3.3814789662187723e-21,8.238169397755858e-20
8070,Ibtk,30.448577986754994,0.6669955456664536,0.1768948685085414,3.770575999689033,0.0001628711914335,0.0006467456176317
8071,9330154J02Rik,261.0070538179884,0.5256717961704418,0.0606518150808392,8.667041463966155,4.434934870903979e-18,8.579862723108899e-17
8072,Tpbg,31.28320814246116,0.634295482849102,0.1732644785782716,3.6608512492222176,0.0002513786772991,0.000956871373951
8079,Snap91,26.66472434712058,-0.6168583423684546,0.1923261363792172,-3.207355765480413,0.0013396121682972,0.0043358060692637
8095,Plscr1,74.11688140513628,0.5529940755575612,0.1116286895169654,4.953870532301794,7.275162188446459e-07,4.288981880114166e-06
8097,Plod2,245.8627252416887,0.7834383256126927,0.0692615976916452,11.31129445065048,1.153746918673965e-29,4.654422904248687e-28
8115,Rasa2,73.13888249248285,-0.6790214465353561,0.1113326018950741,-6.0990350982302814,1.0671063966862596e-09,9.05744146613974e-09
8137,Nme9,46.02751443565704,0.668737966762228,0.1426701817651494,4.687300166639186,2.7683279208234934e-06,1.4879123729521472e-05
8155,Srprb,104.45002467962006,-0.6272578301532453,0.0899583348617036,-6.972759457114814,3.1078376124590057e-12,3.453416502190453e-11
8156,Trf,18.214750054577472,0.8695723101057898,0.2734238960817893,3.180308387697301,0.0014711839725833,0.0047127529127243
8162,Tmem108,37.35859751030949,-0.5229275318313371,0.1558909706961068,-3.3544440033716243,0.0007952464687554,0.0027189988874965
8180,Ppm1m,236.7681281769929,-0.5122847517884391,0.0890676220555607,-5.7516383615684,8.838270326483674e-09,6.756538558556535e-08
8181,Alas1,34.868207538901665,1.7023167958712186,0.2009359525091179,8.471937324376892,2.413449915007752e-17,4.373251360514047e-16
8185,Rpl29,185.81001362982207,0.6699105457588723,0.0736266399107885,9.098752117040585,9.137563388311624e-20,2.0178882081798667e-18
8190,Tex264,37.85951107630361,0.5954370035320863,0.1640658255087001,3.629256743053484,0.0002842384369897,0.0010726025096861
8195,Rbm15b,42.56754327640338,-0.5648056132867504,0.1575637618020533,-3.584616201257706,0.0003375742457929,0.0012516975006393
8209,Naa80,114.47867462297523,0.93848094176205,0.104683429747132,8.96494262777783,3.104424346333431e-19,6.6293501811433225e-18
8217,Gm37850,20.14260231946207,2.2915424459616927,0.2904107578455195,7.890694074014472,3.0051049216615964e-15,4.4865959633833144e-14
8220,Camkv,136.54089484039108,-0.5226397249183082,0.0794413425720409,-6.578938723805625,4.7381797373685006e-11,4.710672945495331e-10
8225,Gmppb,29.802311549361804,0.580681702320322,0.1786340077807413,3.25067835365963,0.0011513002929193,0.0037945119842858
8227,Apeh,74.76122905707304,-0.7297589601556108,0.1040278472971686,-7.01503471537734,2.298918674564393e-12,2.5891367767434437e-11
8232,Tcta,104.40149247393867,-0.5681254439775087,0.0965254558180146,-5.885757691200449,3.962344795854538e-09,3.1735093486468167e-08
8234,Gm37401,1335.5198927907015,-0.775360350754453,0.0394212563637187,-19.66858548597792,4.008062486156761e-86,1.3209968963808737e-83
8238,Klhdc8b,49.4168519537027,0.924725240723982,0.1482403370968023,6.238013612449679,4.431621020479861e-10,3.965755941892531e-09
8243,Impdh2,15.272705120286613,0.7441752279255314,0.2532764359479356,2.938193697887105,0.0033013069468957,0.0096903427572466
8255,Slc26a6,73.273016233231,0.5035447670232774,0.1228187570125863,4.099901181801364,4.133265875162403e-05,0.0001822769207456
8279,Prss42,144.8211436487357,1.0430359770762072,0.0858271384539073,12.152752565977256,5.546619514602343e-34,2.8835818357462424e-32
8288,Trank1,29.966402571675246,-0.946638161335283,0.1812155108512022,-5.223825250326263,1.75264191053982e-07,1.1267997384361272e-06
8289,Pdcd6ip,253.2048839301307,0.7671925084386837,0.0734301108356932,10.447927964528724,1.4976135653882648e-25,4.844502548185594e-24
8296,Ccr4,19.41897008193497,-0.865249422576676,0.2077998144443445,-4.163860419656042,3.129114492049141e-05,0.0001410200514631
8307,Tgfbr2,30.665455103496605,-0.6014787586783539,0.1639960994176815,-3.6676406378815622,0.0002447989090233,0.0009344727584835
8314,Golga4,33.225435643417974,0.7221671845436568,0.1914346272569435,3.772395803682706,0.0001616874956105,0.0006426296185038
8322,Oxsr1,299.15551635465107,0.7637959647916533,0.0648212590627607,11.783109057664811,4.770055186181509e-32,2.216045850856877e-30
8327,Gm47320,42.90673915102408,0.5427219220645755,0.1574645569313671,3.446629086830808,0.0005676273139591,0.0020030937212604
8333,Gorasp1,31.338712762549733,0.9310227189152274,0.1952291763178555,4.7688708034060205,1.8526141948345611e-06,1.0228022994744034e-05
8336,1700019L13Rik,123.83477557283602,0.5160421757755733,0.0894213852649943,5.77090339459981,7.884767031315724e-09,6.075479069387872e-08
8349,Trak1,203.67257720122203,0.5871885127229718,0.0768015121555688,7.645533222491306,2.08081216379086e-14,2.84632943438518e-13
8355,Higd1a,13.652319731029836,0.8172189280431802,0.2768339967823049,2.9520179513422256,0.0031570457654388,0.0093106998869974
8359,Ano10,51.23785783031108,-0.6104404021613333,0.1319862041018235,-4.62503188356259,3.745407829119184e-06,1.9700326395379075e-05
8363,9530059O14Rik,260.3883673498902,-0.5843995215631771,0.0604170882983861,-9.672752163708417,3.936468888579383e-22,1.0232475974063194e-20
8378,Lars2,211.13619433693611,0.5721848705514487,0.077634653091648,7.370225121969461,1.7034014269932898e-13,2.153040240717712e-12
8383,Lztfl1,313.79496706161336,0.5026243062138249,0.0663181563339723,7.5789849115022685,3.4826900557590514e-14,4.6333305326732e-13
8420,Shprh,62.55007455234996,0.5065441366122255,0.1258125176418991,4.026182339455325,5.668973524597836e-05,0.0002449310648718
8421,4930432B10Rik,87.52733645207873,0.91582489489754,0.1088643752814714,8.412530660554959,4.01257894001517e-17,7.101492292217326e-16
8430,Phactr2,100.26851208131924,-0.5758344802263741,0.0937207269372123,-6.144152942946666,8.039135445236553e-10,6.944986051305248e-09
8436,Adgrg6,36.79414553813357,-0.6448764432935142,0.1570423938716876,-4.106384444320264,4.0190037408092e-05,0.0001776865536432
8440,C330004P14Rik,66.1837810046989,-0.5207394803615214,0.1215883546848822,-4.282807195731122,1.8455007864491077e-05,8.703349821191417e-05
8442,Cited2,32.53679543421979,-0.5010698980333206,0.1658219393564919,-3.0217346388411035,0.0025133076876158,0.0075759203946977
8444,Heca,441.8948034113923,-0.5081304903334725,0.0481053196157364,-10.5628752577137,4.428843659882703e-26,1.4652091108111943e-24
8448,Gm10827,37.97925104894053,0.7696195533631878,0.1848101763053917,4.164378654622465,3.122016144631013e-05,0.0001407727878534
8453,Tnfaip3,169.1552799980356,-0.761058492892367,0.0787760777331168,-9.661035618842751,4.413791507639972e-22,1.1439185468168404e-20
8460,4933406P04Rik,712.0439285667123,0.5583671436922725,0.0568513605567989,9.82152648984398,9.095566182412564e-23,2.4671017092295447e-21
8469,E030030I06Rik,20.499686216606136,0.8993848709739204,0.3018825677692933,2.979254077569839,0.0028895107076782,0.0085898524577474
8476,Vnn1,335.4420259057907,0.9710771754931746,0.0739937803682254,13.123767574256505,2.4066616416559287e-39,1.7020067026901122e-37
8477,Stx7,100.20267767992392,-0.7589096072148026,0.1038955274526391,-7.304545497021054,2.7820552369164284e-13,3.4465915516635574e-12
8478,Moxd1,16.402283315500426,-0.7631312644989615,0.2261859855296652,-3.373910468908665,0.0007410846690248,0.0025492845605604
8479,Gm15270,195.0311733127665,-0.573595971473254,0.0704926531764053,-8.136961025397218,4.0532312595556356e-16,6.501546707246818e-15
8482,Enpp3,32.19562517971355,0.8352857018748799,0.1731240998423285,4.824780042961146,1.4015785878371769e-06,7.897669281399936e-06
8488,L3mbtl3,634.1100590139819,0.8422934529144867,0.0636985393806695,13.223120358864852,6.453030795886399e-40,4.6197353255140813e-38
8503,Ncoa7,20.71640562590406,-0.657621855558238,0.2121834854810554,-3.0993074417045205,0.0019397362121773,0.0060387296657126
8512,Zup1,4260.411802393451,-0.5516275547538604,0.0268242529255165,-20.56450765975016,5.707620841030013e-94,2.373826686931245e-91
8514,Rwdd1,49.34738541062926,0.8678153691135937,0.1479763801302515,5.864553304721516,4.5034340948751025e-09,3.5789802897760825e-08
8515,Gm48045,46.223908692716485,-0.6006345026503915,0.1511018820943749,-3.97502992236224,7.037040807342778e-05,0.0002990100433535
8522,Gm47512,47.773948310352,-1.073818375513905,0.1374246961015357,-7.813867565117398,5.545936704040041e-15,8.066313267791126e-14
8531,Fyn,25.354428900535964,0.6104463831882847,0.1910544907757685,3.19514281349574,0.0013976166292185,0.0045051794204077
8538,Gtf3c6,55.32541827629457,0.6417181312483565,0.1432673286199887,4.479165888201142,7.493528212037089e-06,3.780963339337489e-05
8541,Mettl24,1364.5559094006185,-0.5391223947948575,0.0397241841014335,-13.571641733867647,5.898588146451508e-42,4.770210080658099e-40
8544,Ak9,40.470992330348345,0.6961819040140739,0.1594099082479288,4.367243615317237,1.2582436012172074e-05,6.1137689085013e-05
8554,Snx3,75.41123851012381,0.5808589535343087,0.1196393195962753,4.855084060110221,1.2033568614021093e-06,6.846982949502295e-06
8561,Gm9803,217.36845973067173,0.9845486370270824,0.0823282479672326,11.95881925507442,5.8386205967976144e-33,2.8892074953218337e-31
8586,Msl3l2,161.58178514711562,0.522902359193039,0.0764165631188776,6.842788236623312,7.766642174232256e-12,8.277468303812632e-11
8595,Ccdc138,69.55889339337661,-0.843194305198989,0.1142144953521724,-7.382550722647402,1.552853424143811e-13,1.968450189618584e-12
8598,Sowahc,1006.1392961776946,-0.8252465305974309,0.0387687252237471,-21.286398400635047,1.5175182887567569e-100,7.363335963334176e-98
8603,Ddit4,312.69958941129875,0.5685286534440357,0.0584531277489989,9.726231518103363,2.330678272918988e-22,6.1498924579076856e-21
8613,Pcbd1,1329.9292392068303,-0.5102714454086904,0.035438123112153,-14.398941044191442,5.25423982553092e-47,5.3988859571984774e-45
8618,Eif4ebp2,22.92404700764652,1.7984887870023512,0.2416032137024437,7.44397708723094,9.769845248393633e-14,1.2650827042174945e-12
8623,Aifm2,16.746893478489163,-0.7327033434739422,0.2198110945110261,-3.333331946250732,0.0008581249449402,0.0029140214887669
8630,Supv3l1,432.5410866035468,-0.7074815175803304,0.0523365010682349,-13.51793687273695,1.225650664036767e-41,9.557886517586715e-40
8636,Stox1,109.96579647416476,0.5569000913478259,0.1087652594053704,5.12020193205486,3.052086652856316e-07,1.889222170520699e-06
8648,Sirt1,50.741364725960224,1.2336947754825678,0.1518506961598891,8.12439328024921,4.496057173893826e-16,7.185464475167185e-15
8666,4930533K18Rik,112.95926822093207,-0.5106880574931401,0.0942653352296965,-5.4175594480064735,6.041806394858322e-08,4.124199847807158e-07
8678,Rab36,212.66434244363128,-0.5291071070858303,0.0628764558753962,-8.415027528497703,3.928026565815158e-17,6.958901425117563e-16
8680,Specc1l,74.83928383594308,0.9135064400280098,0.1293422088179482,7.062709446332315,1.6328692483975525e-12,1.868135149688413e-11
8683,Snrpd3,41.061168673228174,-0.5407042040530639,0.1553184942727977,-3.481260918634608,0.0004990590880591,0.0017852885828828
8686,Cabin1,157.75165113562926,0.8412015234821021,0.0900909022555787,9.337252734973164,9.88660616628079e-21,2.33377346638639e-19
8700,Pcnt,19.306439602592643,-1.065260318055069,0.2078564775720916,-5.124980132916959,2.9756912170375534e-07,1.8438940822707335e-06
8706,Pcbp3,54.87694947932389,-0.5983842633512177,0.1296689579128281,-4.614707120215235,3.936500342206742e-06,2.0593826887591308e-05
8708,Col18a1,37.31565497208901,1.1555909864483938,0.1897294469305871,6.090730801904298,1.1239641316948483e-09,9.516919753972667e-09
8717,Cfap410,192.13786766710032,0.728719464291447,0.0785531555141505,9.276768826430862,1.746959649821335e-20,4.068785488410544e-19
8722,Gatd3a,126.86282129871528,-0.5993375618013941,0.0900413878623937,-6.656245267091339,2.8091133679930345e-11,2.8628700298776156e-10
8723,Pwp2,35.24425246698217,-0.8038902258353517,0.1577461999281362,-5.096098835988292,3.467241574335405e-07,2.1281017505443027e-06
8732,Slc1a6,11.72078300859235,1.0443631156921136,0.3158421222981249,3.306598588222296,0.0009443611239585,0.0031778270301112
8743,Polrmt,66.54448717119766,-0.5790978042596877,0.1321577020232142,-4.38186950434388,1.176652810767142e-05,5.742881055736362e-05
8761,Polr2e,77.55473113593642,-0.9637332577315648,0.1081596161244203,-8.910287335181959,5.090047490080006e-19,1.0699512582035807e-17
8767,1600002K03Rik,172.49745509693375,-0.577087951902379,0.0775389052737347,-7.442559962190489,9.875260943600177e-14,1.277785616020799e-12
8786,Csnk1g2,130.60180407271423,-0.7755018564974652,0.0867773282244014,-8.936687408628893,4.01010719702089e-19,8.490733638492231e-18
8801,Gng7,10.225105050431775,2.223556551335089,0.3884240284835649,5.724559729262919,1.0370231909399752e-08,7.814806341388908e-08
8804,Thop1,419.27049593048,0.6247918520379226,0.0615709743424341,10.147506332498004,3.399384261463207e-24,1.0133181617617628e-22
8814,Mrpl54,46.10783170730109,0.5038175204182203,0.1484383598462441,3.39411942398236,0.0006884966133543,0.0023834044474978
8821,4930404N11Rik,920.2556413700806,-0.5755071247351747,0.0473435408166772,-12.15597977691703,5.331869367681449e-34,2.780211764616703e-32
8828,Tle5,33.54971966757308,-0.6055200084949953,0.1600952072062773,-3.782249444324733,0.0001554175009979,0.0006198248647103
8829,Tle2,110.62996975970285,-0.754757909793959,0.0892331260653333,-8.458270410042031,2.713722665636009e-17,4.8869389199309075e-16
8834,Gm10778,129.09842215536864,0.9165824114780392,0.1193096566054837,7.682382445445,1.5615681827530443e-14,2.171773329325651e-13
8841,AU041133,101.3260930121902,0.5981853797107863,0.129016230638364,4.6365126058248896,3.543365951160787e-06,1.86939040878516e-05
8848,Nfyb,86.71601219826393,-0.5686716923644254,0.0996052880246433,-5.709252025090579,1.134737552626745e-08,8.485272075892115e-08
8856,Gm40723,30.50899867714065,0.8742052451302978,0.1833023727238749,4.769197649433555,1.849611201729628e-06,1.02179027425089e-05
8859,Appl2,202.55457784785563,-0.870033618627419,0.0684843889376208,-12.704115961666703,5.60997936721011e-37,3.4873708037874095e-35
8883,Ttc41,105.37081809508048,1.4272057761067445,0.1359865727260152,10.495196308699304,9.088859256083964e-26,2.9786903092922086e-24
8890,Dram1,73.45162970025065,-0.5243736980646869,0.1073536426878816,-4.884544994800437,1.0366796818992854e-06,5.966629549725442e-06
8891,Gnptab,85.80296330096526,0.5078669110998953,0.10365529866188,4.8995750111775696,9.60441775247102e-07,5.557137108319436e-06
8896,Arl1,30.64298879723096,0.7272870619863808,0.1760120199587914,4.132030654251088,3.595724524660105e-05,0.0001604755135328
8902,Scyl2,16.96593885107652,1.3038818989195011,0.2692439966689449,4.842751983520429,1.280530858940355e-06,7.257726490580832e-06
8905,Anks1b,85.70469644490014,0.6147499287905209,0.111565927736197,5.510194207716593,3.5843800218347785e-08,2.505480200936771e-07
8912,Cfap54,84.8444990964251,-0.8167546466012969,0.1075786539262873,-7.5921627273839585,3.14609562486933e-14,4.2079631221452886e-13
8913,Gm32468,46.97378669483244,0.8087728578520238,0.1425588618710586,5.6732555748343545,1.4010895875376404e-08,1.034851286051057e-07
8924,Vezt,811.4412089889001,-0.5063128767843872,0.0418860283443737,-12.087870270765269,1.22419055881043e-33,6.234449178221746e-32
8931,Plxnc1,91.56557255370195,-0.6150843492999493,0.0942419053691994,-6.526654431383918,6.725497007990116e-11,6.566851969567991e-10
8932,Cradd,201.4695021121112,0.6534324046862333,0.08964149786396,7.289396320417164,3.1134692389045583e-13,3.843539269624369e-12
8935,Socs2,117.11560578308102,0.9275155290864514,0.1100721537636552,8.426432093606474,3.563644662017073e-17,6.339077897771307e-16
8943,Btg1,261.2979046931631,0.6152441258991861,0.075751827265218,8.121838747798488,4.591731513530129e-16,7.331660519044266e-15
8944,Dcn,42.586736452582784,-1.2713038730659698,0.1410568212432264,-9.012707516454242,2.010308746079781e-19,4.362245115095853e-18
8949,Gm16239,192.82454617358945,0.6776104989715458,0.0735303665125763,9.215383128216152,3.101686355796705e-20,7.082386570334228e-19
8962,Slc6a15,21.936688199696967,-0.6556695357994331,0.1996130285561497,-3.28470311052366,0.0010208988488804,0.0034091112774314
8965,Ccdc59,378.732754440673,-0.5289594700373155,0.0599189723733796,-8.827912914479787,1.0664704062521225e-18,2.1994220845822988e-17
8967,Lin7a,61.32297838526807,0.5563690139347794,0.1218086077241363,4.567567303575174,4.934172712107212e-06,2.5409825747372867e-05
8974,E2f7,92.73658579949162,-0.7361050722804158,0.1011992465425792,-7.27381969163873,3.494623727686393e-13,4.2777916801139386e-12
8977,Zdhhc17,50.52211920573352,-0.5849403284082941,0.1370652460461474,-4.267604993109304,1.9758278583479493e-05,9.265439202583082e-05
8980,Nap1l1,39.5965485020448,-0.9158955542268088,0.1532900562089077,-5.974918248960662,2.3020559419454013e-09,1.895019471908684e-08
8983,Gm20758,91.68478175108042,-0.6043913955125724,0.0979885967185972,-6.167976843757219,6.916927042850772e-10,6.035208870355508e-09
8989,Atxn7l3b,46.38855927828268,0.6027964384661015,0.1483316127108299,4.063843353751188,4.8271227733858646e-05,0.0002104321951722
9004,Cnot2,132.6889087375398,-0.8596004834759196,0.0848667016895799,-10.128831053433789,4.1153970021809405e-24,1.2163748702892837e-22
9009,Cct2,821.9901856907378,-0.5191507366355586,0.0468583220343125,-11.079157641526391,1.5835535497498775e-28,5.923236275595474e-27
9027,Helb,67.50722440492032,-0.6944562259183327,0.1112099643471595,-6.244550387144063,4.250209049825516e-10,3.807315470889851e-09
9028,Irak3,189.9243382658244,-0.6168737801715106,0.0711984553048748,-8.664145556670167,4.5491186480990694e-18,8.76254774714515e-17
9033,4930471E19Rik,147.12228566942477,0.9843749255744696,0.0882309672596261,11.156796260409042,6.633931444191691e-29,2.530164071334945e-27
9041,Tbk1,61.22818324010085,-0.929714127968308,0.1510367357439194,-6.155549664054077,7.481754459754315e-10,6.495590800347335e-09
9050,Mon2,90.23443285469226,-0.8597267975199868,0.1090573502713197,-7.883254043685309,3.18963661412988e-15,4.741835946861339e-14
9052,Tafa2,93.83775906211406,0.5929778131509869,0.1215552255848856,4.878258505940519,1.070265972835977e-06,6.141723394710528e-06
9056,Avil,165.57273424103474,0.5692380878953076,0.0758832606157909,7.501497474883836,6.309284576977043e-14,8.22597943533737e-13
9057,Tsfm,91.50939603173642,0.8494507115314762,0.1181319356657662,7.190694935659478,6.446236865607812e-13,7.654851500233669e-12
9058,Eef1akmt3,15.264246726026592,-0.8550782361806064,0.2397315223695642,-3.566816027065639,0.0003613449734245,0.0013293963765331
9066,Slc26a10,21.87538393078329,-1.028772129727494,0.2115573867497688,-4.862851378214135,1.1570672603317522e-06,6.600800425694007e-06
9074,Arhgap9,20.14259842369026,-0.6552007884468174,0.1993618322683366,-3.286490603501936,0.0010144415832943,0.0033881960950258
9077,R3hdm2,35.41328476536465,0.5702691109497311,0.1625436554652442,3.5084058452940874,0.0004508007723816,0.001625973134826
9089,Rbms2,56.592278893192805,0.5493189155424494,0.1260665488743681,4.357372518302808,1.3163312159307793e-05,6.372969423469749e-05
9092,Spryd4,33.71832230685531,-0.6072724293589489,0.162838996096982,-3.729281338711247,0.0001920266588521,0.0007507434370702
9098,Cnpy2,101.34799998145036,-0.5398934390027649,0.1072961931568275,-5.031804233852356,4.858852876366208e-07,2.931759656109324e-06
9105,Smarcc2,57.69869139285089,0.5218203069982665,0.1310554101483883,3.981676959443584,6.843074482261315e-05,0.000291619480498
9109,Zc3h10,16.15428095508509,0.9447260788857176,0.2642396950543519,3.5752617663723654,0.0003498776500592,0.0012915601841157
9116,Cdk2,392.8711729356429,-0.5631668148867869,0.0522849502034456,-10.771107416100657,4.712979082251509e-27,1.6302241308667201e-25
9128,Bloc1s1,202.442450320373,0.5151579877858884,0.0701822540270284,7.3402884379788,2.1313402700267545e-13,2.6726670378196226e-12
9141,Selenom,60.18673445323896,-0.8075277613136751,0.1237477359861736,-6.525596245283228,6.773154834257574e-11,6.609690985743647e-10
9150,4930556J24Rik,33.226487105689515,0.5545735785605689,0.172891831639777,3.2076331964371345,0.0013383207121836,0.0043332319185214
9152,Gal3st1,155.22814999162728,-0.5124096156127628,0.0770535244071798,-6.650047737011966,2.929979738407129e-11,2.9773639366198797e-10
9156,Rnf215,73.62457632720388,-0.51490855155463,0.1119844631360412,-4.598035630434802,4.264930687491018e-06,2.2205606333559792e-05
9158,Sf3a1,101.872075451689,0.8267448202819496,0.1035192065771753,7.986390618880926,1.389469375137987e-15,2.1403219616323063e-14
9159,Tbc1d10a,19.48868683732804,-0.6537916442342145,0.2133296399531263,-3.064701390664084,0.0021788742346928,0.0066737813662307
9170,Thoc5,102.96569972297826,0.647573289816852,0.1034056290801072,6.262456846669186,3.7895876757029003e-10,3.4139513934594252e-09
9174,Rasl10a,748.3965812460765,-0.8370507988643358,0.0426923981636262,-19.606553739524987,1.3593657882004902e-85,4.397296590423363e-83
9195,A730071L15Rik,25.72678251248498,0.6169831088431085,0.1969875824969273,3.132091378667142,0.0017356584547988,0.0054677153991751
9207,Adcy1,48.57753757541939,0.8572553209069447,0.1431480953317143,5.988590479813534,2.1166737561545024e-09,1.746530806448127e-08
9211,Upp1,244.74482443867785,-0.8354412096663892,0.0622264612313618,-13.42581906691057,4.2683876256327886e-41,3.213801510541101e-39
9219,1700042O10Rik,2433.7875727369965,0.7239728974463274,0.032175029195902,22.50107973603752,4.0508051448475023e-112,2.527123723935577e-109
9233,C1d,42.47451766034448,-0.5037804151229026,0.1471374700751959,-3.4238757460315234,0.0006173484095708,0.002160657587334
9253,Tmem17,24.54923961616952,0.6624818257293096,0.2188335524977233,3.027332043774237,0.0024672277951801,0.0074550311583127
9269,Papolg,37.46024333316211,-0.6410685188851946,0.1527147754449057,-4.197815941630808,2.6950152538563918e-05,0.0001231650712784
9273,Fancl,106.50939883615106,-0.6571868631417268,0.0899759792136801,-7.3040256842440305,2.792830304136647e-13,3.4574882886363534e-12
9284,Mtif2,31.539649093942156,1.039539641458458,0.3516185741521093,2.956441206114316,0.0031121155812363,0.0091906060816628
9293,Asb3,96.18397699198314,0.5506438146816104,0.1059630388754234,5.196564958173579,2.0300468581040217e-07,1.2918345543665229e-06
9305,Ubtd2,557.2945911899559,0.5266614466227748,0.0464767573003524,11.331716694847414,9.139563610508e-30,3.7301377838400395e-28
9330,Ccnjl,5354.5172875049975,-0.512366740581505,0.0343901285061564,-14.898657342608733,3.3626905988389084e-50,3.915965292034537e-48
9331,Pwwp2a,48.1900375001519,0.5966522342891216,0.144665340206994,4.124362016744325,3.717637794415128e-05,0.0001654936212865
9332,Ttc1,223.59082255778856,0.5430036994986829,0.0652495262635993,8.321956197889016,8.652328763511862e-17,1.484664821621073e-15
9338,Sox30,26.23804551054897,0.8568282548544368,0.1934173880945387,4.429944294541065,9.425743260662476e-06,4.6748689175824e-05
9341,Nipal4,42.75312182672845,0.5878717448672962,0.1662872008202081,3.5352795763452094,0.0004073439322802,0.0014820836927871
9355,Flt4,41.51015264197473,-0.6811042052228429,0.1526320137168637,-4.462394150720625,8.104896735044882e-06,4.067116810335076e-05
9357,Gfpt2,48.12258913031845,-0.5275008976844294,0.1322432878683791,-3.9888670811742646,6.638960671519549e-05,0.0002835436797313
9370,Zfp354c,34.20236105720143,-0.5361665073751333,0.1624569622734065,-3.3003602915632086,0.0009656077682925,0.0032393386780361
9379,Phykpl,295.153265363714,-0.7576649341477895,0.0547816332892067,-13.830637910116245,1.6653706999669788e-43,1.4401334350011478e-41
9380,Hnrnpab,26.459958646024354,0.7159983088204883,0.2019009571013423,3.5462848670950065,0.0003907036081986,0.0014253990451156
9382,Rmnd5b,253.31200263675456,0.599572236871897,0.0622613385806,9.62992846830179,5.9771072460423935e-22,1.5354133731451252e-20
9397,9530068E07Rik,39.062145175842886,0.6152367039936254,0.1555372740340276,3.955557970361672,7.635622932185308e-05,0.0003224052728533
9401,Uqcrq,24.70719759537744,0.9524979645331454,0.1994404637806476,4.775851131096143,1.789487440713627e-06,9.923417972820835e-06
9403,Sept8,36.77903790287017,0.860697673795069,0.161793526535238,5.319728744571322,1.0392207801080117e-07,6.868372526268159e-07
9406,Rad50,85.69157458397376,-0.7306134930196854,0.1034468773524933,-7.06269257920791,1.6330675369671438e-12,1.868135149688413e-11
9408,Gm12216,29.826080080696745,-0.8102378829743594,0.1692089821152693,-4.788385775067221,1.6812821521175338e-06,9.356048624781485e-06
9423,Tnip1,60.77012932155763,-0.5350758279271949,0.1207968889129636,-4.429549740413651,9.443003249927294e-06,4.6820999366940096e-05
9428,Atox1,72.7541308518348,-0.7670212172059155,0.1102225696759373,-6.958839913286506,3.430860970899363e-12,3.7931281156982105e-11
9431,Gria1,25.824985453097888,0.6733811001545771,0.201514225980633,3.3416057694075354,0.0008329527414144,0.0028393283188937
9432,Mfap3,169.18302942143714,0.5359437939440308,0.0764101655141966,7.014037861813751,2.3153669509098493e-12,2.6043032774303438e-11
9439,Larp1,49.90146447547683,-0.6801529129995973,0.1369838743835832,-4.965204233419683,6.862880942932681e-07,4.061002856068702e-06
9444,Irgm2,120.20130201908673,-0.6533751166686564,0.0847224822787742,-7.7119449182185775,1.2391461588143834e-14,1.7385867551943496e-13
9445,Zfp692,176.44415967696457,0.6640424136163741,0.0802681700388976,8.27279871080382,1.3085050767581987e-16,2.2062709151363145e-15
9467,Zfp867,249.40454386959405,0.9302068106775074,0.0733545240391336,12.68097398029949,7.538920422478338e-37,4.6698532602784256e-35
9474,Flcn,26.162951970170973,-0.5575224934391545,0.1779740422109069,-3.132605668294403,0.001732620478228,0.0054601144711684
9478,Med9,11.576297228748611,1.1385501170802557,0.3848034147864043,2.9587838187772824,0.0030885568468135,0.0091272053798239
9502,B9d1,161.66516177370616,-0.7105362418390699,0.0812480267055315,-8.745273831871355,2.2247543517798827e-18,4.46689758814839e-17
9510,Akap10,80.80889932540376,1.0202658365293251,0.1222412617522761,8.346329397326656,7.041723789161164e-17,1.2214978267037465e-15
9517,Gm12279,80.43231257326794,0.7548156302532001,0.1187132800429809,6.358308269975476,2.0398778623130329e-10,1.8853220369779927e-09
9522,Lrrc75aos2,168.3840290665364,-0.6347803171085807,0.0781034312036852,-8.127431885202874,4.384808720883359e-16,7.0140877963727576e-15
9529,Tvp23b,49.631861720509335,1.371115371614244,0.1499406050616328,9.144390013970195,5.99673261748975e-20,1.3395258997737973e-18
9530,Pmp22,54.882297194876266,0.7363797666452088,0.136851974150792,5.3808486959334605,7.41354868669507e-08,5.0116048165321e-07
9541,Gm12296,11.60366547897281,1.782166585716153,0.3307899974039551,5.387607242367132,7.140187187314835e-08,4.841800845808056e-07
9544,Tmem220,159.03033661907676,-0.5390898662385415,0.0783157814571082,-6.883540663305372,5.838292218875475e-12,6.279759142815073e-11
9591,Tnfsf13os,40.58739552969003,0.5986860787148268,0.1576795479089877,3.7968530900430224,0.000146544576508,0.0005865812700371
9605,Gps2,32.33174593600769,0.6063062554575853,0.1752938822285491,3.458798719895312,0.0005425902214788,0.0019221184321216
9624,Tm4sf5,70.15737069971348,-0.5650769629740777,0.1435119240792769,-3.937491372925399,8.233789118549122e-05,0.0003459724972989
9626,Pld2,65.79286730836468,-0.5338098863269785,0.1195170262586923,-4.46639196972285,7.954980294334179e-06,3.995330528505734e-05
9638,Gm19967,674.1172123843287,1.0303903142720838,0.0436241346510067,23.61973074114157,2.416857232798841e-123,2.0103648639300075e-120
9644,6330403K07Rik,28.358800884001283,0.6495802573634374,0.1850917117756432,3.5095048348292264,0.00044894189665,0.0016202721179098
9646,4933427D14Rik,65.4698730112935,0.9380127967091396,0.1629713141642012,5.755692659899936,8.628724867804034e-09,6.599236689614748e-08
9664,Emc6,132.3434189656755,-1.0853952984190236,0.0883451866086299,-12.285845331079958,1.079110927701558e-34,5.764498374645509e-33
9667,Shpk,172.11222962522623,-0.5129719514224579,0.0747393259393529,-6.863481105498706,6.720241700134447e-12,7.206211296374986e-11
9668,Trpv3,13.943540274967171,0.9699122274145928,0.2728387776904378,3.554891411055406,0.0003781352233579,0.0013838814333996
9672,Ccdc92b,42.47142565692594,0.983029691313254,0.1763159522945266,5.575387130434764,2.4697999983168443e-08,1.7695843466201245e-07
9673,Cluh,115.06287242378548,0.5010248134333933,0.0935084938579698,5.358067409302948,8.411685827751449e-08,5.631491083160401e-07
9705,Abr,414.8022205948593,-0.5905880754721814,0.0477163980718396,-12.37704645231224,3.4791195536266005e-35,1.9293098527856974e-33
9714,Trp53i13,20.572073153472207,0.7370481178983563,0.2137420993059472,3.448305786701181,0.0005641149937889,0.001992309080369
9715,Abhd15,22.13301125272096,-1.1591847868198115,0.2024047109216531,-5.727064264173717,1.021834680639396e-08,7.716994466670546e-08
9723,Dhrs13,235.0237304496233,-0.650286001186256,0.0635945598982414,-10.225497310254012,1.5244347163370043e-24,4.655389095275314e-23
9735,2610507B11Rik,31.965740890996138,0.5078487768254316,0.1720897825917337,2.951068733872792,0.0031667643774783,0.0093377853048265
9737,Spag5,206.1475902646501,-0.6294878282140254,0.0684244398450869,-9.199751282424632,3.587792330643803e-20,8.149747260297264e-19
9742,Sarm1,214.58329395770005,0.5915458566489986,0.0741741033538115,7.975099528029569,1.5225807352676673e-15,2.335069383990835e-14
9747,Tmem97,15.619016669581857,1.2926417200207152,0.285015369926442,4.535340393587635,5.7510655661503065e-06,2.937415593845425e-05
9749,Lyrm9,31.69411242219464,-0.5516238347722179,0.1709006614913744,-3.227745463115477,0.0012476994230277,0.0040737969198968
9754,Omg,65.18793433923926,-0.557344453835628,0.1194393608411823,-4.666338214725756,3.066148559987617e-06,1.6354040624691206e-05
9765,Rhot1,81.95205181251877,1.2830339467992526,0.1168141666115796,10.983547492706826,4.585553964042816e-28,1.6687595134145815e-26
9780,Fndc8,21.460813320990415,1.092035807098932,0.2275696208478086,4.798688871698086,1.5970765989031723e-06,8.924419075380876e-06
9782,Unc45b,115.99895546038294,-0.6343293007566784,0.0874612379055229,-7.252690631270174,4.085725946516911e-13,4.959656763985921e-12
9788,Pex12,30.46543542095831,0.6368117068470371,0.1894114439140237,3.362055078024187,0.0007736469049009,0.0026503361707806
9804,Ggnbp2,11.859947160303928,0.9619708024386896,0.2924097348528074,3.289804297804669,0.0010025708586226,0.0033530361398468
9807,Car4,81.88390809221582,0.8001719432035187,0.119295374146334,6.707485088415794,1.980071863272105e-11,2.0417883888805862e-10
9811,Bcas3,13.042863104500489,1.6740934349279863,0.303651695363368,5.513202990435027,3.523614331019648e-08,2.469923560764495e-07
9821,Tubd1,101.44266919095756,0.6632439456059214,0.1033341999209536,6.418435969052603,1.3768149356538895e-10,1.3007140776637176e-09
9826,Gdpd1,114.83077044961884,0.5228545400107839,0.0944236539198546,5.537325853271625,3.0712482264812336e-08,2.168494907848593e-07
9829,Ska2,158.86796529075204,0.8179315077902988,0.0855954782381779,9.555779401270746,1.2265715336147489e-21,3.0872840848966045e-20
9831,Trim37,139.04644841880508,-0.5741435552879871,0.0804828922079929,-7.1337341332642605,9.768192704089661e-13,1.1421070291501887e-11
9836,Mtmr4,98.0296486918056,-0.8106310231386661,0.1009616538676217,-8.029098098982653,9.819182167970187e-16,1.5259917625454025e-14
9837,Hsf5,87.3232206380965,0.8483165620948441,0.1053405060646802,8.053089868145955,8.07295821989023e-16,1.2647393200452248e-14
9845,Srsf1,239.9010294795068,0.5244210485864322,0.068420539059801,7.664672856904512,1.792875948730574e-14,2.469870431579312e-13
9851,C030037D09Rik,56.095810587414185,-0.578905938553388,0.1244797288355473,-4.650604110153488,3.309641163471864e-06,1.7577625978572974e-05
9878,Gm21885,114.23756761908363,0.5207066163779064,0.1046790018577494,4.974317744121271,6.547783425024501e-07,3.883758263780237e-06
9881,Cacna1g,22.60125278762141,-0.7479274389227322,0.2138845297171004,-3.4968748787581623,0.0004707425669698,0.0016937036374521
9883,Rsad1,31.318338704743717,-0.745407351278284,0.1630441594003767,-4.571812655047866,4.835231535727022e-06,2.496511135206028e-05
9904,Phb,1393.1714258045083,-0.6469508585469574,0.0400005622140203,-16.1735441388421,7.750832782219574e-59,1.157192709741979e-56
9906,Zfp652,129.97390909104098,-0.8488507394566412,0.0924462991129084,-9.182095417577568,4.2278296370581944e-20,9.529255238726778e-19
9931,Pnpo,310.1759476255371,0.5616514585671051,0.076597557614135,7.332498268371152,2.2590139120561435e-13,2.8307356539308976e-12
9951,Gm11613,215.0238608033998,0.5700959266459467,0.0743393280031018,7.668833468903013,1.7356760703732572e-14,2.39674226065455e-13
9954,Pcgf2,16.259682667254495,0.7257876640811171,0.2461611204678226,2.94842525375972,0.0031939736761703,0.0094100745784017
9962,Arl5c,133.55702837831697,0.987608952007384,0.1020621478884946,9.676544854673947,3.7931889844954337e-22,9.90424890600392e-21
9970,Grb7,283.6905478678706,1.0208590185919066,0.0767707944436377,13.297491917207967,2.3936364397697028e-40,1.7421683887457154e-38
9979,Rapgefl1,80.55195527778095,0.8872373635835952,0.1254322230573142,7.073440476122203,1.5113877041305976e-12,1.738046110319505e-11
9983,Top2a,13.402154321860111,0.928127049841684,0.276256801987403,3.3596532037028557,0.0007804036786682,0.0026724351027206
10006,Cnp,31.549384369906296,-0.7348307632280228,0.1604909043334153,-4.578644293145938,4.679992723508662e-06,2.419358179764703e-05
10011,Kcnh4,157.04779031229404,0.5814347326476762,0.083224566419983,6.986335377387652,2.821591283840393e-12,3.1513782957879785e-11
10012,Ghdc,350.0267101033093,-0.6657371101869468,0.0737941713488072,-9.021540563687182,1.8546254864240329e-19,4.0344455786868e-18
10016,Cavin1,511.7662655168086,0.7226413428530454,0.0477272514420335,15.141063459954712,8.679866998139254e-52,1.0529160883576144e-49
10022,Psmc3ip,96.56183612289472,-0.5454491884119762,0.0982600517479878,-5.551077764653692,2.839137463686629e-08,2.0201243672373946e-07
10024,Tubg1,91.897667396121,0.5223934942200583,0.1051457357493824,4.968280363410998,6.75492519396842e-07,4.0011879717951975e-06
10026,Plekhh3,170.60308893960064,0.5308208381867697,0.088235905092302,6.015927842883093,1.7885923507097502e-09,1.4870600277105149e-08
10032,Becn1,46.41755458376254,-0.8166628436771678,0.1450138948271411,-5.631617884966423,1.7852688283128436e-08,1.2993781622070317e-07
10044,Nbr1,233.2259344052552,-0.5128870313318206,0.067054231106808,-7.648839198750382,2.0280164782975856e-14,2.778462105325665e-13
10048,Arl4d,25.64216295861587,1.4338859443612035,0.2108387461302781,6.800865451339761,1.0399251257542047e-11,1.0989360010087388e-10
10056,G6pc3,33.66313473246953,-0.5406509107956162,0.1568528859692868,-3.446866198569533,0.0005671293833157,0.0020025502461613
10057,Hdac5,44.43713282546775,-0.5920922706497034,0.137594359770438,-4.303172540193857,1.6836962654664122e-05,7.989895779724881e-05
10062,Ubtf,40.70656409368282,-0.5899411118218526,0.1435486389949926,-4.109694915619723,3.961821869012475e-05,0.000175513833142
10077,Kif18b,29.25455352125902,0.6800132639611992,0.1857312177276712,3.6612760756151927,0.0002509621503981,0.0009559107813244
10084,Hexim1,21.06848224520832,0.9631502230758676,0.2410807734831741,3.995134946516542,6.465741383093461e-05,0.0002767546446456
10095,Nsf,41.358706191685584,-0.6642402508245522,0.1490575132014847,-4.456268164937667,8.339869881153126e-06,4.1718455636879385e-05
10096,Arf2,58.29914786118966,0.7035672709509654,0.1322096861889609,5.321601550021007,1.0285766664451965e-07,6.808327855045355e-07
10102,Itgb3,90.05701354770666,0.7073989423073515,0.1068469916777362,6.620672526194785,3.575683146030549e-11,3.6020780389193556e-10
10119,Psmc5,89.5594666996089,0.7718056433642311,0.1106099161244612,6.977725600078882,2.999968557089884e-12,3.3420568083702856e-11
10128,Ddx5,163.62530498809255,0.679460325118802,0.0858642006897384,7.91319688136343,2.5086215863147628e-15,3.7776380922195065e-14
10130,Smurf2,52.23309876168136,0.5172809512410986,0.1389258155646141,3.723432892143161,0.000196532117511,0.0007674990003763
10135,Pitpnc1,52.99969558544587,0.9359538148435118,0.2835675967284575,3.300637398777884,0.000964654666098,0.0032367629096045
10187,Tmem94,17.151890326219355,1.908042814279513,0.3060772880312413,6.233859514871156,4.5508123032787247e-10,4.06616825133876e-09
10197,Galk1,104.9207081263693,-0.900523696548162,0.0921613538070295,-9.771163935305331,1.4972198483858794e-22,3.998996377921184e-21
10198,H3f3b,48.336876892250736,-0.9211184448293184,0.1661187870309015,-5.544938422033934,2.940576392379483e-08,2.088048309840846e-07
10207,Evpl,74.26552672651583,-0.632392898736235,0.1074367216958182,-5.886189458821225,3.95201260308646e-09,3.1666860619593705e-08
10214,Gm11739,250.2783056839258,-0.6450417176012607,0.0622453518114603,-10.362889739222233,3.657421903942007e-25,1.1552955844133631e-23
10217,Rhbdf2,18.066814732620617,-0.7163355812241844,0.2181362768523352,-3.2838901972692023,0.0010238480403869,0.003416347195698
10218,Prcd,25.765076757424584,0.5530831183232948,0.1879282537858246,2.9430546348481728,0.00324991058339,0.0095539276456846
10220,St6galnac2,147.6129739141348,-0.5967783726280508,0.0756907875308101,-7.884425464395263,3.159859467748253e-15,4.70557759442681e-14
10227,Snhg20,87.5362370155203,0.7560437774560551,0.1035485546577738,7.301345537412534,2.849040239883619e-13,3.5220831500557007e-12
10241,Cant1,13.968517053999744,1.071089180680468,0.2751999977046164,3.892039206446914,9.94051759232519e-05,0.0004104048918899
10245,Cbx2,38.87692718421544,0.6792149833542719,0.1597760187229197,4.251044610969762,2.127757772081757e-05,9.911379403393104e-05
10249,Ccdc40,26.51758046349165,-0.6756788074375382,0.1786029547016905,-3.7831334233304417,0.0001548663435977,0.0006180501005176
10267,2810410L24Rik,36.0859499365072,-0.7395325817836016,0.1522298625069571,-4.857999406981032,1.185777646954497e-06,6.757965395432677e-06
10271,Actg1,16.260315308724028,0.7258452056530968,0.2382668191395989,3.046354537632153,0.0023163452824167,0.0070478870219918
10273,Faap100,28.57895736538498,-0.6817833306111258,0.1918153308569551,-3.5543735089639985,0.0003788807152849,0.0013863192992453
10277,Hgs,192.43384372219495,-0.6872251917265922,0.0675182816830703,-10.178357247780914,2.4770765573136783e-24,7.473156010907658e-23
10284,Anapc11,196.1702634236526,0.7773442439463205,0.0739128208657488,10.517042034672787,7.210168680821295e-26,2.3674290698606463e-24
10298,Dus1l,114.3878339980646,0.7505219099365125,0.0975161691496518,7.696384266128565,1.3997046001907256e-14,1.9544396447747081e-13
10314,Rab10os,83.73207815563252,0.5144157807171955,0.1051163249385303,4.893776309417346,9.891926787897726e-07,5.708363962041542e-06
10315,Rab10,105.97004133243452,0.6109988554161785,0.1350738166090821,4.523444074912562,6.08414009354782e-06,3.0939667876009695e-05
10325,Adcy3,55.80563817723982,-0.8995330165616293,0.1288156112884218,-6.98310560004679,2.887252181323469e-12,3.2205952173281194e-11
10326,Cenpo,32.846694079015855,0.5113775256049192,0.1657180231500172,3.0858292651849437,0.0020298534135333,0.0062756600756814
10336,Sf3b6,69.5923523358995,-0.6316789091192274,0.1139940472032508,-5.541332417059873,3.0017876341382294e-08,2.124603986755534e-07
10343,Gm32828,11.07544933528169,-0.9476888694342512,0.2966490188764297,-3.1946469030090223,0.001400020133054,0.0045112620705015
10346,Hs1bp3,29.856756798107316,1.0727857045066036,0.1872996372773777,5.727644324894673,1.0183479178439363e-08,7.693988507308771e-08
10359,Fam49a,441.68861764131583,-0.6879600277150529,0.0502256744464503,-13.697377592182317,1.0525764822557533e-42,8.797323441169136e-41
10370,Pdia6,99.5141744750382,-0.6063919972487933,0.0969298405396571,-6.2559888046106815,3.9500508350929945e-10,3.5511831182400636e-09
10372,Odc1,126.3055191487498,-0.5338389917354817,0.0862300891965643,-6.190866746276674,5.983427721638416e-10,5.2760482302665254e-09
10377,Gm5784,26.5787127321463,-0.8174783933936288,0.1783646825563631,-4.583185312682662,4.579458548972094e-06,2.37159744836776e-05
10388,Iah1,22.771789657536303,1.4078581612779613,0.2358143219442141,5.970197864449532,2.3696602739428722e-09,1.944256724529548e-08
10391,Gm4419,59.13972086155263,1.0942425823574,0.1352421411451372,8.09098830506607,5.918253805830462e-16,9.389650997297594e-15
10394,9030624G23Rik,162.96855776008584,-0.6153716444795543,0.0737878034147481,-8.339747437942547,7.444937421365054e-17,1.2888817331655578e-15
10395,Taf1b,37.44309824700348,-0.7282413512798939,0.1556891981782238,-4.677532929717102,2.9034695897703167e-06,1.5567159850861845e-05
10399,2900060N12Rik,43.31072816328907,-0.7415021035881215,0.1394716925114126,-5.316506096944701,1.0577867980917602e-07,6.985791980743617e-07
10413,Eipr1,92.60505815198285,0.691554141139049,0.1066675974823608,6.483263497646589,8.975953350525243e-11,8.667327425482308e-10
10418,Alkal2,217.935168227928,0.5423340921962617,0.0653649161281635,8.29702115937678,1.0675437044980083e-16,1.817529574090761e-15
10422,Lamb1,959.9468396549812,-0.5851363978252911,0.0360410718451118,-16.235266263443602,2.8401290017676284e-59,4.3518748599014854e-57
10429,Nampt,90.32057946101928,0.8992343907083492,0.1192400242522953,7.541380474778285,4.650221773368418e-14,6.116722435030086e-13
10434,Atxn7l1,19.263502484523823,1.1002858289100126,0.2819193351889776,3.902839186863375,9.507087183832791e-05,0.000394558800017
10436,Atxn7l1os2,37.745879930970816,-0.6756603297394029,0.1485557783148396,-4.5481928566080505,5.410853984912267e-06,2.7733802056469333e-05
10447,Dgkb,77.14874706019889,1.0166168055718918,0.1160714677199259,8.758541832390128,1.9779231870423896e-18,3.985047546857724e-17
10452,Gm17056,44.552808073272345,0.7991907230658252,0.1458610932632041,5.479121986448421,4.2744160347974376e-08,2.9629166387238746e-07
10454,Gm7008,28.46286789401,-0.5788987677286558,0.174285400244882,-3.3215562916645127,0.0008951692327705,0.0030280434078304
10461,Lrrn3,136.04338031877234,1.8904378882981867,0.2316423296721479,8.161020876338942,3.322047409713367e-16,5.3731040882289904e-15
10470,Prkd1,194.95416480553237,-0.8084493340982273,0.0692116290294248,-11.680830886880596,1.5972651022460402e-31,7.20956765013794e-30
10506,Mipol1,130.31592612747968,-0.515920645323298,0.0817547895795891,-6.310586180654817,2.7798056558684405e-10,2.535647268757698e-09
10509,Gm17529,11.255662215893958,-0.9144653890056308,0.282952070386251,-3.2318738214472726,0.0012298134765585,0.004020659144399
10511,Gemin2,31.110377819876625,0.6820892684114658,0.1834588233168897,3.717942021427272,0.0002008523504787,0.0007833196825545
10514,Mia2,27.27528078847158,-0.5310648743155788,0.1770835890164504,-2.998950254313203,0.0027091153556882,0.0080990633293107
10515,Fbxo33,134.87373784050862,0.570702086229482,0.0884452214307547,6.452605092704691,1.0994358887133307e-10,1.0529027469322624e-09
10519,Togaram1,87.05472492949575,-0.5716253435864608,0.1072468943871609,-5.329994372824403,9.821580980856805e-08,6.52332230317896e-07
10522,Fancm,54.58491456310888,0.7659025036778062,0.1478398736447693,5.18062201215162,2.2114721775498067e-07,1.3981178428317052e-06
10524,Rpl10l,56.38673589955646,-0.7467942174437596,0.1290919340279699,-5.784979697352386,7.252108832746017e-09,5.6227180244299796e-08
10526,Rps29,23.593595493525687,-0.8893306230111218,0.1991942782977804,-4.464639399338768,8.020371642990982e-06,4.025857812062255e-05
10538,Arf6,565.1909478350062,-0.5422350402618581,0.0473217363028059,-11.458477279704256,2.1323066652079677e-30,9.219587333626923e-29
10543,Cdkl1,35.696722005670004,-0.5946372722350745,0.1583724512856369,-3.7546761915214666,0.0001735657170956,0.000685162925701
10550,Gm40437,15.967855306753195,0.9175661243771176,0.2542453241823921,3.608979348304035,0.0003074040775615,0.0011490978871915
10555,3110056K07Rik,107.14926485546718,-1.0624124022079475,0.0921186562965147,-11.53308618384768,8.986346032281107e-31,3.9740124681490216e-29
10560,Dact1,48.51638349072946,0.9249816559334022,0.1659721026770818,5.5731152465608185,2.5022391828151173e-08,1.7906232710124734e-07
10563,Gpr135,20.890384336085106,1.2065244075911323,0.2344001184309271,5.147285827616466,2.6428247540129495e-07,1.6493341480206573e-06
10564,L3hypdh,18.57545827858169,-1.2497484662840506,0.244716118326096,-5.106931553313951,3.274322855842742e-07,2.0189153422471238e-06
10565,Ccdc175,255.1822689227842,-0.6579554106413974,0.0612902172401422,-10.735080413623775,6.965829846431299e-27,2.385865014852195e-25
10573,Mnat1,26.56372484971439,-1.153692913784278,0.1989559711619717,-5.7987348007014425,6.681710040443579e-09,5.2105406690387696e-08
10580,Hif1a,211.4395114225159,0.588339424334178,0.0804136794451565,7.316409700359942,2.546932703808795e-13,3.1687906317757856e-12
10581,Snapc1,290.4836164834813,0.9533497005899936,0.0666834108416412,14.296654723526284,2.2958316458253077e-46,2.2786129084816175e-44
10585,Rhoj,140.77949908578577,-0.5690303398455279,0.0805849744528473,-7.061246140600119,1.6501599179239344e-12,1.8864524506737752e-11
10586,Ppp2r5e,18.961932509582148,-0.666938063324445,0.2189164639059799,-3.046541367536802,0.0023149062302236,0.0070447355452172
10590,Syne2,584.9258338679996,0.6196912336186773,0.0558641712145506,11.092820678189335,1.35932731156353e-28,5.106393436213277e-27
10621,Zfyve26,32.490049944543465,0.7979559643111656,0.1727653656217635,4.618726452720485,3.861024564375159e-06,2.0235336660817664e-05
10630,Galnt16,47.3065750594976,-0.5233802438175625,0.1341956634943488,-3.900127844590171,9.61419066413914e-05,0.0003982468165074
10635,Gm20337,117.71730115234848,-0.6804395333157957,0.0960471231772147,-7.084434294407022,1.3961343294453965e-12,1.6118753778421798e-11
10638,Smoc1,195.02973268916568,-0.5592303919881322,0.0713664588343199,-7.836039522241226,4.649795743096443e-15,6.831171744357332e-14
10642,Synj2bp,105.41400504237475,-0.578164780350371,0.098920827721386,-5.844722427705443,5.074136323699247e-09,4.0124496741683325e-08
10650,Sipa1l1,365.04275779138027,-0.8949743971792352,0.0615539291917959,-14.539679414949848,6.79099385752237e-48,7.103298245700643e-46
10659,Gm46367,541.6529596084576,-0.505360375732929,0.0538779317509755,-9.379728569921925,6.614278028572426e-21,1.5805500492900565e-19
10663,Dnal1,142.37599227960692,0.5147465207192232,0.0842821002653093,6.10742398562526,1.0125200793424916e-09,8.619249876196221e-09
10666,Gm47484,20.82310026297576,0.878509483331553,0.2293505474141982,3.830422439520053,0.0001279234516625,0.0005183407222548
10671,Bbof1,40.72203915930367,-1.0341517110830545,0.1510978012790007,-6.84425386954177,7.687548662996742e-12,8.203182653954005e-11
10683,Prox2os,151.7019599794979,0.7825691442031998,0.0831036796105942,9.41678091596123,4.651293657937344e-21,1.126890396904987e-19
10704,Esrrb,50.314126988456046,0.9611309522802344,0.14708931862976,6.534335472037277,6.389258776589679e-11,6.245527269696056e-10
10717,Sptlc2,52.34637398267203,-0.6339382522284338,0.1303935778602549,-4.861729102240269,1.1636479920748525e-06,6.636174706354397e-06
10749,Psmc1,45.20099745559724,1.0595984802602032,0.1493860483730932,7.09302168308144,1.3121488827501744e-12,1.5179216346940428e-11
10754,Gm36756,85.38480136746928,-0.6372874956322216,0.1081133221734528,-5.894625036216927,3.755331473263173e-09,3.018781876436314e-08
10759,Atxn3,64.93950176531632,0.6022917027179,0.1200339122749185,5.017679514922807,5.229932546402707e-07,3.1448007476957827e-06
10765,Itpk1,86.46162317195616,0.82641323902234,0.116497873586816,7.09380535093187,1.3047361189292257e-12,1.510346621965256e-11
10769,Ubr7,236.1894966754496,0.9096857289504348,0.0771216761685429,11.7954610706644,4.119382613299811e-32,1.9188633463765632e-30
10779,Gsc,68.86472955974229,0.9445607763048736,0.127679476400731,7.397906092129504,1.383486281892408e-13,1.7638861857703622e-12
10782,Syne3,123.91691773916364,-0.5279406590220096,0.0867299751663579,-6.087176411723388,1.149193253931163e-09,9.721117559162011e-09
10783,Snhg10,240.2409855616821,-0.5323058735354198,0.0607000636762858,-8.769445059797844,1.7954899888967085e-18,3.638470896293237e-17
10785,Tcl1,16.942030044958283,0.822520315456121,0.2366605442441202,3.475527862420844,0.0005098490269717,0.0018205320529727
10798,Evl,86.0519920723059,-0.6158838162085529,0.1032530264226196,-5.96480159029635,2.449314789242132e-09,2.0067838057449142e-08
10817,1700001K19Rik,31.918028157035497,0.5514011657188813,0.1799531553279574,3.064137245684716,0.0021829873764483,0.0066852074845372
10844,Ppp1r13b,28.00475488963613,0.7121778684493832,0.185693947861108,3.83522390822379,0.0001254499565216,0.0005093816458669
10851,Siva1,46.6179535881464,-0.7335854852601408,0.1418537975872387,-5.171419431397264,2.323224387552588e-07,1.4640001299339324e-06
10853,Cep170b,11.380196851202326,1.1547998197713802,0.3069256924058551,3.762473616071088,0.0001682410615662,0.0006664024633648
10855,Clba1,79.66678428566956,-0.6383916405789672,0.1138278836384799,-5.608394184034151,2.0421249327152177e-08,1.4752621308796286e-07
10857,Jag2,19.29722215689008,-0.9403202444227512,0.2170572996459455,-4.3321291011938365,1.476743025513945e-05,7.080907814899146e-05
10878,Itgb8,296.2334575537915,0.5745850458851001,0.0602468877400677,9.53717390953238,1.4677757226284096e-21,3.667969431026189e-20
10881,Gdi2,19.444002214510217,1.094141395663582,0.2413186480384569,4.534010962506379,5.787402329226926e-06,2.9533842794898025e-05
10883,Asb13,212.7548956141548,0.6802487857999319,0.0716051160760705,9.5000025567623,2.098851481927803e-21,5.185677183354294e-20
10885,Akr1c19,109.05982910391776,-0.6979993815313473,0.0987837217926519,-7.065935245854124,1.5953780312747505e-12,1.827413996741465e-11
10886,Akr1e1,88.87314947729969,0.6792753902770876,0.1075408344266596,6.31644150706621,2.6765468715388514e-10,2.445288742261541e-09
10891,Gm40663,695.8543476351241,0.6125311369677439,0.0391662985201921,15.639239859542874,3.933959264539792e-55,5.3270077855024115e-53
10899,Gm47802,191.09986895343096,-0.5456121370900121,0.0789469796221974,-6.91112110559582,4.808383295521696e-12,5.2308186269762576e-11
10905,Lgals8,163.18782362939564,-0.5638362971755096,0.0736506175463726,-7.655554236466532,1.9248029194538304e-14,2.639125384381437e-13
10906,Ero1lb,486.69454808706143,-0.5620126512949756,0.0450971329338484,-12.462270098619664,1.1990803579932344e-35,6.9818452311419414e-34
10923,Inhba,87.07619108776555,0.6169001328656561,0.1288591639530324,4.787398225635768,1.689573698323964e-06,9.39022378693064e-06
10931,Gm47661,42.90451611338164,-0.5358241430924895,0.1407435029920223,-3.807096822955026,0.0001406077064722,0.0005647586609927
10935,Gm32036,141.29015000664253,0.5866981429190509,0.0929203438334269,6.313990227702894,2.7193111724427357e-10,2.4830594647271155e-09
10943,Zscan26,376.4973335731452,1.241711728451426,0.0731464452475859,16.975694775713045,1.2427478254871197e-64,2.3093956399584048e-62
10947,Hist1h2bl,111.17305100431976,0.985160474999936,0.1126155048782454,8.748000340317656,2.1716661145176228e-18,4.365323784625298e-17
10964,Gm11290,44.19460107993213,0.5501260305556684,0.149207623819032,3.686983389152383,0.0002269281634775,0.0008733159637862
10968,Hist1h2ag,122.96000660011131,0.5486111185176603,0.0903064220721104,6.0749956196868204,1.2399110573383858e-09,1.04631721495589e-08
10971,Zfp322a,17.670112199614454,-1.1474755583815588,0.2482793768383443,-4.621711126368279,3.805877344401753e-06,1.9976281686301027e-05
10974,Hist1h2af,41.65620611191739,0.6322296445806437,0.1530010372146182,4.132191886345188,3.593202525307455e-05,0.0001604039399746
10978,Hist1h3e,156.80353837455854,0.6266418561557946,0.0967719141772839,6.475451699837217,9.452872298615164e-11,9.112735834007157e-10
10995,Hist1h3a,18.88894284937646,1.2828100362440151,0.2416726294132445,5.308048492535302,1.1080516651180329e-07,7.29600652331918e-07
10998,Ripor2,11.01490304327309,0.9821275822284196,0.3127840887862735,3.1399537810234035,0.0016897449142728,0.005340413273479
10999,Armh2,774.2643252072814,0.8039047827927888,0.0540863095803901,14.863369104485114,5.6985774698319e-50,6.548865213356818e-48
11000,Gmnn,136.74447071176286,0.7766841792246632,0.0874771748445103,8.878706709552635,6.764220045153576e-19,1.4099927893644708e-17
11005,Gpld1,28.19102718005701,0.6170003659725992,0.2074426585319631,2.974317675732693,0.002936409012167,0.008710000445667
11011,Gm11361,63.14421241148336,-0.8255690876147448,0.1232365262585683,-6.699061655491485,2.0976208388312116e-11,2.15790581935828e-10
11013,2610307P16Rik,115.90192765886836,0.5033068682508863,0.0928376574711778,5.421365445451293,5.9145507510527315e-08,4.038912139147346e-07
11015,A330102I10Rik,276.6711251739822,-0.5084696577967907,0.0592975811422808,-8.574880256527662,9.918993998195153e-18,1.8570738173684126e-16
11016,E2f3,22.920083240249056,1.5571021259248217,0.2445792372165722,6.3664526214301045,1.9345001839099149e-10,1.7917205308875075e-09
11024,Gm6093,17.642999337209925,1.0570297556915091,0.2609741520635639,4.050323556311642,5.1146863176980496e-05,0.0002226902806519
11029,Ripk1,81.0617905923824,0.7272667303289774,0.1525100594141838,4.768647610016861,1.854667540299837e-06,1.0236124042324662e-05
11030,Bphl,34.05356473163889,0.8874639862347379,0.1777690528773646,4.992229929058361,5.968614014918406e-07,3.5656549115114474e-06
11033,Psmg4,21.678316357860684,0.7108553376177258,0.209217654717846,3.397683329241003,0.0006795903627372,0.002356776743358
11041,Eci2,157.8193482563206,0.9913736585099332,0.0946131442058794,10.4781810902795,1.0881640470271923e-25,3.552906462331028e-24
11053,Dsp,3087.467275262506,-0.5046901130873543,0.037007940736748,-13.637346554281764,2.4014035135153468e-42,1.9786658761361356e-40
11066,Mak,180.66030983210976,0.5941799472336105,0.0754088076934036,7.879450231456004,3.288246341435617e-15,4.8718479297877326e-14
11069,Tmem170b,83.33039597187553,0.7146157140406674,0.1086280681144814,6.57855493929566,4.750423491462333e-11,4.720159132472357e-10
11091,Kif13a,255.08185405750828,-0.8437444376135939,0.0596305845315698,-14.149524849398304,1.8802338592914054e-45,1.794750002956408e-43
11093,Tpmt,196.9745302118579,1.1000245002092943,0.077285437242894,14.233270062924255,5.695496086230091e-46,5.589265485071193e-44
11096,1700026N04Rik,79.65216717947622,-0.5607319838497865,0.1028746121975441,-5.450635213798379,5.01902258279032e-08,3.4557464121474693e-07
11111,Ecm2,450.6884859945229,0.6134518012715284,0.0471975617670764,12.997531616123725,1.2635615960807174e-38,8.724068759026867e-37
11112,Aspn,30.429661715735268,0.8349213109771935,0.1772642896777624,4.7100367056159165,2.4767218283607017e-06,1.3419161568797996e-05
11113,Omd,74.13400427081076,0.6062224578159141,0.1151145649429985,5.266253302665031,1.392361368196209e-07,9.06851915721528e-07
11115,Nol8,145.87591451839717,0.7229099425629817,0.0870231713516436,8.307097194169625,9.807161534991143e-17,1.676237746509054e-15
11124,Gadd45g,11.974494650009811,-1.2509339177485963,0.285212656427784,-4.385969169167405,1.1547047735403842e-05,5.643643812032297e-05
11136,Arl10,10.838118543102654,1.3770331605004826,0.3476924428886406,3.9604920632155376,7.479547908989337e-05,0.0003161208392795
11142,Uimc1,170.16166172465162,-0.766744858331869,0.07715037094935,-9.9383171966243,2.835770050724557e-23,7.951080456830909e-22
11144,Fgfr4,61.80114583075073,0.6347808321823546,0.133198929093143,4.765660178382266,1.88236285327012e-06,1.0369320189505662e-05
11151,Prr7,40.90759101674305,-0.800920242355902,0.1575603644046559,-5.083259647070445,3.710119775456791e-07,2.2692007086022136e-06
11161,Txndc15,46.81168685892406,-0.5047602056197453,0.1522975623967473,-3.31430259077164,0.0009187202681986,0.0030999045093478
11163,Gm47071,106.78541212914074,-0.5565047579492733,0.0890375372208453,-6.250226312627444,4.098583550662687e-10,3.679036868601018e-09
11190,Tpbpa,199.00169430283867,0.5857768930289665,0.0990302415583819,5.915131416534308,3.316107073112937e-09,2.6829901969956825e-08
11194,Gm40977,41.78869836591694,1.4844569237999738,0.1877205491380082,7.907801946118492,2.619731488811367e-15,3.93816434135602e-14
11206,Ercc6l2,34.304546847996896,-1.424767788502811,0.1788280663172249,-7.9672493129540465,1.6224513735159437e-15,2.4751948115787342e-14
11207,Slc35d2,103.36264304232272,-0.7732017757727659,0.0892316715818346,-8.66510468834667,4.5109829044319e-18,8.71657625825403e-17
11211,1810034E14Rik,22.82368002882693,-0.5880589484270687,0.1962700274606586,-2.996172956387558,0.0027339132114861,0.0081662099825991
11216,Cntnap3,109.42611733998322,0.8396743288587357,0.1031889670800661,8.137249093764234,4.043602315734823e-16,6.492062982652195e-15
11217,Mfsd14b,201.98486529532235,-0.6702442958659425,0.0798291664623713,-8.395982641029725,4.6201390278419465e-17,8.143752627481648e-16
11218,Nlrp4f,77.11107495766471,1.1482246247982597,0.1240945652119902,9.252819596384033,2.1864726873567595e-20,5.058715881158659e-19
11221,Gm7762,41.53068381842242,0.6893665987385204,0.1595862354384299,4.3197121408662165,1.562328587561092e-05,7.458528496178506e-05
11229,Uqcrb,165.7240800048796,0.5477768912472698,0.07817492529383,7.0070663859080495,2.4336681227181405e-12,2.7297295034145064e-11
11230,Gm10767,61.0306810313543,0.5441607210309154,0.127715119849256,4.260738444071432,2.037525721853053e-05,9.524083304610416e-05
11238,Zfp429,330.8246465940897,-0.5531513723016869,0.0602702082911026,-9.17785731932414,4.3975418958327765e-20,9.89900281396997e-19
11248,Zfp738,54.915600972228944,0.6755579035437468,0.1424650112145914,4.741921527147258,2.1170062998905597e-06,1.1567052251012917e-05
11255,Gm10037,11.76882012595584,-1.010796911260479,0.2824229939530227,-3.5790177602486994,0.000344888032088,0.0012755672548198
11267,Ndufs6,140.63557016861276,0.6627369874299872,0.0956509515339221,6.92870250428142,4.247178838528509e-12,4.655307717676025e-11
11275,Brd9,56.22422073269636,-1.0453143275024104,0.1340574728615731,-7.797508823561031,6.314122390666107e-15,9.115296687616161e-14
11278,Pdcd6,68.98385224563695,-1.0656391530485652,0.1149991703421578,-9.266494270158312,1.9236465052304624e-20,4.468385259756079e-19
11281,Zfp72,27.998337739918128,0.6198940181516448,0.1829634038114913,3.388076551037094,0.0007038461712657,0.0024312408383764
11289,Cast,21.644680210879933,0.8202856879053249,0.2367694413629387,3.464491376857737,0.0005312351709229,0.0018861008060327
11299,Mctp1,95.48166139902332,1.0176849981853338,0.1084178137234843,9.38669544454108,6.191222025618641e-21,1.4814831005959782e-19
11301,2210408I21Rik,402.1760266649802,0.5219895855456681,0.0547483576771001,9.534342356428402,1.5083855227177353e-21,3.7640683301190567e-20
11304,Gm38604,198.2404372184488,-0.9716864052582505,0.068508684908323,-14.183404725379582,1.1607540035688526e-45,1.1140687326560832e-43
11312,Cetn3,173.84546010528177,-0.5492809613281847,0.0765372866319726,-7.17664533849216,7.144269901376712e-13,8.455020774881327e-12
11313,2310067P03Rik,13.219800134612104,0.9418757632076322,0.2743542439911249,3.4330643095067304,0.0005968005248276,0.0020954596115957
11322,Xrcc4,165.06075617008705,0.5841060840397984,0.0821697758834852,7.108527165366095,1.1728781539038756e-12,1.3658557061595266e-11
11329,Zcchc9,37.0491434267458,0.6452228099477061,0.157122361764899,4.10649892669732,4.0170132762014086e-05,0.0001776435136928
11333,Dhfr,23.75107657282438,1.101919375437462,0.2129815177407931,5.173779336001076,2.2940573483035865e-07,1.4466640346630703e-06
11344,Dmgdh,114.0272213446697,0.5398382969587057,0.0914853009602437,5.900820036579433,3.6169927047670853e-09,2.9156266066853464e-08
11348,Gm9776,31.365693794557583,0.9238224906957376,0.1779804353201644,5.190584510223819,2.0963494650957004e-07,1.3291844811721125e-06
11350,Wdr41,11.659241447520296,-0.9694204610782392,0.2728297824708997,-3.553206150364609,0.0003805661054671,0.0013916116245134
11353,Gm48730,820.3713790213982,-0.689851454901558,0.0469560942451769,-14.691414735211175,7.317002990729634e-49,7.938721008823929e-47
11358,Sv2c,62.261017962131234,-0.8989658432820146,0.121717270886196,-7.385688462589134,1.516665390150243e-13,1.923973205166626e-12
11363,Ankrd31,19.585101956343117,0.8723158547631497,0.2216785837794523,3.9350479414421695,8.318009058342016e-05,0.0003491085589406
11366,Nsa2,206.816191442585,-0.538443171657532,0.0659543594624275,-8.163875383616892,3.244436195921334e-16,5.2632948090103135e-15
11371,Ankra2,34.911887327741454,-0.9395648436271388,0.1642054148393876,-5.721887092128749,1.0534731240959706e-08,7.925094113569515e-08
11375,Fcho2,212.89870157867628,0.6001176899914503,0.0705722397599924,8.503594218241869,1.8380922647049068e-17,3.376214056768172e-16
11382,Mccc2,23.140611811226226,0.7178520308909203,0.2007546650608704,3.575767620011529,0.0003492017408453,0.0012893375626899
11383,Bdp1,14.686063792349527,1.3224827614490993,0.2831207351375457,4.671091154120558,2.9960393881363367e-06,1.6009426745783275e-05
11386,Ocln,431.5572864864775,0.5194083449222048,0.0501831829384365,10.35024712480677,4.17406995455638e-25,1.3090243081901409e-23
11390,Ccdc125,45.11106964412645,-0.7510948190527844,0.1405592202583044,-5.34361828183526,9.110932935707325e-08,6.069785527114247e-07
11406,Cwc27,644.3677336031978,0.5297117589015018,0.0470374598567804,11.261487344647584,2.032981873871096e-29,8.089322863959067e-28
11414,Kif2a,62.61446568083569,0.6142511315955106,0.1249435054228466,4.91623097588545,8.822629716677017e-07,5.131991205158645e-06
11415,3830408C21Rik,149.38445930557782,-0.7935024028089012,0.0871798768886349,-9.1018986390923,8.876625866910595e-20,1.96523321474264e-18
11436,Gpx8,113.27784354610878,-0.5285265895744297,0.0866434712007832,-6.100016334175358,1.060576268183386e-09,9.010771523651452e-09
11451,4933413L06Rik,168.7563433720365,0.5506549855043658,0.0856637974646561,6.428094502015972,1.2921340689634659e-10,1.224023748191639e-09
11452,Mrps30,72.51464507807042,-0.6702460973454955,0.1086810158379743,-6.167094521316609,6.955618346782432e-10,6.062911241596584e-09
11453,Fgf10,130.1001188616376,-0.8431148533166763,0.0875842162100215,-9.626333257295345,6.189891935708004e-22,1.587739094463251e-20
11458,Hmgcs1,72.72744249109317,0.6661903148462259,0.1296430971638649,5.1386485622461,2.767213740991393e-07,1.7220409557405647e-06
11467,Gm3164,10.677195728054498,3.118150817113471,0.47123006474169,6.617045580108986,3.664485356938916e-11,3.6872828464866924e-10
11468,Gm3173,34.89817592435288,-0.8197195537827535,0.1552060529590697,-5.281492172208814,1.2813595839175653e-07,8.367397836213844e-07
11488,4930452B06Rik,13.46965646163949,0.8056002682944021,0.2727110050938859,2.954043853188319,0.003136394337858,0.0092529194888878
11489,Ptprg,56.53125254649965,-0.6619983080276606,0.1512489260405081,-4.376879395826991,1.203905449294781e-05,5.869333069573328e-05
11496,Thoc7,277.25611479171766,-1.6637477499917688,0.1204991913704647,-13.80712792401,2.3085356653458093e-43,1.9802956911630262e-41
11503,Lrrc3b,14.660960165288628,1.7269373275323163,0.303901602126096,5.682554206528233,1.32697834684103e-08,9.838564415373137e-08
11504,Oxsm,43.88494942058111,0.8580113178749285,0.1633531817291245,5.252492230593339,1.5005479605255437e-07,9.736839440735583e-07
11515,Gm2237,1481.0923052539658,-0.6563187871184999,0.033197643768827,-19.770041262229277,5.393183944027166e-87,1.8472183751816968e-84
11526,Cfap70,83.27817823467788,0.7469680464127373,0.1117118550238995,6.686560224543146,2.2847714699530652e-11,2.3455593151891183e-10
11530,1810062O18Rik,11.17152317058853,-0.9535853411174864,0.2959333478376665,-3.222297683195114,0.0012716693894878,0.0041450869370357
11537,Chchd1,91.42935942273218,-0.6084821312411404,0.1017993750170255,-5.97726784805284,2.269109504942652e-09,1.868779105720804e-08
11554,AC163638.2,167.91321842287212,0.5905551690778418,0.0760749946775184,7.762802634179635,8.307283762485047e-15,1.1865219359205953e-13
11555,Dlg5,112.31881601567449,0.903786561979024,0.109220877959036,8.274851648033763,1.2861565144230378e-16,2.172783558408281e-15
11561,Zcchc24,46.64273105342266,-0.8900343976390067,0.1436313423312512,-6.196658634480739,5.767439900803455e-10,5.0984635722284806e-09
11567,Slmap,36.58928630019738,-0.8624084347403259,0.1517167247338869,-5.684333327475933,1.3132392385500598e-08,9.740833553712293e-08
11579,Ccdc66,35.157675720684345,-1.0532595078355986,0.1629651451211584,-6.463096799334235,1.0258162414185571e-10,9.861837151953415e-10
11585,Chdh,16.907522156562756,0.824225468986478,0.2363064377627284,3.487951817098059,0.0004867357840364,0.0017469284313846
11591,1700087M22Rik,120.73367795489722,-0.6053158790186093,0.0981099543831665,-6.16977026260312,6.838928678734922e-10,5.973120308007082e-09
11595,Gnl3,24.09796648940142,-0.6271188063102526,0.2137819976922454,-2.9334500242299884,0.0033521761624789,0.0098280988932834
11596,Pbrm1,32.679151400446955,-0.504520132963119,0.1647387855148168,-3.062546147748198,0.0021946263346804,0.0067126129949567
11599,Nisch,252.6499825286249,1.363077311843224,0.0735728778537143,18.52689947175159,1.2530211474420264e-76,3.3163293035632303e-74
11625,Glud1,168.72860410748686,-0.7312938673987974,0.0734956238855304,-9.950168850022806,2.517556931526632e-23,7.070206508023664e-22
11626,Fam25c,234.59772256125672,0.585057718916456,0.0675038175462617,8.667031586998826,4.435319463571866e-18,8.579862723108899e-17
11634,Ccser2,19.720973937962963,0.6710612383858845,0.2252492523048233,2.979194077313769,0.0028900766118215,0.0085900728697123
11635,Ghitm,57.02550494897106,-0.7540211136376552,0.1334813161845398,-5.648888812238039,1.6148825686887917e-08,1.1827575978975185e-07
11639,Prxl2a,52.09604676339528,-0.6793976324609776,0.1305685074848,-5.203380551317621,1.956955548992617e-07,1.2498756683657415e-06
11659,Cgrrf1,15.979979628015553,0.8844924424176698,0.2537256913441619,3.486018454543947,0.0004902671817257,0.0017577970300463
11664,Wdhd1,219.61042418595693,-0.5392580918911375,0.0636418809302667,-8.473321089959772,2.3849401545455056e-17,4.326078361329272e-16
11665,Socs4,25.84864056760967,0.562573368879281,0.1884630166329771,2.985059768914058,0.0028352291920498,0.0084444981099902
11667,Gm49189,152.48760107241233,-0.5499371740502753,0.081547942590252,-6.743728371094586,1.5437302413580235e-11,1.6041570408115379e-10
11677,Slc35f4,29.87339714656281,-0.6593872866822686,0.1684254516469841,-3.915009757933315,9.040055170621372e-05,0.0003759801993343
11681,Parp2,629.0750536158146,-0.5519189943237743,0.0433462776603305,-12.732788698690886,3.887035679205766e-37,2.4512180232623216e-35
11684,Osgep,175.22001255976042,-0.6020015883781026,0.0703382676650308,-8.558663844907176,1.1418311789235389e-17,2.1241221547855567e-16
11686,Pnp,29.806806557953117,-0.7894595619517435,0.1755099341796026,-4.4980904678812905,6.856652166741542e-06,3.47064619091977e-05
11699,Chd8,83.36765598270381,-0.7211474337630128,0.1043281119425155,-6.912302162243314,4.76850775452918e-12,5.1930357516281614e-11
11712,Psmb5,29.26361863688568,-0.9196592874109092,0.1755079919990614,-5.239985239052973,1.6058944207870058e-07,1.0374172981622569e-06
11721,Bcl2l2,65.485692208431,-0.5593967824725833,0.1167714962087278,-4.790525090752175,1.663454197285536e-06,9.262740809111809e-06
11733,Carmil3,42.17084660849848,1.0699518012514522,0.1845401346133185,5.797935519519406,6.713625405609056e-09,5.2307586344861287e-08
11740,Ipo4,40.35387533105119,-0.6810027939887767,0.1461365567918394,-4.660044063846489,3.1614169835454886e-06,1.68467455364773e-05
11747,Gm49067,56.618811413805545,-0.5683151517185268,0.1229348231597408,-4.622898029308271,3.7841576822835503e-06,1.9886181225670595e-05
11762,Cenpj,38.50359017306945,1.3349083565517774,0.1700775118387354,7.848823410690028,4.199584449167188e-15,6.190577312915817e-14
11770,Ift88,40.82983556593518,-0.5552757226432102,0.1548843753127313,-3.585098377560923,0.0003369511670089,0.001250183301893
11772,Eef1akmt1,23.8690420509157,1.1816773546388444,0.2557390424341643,4.620637284755014,3.825630972502686e-06,2.006015712356651e-05
11785,Gm49336,95.35326684765718,0.8581213357431579,0.103072654077029,8.325402536950877,8.404265839228933e-17,1.4477881230734817e-15
11789,Tnfrsf19,133.22177766604025,-0.6107224906569583,0.0858767342862405,-7.111617549653493,1.1469071555969193e-12,1.3365026146742486e-11
11800,Dleu7,10.315048401268175,1.1389996111914065,0.3197215826088049,3.5624733303820424,0.0003673772398196,0.0013493157327942
11801,Rnaseh2b,26.263350189492723,0.7611703216288614,0.1987010864467448,3.8307305472779474,0.0001277633585771,0.0005178121456207
11802,Fam124a,378.4654193026328,-0.5158169129007306,0.0601677500084707,-8.5729799240974,1.0084108877438074e-17,1.8859658872707523e-16
11803,Serpine3,780.1141550282767,1.2787316078891842,0.0873519180146269,14.638849803790936,1.5873074669290507e-48,1.71154856989609e-46
11843,Gm20667,143.68091407937814,1.040874544613497,0.0906172237635111,11.4864978354438,1.5423885501970893e-30,6.685469775395223e-29
11844,Kctd9,22.818741987793043,0.7479720118975386,0.2107223318092066,3.5495621440577616,0.000385872376744,0.0014098344858741
11848,Nefl,32.88404782538964,-0.7468296727164488,0.1760371837945859,-4.24245410326439,2.2108876583128227e-05,0.0001027668590085
11850,Loxl2,45.57020426895106,-0.5490633430036386,0.134519182567162,-4.081673204708222,4.471263752907988e-05,0.0001960934854024
11854,Rhobtb2,22.353205500689825,0.6505617588382044,0.2173324052983256,2.993395108038297,0.0027589232539202,0.0082380976751245
11856,Bin3,218.73455754905785,0.6140559464234601,0.0807257698245308,7.6066904999258576,2.8120362646445788e-14,3.784333549369145e-13
11861,Gm49417,84.88492004963787,0.5125872026662399,0.1098159667434066,4.667692848927323,3.0460080086329043e-06,1.6256543811426694e-05
11867,Hr,10.573070872144353,1.1376828121136195,0.3181379351101783,3.5760677572752027,0.0003488012823102,0.0012886761420041
11876,Rcbtb2,33.64534092100098,0.8995412490035022,0.1705749406989384,5.273583829591801,1.3378510072035302e-07,8.72650537484364e-07
11879,Med4,21.140953782201105,-0.8069565889587885,0.2059017658691163,-3.9191338916041127,8.88677392883132e-05,0.000370310512855
11884,Lrch1,241.00467708717665,-0.8328042417486551,0.0646898232618738,-12.87380610667836,6.320891864467605e-38,4.104585096227513e-36
11889,Slc25a30,76.7526416273961,0.613364712835519,0.1136406441481176,5.39740616074006,6.761121513057535e-08,4.591884548603772e-07
11890,Gm4285,33.66374262121735,0.8227222043790631,0.201529072918172,4.082399588634626,4.45730722561544e-05,0.0001955304937645
11894,Nufip1,20.08762101106415,0.7107649840887157,0.2199129722969557,3.232028455006039,0.0012291481566191,0.0040192362410752
11901,Enox1,37.97907062762122,-0.5240588265721846,0.1537946399302427,-3.4075233493825543,0.0006555529948146,0.0022814050163724
11905,Tnfsf11,249.55806434531888,0.5357592985294195,0.0839749144320101,6.379992193540062,1.7709701104699267e-10,1.6498829807833962e-09
11912,Kbtbd7,54.08941783642773,-0.6579199663821972,0.1404590018595503,-4.684071207056372,2.812322353935654e-06,1.5092364632426424e-05
11928,Pibf1,36.12615694683212,0.5037663601154219,0.162069017895822,3.108344621667559,0.0018813854475146,0.005874873256558
11934,Commd6,40.14909831396793,-0.6901817463963796,0.1725605312433678,-3.999650102044443,6.343620307826454e-05,0.0002719272626677
11942,Gm34907,263.13649637456,0.7497601409881547,0.0823686415590034,9.102494915508307,8.828013998879851e-20,1.9569511235080362e-18
11947,Rbm26,185.4312150830201,-0.6437475586628612,0.0670137837275276,-9.60619626076158,7.527864148710677e-22,1.9168619671964735e-20
11956,Sox21,40.56678725337489,1.3427961222935525,0.1890591813133076,7.102517386173799,1.2250461308917269e-12,1.4224165043083942e-11
11957,Gm4675,16.595371873650972,-0.8288611214917049,0.2442135772866711,-3.394000983486445,0.0006887944521212,0.002383963045305
11965,Hs6st3,138.7681845214466,-0.8130305005741839,0.0925167083620368,-8.787931552781025,1.523387341430558e-18,3.112342699427951e-17
11966,Mbnl2,47.28518110650196,1.30310561342692,0.1532931070382677,8.50074500154541,1.8837776941473106e-17,3.4564946177904646e-16
11987,Selenop,14.047295172451433,0.7935680598944095,0.2610545580148399,3.039855216200816,0.0023669190287988,0.0071817511889973
11990,Fbxo4,41.17370570409674,0.5349630519249299,0.1553987835401319,3.442517629404576,0.0005763262988518,0.0020305098403274
11993,Plcxd3,31.041095234092285,-0.7039287934386208,0.1623829774084254,-4.334991294488337,1.457658908785344e-05,6.995160939192964e-05
11994,C7,32.4261545887113,0.7571885021383814,0.1932348609282578,3.918488095269218,8.910612942412258e-05,0.0003711268165905
12005,Lifr,36.0773889054361,0.7998484262901603,0.1657671279903609,4.825132919819121,1.3990992769088437e-06,7.886242713470048e-06
12018,Dnajc21,86.66628515471116,-0.6097336966392544,0.1024805189939877,-5.949752232178156,2.685486981761783e-09,2.191036272648988e-08
12023,Gm10389,29.198796354448135,0.5367869947044462,0.1736910821574635,3.0904695165512868,0.0019984031678968,0.0061926745674687
12026,Tars,209.86699088210565,0.5751674924300083,0.0702551161624148,8.186841383912082,2.681712318148839e-16,4.394385626024759e-15
12041,Gm2824,45.23161993484805,-0.8952690738644125,0.148888910623384,-6.013000364607437,1.821206271407052e-09,1.5134553353443568e-08
12068,Rpl30,35.178230515384406,0.6732683546924971,0.1696941394752026,3.9675404040154345,7.261820370053923e-05,0.0003076112464073
12073,Gm48960,49.24728951236269,-0.6430997562486429,0.133934979301235,-4.801581779485988,1.57417195981103e-06,8.799243454073302e-06
12079,Gm41293,21.780967647787943,-0.672790236735649,0.2193912899211275,-3.0666223667198502,0.0021649217548407,0.0066391947355265
12089,Gm16137,11.533298772640782,-0.9482406382239476,0.305902508388904,-3.09981321571387,0.0019364271607478,0.0060295026103285
12090,Ncald,99.72867300803124,-0.6644146692323709,0.0995779820066029,-6.672305020082794,2.5181649811860616e-11,2.5768779081053375e-10
12115,Eif3e,35.39966142992585,1.079761895707938,0.1832891840445364,5.891028984261138,3.837982242752794e-09,3.079553229968112e-08
12119,Eny2,13.63958006599514,0.9681012799265551,0.2703687065089346,3.580670605067098,0.0003427134836661,0.0012694060925955
12126,Ext1,19.061835553341037,1.1903552232028718,0.2507630130496462,4.74693300549553,2.0652431956380494e-06,1.1301901046806218e-05
12129,Taf2,55.15404011051067,-0.5177249668627033,0.1279498323292363,-4.046312194692921,5.203083169758053e-05,0.0002262570495626
12154,Sqle,36.55167230680963,0.7295577914506653,0.1593004830094653,4.579758815968665,4.655124193430485e-06,2.4079274329536187e-05
12155,Washc5,38.397133196575055,1.3144159882073774,0.1696093398900678,7.749667495076125,9.213347915041896e-15,1.310576232735764e-13
12157,Lratd2,76.38009752065521,-0.5033783798835543,0.1139171099877812,-4.418812766032658,9.924457818615224e-06,4.90966947537725e-05
12159,Myc,177.2152770957674,0.9102588564545888,0.0840503453909071,10.829924043989273,2.483612514497831e-27,8.711595060893195e-26
12165,Phf20l1,142.58761126676143,-1.436447824414377,0.0837501204416679,-17.151591148037376,6.115481365298458e-66,1.1869469832114828e-63
12166,Ccn4,53.18566764409992,0.7749623976545262,0.1374965501019419,5.63623157875567,1.7381161172557033e-08,1.267170798673732e-07
12168,St3gal1,69.31717233860219,-0.771282674242878,0.111068760169322,-6.944190905409166,3.8063548722961536e-12,4.192270296927441e-11
12184,Lynx1,71.02003341508461,0.5508198401254328,0.1143241057235992,4.818055095546924,1.4496434571325395e-06,8.14748130926358e-06
12196,Pycrl,81.45487936632976,-0.6837419642477885,0.1071770046754464,-6.37955843530333,1.775993100595695e-10,1.6527995461484072e-09
12204,Scrib,51.04637009857088,-0.731654831065834,0.1405453862192064,-5.205826037751844,1.9313551707628602e-07,1.2353318243458674e-06
12211,Oplah,53.21745268059417,0.6743010430723082,0.1401633562209029,4.810822609081815,1.503103777288299e-06,8.434377379271444e-06
12224,Cpsf1,25.24611066191804,-0.6522564041447468,0.1893411076347878,-3.444874767516714,0.0005713240233692,0.0020153247254067
12225,Vps28,11.941035734542814,2.0608981147899805,0.3776751425878565,5.456801050417463,4.8478900979914624e-08,3.3431876917376577e-07
12233,Lrrc24,50.17763410756833,0.7169641385938019,0.140879312351925,5.089208107452867,3.595618511229568e-07,2.2030257507596665e-06
12243,1700109K24Rik,98.71952151052788,-1.3551470899688869,0.1049315144917929,-12.914586209225808,3.724408136379944e-38,2.4736867424442912e-36
12255,Cdc42ep1,67.11099066546464,-0.9495545467024088,0.1225573118662974,-7.747840844765877,9.346818553356375e-15,1.3263219048743234e-13
12261,Triobp,58.98149299406323,-0.5491634475368596,0.11899017283545,-4.61520001568777,3.927169147628285e-06,2.055116556943406e-05
12275,Kcnj4,57.01673098368799,0.701372411892912,0.1366967231253825,5.130864850722068,2.88413940678844e-07,1.790339273552966e-06
12277,Ddx17,29.736381343128997,0.638103703348562,0.176618725626081,3.612888163962237,0.0003028053266655,0.0011343348587163
12284,Gm16576,53.76043455934483,0.6239563032733065,0.1331812016493341,4.685017821930924,2.7993557336471803e-06,1.5032015356701184e-05
12288,Gm10856,104.68438483051344,1.2329577083950816,0.1145428788433138,10.764158547836711,5.0823702632396236e-27,1.7545226039183746e-25
12292,Pdgfb,26.26140126130637,0.7218170317819319,0.1941228524361225,3.718351666089653,0.0002005269859609,0.0007822254110687
12293,Rpl3,83.59048418707997,-0.526243279170699,0.0989873436406207,-5.316268320940659,1.0591692956343041e-07,6.992278630438406e-07
12294,Syngr1,665.9587673506264,-0.7983703947847767,0.0437286736318213,-18.25736589924379,1.8080597099856536e-74,4.44833619915907e-72
12299,Rps19bp1,189.0467953328492,-0.6075629271691954,0.0705521242739745,-8.611546901264806,7.208123814235669e-18,1.3626786448816955e-16
12300,Fam83f,132.56625633353312,0.6522078001718117,0.0881444515363907,7.399306352284073,1.3689769753357813e-13,1.7467706212684756e-12
12319,1700029P11Rik,44.00390357099191,0.8415291489818257,0.1478505481979536,5.691755351864655,1.257399320035686e-08,9.350468847332213e-08
12333,Tcf20,14.940345418320984,-0.9091250284079097,0.2385833895680756,-3.810512668353663,0.0001386789051862,0.0005575243074324
12339,Gm49463,22.75565316449861,-0.9426117950102944,0.1947596901867755,-4.839871095021382,1.2992337293104734e-06,7.354184959039323e-06
12346,Mcat,23.16908114731627,-0.9705876199302298,0.1902242405256588,-5.1023340518965545,3.3548988952459695e-07,2.064225921174941e-06
12348,Ttll12,22.34005894079209,1.094920494703359,0.210500029512427,5.201521810897036,1.976632697136872e-07,1.2605994871700209e-06
12363,Wnt7b,117.4950641160676,0.5101244249741782,0.1156007409658839,4.412812761509255,1.0203623653370824e-05,5.043488907104742e-05
12365,Cdpf1,34.77808460783611,-0.6268786863592324,0.1705401115199978,-3.675843065727816,0.0002370652276643,0.0009085246592453
12372,Tafa5,335.53107781327327,-0.5994917291519299,0.0533261670902211,-11.24198047344497,2.536276485792122e-29,1.0000830170161804e-27
12378,Panx2,17.77352109003691,-0.6442163400179434,0.2180734773377978,-2.954125131962042,0.0031355683820834,0.0092520453544313
12381,Mapk12,81.54313042753381,0.6223425802060989,0.1074667676685598,5.791023529482869,6.9958774484793915e-09,5.431288323112801e-08
12389,C730034F03Rik,78.3710594026857,0.5033116302384194,0.1090508518363532,4.615384673874095,3.923678774249279e-06,2.053905328995697e-05
12390,Mapk8ip2,42.7673671998486,-0.6335318766295855,0.1398828209270502,-4.529018448662658,5.9258325376937656e-06,3.016096817262083e-05
12401,Pdzrn4,60.50397230481625,0.8682621591902925,0.1316091306956859,6.597279038320964,4.1877214482693035e-11,4.1896402209832874e-10
12405,Zcrb1,30.83468879649518,1.529208940609943,0.241797293418712,6.324342671453583,2.5431280862847497e-10,2.328268417778931e-09
12418,D030018L15Rik,74.05835457976957,0.5037500149024796,0.1181343626439111,4.264212407197034,2.0060854246071905e-05,9.389683868445446e-05
12428,Rpap3,975.957194103679,0.5171500370016472,0.0349248525501823,14.807508099241703,1.3100769990927654e-49,1.4576066891816832e-47
12434,Asb8,11.966821917588058,1.1031501634450642,0.2925575297838385,3.7707119152262014,0.0001627825038717,0.000646540422381
12444,Fkbp11,25.545091054742688,0.8455815709423279,0.2017097677324174,4.192070520174576,2.7642003768954096e-05,0.0001259062638425
12445,Arf3,1275.56185566237,0.6672204361564219,0.0325340354916296,20.508382254887643,1.8122218330602609e-93,6.881715430412311e-91
12452,Tuba1b,54.78772359002367,-0.5502878549165937,0.128532298176808,-4.281319658344721,1.857882542536494e-05,8.754651268688286e-05
12461,Spats2,40.10356527856032,0.5576141661330227,0.1603187340084937,3.4781597396064776,0.0005048689613465,0.0018038558021686
12462,Kcnh3,50.34561843335384,0.5217335028238098,0.1411267272048962,3.6969149158141095,0.0002182354445474,0.0008435797179364
12468,Nckap5l,255.2533003419289,0.5435260686404348,0.0755175568054051,7.197347102224211,6.139533260668864e-13,7.315509344977061e-12
12475,Cox14,39.51577685240726,-0.684126110173672,0.1595223833867433,-4.288590075256639,1.7981087758843188e-05,8.495905895901346e-05
12479,Gm17057,47.20264789636501,0.634282598984419,0.1511229305475869,4.197130089299654,2.703186746948059e-05,0.000123449061688
12489,Slc11a2,13.820564028903156,0.9445355385026156,0.2662784534536495,3.547172241133017,0.0003893899261859,0.0014212000063971
12497,Smagp,33.56950726877163,0.9298438040242684,0.1795508251129939,5.178721977128783,2.234111300567337e-07,1.4108986333445498e-06
12498,Bin2,50.65922332152997,0.5537112793704926,0.1391422608698305,3.979461566234696,6.907152491063006e-05,0.0002939915685036
12499,Galnt6,154.23669791237015,-0.577551624719729,0.0933387629176361,-6.187693158408061,6.105101660753282e-10,5.375197369457577e-09
12501,Scn8a,16.865556378385836,1.0743114463545052,0.2470172313976253,4.349135646432611,1.366751570233791e-05,6.59514265990162e-05
12508,Krt8,26.34777909593738,1.2675247569591437,0.202893057897501,6.24725542654831,4.1772764237258566e-10,3.745824669899552e-09
12513,Soat2,16.91915086220026,0.7491813709649763,0.2374570260375967,3.155018756304806,0.0016048778761005,0.005098946296785
12514,Csad,12.195459225751312,0.9736747851404548,0.2931150896190702,3.3218173325905327,0.0008943322198429,0.0030257980275452
12522,Aaas,65.06033037357074,0.5918736255022603,0.1242726954808673,4.7627004726342586,1.910192722918913e-06,1.05126800516533e-05
12524,Amhr2,313.2877619357273,1.1911019054979195,0.0708953056554692,16.800857186318254,2.405425041202569e-63,4.376871314554841e-61
12525,Prr13,336.9520228393135,0.6411505015807001,0.0799206299229081,8.022340442000488,1.0374911917851684e-15,1.6109241011647397e-14
12526,Pcbp2,334.6445432904307,-0.6654437937576382,0.0523280590160287,-12.716768140660536,4.771920266951339e-37,2.9876667821901786e-35
12546,Zfp174,75.77245366755207,1.220961001375234,0.1179960675941213,10.347471964701846,4.296817714943629e-25,1.342697886308324e-23
12548,Naa60,21.586436536674075,-0.8403414858670443,0.1998362241358363,-4.205150940481301,2.609079742682237e-05,0.0001195577254595
12551,Nlrc3,172.62621635989717,0.5647869708464235,0.0749743075970595,7.533073514753927,4.9559690125739807e-14,6.504197348733455e-13
12552,Slx4,82.21599979573624,0.9755792000047626,0.1334077970110616,7.312759987513108,2.6171024160971666e-13,3.2537754451519797e-12
12559,Coro7,12.09500417821751,1.065968053560446,0.3107580095939966,3.430219079318749,0.0006030940992234,0.0021145820403925
12563,Hmox2,756.5968761080734,-0.5871912201151712,0.0423712824024092,-13.858235739444671,1.1342801156283162e-43,9.906802529897716e-42
12565,Ubald1,37.2551512294989,1.4463756032218291,0.1868124010949443,7.742396086899673,9.756050116382676e-15,1.3810266080467797e-13
12582,Abat,37.24332419301823,-0.9105740238143516,0.1594225220375876,-5.711702538488647,1.1185147234252017e-08,8.378308399996322e-08
12585,Usp7,32.7831680437893,-0.7065819491768075,0.1618013205260325,-4.366972697624703,1.2598046800170446e-05,6.119651877235187e-05
12588,Gm49455,131.95798197320752,2.0586429401495177,0.1751189744251286,11.755681798089112,6.6025638342348e-32,3.0271282167037664e-30
12589,Atf7ip2,53.267327370748696,0.6958549546649938,0.1439461551884981,4.834133664450908,1.3372671546577348e-06,7.55478093711556e-06
12596,Rmi2,69.08390946956688,0.5804919878783409,0.1258560385116018,4.612349115253847,3.981435430425604e-06,2.0816436425822946e-05
12611,Gm15738,181.26518324202104,-0.5253575616023879,0.0718037805727373,-7.316572434096277,2.543847387409693e-13,3.167207851979509e-12
12616,Pla2g10os,1435.8509948150484,-1.00689743638474,0.0391114065341,-25.74434226769258,3.72972600637469e-146,4.653632419953792e-143
12619,Ntan1,25.287186259548395,1.0260806319723348,0.2007180904557694,5.112048593340139,3.186838198168609e-07,1.9705376865702392e-06
12620,Pdxdc1,182.81341314726453,0.7424126924428877,0.0749496058743276,9.905491613761573,3.940273677824722e-23,1.0911177982621097e-21
12630,Efcab1,41.44679916483731,0.8106240386147784,0.1698634448569396,4.772210049651899,1.8221532172712988e-06,1.008833821164546e-05
12633,Cebpd,844.9489304207169,0.5187073009599632,0.0618277270134017,8.389557986621902,4.879733507251079e-17,8.575370714754713e-16
12654,Hic2,53.063654870925255,0.5105027847114748,0.1374170378093226,3.7149890060928175,0.0002032125293749,0.0007914640943415
12658,Crkl,60.46762143810993,1.8477856040365288,0.1653918875416866,11.17216588734317,5.580332124957824e-29,2.1423569573354563e-27
12659,Aifm3,159.81477036972746,0.6024242185781185,0.0794401088576837,7.583376045686896,3.366771927973706e-14,4.489371911285856e-13
12660,Lztr1,260.6232832419153,-0.6142632243355991,0.0665403566425072,-9.231438713738362,2.6702087447372792e-20,6.137263993825105e-19
12662,Gm49785,19.1322881249974,-0.8306187503969863,0.2067469860501007,-4.017561591904917,5.88034684324993e-05,0.0002533117106236
12666,Scarf2,130.32388390574334,0.6083858327006031,0.091134626452309,6.675682519190143,2.4608418358730244e-11,2.521172151849267e-10
12668,Ess2,60.02390098835698,0.6036572300871932,0.1429591351674754,4.222585911561467,2.415152936209464e-05,0.0001113430759823
12670,Slc25a1,349.2578698993925,0.502117472337024,0.0685470988251662,7.325145497662948,2.3863965821021493e-13,2.979669442184441e-12
12682,Cdc45,155.949120897251,0.7463363316041097,0.0925350319008531,8.065446310147419,7.29687991476402e-16,1.1483053905504316e-14
12685,Mrpl40,17.26124225030221,1.581584514320708,0.2594474353416992,6.095972820998282,1.0877389520255446e-09,9.219128585144208e-09
12700,Camk2n2,157.47966818344963,0.6526535147207533,0.0782649783663759,8.339023766997494,7.490635768290376e-17,1.2955091643613492e-15
12702,Psmd2,27.656391410050528,1.2138050083989047,0.2143960602664364,5.661507990820692,1.5004851822608286e-08,1.1037476466192313e-07
12708,Ephb3,15.966180264652454,0.9574003804880412,0.2504141145669303,3.823268437339416,0.0001316942697007,0.0005323849810537
12720,Tbccd1,23.03631628003716,-0.5846791315178741,0.1879301131413043,-3.1111519157031253,0.0018635903914612,0.0058234699388274
12739,Gm26569,35.96702838671314,0.6560072895928387,0.1672464128815077,3.9223997590765225,8.767137226990896e-05,0.0003659363275533
12759,Pigx,26.242923777083043,0.5830557336467707,0.1897142202238987,3.073337006359642,0.0021167928812908,0.0065064469559014
12763,Wdr53,45.52676135856076,0.6161426577921986,0.1428334329936519,4.31371454762683,1.6053419901709544e-05,7.647154045352122e-05
12765,Ubxn7,272.40223777659577,1.354914443203617,0.0886485779604721,15.28410804071516,9.758998682713082e-53,1.2176442070688009e-50
12769,Gm34680,161.81966430666893,-0.6047957003301665,0.0726458692772652,-8.325259320965126,8.41443323746459e-17,1.4481115250446449e-15
12774,Lrch3,16.764387654946223,1.03111923336188,0.2529067916371988,4.077072136682856,4.5606347017046354e-05,0.0001996120445236
12791,Sec22a,59.75618524732881,0.7193135645898215,0.1260708628607136,5.705628947622403,1.1591426495878576e-08,8.656649766139674e-08
12802,Wdr5b,671.6936959186095,0.6160214422386875,0.0443976801298206,13.87508177088117,8.969075228473785e-44,7.912717479342427e-42
12806,Ildr1,27.999815048585184,0.7280816063802547,0.2040508713929991,3.5681376972802994,0.0003595275579012,0.0013232674634259
12818,Gpr156,74.806889716252,1.210026868487031,0.1223079808588178,9.893278100010376,4.452057002474982e-23,1.226632992416924e-21
12820,Maats1,2768.399267372509,-0.5667817943837602,0.0268031612581759,-21.146080080791588,2.998472306257064e-99,1.3783503748867997e-96
12823,Adprh,21.80744539584892,1.6350689681015915,0.2686978627342593,6.085158071088439,1.1637643589977428e-09,9.834850422337965e-09
12824,D930030I03Rik,38.783016793532816,0.7367860265089412,0.1602541074594812,4.597610870568362,4.273632216387194e-06,2.224428115490212e-05
12825,Cd80,125.8431539414433,0.7546525777397816,0.0904775695600743,8.340769777626658,7.380846982053337e-17,1.2790539194693225e-15
12826,Timmdc1,284.9410249731207,0.6586646312307453,0.061674340142616,10.679719145882151,1.2665425253715083e-26,4.295915501590196e-25
12827,Poglut1,145.46871986311777,-0.6164697256680095,0.0779786768791967,-7.905619206940813,2.6660500039033997e-15,4.003304565042429e-14
12830,B4galt4,1824.630021491908,-0.6263729655940805,0.0324249757520801,-19.31760783364342,3.819448846999264e-83,1.150312628610054e-80
12844,Sidt1,83.40038591385087,-0.6422743536105124,0.1026471446468693,-6.257108815058514,3.921797879361699e-10,3.529416041045345e-09
12869,Cblb,80.90073845080933,0.7328578640794896,0.126725286497674,5.783043655560731,7.336101507650943e-09,5.6777590224034857e-08
12881,Tmem45a,275.0332295135287,0.7514900114391111,0.0749879567578071,10.021476033361472,1.2265725646629737e-23,3.5124212392676762e-22
12888,Tmem30c,11.669637095931831,1.1497200266031318,0.309361318903759,3.716431099651487,0.0002020567090204,0.0007873135385165
12899,Crybg3,120.49555825909437,0.5421988014995657,0.0957222972233004,5.664289483512155,1.4763498683410052e-08,1.0881383755350497e-07
12915,8030451O07Rik,18.97869952332105,1.0646306032923565,0.2537330179145877,4.1958693907575535,2.7182686589351814e-05,0.0001239916687959
12939,Usp16,28.730550589727272,0.7465895824802903,0.1810690407709403,4.123231554668456,3.7359379848401e-05,0.0001661812190455
12948,Hunk,252.1605239338434,-0.6743910009626426,0.0592107414957819,-11.389673291132228,4.7075145347680686e-30,1.9672455476872878e-28
12950,Urb1,25.630517144985017,0.6561614212675163,0.1948598532857912,3.367350483966326,0.0007589416747282,0.0026030224178584
12951,Eva1c,28.881935517911803,0.6258589743269308,0.1820503868371454,3.4378338063450413,0.0005863874744338,0.0020626291589629
12952,Gm36363,53.82131091390352,1.6820412236854154,0.1754223542027999,9.588522690448356,8.935521335170642e-22,2.2686873064354764e-20
12968,Son,106.95703036745012,0.6706733704551362,0.1202429967837671,5.577650161707192,2.437893142763345e-08,1.7481575294659322e-07
12971,Cryzl1,58.06215937893816,0.8512370620451639,0.1302215184978082,6.536838702733228,6.283274743775779e-11,6.148809144217106e-10
12977,Rcan1,76.13615704276002,-1.4506558963490093,0.1149732116474901,-12.61733820915384,1.6945251206382642e-36,1.0206884416313516e-34
12979,Clic6,34.30092820991624,-1.0324866653727984,0.1574431703372042,-6.557837111393706,5.459379361855376e-11,5.396968799823979e-10
13000,Wrb,64.45073444697884,-0.5619614431864297,0.1225273456296554,-4.586416528478336,4.509185619870392e-06,2.3372835135874185e-05
13002,Sh3bgr,43.608311260150224,0.6784645623464106,0.1724592691971159,3.934056809500597,8.352402843831634e-05,0.0003503837004708
13005,Tmprss2,36.39497338035071,1.6623169954517998,0.1818393462475451,9.14167934363788,6.148992708641886e-20,1.3717829455243482e-18
13011,A630089N07Rik,220.6715918417113,-0.5674231959156085,0.0646218028488957,-8.780677277642758,1.6249317533742701e-18,3.315923816348336e-17
13014,Gm34035,26.339578928699687,1.344234404338434,0.2167414223563487,6.202018929858053,5.574337078836424e-10,4.9327517777667e-09
13015,Tiam2,295.1649886933575,-0.778432688002802,0.0565087527633571,-13.775435661492306,3.582155723487404e-43,3.037528940673688e-41
13021,Snx9,99.8062889928221,-0.5222642669269727,0.0976028742788131,-5.350910726615165,8.751268834528356e-08,5.836852386465876e-07
13022,Serac1,71.09094691281915,0.5155237491866026,0.1363768384091448,3.7801415196323664,0.0001567392431215,0.0006243833748797
13031,Rsph3b,765.4697829596604,-0.5711522878143911,0.0407829889015647,-14.00466967227302,1.4595678166728092e-44,1.3279026365437828e-42
13036,Fndc1,37.975085218623136,0.536964135508852,0.1570832453606646,3.4183412385959886,0.0006300406206038,0.002199350431796
13039,Gm1604a,13.492145823378142,1.1880508640127827,0.2771879386907792,4.286084270564634,1.8185002842969264e-05,8.587608263341095e-05
13042,Mpc1,55.49892742999968,1.3014394170422627,0.1609743659308548,8.084761878181803,6.228577233653634e-16,9.855143760639643e-15
13043,4930506C21Rik,209.49480995424344,0.6821928044294367,0.0689245427775224,9.897676167855732,4.2605976814686345e-23,1.1757364976286589e-21
13044,Sft2d1,250.5258914581969,-0.6044145705049626,0.0603478677876994,-10.015508296519444,1.3029042691304221e-23,3.7248988172128e-22
13048,1700010I14Rik,20.89677581764409,0.9876855271941364,0.2219636219179575,4.449763067748127,8.596507338570315e-06,4.29284706089612e-05
13049,Gm49808,464.64894735690206,0.907511020409634,0.1040392646699603,8.722774264970973,2.714671230344401e-18,5.3825059082469915e-17
13059,Gm49958,519.9230234746333,-0.6473398942128773,0.047276677990452,-13.692584202798962,1.1243810441048879e-42,9.308382975556486e-41
13063,Acat3,137.3040547741129,-0.6583173415884139,0.0783065474580762,-8.406925895192405,4.208968222897501e-17,7.433999688328974e-16
13075,9030025P20Rik,10.83316005297517,1.5146100823240305,0.3292361279127167,4.600376307200302,4.217283855753868e-06,2.1996869033236354e-05
13082,Pdcd2,38.44050297458447,0.7015836940505352,0.16713246299293,4.197770328318643,2.6955579774307304e-05,0.0001231650712784
13091,Riok2,527.688859536261,-0.5066568166213459,0.0458046717098434,-11.061247634975729,1.933885664259457e-28,7.21818691950517e-27
13099,Zfp677,139.10785964721242,-0.5028178958440898,0.0801581191796313,-6.272825522730817,3.5455415134614185e-10,3.197393864591846e-09
13101,Zfp54,17.783080578955424,0.7829407255749082,0.2314174520049212,3.3832397634308857,0.0007163606256732,0.0024715361266561
13118,Zfp758,27.32831827966998,0.5921541648985553,0.1896235382812583,3.1227882902398174,0.0017914656086303,0.0056190032571175
13125,Mmp25,133.63479888359842,0.5812099847206397,0.085512613614782,6.796774886788976,1.069870694151742e-11,1.1285326863189992e-10
13130,1520401A03Rik,35.233251218851976,-0.5728172009068276,0.1532344870746759,-3.738174165895671,0.0001853615244415,0.0007269054976119
13142,Amdhd2,49.73925739476942,0.9375366785777536,0.1406763710960164,6.6644929157139865,2.655807127632061e-11,2.71296133950157e-10
13146,BC028777,12.75722474647477,0.8655673789312655,0.2709551456130145,3.194504304293569,0.0014007119641123,0.0045118267728405
13152,Eci1,7922.706371448737,-0.5649784138622196,0.0318310959831214,-17.74926047666726,1.746385348517088e-70,3.766155465172407e-68
13157,Traf7,62.78627873834226,-0.6518161100824998,0.1176911117707377,-5.538363095356235,3.0531177308961565e-08,2.158462622575313e-07
13161,Pkd1,14.007813286554638,0.9282556977579808,0.2691600549187841,3.448712692669316,0.000563265672,0.0019901142310874
13167,Syngr3,57.16040414148672,-0.6545301895327638,0.126703223264126,-5.165852712115522,2.393452167739534e-07,1.5039144771969131e-06
13170,Tbl3,150.8917846003337,1.3336571631711918,0.0865780595615097,15.404100876431515,1.5361082272935182e-53,1.958594052143297e-51
13181,Spsb3,13.933182959689262,1.063113225157,0.2812502531638713,3.779954731409874,0.0001568568746978,0.0006247095046105
13186,Jpt2,28.715708723512225,-0.9414930250661152,0.175970410878987,-5.350291678943512,8.781258421533972e-08,5.854619164402879e-07
13191,Clcn7,38.6266032899483,0.6218439378532156,0.1634586239914948,3.804289566793195,0.0001422117466513,0.0005705454273094
13207,Fbxl16,27.758478592441985,-0.6125722257423145,0.1854016932627011,-3.3040271367659133,0.0009530660633427,0.0032040334862339
13220,Capn15,47.57607794641621,0.6041543683150701,0.1409162084279732,4.2873305708042295,1.8083308728621423e-05,8.541893912156814e-05
13222,Rab11fip3,157.1102018551294,-0.9326113136186728,0.0792262383399153,-11.771495569654087,5.47452652562834e-32,2.529868501314176e-30
13229,Luc7l,25.39980971348888,1.2482800946165913,0.2497580745106387,4.997956911152513,5.794092749618952e-07,3.4649507754311484e-06
13234,Gm17218,492.2024462055783,-0.6742346546290239,0.0466595136710751,-14.450100345709137,2.503209078394837e-47,2.587340602449765e-45
13236,Crebrf,12.100102895724628,-0.9179802892284432,0.2792767901096132,-3.2869909771884225,0.0010126407825383,0.0033828283016599
13239,Gm20468,28.382325645279515,0.6685067378056007,0.1879064706486891,3.557656825216222,0.0003741777125386,0.0013722729965619
13242,Cuta,78.51510074576528,1.130573351200289,0.227896290553333,4.960911599110511,7.016311965986082e-07,4.146175149588799e-06
13244,Zbtb9,33.02022624236722,-0.5209448856652829,0.1711016765128213,-3.0446509717644203,0.002329504796955,0.0070829921311072
13249,Itpr3,81.66463873382456,1.3084024253291098,0.1174008645909139,11.144742671940866,7.596355788226197e-29,2.890918146159809e-27
13250,Uqcc2,200.53215255202363,0.7468134031860776,0.070047110631057,10.66158755811636,1.5394685229209755e-26,5.181394250170251e-25
13252,Gm26724,63.31818856111493,0.7060734627869248,0.1298954060261591,5.435707731224395,5.457935626988512e-08,3.747610830669628e-07
13254,Grm4,62.6889501517627,1.0785406476492725,0.1348800101817924,7.996297199233646,1.2821668092956632e-15,1.9802731940562905e-14
13274,Tead3,116.01251558985904,-0.7008596007134947,0.0935282337596484,-7.493561810592764,6.702924470582854e-14,8.718293719444621e-13
13275,Tulp1,20.774602866789586,0.7515534646294194,0.2144451494947623,3.504641939442774,0.0004572217661524,0.0016484519734057
13277,Gm22146,33.231237680575546,1.022749931043164,0.1871428150473868,5.465077196707719,4.627053947488732e-08,3.195942204615784e-07
13288,Stk38,26.059574650858465,0.6737506234589695,0.1861530668214591,3.6193366833175458,0.000295359148767,0.0011092955516368
13290,Gm41556,82.82593470350969,1.02386467089135,0.1120388320420842,9.13848040210526,6.333600890650178e-20,1.41116505558517e-18
13297,Fgd2,156.33533875984466,-0.5891409404783797,0.077415876986762,-7.610079009750435,2.7392841392119292e-14,3.694966435811119e-13
13320,Wdr4,271.546382786357,-0.743084554473676,0.0664433074052696,-11.183738189630551,4.898231986043597e-29,1.9013848073824343e-27
13323,Gm50105,3629.376485914484,-0.5705037067034624,0.0298592862840712,-19.10640801243143,2.233216740661249e-81,6.611835597605204e-79
13324,AC166172.1,450.1119639373128,-0.765507582708803,0.0469135427525941,-16.317411514748013,7.421647728808143e-60,1.178557659334733e-57
13325,Pknox1,707.7301953888754,0.8903989703730555,0.0658751682345929,13.516458389938224,1.250526938942131e-41,9.708535364196066e-40
13328,Sik1,94.67782320315928,1.541388431698083,0.2456148261026697,6.27563268942798,3.4821536497860843e-10,3.148357140500172e-09
13334,Gm26549,685.2543699976968,-0.6364737144328997,0.0385657005883399,-16.503621215825483,3.455352574227688e-61,5.803663342943196e-59
13335,Akap8,372.56827341536894,0.9131372371097068,0.0747792195778789,12.211109480204165,2.7116594023786613e-34,1.4310352399018267e-32
13352,Zfp81,613.6623773317448,-0.5911889173132033,0.04959698905697,-11.919854986239756,9.327074184165251e-33,4.550986923156387e-31
13356,Zfp414,66.83032356990786,0.5267475642983228,0.1180777448823329,4.461023242129482,8.15692422153243e-06,4.08949290164858e-05
13372,Rgl2,614.6343743181017,0.6686188790095848,0.0494509250488651,13.52085685654791,1.1779572023458334e-41,9.268719103863522e-40
13382,Gm50333,55.86070696005875,-0.9763535360617426,0.125318374896303,-7.79098465703568,6.648898873570941e-15,9.58275293098492e-14
13383,Brd2,15.787568466299652,0.9796171777648236,0.2683437573021242,3.650605430935691,0.0002616228887503,0.000993484482759
13400,Ppt2,4783.970178565315,-0.5202262747694535,0.0304127568226876,-17.105528374243594,1.349721908510397e-65,2.5908727799845726e-63
13403,Dxo,51.82980430770221,-0.9010486010549504,0.1325649251519531,-6.79703624485979,1.067932380641236e-11,1.1271687507577707e-10
13406,C2,593.3078669907543,0.7598368469271505,0.0514221999628573,14.776436003826886,2.07878857891757e-49,2.2837911255680577e-47
13425,Ltb,88.40591551547489,0.6849855366928634,0.1078911402874926,6.348858069973248,2.1691904225238962e-10,1.999547139875853e-09
13427,Atp6v1g2,109.88331266462868,0.7905711599201425,0.1209817637357658,6.534630803092068,6.376664385640892e-11,6.23670624235023e-10
13433,H2-Q10,484.1450518979233,-0.5571503383081653,0.0467474190483055,-11.918312275859437,9.501377026487884e-33,4.623121278515052e-31
13434,Pou5f1,85.31205957408686,0.5535133062504678,0.1097021903321766,5.04559940484723,4.52101765452239e-07,2.7402198608326542e-06
13438,Gm9573,100.8132895409335,0.5833771190022067,0.1031208684824109,5.657216891086522,1.5384729659600936e-08,1.1305866962301605e-07
13444,Ppp1r18os,34.14514386210361,0.7161857785322897,0.1652701059367411,4.333426026884846,1.4680662388604546e-05,7.043169750182483e-05
13450,Atat1,28.27755161276329,1.335092535495645,0.1965388052351127,6.793022547880655,1.0980820965153556e-11,1.1568937311176255e-10
13452,Ppp1r10,124.87910472785424,0.5343200042761845,0.084935058712095,6.290924058666666,3.1558170230330616e-10,2.863678532900858e-09
13454,Prr3,2601.670390983473,-0.6084859182553269,0.0341659402972017,-17.80972257640933,5.940351782653231e-71,1.3476112329790471e-68
13457,A930015D03Rik,18.677734630951186,1.031831813619231,0.2395625576230369,4.307149764375397,1.6537164742146822e-05,7.85830233176879e-05
13465,H2-T3,76.66753840590125,0.98934065171178,0.1135652460225465,8.711649790424111,2.994837093048773e-18,5.897837017066061e-17
13468,Trim26,35.31624671342123,-0.6250977789205946,0.1526289621569047,-4.095538422635577,4.211883628277364e-05,0.0001854630280281
13472,2410137M14Rik,80.26521755110149,0.5800704968106133,0.1074326956997622,5.399385103690525,6.686969358768068e-08,4.5450576170801794e-07
13480,AY036118,10.72172335924486,-1.0217174206916502,0.3201908692655792,-3.1909636368930823,0.001417991257414,0.0045615969216406
13481,Crisp1,19.71209127806908,0.988274149980913,0.2451523956868976,4.031264500646004,5.5477566967191055e-05,0.0002405864299361
13485,Cenpq,83.9280113228253,-0.8797013629468783,0.1044305445555142,-8.423793696481571,3.644858322243769e-17,6.47694660965963e-16
13489,Adgrf2,571.1072129742225,0.8521282481087677,0.0479244853955824,17.78064471793606,9.982544872454729e-71,2.2355781260517848e-68
13491,Tnfrsf21,4522.581699430085,-0.9427326401988272,0.0425210779214496,-22.170948768993203,6.551487836728643e-109,3.576293422874248e-106
13497,Enpp4,37.65567024005345,-1.181440448447819,0.170473166470022,-6.930360202205645,4.197704080224369e-12,4.605872793552718e-11
13500,Supt3,5293.582064080909,-0.6772014028028577,0.0217115905676936,-31.19077806351593,1.4210096086372244e-213,3.10277448045938e-210
13501,Cdc5l,312.6117871485817,0.6183179348089173,0.0577876453917238,10.69982918697482,1.0196600619488684e-26,3.472012078386517e-25
13506,Nfkbie,18.268886943829298,1.0192417450668865,0.240561236295204,4.236932602957389,2.265941157738181e-05,0.0001051021246504
13509,Gm17080,37.68453952134035,0.6052578884956182,0.1552889843167637,3.897622816960362,9.714155968293107e-05,0.0004019111237663
13522,Polr1c,125.28238970162032,0.5287552566095925,0.0864100131984458,6.119143338113769,9.407975017206615e-10,8.047919079361663e-09
13531,Cul9,120.1550863589395,-0.5583415433306851,0.0864056068441975,-6.461867044547931,1.0341894791796344e-10,9.936865688839302e-10
13536,Cul7,22.462816564860614,-0.8586396210022615,0.2362107222095869,-3.635057769479241,0.0002779183515504,0.0010510235472794
13539,Mea1,89.78024439540613,0.7385831411406389,0.1126377587622827,6.557154095185679,5.484433387125906e-11,5.418669819361727e-10
13540,Ppp2r5d,19.20990088590315,1.1024375999777931,0.2436086854683924,4.525444558177838,6.026868024756008e-06,3.065734730822305e-05
13564,Mdfi,25.416449899659487,-0.7598310157253052,0.1809529969410466,-4.199051845341105,2.6803495155896744e-05,0.0001225342720186
13565,Foxp4,91.8446898919082,-0.5681345331029162,0.0987791458718492,-5.751563531840852,8.842184004969211e-09,6.756573499510157e-08
13570,Unc5cl,43.05694443868314,0.5560111783593703,0.1577793193531167,3.5239800795121576,0.000425116208337,0.0015419289716011
13571,Lrfn2,50.04868609217919,-0.5938863310030601,0.1332173212769992,-4.45802636856952,8.27177286607953e-06,4.1401526769248486e-05
13577,Tbc1d5,99.91466121936872,0.7317893902945732,0.1009554027397241,7.248640195921159,4.2097654397717837e-13,5.0995965812713945e-12
13593,Stap2,70.67180616724205,1.2882104032757045,0.133637927452505,9.639556882035116,5.442238886377313e-22,1.400074062845934e-20
13594,Mpnd,10.244511282959918,1.4031237001323915,0.3314872654267248,4.232813282664555,2.307861023455581e-05,0.000106822211535
13595,Sh3gl1,133.74258282736156,-0.6173438790692719,0.0797990898484706,-7.736227070277836,1.0241048725212371e-14,1.4473352680583312e-13
13597,Ubxn6,132.42094028765862,1.2828424386318524,0.1012967286672613,12.66420402228114,9.336254112832709e-37,5.742453762076116e-35
13605,Plin3,57.8344755096641,-0.9208485383066312,0.1242083434477621,-7.413741402113693,1.2278523045142633e-13,1.5747521332786457e-12
13607,Kdm4b,32.778712517242035,1.461987258744173,0.1942501450302745,7.526312315063224,5.2193413284418145e-14,6.834441853464887e-13
13610,Safb,148.71353299852848,-0.5904840567936952,0.076928096391849,-7.675791869149391,1.64399871203043e-14,2.2773488899086085e-13
13612,Rpl36,214.72695734447933,-0.5306350302529255,0.0642979471243311,-8.2527522881384,1.547876767201747e-16,2.587398217175131e-15
13614,Catsperd,34.033494086877155,-0.5111867072441652,0.1593394210488669,-3.2081621978994903,0.0013358613645279,0.0043261582788307
13627,Gm17949,45.75432598885046,-0.9456681866536466,0.1480481887173928,-6.3875701205559485,1.685423323469313e-10,1.5743836692172172e-09
13629,Slc25a23,164.69725212116126,0.9393634840730896,0.2025069745224856,4.638672254563688,3.5065461047707947e-06,1.851642906836041e-05
13631,Dennd1c,951.6018636641533,-0.5921771117948768,0.0497591935127276,-11.900858313618114,1.1713614027850734e-32,5.65230413918499e-31
13639,Nudt12,23.361105768528077,0.7442708015916534,0.2084107333845725,3.5711730845372456,0.0003553859353042,0.0013103071673739
13640,Efna5,140.29393094057667,-0.5560941445625002,0.0820602168496495,-6.776659457059129,1.2298631092077264e-11,1.2910606244976301e-10
13644,Man2a1,20.117929032611983,-1.0070401606506556,0.2066583884787728,-4.872970161354448,1.0993283204311288e-06,6.291961697670694e-06
13649,Ankrd12,113.18052648280572,-0.6696007524685211,0.0904826223970064,-7.40032433554528,1.3585227410557726e-13,1.735967464576608e-12
13659,Arhgap28,16.144184271727855,0.7898491318293219,0.2470823224343795,3.196704337434302,0.00139007330215,0.0044841736734916
13663,A930029G22Rik,228.7407475687519,-1.2320932498797954,0.0724931473626483,-16.995996100379323,8.792400777538659e-65,1.6514586750757555e-62
13665,Dlgap1,51.66115687575622,0.7124778639166016,0.1623765518220378,4.387812500769608,1.1449641446423445e-05,5.59916956288143e-05
13676,Smchd1,57.46968244834051,0.5148290504635142,0.1302324205757377,3.95315581318026,7.712717712416559e-05,0.0003253459381803
13682,Wdr43,70.82031259657018,-0.7062397670780821,0.1229735339659891,-5.74302245614416,9.30013877521703e-09,7.078641574095474e-08
13693,Nlrc4,79.29823560723243,0.574601331660491,0.1144799613234392,5.019230658517388,5.187882795775048e-07,3.1227407538455736e-06
13700,Ltbp1,18.559506720269123,-2.2361184485019607,0.2442457744444174,-9.155198093348512,5.425816999122561e-20,1.2197962849507449e-18
13705,Heatr5b,19.08954418885412,-1.7079220363587078,0.2651661045058456,-6.440951567099921,1.1872675835244273e-10,1.1326701337523044e-09
13728,Tmem178,19.185901926910027,0.9674647223227508,0.2615065162594225,3.699581701294954,0.0002159551121645,0.0008358750053824
13729,Thumpd2,74.44158957193913,-0.9014807740140768,0.1173912687591932,-7.679282995597399,1.59981468647235e-14,2.223195142664997e-13
13734,Kcng3,22.01236752879101,0.7229981540951232,0.216481345903291,3.339771152467378,0.0008384745274353,0.0028533943201327
13745,1110020A21Rik,91.86089220679878,-0.5420549110803347,0.0954958945939197,-5.676211667374099,1.3771036379435585e-08,1.019290099474495e-07
13746,Ppm1b,112.86282459368569,1.462775527990542,0.1093687619484383,13.374710492564263,8.498394282831758e-41,6.317019205638518e-39
13755,Cript,675.3897725387843,-0.6517570987811175,0.0453768608855191,-14.363203757647073,8.806035996561335e-47,8.94324632487985e-45
13761,Calm2,44.1820601554926,-0.5677476566120948,0.1415098810026452,-4.012070765584787,6.0188450513940376e-05,0.0002588948174285
13763,Epcam,16.15378780085681,-1.287130101427696,0.2363827729048876,-5.445109580576727,5.177350277071614e-08,3.561951738475265e-07
13766,Msh6,36.46482227225624,1.5159684586087752,0.1796978321756889,8.436208941722938,3.277965699677876e-17,5.866752545284132e-16
13771,Nrxn1,50.5884951235685,-0.5345886148954828,0.1275104029944274,-4.192509805798715,2.7588515332994597e-05,0.0001256954057998
13775,Cul2,57.29293612276378,-0.8661662647695093,0.1277076767234199,-6.782413453855161,1.1818466367413298e-11,1.2414009050269124e-10
13797,Thoc1,172.4023025221395,-0.5308179087282522,0.0754038177758727,-7.039668870693445,1.92697214472863e-12,2.1914289989661267e-11
13811,Ttc39c,103.02281135512348,-0.5479208836562529,0.0978324720083887,-5.600603484794607,2.136068412362981e-08,1.5399439961682436e-07
13814,Gm49970,478.6429561106189,-0.8398864775746988,0.0622068257723408,-13.501516387420928,1.5319027855314171e-41,1.1736525376167891e-39
13820,Kctd1,61.8601539004241,0.5810061163467253,0.1252465192241234,4.638900305940152,3.502679542412374e-06,1.8501604550002823e-05
13827,Gm16090,148.02589062888902,-0.5829298945055792,0.0806088915019289,-7.231583062913472,4.7739595630755e-13,5.739265357729032e-12
13830,Rnf125,180.5516553024501,0.9598755990802008,0.1533622903300672,6.258876266221319,3.8776136593080364e-10,3.491451309319216e-09
13837,Dtna,35.189733580133144,-0.8210051708242316,0.154253596440085,-5.32243778927466,1.0238580393192673e-07,6.779663468851009e-07
13843,Galnt1,69.81696524757432,-0.688135787461049,0.1128336275146272,-6.098676455047427,1.0695029377678175e-09,9.073374121868984e-09
13845,Rprd1a,14.450441537906787,0.919523827192564,0.2666591848352433,3.448311100780933,0.0005641038941984,0.001992309080369
13848,Mocos,111.83104318915164,0.9827056964794508,0.1033794585104386,9.505811992430033,1.984933209720941e-21,4.9181295471497015e-20
13865,Map3k2,46.75319035976149,0.51948854507382,0.141472959088217,3.6719988641072185,0.0002406607523668,0.0009206881345476
13866,Ercc3,40.365319615749264,1.0121606597562145,0.1686294351350811,6.002277472763992,1.94568822931493e-09,1.6107716582783513e-08
13886,2010110K18Rik,42.42287358221896,-0.6587039114307043,0.1564929975807035,-4.209159014230079,2.5632295430382253e-05,0.0001177037162402
13891,Etf1,84.0323615540859,1.5724971645625616,0.1437467715387947,10.939356395480312,7.472850656896515e-28,2.697019737079924e-26
13896,Sil1,937.474978448875,-0.6077159725500385,0.0332763699158493,-18.26268833069397,1.6401320994797314e-74,4.09283250195885e-72
13897,Gm50145,1046.5456674796712,0.9063819414750098,0.0450102192783159,20.13724785188208,3.481520937158231e-90,1.2411266883730608e-87
13898,Snhg4,15.538193265377105,1.288684926966965,0.2624885171782579,4.909490673421761,9.131324228492388e-07,5.3062532143481376e-06
13901,Paip2,85.74150756590711,1.036107556938655,0.1095042408371873,9.461803022580252,3.0267832651781934e-21,7.425821639906276e-20
13910,Cxxc5,23.24297810854001,0.7396388622527974,0.2035767236557362,3.6332192058635497,0.0002799070273601,0.0010576283698738
13918,Sra1,23.03886660258461,0.6269236758352736,0.2073930821508672,3.022876507419957,0.0025038439736354,0.0075526068954349
13922,Ik,60.62719385809249,0.5310509453392551,0.1224232033677933,4.337829191937008,1.438969132881398e-05,6.916871990416142e-05
13937,Pcdhga7,1085.289631513967,-0.5266115836284808,0.0379824621364622,-13.864598396399014,1.0380546032316862e-43,9.11192854736236e-42
13943,Pcdhga10,225.67919963548997,0.5982111453972653,0.0649627188876881,9.20852999443407,3.306215155835425e-20,7.529721817748789e-19
13946,Pcdhgc3,164.96203994807115,-0.5018198224876305,0.0738967945558496,-6.790819892848883,1.1149805199052412e-11,1.173989133315537e-10
13958,9630014M24Rik,37.39855433812746,0.6139060579518318,0.1641574769030419,3.7397386310611336,0.0001842116970998,0.0007227785096451
13959,Gm5820,357.17418970881096,0.7118242030712528,0.0526221573160782,13.52708135463995,1.0823628525724287e-41,8.593961049425085e-40
13964,Sh3rf2,103.31415768989324,1.403164135060685,0.1110602138916973,12.634264656009126,1.3666579013202956e-36,8.260477584866063e-35
13970,Dpysl3,23.565265892126934,0.6849041579521058,0.2018364822610352,3.393361548316715,0.0006904044901493,0.0023885889550266
13985,Tmed7,72.51688671551237,0.6345532447684823,0.1178301484309058,5.385321610967642,7.231522573054416e-08,4.894236199384523e-07
13986,Eif1a,237.51211742585696,-0.931466376158746,0.0739006889668529,-12.604298947423093,1.999425047064532e-36,1.196094408291892e-34
13989,Lvrn,43.150339363400455,-0.6554073069776711,0.1418254553034198,-4.621224769386426,3.814811878601696e-06,2.0017162479848134e-05
13997,Gm16283,41.72217139621777,1.183310759657216,0.3060179924912631,3.8668012623179338,0.0001102722193578,0.000452486522843
13998,Dmxl1,323.7009478441452,-0.5482929897326944,0.0553467743118767,-9.90650307176145,3.90060066799734e-23,1.0832383540314397e-21
14001,Hsd17b4,3307.073464454283,-2.9239449996827327,0.0431765852450358,-67.72061716063814,0.0,0.0
14005,Lox,106.36852111488896,-4.360321697962154,0.1715494343241902,-25.41728986247845,1.6241884567837725e-142,1.8914215975399293e-139
14008,Snx24,457.350616692826,-4.127666512440181,0.0797285319887785,-51.77151026712913,0.0,0.0
14009,Ppic,2936.669793196535,-3.419840956294708,0.0493328350166395,-69.32180068591684,0.0,0.0
14010,Prdm6,714.1583184573079,-3.407271569865965,0.0577659731157464,-58.98405905910676,0.0,0.0
14011,Gm19466,368.9122118549454,-2.6283962338512894,0.0764768325344582,-34.36852896159124,7.44743841054178e-259,1.8584550593620545e-255
14014,Zfp608,567.5514654540253,-4.533084027723349,0.0808325808035774,-56.07991211784652,0.0,0.0
14023,Megf10,163.86186215219888,-0.6414461814546248,0.0735553259169389,-8.720594647068342,2.7674450323209297e-18,5.4809217488188216e-17
14031,Rbm22,190.8180601035639,0.5459595355888992,0.1024176315666074,5.330718229251708,9.782510054042197e-08,6.499843500342681e-07
14041,Csf1r,20.62477254190505,0.9490793098820888,0.2277497679501874,4.167202093877293,3.083611033272058e-05,0.0001392207741772
14048,Pcyox1l,73.26657668032773,0.9910451531784674,0.1222643726455316,8.105755844768465,5.241861469225929e-16,8.339238264520812e-15
14070,Nedd4l,30.8742741866364,-0.7487704369524332,0.1700519863890029,-4.4031854778784005,1.066728914663099e-05,5.250386216211613e-05
14074,Gm41760,124.22135147295042,-0.6142189849527502,0.1147664723475013,-5.351902627911721,8.703423092147782e-08,5.811597651897456e-07
14076,Sec11c,51.93417052064861,-0.588121504586632,0.1305197050410823,-4.505997806243244,6.606176962011665e-06,3.348714427522338e-05
14083,Gnal,45.719288104776815,0.6659427097228845,0.1554416690899619,4.284196854174732,1.8340047915818747e-05,8.656145825277543e-05
14086,Impa2,58.69665808971555,0.8462667306645901,0.1478258877612381,5.724753245057071,1.0358418533508804e-08,7.812644859383929e-08
14091,Prelid3a,63.60207642849032,0.6639207568789239,0.1250799354368121,5.307971694743346,1.10851850886702e-07,7.29600652331918e-07
14092,Spire1,30.478238376122366,-0.5199329927901761,0.1739383382671685,-2.9891799471578326,0.0027972733499983,0.0083397799757248
14099,Fam210a,47.66537278755933,-0.703450998000723,0.1360780708689253,-5.1694662740942965,2.3476349502202242e-07,1.4774955018591065e-06
14102,Ccdc68,269.019286168724,-0.6436712755064328,0.0591854373511485,-10.87550087173499,1.5082511915859535e-27,5.354904840370619e-26
14104,4930503L19Rik,17.650850561053055,0.8320939535955897,0.2604295684790626,3.195082487964443,0.0013979088024605,0.0045052898452733
14113,D730045A05Rik,45.47023551516112,1.4673981284970177,0.1657431070500787,8.853448898201526,8.48555443399041e-19,1.7583115640918686e-17
14114,Gm9925,55.86154896032362,-1.000722608494507,0.1390814088610246,-7.195229158876772,6.235594742111677e-13,7.414797069789434e-12
14115,Ska1,3577.1195725425414,-0.8082531635054377,0.0265791019589949,-30.40934809431765,4.132688690268306e-203,8.02108956017853e-200
14122,Dym,286.52302925427284,-0.5244255543943223,0.064652879784236,-8.111402866267843,5.003865242038273e-16,7.975138508022314e-15
14125,Ctif,33.33370655185518,-0.8962791526788125,0.1649681849021837,-5.433042457309284,5.5401219037428164e-08,3.802548110592516e-07
14128,Ier3ip1,34.7470776229019,0.8596687901195484,0.175524980168268,4.897700539805913,9.696465581423745e-07,5.604826630586035e-06
14133,8030462N17Rik,325.1099770729164,0.5596296117849459,0.0547600638056281,10.219666904906491,1.6189622852581543e-24,4.9354333680435323e-23
14140,Pard6g,16.802577694981245,-0.8772012710827402,0.2643411108381461,-3.318444370235863,0.0009052035127603,0.0030584322941774
14144,Gm16286,15.598338915306336,0.8373617498312232,0.2568455346334694,3.260176397561973,0.001113429424386,0.003678022917015
14158,Cndp1,84.21887497873459,-0.5645906541939709,0.1182020188022343,-4.776489098198876,1.783822193495426e-06,9.895143244197554e-06
14176,Gm48683,543.7129296815116,0.5092799894141444,0.0472109565906672,10.787326209671004,3.9511810404644486e-27,1.377629349597465e-25
14195,Coro1b,88.79295145804178,-0.8007215085862984,0.0984166309217502,-8.136038605334313,4.0842162610495623e-16,6.545237582386582e-15
14200,Gm50152,269.7290670594478,0.5043008473618515,0.061595258277342,8.187332295793944,2.6708000824300387e-16,4.380613693886189e-15
14218,Mrpl11,41.93436084931538,1.233997185106115,0.1807693389566334,6.826363321504156,8.709419282870156e-12,9.231561652498538e-11
14226,Cnih2,122.63167602384117,0.5759028520196352,0.0941741724827129,6.115295062723813,9.637846820074835e-10,8.2204056764193e-09
14228,Gm50203,28.012177702475515,-1.1907990743483727,0.1745965687974772,-6.8202890958850215,9.085748386416632e-12,9.61877895841974e-11
14237,4930481A15Rik,23.19071403234673,0.8892460172486668,0.2133845333715482,4.16734054337621,3.081739403934018e-05,0.0001391722438157
14244,Mus81,113.26839098640563,-0.5656880327861604,0.0950399302477504,-5.952109090479369,2.647088263318005e-09,2.1617268716053728e-08
14249,Rela,66.59060532606811,-0.5568849623280941,0.1213128062495722,-4.590487843323283,4.422112142528634e-06,2.29555586643953e-05
14260,Dpf2,99.58263310710426,-0.6070314455981736,0.0927530776462518,-6.544596265725138,5.965632710752828e-11,5.864247168904354e-10
14262,Pola2,47.83370863022338,-0.7220989503885665,0.1348721085273706,-5.353953150677002,8.605314935420969e-08,5.750483599538389e-07
14263,Capn1,73.39799962925976,-1.2916593650138428,0.1567820517709484,-8.238566535032335,1.7428613251659721e-16,2.8939450216729268e-15
14271,Gm550,244.73875531663356,0.6758470596818539,0.0668872629831493,10.104271419389926,5.2887212939663134e-24,1.5474603611893393e-22
14279,Gm14963,12.078811925439473,2.244439765772283,0.3717858086008654,6.0369161862814,1.570872600153369e-09,1.3135472752263786e-08
14280,Ehd1,51.15868087362212,-1.7319758286194682,0.1457779527623837,-11.8809174899209,1.4872589940297735e-32,7.137208820800023e-31
14282,Men1,13.455392585484685,-1.1408006170564902,0.2676652896771128,-4.262041665666283,2.0256766199543743e-05,9.476304016433586e-05
14284,Gm14966,75.96269386929694,1.239445880719314,0.1310425617928671,9.458345927931784,3.12852765319338e-21,7.664673358482744e-20
14286,Pygm,157.2140961940983,-0.958942825666252,0.0769919982425101,-12.455097251090487,1.3119147007715893e-35,7.613463785075789e-34
14288,Nrxn2,105.8964675117122,-0.8156626583056817,0.0960879946490298,-8.488705184086356,2.0895205395566784e-17,3.8099942364275637e-16
14292,Trmt112,28.9018297565056,-1.219101973694759,0.1893129860357806,-6.439610928033988,1.1978014742743587e-10,1.141472785195008e-09
14294,Catsperz,27.972500596452885,-1.45313385890243,0.2055797596340989,-7.068467545096802,1.566539778118419e-12,1.7967378098603114e-11
14295,Kcnk4,162.22576752826984,-0.6950937963138638,0.0801913948259412,-8.667934980088495,4.400278698447186e-18,8.530973174747552e-17
14306,Otub1,166.65208340810054,1.1139669195751547,0.1586644116075297,7.020899698230052,2.204440710784764e-12,2.4875433033584143e-11
14323,Stx5a,191.80698996022832,-0.6011198841311896,0.0748116258115911,-8.03511322752263,9.349252560260326e-16,1.4594525801843376e-14
14332,Gng3,13.237791530332547,1.097701393479397,0.2979748865763602,3.683872174905907,0.0002297174703041,0.0008832720165688
14337,Ganab,149.4269265893535,-0.9059592806895982,0.0867458620314476,-10.443832817767891,1.5636697393708272e-25,5.039517160023913e-24
14344,Ahnak,31.53304887229758,-0.6436052004206276,0.1742541733349159,-3.693485143587469,0.000221201438936,0.0008537222128444
14350,Gm50340,31.851061427635056,0.7707435702811164,0.1772991964621819,4.347135157183391,1.3792723311163142e-05,6.646380435845456e-05
14351,Fth1,259.03862536083227,-0.826404377097241,0.0597138916155907,-13.839399086852922,1.4743391986575328e-43,1.281281448863173e-41
14370,Vps37c,175.33363858988716,-0.6295232518351979,0.0730255603420369,-8.620587762512717,6.661130796497976e-18,1.26750144611358e-16
14375,Ms4a10,103.0818799722439,-0.7287681639365308,0.1004139079447482,-7.257641683834553,3.938973107704143e-13,4.794841968318883e-12
14378,Stx3,19.293402851404185,1.011079678385598,0.239438518180634,4.222711057804126,2.413811847536709e-05,0.0001113106265912
14379,Patl1,17.93474567956209,0.8782187813914211,0.2333586938073472,3.763385743478868,0.0001676283316919,0.0006644274331735
14392,Gm32341,15.372185950582544,0.8004715508982916,0.2481627792003425,3.225590692841446,0.0012571299919019,0.0041038210985878
14400,Rorb,245.10576666781444,-0.5259165586994424,0.0654937403398183,-8.03002784648872,9.745054457241642e-16,1.5158202249251736e-14
14412,2410080I02Rik,389.1421447538504,-0.7039816600758472,0.0689275758019273,-10.213352956135186,1.727885838206123e-24,5.258311815641909e-23
14420,Fam122a,51.04148331989262,0.8588294687968042,0.1402840550105542,6.122074734239688,9.236468040135037e-10,7.908952143386218e-09
14424,Dmrt3,50.746112634545895,0.816222711971023,0.1600001492043381,5.10138719263702,3.371729677969527e-07,2.0736311798163158e-06
14427,Gm35554,61.92490433868587,-0.6441151796609583,0.1163502224479054,-5.536002992597233,3.094522803660848e-08,2.184045427650412e-07
14441,Ermp1,255.02346698260345,0.5824093363618325,0.0664654823566236,8.762583460041528,1.908257323772251e-18,3.8491268974195937e-17
14445,Il33,86.25610740762579,-0.5293260621376602,0.0994795963275692,-5.320951046028377,1.032261797969144e-07,6.827546038214694e-07
14448,Dkk1,28.26547777423727,0.5931419317377022,0.1902459559433841,3.117763680160525,0.0018222885683927,0.0057076809597784
14450,Asah2,1145.4954573422388,-0.5564393318658446,0.0334114545794605,-16.654148670555404,2.8233316048257384e-62,4.9317956473096e-60
14453,Rpl9-ps6,30.370610935083928,0.8074302105686302,0.1866906580271101,4.324963118676136,1.525573838515328e-05,7.29502431184937e-05
14475,Ide,58.482894915505696,-0.5855300428159432,0.1244333796995688,-4.705570516766828,2.5315697784094285e-06,1.3699337326287451e-05
14476,Kif11,145.9359809091226,0.5400927930735215,0.0813503505385108,6.639096076394217,3.1561263446469706e-11,3.1960124630894655e-10
14484,Fra10ac1,30.3023147920046,-0.5248907654238654,0.1666267776246809,-3.150098519015697,0.0016321541359032,0.0051780727290152
14487,Slc35g1,11.362277598783802,-1.026762024989779,0.2764352943035025,-3.714294253115456,0.0002037715796014,0.0007932877094891
14489,Noc3l,18.78884640841872,-0.7068425584110901,0.2160532953381793,-3.2716120219536498,0.0010693621455881,0.0035465384391747
14494,Sorbs1,162.25605046241145,-0.6616812694329477,0.073110122508497,-9.050474089358078,1.4234894620130988e-19,3.1081892403056013e-18
14503,Slit1,2400.3644437920784,-0.5747104652041474,0.0253455208609784,-22.67503076210058,7.902659126855882e-114,5.112727763996983e-111
14510,Mms19,57.73743501831571,-0.5320915909034172,0.1203290648255913,-4.421970632570336,9.780475259589456e-06,4.842555040660676e-05
14520,R3hcc1l,271.54939698582854,-0.6799695596891783,0.0579903792765465,-11.725558069667317,9.427765440304148e-32,4.288651216438356e-30
14521,Gm16541,14.599997426964617,0.8025187729994178,0.260874467040582,3.0762641591696163,0.0020961205150102,0.0064569351119844
14525,Gm34517,851.793608347201,-0.5070426852726715,0.046207743106779,-10.973110807445702,5.147050280706321e-28,1.8692032079704368e-26
14540,Hif1an,27.73505606381596,0.5976131877264221,0.1974439604332271,3.0267483817441287,0.0024719963564466,0.0074668567100829
14543,Sema4g,22.436199033568307,0.9353859220413764,0.2112534747479495,4.4277895223139065,9.52037347193964e-06,4.719122696022748e-05
14553,Fgf8,991.8451145954624,1.2044904776875405,0.107483047667959,11.206329777775752,3.7960980545789513e-29,1.4867766999413704e-27
14569,2310034G01Rik,20.378037066079543,0.8664823963444587,0.2184490723874425,3.966519000857374,7.292996406904764e-05,0.0003086096444665
14576,Cnnm2,18.93716736433468,0.7974975022666556,0.2413834962226009,3.303860929792868,0.0009536312605375,0.0032053166940676
14584,Slk,72.61079188663258,0.5400918581566123,0.1207857582436647,4.471486258065862,7.76778521145989e-06,3.906929803448931e-05
14587,Sfr1,36.47945226291919,-0.6874885636599787,0.1557317751102711,-4.414568338241695,1.012117408046462e-05,5.0041513964776674e-05
14589,Gsto1,147.52406880859317,0.8163322724094186,0.0916642825371356,8.905674596631469,5.306236735132817e-19,1.1127172063541421e-17
14594,1700054A03Rik,52.74688547883199,-0.7026716363440666,0.139315774216708,-5.0437334917369006,4.56535062232382e-07,2.7651714518291437e-06
14621,Vwa2,45.17561300155048,0.7633365042611777,0.1594219813296139,4.788150905507417,1.683250584385388e-06,9.36401949300763e-06
14623,Ablim1,17.171703544000714,0.8482120929387169,0.2353206281669995,3.6044952775528367,0.0003127601355166,0.0011668718597191
14637,Eif3a,38.20148614626387,0.6721678894903196,0.1599629774808889,4.202021618224909,2.64541863421418e-05,0.0001210641150182
14638,Fam45a,243.97584376114384,0.5567429881632606,0.0639519330890561,8.705647527307253,3.157667386918356e-18,6.172009206874427e-17
14654,Plp2,16.973318193968723,1.2149573091659691,0.2617089268904307,4.64239918600344,3.443866856214931e-06,1.822401279744393e-05
14666,Gm14820,101.1136509739412,0.5547521234726142,0.0966224174241791,5.741443220543878,9.387303503300982e-09,7.135657858819041e-08
14672,Tbc1d25,106.3916939420428,-0.5138607564379404,0.0907532286930085,-5.662176033165497,1.4946537725886503e-08,1.1002364980859057e-07
14676,Fthl17c,117.75627491189304,-0.5125726352339346,0.0925917490967293,-5.535834890627857,3.0974926364136e-08,2.1852585368688517e-07
14678,Sytl5,11.472732181955507,1.0096996576719224,0.3309546754170318,3.0508699005373248,0.002281794219912,0.006953660403598
14688,Cask,54.45211541688311,0.5276965157312471,0.1321402893455283,3.993456638734872,6.511699130552828e-05,0.0002784488626988
14703,Araf,1626.5882255984154,-0.5606801715613773,0.0316578494030285,-17.710620971863584,3.472205398313001e-70,7.396644377772136e-68
14705,Cfp,96.77438947122477,0.5487912683093834,0.0969341577919444,5.66148487602571,1.5006873487065917e-08,1.1037476466192313e-07
14707,Uxt,34.20713056411967,-0.8508430320454907,0.166789042153964,-5.1013125386263205,3.37306014236207e-07,2.0736311798163158e-06
14720,Slc25a5,50.58989391800409,0.6470966114536661,0.1391387993099608,4.650727292910749,3.30766474315102e-06,1.757247193837044e-05
14723,Ube2a,29.754080470205224,0.719555696808961,0.1865224972924063,3.857742134349256,0.0001144392889125,0.0004679366804128
14726,Upf3b,82.60733176866617,-0.6197325813399248,0.1041327464826454,-5.951370748136452,2.659059700168704e-09,2.170488544044249e-08
14738,Mcts1,45.78667334637655,-0.8770740989022354,0.143592806209202,-6.108064338713569,1.0084670273526899e-09,8.588933219793656e-09
14741,Dcaf12l1,420.2139721063756,0.9477371275857048,0.050105576378473,18.914803422815904,8.614106356178071e-80,2.4667411447494838e-77
14751,Slc25a14,40.38714198567328,-0.7073524238679662,0.1437616703704786,-4.9203130573336775,8.640589505836616e-07,5.036163413011478e-06
14772,Zfp449,23.866989074451237,-0.7621844655346331,0.1937000373646653,-3.934869997467902,8.324174110249296e-05,0.0003492833854379
14782,Gm364,225.83752181797325,0.8045342462651128,0.0664321100896886,12.110623088427085,9.27866182682907e-34,4.753069348711149e-32
14791,3830417A13Rik,10.08495553349428,1.1018108543857914,0.3385904136466534,3.254111191510638,0.0011374774842231,0.0037532030023441
14794,Gm14698,20.178865438532387,0.8437331697637676,0.2239325237736816,3.767800922998082,0.0001646919545696,0.0006536784963468
14798,Mamld1,65.98815183913908,0.6618348793852442,0.1218886156295867,5.429833425924916,5.6406675388996886e-08,3.8609396774882353e-07
14806,Gabra3,11.490343743251216,0.8996784776041994,0.2874579957223853,3.129773709523358,0.0017494101018151,0.0055050793836257
14809,Zfp185,10.064990386500854,-0.9431910733202586,0.300281851200453,-3.1410192442520675,0.0016836096924245,0.0053229491596873
14810,Pnma5,22.563021950384236,2.1616576567046555,0.281909074755269,7.667925052009178,1.7480097021790175e-14,2.4099631789789333e-13
14815,Zfp275,344.2395052400447,-0.6688920429926722,0.0564525329291213,-11.848751655350794,2.1842028626578559e-32,1.0284004206174511e-30
14817,Dusp9,17.901383807308175,0.8014585722653226,0.2396981415732353,3.3436161290405826,0.000826940754541,0.0028207383519474
14819,Abcd1,16.77782969792576,0.9460871978572332,0.2806050096001611,3.371597674629292,0.0007473353328036,0.0025687630053942
14823,L1cam,38.03637001247561,0.6510672589649575,0.1676485824677231,3.8835237935298696,0.0001029534520293,0.0004235494347736
14828,Mecp2,19.793246192990548,-0.711491246354603,0.2080049111313083,-3.4205502287657827,0.0006249459398198,0.0021833111353547
14830,Emd,637.7845036849434,-0.6129168939814503,0.0483451082905679,-12.677950585975417,7.83538157585143e-37,4.836340825688084e-35
14831,Rpl10,49.82268454872654,0.5670414194410526,0.135753897149423,4.176980781751816,2.95403973353028e-05,0.0001338551648905
14856,Fthl17a,226.79498541992612,0.6709236639615911,0.0714105335693422,9.395303891828496,5.7052887186509545e-21,1.3689558150741058e-19
14857,Gk,58.506143293425545,1.7201328753100111,0.165910706444589,10.367823223539231,3.473468604429043e-25,1.0991766228653357e-23
14869,Gspt2,16.83118963696299,0.8458468037057562,0.2487695067316624,3.40012252634378,0.0006735566356232,0.0023377085855489
14875,Zc3h12b,122.51622448181006,-0.61897858916821,0.0877816683999911,-7.0513422728278,1.7720001435671588e-12,2.0204502942448515e-11
14885,Awat2,48.39876214656447,1.1411640671169767,0.191088373227657,5.971917850582293,2.3448060176964703e-09,1.925673320033941e-08
14887,Pdzd11,224.65837950835785,0.5224025173147682,0.0661483775252773,7.897435082442373,2.847012013908541e-15,4.257842967376232e-14
14897,Zmym3,10.528191929594966,1.2605080025746047,0.3287511845707195,3.83423105903197,0.0001259576997346,0.0005112056456703
14904,Ercc6l,137.14691178078257,1.2478561372977257,0.1811370538575355,6.88901641449444,5.6179457492602815e-12,6.050201994332836e-11
14912,Gm26952,26.470584858318528,1.4653122879507063,0.2087837968175515,7.01832378894416,2.2454570779846045e-12,2.5305576927893597e-11
14915,Slc16a2,37.23956008816901,-1.1816835600340692,0.1612564753924642,-7.327975866755743,2.3365478107397537e-13,2.9236975041548724e-12
14920,5530601H04Rik,26.15363322592242,0.8491558725818287,0.2250697683680859,3.7728562069388794,0.0001613893108474,0.0006415904601464
14926,Cox7b,205.53886108670648,-0.57936377626206,0.0762342163875558,-7.599786601290921,2.9661946903590816e-14,3.9795306337321383e-13
14930,Gm5127,19.476999927834743,1.1272343767615816,0.238803905143594,4.720334770420817,2.3545680476079745e-06,1.2800994290574571e-05
14955,Rpl36a,64.18960093226534,-0.556565179767979,0.118651537040608,-4.690754065642626,2.721999957977775e-06,1.4652664180571887e-05
14963,Gprasp1,72.71042934035388,1.349470733257671,0.1286773010976061,10.487247725486965,9.886638687716012e-26,3.234078737771972e-24
14985,Il1rapl2,10.944374000864691,1.465770242314782,0.3257788220202505,4.499280319159817,6.81838992599805e-06,3.452279281951708e-05
14989,Rnf128,485.8228996521125,-0.7356571248016516,0.0467002830827492,-15.752733736070164,6.577533492006173e-56,9.265835083739017e-54
14998,Tmem164,30.458556525537634,-0.7672999861562068,0.1808016588529244,-4.243876914759822,2.1969088342342992e-05,0.000102171468361
15005,Rtl4,40.37637785258448,-0.5729729701541414,0.1508618346235056,-3.797998158938384,0.0001458694068141,0.0005841464461783
15011,Tro,59.92702771099513,0.5394957207552866,0.1285779748316099,4.195864194173447,2.7183309916589733e-05,0.0001239916687959
15035,Rragb,67.7973980526858,-0.6599602827518893,0.1112345157887753,-5.933053046278336,2.9735272528199995e-09,2.4203902167875e-08
15038,Gm45022,138.42989966403573,0.7863495493782293,0.0832547813300733,9.445097768747416,3.5507268258135085e-21,8.638453508817601e-20
15040,Sat1,184.84989306505167,-0.5362672395622091,0.0674658575403161,-7.9487204211663265,1.884478006508109e-15,2.8624401580594475e-14
15046,Sms,11.444285010069605,1.6872412135124917,0.3302235343394854,5.109391179182063,3.231985762875881e-07,1.996334063151198e-06
15047,Mbtps2,54.00535023089748,1.223568938591508,0.1500597676226001,8.153877338186875,3.5243834171432024e-16,5.679329292496076e-15
15072,Piga,43.08377552847888,0.720407521666944,0.1501394029137667,4.798257537235001,1.600519021117541e-06,8.940795094621431e-06
15074,Fancb,305.2841711039692,-0.6109619651547646,0.0603913251540175,-10.116717319856996,4.657758318561571e-24,1.367423904346782e-22
15080,Tceanc,388.5527129887407,0.671184546032462,0.0601548580133542,11.15761167424684,6.573378380724793e-29,2.5125552200109558e-27
15090,4933400A11Rik,1473.699671530255,-0.5203378093164377,0.0314886051503838,-16.52463825664553,2.438987165593773e-61,4.1363327969506825e-59
15092,Gm15726,24.39134723519168,0.7410259702195724,0.1977275931608811,3.747711477055386,0.0001784553604393,0.0007022433512398
15094,Gm21887,133.54187991601256,0.7980389888230941,0.0880042821704821,9.068183605851484,1.210175055706954e-19,2.6490398337204352e-18
15098,Uty,34.734181634654135,-0.5784868517716509,0.1558550577405991,-3.7116976513811215,0.0002058738157536,0.0008007714137402
15101,mt-Nd1,28.383844435431943,-0.6121332459149426,0.1750249537483149,-3.497405557353767,0.00046980702523,0.0016906858501686
15102,mt-Nd2,20.447318039239995,0.6595073716870676,0.215969756226516,3.053702440610967,0.0022603615768911,0.0069003837862871
15120,4933424G06Rik,36.74627232618144,-0.8230656149141684,0.1572989986310157,-5.23249112885248,1.672406818607735e-07,1.077595068514936e-06
15121,D930019O06Rik,24.377956945137743,-0.6069018946654511,0.1889044627706304,-3.2127451398665845,0.0013147289766521,0.0042671285329172
15132,Gm29630,75.10521525675281,0.7461198195444003,0.1122992961830557,6.644029347505192,3.0522176022639504e-11,3.097974263587837e-10
15139,Cfh,141.0937582304527,-0.654248455597642,0.0799708075587217,-8.18109102021052,2.812853273866533e-16,4.6006480325749626e-15
15143,Gm31925,155.22160489161908,1.0270497575299953,0.0881717662031044,11.648283818701978,2.341263333852765e-31,1.0459638853130459e-29
15146,Klhdc9,13.675755306547174,1.1718539879505845,0.2810993386486842,4.168825133434975,3.061737708904381e-05,0.0001383404922378
15150,1810059C17Rik,143.06890687241852,-0.5298746584788531,0.0858446721065729,-6.172481593511519,6.722635669218305e-10,5.880370549319247e-09
15154,Gbgt1,20.54210815293917,2.078532790781715,0.2755982170731875,7.541894910843136,4.6319095821910464e-14,6.097226569835208e-13
15165,Gm13617,213.6921750833565,-0.560197019967638,0.0735441046840457,-7.617157382965113,2.5932307897058793e-14,3.5087959283177614e-13
15166,Hoxd3os1,19.23386462579566,0.6937901530128053,0.2277554785152153,3.0462062099922496,0.0023174883553679,0.0070500321196367
15173,Accsl,36.799219864941726,1.1654172363270254,0.1686752755412223,6.909235705040899,4.872717676537589e-12,5.2900330872441644e-11
15194,4933429H19Rik,37.787749461143385,0.6637509119769878,0.1630632326989039,4.070512407923391,4.690984238860622e-05,0.0002050090384899
15205,Tnfaip8l2,189.31112462024612,-0.6150264298957998,0.0750830584142259,-8.191281001138215,2.584603620786219e-16,4.251210550649122e-15
15217,Clca3a2,178.64843380227416,-0.7635116428482472,0.0803170054163942,-9.506226469598932,1.977043510262273e-21,4.905539209838264e-20
15221,Gm11827,23.49590231455125,1.0014165401122477,0.2141078828134739,4.677158668579518,2.908771864741885e-06,1.559080298659443e-05
15223,Cfap206,61.30369511962802,1.2179147201213318,0.1378622967750568,8.834284272142543,1.0074117020401013e-18,2.08254054570846e-17
15229,Eqtn,81.28702348591654,0.54853742758418,0.1150735956377204,4.766840077815147,1.87137731690454e-06,1.0318566594598643e-05
15232,Gm12718,102.59288077525412,1.377778851179193,0.1056055502293482,13.046462503031416,6.656721722057905e-39,4.632653985693525e-37
15255,Gm13110,34.83948984610895,1.0471959486125633,0.1719048016534387,6.091720176168886,1.117038152888287e-09,9.4628624901322e-09
15257,Tnfrsf4,456.6579718808492,0.6531272822361436,0.0469141943780895,13.921741402452277,4.673762906641666e-44,4.208313940887455e-42
15259,Dnajc5g,123.37114807812806,-0.5411083236237415,0.0943629701500145,-5.734329078064293,9.789909244381068e-09,7.422314873300717e-08
15264,Usp46os2,107.75903971911713,0.9381867570465898,0.097495305358858,9.622891621225635,6.400603577883478e-22,1.6369801361415608e-20
15270,Gm42161,37.26343169384849,0.7896736953310098,0.1609811360625333,4.905380311294736,9.324648728710184e-07,5.409596944307854e-06
15277,Oas1g,15.994421865577731,-1.4889441642558856,0.2406244176854574,-6.187834878014014,6.099617066832327e-10,5.37307669810525e-09
15279,Myl2,46.760376828653,0.5640788302969522,0.1434925154798988,3.931067961352808,8.4569359803644e-05,0.0003546836919688
15293,Asz1,27.01598809296289,1.1131416647190813,0.1972722914672349,5.6426660654669965,1.6743690554311895e-08,1.223760613400503e-07
15294,Gm15594,71.42516619975217,0.7008459667286276,0.1173561545315003,5.971957495765667,2.344236138636653e-09,1.925673320033941e-08
15304,Rarres2,16.046110026899175,1.2195790662000152,0.2660234666278388,4.584479262899691,4.551192508429696e-06,2.3583574825645187e-05
15305,Gimap5,434.2596559493929,0.6716639528006907,0.0615809694871362,10.907005173749264,1.0671416430407259e-27,3.819842258326927e-26
15307,Dnah6,222.3377771020584,0.546583201768033,0.0674332279153434,8.105547052474197,5.250871713845298e-16,8.345971528430361e-15
15311,A430078I02Rik,17.218701696184237,0.8645871349776671,0.2462762707449006,3.510639219777812,0.0004470306565022,0.0016140412376562
15314,Efcc1,19.345703528392477,1.8922125407288712,0.2598514609336548,7.281900721012265,3.291492761766437e-13,4.0433048918801765e-12
15317,Gnb3,75.10353536622598,1.2003039333355228,0.1199660711802257,10.005361695410526,1.4436318126873046e-23,4.120483742487228e-22
15319,4930417O13Rik,35.394271870972155,-0.6770838967910607,0.1906695420220525,-3.5510857665601896,0.0003836453760948,0.0014022844590133
15332,1700058P15Rik,57.10670446371476,0.5881281026298182,0.1287350855919343,4.5685144801477975,4.911931401348139e-06,2.531021171644522e-05
15333,Tescl,13.21634520502094,1.7041576800121292,0.3102875386143673,5.492188592626971,3.969831338959621e-08,2.760549913572717e-07
15335,Gm26604,58.300132213200506,0.7484652928104608,0.1287725408461077,5.812305076009408,6.161841333815536e-09,4.824520144289098e-08
15338,D7Ertd128e,19.866188958139585,0.710364299280792,0.2175284716689593,3.265615272477267,0.0010922653863239,0.003616317620983
15340,Gm44748,10.295180977792096,1.0124114264978008,0.3192218045029865,3.1714983507285104,0.0015165472922895,0.0048408723710516
15341,Gm5592,69.28256698176958,0.7151335185190383,0.1206097401742688,5.929318125432846,3.041952355051952e-09,2.473781365830889e-08
15353,Gm15413,97.62678629872036,0.6515048818126823,0.1014131336109909,6.424265364994832,1.3250787355191214e-10,1.253871904227953e-09
15357,Dnajb13,11.675276544833068,1.1620530851910735,0.30254968584773,3.840866937062106,0.0001226005613233,0.0004982751524422
15359,Olfr543,284.4162308819844,0.7141923165397184,0.0681763633690286,10.475658736355587,1.1175680826952888e-25,3.642104341142035e-24
15364,Atp2a1,20.192124829585246,1.3806205464657115,0.2398517328944137,5.7561416371900105,8.605818826863623e-09,6.584601106774148e-08
15366,Cdiptos,77.47115333948413,0.674402895172169,0.1167372837559807,5.777099427650658,7.599937939435565e-09,5.876747052946456e-08
15367,Nkx1-2,83.48238467344486,0.6479853862859065,0.1187209538740272,5.458054076734195,4.8138106280952614e-08,3.3209970004568725e-07
15368,Pcp2,30.822451949615655,0.7588636432684012,0.1840065375839815,4.124112399658908,3.721671319423292e-05,0.0001656309671533
15375,Ido2,23.740614691774027,0.8349805765742699,0.2032201099522598,4.108749753016188,3.9780684471124855e-05,0.0001760549775377
15379,Gm34474,23.957160767506917,0.7496955143967904,0.1958411764274407,3.8280790999769807,0.0001291472548673,0.0005228144259612
15384,Cers1,22.744025355848,0.7095188940590113,0.2045323482759652,3.4689813129299867,0.0005224357914656,0.0018601525489853
15385,Gm45740,18.32481826196861,0.8274111320710419,0.2405403589332908,3.439801685423227,0.0005821405787822,0.0020485156386317
15390,Cks1brt,257.2204038355436,0.6273575430962818,0.0764729606116746,8.203651827761291,2.3319282828143707e-16,3.842841815490701e-15
15396,Ces4a,24.423793367672424,1.984116314779389,0.2462302445157092,8.057971589484428,7.757084091576561e-16,1.2163442092608562e-14
15403,Gm27045,142.703134935615,0.9801585232775692,0.0855905479838436,11.451714545192392,2.305399092072506e-30,9.918894418798653e-29
15405,Capn9,25.659156856557267,0.7757720032477048,0.1992883356351086,3.892711536655721,9.912999720302436e-05,0.0004095560054736
15409,Gm46102,211.77631782874747,-0.5548873297955901,0.0687675095676614,-8.06903337468733,7.085689673687328e-16,1.1160759893595152e-14
15415,Hepacam,134.53698602450388,0.8258979268280665,0.0855592913108325,9.652930899434656,4.777050800047936e-22,1.2325778932826783e-20
15416,Vsig2,15.360465655311588,1.1798650785931208,0.2657615556700488,4.439562658407824,9.014186833891129e-06,4.484756924363721e-05
15418,Gm48284,10.711230940585953,1.2311672378384322,0.3201185685545892,3.845972582588515,0.0001200751901457,0.000489263685903
15423,Cd3e,12.638109466971766,1.1588131351796442,0.2902679139094978,3.992219186654399,6.54578259179461e-05,0.0002797693425825
15425,Islr2,367.76823137512247,0.6266079464597427,0.0509699342527483,12.293677746424702,9.79463633900574e-35,5.264391002146225e-33
15431,Gm26713,27.589072772923583,-0.9375984837923462,0.1765464683774307,-5.31077450831753,1.091603258679466e-07,7.198235455875014e-07
15434,4932413F04Rik,806.2735498315789,0.6605272432389355,0.0521957119177109,12.654818163612529,1.0521890816297468e-36,6.426447160107839e-35
15438,Prss45,74.12944956000588,0.5135246543665704,0.1146802862384654,4.47788082163268,7.538766568332531e-06,3.800495654130813e-05
15454,Gm26576,25.85997429877457,0.8036449261287678,0.191876686536379,4.188340650631362,2.810015101819017e-05,0.0001277931366794
15457,Gm32688,34.03896094062771,0.9452091314717616,0.1815904085563562,5.205171016388886,1.938180290456975e-07,1.2387900956349226e-06
15470,4933415A04Rik,197.846597693612,1.1074583061786816,0.0747317218113643,14.81911936906922,1.1021994429922714e-49,1.2421432174315483e-47
15471,Gm16170,72.2511786756477,-0.5244954018352757,0.1111752597800383,-4.71773488879627,2.384849828744709e-06,1.294950475862996e-05
15476,Kcnj12,21.494708161844787,1.262573411838246,0.2247307847771515,5.618159581875907,1.9300220285933552e-08,1.3983253751749784e-07
15487,Evi2,320.5126580314162,0.630090155294908,0.0715561481475915,8.805534836717115,1.3023007712412869e-18,2.6731597969498e-17
15489,Slfn3,63.77547966646426,0.5836414114579306,0.1263108971830113,4.6206734689905264,3.824963755928984e-06,2.006015712356651e-05
15495,Zfp385c,10.67866701225638,1.2750902515519336,0.3192556795467965,3.9939469623907833,6.498240539494801e-05,0.0002779413950634
15505,Card14,11.053552595384938,0.9805744573477,0.2988988678685605,3.2806228552826213,0.0010357814396274,0.0034515509705099
15507,Myadml2os,35.635244995990334,0.9751013612878988,0.1718976268314251,5.672570234167059,1.4067081753348956e-08,1.038123295595689e-07
15511,Slc7a15,10.85743159371896,1.0748570245568083,0.310527319788234,3.461392785954593,0.0005373881222352,0.001905235583358
15525,Gm47080,43.9479770306984,0.5767223698609477,0.1601394912895674,3.601375058811114,0.0003165385368118,0.001179708803292
15526,Papln,11.76021723517108,-0.9344187585736272,0.2698401746325478,-3.4628600424160814,0.0005344663231191,0.0018968016522237
15536,4930447K03Rik,70.57339608014014,0.6130636365744746,0.1218171872723853,5.032653029524099,4.837381821630196e-07,2.921832145927948e-06
15551,1700084F23Rik,27.572025103093303,1.2281138824374616,0.2103623908259323,5.838086730311426,5.280366992692756e-09,4.169866664934768e-08
15556,2810403G07Rik,111.1606345500378,0.5328596146190374,0.0898214997764864,5.932428382347381,2.984866017576101e-09,2.428488104099643e-08
15567,Gm34250,81.79394930339367,0.5857835051068595,0.1130803548647509,5.180241128598176,2.2159926080930725e-07,1.4004688450857377e-06
15573,Gucy1b2,96.3741437338651,0.8469546262970731,0.1098471648898625,7.710300280815312,1.2552204407891196e-14,1.7597263771833341e-13
15575,Defb30,297.4959966256333,0.585480369831103,0.0672915822431916,8.700647990638384,3.2999439725570153e-18,6.440605733254295e-17
15583,Timm8a2,142.57444025042074,0.6951470703798716,0.0841904341441799,8.256841498042405,1.4957784413160742e-16,2.5051062140852528e-15
15587,Gm26766,85.27081860391802,0.7609242746095214,0.1046905153662279,7.268321031257315,3.639829607237854e-13,4.449303259568288e-12
15591,Pkhd1l1,27.719520628411185,0.7987202891435189,0.1899134074538084,4.205707747820738,2.602663835813673e-05,0.0001193263304041
15594,Gm49460,40.184920676818585,0.9585483918016356,0.1651291690327889,5.804839916630967,6.4427529434136406e-09,5.028686703107661e-08
15600,1700027A07Rik,50.62222412076919,1.6685367535531492,0.1613299786111263,10.342385016829574,4.531177050055013e-25,1.413403584113589e-23
15615,Cyp2ab1,19.44841393591627,0.7899446701882396,0.2303747103603522,3.4289556737916578,0.00060590847568,0.0021231713647301
15619,Slc51a,18.465019662000767,0.8683647675883549,0.2446953567195262,3.5487586655912264,0.0003870516396117,0.0014132562794185
15620,Muc13,24.67570172724553,0.7198424718863228,0.1984261147492213,3.6277607551611215,0.0002858899865519,0.0010772058423402
15624,4930478L05Rik,19.98095933063223,1.2840440279426395,0.2329137417102421,5.512959512453596,3.52849424823433e-08,2.4723520869698065e-07
15627,Gm15964,167.1757322946199,0.7638986570678286,0.078723428651047,9.703574528669474,2.9111697733737623e-22,7.646964451322236e-21
15628,Dnajc28,33.18756689600186,0.5595727088631338,0.1741866879243233,3.21248836826293,0.0013159047692326,0.0042701513113423
15629,2310043M15Rik,67.806620728951,0.6495477872140211,0.1178632977880547,5.511026752213036,3.5674649051736896e-08,2.496653724502164e-07
15632,1700093J21Rik,54.80892598476721,0.7705670390773315,0.1306466935782352,5.898098283029967,3.6771493605290526e-09,2.962751154507449e-08
15633,Gm49953,66.4873959391863,1.1671160785421162,0.1275326389845911,9.15150888301724,5.61437956118135e-20,1.2605653235824657e-18
15635,Gm16050,17.27152710584937,1.5881092147248774,0.2848539986322454,5.5751691124237,2.4728951867432965e-08,1.7710755687589957e-07
15637,Abca17,70.1963652314067,0.6658320541265546,0.1156507901539641,5.757263337674928,8.548849657747142e-09,6.543878432144046e-08
15638,C230013L11Rik,23.56495343290609,0.7367655075459321,0.1962876764444809,3.753498543013844,0.0001743835464008,0.0006877696519598
15650,Gm49870,19.827404655716204,0.7124942642966169,0.219199481232368,3.250437730467616,0.00115227499547,0.0037960309975886
15651,4930471L23Rik,42.93199026801541,2.2819454280571327,0.1922745539687037,11.868161339896083,1.732330741729107e-32,8.267856119268862e-31
15656,Mzb1,47.83716405443244,0.6420199906723992,0.1386691528472076,4.6298688460281285,3.6589741331365855e-06,1.927471657347101e-05
15660,Gm27239,23.98669986021156,0.8338156090900501,0.2200569136043785,3.78909071945404,0.0001511996950466,0.0006041071072906
15669,Lrrn4cl,60.23460860891431,0.9930730510275778,0.1315214708543646,7.55065347563836,4.3307971506539666e-14,5.705155703440686e-13
15672,Olfr1555-ps1,444.7184581283081,1.7398175777277587,0.074864911288553,23.23942615816309,1.8197102385329562e-119,1.2714679378677472e-116
15679,Gm50373,48.464088086006605,0.7912479154950401,0.1444826929140424,5.476420044065624,4.34016746889181e-08,3.006108062910473e-07
15680,Lipo2,13.851383955492844,0.9532139691918756,0.2911253869030709,3.2742385654922104,0.0010594712423804,0.0035177425702152
15684,Gm30541,13.479304824094656,0.805392948197749,0.2715494367594853,2.9659164747636555,0.0030178243658988,0.0089332919883952
15685,AU022751,52.19577131886381,0.8299398579522028,0.1363421476076998,6.087184869202783,1.149132572266049e-09,9.721117559162011e-09
15690,Tslrn1,13.310649788398104,1.6496468887693478,0.3027049896411352,5.449685156247501,5.0459066747115594e-08,3.472888013942534e-07
15691,Xlr4b,33.34093008035891,1.777098700264381,0.2001966709141535,8.876764494382723,6.883332982605767e-19,1.4331115678207096e-17
15709,Gm28417,36.67020550235132,1.381726699856463,0.1800765342177581,7.672996961312047,1.6802347122168063e-14,2.32570047171182e-13
15714,Gm16151,23.566976820557294,0.9287678572188424,0.2007735566471254,4.625947125353872,3.7289042653533424e-06,1.961942762264825e-05
15716,Rfx8,31.73226193616949,1.3329643034930243,0.2238381300401048,5.955036808314108,2.600133034101986e-09,2.1253684529571128e-08
15720,Il1rl2,40.510699313682,0.7574203416700739,0.1536400290805738,4.929837270942315,8.229813993334483e-07,4.816026493653827e-06
15731,Gm553,24.55512465959489,0.910200637714176,0.2144733715660783,4.2438864604399,2.1968153346558644e-05,0.000102171468361
15732,Gm28777,445.12130167756897,-0.7205970828194717,0.0670707517457882,-10.7438348917078,6.3356777198868355e-27,2.1742950571902406e-25
15737,Mdh1b,22.56536114744717,1.0475055642446318,0.2194832745955078,4.772598578069836,1.818640433182369e-06,1.0072292671791256e-05
15750,BC035947,13.060296898370725,0.9293154589364988,0.2829407421983259,3.284487952198485,0.0010216786619185,0.0034104114019477
15759,Gm28723,83.12079967906331,0.5813559233794238,0.1050811606150324,5.532446729525916,3.157943667622246e-08,2.2252101648255506e-07
15763,Gm29101,430.46862602872073,0.6022084596321364,0.0513993858484608,11.716257883072933,1.0521786944567218e-31,4.7738850479922126e-30
15778,Chit1,94.56405692816796,0.7002380601530677,0.2061958595074406,3.395985068884467,0.000683820897101,0.0023686264982275
15779,Adora1,59.918836903480745,0.5352918205462721,0.1250671046310254,4.280036882004239,1.868623441831e-05,8.798144011294852e-05
15785,2310030A07Rik,26.004866142559383,1.3428614267955403,0.2060863070638198,6.5160147994679205,7.219985482359154e-11,7.014388565397647e-10
15803,Spata46,13.852587513704094,1.733121299392636,0.303155901389003,5.716930765496572,1.0846528312035176e-08,8.14212103801592e-08
15808,Ifi204,152.5072035859931,0.6271157318076442,0.0803676079513626,7.803090670400014,6.0409113998490226e-15,8.742555122830384e-14
15809,Grem2,100.98367118000922,0.6478456368150537,0.1084620222784539,5.973018234454853,2.329038561712048e-09,1.9154258755172343e-08
15810,Gm15423,169.46098676565785,1.3004262121468104,0.0855307830309183,15.204189252853238,3.317120244622896e-52,4.0519899603547376e-50
15813,Gm37885,26.871129928619126,-0.7415512703433024,0.1805593341356285,-4.106967240952939,4.008880598544957e-05,0.0001773287573952
15817,Marc1,11.555811908120273,0.9181451407972012,0.3082178611362657,2.9788836293016825,0.0028930062791848,0.0085943934838095
15820,Gm36388,222.04881478319808,0.7465359233829207,0.0692903091504098,10.774030777700816,4.565651458754855e-27,1.585542737207352e-25
15827,Gm36988,112.83258504562605,0.5450937605638797,0.0957270235452115,5.694251637380472,1.2391421663648425e-08,9.233076014693132e-08
15844,Pax8,22.709544472296358,1.1215892749495024,0.2330679818263807,4.812283807327116,1.492152502666378e-06,8.375616939773872e-06
15858,Fibcd1,50.61706857290743,0.7137379150784989,0.1408458380879309,5.0675115769690535,4.030499970959365e-07,2.4539830426182703e-06
15860,C130021I20Rik,24.608184136824345,0.9906937898380612,0.2007973972805096,4.933797963795732,8.064586047542106e-07,4.728841526635297e-06
15861,Nron,22.31304508748482,-0.9490605777172696,0.2612509667032139,-3.6327543193186367,0.0002804119781678,0.0010593071874211
15876,Ppp1r1c,37.16174697179574,1.0764372912482143,0.1646270100866458,6.538643268086251,6.207939995031638e-11,6.09215145130408e-10
15886,Pax6os1,29.718504062665684,0.5628350699665833,0.1872755409507118,3.0053848308718174,0.0026524502382264,0.0079432540307457
15892,Ccdc9b,12.32921608868433,0.8986051025075009,0.2938001197801111,3.058559347014712,0.002224040224214,0.0067988822548339
15896,Gm14019,32.61249518564308,0.8947482693798099,0.1835672614297337,4.874225732905558,1.092360286474324e-06,6.260285263823323e-06
15900,Gm14009,23.51160393863421,1.2929884367442055,0.2150947112463615,6.011251644691832,1.8409637771754583e-09,1.527693836565364e-08
15903,Il1a,20.578428117330635,0.7959303774918123,0.219398196634388,3.627789059807886,0.0002858586553482,0.0010772058423402
15912,Banf2,238.44689266904408,0.5562753640988639,0.0668254790874315,8.324300426953279,8.48282163204891e-17,1.4584441758723462e-15
15917,Rem1,17.720315167720365,1.3850404233142874,0.2640163393220233,5.246040555182989,1.5540270844995314e-07,1.0065163185775976e-06
15925,Gm14252,95.38712764631757,0.6549342310605519,0.1070860713208315,6.115960955354862,9.597682443766419e-10,8.190775639267491e-09
15926,Gm14225,21.880347506362025,1.0526951965269622,0.217288503646687,4.84468887612505,1.2681023386631378e-06,7.194287642665701e-06
15929,D630003M21Rik,13.698730178735511,0.975636332938536,0.2745452144450514,3.553645380090221,0.0003799311408638,0.0013898716583477
15931,Gm14204,28.933360383257263,0.7979018913930496,0.1917400001213646,4.161374209283435,3.163382303659356e-05,0.0001424908769477
15937,Cbln4,87.50432906296865,1.0533080580913998,0.1142524455778723,9.219129207816254,2.9952269423961367e-20,6.848356154622855e-19
15942,Ppp1r3d,17.524908040812537,1.9896690778413084,0.2844922764225508,6.9937542869743545,2.6762611072020217e-12,2.9967262192695456e-11
15947,Uckl1os,12.138838443302408,1.3555188617274925,0.3053336989716304,4.439466938280659,9.01819665529512e-06,4.485474350076741e-05
15950,Hey1,67.44551945069595,0.6983637365967118,0.1561573571882597,4.472179532052278,7.742638053917796e-06,3.895403269753343e-05
15953,Gm30667,61.09826583066579,0.6599433053114182,0.1338458864212285,4.930620753143657,8.196872966256152e-07,4.80157535125964e-06
15954,Dnajc5b,26.1543380933772,0.609392065049193,0.1958619837679842,3.111334079874692,0.0018624410369551,0.0058209196696247
15960,Gm15496,14.315885132442135,1.0669680746384544,0.2645020880956105,4.03387391880541,5.486476392143678e-05,0.0002380471177793
15971,1700052H01Rik,20.25129385225971,0.7562855250110417,0.2144217013871288,3.527094133282722,0.000420147360743,0.0015251733369617
15984,P2ry13,20.38507902797783,1.8554618327120411,0.2608849070214822,7.112185422667077,1.142196620067181e-12,1.3319019064975646e-11
15989,Gm37359,18.70671520014773,0.7642218986205315,0.2280333477987178,3.351360254970692,0.000804156141492,0.0027467734610055
15991,Rarres1,149.76949048681564,1.067044590454995,0.0844069564406831,12.641666462702744,1.2438929373670762e-36,7.544556190947251e-35
15996,Rbm46os,180.7644109118913,0.6647725205030504,0.0931925897208736,7.133319532101722,9.797674541781934e-13,1.1447878187013164e-11
15999,Tlr2,15.693543600267088,1.6384142580031056,0.2908683148010209,5.632838554876364,1.7726739058627673e-08,1.2907489698879045e-07
16005,Gm20652,27.80097765125536,1.1026805954332266,0.2085472739849584,5.287437108925039,1.240419871124899e-07,8.121309710948176e-07
16011,Gm42463,15.69441683353016,0.9734661605178748,0.2687201663638602,3.622601808007793,0.0002916546123797,0.0010972696034997
16019,Gm31305,23.75061310339914,0.736660404033734,0.2127842739271714,3.4620058636751843,0.0005361654737114,0.0019016727908206
16051,Gm40190,121.72080333674737,0.7335195085243545,0.0926638755006339,7.915916580883088,2.454381441255904e-15,3.6991488365710216e-14
16052,Fabp2,11.057883831983844,0.9228619867378314,0.3084254213971735,2.992172248828412,0.0027699992370323,0.0082697567377338
16073,4930570G19Rik,30.0641168227342,0.7165454152734432,0.1800330426908506,3.980077237842841,6.889288079754272e-05,0.0002933026667734
16085,Gabrr2,26.463428003090343,0.6005834908269221,0.1871337265157621,3.2093813446093864,0.0013302093753054,0.0043109642611938
16087,Gm12364,21.307937483531248,0.6674225616737688,0.212719673811297,3.137568564841996,0.0017035542509839,0.0053811366466886
16091,Arid3c,22.33364430511016,1.2772427904396777,0.2188780977669225,5.835407030080184,5.365941056182046e-09,4.2297950527702165e-08
16103,Tal2,103.81890258535516,1.0143614514564545,0.0998322594333597,10.160658059968714,2.970645780979212e-24,8.900727358858468e-23
16111,Gm12602,31.08584509874748,0.8983357965166143,0.1748045843197944,5.139086025759847,2.760779949670949e-07,1.718649471163654e-06
16143,Gm12999,36.036622103091126,0.9048872746538644,0.1644194185471416,5.503530438495128,3.7226022308970645e-08,2.598977448813346e-07
16163,Gm13112,35.00847162308223,1.0073142121808984,0.1765767888311208,5.704680772874967,1.1656133096515902e-08,8.697536648011098e-08
16167,Tmem88b,20.38481335558534,1.2218641500793508,0.2331219684837678,5.241308479103841,1.5944190876014327e-07,1.030385224647496e-06
16171,Perm1,24.012673442887,1.45051538512072,0.2393838507131555,6.059370257431514,1.3665550230892971e-09,1.1498546793508596e-08
16172,4833413G10Rik,30.379243616893827,0.708009974557543,0.1821962810634462,3.8859737993828354,0.0001019204994757,0.000419596343352
16176,Gm43577,84.476112920525,0.6517359184089584,0.1057841565096214,6.1609974490809565,7.228815612867365e-10,6.288493581950555e-09
16178,Tex47,32.885221016348034,0.5271338231579351,0.1732077315426248,3.0433619704107278,0.002339507392109,0.0071121676166656
16179,Gm5106,13.173723357783455,1.1433918754455905,0.2782505378379776,4.109217126154759,3.9700267955921465e-05,0.0001757881573267
16187,Gm26608,13.900112380508586,1.1511492529589409,0.2929476929978531,3.929538550649645,8.51090316544753e-05,0.0003566901547361
16197,Slc2a9,30.13798271683655,0.8794919967391869,0.1859120024204056,4.730689709588401,2.2375831137577087e-06,1.2195351585372748e-05
16198,Gm43507,16.04372169097149,2.7197363517062394,0.3788665303738381,7.1786133998762045,7.042196689658626e-13,8.351194282074466e-12
16214,Gm17660,77.71700543620614,0.5150292260101894,0.118020808526033,4.363884915231575,1.2777281336652208e-05,6.203267103630927e-05
16222,Gm26953,49.87892445144918,0.6601387771185222,0.146632838094552,4.50198458746908,6.732186474894081e-06,3.410610015761305e-05
16223,Sez6l,81.015652134767,0.748006616933617,0.1132439077753974,6.605270266875437,3.9679278433216325e-11,3.9765785179083355e-10
16225,Tmem211,64.07924562203736,0.5236473804028856,0.1237115898729991,4.232807782524304,2.3079174853063225e-05,0.000106822211535
16231,Gm10390,29.429381024298294,0.6558733409524212,0.1872268682389783,3.503094118496163,0.0004598869354202,0.0016570348572445
16242,Gm15903,54.84386111358047,-0.8650710451804907,0.1266432841225883,-6.830769204809295,8.446052196004951e-12,8.973258705768531e-11
16250,Gm16120,80.66902019480953,-1.0403903349209689,0.1202339522729465,-8.653049452779769,5.014128431622173e-18,9.635511049898362e-17
16258,Mm2pr,21.49605417737969,0.9751150698400376,0.2160068462014455,4.514278537869379,6.35326723258167e-06,3.224255433432208e-05
16274,Fam71f1,37.50907561609465,0.5959617647469152,0.1676303146588289,3.555214735233609,0.0003776705111677,0.0013830499977102
16286,Hoxa4,15.002225737974612,0.8631722767293754,0.2506823336781313,3.443291212685386,0.0005746801363486,0.0020255271633854
16287,Hoxa13,1369.9260207741315,-0.587204710179386,0.033081671451267,-17.750152408242254,1.7188692753886933e-70,3.7531510628112105e-68
16289,Prr15,246.74841704069257,-0.6430619555405429,0.0634433766486647,-10.135998263485826,3.824470248166208e-24,1.1342248946513974e-22
16299,1700040L08Rik,13.3493457303684,-2.0502928252463977,0.2814101342223328,-7.285781767996062,3.198103081781117e-13,3.936889685169313e-12
16305,Ccdc142,20.641880134754867,0.698660006336191,0.2329509132154843,2.9991726441094317,0.0027071386027728,0.0080945390471134
16310,Emx1,176.25190388258596,-0.9248895315013868,0.0720650800667427,-12.834087336679625,1.0564052431188198e-37,6.784296612793949e-36
16317,Gm44170,12.590105558101593,-1.1626328643630484,0.2725912579756472,-4.265114270344339,1.997999171226507e-05,9.361869507238364e-05
16319,Cfap100,97.72615771269064,-0.7628930982301688,0.0991074917758025,-7.6976329898042275,1.3860980025715654e-14,1.9385396244131392e-13
16327,Gm16161,134.38042189535557,0.6065072215071454,0.0832655144815409,7.284014580148923,3.2402997145071543e-13,3.983219944617239e-12
16337,Gm15856,10.551330859177606,0.8801825065297246,0.2990947174382663,2.942821973147673,0.0032523538873453,0.0095595015487376
16339,Slc6a13,299.10758978737744,-1.482477542003118,0.060056379315542,-24.684763865201365,1.5589412661989078e-134,1.4332413704190804e-131
16343,Gm20531,23.43170695907981,-0.7917949000650212,0.1877598721397438,-4.217061350977662,2.475066532224625e-05,0.0001139848726203
16371,Gm44877,3053.1354817286874,-0.5901556543621038,0.0278060198661305,-21.22402476885769,5.730270282330859e-100,2.7053070619393364e-97
16373,Rasl2-9,11.980358125058732,0.9382962177293294,0.2825016378491493,3.3213832842638684,0.0008957243712163,0.0030293346207952
16390,Gm26550,13.879034578875798,1.4547952891823026,0.2815662751593079,5.166795236251896,2.381419084475929e-07,1.496891995956298e-06
16391,Gm4881,69.43672299598936,0.8235109267546213,0.1362637554017028,6.043506758836404,1.5080005561318032e-09,1.2615782430321044e-08
16393,Cyp2t4,31.46366452790587,0.8255789531476674,0.1765705990223582,4.675630924507021,2.930512416758616e-06,1.5688075665320106e-05
16396,Gm17077,45.58329140160975,0.7939771154785112,0.143238195852944,5.543054425885471,2.9724042122622666e-08,2.1089340690413189e-07
16401,Gm12784,68.39153963539935,0.7694239158414402,0.1168530340391486,6.584543757620056,4.562843361663646e-11,4.5415240935350744e-10
16405,Slc7a10,31.69030372955737,1.0259155797108257,0.1780317436670171,5.762543008226968,8.285591990759661e-09,6.364675501081343e-08
16407,E130304I02Rik,13.515381509447511,0.8957108974616836,0.2687112295774882,3.333358635104558,0.000858042624904,0.0029140214887669
16411,Klk9,39.1564953036666,0.8726944936647716,0.1587955225306342,5.495712220074811,3.8913665528932956e-08,2.7113837633003624e-07
16431,1700112J16Rik,32.80235579010985,1.2648082376656318,0.1837319598306248,6.883985991504189,5.820060048632397e-12,6.264005479329064e-11
16433,Gm29683,25.208197843510938,0.601354843969796,0.1957679491452062,3.071773733113766,0.002127909580303,0.0065348671850798
16434,Gm44946,89.1474923720989,0.8509169277182727,0.1064888126568807,7.99066969090946,1.3420769637165918e-15,2.0709717669789244e-14
16436,Gm28258,27.25904116006429,0.6651730780752717,0.1855453333763771,3.5849625855368386,0.0003371265315044,0.0012505683271012
16443,Gm15880,13.187666347463686,0.8480583892279102,0.2743647154080529,3.090989262109097,0.0019949084800953,0.0061845098597535
16445,Bnc1,32.641346574094065,0.547936220934481,0.1832315385263399,2.9904034280414784,0.0027860921115703,0.0083092806906113
16450,Gm39043,21.636384228034427,0.9303537160398488,0.2181218459583994,4.265293611247392,1.9963948752618747e-05,9.35801009264145e-05
16455,Lrrc32,159.43417323158425,0.8665915706061351,0.088960741416589,9.741280893197866,2.0100454149855881e-22,5.319920198328522e-21
16459,Gm10605,44.06449472215992,0.658339309709261,0.1482005718595411,4.442218416897945,8.903611104399996e-06,4.437326070518092e-05
16470,Mfsd13b,15.077933792134704,-0.7689301377126411,0.2359319596570953,-3.2591181747068427,0.0011175910472504,0.0036910721144583
16482,Gm44674,74.0833876765399,0.5274811908909101,0.1142211741568339,4.618068364160224,3.87328658209415e-06,2.0287427291160605e-05
16486,Gm44623,140.54980352121143,0.6053584173570801,0.0996315115541538,6.075973433646472,1.2323781283224004e-09,1.0404630809828753e-08
16502,Smim38,21.249401288989567,-1.6421804956741344,0.4797634681871787,-3.422896082269943,0.0006195775876202,0.0021675908873522
16513,Gm26714,60.11914387438469,1.100987088197049,0.140850635774897,7.816699457122869,5.422636510561143e-15,7.893551213873505e-14
16514,Adam5,91.69572110204648,0.6863800187845552,0.1014377862368782,6.766512206622056,1.3192391402025207e-11,1.3790825434504868e-10
16516,Gm45411,507.9554959620544,0.8095746671446511,0.0486056498265117,16.655978678081013,2.7382789901368637e-62,4.831541151485932e-60
16518,Gm45572,42.66148704569868,0.7676507688844577,0.1518114882920511,5.056605251163012,4.267853713692498e-07,2.593073692896715e-06
16520,Proscos,15.525994698739328,1.3793885437232534,0.2710208955543753,5.089602190641808,3.588154530950878e-07,2.1992239770754364e-06
16524,Gm35520,54.23181842115397,0.7313847292840652,0.1363394801176272,5.364438302486274,8.120150878335697e-08,5.449204592499729e-07
16528,Cyp4v3,58.48586814898567,0.5287575096789608,0.1353900006326086,3.905439893702237,9.405413488469932e-05,0.0003905247511685
16529,Gm45607,670.996595634816,0.8119885347257155,0.0439430028395685,18.47822138350908,3.0920755292923304e-76,7.942996374364472e-74
16534,1700061N14Rik,59.39468975800512,0.5523195797330406,0.1287678641178652,4.289265676003489,1.792648330856405e-05,8.474690404167708e-05
16539,Hand2,16.119609354670324,0.8590731264553257,0.2455209936747239,3.498980325867613,0.0004670410412395,0.0016810782832007
16553,Mylk3,23.958267627785222,1.4159099923970524,0.2173190913940613,6.515350231377531,7.252024939368066e-11,7.041599313000631e-10
16555,Nod2,47.59633472134969,0.6201930635212456,0.1457588516415455,4.254925560517193,2.091185746535001e-05,9.756632644357212e-05
16566,K230015D01Rik,14.141447401367056,1.1294223974955206,0.2927197480516124,3.858374452059111,0.0001141436764837,0.0004669465435171
16571,Plekhg4,10.74715464946304,1.6388062260262912,0.3399398000407522,4.820871889169289,1.4293213035357787e-06,8.04102561357906e-06
16579,Tmed6,27.47551705852801,1.0741814988349865,0.1945334354153994,5.521834827731385,3.3547778432247874e-08,2.3591489277556598e-07
16580,Hp,26.94451781676882,0.7646159837485584,0.2007346000336969,3.809089133712892,0.0001394796736578,0.0005604856083402
16588,Gm45721,16.146929692291838,0.905472814839028,0.2453598548035192,3.6903869851248414,0.0002239131529616,0.0008631153344123
16589,Osgin1,98.05310117751829,0.5968444470409133,0.1033583850309362,5.774514054783958,7.717548811507469e-09,5.962412323724567e-08
16599,Gm45353,74.77425663634531,1.4963886525110557,0.1310271563934035,11.420446674567309,3.305307595185612e-30,1.4013862396286959e-28
16602,Gm45709,40.18721779361447,0.9164666798323592,0.1659404500808677,5.5228648553486375,3.335162689361226e-08,2.3472450385883122e-07
16622,Gm3896,29.65968858174744,1.212611991974776,0.1901328068848824,6.377710463765271,1.7975493350306734e-10,1.671079924657573e-09
16624,Gm16095,59.39150912222412,0.5508533018991416,0.1253707459094244,4.393794564300605,1.1138908388167391e-05,5.464807326683473e-05
16627,Gm28119,29.96728384250324,1.1915717811972484,0.1858900464913563,6.410089209658975,1.4543451084457662e-10,1.3702535250448028e-09
16630,C030014I23Rik,90.45582061858856,1.1337882670068211,0.10742357261563,10.554371255772743,4.848748573673046e-26,1.5980743412249204e-24
16644,Cyp11a1,13.11808408446227,1.9326783942969772,0.3428442541868646,5.6371905630467,1.728468083513961e-08,1.261189660936586e-07
16646,Stra6,23.93666625010283,0.7696528196104905,0.2239576355066453,3.4366000420988243,0.000589064762533,0.0020698022079
16656,Gm15511,18.08955250339051,0.7517315823234219,0.2290385354268069,3.282118360225238,0.0010303034827004,0.0034359185253554
16657,Mlip,40.55206637918219,1.2763366729550645,0.167215168224346,7.632900092189325,2.2953076122993327e-14,3.1201893674431705e-13
16667,Rasgrf1,348.0472524524852,0.5380140639834682,0.0535718776144331,10.04284501386448,9.878316630890245e-24,2.842741926003143e-22
16683,Lsmem2,118.72750670250328,0.5654819952187033,0.089057411803912,6.349634283823452,2.1582739832841927e-10,1.990534843717438e-09
16685,Gnat1,36.434183875442905,-0.7500422961352187,0.1688948285589462,-4.440883729447318,8.959019424933567e-06,4.4598504221926347e-05
16689,Prss44,41.26754653062796,1.736805211622006,0.1879441531649554,9.241070724331822,2.4404274963722022e-20,5.631358983702725e-19
16692,Arpp21,196.15695727923463,1.1071969848062932,0.077149023649253,14.35140630994898,1.043985682181828e-46,1.054123809037698e-44
16694,Vipr1,15.940259943047538,0.877994453178254,0.2462625972439007,3.565277321869062,0.0003634716530906,0.0013360948729351
16695,Clec3b,122.77308096985628,0.7676367028001982,0.0904654293926173,8.485414903285065,2.149503833364743e-17,3.9071314215624693e-16
16697,Gm17021,20.82200566426545,1.167341378966128,0.2340455614933559,4.987667236745554,6.111271203286718e-07,3.643402231365611e-06
16701,Gm48748,42.3921743831395,0.6394167498980411,0.1470367694886248,4.348686060785009,1.369555978481583e-05,6.60641846362266e-05
16713,Gm48159,31.915364463844963,-0.9575709544062916,0.1741645424494643,-5.498082106374442,3.839441624232342e-08,2.678409196968472e-07
16732,Npffr1,11.035090306909158,1.2240611740148202,0.3135270172406628,3.904164893946708,9.455130153870644e-05,0.0003924957545813
16742,A330049N07Rik,16.922258870205912,0.7775612269829807,0.2364075106976475,3.289071589512398,0.0010051845290644,0.0033610811266161
16750,Gm47922,32.39865054499787,1.093846280861917,0.1859606357700325,5.882138853378721,4.049983447114519e-09,3.236281374848875e-08
16754,Gm49322,64.6797357734314,0.5590915318521513,0.1184553209964469,4.719851562167657,2.360168078481196e-06,1.2827447415964384e-05
16763,Gm48768,70.74652150599218,1.012413547174885,0.134478357519926,7.528449676557601,5.134629915509818e-14,6.733612264573987e-13
16775,Agap2,27.906378850147405,0.6707066451020632,0.1834339676740381,3.656392835016837,0.0002557892727546,0.0009726005695423
16778,Tespa1,92.00262230967049,0.703769663996966,0.1025798579123585,6.860700319922918,6.852377952761272e-12,7.334395715614822e-11
16779,Vmn2r87,1637.186728849128,0.8054813919804904,0.0362347360690448,22.22953660944724,1.779619247557683e-109,1.0027867424625032e-106
16781,Gm11946,154.558105994884,0.586800933968709,0.0847994795718447,6.91986480260829,4.520748784007311e-12,4.935527484939983e-11
16796,Gabra1,72.47555930005372,0.695312811028887,0.1214603422958058,5.724607702286185,1.0367302125439672e-08,7.814806341388908e-08
16798,Gm12153,21.6566474329402,1.0641433063072132,0.2198555712209919,4.84019258824044,1.2971336263742232e-06,7.344677531768211e-06
16807,Gm12239,17.65621323124304,-1.383119609681669,0.2681989053211976,-5.1570665735016,2.508486344107091e-07,1.571109338790343e-06
16809,Wnt3a,152.81367545770223,0.8442898151670142,0.0844939231696395,9.992314044548774,1.6469142834912897e-23,4.662609190279716e-22
16812,B430319H21Rik,178.8113082495911,-0.7125891338056068,0.077463167672855,-9.199070412599648,3.610596605409492e-20,8.190896299128964e-19
16834,Hnf1b,1559.890680351444,0.7004470610924428,0.0462874970096531,15.132532678238498,9.881790198920712e-52,1.190449042722393e-49
16838,Abcc3,125.91684629321612,-0.7978115147857527,0.0820317872628631,-9.725638577509486,2.344297938178042e-22,6.176500208762298e-21
16869,Cygb,18.345700734240385,0.7220679392802308,0.2253055295865636,3.2048389607002896,0.0013513806671986,0.0043706568218157
16872,6030468B19Rik,22.52917842341185,1.3578315387514273,0.2461343484652267,5.516627594718899,3.4556662193461254e-08,2.42716435542976e-07
16892,Tpo,12.873381360180645,0.7957759721808927,0.271699220101564,2.9288857431516484,0.0034017944244587,0.0099518581487933
16893,Gm34047,21.03324835288471,0.6327613612426864,0.2085446415479624,3.0341770306150964,0.0024119285139822,0.0073043632597506
16899,Gm33680,44.02991890179872,1.3596992574846871,0.1692553587631923,8.033419251363629,9.479305195209393e-16,1.4784330638385502e-14
16937,Ifi27l2b,42.61803354860889,0.7376941255046785,0.1602530128903928,4.603308931291259,4.1583069283851495e-06,2.1715188467871983e-05
16938,Gm28875,109.93336570263408,0.785496354952097,0.0927462573150693,8.469305152483715,2.4686118366833e-17,4.463945296395848e-16
16944,Dio3os,35.32711734480016,0.5967084466473286,0.1617737099710225,3.688537814668484,0.0002255465084158,0.000868764368028
16992,Gm26688,15.375578514062338,0.7598968439752095,0.2585784468608526,2.9387478082584693,0.0032954109863988,0.009677915116075
17012,Ctsr,13.005557510523364,1.152193381202424,0.3061977806289129,3.7629057233396126,0.0001679505274184,0.0006654025431947
17021,Gm20554,25.813486359511703,0.9214831856449194,0.1961051029922675,4.698925074281486,2.6153437338572e-06,1.4126414453623242e-05
17025,Nr2f1,16.547787881272566,0.8823738591617701,0.2480548837427534,3.557171888124728,0.0003748688818118,0.0013739424312819
17038,Gm30551,40.14226921966142,0.6766997784475455,0.1541996420331596,4.388465300730241,1.1415334306700568e-05,5.588650775488944e-05
17068,Gm21154,21.439380747633116,1.2835054143930031,0.2224437718627684,5.770021806611121,7.926127507885233e-09,6.101965416824119e-08
17069,Gm8257,38.44263162697536,0.5935127385457128,0.1662114270505398,3.5708299307558664,0.0003558519032235,0.001311396845044
17082,Adcy4,10.338103568865751,1.087814128605413,0.3152885011675344,3.450218211502051,0.0005601335943157,0.0019798489731906
17084,C1qtnf9,45.79746581831724,0.5432495346782655,0.1437784960743524,3.7783781963982577,0.0001578530272474,0.0006282471360122
17093,Gfra2,17.299479932572233,1.2197561771283345,0.2628918550509703,4.63976404629137,3.4880720401787188e-06,1.84411750598795e-05
17100,BC037032,10.58939481358786,1.06291641795407,0.3132337225252364,3.393365214272015,0.0006903952496552,0.0023885889550266
17104,9230109A22Rik,16.40308480018219,1.0178150943335151,0.2536528532337372,4.012630180807049,6.004594539014743e-05,0.0002583454615948
17106,Gm49216,208.7747034007052,0.7101578825487509,0.0716559733485968,9.910658516826317,3.741717591368822e-23,1.0407694727074933e-21
17114,Gm34678,26.407481505665576,0.6305750464576333,0.1870954365235352,3.370339000108705,0.0007507576232365,0.0025790037684749
17115,Gm15943,67.11769489813912,0.6997021459712884,0.1222067957593281,5.725558399790376,1.0309407279646964e-08,7.779037855761262e-08
17118,Gm20717,12.863954718148015,1.8432664447783609,0.320897246919494,5.744101772368259,9.241019863312531e-09,7.039779109129668e-08
17124,Cyth4,29.61925869532013,0.7742456213712984,0.1935821558421613,3.999571231155135,6.345734659647658e-05,0.0002719511605366
17128,Pheta2,12.955677193895776,0.910633491514509,0.2788908940421554,3.265196214605929,0.0010938827224209,0.0036196142063363
17130,Nfam1,24.427760185853653,1.1907145494998683,0.2063757220584481,5.769644498991231,7.943893621508733e-09,6.112948624692271e-08
17137,Gm26513,31.733072539652262,0.968573012090162,0.1855847386608103,5.219033736714764,1.7985900243645647e-07,1.1537925282996772e-06
17143,Gm49492,21.836330961769583,0.7773901984655647,0.2095587569629236,3.7096526517529647,0.000207543790858,0.0008068940437811
17144,1110013H19Rik,639.3741177597512,-0.5414442968722855,0.0428068146246891,-12.648553778631404,1.1395312635361728e-36,6.935655787961625e-35
17147,Gm36026,26.943424881745305,1.2112079274191734,0.2018507688994411,6.000511833683317,1.9669651479103912e-09,1.6276147420037293e-08
17155,Nfe2,88.4708922362906,0.6675346634097746,0.1176040355054237,5.676120386013357,1.3778382963467612e-08,1.0194019212446092e-07
17157,Gm15835,132.36190336752682,-0.6441388485403088,0.0812715717463812,-7.925758474936716,2.2675795196077533e-15,3.423515907390513e-14
17158,Gm41414,68.809597153616,1.4463782675683514,0.129385859827379,11.178797045504403,5.178718780890945e-29,2.0058062009889806e-27
17166,Klhl6,69.0933702984514,0.948274852785755,0.1243314685802,7.626989881279089,2.4029844491338912e-14,3.258954375580032e-13
17168,Gm30505,15.119574537124,1.1369307618276931,0.2628163577254671,4.325951290350463,1.5187498373432707e-05,7.268362235263631e-05
17175,AU015336,146.65962760362564,0.5558812741347857,0.0833681443552388,6.667789938638045,2.5968409807299948e-11,2.654278423135843e-10
17186,Nr1i2,287.7152357530579,-0.5970764402633445,0.0558401960887414,-10.692592112579046,1.1024597627901944e-26,3.746647302805275e-25
17211,Gm5091,11.7308589350565,1.0008470650536785,0.2952146458021585,3.390235136655135,0.0006983269846564,0.0024145636912072
17215,Cldn9,79.04021459215114,0.75557725730701,0.1101228202711713,6.861223272764382,6.827335614708916e-12,7.312072257371879e-11
17219,Gm15420,42.65391342359752,0.5148088153599197,0.1480268527587201,3.4778069368200684,0.0005055338962561,0.0018058621880987
17220,Gm49874,28.048666403579965,0.7928828456881956,0.1901339423274854,4.170127837156711,3.044288224855473e-05,0.0001376588835407
17221,Pnpla1,142.24066833468302,0.675824860038235,0.0816206878033749,8.280068181565728,1.2310477662105712e-16,2.083715346915335e-15
17230,Hspa1l,15.549242438188074,1.1656561554095302,0.2819740743254855,4.133912517304699,3.566392741049396e-05,0.0001593700393979
17232,Mpig6b,114.2508343211798,0.7554468556337541,0.0934866147622864,8.080802343251712,6.434202498788411e-16,1.0169573116112464e-14
17233,Gm20522,39.9530808921058,1.2977197509560616,0.1670885131188982,7.766660476729596,8.058246670812401e-15,1.1528374516441526e-13
17234,Gm16181,87.6017618118115,0.7916989178614416,0.1075711812514283,7.359767817469508,1.842303847227213e-13,2.3202136700335228e-12
17249,Acer1,29.98740448958201,1.7658829101699756,0.2080267063294443,8.48873176587919,2.089042730562861e-17,3.8099942364275637e-16
17250,Gm17168,119.35719760141755,0.7419331427091691,0.0902460580812335,8.221224931966884,2.0143506120490847e-16,3.3383943540107607e-15
17254,Gm9984,138.87644525724073,0.6159966853065156,0.0854337627068621,7.210225393210244,5.58593381393542e-13,6.683225469987938e-12
17257,Gm49876,21.128565220618075,1.6455065764328916,0.2362481265081144,6.9651624364368185,3.2802504747399698e-12,3.6334442164082303e-11
17267,Gtf2a1l,24.271187710814065,0.575736877289163,0.196446905066527,2.9307505612989364,0.0033814417696085,0.0099039277048158
17292,Gm50410,57.25285788649733,0.770688169314897,0.1350151132928212,5.708162223612892,1.1420254712046604e-08,8.536115075311513e-08
17302,Gm10532,275.4920299373648,1.0328043117775283,0.0678629213702828,15.218978065241288,2.646324704046307e-52,3.2553521077662597e-50
17305,Dipk1c,16.118671883525092,1.2322262963714663,0.2614658435049929,4.712762018370235,2.443815434375693e-06,1.3253203355378643e-05
17314,Gm46658,36.19144219887802,0.5234835143101966,0.1628538881855423,3.214436696247512,0.0013070073057043,0.0042448656118064
17320,Scgb2a2,17.74987067027335,1.6873156713330693,0.2621945264596643,6.435358106503584,1.231825579507555e-10,1.1719787158408482e-09
17322,A430093F15Rik,21.18563296543826,1.619863640584431,0.2387829232701015,6.783833694640329,1.170280377590765e-11,1.2307319467643275e-10
17332,Gm20407,24.66438612979627,1.0766031207164597,0.2092242140901717,5.145690834104239,2.665380855351464e-07,1.6622232338907306e-06
17334,Gm36860,76.24932036267167,1.7117305277991142,0.1464009620435143,11.69207158140355,1.3993121105346263e-31,6.332431074305402e-30
17343,A930028N01Rik,14.363777718806151,1.1677575123701,0.2745384124567008,4.253530505696628,2.1042625656877207e-05,9.812932186503949e-05
17352,Gm50217,20.13168964210939,1.1624104988993265,0.2384797602310363,4.874252212318552,1.0922137925452465e-06,6.260285263823323e-06
17360,Tlx1,210.49460299666453,0.8229490480461026,0.0699717019767026,11.761169512785417,6.18712773687787e-32,2.8516292165641864e-30
17368,Gm50287,63.04695767620905,0.5094976550309113,0.1245014535662815,4.0923028642365775,4.271103040325443e-05,0.0001879285337743
17370,Gm17203,116.19568507752176,0.8439384850848712,0.1005518062213969,8.393071360912906,4.7360393885714266e-17,8.339630649149768e-16
17380,Gm14643,169.9367817408977,0.96973299746073,0.0825307604575436,11.74995834382975,7.065366839633918e-32,3.2223975967291195e-30
17381,Xpnpep2,41.995533521391984,1.133219673395145,0.1598867352138383,7.087640334137386,1.3641794504431206e-12,1.5770672826168387e-11
17388,Gpr50,34.5184582009618,0.7624548759190336,0.1838165346070367,4.147912360272762,3.355207815694403e-05,0.0001505491141139
17401,Arl13a,31.28172838004389,0.5432298759521728,0.1837442016627961,2.9564463587759797,0.0031120635836439,0.0091906060816628
17410,S100g,11.146892638630655,0.9307023437957304,0.3160045150277039,2.945218500166481,0.0032272666612004,0.009495350183232
17415,Spry3,60.8413248328532,-0.5678400055636026,0.1369850839468259,-4.145268880398858,3.3941519484012934e-05,0.0001521402264169
17422,Gimap6,10.023640353272866,1.7484056070108245,0.3810634827756609,4.588226597509326,4.470272659616538e-06,2.3191779868779827e-05
17431,Pmch,82.70985702168853,0.6827447807061016,0.11096252601511,6.152931131120163,7.606384153265036e-10,6.593961210383806e-09
17434,Ccr7,77.70013011979101,0.7953604107195699,0.109981965722009,7.23173481668737,4.768626779148805e-13,5.736802519157804e-12
17444,Cd226,18.355173164718373,1.0675695560483447,0.2498632907047143,4.272614648744006,1.9319416386234217e-05,9.069378270216052e-05
17453,Ccm2l,19.21589360335782,1.1698087156655137,0.2397573766901147,4.879135448572603,1.0655187293282366e-06,6.118501368805272e-06
17461,Oit3,182.13450332611524,0.7291603708264554,0.0840535585926517,8.67494943741979,4.137342664890011e-18,8.039054690800747e-17
